Log file opened on Sun Aug 20 21:43:17 2023
Host: halc056.amarel.rutgers.edu  pid: 184835  rank ID: 0  number of ranks:  32
                      :-) GROMACS - gmx mdrun, 2016.1 (-:

                            GROMACS is written by:
     Emile Apol      Rossen Apostolov  Herman J.C. Berendsen    Par Bjelkmar   
 Aldert van Buuren   Rudi van Drunen     Anton Feenstra    Gerrit Groenhof  
 Christoph Junghans   Anca Hamuraru    Vincent Hindriksen Dimitrios Karkoulis
    Peter Kasson        Jiri Kraus      Carsten Kutzner      Per Larsson    
  Justin A. Lemkul   Magnus Lundborg   Pieter Meulenhoff    Erik Marklund   
   Teemu Murtola       Szilard Pall       Sander Pronk      Roland Schulz   
  Alexey Shvetsov     Michael Shirts     Alfons Sijbers     Peter Tieleman  
  Teemu Virolainen  Christian Wennberg    Maarten Wolf   
                           and the project leaders:
        Mark Abraham, Berk Hess, Erik Lindahl, and David van der Spoel

Copyright (c) 1991-2000, University of Groningen, The Netherlands.
Copyright (c) 2001-2015, The GROMACS development team at
Uppsala University, Stockholm University and
the Royal Institute of Technology, Sweden.
check out http://www.gromacs.org for more information.

GROMACS is free software; you can redistribute it and/or modify it
under the terms of the GNU Lesser General Public License
as published by the Free Software Foundation; either version 2.1
of the License, or (at your option) any later version.

GROMACS:      gmx mdrun, version 2016.1
Executable:   /opt/sw/packages/intel-17.0.1/mvapich2-2.2/gromacs/2016.1/bin/gmx_mpi
Data prefix:  /opt/sw/packages/intel-17.0.1/mvapich2-2.2/gromacs/2016.1
Working dir:  /scratch/jje63/heat_lig_multinano/PolarNP_3/Octanethiol
Command line:
  gmx_mpi mdrun -ntomp 1 -deffnm md -v -rdd 1.4

GROMACS version:    2016.1
Precision:          single
Memory model:       64 bit
MPI library:        MPI
OpenMP support:     enabled (GMX_OPENMP_MAX_THREADS = 32)
GPU support:        disabled
SIMD instructions:  AVX_256
FFT library:        Intel MKL
RDTSCP usage:       enabled
TNG support:        enabled
Hwloc support:      disabled
Tracing support:    disabled
Built on:           Wed Nov 23 15:27:26 EST 2016
Built by:           novosirj@perceval2.hpc.rutgers.edu [CMAKE]
Build OS/arch:      Linux 3.10.0-229.20.1.el7.x86_64 x86_64
Build CPU vendor:   Intel
Build CPU brand:    Intel(R) Xeon(R) CPU E5-2650 v3 @ 2.30GHz
Build CPU family:   6   Model: 63   Stepping: 2
Build CPU features: aes apic avx avx2 clfsh cmov cx8 cx16 f16c fma htt lahf mmx msr nonstop_tsc pcid pclmuldq pdcm pdpe1gb popcnt pse rdrnd rdtscp sse2 sse3 sse4.1 sse4.2 ssse3 tdt x2apic
C compiler:         /opt/sw/packages/intel/17.0.1/compilers_and_libraries/linux/bin/intel64/icc Intel 17.0.0.20161005
C compiler flags:    -mavx   -mkl=sequential  -std=gnu99  -O3 -DNDEBUG -ip -funroll-all-loops -alias-const -ansi-alias  
C++ compiler:       /opt/sw/packages/intel/17.0.1/compilers_and_libraries/linux/bin/intel64/icpc Intel 17.0.0.20161005
C++ compiler flags:  -mavx    -std=c++0x   -O3 -DNDEBUG -ip -funroll-all-loops -alias-const -ansi-alias  


Running on 1 node with total 40 cores, 40 logical cores
Hardware detected on host halc056.amarel.rutgers.edu (the node of MPI rank 0):
  CPU info:
    Vendor: Intel
    Brand:  Intel(R) Xeon(R) Gold 6248 CPU @ 2.50GHz
    Family: 6   Model: 85   Stepping: 7
    Features: aes apic avx avx2 avx512f avx512cd avx512bw avx512vl clfsh cmov cx8 cx16 f16c fma hle htt lahf mmx msr nonstop_tsc pcid pclmuldq pdcm pdpe1gb popcnt pse rdrnd rdtscp rtm sse2 sse3 sse4.1 sse4.2 ssse3 tdt x2apic
    SIMD instructions most likely to fit this hardware: AVX_512
    SIMD instructions selected at GROMACS compile time: AVX_256

  Hardware topology: Basic
    Sockets, cores, and logical processors:
      Socket  0: [   0] [   4] [   8] [   6] [   2] [  12] [  16] [  19] [  15] [  11] [  20] [  24] [  28] [  27] [  23] [  32] [  36] [  39] [  35] [  31]
      Socket  1: [   1] [   5] [   9] [   7] [   3] [  13] [  17] [  -1] [  -1] [  -1] [  21] [  25] [  29] [  -1] [  -1] [  33] [  37] [  -1] [  -1] [  -1]


Binary not matching hardware - you might be losing performance.
SIMD instructions most likely to fit this hardware: AVX_512
SIMD instructions selected at GROMACS compile time: AVX_256


++++ PLEASE READ AND CITE THE FOLLOWING REFERENCE ++++
M. J. Abraham, T. Murtola, R. Schulz, S. Páll, J. C. Smith, B. Hess, E.
Lindahl
GROMACS: High performance molecular simulations through multi-level
parallelism from laptops to supercomputers
SoftwareX 1 (2015) pp. 19-25
-------- -------- --- Thank You --- -------- --------


++++ PLEASE READ AND CITE THE FOLLOWING REFERENCE ++++
S. Páll, M. J. Abraham, C. Kutzner, B. Hess, E. Lindahl
Tackling Exascale Software Challenges in Molecular Dynamics Simulations with
GROMACS
In S. Markidis & E. Laure (Eds.), Solving Software Challenges for Exascale 8759 (2015) pp. 3-27
-------- -------- --- Thank You --- -------- --------


++++ PLEASE READ AND CITE THE FOLLOWING REFERENCE ++++
S. Pronk, S. Páll, R. Schulz, P. Larsson, P. Bjelkmar, R. Apostolov, M. R.
Shirts, J. C. Smith, P. M. Kasson, D. van der Spoel, B. Hess, and E. Lindahl
GROMACS 4.5: a high-throughput and highly parallel open source molecular
simulation toolkit
Bioinformatics 29 (2013) pp. 845-54
-------- -------- --- Thank You --- -------- --------


++++ PLEASE READ AND CITE THE FOLLOWING REFERENCE ++++
B. Hess and C. Kutzner and D. van der Spoel and E. Lindahl
GROMACS 4: Algorithms for highly efficient, load-balanced, and scalable
molecular simulation
J. Chem. Theory Comput. 4 (2008) pp. 435-447
-------- -------- --- Thank You --- -------- --------


++++ PLEASE READ AND CITE THE FOLLOWING REFERENCE ++++
D. van der Spoel, E. Lindahl, B. Hess, G. Groenhof, A. E. Mark and H. J. C.
Berendsen
GROMACS: Fast, Flexible and Free
J. Comp. Chem. 26 (2005) pp. 1701-1719
-------- -------- --- Thank You --- -------- --------


++++ PLEASE READ AND CITE THE FOLLOWING REFERENCE ++++
E. Lindahl and B. Hess and D. van der Spoel
GROMACS 3.0: A package for molecular simulation and trajectory analysis
J. Mol. Mod. 7 (2001) pp. 306-317
-------- -------- --- Thank You --- -------- --------


++++ PLEASE READ AND CITE THE FOLLOWING REFERENCE ++++
H. J. C. Berendsen, D. van der Spoel and R. van Drunen
GROMACS: A message-passing parallel molecular dynamics implementation
Comp. Phys. Comm. 91 (1995) pp. 43-56
-------- -------- --- Thank You --- -------- --------

Input Parameters:
   integrator                     = md
   tinit                          = 0
   dt                             = 0.025
   nsteps                         = 200000000
   init-step                      = 0
   simulation-part                = 1
   comm-mode                      = Linear
   nstcomm                        = 100
   bd-fric                        = 0
   ld-seed                        = 625189367
   emtol                          = 10
   emstep                         = 0.01
   niter                          = 20
   fcstep                         = 0
   nstcgsteep                     = 1000
   nbfgscorr                      = 10
   rtpi                           = 0.05
   nstxout                        = 0
   nstvout                        = 0
   nstfout                        = 0
   nstlog                         = 400000
   nstcalcenergy                  = 100
   nstenergy                      = 4000
   nstxout-compressed             = 8000
   compressed-x-precision         = 100
   cutoff-scheme                  = Group
   nstlist                        = 10
   ns-type                        = Grid
   pbc                            = xyz
   periodic-molecules             = false
   verlet-buffer-tolerance        = 0.005
   rlist                          = 1.2
   coulombtype                    = Shift
   coulomb-modifier               = None
   rcoulomb-switch                = 0
   rcoulomb                       = 1.2
   epsilon-r                      = 15
   epsilon-rf                     = inf
   vdw-type                       = Shift
   vdw-modifier                   = None
   rvdw-switch                    = 0.9
   rvdw                           = 1.2
   DispCorr                       = No
   table-extension                = 1
   fourierspacing                 = 0.12
   fourier-nx                     = 0
   fourier-ny                     = 0
   fourier-nz                     = 0
   pme-order                      = 4
   ewald-rtol                     = 1e-05
   ewald-rtol-lj                  = 0.001
   lj-pme-comb-rule               = Geometric
   ewald-geometry                 = 0
   epsilon-surface                = 0
   implicit-solvent               = No
   gb-algorithm                   = Still
   nstgbradii                     = 1
   rgbradii                       = 1
   gb-epsilon-solvent             = 80
   gb-saltconc                    = 0
   gb-obc-alpha                   = 1
   gb-obc-beta                    = 0.8
   gb-obc-gamma                   = 4.85
   gb-dielectric-offset           = 0.009
   sa-algorithm                   = Ace-approximation
   sa-surface-tension             = 2.05016
   tcoupl                         = V-rescale
   nsttcouple                     = 1
   nh-chain-length                = 0
   print-nose-hoover-chain-variables = false
   pcoupl                         = Berendsen
   pcoupltype                     = Semiisotropic
   nstpcouple                     = 10
   tau-p                          = 3
   compressibility (3x3):
      compressibility[    0]={ 3.00000e-05,  0.00000e+00,  0.00000e+00}
      compressibility[    1]={ 0.00000e+00,  3.00000e-05,  0.00000e+00}
      compressibility[    2]={ 0.00000e+00,  0.00000e+00,  3.00000e-05}
   ref-p (3x3):
      ref-p[    0]={ 1.00000e+00,  0.00000e+00,  0.00000e+00}
      ref-p[    1]={ 0.00000e+00,  1.00000e+00,  0.00000e+00}
      ref-p[    2]={ 0.00000e+00,  0.00000e+00,  1.00000e+00}
   refcoord-scaling               = All
   posres-com (3):
      posres-com[0]= 0.00000e+00
      posres-com[1]= 0.00000e+00
      posres-com[2]= 0.00000e+00
   posres-comB (3):
      posres-comB[0]= 0.00000e+00
      posres-comB[1]= 0.00000e+00
      posres-comB[2]= 0.00000e+00
   QMMM                           = false
   QMconstraints                  = 0
   QMMMscheme                     = 0
   MMChargeScaleFactor            = 1
qm-opts:
   ngQM                           = 0
   constraint-algorithm           = Lincs
   continuation                   = false
   Shake-SOR                      = false
   shake-tol                      = 0.0001
   lincs-order                    = 4
   lincs-iter                     = 1
   lincs-warnangle                = 30
   nwall                          = 0
   wall-type                      = 9-3
   wall-r-linpot                  = -1
   wall-atomtype[0]               = -1
   wall-atomtype[1]               = -1
   wall-density[0]                = 0
   wall-density[1]                = 0
   wall-ewald-zfac                = 3
   pull                           = false
   rotation                       = false
   interactiveMD                  = false
   disre                          = No
   disre-weighting                = Conservative
   disre-mixed                    = false
   dr-fc                          = 1000
   dr-tau                         = 0
   nstdisreout                    = 100
   orire-fc                       = 0
   orire-tau                      = 0
   nstorireout                    = 100
   free-energy                    = no
   cos-acceleration               = 0
   deform (3x3):
      deform[    0]={ 0.00000e+00,  0.00000e+00,  0.00000e+00}
      deform[    1]={ 0.00000e+00,  0.00000e+00,  0.00000e+00}
      deform[    2]={ 0.00000e+00,  0.00000e+00,  0.00000e+00}
   simulated-tempering            = false
   E-x:
      n = 0
   E-xt:
      n = 0
   E-y:
      n = 0
   E-yt:
      n = 0
   E-z:
      n = 0
   E-zt:
      n = 0
   swapcoords                     = no
   userint1                       = 0
   userint2                       = 0
   userint3                       = 0
   userint4                       = 0
   userreal1                      = 0
   userreal2                      = 0
   userreal3                      = 0
   userreal4                      = 0
grpopts:
   nrdf:     9749.96      228527      497848       10962
   ref-t:         313         313         313         313
   tau-t:           1           1           1           1
annealing:          No          No          No          No
annealing-npoints:           0           0           0           0
   acc:	           0           0           0
   nfreeze:           N           N           N
   energygrp-flags[  0]: 0


Initializing Domain Decomposition on 32 ranks
Dynamic load balancing: auto
Minimum cell size due to bonded interactions: 1.400 nm
Scaling the initial minimum size with 1/0.8 (option -dds) = 1.25
Optimizing the DD grid for 32 cells with a minimum initial size of 1.750 nm
The maximum allowed number of cells is: X 25 Y 25 Z 8
Domain decomposition grid 4 x 4 x 2, separate PME ranks 0
Domain decomposition rank 0, coordinates 0 0 0

The initial number of communication pulses is: X 1 Y 1 Z 1
The initial domain decomposition cell size is: X 11.25 nm Y 11.25 nm Z 7.50 nm

The maximum allowed distance for charge groups involved in interactions is:
                 non-bonded interactions           1.200 nm
(the following are initial values, they could change due to box deformation)
            two-body bonded interactions  (-rdd)   1.400 nm
          multi-body bonded interactions  (-rdd)   1.400 nm

When dynamic load balancing gets turned on, these settings will change to:
The maximum number of communication pulses is: X 1 Y 1 Z 1
The minimum size for domain decomposition cells is 1.400 nm
The requested allowed shrink of DD cells (option -dds) is: 0.80
The allowed shrink of domain decomposition cells is: X 0.12 Y 0.12 Z 0.19
The maximum allowed distance for charge groups involved in interactions is:
                 non-bonded interactions           1.200 nm
            two-body bonded interactions  (-rdd)   1.400 nm
          multi-body bonded interactions  (-rdd)   1.400 nm

Using 32 MPI processes


NOTE: This file uses the deprecated 'group' cutoff_scheme. This will be
removed in a future release when 'verlet' supports all interaction forms.

Table routines are used for coulomb: true
Table routines are used for vdw:     true
Using shifted Lennard-Jones, switch between 0.9 and 1.2 nm
Cut-off's:   NS: 1.2   Coulomb: 1.2   LJ: 1.2
System total charge: 0.000
Generated table with 1100 data points for Shift.
Tabscale = 500 points/nm
Generated table with 1100 data points for LJ6Shift.
Tabscale = 500 points/nm
Generated table with 1100 data points for LJ12Shift.
Tabscale = 500 points/nm
Potential shift: LJ r^-12: 0.000e+00 r^-6: 0.000e+00
Removing pbc first time

Non-default thread affinity set probably by the OpenMP library,
disabling internal thread affinity

Linking all bonded interactions to atoms

Intra-simulation communication will occur every 1 steps.
Center of mass motion removal mode is Linear
We have the following groups for center of mass motion removal:
  0:  rest

++++ PLEASE READ AND CITE THE FOLLOWING REFERENCE ++++
G. Bussi, D. Donadio and M. Parrinello
Canonical sampling through velocity rescaling
J. Chem. Phys. 126 (2007) pp. 014101
-------- -------- --- Thank You --- -------- --------

There are: 249030 Atoms
Atom distribution over 32 domains: av 7782 stddev 122 min 7625 max 7944
Grid: 13 x 13 x 9 cells
Initial temperature: 313.088 K

Started mdrun on rank 0 Sun Aug 20 21:43:18 2023
           Step           Time
              0        0.00000


   Energies (kJ/mol)
           Bond       G96Angle        LJ (SR)   Coulomb (SR)      Potential
    3.06148e+05    6.38570e+04   -6.36985e+06   -8.57892e+04   -6.08563e+06
    Kinetic En.   Total Energy    Temperature Pressure (bar)
    9.78772e+05   -5.10686e+06    3.15142e+02   -1.51158e+03

DD  step 9 load imb.: force 17.1%


step 20 Turning on dynamic load balancing, because the performance loss due to load imbalance is 6.1 %.


step 43200 Turning off dynamic load balancing, because it is degrading performance.

Atom distribution over 32 domains: av 7782 stddev 81 min 7646 max 7937

step 199000 Turning on dynamic load balancing, because the performance loss due to load imbalance is 2.0 %.


step 199200 Turning off dynamic load balancing, because it is degrading performance.

Atom distribution over 32 domains: av 7782 stddev 139 min 7518 max 8158

step 201000 Turning on dynamic load balancing, because the performance loss due to load imbalance is 2.0 %.


step 201200 Turning off dynamic load balancing, because it is degrading performance.

Atom distribution over 32 domains: av 7782 stddev 139 min 7521 max 8155

step 202000 Will no longer try dynamic load balancing, as it degraded performance.

Writing checkpoint, step 203420 at Sun Aug 20 21:58:18 2023


DD  step 399999 load imb.: force 14.8%

           Step           Time
         400000    10000.00000

   Energies (kJ/mol)
           Bond       G96Angle        LJ (SR)   Coulomb (SR)      Potential
    2.07721e+05    5.45503e+04   -5.92740e+06   -2.94491e+04   -5.69457e+06
    Kinetic En.   Total Energy    Temperature Pressure (bar)
    9.74034e+05   -4.72054e+06    3.13617e+02    7.19098e+00

Writing checkpoint, step 407720 at Sun Aug 20 22:13:18 2023


Writing checkpoint, step 613660 at Sun Aug 20 22:28:18 2023


DD  step 799999 load imb.: force 13.7%

           Step           Time
         800000    20000.00000

   Energies (kJ/mol)
           Bond       G96Angle        LJ (SR)   Coulomb (SR)      Potential
    2.07368e+05    5.44550e+04   -5.93186e+06   -2.98768e+04   -5.69991e+06
    Kinetic En.   Total Energy    Temperature Pressure (bar)
    9.70649e+05   -4.72926e+06    3.12526e+02    5.49567e+00

Writing checkpoint, step 821910 at Sun Aug 20 22:43:18 2023


Writing checkpoint, step 1031150 at Sun Aug 20 22:58:18 2023


DD  step 1199999 load imb.: force 11.9%

           Step           Time
        1200000    30000.00000

   Energies (kJ/mol)
           Bond       G96Angle        LJ (SR)   Coulomb (SR)      Potential
    2.07815e+05    5.51638e+04   -5.93052e+06   -3.00699e+04   -5.69762e+06
    Kinetic En.   Total Energy    Temperature Pressure (bar)
    9.70901e+05   -4.72672e+06    3.12608e+02    2.63880e+00

Writing checkpoint, step 1244510 at Sun Aug 20 23:13:18 2023


Writing checkpoint, step 1451260 at Sun Aug 20 23:28:18 2023


DD  step 1599999 load imb.: force 13.2%

           Step           Time
        1600000    40000.00000

   Energies (kJ/mol)
           Bond       G96Angle        LJ (SR)   Coulomb (SR)      Potential
    2.07508e+05    5.49298e+04   -5.93395e+06   -3.00037e+04   -5.70152e+06
    Kinetic En.   Total Energy    Temperature Pressure (bar)
    9.70374e+05   -4.73114e+06    3.12438e+02    6.00276e+00

Writing checkpoint, step 1646680 at Sun Aug 20 23:43:18 2023


Writing checkpoint, step 1847240 at Sun Aug 20 23:58:18 2023


DD  step 1999999 load imb.: force 12.6%

           Step           Time
        2000000    50000.00000

   Energies (kJ/mol)
           Bond       G96Angle        LJ (SR)   Coulomb (SR)      Potential
    2.07559e+05    5.42682e+04   -5.93387e+06   -2.97880e+04   -5.70183e+06
    Kinetic En.   Total Energy    Temperature Pressure (bar)
    9.70254e+05   -4.73158e+06    3.12399e+02    4.91726e-01

Writing checkpoint, step 2047990 at Mon Aug 21 00:13:18 2023


Writing checkpoint, step 2248790 at Mon Aug 21 00:28:18 2023


DD  step 2399999 load imb.: force 13.5%

           Step           Time
        2400000    60000.00000

   Energies (kJ/mol)
           Bond       G96Angle        LJ (SR)   Coulomb (SR)      Potential
    2.08648e+05    5.50725e+04   -5.93807e+06   -2.93570e+04   -5.70370e+06
    Kinetic En.   Total Energy    Temperature Pressure (bar)
    9.69952e+05   -4.73375e+06    3.12302e+02   -5.26515e+00

Writing checkpoint, step 2448190 at Mon Aug 21 00:43:18 2023


Writing checkpoint, step 2649020 at Mon Aug 21 00:58:18 2023


DD  step 2799999 load imb.: force 16.0%

           Step           Time
        2800000    70000.00000

   Energies (kJ/mol)
           Bond       G96Angle        LJ (SR)   Coulomb (SR)      Potential
    2.07227e+05    5.39900e+04   -5.93798e+06   -2.98971e+04   -5.70666e+06
    Kinetic En.   Total Energy    Temperature Pressure (bar)
    9.68027e+05   -4.73863e+06    3.11682e+02   -5.04182e+00

Writing checkpoint, step 2852540 at Mon Aug 21 01:13:18 2023


Writing checkpoint, step 3046350 at Mon Aug 21 01:28:18 2023


DD  step 3199999 load imb.: force 12.2%

           Step           Time
        3200000    80000.00000

   Energies (kJ/mol)
           Bond       G96Angle        LJ (SR)   Coulomb (SR)      Potential
    2.08516e+05    5.48307e+04   -5.93571e+06   -2.96351e+04   -5.70200e+06
    Kinetic En.   Total Energy    Temperature Pressure (bar)
    9.70827e+05   -4.73117e+06    3.12584e+02   -1.82834e-01

Writing checkpoint, step 3259710 at Mon Aug 21 01:43:18 2023


Writing checkpoint, step 3447060 at Mon Aug 21 01:58:18 2023


DD  step 3599999 load imb.: force 14.3%

           Step           Time
        3600000    90000.00000

   Energies (kJ/mol)
           Bond       G96Angle        LJ (SR)   Coulomb (SR)      Potential
    2.08460e+05    5.48561e+04   -5.93047e+06   -2.95505e+04   -5.69671e+06
    Kinetic En.   Total Energy    Temperature Pressure (bar)
    9.70228e+05   -4.72648e+06    3.12391e+02    1.27706e+01

Writing checkpoint, step 3646160 at Mon Aug 21 02:13:18 2023


Writing checkpoint, step 3836310 at Mon Aug 21 02:28:18 2023


DD  step 3999999 load imb.: force 17.1%

           Step           Time
        4000000   100000.00000

   Energies (kJ/mol)
           Bond       G96Angle        LJ (SR)   Coulomb (SR)      Potential
    2.08293e+05    5.40412e+04   -5.93587e+06   -2.97662e+04   -5.70331e+06
    Kinetic En.   Total Energy    Temperature Pressure (bar)
    9.71106e+05   -4.73220e+06    3.12674e+02   -4.59900e+00

Writing checkpoint, step 4028970 at Mon Aug 21 02:43:18 2023


Writing checkpoint, step 4231610 at Mon Aug 21 02:58:18 2023


DD  step 4399999 load imb.: force 12.4%

           Step           Time
        4400000   110000.00000

   Energies (kJ/mol)
           Bond       G96Angle        LJ (SR)   Coulomb (SR)      Potential
    2.07844e+05    5.37189e+04   -5.94089e+06   -2.95050e+04   -5.70883e+06
    Kinetic En.   Total Energy    Temperature Pressure (bar)
    9.70487e+05   -4.73835e+06    3.12474e+02   -3.25877e+00

Writing checkpoint, step 4441050 at Mon Aug 21 03:13:18 2023


Writing checkpoint, step 4651520 at Mon Aug 21 03:28:18 2023


DD  step 4799999 load imb.: force 13.1%

           Step           Time
        4800000   120000.00000

   Energies (kJ/mol)
           Bond       G96Angle        LJ (SR)   Coulomb (SR)      Potential
    2.06477e+05    5.48389e+04   -5.93636e+06   -2.99762e+04   -5.70502e+06
    Kinetic En.   Total Energy    Temperature Pressure (bar)
    9.70828e+05   -4.73419e+06    3.12584e+02   -5.32351e-01

Writing checkpoint, step 4862110 at Mon Aug 21 03:43:18 2023


Writing checkpoint, step 5067470 at Mon Aug 21 03:58:18 2023


DD  step 5199999 load imb.: force 14.0%

           Step           Time
        5200000   130000.00000

   Energies (kJ/mol)
           Bond       G96Angle        LJ (SR)   Coulomb (SR)      Potential
    2.07057e+05    5.43510e+04   -5.93692e+06   -2.96298e+04   -5.70514e+06
    Kinetic En.   Total Energy    Temperature Pressure (bar)
    9.69805e+05   -4.73534e+06    3.12255e+02   -5.43697e+00

Writing checkpoint, step 5275680 at Mon Aug 21 04:13:18 2023


Writing checkpoint, step 5483730 at Mon Aug 21 04:28:18 2023


DD  step 5599999 load imb.: force 10.4%

           Step           Time
        5600000   140000.00000

   Energies (kJ/mol)
           Bond       G96Angle        LJ (SR)   Coulomb (SR)      Potential
    2.07842e+05    5.53643e+04   -5.93309e+06   -2.95097e+04   -5.69940e+06
    Kinetic En.   Total Energy    Temperature Pressure (bar)
    9.68301e+05   -4.73110e+06    3.11770e+02    5.13823e+00

Writing checkpoint, step 5683150 at Mon Aug 21 04:43:18 2023


Writing checkpoint, step 5885290 at Mon Aug 21 04:58:18 2023


DD  step 5999999 load imb.: force 12.5%

           Step           Time
        6000000   150000.00000

   Energies (kJ/mol)
           Bond       G96Angle        LJ (SR)   Coulomb (SR)      Potential
    2.09034e+05    5.43394e+04   -5.93701e+06   -2.99615e+04   -5.70360e+06
    Kinetic En.   Total Energy    Temperature Pressure (bar)
    9.69979e+05   -4.73362e+06    3.12311e+02   -2.62350e+00

Writing checkpoint, step 6091250 at Mon Aug 21 05:13:18 2023


Writing checkpoint, step 6300850 at Mon Aug 21 05:28:18 2023


DD  step 6399999 load imb.: force 11.4%

           Step           Time
        6400000   160000.00000

   Energies (kJ/mol)
           Bond       G96Angle        LJ (SR)   Coulomb (SR)      Potential
    2.09065e+05    5.40234e+04   -5.93450e+06   -2.98175e+04   -5.70123e+06
    Kinetic En.   Total Energy    Temperature Pressure (bar)
    9.71624e+05   -4.72960e+06    3.12841e+02    7.26639e+00

Writing checkpoint, step 6506750 at Mon Aug 21 05:43:18 2023


Writing checkpoint, step 6705120 at Mon Aug 21 05:58:18 2023


DD  step 6799999 load imb.: force 13.3%

           Step           Time
        6800000   170000.00000

   Energies (kJ/mol)
           Bond       G96Angle        LJ (SR)   Coulomb (SR)      Potential
    2.08385e+05    5.36062e+04   -5.93119e+06   -2.97241e+04   -5.69892e+06
    Kinetic En.   Total Energy    Temperature Pressure (bar)
    9.71878e+05   -4.72704e+06    3.12922e+02    9.63990e+00

Writing checkpoint, step 6908350 at Mon Aug 21 06:13:18 2023


Writing checkpoint, step 7112430 at Mon Aug 21 06:28:18 2023


DD  step 7199999 load imb.: force 14.1%

           Step           Time
        7200000   180000.00000

   Energies (kJ/mol)
           Bond       G96Angle        LJ (SR)   Coulomb (SR)      Potential
    2.08587e+05    5.45295e+04   -5.93609e+06   -2.95470e+04   -5.70252e+06
    Kinetic En.   Total Energy    Temperature Pressure (bar)
    9.72142e+05   -4.73038e+06    3.13007e+02    6.45760e+00

Writing checkpoint, step 7315160 at Mon Aug 21 06:43:18 2023


Writing checkpoint, step 7526290 at Mon Aug 21 06:58:18 2023


DD  step 7599999 load imb.: force 13.8%

           Step           Time
        7600000   190000.00000

   Energies (kJ/mol)
           Bond       G96Angle        LJ (SR)   Coulomb (SR)      Potential
    2.07376e+05    5.47680e+04   -5.93476e+06   -3.02631e+04   -5.70288e+06
    Kinetic En.   Total Energy    Temperature Pressure (bar)
    9.69968e+05   -4.73292e+06    3.12307e+02   -7.20866e+00

Writing checkpoint, step 7737360 at Mon Aug 21 07:13:18 2023


Writing checkpoint, step 7941090 at Mon Aug 21 07:28:18 2023


DD  step 7999999 load imb.: force 11.8%

           Step           Time
        8000000   200000.00000

   Energies (kJ/mol)
           Bond       G96Angle        LJ (SR)   Coulomb (SR)      Potential
    2.08127e+05    5.38578e+04   -5.93897e+06   -2.97527e+04   -5.70674e+06
    Kinetic En.   Total Energy    Temperature Pressure (bar)
    9.71275e+05   -4.73546e+06    3.12728e+02   -6.68641e+00

Writing checkpoint, step 8158480 at Mon Aug 21 07:43:18 2023


Writing checkpoint, step 8356200 at Mon Aug 21 07:58:18 2023


DD  step 8399999 load imb.: force  9.7%

           Step           Time
        8400000   210000.00000

   Energies (kJ/mol)
           Bond       G96Angle        LJ (SR)   Coulomb (SR)      Potential
    2.08673e+05    5.40719e+04   -5.93735e+06   -2.94984e+04   -5.70410e+06
    Kinetic En.   Total Energy    Temperature Pressure (bar)
    9.68941e+05   -4.73516e+06    3.11977e+02   -5.97960e+00

Writing checkpoint, step 8562690 at Mon Aug 21 08:13:18 2023


Writing checkpoint, step 8767660 at Mon Aug 21 08:28:18 2023


DD  step 8799999 load imb.: force 14.3%

           Step           Time
        8800000   220000.00000

   Energies (kJ/mol)
           Bond       G96Angle        LJ (SR)   Coulomb (SR)      Potential
    2.07311e+05    5.47536e+04   -5.93755e+06   -2.99433e+04   -5.70543e+06
    Kinetic En.   Total Energy    Temperature Pressure (bar)
    9.68127e+05   -4.73730e+06    3.11714e+02   -2.32946e+00

Writing checkpoint, step 8975050 at Mon Aug 21 08:43:18 2023


Writing checkpoint, step 9178210 at Mon Aug 21 08:58:18 2023


DD  step 9199999 load imb.: force 10.2%

           Step           Time
        9200000   230000.00000

   Energies (kJ/mol)
           Bond       G96Angle        LJ (SR)   Coulomb (SR)      Potential
    2.08361e+05    5.48410e+04   -5.93659e+06   -2.96552e+04   -5.70305e+06
    Kinetic En.   Total Energy    Temperature Pressure (bar)
    9.69068e+05   -4.73398e+06    3.12017e+02   -8.80494e-01

Writing checkpoint, step 9383700 at Mon Aug 21 09:13:18 2023


Writing checkpoint, step 9580440 at Mon Aug 21 09:28:18 2023


DD  step 9599999 load imb.: force 14.3%

           Step           Time
        9600000   240000.00000

   Energies (kJ/mol)
           Bond       G96Angle        LJ (SR)   Coulomb (SR)      Potential
    2.08563e+05    5.37702e+04   -5.93602e+06   -3.00682e+04   -5.70376e+06
    Kinetic En.   Total Energy    Temperature Pressure (bar)
    9.70660e+05   -4.73310e+06    3.12530e+02    8.57734e+00

Writing checkpoint, step 9779560 at Mon Aug 21 09:43:18 2023


Writing checkpoint, step 9988960 at Mon Aug 21 09:58:18 2023


DD  step 9999999 load imb.: force 13.4%

           Step           Time
       10000000   250000.00000

   Energies (kJ/mol)
           Bond       G96Angle        LJ (SR)   Coulomb (SR)      Potential
    2.09265e+05    5.46123e+04   -5.93352e+06   -2.98281e+04   -5.69947e+06
    Kinetic En.   Total Energy    Temperature Pressure (bar)
    9.73570e+05   -4.72590e+06    3.13467e+02    5.57061e+00

Writing checkpoint, step 10190700 at Mon Aug 21 10:13:18 2023


Writing checkpoint, step 10388680 at Mon Aug 21 10:28:18 2023


DD  step 10399999 load imb.: force 13.1%

           Step           Time
       10400000   260000.00000

   Energies (kJ/mol)
           Bond       G96Angle        LJ (SR)   Coulomb (SR)      Potential
    2.08590e+05    5.39722e+04   -5.93805e+06   -2.96438e+04   -5.70514e+06
    Kinetic En.   Total Energy    Temperature Pressure (bar)
    9.70883e+05   -4.73425e+06    3.12602e+02   -6.24644e+00

Writing checkpoint, step 10594750 at Mon Aug 21 10:43:18 2023


DD  step 10799999 load imb.: force 13.3%

           Step           Time
       10800000   270000.00000

   Energies (kJ/mol)
           Bond       G96Angle        LJ (SR)   Coulomb (SR)      Potential
    2.07158e+05    5.44556e+04   -5.93606e+06   -2.96033e+04   -5.70406e+06
    Kinetic En.   Total Energy    Temperature Pressure (bar)
    9.65429e+05   -4.73863e+06    3.10846e+02    1.45088e+00

Writing checkpoint, step 10803190 at Mon Aug 21 10:58:18 2023


Writing checkpoint, step 11005900 at Mon Aug 21 11:13:18 2023


DD  step 11199999 load imb.: force 14.9%

           Step           Time
       11200000   280000.00000

   Energies (kJ/mol)
           Bond       G96Angle        LJ (SR)   Coulomb (SR)      Potential
    2.07385e+05    5.49793e+04   -5.93290e+06   -2.96593e+04   -5.70019e+06
    Kinetic En.   Total Energy    Temperature Pressure (bar)
    9.69987e+05   -4.73020e+06    3.12314e+02    6.01004e+00

Writing checkpoint, step 11211680 at Mon Aug 21 11:28:18 2023


Writing checkpoint, step 11393160 at Mon Aug 21 11:43:18 2023


Writing checkpoint, step 11591610 at Mon Aug 21 11:58:18 2023


DD  step 11599999 load imb.: force 17.1%

           Step           Time
       11600000   290000.00000

   Energies (kJ/mol)
           Bond       G96Angle        LJ (SR)   Coulomb (SR)      Potential
    2.08356e+05    5.44219e+04   -5.93533e+06   -2.95698e+04   -5.70212e+06
    Kinetic En.   Total Energy    Temperature Pressure (bar)
    9.69961e+05   -4.73216e+06    3.12305e+02   -1.36998e-01

Writing checkpoint, step 11799080 at Mon Aug 21 12:13:18 2023


Writing checkpoint, step 11987460 at Mon Aug 21 12:28:18 2023


DD  step 11999999 load imb.: force 18.3%

           Step           Time
       12000000   300000.00000

   Energies (kJ/mol)
           Bond       G96Angle        LJ (SR)   Coulomb (SR)      Potential
    2.07946e+05    5.42902e+04   -5.93249e+06   -2.95745e+04   -5.69982e+06
    Kinetic En.   Total Energy    Temperature Pressure (bar)
    9.70608e+05   -4.72922e+06    3.12513e+02    2.09152e+01

Writing checkpoint, step 12187910 at Mon Aug 21 12:43:18 2023


Writing checkpoint, step 12381440 at Mon Aug 21 12:58:18 2023


DD  step 12399999 load imb.: force 15.9%

           Step           Time
       12400000   310000.00000

   Energies (kJ/mol)
           Bond       G96Angle        LJ (SR)   Coulomb (SR)      Potential
    2.08872e+05    5.44034e+04   -5.93568e+06   -2.98160e+04   -5.70222e+06
    Kinetic En.   Total Energy    Temperature Pressure (bar)
    9.72367e+05   -4.72986e+06    3.13080e+02   -2.13013e+00

Writing checkpoint, step 12577840 at Mon Aug 21 13:13:18 2023


Writing checkpoint, step 12788400 at Mon Aug 21 13:28:18 2023


DD  step 12799999 load imb.: force 16.6%

           Step           Time
       12800000   320000.00000

   Energies (kJ/mol)
           Bond       G96Angle        LJ (SR)   Coulomb (SR)      Potential
    2.07121e+05    5.46502e+04   -5.93366e+06   -2.95412e+04   -5.70143e+06
    Kinetic En.   Total Energy    Temperature Pressure (bar)
    9.70938e+05   -4.73049e+06    3.12619e+02    1.25749e+00

Writing checkpoint, step 12991610 at Mon Aug 21 13:43:18 2023


Writing checkpoint, step 13194280 at Mon Aug 21 13:58:18 2023


DD  step 13199999 load imb.: force 15.4%

           Step           Time
       13200000   330000.00000

   Energies (kJ/mol)
           Bond       G96Angle        LJ (SR)   Coulomb (SR)      Potential
    2.08274e+05    5.43600e+04   -5.93275e+06   -2.96359e+04   -5.69975e+06
    Kinetic En.   Total Energy    Temperature Pressure (bar)
    9.69677e+05   -4.73007e+06    3.12214e+02   -3.03836e+00

Writing checkpoint, step 13387900 at Mon Aug 21 14:13:18 2023


Writing checkpoint, step 13591870 at Mon Aug 21 14:28:18 2023


DD  step 13599999 load imb.: force 17.7%

           Step           Time
       13600000   340000.00000

   Energies (kJ/mol)
           Bond       G96Angle        LJ (SR)   Coulomb (SR)      Potential
    2.07849e+05    5.44950e+04   -5.93587e+06   -2.96519e+04   -5.70318e+06
    Kinetic En.   Total Energy    Temperature Pressure (bar)
    9.68931e+05   -4.73425e+06    3.11973e+02    6.07751e-01

Writing checkpoint, step 13788810 at Mon Aug 21 14:43:18 2023


Writing checkpoint, step 13991040 at Mon Aug 21 14:58:18 2023


DD  step 13999999 load imb.: force 20.7%

           Step           Time
       14000000   350000.00000

   Energies (kJ/mol)
           Bond       G96Angle        LJ (SR)   Coulomb (SR)      Potential
    2.08389e+05    5.45623e+04   -5.93052e+06   -2.96291e+04   -5.69720e+06
    Kinetic En.   Total Energy    Temperature Pressure (bar)
    9.70251e+05   -4.72695e+06    3.12398e+02    4.66756e+00

Writing checkpoint, step 14189800 at Mon Aug 21 15:13:18 2023


Writing checkpoint, step 14387420 at Mon Aug 21 15:28:18 2023


DD  step 14399999 load imb.: force 17.2%

           Step           Time
       14400000   360000.00000

   Energies (kJ/mol)
           Bond       G96Angle        LJ (SR)   Coulomb (SR)      Potential
    2.08526e+05    5.44169e+04   -5.93721e+06   -2.96550e+04   -5.70392e+06
    Kinetic En.   Total Energy    Temperature Pressure (bar)
    9.70863e+05   -4.73306e+06    3.12595e+02   -6.96689e+00

Writing checkpoint, step 14581520 at Mon Aug 21 15:43:18 2023


Writing checkpoint, step 14780890 at Mon Aug 21 15:58:18 2023


DD  step 14799999 load imb.: force 20.3%

           Step           Time
       14800000   370000.00000

   Energies (kJ/mol)
           Bond       G96Angle        LJ (SR)   Coulomb (SR)      Potential
    2.08469e+05    5.47290e+04   -5.93222e+06   -2.97919e+04   -5.69882e+06
    Kinetic En.   Total Energy    Temperature Pressure (bar)
    9.70853e+05   -4.72796e+06    3.12592e+02    4.54460e+00

Writing checkpoint, step 14970020 at Mon Aug 21 16:13:18 2023


Writing checkpoint, step 15161900 at Mon Aug 21 16:28:18 2023


DD  step 15199999 load imb.: force 18.3%

           Step           Time
       15200000   380000.00000

   Energies (kJ/mol)
           Bond       G96Angle        LJ (SR)   Coulomb (SR)      Potential
    2.08361e+05    5.42667e+04   -5.93678e+06   -2.95793e+04   -5.70373e+06
    Kinetic En.   Total Energy    Temperature Pressure (bar)
    9.71648e+05   -4.73208e+06    3.12848e+02    3.99207e+00

Writing checkpoint, step 15367160 at Mon Aug 21 16:43:18 2023


Writing checkpoint, step 15565770 at Mon Aug 21 16:58:18 2023


DD  step 15599999 load imb.: force 21.9%

           Step           Time
       15600000   390000.00000

   Energies (kJ/mol)
           Bond       G96Angle        LJ (SR)   Coulomb (SR)      Potential
    2.08694e+05    5.43524e+04   -5.93538e+06   -2.96873e+04   -5.70202e+06
    Kinetic En.   Total Energy    Temperature Pressure (bar)
    9.66937e+05   -4.73508e+06    3.11332e+02   -1.15998e+01

Writing checkpoint, step 15762480 at Mon Aug 21 17:13:18 2023


Writing checkpoint, step 15951310 at Mon Aug 21 17:28:18 2023


DD  step 15999999 load imb.: force 21.5%

           Step           Time
       16000000   400000.00000

   Energies (kJ/mol)
           Bond       G96Angle        LJ (SR)   Coulomb (SR)      Potential
    2.06593e+05    5.50062e+04   -5.93782e+06   -2.99061e+04   -5.70612e+06
    Kinetic En.   Total Energy    Temperature Pressure (bar)
    9.65541e+05   -4.74058e+06    3.10882e+02   -4.89172e+00

Writing checkpoint, step 16143750 at Mon Aug 21 17:43:18 2023


Writing checkpoint, step 16334490 at Mon Aug 21 17:58:18 2023


DD  step 16399999 load imb.: force 20.4%

           Step           Time
       16400000   410000.00000

   Energies (kJ/mol)
           Bond       G96Angle        LJ (SR)   Coulomb (SR)      Potential
    2.08373e+05    5.50650e+04   -5.93360e+06   -3.01665e+04   -5.70033e+06
    Kinetic En.   Total Energy    Temperature Pressure (bar)
    9.72770e+05   -4.72756e+06    3.13210e+02    5.56012e+00

Writing checkpoint, step 16527070 at Mon Aug 21 18:13:18 2023


Writing checkpoint, step 16727960 at Mon Aug 21 18:28:18 2023


DD  step 16799999 load imb.: force 19.1%

           Step           Time
       16800000   420000.00000

   Energies (kJ/mol)
           Bond       G96Angle        LJ (SR)   Coulomb (SR)      Potential
    2.06901e+05    5.46274e+04   -5.93349e+06   -2.97093e+04   -5.70167e+06
    Kinetic En.   Total Energy    Temperature Pressure (bar)
    9.68408e+05   -4.73326e+06    3.11805e+02    6.18430e+00

Writing checkpoint, step 16922720 at Mon Aug 21 18:43:18 2023


Writing checkpoint, step 17112980 at Mon Aug 21 18:58:18 2023


DD  step 17199999 load imb.: force 21.0%

           Step           Time
       17200000   430000.00000

   Energies (kJ/mol)
           Bond       G96Angle        LJ (SR)   Coulomb (SR)      Potential
    2.08158e+05    5.46076e+04   -5.93444e+06   -2.99078e+04   -5.70158e+06
    Kinetic En.   Total Energy    Temperature Pressure (bar)
    9.71012e+05   -4.73057e+06    3.12643e+02    5.66249e+00

Writing checkpoint, step 17313720 at Mon Aug 21 19:13:18 2023


Writing checkpoint, step 17510680 at Mon Aug 21 19:28:18 2023


DD  step 17599999 load imb.: force 21.9%

           Step           Time
       17600000   440000.00000

   Energies (kJ/mol)
           Bond       G96Angle        LJ (SR)   Coulomb (SR)      Potential
    2.07727e+05    5.46517e+04   -5.93429e+06   -2.99760e+04   -5.70189e+06
    Kinetic En.   Total Energy    Temperature Pressure (bar)
    9.68818e+05   -4.73307e+06    3.11937e+02   -2.93203e+00

Writing checkpoint, step 17699850 at Mon Aug 21 19:43:18 2023


Writing checkpoint, step 17892720 at Mon Aug 21 19:58:18 2023


DD  step 17999999 load imb.: force 18.9%

           Step           Time
       18000000   450000.00000

   Energies (kJ/mol)
           Bond       G96Angle        LJ (SR)   Coulomb (SR)      Potential
    2.08728e+05    5.44321e+04   -5.93740e+06   -3.00944e+04   -5.70434e+06
    Kinetic En.   Total Energy    Temperature Pressure (bar)
    9.66565e+05   -4.73777e+06    3.11212e+02   -2.28143e+00

Writing checkpoint, step 18092360 at Mon Aug 21 20:13:18 2023


Writing checkpoint, step 18292950 at Mon Aug 21 20:28:18 2023


DD  step 18399999 load imb.: force 21.1%

           Step           Time
       18400000   460000.00000

   Energies (kJ/mol)
           Bond       G96Angle        LJ (SR)   Coulomb (SR)      Potential
    2.07856e+05    5.39584e+04   -5.93544e+06   -2.95500e+04   -5.70317e+06
    Kinetic En.   Total Energy    Temperature Pressure (bar)
    9.69116e+05   -4.73406e+06    3.12033e+02    2.96670e+00

Writing checkpoint, step 18497220 at Mon Aug 21 20:43:18 2023


Writing checkpoint, step 18696280 at Mon Aug 21 20:58:18 2023


DD  step 18799999 load imb.: force 17.1%

           Step           Time
       18800000   470000.00000

   Energies (kJ/mol)
           Bond       G96Angle        LJ (SR)   Coulomb (SR)      Potential
    2.07994e+05    5.39984e+04   -5.93637e+06   -2.98878e+04   -5.70426e+06
    Kinetic En.   Total Energy    Temperature Pressure (bar)
    9.67574e+05   -4.73669e+06    3.11537e+02   -2.60255e+00

Writing checkpoint, step 18894920 at Mon Aug 21 21:13:18 2023


Writing checkpoint, step 19098740 at Mon Aug 21 21:28:18 2023


DD  step 19199999 load imb.: force 19.7%

           Step           Time
       19200000   480000.00000

   Energies (kJ/mol)
           Bond       G96Angle        LJ (SR)   Coulomb (SR)      Potential
    2.07889e+05    5.45118e+04   -5.93667e+06   -2.97112e+04   -5.70398e+06
    Kinetic En.   Total Energy    Temperature Pressure (bar)
    9.70466e+05   -4.73352e+06    3.12468e+02   -3.30434e+00

Writing checkpoint, step 19299220 at Mon Aug 21 21:43:18 2023


Writing checkpoint, step 19494240 at Mon Aug 21 21:58:18 2023


DD  step 19599999 load imb.: force 15.1%

           Step           Time
       19600000   490000.00000

   Energies (kJ/mol)
           Bond       G96Angle        LJ (SR)   Coulomb (SR)      Potential
    2.08340e+05    5.49741e+04   -5.93418e+06   -2.97366e+04   -5.70061e+06
    Kinetic En.   Total Energy    Temperature Pressure (bar)
    9.66402e+05   -4.73420e+06    3.11159e+02   -5.72440e+00

Writing checkpoint, step 19699190 at Mon Aug 21 22:13:18 2023


Writing checkpoint, step 19907190 at Mon Aug 21 22:28:18 2023


DD  step 19999999 load imb.: force 21.0%

           Step           Time
       20000000   500000.00000

   Energies (kJ/mol)
           Bond       G96Angle        LJ (SR)   Coulomb (SR)      Potential
    2.07464e+05    5.48004e+04   -5.93337e+06   -2.93284e+04   -5.70044e+06
    Kinetic En.   Total Energy    Temperature Pressure (bar)
    9.68500e+05   -4.73194e+06    3.11835e+02    2.40578e+00

Writing checkpoint, step 20108940 at Mon Aug 21 22:43:18 2023


Writing checkpoint, step 20309860 at Mon Aug 21 22:58:18 2023


DD  step 20399999 load imb.: force 21.5%

           Step           Time
       20400000   510000.00000

   Energies (kJ/mol)
           Bond       G96Angle        LJ (SR)   Coulomb (SR)      Potential
    2.07842e+05    5.35187e+04   -5.93893e+06   -2.95633e+04   -5.70713e+06
    Kinetic En.   Total Energy    Temperature Pressure (bar)
    9.67102e+05   -4.74003e+06    3.11384e+02   -4.17794e+00

Writing checkpoint, step 20516790 at Mon Aug 21 23:13:18 2023


Writing checkpoint, step 20722650 at Mon Aug 21 23:28:18 2023


DD  step 20799999 load imb.: force 19.0%

           Step           Time
       20800000   520000.00000

   Energies (kJ/mol)
           Bond       G96Angle        LJ (SR)   Coulomb (SR)      Potential
    2.09438e+05    5.46719e+04   -5.93687e+06   -2.97102e+04   -5.70247e+06
    Kinetic En.   Total Energy    Temperature Pressure (bar)
    9.70622e+05   -4.73185e+06    3.12518e+02   -1.68104e-01

Writing checkpoint, step 20920930 at Mon Aug 21 23:43:18 2023


Writing checkpoint, step 21125240 at Mon Aug 21 23:58:18 2023


DD  step 21199999 load imb.: force 21.6%

           Step           Time
       21200000   530000.00000

   Energies (kJ/mol)
           Bond       G96Angle        LJ (SR)   Coulomb (SR)      Potential
    2.09926e+05    5.43071e+04   -5.93042e+06   -2.96319e+04   -5.69581e+06
    Kinetic En.   Total Energy    Temperature Pressure (bar)
    9.72589e+05   -4.72322e+06    3.13151e+02    6.55768e+00

Writing checkpoint, step 21305770 at Tue Aug 22 00:13:18 2023


Writing checkpoint, step 21502410 at Tue Aug 22 00:28:18 2023


DD  step 21599999 load imb.: force 17.7%

           Step           Time
       21600000   540000.00000

   Energies (kJ/mol)
           Bond       G96Angle        LJ (SR)   Coulomb (SR)      Potential
    2.07968e+05    5.41861e+04   -5.93542e+06   -2.96566e+04   -5.70292e+06
    Kinetic En.   Total Energy    Temperature Pressure (bar)
    9.69586e+05   -4.73334e+06    3.12184e+02   -8.90893e+00

Writing checkpoint, step 21699000 at Tue Aug 22 00:43:18 2023


Writing checkpoint, step 21893160 at Tue Aug 22 00:58:18 2023


DD  step 21999999 load imb.: force 18.3%

           Step           Time
       22000000   550000.00000

   Energies (kJ/mol)
           Bond       G96Angle        LJ (SR)   Coulomb (SR)      Potential
    2.08588e+05    5.53256e+04   -5.93492e+06   -2.91568e+04   -5.70016e+06
    Kinetic En.   Total Energy    Temperature Pressure (bar)
    9.68147e+05   -4.73202e+06    3.11721e+02    3.10734e+00

Writing checkpoint, step 22096160 at Tue Aug 22 01:13:18 2023


Writing checkpoint, step 22283730 at Tue Aug 22 01:28:18 2023


DD  step 22399999 load imb.: force 16.6%

           Step           Time
       22400000   560000.00000

   Energies (kJ/mol)
           Bond       G96Angle        LJ (SR)   Coulomb (SR)      Potential
    2.08853e+05    5.51381e+04   -5.93365e+06   -2.96118e+04   -5.69927e+06
    Kinetic En.   Total Energy    Temperature Pressure (bar)
    9.71302e+05   -4.72797e+06    3.12737e+02   -3.31788e+00

Writing checkpoint, step 22488290 at Tue Aug 22 01:43:18 2023


Writing checkpoint, step 22695830 at Tue Aug 22 01:58:18 2023


DD  step 22799999 load imb.: force 19.0%

           Step           Time
       22800000   570000.00000

   Energies (kJ/mol)
           Bond       G96Angle        LJ (SR)   Coulomb (SR)      Potential
    2.08898e+05    5.41189e+04   -5.94039e+06   -2.94097e+04   -5.70679e+06
    Kinetic En.   Total Energy    Temperature Pressure (bar)
    9.69487e+05   -4.73730e+06    3.12152e+02   -1.07709e+01

Writing checkpoint, step 22896840 at Tue Aug 22 02:13:18 2023


Writing checkpoint, step 23102050 at Tue Aug 22 02:28:18 2023


DD  step 23199999 load imb.: force 13.7%

           Step           Time
       23200000   580000.00000

   Energies (kJ/mol)
           Bond       G96Angle        LJ (SR)   Coulomb (SR)      Potential
    2.07922e+05    5.40799e+04   -5.93598e+06   -2.89659e+04   -5.70295e+06
    Kinetic En.   Total Energy    Temperature Pressure (bar)
    9.68725e+05   -4.73422e+06    3.11907e+02   -5.35360e+00

Writing checkpoint, step 23305370 at Tue Aug 22 02:43:18 2023


Writing checkpoint, step 23506300 at Tue Aug 22 02:58:18 2023


DD  step 23599999 load imb.: force 17.8%

           Step           Time
       23600000   590000.00000

   Energies (kJ/mol)
           Bond       G96Angle        LJ (SR)   Coulomb (SR)      Potential
    2.07846e+05    5.44073e+04   -5.93316e+06   -2.97180e+04   -5.70063e+06
    Kinetic En.   Total Energy    Temperature Pressure (bar)
    9.71021e+05   -4.72961e+06    3.12646e+02    8.70767e+00

Writing checkpoint, step 23708920 at Tue Aug 22 03:13:18 2023


Writing checkpoint, step 23909740 at Tue Aug 22 03:28:18 2023


DD  step 23999999 load imb.: force 19.9%

           Step           Time
       24000000   600000.00000

   Energies (kJ/mol)
           Bond       G96Angle        LJ (SR)   Coulomb (SR)      Potential
    2.07539e+05    5.48192e+04   -5.93770e+06   -2.96844e+04   -5.70503e+06
    Kinetic En.   Total Energy    Temperature Pressure (bar)
    9.70142e+05   -4.73489e+06    3.12363e+02   -1.08748e+00

Writing checkpoint, step 24114590 at Tue Aug 22 03:43:18 2023


Writing checkpoint, step 24304460 at Tue Aug 22 03:58:18 2023


DD  step 24399999 load imb.: force 19.8%

           Step           Time
       24400000   610000.00000

   Energies (kJ/mol)
           Bond       G96Angle        LJ (SR)   Coulomb (SR)      Potential
    2.08067e+05    5.46898e+04   -5.93289e+06   -2.97617e+04   -5.69989e+06
    Kinetic En.   Total Energy    Temperature Pressure (bar)
    9.72634e+05   -4.72726e+06    3.13166e+02    2.67263e+00

Writing checkpoint, step 24505590 at Tue Aug 22 04:13:18 2023


Writing checkpoint, step 24701700 at Tue Aug 22 04:28:18 2023


DD  step 24799999 load imb.: force 18.3%

           Step           Time
       24800000   620000.00000

   Energies (kJ/mol)
           Bond       G96Angle        LJ (SR)   Coulomb (SR)      Potential
    2.06788e+05    5.48734e+04   -5.93289e+06   -2.96497e+04   -5.70088e+06
    Kinetic En.   Total Energy    Temperature Pressure (bar)
    9.70271e+05   -4.73061e+06    3.12405e+02   -4.87157e-01

Writing checkpoint, step 24902860 at Tue Aug 22 04:43:18 2023


Writing checkpoint, step 25101760 at Tue Aug 22 04:58:18 2023


DD  step 25199999 load imb.: force 15.8%

           Step           Time
       25200000   630000.00000

   Energies (kJ/mol)
           Bond       G96Angle        LJ (SR)   Coulomb (SR)      Potential
    2.09053e+05    5.42576e+04   -5.93373e+06   -3.02691e+04   -5.70069e+06
    Kinetic En.   Total Energy    Temperature Pressure (bar)
    9.69606e+05   -4.73108e+06    3.12191e+02    7.85800e+00

Writing checkpoint, step 25299160 at Tue Aug 22 05:13:18 2023


Writing checkpoint, step 25499350 at Tue Aug 22 05:28:18 2023


DD  step 25599999 load imb.: force 14.3%

           Step           Time
       25600000   640000.00000

   Energies (kJ/mol)
           Bond       G96Angle        LJ (SR)   Coulomb (SR)      Potential
    2.08763e+05    5.49407e+04   -5.93367e+06   -2.97380e+04   -5.69970e+06
    Kinetic En.   Total Energy    Temperature Pressure (bar)
    9.70463e+05   -4.72924e+06    3.12467e+02    1.26872e+00

Writing checkpoint, step 25693330 at Tue Aug 22 05:43:18 2023


Writing checkpoint, step 25895560 at Tue Aug 22 05:58:18 2023


DD  step 25999999 load imb.: force 16.6%

           Step           Time
       26000000   650000.00000

   Energies (kJ/mol)
           Bond       G96Angle        LJ (SR)   Coulomb (SR)      Potential
    2.08386e+05    5.43846e+04   -5.93831e+06   -2.94432e+04   -5.70498e+06
    Kinetic En.   Total Energy    Temperature Pressure (bar)
    9.70523e+05   -4.73446e+06    3.12486e+02    8.07079e-02

Writing checkpoint, step 26104500 at Tue Aug 22 06:13:18 2023


Writing checkpoint, step 26292710 at Tue Aug 22 06:28:18 2023


DD  step 26399999 load imb.: force 22.2%

           Step           Time
       26400000   660000.00000

   Energies (kJ/mol)
           Bond       G96Angle        LJ (SR)   Coulomb (SR)      Potential
    2.07952e+05    5.46672e+04   -5.93191e+06   -2.95492e+04   -5.69884e+06
    Kinetic En.   Total Energy    Temperature Pressure (bar)
    9.70062e+05   -4.72878e+06    3.12338e+02    8.71522e+00

Writing checkpoint, step 26484480 at Tue Aug 22 06:43:18 2023


Writing checkpoint, step 26687040 at Tue Aug 22 06:58:18 2023


DD  step 26799999 load imb.: force 19.6%

           Step           Time
       26800000   670000.00000

   Energies (kJ/mol)
           Bond       G96Angle        LJ (SR)   Coulomb (SR)      Potential
    2.07672e+05    5.43576e+04   -5.93642e+06   -2.96891e+04   -5.70408e+06
    Kinetic En.   Total Energy    Temperature Pressure (bar)
    9.66798e+05   -4.73728e+06    3.11287e+02    3.33501e+00

Writing checkpoint, step 26889650 at Tue Aug 22 07:13:18 2023


Writing checkpoint, step 27098640 at Tue Aug 22 07:28:18 2023


DD  step 27199999 load imb.: force 12.7%

           Step           Time
       27200000   680000.00000

   Energies (kJ/mol)
           Bond       G96Angle        LJ (SR)   Coulomb (SR)      Potential
    2.07327e+05    5.42090e+04   -5.93787e+06   -2.97991e+04   -5.70614e+06
    Kinetic En.   Total Energy    Temperature Pressure (bar)
    9.66878e+05   -4.73926e+06    3.11312e+02   -4.42908e+00

Writing checkpoint, step 27306460 at Tue Aug 22 07:43:18 2023


Writing checkpoint, step 27504310 at Tue Aug 22 07:58:18 2023


DD  step 27599999 load imb.: force 19.6%

           Step           Time
       27600000   690000.00000

   Energies (kJ/mol)
           Bond       G96Angle        LJ (SR)   Coulomb (SR)      Potential
    2.08999e+05    5.36682e+04   -5.93113e+06   -2.95255e+04   -5.69799e+06
    Kinetic En.   Total Energy    Temperature Pressure (bar)
    9.69750e+05   -4.72824e+06    3.12237e+02    3.91766e+00

Writing checkpoint, step 27699120 at Tue Aug 22 08:13:18 2023


Writing checkpoint, step 27897000 at Tue Aug 22 08:28:18 2023


DD  step 27999999 load imb.: force 14.9%

           Step           Time
       28000000   700000.00000

   Energies (kJ/mol)
           Bond       G96Angle        LJ (SR)   Coulomb (SR)      Potential
    2.07460e+05    5.42441e+04   -5.93482e+06   -3.02101e+04   -5.70332e+06
    Kinetic En.   Total Energy    Temperature Pressure (bar)
    9.71701e+05   -4.73162e+06    3.12865e+02    6.74695e+00

Writing checkpoint, step 28087450 at Tue Aug 22 08:43:18 2023


Writing checkpoint, step 28292070 at Tue Aug 22 08:58:18 2023


DD  step 28399999 load imb.: force 16.4%

           Step           Time
       28400000   710000.00000

   Energies (kJ/mol)
           Bond       G96Angle        LJ (SR)   Coulomb (SR)      Potential
    2.08635e+05    5.48017e+04   -5.93612e+06   -2.95240e+04   -5.70221e+06
    Kinetic En.   Total Energy    Temperature Pressure (bar)
    9.70754e+05   -4.73145e+06    3.12560e+02   -1.68593e+00

Writing checkpoint, step 28487720 at Tue Aug 22 09:13:18 2023


Writing checkpoint, step 28688100 at Tue Aug 22 09:28:18 2023


DD  step 28799999 load imb.: force 17.4%

           Step           Time
       28800000   720000.00000

   Energies (kJ/mol)
           Bond       G96Angle        LJ (SR)   Coulomb (SR)      Potential
    2.06462e+05    5.46300e+04   -5.93682e+06   -2.99134e+04   -5.70564e+06
    Kinetic En.   Total Energy    Temperature Pressure (bar)
    9.66928e+05   -4.73872e+06    3.11328e+02   -9.23452e+00

Writing checkpoint, step 28881550 at Tue Aug 22 09:43:18 2023


Writing checkpoint, step 29076310 at Tue Aug 22 09:58:18 2023


DD  step 29199999 load imb.: force 14.9%

           Step           Time
       29200000   730000.00000

   Energies (kJ/mol)
           Bond       G96Angle        LJ (SR)   Coulomb (SR)      Potential
    2.08225e+05    5.45527e+04   -5.93668e+06   -2.97817e+04   -5.70368e+06
    Kinetic En.   Total Energy    Temperature Pressure (bar)
    9.70628e+05   -4.73306e+06    3.12520e+02   -5.11499e+00

Writing checkpoint, step 29261960 at Tue Aug 22 10:13:18 2023


Writing checkpoint, step 29472080 at Tue Aug 22 10:28:18 2023


DD  step 29599999 load imb.: force 16.8%

           Step           Time
       29600000   740000.00000

   Energies (kJ/mol)
           Bond       G96Angle        LJ (SR)   Coulomb (SR)      Potential
    2.06696e+05    5.44906e+04   -5.93303e+06   -2.98706e+04   -5.70171e+06
    Kinetic En.   Total Energy    Temperature Pressure (bar)
    9.69244e+05   -4.73247e+06    3.12074e+02    3.44385e+00

Writing checkpoint, step 29678380 at Tue Aug 22 10:43:18 2023


Writing checkpoint, step 29878300 at Tue Aug 22 10:58:18 2023


DD  step 29999999 load imb.: force 16.8%

           Step           Time
       30000000   750000.00000

   Energies (kJ/mol)
           Bond       G96Angle        LJ (SR)   Coulomb (SR)      Potential
    2.08362e+05    5.42109e+04   -5.93295e+06   -2.96448e+04   -5.70002e+06
    Kinetic En.   Total Energy    Temperature Pressure (bar)
    9.72461e+05   -4.72756e+06    3.13110e+02    8.10433e-02

Writing checkpoint, step 30072530 at Tue Aug 22 11:13:18 2023


Writing checkpoint, step 30271670 at Tue Aug 22 11:28:18 2023


DD  step 30399999 load imb.: force 13.0%

           Step           Time
       30400000   760000.00000

   Energies (kJ/mol)
           Bond       G96Angle        LJ (SR)   Coulomb (SR)      Potential
    2.08020e+05    5.50459e+04   -5.93661e+06   -2.97906e+04   -5.70334e+06
    Kinetic En.   Total Energy    Temperature Pressure (bar)
    9.70960e+05   -4.73238e+06    3.12627e+02    1.15201e-01

Writing checkpoint, step 30467180 at Tue Aug 22 11:43:18 2023


Writing checkpoint, step 30677110 at Tue Aug 22 11:58:18 2023


DD  step 30799999 load imb.: force 12.6%

           Step           Time
       30800000   770000.00000

   Energies (kJ/mol)
           Bond       G96Angle        LJ (SR)   Coulomb (SR)      Potential
    2.08955e+05    5.47560e+04   -5.93324e+06   -2.97344e+04   -5.69927e+06
    Kinetic En.   Total Energy    Temperature Pressure (bar)
    9.70857e+05   -4.72841e+06    3.12594e+02    1.05474e+00

Writing checkpoint, step 30893380 at Tue Aug 22 12:13:18 2023


Writing checkpoint, step 31100340 at Tue Aug 22 12:28:18 2023


DD  step 31199999 load imb.: force 11.8%

           Step           Time
       31200000   780000.00000

   Energies (kJ/mol)
           Bond       G96Angle        LJ (SR)   Coulomb (SR)      Potential
    2.06737e+05    5.40801e+04   -5.93573e+06   -2.98214e+04   -5.70473e+06
    Kinetic En.   Total Energy    Temperature Pressure (bar)
    9.67459e+05   -4.73727e+06    3.11500e+02    3.62469e+00

Writing checkpoint, step 31309060 at Tue Aug 22 12:43:18 2023


Writing checkpoint, step 31515410 at Tue Aug 22 12:58:18 2023


DD  step 31599999 load imb.: force 17.8%

           Step           Time
       31600000   790000.00000

   Energies (kJ/mol)
           Bond       G96Angle        LJ (SR)   Coulomb (SR)      Potential
    2.07717e+05    5.45616e+04   -5.93620e+06   -2.99871e+04   -5.70391e+06
    Kinetic En.   Total Energy    Temperature Pressure (bar)
    9.68202e+05   -4.73571e+06    3.11739e+02    3.45493e+00

Writing checkpoint, step 31710240 at Tue Aug 22 13:13:18 2023


Writing checkpoint, step 31907690 at Tue Aug 22 13:28:18 2023


DD  step 31999999 load imb.: force 15.8%

           Step           Time
       32000000   800000.00000

   Energies (kJ/mol)
           Bond       G96Angle        LJ (SR)   Coulomb (SR)      Potential
    2.08031e+05    5.45473e+04   -5.93708e+06   -2.96155e+04   -5.70412e+06
    Kinetic En.   Total Energy    Temperature Pressure (bar)
    9.71630e+05   -4.73249e+06    3.12842e+02    7.76844e+00

Writing checkpoint, step 32112610 at Tue Aug 22 13:43:18 2023


Writing checkpoint, step 32301680 at Tue Aug 22 13:58:18 2023


DD  step 32399999 load imb.: force 18.7%

           Step           Time
       32400000   810000.00000

   Energies (kJ/mol)
           Bond       G96Angle        LJ (SR)   Coulomb (SR)      Potential
    2.08445e+05    5.49844e+04   -5.93229e+06   -2.96627e+04   -5.69852e+06
    Kinetic En.   Total Energy    Temperature Pressure (bar)
    9.72977e+05   -4.72554e+06    3.13276e+02   -2.15893e+00

Writing checkpoint, step 32504830 at Tue Aug 22 14:13:18 2023


Writing checkpoint, step 32706140 at Tue Aug 22 14:28:18 2023


DD  step 32799999 load imb.: force 17.8%

           Step           Time
       32800000   820000.00000

   Energies (kJ/mol)
           Bond       G96Angle        LJ (SR)   Coulomb (SR)      Potential
    2.08527e+05    5.50621e+04   -5.93476e+06   -3.00605e+04   -5.70123e+06
    Kinetic En.   Total Energy    Temperature Pressure (bar)
    9.70756e+05   -4.73048e+06    3.12561e+02    5.41416e+00

Writing checkpoint, step 32897390 at Tue Aug 22 14:43:18 2023


Writing checkpoint, step 33090630 at Tue Aug 22 14:58:18 2023


DD  step 33199999 load imb.: force 19.0%

           Step           Time
       33200000   830000.00000

   Energies (kJ/mol)
           Bond       G96Angle        LJ (SR)   Coulomb (SR)      Potential
    2.08657e+05    5.41247e+04   -5.93555e+06   -2.96341e+04   -5.70240e+06
    Kinetic En.   Total Energy    Temperature Pressure (bar)
    9.68918e+05   -4.73348e+06    3.11969e+02    4.07408e+00

Writing checkpoint, step 33289860 at Tue Aug 22 15:13:18 2023


Writing checkpoint, step 33480470 at Tue Aug 22 15:28:18 2023


DD  step 33599999 load imb.: force 17.1%

           Step           Time
       33600000   840000.00000

   Energies (kJ/mol)
           Bond       G96Angle        LJ (SR)   Coulomb (SR)      Potential
    2.09283e+05    5.39504e+04   -5.93690e+06   -2.99790e+04   -5.70364e+06
    Kinetic En.   Total Energy    Temperature Pressure (bar)
    9.71055e+05   -4.73259e+06    3.12657e+02   -3.33171e-01

Writing checkpoint, step 33681750 at Tue Aug 22 15:43:18 2023


Writing checkpoint, step 33884950 at Tue Aug 22 15:58:18 2023


DD  step 33999999 load imb.: force 17.5%

           Step           Time
       34000000   850000.00000

   Energies (kJ/mol)
           Bond       G96Angle        LJ (SR)   Coulomb (SR)      Potential
    2.08226e+05    5.39387e+04   -5.94143e+06   -2.95206e+04   -5.70879e+06
    Kinetic En.   Total Energy    Temperature Pressure (bar)
    9.72189e+05   -4.73660e+06    3.13022e+02   -1.61237e+01

Writing checkpoint, step 34076950 at Tue Aug 22 16:13:18 2023


Writing checkpoint, step 34284170 at Tue Aug 22 16:28:18 2023


DD  step 34399999 load imb.: force 14.5%

           Step           Time
       34400000   860000.00000

   Energies (kJ/mol)
           Bond       G96Angle        LJ (SR)   Coulomb (SR)      Potential
    2.08932e+05    5.44070e+04   -5.93198e+06   -3.00240e+04   -5.69866e+06
    Kinetic En.   Total Energy    Temperature Pressure (bar)
    9.70738e+05   -4.72793e+06    3.12555e+02    1.89100e+00

Writing checkpoint, step 34483230 at Tue Aug 22 16:43:18 2023


Writing checkpoint, step 34690740 at Tue Aug 22 16:58:18 2023


DD  step 34799999 load imb.: force 17.3%

           Step           Time
       34800000   870000.00000

   Energies (kJ/mol)
           Bond       G96Angle        LJ (SR)   Coulomb (SR)      Potential
    2.07382e+05    5.46741e+04   -5.93454e+06   -2.98232e+04   -5.70231e+06
    Kinetic En.   Total Energy    Temperature Pressure (bar)
    9.69105e+05   -4.73320e+06    3.12030e+02   -1.37016e+00

Writing checkpoint, step 34895960 at Tue Aug 22 17:13:18 2023


Writing checkpoint, step 35098330 at Tue Aug 22 17:28:18 2023


DD  step 35199999 load imb.: force 14.8%

           Step           Time
       35200000   880000.00000

   Energies (kJ/mol)
           Bond       G96Angle        LJ (SR)   Coulomb (SR)      Potential
    2.09225e+05    5.44078e+04   -5.93635e+06   -2.99313e+04   -5.70264e+06
    Kinetic En.   Total Energy    Temperature Pressure (bar)
    9.70448e+05   -4.73220e+06    3.12462e+02   -4.62216e+00

Writing checkpoint, step 35299860 at Tue Aug 22 17:43:18 2023


Writing checkpoint, step 35504010 at Tue Aug 22 17:58:18 2023


DD  step 35599999 load imb.: force 21.0%

           Step           Time
       35600000   890000.00000

   Energies (kJ/mol)
           Bond       G96Angle        LJ (SR)   Coulomb (SR)      Potential
    2.08226e+05    5.46191e+04   -5.93891e+06   -2.93543e+04   -5.70542e+06
    Kinetic En.   Total Energy    Temperature Pressure (bar)
    9.68602e+05   -4.73682e+06    3.11868e+02   -7.61854e+00

Writing checkpoint, step 35706040 at Tue Aug 22 18:13:18 2023


Writing checkpoint, step 35905540 at Tue Aug 22 18:28:18 2023


DD  step 35999999 load imb.: force 17.5%

           Step           Time
       36000000   900000.00000

   Energies (kJ/mol)
           Bond       G96Angle        LJ (SR)   Coulomb (SR)      Potential
    2.07934e+05    5.46823e+04   -5.93720e+06   -2.96519e+04   -5.70424e+06
    Kinetic En.   Total Energy    Temperature Pressure (bar)
    9.71637e+05   -4.73260e+06    3.12845e+02   -4.36692e+00

Writing checkpoint, step 36103390 at Tue Aug 22 18:43:18 2023


Writing checkpoint, step 36289010 at Tue Aug 22 18:58:18 2023


DD  step 36399999 load imb.: force 12.5%

           Step           Time
       36400000   910000.00000

   Energies (kJ/mol)
           Bond       G96Angle        LJ (SR)   Coulomb (SR)      Potential
    2.08739e+05    5.44216e+04   -5.93327e+06   -3.00329e+04   -5.70014e+06
    Kinetic En.   Total Energy    Temperature Pressure (bar)
    9.72264e+05   -4.72788e+06    3.13047e+02    5.71700e+00

Writing checkpoint, step 36495190 at Tue Aug 22 19:13:18 2023


Writing checkpoint, step 36703020 at Tue Aug 22 19:28:18 2023


DD  step 36799999 load imb.: force 15.9%

           Step           Time
       36800000   920000.00000

   Energies (kJ/mol)
           Bond       G96Angle        LJ (SR)   Coulomb (SR)      Potential
    2.07777e+05    5.43779e+04   -5.93730e+06   -2.92978e+04   -5.70444e+06
    Kinetic En.   Total Energy    Temperature Pressure (bar)
    9.71018e+05   -4.73342e+06    3.12645e+02   -9.41569e+00

Writing checkpoint, step 36895250 at Tue Aug 22 19:43:18 2023


Writing checkpoint, step 37084180 at Tue Aug 22 19:58:18 2023


DD  step 37199999 load imb.: force 16.3%

           Step           Time
       37200000   930000.00000

   Energies (kJ/mol)
           Bond       G96Angle        LJ (SR)   Coulomb (SR)      Potential
    2.08159e+05    5.45727e+04   -5.93593e+06   -2.98507e+04   -5.70305e+06
    Kinetic En.   Total Energy    Temperature Pressure (bar)
    9.69209e+05   -4.73384e+06    3.12063e+02   -8.92554e+00

Writing checkpoint, step 37277240 at Tue Aug 22 20:13:18 2023


Writing checkpoint, step 37478670 at Tue Aug 22 20:28:18 2023


DD  step 37599999 load imb.: force 17.3%

           Step           Time
       37600000   940000.00000

   Energies (kJ/mol)
           Bond       G96Angle        LJ (SR)   Coulomb (SR)      Potential
    2.08043e+05    5.47515e+04   -5.93200e+06   -3.01284e+04   -5.69934e+06
    Kinetic En.   Total Energy    Temperature Pressure (bar)
    9.70527e+05   -4.72881e+06    3.12487e+02    7.48362e+00

Writing checkpoint, step 37683310 at Tue Aug 22 20:43:18 2023


Writing checkpoint, step 37892760 at Tue Aug 22 20:58:18 2023


DD  step 37999999 load imb.: force 16.6%

           Step           Time
       38000000   950000.00000

   Energies (kJ/mol)
           Bond       G96Angle        LJ (SR)   Coulomb (SR)      Potential
    2.07453e+05    5.44883e+04   -5.93849e+06   -2.99292e+04   -5.70648e+06
    Kinetic En.   Total Energy    Temperature Pressure (bar)
    9.68875e+05   -4.73760e+06    3.11955e+02   -8.44455e-02

Writing checkpoint, step 38089790 at Tue Aug 22 21:13:18 2023


Writing checkpoint, step 38289270 at Tue Aug 22 21:28:18 2023


DD  step 38399999 load imb.: force 17.6%

           Step           Time
       38400000   960000.00000

   Energies (kJ/mol)
           Bond       G96Angle        LJ (SR)   Coulomb (SR)      Potential
    2.08030e+05    5.37423e+04   -5.93333e+06   -2.99480e+04   -5.70151e+06
    Kinetic En.   Total Energy    Temperature Pressure (bar)
    9.70521e+05   -4.73099e+06    3.12485e+02    1.28447e+00

Writing checkpoint, step 38486670 at Tue Aug 22 21:43:18 2023


Writing checkpoint, step 38686100 at Tue Aug 22 21:58:18 2023


DD  step 38799999 load imb.: force 16.0%

           Step           Time
       38800000   970000.00000

   Energies (kJ/mol)
           Bond       G96Angle        LJ (SR)   Coulomb (SR)      Potential
    2.08882e+05    5.48812e+04   -5.93931e+06   -2.95321e+04   -5.70508e+06
    Kinetic En.   Total Energy    Temperature Pressure (bar)
    9.67649e+05   -4.73743e+06    3.11561e+02   -1.13186e+01

Writing checkpoint, step 38892300 at Tue Aug 22 22:13:18 2023


Writing checkpoint, step 39088770 at Tue Aug 22 22:28:18 2023


DD  step 39199999 load imb.: force 16.2%

           Step           Time
       39200000   980000.00000

   Energies (kJ/mol)
           Bond       G96Angle        LJ (SR)   Coulomb (SR)      Potential
    2.07071e+05    5.46798e+04   -5.93336e+06   -2.94730e+04   -5.70108e+06
    Kinetic En.   Total Energy    Temperature Pressure (bar)
    9.68588e+05   -4.73250e+06    3.11863e+02    8.25659e+00

Writing checkpoint, step 39284780 at Tue Aug 22 22:43:18 2023


Writing checkpoint, step 39483930 at Tue Aug 22 22:58:18 2023


DD  step 39599999 load imb.: force 19.7%

           Step           Time
       39600000   990000.00000

   Energies (kJ/mol)
           Bond       G96Angle        LJ (SR)   Coulomb (SR)      Potential
    2.07363e+05    5.50038e+04   -5.92966e+06   -2.90610e+04   -5.69635e+06
    Kinetic En.   Total Energy    Temperature Pressure (bar)
    9.71086e+05   -4.72526e+06    3.12667e+02    1.35783e+01

Writing checkpoint, step 39678590 at Tue Aug 22 23:13:18 2023


Writing checkpoint, step 39882390 at Tue Aug 22 23:28:18 2023


DD  step 39999999 load imb.: force 15.9%

           Step           Time
       40000000   1000000.00000

   Energies (kJ/mol)
           Bond       G96Angle        LJ (SR)   Coulomb (SR)      Potential
    2.07684e+05    5.46925e+04   -5.93709e+06   -2.93513e+04   -5.70406e+06
    Kinetic En.   Total Energy    Temperature Pressure (bar)
    9.67581e+05   -4.73648e+06    3.11539e+02   -6.87822e+00

Writing checkpoint, step 40086570 at Tue Aug 22 23:43:18 2023


Writing checkpoint, step 40293460 at Tue Aug 22 23:58:18 2023


DD  step 40399999 load imb.: force 16.5%

           Step           Time
       40400000   1010000.00000

   Energies (kJ/mol)
           Bond       G96Angle        LJ (SR)   Coulomb (SR)      Potential
    2.09059e+05    5.46344e+04   -5.93524e+06   -2.99478e+04   -5.70150e+06
    Kinetic En.   Total Energy    Temperature Pressure (bar)
    9.72776e+05   -4.72872e+06    3.13211e+02   -2.68293e+00

Writing checkpoint, step 40503780 at Wed Aug 23 00:13:18 2023


Writing checkpoint, step 40706740 at Wed Aug 23 00:28:18 2023


DD  step 40799999 load imb.: force 18.5%

           Step           Time
       40800000   1020000.00000

   Energies (kJ/mol)
           Bond       G96Angle        LJ (SR)   Coulomb (SR)      Potential
    2.08164e+05    5.43498e+04   -5.93494e+06   -2.94222e+04   -5.70185e+06
    Kinetic En.   Total Energy    Temperature Pressure (bar)
    9.67117e+05   -4.73473e+06    3.11389e+02    1.63502e+00

Writing checkpoint, step 40909270 at Wed Aug 23 00:43:18 2023


Writing checkpoint, step 41115100 at Wed Aug 23 00:58:18 2023


DD  step 41199999 load imb.: force 17.0%

           Step           Time
       41200000   1030000.00000

   Energies (kJ/mol)
           Bond       G96Angle        LJ (SR)   Coulomb (SR)      Potential
    2.07920e+05    5.41631e+04   -5.93489e+06   -2.98996e+04   -5.70271e+06
    Kinetic En.   Total Energy    Temperature Pressure (bar)
    9.68951e+05   -4.73376e+06    3.11980e+02   -1.69201e+00

Writing checkpoint, step 41325520 at Wed Aug 23 01:13:18 2023


Writing checkpoint, step 41523930 at Wed Aug 23 01:28:18 2023


DD  step 41599999 load imb.: force 19.8%

           Step           Time
       41600000   1040000.00000

   Energies (kJ/mol)
           Bond       G96Angle        LJ (SR)   Coulomb (SR)      Potential
    2.08163e+05    5.45959e+04   -5.93695e+06   -2.97941e+04   -5.70398e+06
    Kinetic En.   Total Energy    Temperature Pressure (bar)
    9.68491e+05   -4.73549e+06    3.11832e+02    3.72232e+00

Writing checkpoint, step 41722980 at Wed Aug 23 01:43:18 2023


Writing checkpoint, step 41921360 at Wed Aug 23 01:58:18 2023


DD  step 41999999 load imb.: force 20.8%

           Step           Time
       42000000   1050000.00000

   Energies (kJ/mol)
           Bond       G96Angle        LJ (SR)   Coulomb (SR)      Potential
    2.07590e+05    5.46952e+04   -5.93617e+06   -2.95835e+04   -5.70347e+06
    Kinetic En.   Total Energy    Temperature Pressure (bar)
    9.69581e+05   -4.73389e+06    3.12183e+02    3.35937e+00

Writing checkpoint, step 42123100 at Wed Aug 23 02:13:18 2023


Writing checkpoint, step 42321010 at Wed Aug 23 02:28:18 2023


DD  step 42399999 load imb.: force 18.8%

           Step           Time
       42400000   1060000.00000

   Energies (kJ/mol)
           Bond       G96Angle        LJ (SR)   Coulomb (SR)      Potential
    2.08335e+05    5.50297e+04   -5.93816e+06   -2.96746e+04   -5.70447e+06
    Kinetic En.   Total Energy    Temperature Pressure (bar)
    9.67482e+05   -4.73698e+06    3.11507e+02   -2.91516e+00

Writing checkpoint, step 42520810 at Wed Aug 23 02:43:18 2023


Writing checkpoint, step 42719660 at Wed Aug 23 02:58:18 2023


DD  step 42799999 load imb.: force 18.3%

           Step           Time
       42800000   1070000.00000

   Energies (kJ/mol)
           Bond       G96Angle        LJ (SR)   Coulomb (SR)      Potential
    2.07794e+05    5.49522e+04   -5.93467e+06   -2.96462e+04   -5.70157e+06
    Kinetic En.   Total Energy    Temperature Pressure (bar)
    9.65708e+05   -4.73586e+06    3.10936e+02   -4.60735e+00

Writing checkpoint, step 42918890 at Wed Aug 23 03:13:18 2023


Writing checkpoint, step 43114420 at Wed Aug 23 03:28:18 2023


DD  step 43199999 load imb.: force 17.7%

           Step           Time
       43200000   1080000.00000

   Energies (kJ/mol)
           Bond       G96Angle        LJ (SR)   Coulomb (SR)      Potential
    2.08005e+05    5.49600e+04   -5.93361e+06   -3.02357e+04   -5.70088e+06
    Kinetic En.   Total Energy    Temperature Pressure (bar)
    9.68744e+05   -4.73213e+06    3.11913e+02   -9.90093e-01

Writing checkpoint, step 43317860 at Wed Aug 23 03:43:18 2023


Writing checkpoint, step 43524290 at Wed Aug 23 03:58:18 2023


DD  step 43599999 load imb.: force 20.3%

           Step           Time
       43600000   1090000.00000

   Energies (kJ/mol)
           Bond       G96Angle        LJ (SR)   Coulomb (SR)      Potential
    2.08624e+05    5.42729e+04   -5.94024e+06   -2.98924e+04   -5.70724e+06
    Kinetic En.   Total Energy    Temperature Pressure (bar)
    9.70292e+05   -4.73694e+06    3.12412e+02   -5.62546e+00

Writing checkpoint, step 43725350 at Wed Aug 23 04:13:18 2023


Writing checkpoint, step 43921690 at Wed Aug 23 04:28:18 2023


DD  step 43999999 load imb.: force 19.3%

           Step           Time
       44000000   1100000.00000

   Energies (kJ/mol)
           Bond       G96Angle        LJ (SR)   Coulomb (SR)      Potential
    2.07261e+05    5.49944e+04   -5.93532e+06   -2.99996e+04   -5.70307e+06
    Kinetic En.   Total Energy    Temperature Pressure (bar)
    9.72456e+05   -4.73061e+06    3.13108e+02    4.79546e-01

Writing checkpoint, step 44125500 at Wed Aug 23 04:43:18 2023


Writing checkpoint, step 44337510 at Wed Aug 23 04:58:18 2023


DD  step 44399999 load imb.: force 12.9%

           Step           Time
       44400000   1110000.00000

   Energies (kJ/mol)
           Bond       G96Angle        LJ (SR)   Coulomb (SR)      Potential
    2.07786e+05    5.43111e+04   -5.93971e+06   -2.96342e+04   -5.70725e+06
    Kinetic En.   Total Energy    Temperature Pressure (bar)
    9.68440e+05   -4.73881e+06    3.11815e+02   -1.57474e+00

Writing checkpoint, step 44545730 at Wed Aug 23 05:13:18 2023


Writing checkpoint, step 44744710 at Wed Aug 23 05:28:18 2023


DD  step 44799999 load imb.: force 20.4%

           Step           Time
       44800000   1120000.00000

   Energies (kJ/mol)
           Bond       G96Angle        LJ (SR)   Coulomb (SR)      Potential
    2.07554e+05    5.44580e+04   -5.93328e+06   -3.01441e+04   -5.70141e+06
    Kinetic En.   Total Energy    Temperature Pressure (bar)
    9.70330e+05   -4.73108e+06    3.12424e+02    5.05619e+00

Writing checkpoint, step 44936660 at Wed Aug 23 05:43:18 2023


Writing checkpoint, step 45135770 at Wed Aug 23 05:58:18 2023


DD  step 45199999 load imb.: force 19.0%

           Step           Time
       45200000   1130000.00000

   Energies (kJ/mol)
           Bond       G96Angle        LJ (SR)   Coulomb (SR)      Potential
    2.08220e+05    5.46619e+04   -5.93296e+06   -2.97429e+04   -5.69982e+06
    Kinetic En.   Total Energy    Temperature Pressure (bar)
    9.72627e+05   -4.72720e+06    3.13163e+02    6.98742e+00

Writing checkpoint, step 45332990 at Wed Aug 23 06:13:18 2023


Writing checkpoint, step 45528680 at Wed Aug 23 06:28:18 2023


DD  step 45599999 load imb.: force 20.4%

           Step           Time
       45600000   1140000.00000

   Energies (kJ/mol)
           Bond       G96Angle        LJ (SR)   Coulomb (SR)      Potential
    2.05914e+05    5.50363e+04   -5.94035e+06   -3.01002e+04   -5.70950e+06
    Kinetic En.   Total Energy    Temperature Pressure (bar)
    9.65974e+05   -4.74353e+06    3.11021e+02   -4.68850e+00

Writing checkpoint, step 45734140 at Wed Aug 23 06:43:18 2023


Writing checkpoint, step 45939950 at Wed Aug 23 06:58:18 2023


DD  step 45999999 load imb.: force 16.5%

           Step           Time
       46000000   1150000.00000

   Energies (kJ/mol)
           Bond       G96Angle        LJ (SR)   Coulomb (SR)      Potential
    2.07724e+05    5.49700e+04   -5.93664e+06   -3.00272e+04   -5.70397e+06
    Kinetic En.   Total Energy    Temperature Pressure (bar)
    9.72157e+05   -4.73181e+06    3.13012e+02   -2.53479e+00

Writing checkpoint, step 46144940 at Wed Aug 23 07:13:18 2023


Writing checkpoint, step 46340700 at Wed Aug 23 07:28:18 2023


DD  step 46399999 load imb.: force 17.8%

           Step           Time
       46400000   1160000.00000

   Energies (kJ/mol)
           Bond       G96Angle        LJ (SR)   Coulomb (SR)      Potential
    2.07926e+05    5.43104e+04   -5.93695e+06   -2.97352e+04   -5.70445e+06
    Kinetic En.   Total Energy    Temperature Pressure (bar)
    9.71014e+05   -4.73343e+06    3.12644e+02    3.34516e+00

Writing checkpoint, step 46535180 at Wed Aug 23 07:43:18 2023


Writing checkpoint, step 46740340 at Wed Aug 23 07:58:18 2023


DD  step 46799999 load imb.: force 16.0%

           Step           Time
       46800000   1170000.00000

   Energies (kJ/mol)
           Bond       G96Angle        LJ (SR)   Coulomb (SR)      Potential
    2.06921e+05    5.48337e+04   -5.93706e+06   -2.96395e+04   -5.70495e+06
    Kinetic En.   Total Energy    Temperature Pressure (bar)
    9.71593e+05   -4.73336e+06    3.12830e+02    5.30486e+00

Writing checkpoint, step 46937310 at Wed Aug 23 08:13:18 2023


Writing checkpoint, step 47141010 at Wed Aug 23 08:28:18 2023


DD  step 47199999 load imb.: force 21.1%

           Step           Time
       47200000   1180000.00000

   Energies (kJ/mol)
           Bond       G96Angle        LJ (SR)   Coulomb (SR)      Potential
    2.07727e+05    5.47105e+04   -5.93296e+06   -2.96023e+04   -5.70012e+06
    Kinetic En.   Total Energy    Temperature Pressure (bar)
    9.69516e+05   -4.73061e+06    3.12162e+02    1.44130e+00

Writing checkpoint, step 47335510 at Wed Aug 23 08:43:18 2023


Writing checkpoint, step 47535930 at Wed Aug 23 08:58:18 2023


DD  step 47599999 load imb.: force 19.1%

           Step           Time
       47600000   1190000.00000

   Energies (kJ/mol)
           Bond       G96Angle        LJ (SR)   Coulomb (SR)      Potential
    2.08208e+05    5.50665e+04   -5.93171e+06   -2.95850e+04   -5.69802e+06
    Kinetic En.   Total Energy    Temperature Pressure (bar)
    9.68940e+05   -4.72908e+06    3.11976e+02    1.24960e+01

Writing checkpoint, step 47740780 at Wed Aug 23 09:13:18 2023


Writing checkpoint, step 47946720 at Wed Aug 23 09:28:18 2023


DD  step 47999999 load imb.: force 19.5%

           Step           Time
       48000000   1200000.00000

   Energies (kJ/mol)
           Bond       G96Angle        LJ (SR)   Coulomb (SR)      Potential
    2.08268e+05    5.40694e+04   -5.93324e+06   -2.97003e+04   -5.70060e+06
    Kinetic En.   Total Energy    Temperature Pressure (bar)
    9.74816e+05   -4.72578e+06    3.13868e+02    1.04984e+01

Writing checkpoint, step 48146730 at Wed Aug 23 09:43:18 2023


Writing checkpoint, step 48348800 at Wed Aug 23 09:58:18 2023


DD  step 48399999 load imb.: force 18.7%

           Step           Time
       48400000   1210000.00000

   Energies (kJ/mol)
           Bond       G96Angle        LJ (SR)   Coulomb (SR)      Potential
    2.08669e+05    5.44881e+04   -5.93454e+06   -2.94107e+04   -5.70079e+06
    Kinetic En.   Total Energy    Temperature Pressure (bar)
    9.68053e+05   -4.73274e+06    3.11691e+02    7.36165e+00

Writing checkpoint, step 48548150 at Wed Aug 23 10:13:18 2023


Writing checkpoint, step 48733410 at Wed Aug 23 10:28:18 2023


DD  step 48799999 load imb.: force 22.4%

           Step           Time
       48800000   1220000.00000

   Energies (kJ/mol)
           Bond       G96Angle        LJ (SR)   Coulomb (SR)      Potential
    2.08751e+05    5.41383e+04   -5.93558e+06   -2.98970e+04   -5.70259e+06
    Kinetic En.   Total Energy    Temperature Pressure (bar)
    9.68882e+05   -4.73371e+06    3.11957e+02    5.79556e-01

Writing checkpoint, step 48928180 at Wed Aug 23 10:43:18 2023


Writing checkpoint, step 49112670 at Wed Aug 23 10:58:18 2023


DD  step 49199999 load imb.: force 23.1%

           Step           Time
       49200000   1230000.00000

   Energies (kJ/mol)
           Bond       G96Angle        LJ (SR)   Coulomb (SR)      Potential
    2.08138e+05    5.45574e+04   -5.93611e+06   -3.01830e+04   -5.70360e+06
    Kinetic En.   Total Energy    Temperature Pressure (bar)
    9.68073e+05   -4.73553e+06    3.11697e+02   -3.99050e+00

Writing checkpoint, step 49298360 at Wed Aug 23 11:13:18 2023


Writing checkpoint, step 49492720 at Wed Aug 23 11:28:18 2023


DD  step 49599999 load imb.: force 25.4%

           Step           Time
       49600000   1240000.00000

   Energies (kJ/mol)
           Bond       G96Angle        LJ (SR)   Coulomb (SR)      Potential
    2.07812e+05    5.42994e+04   -5.94112e+06   -2.98747e+04   -5.70889e+06
    Kinetic En.   Total Energy    Temperature Pressure (bar)
    9.70740e+05   -4.73815e+06    3.12556e+02   -3.20497e+00

Writing checkpoint, step 49675120 at Wed Aug 23 11:43:18 2023


Writing checkpoint, step 49862030 at Wed Aug 23 11:58:18 2023


DD  step 49999999 load imb.: force 23.7%

           Step           Time
       50000000   1250000.00000

   Energies (kJ/mol)
           Bond       G96Angle        LJ (SR)   Coulomb (SR)      Potential
    2.08594e+05    5.46953e+04   -5.93858e+06   -3.00493e+04   -5.70533e+06
    Kinetic En.   Total Energy    Temperature Pressure (bar)
    9.70284e+05   -4.73505e+06    3.12409e+02   -4.92290e-02

Writing checkpoint, step 50060930 at Wed Aug 23 12:13:18 2023


Writing checkpoint, step 50253630 at Wed Aug 23 12:28:18 2023


DD  step 50399999 load imb.: force 17.3%

           Step           Time
       50400000   1260000.00000

   Energies (kJ/mol)
           Bond       G96Angle        LJ (SR)   Coulomb (SR)      Potential
    2.06527e+05    5.41257e+04   -5.93896e+06   -3.00734e+04   -5.70838e+06
    Kinetic En.   Total Energy    Temperature Pressure (bar)
    9.69648e+05   -4.73873e+06    3.12204e+02   -4.81409e-01

Writing checkpoint, step 50455950 at Wed Aug 23 12:43:18 2023


Writing checkpoint, step 50644520 at Wed Aug 23 12:58:18 2023


DD  step 50799999 load imb.: force 17.7%

           Step           Time
       50800000   1270000.00000

   Energies (kJ/mol)
           Bond       G96Angle        LJ (SR)   Coulomb (SR)      Potential
    2.08345e+05    5.46521e+04   -5.93489e+06   -2.98530e+04   -5.70175e+06
    Kinetic En.   Total Energy    Temperature Pressure (bar)
    9.69977e+05   -4.73177e+06    3.12310e+02   -7.97633e-01

Writing checkpoint, step 50846460 at Wed Aug 23 13:13:18 2023


Writing checkpoint, step 51048910 at Wed Aug 23 13:28:18 2023


DD  step 51199999 load imb.: force 18.1%

           Step           Time
       51200000   1280000.00000

   Energies (kJ/mol)
           Bond       G96Angle        LJ (SR)   Coulomb (SR)      Potential
    2.08423e+05    5.47356e+04   -5.93608e+06   -2.94322e+04   -5.70235e+06
    Kinetic En.   Total Energy    Temperature Pressure (bar)
    9.71322e+05   -4.73103e+06    3.12743e+02    3.73950e+00

Writing checkpoint, step 51248130 at Wed Aug 23 13:43:18 2023


Writing checkpoint, step 51447240 at Wed Aug 23 13:58:18 2023


DD  step 51599999 load imb.: force 22.8%

           Step           Time
       51600000   1290000.00000

   Energies (kJ/mol)
           Bond       G96Angle        LJ (SR)   Coulomb (SR)      Potential
    2.07283e+05    5.48905e+04   -5.93761e+06   -2.97735e+04   -5.70521e+06
    Kinetic En.   Total Energy    Temperature Pressure (bar)
    9.69890e+05   -4.73532e+06    3.12282e+02   -5.09409e-01

Writing checkpoint, step 51639500 at Wed Aug 23 14:13:18 2023


Writing checkpoint, step 51833310 at Wed Aug 23 14:28:18 2023


DD  step 51999999 load imb.: force 20.0%

           Step           Time
       52000000   1300000.00000

   Energies (kJ/mol)
           Bond       G96Angle        LJ (SR)   Coulomb (SR)      Potential
    2.08203e+05    5.45475e+04   -5.93553e+06   -2.95469e+04   -5.70233e+06
    Kinetic En.   Total Energy    Temperature Pressure (bar)
    9.71627e+05   -4.73070e+06    3.12841e+02   -3.68716e+00

Writing checkpoint, step 52030550 at Wed Aug 23 14:43:18 2023


Writing checkpoint, step 52223000 at Wed Aug 23 14:58:18 2023


DD  step 52399999 load imb.: force 21.6%

           Step           Time
       52400000   1310000.00000

   Energies (kJ/mol)
           Bond       G96Angle        LJ (SR)   Coulomb (SR)      Potential
    2.08426e+05    5.46186e+04   -5.93831e+06   -2.96884e+04   -5.70495e+06
    Kinetic En.   Total Energy    Temperature Pressure (bar)
    9.69617e+05   -4.73533e+06    3.12194e+02   -1.44980e+00

Writing checkpoint, step 52418240 at Wed Aug 23 15:13:18 2023


Writing checkpoint, step 52616760 at Wed Aug 23 15:28:18 2023


Writing checkpoint, step 52798170 at Wed Aug 23 15:43:18 2023


DD  step 52799999 load imb.: force 23.8%

           Step           Time
       52800000   1320000.00000

   Energies (kJ/mol)
           Bond       G96Angle        LJ (SR)   Coulomb (SR)      Potential
    2.07274e+05    5.50284e+04   -5.93621e+06   -2.97261e+04   -5.70363e+06
    Kinetic En.   Total Energy    Temperature Pressure (bar)
    9.68831e+05   -4.73480e+06    3.11941e+02    7.07322e+00

Writing checkpoint, step 52988630 at Wed Aug 23 15:58:18 2023


Writing checkpoint, step 53185600 at Wed Aug 23 16:13:18 2023


DD  step 53199999 load imb.: force 21.7%

           Step           Time
       53200000   1330000.00000

   Energies (kJ/mol)
           Bond       G96Angle        LJ (SR)   Coulomb (SR)      Potential
    2.07350e+05    5.40822e+04   -5.93453e+06   -2.97636e+04   -5.70286e+06
    Kinetic En.   Total Energy    Temperature Pressure (bar)
    9.70694e+05   -4.73217e+06    3.12541e+02    1.47819e+00

Writing checkpoint, step 53386420 at Wed Aug 23 16:28:18 2023


Writing checkpoint, step 53591460 at Wed Aug 23 16:43:18 2023


DD  step 53599999 load imb.: force 20.5%

           Step           Time
       53600000   1340000.00000

   Energies (kJ/mol)
           Bond       G96Angle        LJ (SR)   Coulomb (SR)      Potential
    2.07771e+05    5.42969e+04   -5.93397e+06   -2.95088e+04   -5.70141e+06
    Kinetic En.   Total Energy    Temperature Pressure (bar)
    9.70795e+05   -4.73062e+06    3.12573e+02    3.76586e-01

Writing checkpoint, step 53787460 at Wed Aug 23 16:58:18 2023


Writing checkpoint, step 53987580 at Wed Aug 23 17:13:18 2023


DD  step 53999999 load imb.: force 19.2%

           Step           Time
       54000000   1350000.00000

   Energies (kJ/mol)
           Bond       G96Angle        LJ (SR)   Coulomb (SR)      Potential
    2.10528e+05    5.41485e+04   -5.93552e+06   -2.99779e+04   -5.70082e+06
    Kinetic En.   Total Energy    Temperature Pressure (bar)
    9.70598e+05   -4.73022e+06    3.12510e+02    3.34774e-01

Writing checkpoint, step 54188180 at Wed Aug 23 17:28:18 2023


Writing checkpoint, step 54390630 at Wed Aug 23 17:43:18 2023


DD  step 54399999 load imb.: force 19.1%

           Step           Time
       54400000   1360000.00000

   Energies (kJ/mol)
           Bond       G96Angle        LJ (SR)   Coulomb (SR)      Potential
    2.07508e+05    5.50702e+04   -5.93573e+06   -3.01964e+04   -5.70335e+06
    Kinetic En.   Total Energy    Temperature Pressure (bar)
    9.72525e+05   -4.73083e+06    3.13130e+02    1.91156e+00

Writing checkpoint, step 54597990 at Wed Aug 23 17:58:18 2023


DD  step 54799999 load imb.: force 15.5%

           Step           Time
       54800000   1370000.00000

   Energies (kJ/mol)
           Bond       G96Angle        LJ (SR)   Coulomb (SR)      Potential
    2.08171e+05    5.45918e+04   -5.93443e+06   -3.02384e+04   -5.70190e+06
    Kinetic En.   Total Energy    Temperature Pressure (bar)
    9.68506e+05   -4.73340e+06    3.11837e+02    3.73044e+00

Writing checkpoint, step 54804120 at Wed Aug 23 18:13:18 2023


Writing checkpoint, step 55007020 at Wed Aug 23 18:28:18 2023


DD  step 55199999 load imb.: force 17.5%

           Step           Time
       55200000   1380000.00000

   Energies (kJ/mol)
           Bond       G96Angle        LJ (SR)   Coulomb (SR)      Potential
    2.07713e+05    5.52485e+04   -5.93403e+06   -2.99563e+04   -5.70103e+06
    Kinetic En.   Total Energy    Temperature Pressure (bar)
    9.68106e+05   -4.73292e+06    3.11708e+02   -4.20235e+00

Writing checkpoint, step 55209670 at Wed Aug 23 18:43:18 2023


Writing checkpoint, step 55411630 at Wed Aug 23 18:58:18 2023


DD  step 55599999 load imb.: force 18.6%

           Step           Time
       55600000   1390000.00000

   Energies (kJ/mol)
           Bond       G96Angle        LJ (SR)   Coulomb (SR)      Potential
    2.07887e+05    5.41362e+04   -5.93297e+06   -2.98986e+04   -5.70084e+06
    Kinetic En.   Total Energy    Temperature Pressure (bar)
    9.68771e+05   -4.73207e+06    3.11922e+02    3.93316e+00

Writing checkpoint, step 55614230 at Wed Aug 23 19:13:18 2023


Writing checkpoint, step 55814680 at Wed Aug 23 19:28:18 2023


DD  step 55999999 load imb.: force 82.6%

           Step           Time
       56000000   1400000.00000

   Energies (kJ/mol)
           Bond       G96Angle        LJ (SR)   Coulomb (SR)      Potential
    2.08870e+05    5.41728e+04   -5.93753e+06   -2.97485e+04   -5.70423e+06
    Kinetic En.   Total Energy    Temperature Pressure (bar)
    9.71526e+05   -4.73271e+06    3.12809e+02   -4.95991e+00

Writing checkpoint, step 56020170 at Wed Aug 23 19:43:18 2023


Writing checkpoint, step 56226870 at Wed Aug 23 19:58:18 2023


DD  step 56399999 load imb.: force 17.6%

           Step           Time
       56400000   1410000.00000

   Energies (kJ/mol)
           Bond       G96Angle        LJ (SR)   Coulomb (SR)      Potential
    2.08834e+05    5.44944e+04   -5.93934e+06   -2.97387e+04   -5.70575e+06
    Kinetic En.   Total Energy    Temperature Pressure (bar)
    9.72476e+05   -4.73328e+06    3.13115e+02   -1.05245e+01

Writing checkpoint, step 56426200 at Wed Aug 23 20:13:18 2023


Writing checkpoint, step 56617120 at Wed Aug 23 20:28:18 2023


DD  step 56799999 load imb.: force 18.1%

           Step           Time
       56800000   1420000.00000

   Energies (kJ/mol)
           Bond       G96Angle        LJ (SR)   Coulomb (SR)      Potential
    2.09667e+05    5.42529e+04   -5.93600e+06   -3.02703e+04   -5.70235e+06
    Kinetic En.   Total Energy    Temperature Pressure (bar)
    9.68484e+05   -4.73387e+06    3.11830e+02   -5.93288e+00

Writing checkpoint, step 56814820 at Wed Aug 23 20:43:18 2023


Writing checkpoint, step 57005620 at Wed Aug 23 20:58:18 2023


DD  step 57199999 load imb.: force 16.6%

           Step           Time
       57200000   1430000.00000

   Energies (kJ/mol)
           Bond       G96Angle        LJ (SR)   Coulomb (SR)      Potential
    2.09527e+05    5.41749e+04   -5.93202e+06   -2.98882e+04   -5.69821e+06
    Kinetic En.   Total Energy    Temperature Pressure (bar)
    9.68489e+05   -4.72972e+06    3.11831e+02    6.34041e+00

Writing checkpoint, step 57200930 at Wed Aug 23 21:13:18 2023


Writing checkpoint, step 57394610 at Wed Aug 23 21:28:18 2023




Received the TERM signal, stopping within 10 steps



Received the second INT/TERM signal, stopping within 2 steps

           Step           Time
       57509786   1437744.65000

Writing checkpoint, step 57509786 at Wed Aug 23 21:37:15 2023




-----------------------------------------------------------
Restarting from checkpoint, appending to previous log file.

Log file opened on Fri Aug 25 11:02:24 2023
Host: halc023.amarel.rutgers.edu  pid: 116604  rank ID: 0  number of ranks:  32
                      :-) GROMACS - gmx mdrun, 2016.1 (-:

Executable:   /opt/sw/packages/intel-17.0.1/mvapich2-2.2/gromacs/2016.1/bin/gmx_mpi
Data prefix:  /opt/sw/packages/intel-17.0.1/mvapich2-2.2/gromacs/2016.1
Working dir:  /scratch/jje63/heat_lig_multinano/PolarNP_3/Octanethiol
Command line:
  gmx_mpi mdrun -s md2.tpr -cpi md.cpt -ntomp 1 -deffnm md -v -rdd 1.4

GROMACS version:    2016.1
Precision:          single
Memory model:       64 bit
MPI library:        MPI
OpenMP support:     enabled (GMX_OPENMP_MAX_THREADS = 32)
GPU support:        disabled
SIMD instructions:  AVX_256
FFT library:        Intel MKL
RDTSCP usage:       enabled
TNG support:        enabled
Hwloc support:      disabled
Tracing support:    disabled
Built on:           Wed Nov 23 15:27:26 EST 2016
Built by:           novosirj@perceval2.hpc.rutgers.edu [CMAKE]
Build OS/arch:      Linux 3.10.0-229.20.1.el7.x86_64 x86_64
Build CPU vendor:   Intel
Build CPU brand:    Intel(R) Xeon(R) CPU E5-2650 v3 @ 2.30GHz
Build CPU family:   6   Model: 63   Stepping: 2
Build CPU features: aes apic avx avx2 clfsh cmov cx8 cx16 f16c fma htt lahf mmx msr nonstop_tsc pcid pclmuldq pdcm pdpe1gb popcnt pse rdrnd rdtscp sse2 sse3 sse4.1 sse4.2 ssse3 tdt x2apic
C compiler:         /opt/sw/packages/intel/17.0.1/compilers_and_libraries/linux/bin/intel64/icc Intel 17.0.0.20161005
C compiler flags:    -mavx   -mkl=sequential  -std=gnu99  -O3 -DNDEBUG -ip -funroll-all-loops -alias-const -ansi-alias  
C++ compiler:       /opt/sw/packages/intel/17.0.1/compilers_and_libraries/linux/bin/intel64/icpc Intel 17.0.0.20161005
C++ compiler flags:  -mavx    -std=c++0x   -O3 -DNDEBUG -ip -funroll-all-loops -alias-const -ansi-alias  


Initializing Domain Decomposition on 32 ranks
Dynamic load balancing: auto
Minimum cell size due to bonded interactions: 1.400 nm
Domain decomposition grid 4 x 4 x 2, separate PME ranks 0
Domain decomposition rank 0, coordinates 0 0 0

The initial number of communication pulses is: X 1 Y 1 Z 1
The initial domain decomposition cell size is: X 11.37 nm Y 11.37 nm Z 6.98 nm

The maximum allowed distance for charge groups involved in interactions is:
                 non-bonded interactions           1.200 nm
(the following are initial values, they could change due to box deformation)
            two-body bonded interactions  (-rdd)   1.400 nm
          multi-body bonded interactions  (-rdd)   1.400 nm

When dynamic load balancing gets turned on, these settings will change to:
The maximum number of communication pulses is: X 1 Y 1 Z 1
The minimum size for domain decomposition cells is 1.400 nm
The requested allowed shrink of DD cells (option -dds) is: 0.80
The allowed shrink of domain decomposition cells is: X 0.12 Y 0.12 Z 0.20
The maximum allowed distance for charge groups involved in interactions is:
                 non-bonded interactions           1.200 nm
            two-body bonded interactions  (-rdd)   1.400 nm
          multi-body bonded interactions  (-rdd)   1.400 nm

Using 32 MPI processes


NOTE: This file uses the deprecated 'group' cutoff_scheme. This will be
removed in a future release when 'verlet' supports all interaction forms.

Table routines are used for coulomb: true
Table routines are used for vdw:     true
Using shifted Lennard-Jones, switch between 0.9 and 1.2 nm
Cut-off's:   NS: 1.2   Coulomb: 1.2   LJ: 1.2
System total charge: 0.000
Generated table with 1100 data points for Shift.
Tabscale = 500 points/nm
Generated table with 1100 data points for LJ6Shift.
Tabscale = 500 points/nm
Generated table with 1100 data points for LJ12Shift.
Tabscale = 500 points/nm
Potential shift: LJ r^-12: 0.000e+00 r^-6: 0.000e+00
Pinning threads with an auto-selected logical core stride of 1

Linking all bonded interactions to atoms

Intra-simulation communication will occur every 1 steps.
Center of mass motion removal mode is Linear
We have the following groups for center of mass motion removal:
  0:  rest
There are: 249030 Atoms
Atom distribution over 32 domains: av 7782 stddev 175 min 7504 max 8265
Grid: 13 x 13 x 9 cells
Initial temperature: 625.866 K

Started mdrun on rank 0 Fri Aug 25 11:02:25 2023

DD  step 57509789 load imb.: force 37.2%


step 57509810 Turning on dynamic load balancing, because the performance loss due to load imbalance is 7.3 %.


step 57512180 Turning off dynamic load balancing, because it is degrading performance.

Atom distribution over 32 domains: av 7782 stddev 177 min 7517 max 8272

step 57515780 Turning on dynamic load balancing, because the performance loss due to load imbalance is 2.2 %.


step 57518380 Turning off dynamic load balancing, because it is degrading performance.

Atom distribution over 32 domains: av 7782 stddev 177 min 7509 max 8226

step 57518780 Will no longer try dynamic load balancing, as it degraded performance.

DD  step 57599999 load imb.: force 18.2%

           Step           Time
       57600000   1440000.00000

   Energies (kJ/mol)
           Bond       G96Angle        LJ (SR)   Coulomb (SR)      Potential
    2.08922e+05    5.44069e+04   -5.93391e+06   -2.92407e+04   -5.69982e+06
    Kinetic En.   Total Energy    Temperature Pressure (bar)
    9.71211e+05   -4.72861e+06    3.12707e+02    9.91205e-01

Writing checkpoint, step 57695320 at Fri Aug 25 11:17:25 2023


Writing checkpoint, step 57881060 at Fri Aug 25 11:32:25 2023


DD  step 57999999 load imb.: force 19.7%

           Step           Time
       58000000   1450000.00000

   Energies (kJ/mol)
           Bond       G96Angle        LJ (SR)   Coulomb (SR)      Potential
    2.09105e+05    5.44163e+04   -5.93403e+06   -2.98169e+04   -5.70033e+06
    Kinetic En.   Total Energy    Temperature Pressure (bar)
    9.73346e+05   -4.72698e+06    3.13395e+02   -8.87046e-01

Writing checkpoint, step 58063750 at Fri Aug 25 11:47:25 2023


Writing checkpoint, step 58249430 at Fri Aug 25 12:02:25 2023


DD  step 58399999 load imb.: force 17.9%

           Step           Time
       58400000   1460000.00000

   Energies (kJ/mol)
           Bond       G96Angle        LJ (SR)   Coulomb (SR)      Potential
    2.07943e+05    5.43232e+04   -5.93817e+06   -2.97489e+04   -5.70565e+06
    Kinetic En.   Total Energy    Temperature Pressure (bar)
    9.72751e+05   -4.73290e+06    3.13203e+02   -3.44773e+00

Writing checkpoint, step 58434700 at Fri Aug 25 12:17:25 2023


Writing checkpoint, step 58620140 at Fri Aug 25 12:32:25 2023


DD  step 58799999 load imb.: force 18.6%

           Step           Time
       58800000   1470000.00000

   Energies (kJ/mol)
           Bond       G96Angle        LJ (SR)   Coulomb (SR)      Potential
    2.07873e+05    5.43805e+04   -5.93603e+06   -3.01871e+04   -5.70396e+06
    Kinetic En.   Total Energy    Temperature Pressure (bar)
    9.70208e+05   -4.73376e+06    3.12384e+02   -4.52362e-01

Writing checkpoint, step 58804300 at Fri Aug 25 12:47:25 2023


Writing checkpoint, step 58988950 at Fri Aug 25 13:02:25 2023


Writing checkpoint, step 59173470 at Fri Aug 25 13:17:25 2023


DD  step 59199999 load imb.: force 16.4%

           Step           Time
       59200000   1480000.00000

   Energies (kJ/mol)
           Bond       G96Angle        LJ (SR)   Coulomb (SR)      Potential
    2.07538e+05    5.41662e+04   -5.93856e+06   -2.96647e+04   -5.70652e+06
    Kinetic En.   Total Energy    Temperature Pressure (bar)
    9.71507e+05   -4.73501e+06    3.12803e+02    2.89440e+00

Writing checkpoint, step 59359070 at Fri Aug 25 13:32:25 2023


Writing checkpoint, step 59544750 at Fri Aug 25 13:47:25 2023


DD  step 59599999 load imb.: force 14.1%

           Step           Time
       59600000   1490000.00000

   Energies (kJ/mol)
           Bond       G96Angle        LJ (SR)   Coulomb (SR)      Potential
    2.08851e+05    5.41400e+04   -5.93426e+06   -3.00239e+04   -5.70129e+06
    Kinetic En.   Total Energy    Temperature Pressure (bar)
    9.69238e+05   -4.73206e+06    3.12072e+02    8.84996e+00

Writing checkpoint, step 59735210 at Fri Aug 25 14:02:25 2023


Writing checkpoint, step 59926340 at Fri Aug 25 14:17:25 2023


DD  step 59999999 load imb.: force 11.1%

           Step           Time
       60000000   1500000.00000

   Energies (kJ/mol)
           Bond       G96Angle        LJ (SR)   Coulomb (SR)      Potential
    2.08164e+05    5.43889e+04   -5.93986e+06   -2.98538e+04   -5.70716e+06
    Kinetic En.   Total Energy    Temperature Pressure (bar)
    9.66466e+05   -4.74069e+06    3.11180e+02   -4.48929e+00

Writing checkpoint, step 60116160 at Fri Aug 25 14:32:25 2023


Writing checkpoint, step 60305580 at Fri Aug 25 14:47:25 2023


DD  step 60399999 load imb.: force 13.0%

           Step           Time
       60400000   1510000.00000

   Energies (kJ/mol)
           Bond       G96Angle        LJ (SR)   Coulomb (SR)      Potential
    2.08074e+05    5.37507e+04   -5.93359e+06   -3.02470e+04   -5.70202e+06
    Kinetic En.   Total Energy    Temperature Pressure (bar)
    9.73077e+05   -4.72894e+06    3.13308e+02    2.35758e+00

Writing checkpoint, step 60494210 at Fri Aug 25 15:02:25 2023


Writing checkpoint, step 60685090 at Fri Aug 25 15:17:25 2023


DD  step 60799999 load imb.: force 13.4%

           Step           Time
       60800000   1520000.00000

   Energies (kJ/mol)
           Bond       G96Angle        LJ (SR)   Coulomb (SR)      Potential
    2.07659e+05    5.48881e+04   -5.93450e+06   -3.01801e+04   -5.70214e+06
    Kinetic En.   Total Energy    Temperature Pressure (bar)
    9.72009e+05   -4.73013e+06    3.12964e+02    5.87849e+00

Writing checkpoint, step 60873650 at Fri Aug 25 15:32:25 2023


Writing checkpoint, step 61063010 at Fri Aug 25 15:47:25 2023


DD  step 61199999 load imb.: force 12.2%

           Step           Time
       61200000   1530000.00000

   Energies (kJ/mol)
           Bond       G96Angle        LJ (SR)   Coulomb (SR)      Potential
    2.07547e+05    5.41589e+04   -5.93687e+06   -2.97497e+04   -5.70491e+06
    Kinetic En.   Total Energy    Temperature Pressure (bar)
    9.66143e+05   -4.73877e+06    3.11076e+02   -2.09518e+00

Writing checkpoint, step 61253230 at Fri Aug 25 16:02:25 2023


Writing checkpoint, step 61439810 at Fri Aug 25 16:17:25 2023


DD  step 61599999 load imb.: force 15.0%

           Step           Time
       61600000   1540000.00000

   Energies (kJ/mol)
           Bond       G96Angle        LJ (SR)   Coulomb (SR)      Potential
    2.08556e+05    5.45056e+04   -5.93457e+06   -2.98829e+04   -5.70139e+06
    Kinetic En.   Total Energy    Temperature Pressure (bar)
    9.67723e+05   -4.73367e+06    3.11584e+02    7.13509e+00

Writing checkpoint, step 61626580 at Fri Aug 25 16:32:25 2023


Writing checkpoint, step 61812350 at Fri Aug 25 16:47:25 2023


Writing checkpoint, step 61998220 at Fri Aug 25 17:02:25 2023


DD  step 61999999 load imb.: force 15.9%

           Step           Time
       62000000   1550000.00000

   Energies (kJ/mol)
           Bond       G96Angle        LJ (SR)   Coulomb (SR)      Potential
    2.07559e+05    5.44913e+04   -5.93684e+06   -2.99081e+04   -5.70470e+06
    Kinetic En.   Total Energy    Temperature Pressure (bar)
    9.69196e+05   -4.73550e+06    3.12059e+02    5.00244e+00

Writing checkpoint, step 62183930 at Fri Aug 25 17:17:25 2023


Writing checkpoint, step 62371570 at Fri Aug 25 17:32:25 2023


DD  step 62399999 load imb.: force 15.6%

           Step           Time
       62400000   1560000.00000

   Energies (kJ/mol)
           Bond       G96Angle        LJ (SR)   Coulomb (SR)      Potential
    2.08993e+05    5.49541e+04   -5.93607e+06   -3.05126e+04   -5.70264e+06
    Kinetic En.   Total Energy    Temperature Pressure (bar)
    9.70453e+05   -4.73218e+06    3.12463e+02   -1.52720e+00

Writing checkpoint, step 62556690 at Fri Aug 25 17:47:25 2023


Writing checkpoint, step 62741850 at Fri Aug 25 18:02:25 2023


DD  step 62799999 load imb.: force 14.8%

           Step           Time
       62800000   1570000.00000

   Energies (kJ/mol)
           Bond       G96Angle        LJ (SR)   Coulomb (SR)      Potential
    2.07092e+05    5.44563e+04   -5.94019e+06   -2.98883e+04   -5.70853e+06
    Kinetic En.   Total Energy    Temperature Pressure (bar)
    9.66803e+05   -4.74173e+06    3.11288e+02   -7.95630e+00

Writing checkpoint, step 62926690 at Fri Aug 25 18:17:25 2023


Writing checkpoint, step 63111990 at Fri Aug 25 18:32:25 2023


DD  step 63199999 load imb.: force 18.2%

           Step           Time
       63200000   1580000.00000

   Energies (kJ/mol)
           Bond       G96Angle        LJ (SR)   Coulomb (SR)      Potential
    2.07866e+05    5.51366e+04   -5.93763e+06   -2.99393e+04   -5.70456e+06
    Kinetic En.   Total Energy    Temperature Pressure (bar)
    9.67085e+05   -4.73748e+06    3.11379e+02    4.16730e+00

Writing checkpoint, step 63295670 at Fri Aug 25 18:47:25 2023


Writing checkpoint, step 63481110 at Fri Aug 25 19:02:25 2023


DD  step 63599999 load imb.: force 15.4%

           Step           Time
       63600000   1590000.00000

   Energies (kJ/mol)
           Bond       G96Angle        LJ (SR)   Coulomb (SR)      Potential
    2.09378e+05    5.50418e+04   -5.93659e+06   -3.02491e+04   -5.70242e+06
    Kinetic En.   Total Energy    Temperature Pressure (bar)
    9.69510e+05   -4.73291e+06    3.12160e+02    5.79742e+00

Writing checkpoint, step 63666080 at Fri Aug 25 19:17:25 2023


Writing checkpoint, step 63851210 at Fri Aug 25 19:32:25 2023


DD  step 63999999 load imb.: force 14.7%

           Step           Time
       64000000   1600000.00000

   Energies (kJ/mol)
           Bond       G96Angle        LJ (SR)   Coulomb (SR)      Potential
    2.07772e+05    5.45162e+04   -5.93580e+06   -2.93675e+04   -5.70288e+06
    Kinetic En.   Total Energy    Temperature Pressure (bar)
    9.73944e+05   -4.72894e+06    3.13588e+02    3.15112e+00

Writing checkpoint, step 64037760 at Fri Aug 25 19:47:25 2023


Writing checkpoint, step 64224380 at Fri Aug 25 20:02:25 2023


DD  step 64399999 load imb.: force 11.2%

           Step           Time
       64400000   1610000.00000

   Energies (kJ/mol)
           Bond       G96Angle        LJ (SR)   Coulomb (SR)      Potential
    2.07339e+05    5.51281e+04   -5.93956e+06   -3.01710e+04   -5.70727e+06
    Kinetic En.   Total Energy    Temperature Pressure (bar)
    9.70708e+05   -4.73656e+06    3.12546e+02    3.07790e+00

Writing checkpoint, step 64412460 at Fri Aug 25 20:17:25 2023


Writing checkpoint, step 64599790 at Fri Aug 25 20:32:25 2023


Writing checkpoint, step 64786470 at Fri Aug 25 20:47:25 2023


DD  step 64799999 load imb.: force 11.2%

           Step           Time
       64800000   1620000.00000

   Energies (kJ/mol)
           Bond       G96Angle        LJ (SR)   Coulomb (SR)      Potential
    2.09239e+05    5.43451e+04   -5.93444e+06   -2.98365e+04   -5.70069e+06
    Kinetic En.   Total Energy    Temperature Pressure (bar)
    9.70422e+05   -4.73027e+06    3.12454e+02    1.37685e-01

Writing checkpoint, step 64973280 at Fri Aug 25 21:02:25 2023


Writing checkpoint, step 65159320 at Fri Aug 25 21:17:25 2023


DD  step 65199999 load imb.: force 16.1%

           Step           Time
       65200000   1630000.00000

   Energies (kJ/mol)
           Bond       G96Angle        LJ (SR)   Coulomb (SR)      Potential
    2.07287e+05    5.46639e+04   -5.93269e+06   -3.01170e+04   -5.70086e+06
    Kinetic En.   Total Energy    Temperature Pressure (bar)
    9.71315e+05   -4.72954e+06    3.12741e+02   -2.60863e+00

Writing checkpoint, step 65345700 at Fri Aug 25 21:32:25 2023


Writing checkpoint, step 65532680 at Fri Aug 25 21:47:25 2023


DD  step 65599999 load imb.: force 11.8%

           Step           Time
       65600000   1640000.00000

   Energies (kJ/mol)
           Bond       G96Angle        LJ (SR)   Coulomb (SR)      Potential
    2.08168e+05    5.44185e+04   -5.93664e+06   -2.96684e+04   -5.70373e+06
    Kinetic En.   Total Energy    Temperature Pressure (bar)
    9.70900e+05   -4.73283e+06    3.12607e+02    5.87481e-01

Writing checkpoint, step 65721510 at Fri Aug 25 22:02:25 2023


Writing checkpoint, step 65911900 at Fri Aug 25 22:17:25 2023


DD  step 65999999 load imb.: force 10.6%

           Step           Time
       66000000   1650000.00000

   Energies (kJ/mol)
           Bond       G96Angle        LJ (SR)   Coulomb (SR)      Potential
    2.08210e+05    5.41343e+04   -5.93547e+06   -2.99200e+04   -5.70305e+06
    Kinetic En.   Total Energy    Temperature Pressure (bar)
    9.68844e+05   -4.73420e+06    3.11945e+02   -2.92054e+00

Writing checkpoint, step 66103780 at Fri Aug 25 22:32:25 2023


Writing checkpoint, step 66293010 at Fri Aug 25 22:47:25 2023


DD  step 66399999 load imb.: force 15.2%

           Step           Time
       66400000   1660000.00000

   Energies (kJ/mol)
           Bond       G96Angle        LJ (SR)   Coulomb (SR)      Potential
    2.08051e+05    5.39668e+04   -5.93680e+06   -2.99341e+04   -5.70471e+06
    Kinetic En.   Total Energy    Temperature Pressure (bar)
    9.70573e+05   -4.73414e+06    3.12502e+02   -2.25447e+00

Writing checkpoint, step 66480850 at Fri Aug 25 23:02:25 2023


Writing checkpoint, step 66667020 at Fri Aug 25 23:17:25 2023


DD  step 66799999 load imb.: force 13.1%

           Step           Time
       66800000   1670000.00000

   Energies (kJ/mol)
           Bond       G96Angle        LJ (SR)   Coulomb (SR)      Potential
    2.08939e+05    5.47159e+04   -5.93505e+06   -3.03413e+04   -5.70174e+06
    Kinetic En.   Total Energy    Temperature Pressure (bar)
    9.68006e+05   -4.73373e+06    3.11675e+02    7.90859e+00

Writing checkpoint, step 66854200 at Fri Aug 25 23:32:25 2023


Writing checkpoint, step 67040590 at Fri Aug 25 23:47:25 2023


DD  step 67199999 load imb.: force 10.1%

           Step           Time
       67200000   1680000.00000

   Energies (kJ/mol)
           Bond       G96Angle        LJ (SR)   Coulomb (SR)      Potential
    2.07999e+05    5.43104e+04   -5.93903e+06   -2.99886e+04   -5.70671e+06
    Kinetic En.   Total Energy    Temperature Pressure (bar)
    9.68931e+05   -4.73778e+06    3.11973e+02   -6.03520e+00

Writing checkpoint, step 67229190 at Sat Aug 26 00:02:25 2023


Writing checkpoint, step 67420500 at Sat Aug 26 00:17:25 2023


DD  step 67599999 load imb.: force  9.3%

           Step           Time
       67600000   1690000.00000

   Energies (kJ/mol)
           Bond       G96Angle        LJ (SR)   Coulomb (SR)      Potential
    2.09141e+05    5.42184e+04   -5.93281e+06   -2.94317e+04   -5.69888e+06
    Kinetic En.   Total Energy    Temperature Pressure (bar)
    9.68905e+05   -4.72997e+06    3.11965e+02    1.45548e+01

Writing checkpoint, step 67610920 at Sat Aug 26 00:32:25 2023


Writing checkpoint, step 67802550 at Sat Aug 26 00:47:25 2023


Writing checkpoint, step 67992810 at Sat Aug 26 01:02:25 2023


DD  step 67999999 load imb.: force 10.2%

           Step           Time
       68000000   1700000.00000

   Energies (kJ/mol)
           Bond       G96Angle        LJ (SR)   Coulomb (SR)      Potential
    2.07314e+05    5.40922e+04   -5.94086e+06   -2.96283e+04   -5.70908e+06
    Kinetic En.   Total Energy    Temperature Pressure (bar)
    9.69389e+05   -4.73969e+06    3.12121e+02   -7.64976e+00

Writing checkpoint, step 68183600 at Sat Aug 26 01:17:25 2023


Writing checkpoint, step 68376010 at Sat Aug 26 01:32:25 2023


DD  step 68399999 load imb.: force  8.3%

           Step           Time
       68400000   1710000.00000

   Energies (kJ/mol)
           Bond       G96Angle        LJ (SR)   Coulomb (SR)      Potential
    2.08579e+05    5.42597e+04   -5.93799e+06   -3.00991e+04   -5.70525e+06
    Kinetic En.   Total Energy    Temperature Pressure (bar)
    9.66764e+05   -4.73848e+06    3.11276e+02    8.18591e-01

Writing checkpoint, step 68568810 at Sat Aug 26 01:47:25 2023


Writing checkpoint, step 68763060 at Sat Aug 26 02:02:25 2023


DD  step 68799999 load imb.: force  8.6%

           Step           Time
       68800000   1720000.00000

   Energies (kJ/mol)
           Bond       G96Angle        LJ (SR)   Coulomb (SR)      Potential
    2.08536e+05    5.47726e+04   -5.93546e+06   -3.02275e+04   -5.70238e+06
    Kinetic En.   Total Energy    Temperature Pressure (bar)
    9.67345e+05   -4.73503e+06    3.11463e+02    1.80474e+00

Writing checkpoint, step 68958470 at Sat Aug 26 02:17:25 2023


Writing checkpoint, step 69155890 at Sat Aug 26 02:32:25 2023


DD  step 69199999 load imb.: force  8.1%

           Step           Time
       69200000   1730000.00000

   Energies (kJ/mol)
           Bond       G96Angle        LJ (SR)   Coulomb (SR)      Potential
    2.08014e+05    5.51850e+04   -5.93994e+06   -2.98629e+04   -5.70661e+06
    Kinetic En.   Total Energy    Temperature Pressure (bar)
    9.71455e+05   -4.73515e+06    3.12786e+02    1.92829e-01

Writing checkpoint, step 69353890 at Sat Aug 26 02:47:25 2023


Writing checkpoint, step 69551910 at Sat Aug 26 03:02:25 2023


DD  step 69599999 load imb.: force  4.8%

           Step           Time
       69600000   1740000.00000

   Energies (kJ/mol)
           Bond       G96Angle        LJ (SR)   Coulomb (SR)      Potential
    2.09354e+05    5.46539e+04   -5.93675e+06   -2.97408e+04   -5.70248e+06
    Kinetic En.   Total Energy    Temperature Pressure (bar)
    9.71568e+05   -4.73091e+06    3.12823e+02    5.22099e+00

Writing checkpoint, step 69748770 at Sat Aug 26 03:17:25 2023


Writing checkpoint, step 69942270 at Sat Aug 26 03:32:25 2023


DD  step 69999999 load imb.: force 10.6%

           Step           Time
       70000000   1750000.00000

   Energies (kJ/mol)
           Bond       G96Angle        LJ (SR)   Coulomb (SR)      Potential
    2.06954e+05    5.44852e+04   -5.93654e+06   -2.95240e+04   -5.70462e+06
    Kinetic En.   Total Energy    Temperature Pressure (bar)
    9.69478e+05   -4.73514e+06    3.12149e+02    1.25247e+00

Writing checkpoint, step 70137520 at Sat Aug 26 03:47:25 2023


Writing checkpoint, step 70333560 at Sat Aug 26 04:02:25 2023


DD  step 70399999 load imb.: force  7.4%

           Step           Time
       70400000   1760000.00000

   Energies (kJ/mol)
           Bond       G96Angle        LJ (SR)   Coulomb (SR)      Potential
    2.09616e+05    5.41532e+04   -5.93174e+06   -2.97133e+04   -5.69768e+06
    Kinetic En.   Total Energy    Temperature Pressure (bar)
    9.67401e+05   -4.73028e+06    3.11481e+02    6.08885e+00

Writing checkpoint, step 70528390 at Sat Aug 26 04:17:25 2023


Writing checkpoint, step 70723260 at Sat Aug 26 04:32:25 2023


DD  step 70799999 load imb.: force 10.9%

           Step           Time
       70800000   1770000.00000

   Energies (kJ/mol)
           Bond       G96Angle        LJ (SR)   Coulomb (SR)      Potential
    2.09314e+05    5.47481e+04   -5.93596e+06   -2.98063e+04   -5.70171e+06
    Kinetic En.   Total Energy    Temperature Pressure (bar)
    9.71273e+05   -4.73043e+06    3.12727e+02   -7.74929e-02

Writing checkpoint, step 70915720 at Sat Aug 26 04:47:25 2023


Writing checkpoint, step 71107400 at Sat Aug 26 05:02:25 2023


DD  step 71199999 load imb.: force 11.8%

           Step           Time
       71200000   1780000.00000

   Energies (kJ/mol)
           Bond       G96Angle        LJ (SR)   Coulomb (SR)      Potential
    2.08286e+05    5.46556e+04   -5.93908e+06   -2.97018e+04   -5.70585e+06
    Kinetic En.   Total Energy    Temperature Pressure (bar)
    9.67905e+05   -4.73794e+06    3.11643e+02   -3.23488e-01

Writing checkpoint, step 71297170 at Sat Aug 26 05:17:25 2023


Writing checkpoint, step 71484920 at Sat Aug 26 05:32:25 2023


DD  step 71599999 load imb.: force  9.7%

           Step           Time
       71600000   1790000.00000

   Energies (kJ/mol)
           Bond       G96Angle        LJ (SR)   Coulomb (SR)      Potential
    2.08631e+05    5.47870e+04   -5.93614e+06   -2.98996e+04   -5.70262e+06
    Kinetic En.   Total Energy    Temperature Pressure (bar)
    9.68771e+05   -4.73385e+06    3.11922e+02    4.41661e+00

Writing checkpoint, step 71672660 at Sat Aug 26 05:47:25 2023


Writing checkpoint, step 71861210 at Sat Aug 26 06:02:25 2023


DD  step 71999999 load imb.: force 14.3%

           Step           Time
       72000000   1800000.00000

   Energies (kJ/mol)
           Bond       G96Angle        LJ (SR)   Coulomb (SR)      Potential
    2.08187e+05    5.48213e+04   -5.93494e+06   -3.00966e+04   -5.70203e+06
    Kinetic En.   Total Energy    Temperature Pressure (bar)
    9.69895e+05   -4.73214e+06    3.12284e+02    8.70721e+00

Writing checkpoint, step 72051360 at Sat Aug 26 06:17:25 2023


Writing checkpoint, step 72241430 at Sat Aug 26 06:32:25 2023


DD  step 72399999 load imb.: force 15.1%

           Step           Time
       72400000   1810000.00000

   Energies (kJ/mol)
           Bond       G96Angle        LJ (SR)   Coulomb (SR)      Potential
    2.06894e+05    5.48666e+04   -5.93973e+06   -2.98390e+04   -5.70781e+06
    Kinetic En.   Total Energy    Temperature Pressure (bar)
    9.66328e+05   -4.74148e+06    3.11135e+02   -3.77437e+00

Writing checkpoint, step 72428800 at Sat Aug 26 06:47:25 2023


Writing checkpoint, step 72616660 at Sat Aug 26 07:02:25 2023


DD  step 72799999 load imb.: force 10.5%

           Step           Time
       72800000   1820000.00000

   Energies (kJ/mol)
           Bond       G96Angle        LJ (SR)   Coulomb (SR)      Potential
    2.09352e+05    5.42314e+04   -5.93799e+06   -2.97870e+04   -5.70419e+06
    Kinetic En.   Total Energy    Temperature Pressure (bar)
    9.70174e+05   -4.73402e+06    3.12374e+02   -2.53338e+00

Writing checkpoint, step 72805940 at Sat Aug 26 07:17:25 2023


Writing checkpoint, step 72995380 at Sat Aug 26 07:32:25 2023


Writing checkpoint, step 73186300 at Sat Aug 26 07:47:25 2023


DD  step 73199999 load imb.: force  9.1%

           Step           Time
       73200000   1830000.00000

   Energies (kJ/mol)
           Bond       G96Angle        LJ (SR)   Coulomb (SR)      Potential
    2.09162e+05    5.44234e+04   -5.93706e+06   -2.97375e+04   -5.70321e+06
    Kinetic En.   Total Energy    Temperature Pressure (bar)
    9.69204e+05   -4.73401e+06    3.12061e+02   -7.73140e+00

Writing checkpoint, step 73378970 at Sat Aug 26 08:02:25 2023


Writing checkpoint, step 73572990 at Sat Aug 26 08:17:25 2023


DD  step 73599999 load imb.: force  7.1%

           Step           Time
       73600000   1840000.00000

   Energies (kJ/mol)
           Bond       G96Angle        LJ (SR)   Coulomb (SR)      Potential
    2.07343e+05    5.46807e+04   -5.93599e+06   -2.97051e+04   -5.70368e+06
    Kinetic En.   Total Energy    Temperature Pressure (bar)
    9.71068e+05   -4.73261e+06    3.12662e+02    2.06651e+00

Writing checkpoint, step 73766380 at Sat Aug 26 08:32:25 2023


Writing checkpoint, step 73960430 at Sat Aug 26 08:47:25 2023


DD  step 73999999 load imb.: force  7.7%

           Step           Time
       74000000   1850000.00000

   Energies (kJ/mol)
           Bond       G96Angle        LJ (SR)   Coulomb (SR)      Potential
    2.08716e+05    5.47198e+04   -5.93564e+06   -2.97341e+04   -5.70194e+06
    Kinetic En.   Total Energy    Temperature Pressure (bar)
    9.70527e+05   -4.73142e+06    3.12487e+02    2.64153e+00

Writing checkpoint, step 74154340 at Sat Aug 26 09:02:25 2023


Writing checkpoint, step 74349950 at Sat Aug 26 09:17:25 2023


DD  step 74399999 load imb.: force 10.5%

           Step           Time
       74400000   1860000.00000

   Energies (kJ/mol)
           Bond       G96Angle        LJ (SR)   Coulomb (SR)      Potential
    2.08479e+05    5.47607e+04   -5.93294e+06   -2.98432e+04   -5.69954e+06
    Kinetic En.   Total Energy    Temperature Pressure (bar)
    9.71350e+05   -4.72820e+06    3.12752e+02    1.29289e+01

Writing checkpoint, step 74543120 at Sat Aug 26 09:32:25 2023


Writing checkpoint, step 74736110 at Sat Aug 26 09:47:25 2023


DD  step 74799999 load imb.: force  8.0%

           Step           Time
       74800000   1870000.00000

   Energies (kJ/mol)
           Bond       G96Angle        LJ (SR)   Coulomb (SR)      Potential
    2.08826e+05    5.43967e+04   -5.93269e+06   -2.98580e+04   -5.69932e+06
    Kinetic En.   Total Energy    Temperature Pressure (bar)
    9.70631e+05   -4.72869e+06    3.12521e+02    2.36766e+00

Writing checkpoint, step 74931550 at Sat Aug 26 10:02:25 2023


Writing checkpoint, step 75127660 at Sat Aug 26 10:17:25 2023


DD  step 75199999 load imb.: force 12.6%

           Step           Time
       75200000   1880000.00000

   Energies (kJ/mol)
           Bond       G96Angle        LJ (SR)   Coulomb (SR)      Potential
    2.07951e+05    5.50776e+04   -5.93536e+06   -2.91931e+04   -5.70152e+06
    Kinetic En.   Total Energy    Temperature Pressure (bar)
    9.70400e+05   -4.73112e+06    3.12446e+02   -5.83422e+00

Writing checkpoint, step 75321390 at Sat Aug 26 10:32:25 2023


Writing checkpoint, step 75517460 at Sat Aug 26 10:47:25 2023


DD  step 75599999 load imb.: force 11.5%

           Step           Time
       75600000   1890000.00000

   Energies (kJ/mol)
           Bond       G96Angle        LJ (SR)   Coulomb (SR)      Potential
    2.07914e+05    5.51870e+04   -5.93609e+06   -2.99334e+04   -5.70293e+06
    Kinetic En.   Total Energy    Temperature Pressure (bar)
    9.69259e+05   -4.73367e+06    3.12079e+02    4.58723e+00

Writing checkpoint, step 75710140 at Sat Aug 26 11:02:25 2023


Writing checkpoint, step 75903600 at Sat Aug 26 11:17:25 2023


DD  step 75999999 load imb.: force  9.9%

           Step           Time
       76000000   1900000.00000

   Energies (kJ/mol)
           Bond       G96Angle        LJ (SR)   Coulomb (SR)      Potential
    2.09075e+05    5.48733e+04   -5.93283e+06   -3.00281e+04   -5.69891e+06
    Kinetic En.   Total Energy    Temperature Pressure (bar)
    9.74459e+05   -4.72445e+06    3.13753e+02    1.98937e+01

Writing checkpoint, step 76094990 at Sat Aug 26 11:32:25 2023


Writing checkpoint, step 76282320 at Sat Aug 26 11:47:25 2023


DD  step 76399999 load imb.: force 13.9%

           Step           Time
       76400000   1910000.00000

   Energies (kJ/mol)
           Bond       G96Angle        LJ (SR)   Coulomb (SR)      Potential
    2.07280e+05    5.46883e+04   -5.93228e+06   -2.98712e+04   -5.70019e+06
    Kinetic En.   Total Energy    Temperature Pressure (bar)
    9.73638e+05   -4.72655e+06    3.13489e+02    1.09203e+01

Writing checkpoint, step 76471470 at Sat Aug 26 12:02:25 2023


Writing checkpoint, step 76666020 at Sat Aug 26 12:17:25 2023


DD  step 76799999 load imb.: force 11.1%

           Step           Time
       76800000   1920000.00000

   Energies (kJ/mol)
           Bond       G96Angle        LJ (SR)   Coulomb (SR)      Potential
    2.07634e+05    5.46856e+04   -5.93734e+06   -2.98836e+04   -5.70490e+06
    Kinetic En.   Total Energy    Temperature Pressure (bar)
    9.68118e+05   -4.73679e+06    3.11712e+02   -2.35278e+00

Writing checkpoint, step 76859610 at Sat Aug 26 12:32:25 2023


Writing checkpoint, step 77049640 at Sat Aug 26 12:47:25 2023


DD  step 77199999 load imb.: force  9.7%

           Step           Time
       77200000   1930000.00000

   Energies (kJ/mol)
           Bond       G96Angle        LJ (SR)   Coulomb (SR)      Potential
    2.09007e+05    5.42002e+04   -5.93798e+06   -3.00332e+04   -5.70481e+06
    Kinetic En.   Total Energy    Temperature Pressure (bar)
    9.69470e+05   -4.73534e+06    3.12147e+02   -9.66102e+00

Writing checkpoint, step 77244040 at Sat Aug 26 13:02:25 2023


Writing checkpoint, step 77436390 at Sat Aug 26 13:17:25 2023


DD  step 77599999 load imb.: force  9.5%

           Step           Time
       77600000   1940000.00000

   Energies (kJ/mol)
           Bond       G96Angle        LJ (SR)   Coulomb (SR)      Potential
    2.08465e+05    5.43078e+04   -5.93352e+06   -2.96397e+04   -5.70039e+06
    Kinetic En.   Total Energy    Temperature Pressure (bar)
    9.70569e+05   -4.72982e+06    3.12501e+02    2.64226e-01

Writing checkpoint, step 77628980 at Sat Aug 26 13:32:25 2023


Writing checkpoint, step 77822990 at Sat Aug 26 13:47:25 2023


DD  step 77999999 load imb.: force  8.2%

           Step           Time
       78000000   1950000.00000

   Energies (kJ/mol)
           Bond       G96Angle        LJ (SR)   Coulomb (SR)      Potential
    2.08501e+05    5.48761e+04   -5.93385e+06   -3.01446e+04   -5.70062e+06
    Kinetic En.   Total Energy    Temperature Pressure (bar)
    9.69268e+05   -4.73135e+06    3.12082e+02    3.21787e+00

Writing checkpoint, step 78016670 at Sat Aug 26 14:02:25 2023


Writing checkpoint, step 78208410 at Sat Aug 26 14:17:25 2023


DD  step 78399999 load imb.: force  9.5%

           Step           Time
       78400000   1960000.00000

   Energies (kJ/mol)
           Bond       G96Angle        LJ (SR)   Coulomb (SR)      Potential
    2.07830e+05    5.46160e+04   -5.93428e+06   -2.98436e+04   -5.70167e+06
    Kinetic En.   Total Energy    Temperature Pressure (bar)
    9.69432e+05   -4.73224e+06    3.12135e+02    3.92929e+00

Writing checkpoint, step 78400650 at Sat Aug 26 14:32:25 2023


Writing checkpoint, step 78595600 at Sat Aug 26 14:47:25 2023


Writing checkpoint, step 78787160 at Sat Aug 26 15:02:25 2023


DD  step 78799999 load imb.: force  9.9%

           Step           Time
       78800000   1970000.00000

   Energies (kJ/mol)
           Bond       G96Angle        LJ (SR)   Coulomb (SR)      Potential
    2.08628e+05    5.46799e+04   -5.93495e+06   -3.00391e+04   -5.70168e+06
    Kinetic En.   Total Energy    Temperature Pressure (bar)
    9.70871e+05   -4.73081e+06    3.12598e+02    2.19791e+00

Writing checkpoint, step 78979110 at Sat Aug 26 15:17:25 2023


Writing checkpoint, step 79169260 at Sat Aug 26 15:32:25 2023


DD  step 79199999 load imb.: force 14.3%

           Step           Time
       79200000   1980000.00000

   Energies (kJ/mol)
           Bond       G96Angle        LJ (SR)   Coulomb (SR)      Potential
    2.08052e+05    5.49612e+04   -5.93487e+06   -2.98357e+04   -5.70170e+06
    Kinetic En.   Total Energy    Temperature Pressure (bar)
    9.71329e+05   -4.73037e+06    3.12746e+02    1.68412e+00

Writing checkpoint, step 79359870 at Sat Aug 26 15:47:25 2023


Writing checkpoint, step 79547020 at Sat Aug 26 16:02:25 2023


DD  step 79599999 load imb.: force 12.5%

           Step           Time
       79600000   1990000.00000

   Energies (kJ/mol)
           Bond       G96Angle        LJ (SR)   Coulomb (SR)      Potential
    2.08434e+05    5.47090e+04   -5.93865e+06   -2.96677e+04   -5.70518e+06
    Kinetic En.   Total Energy    Temperature Pressure (bar)
    9.71685e+05   -4.73349e+06    3.12860e+02   -4.32812e+00

Writing checkpoint, step 79734780 at Sat Aug 26 16:17:25 2023


Writing checkpoint, step 79921580 at Sat Aug 26 16:32:25 2023


DD  step 79999999 load imb.: force 13.1%

           Step           Time
       80000000   2000000.00000

   Energies (kJ/mol)
           Bond       G96Angle        LJ (SR)   Coulomb (SR)      Potential
    2.07768e+05    5.44840e+04   -5.93350e+06   -2.94371e+04   -5.70069e+06
    Kinetic En.   Total Energy    Temperature Pressure (bar)
    9.69619e+05   -4.73107e+06    3.12195e+02   -4.65408e+00

Writing checkpoint, step 80108350 at Sat Aug 26 16:47:25 2023


Writing checkpoint, step 80294750 at Sat Aug 26 17:02:25 2023


DD  step 80399999 load imb.: force 15.5%

           Step           Time
       80400000   2010000.00000

   Energies (kJ/mol)
           Bond       G96Angle        LJ (SR)   Coulomb (SR)      Potential
    2.08237e+05    5.38244e+04   -5.93695e+06   -3.00900e+04   -5.70498e+06
    Kinetic En.   Total Energy    Temperature Pressure (bar)
    9.72803e+05   -4.73218e+06    3.13220e+02    1.61498e+00

Writing checkpoint, step 80482160 at Sat Aug 26 17:17:25 2023


Writing checkpoint, step 80673010 at Sat Aug 26 17:32:25 2023


DD  step 80799999 load imb.: force 10.9%

           Step           Time
       80800000   2020000.00000

   Energies (kJ/mol)
           Bond       G96Angle        LJ (SR)   Coulomb (SR)      Potential
    2.09434e+05    5.45231e+04   -5.93546e+06   -2.96446e+04   -5.70114e+06
    Kinetic En.   Total Energy    Temperature Pressure (bar)
    9.70051e+05   -4.73109e+06    3.12334e+02    5.45181e+00

Writing checkpoint, step 80862100 at Sat Aug 26 17:47:25 2023


Writing checkpoint, step 81051120 at Sat Aug 26 18:02:25 2023


DD  step 81199999 load imb.: force 13.4%

           Step           Time
       81200000   2030000.00000

   Energies (kJ/mol)
           Bond       G96Angle        LJ (SR)   Coulomb (SR)      Potential
    2.07491e+05    5.47511e+04   -5.93775e+06   -3.00961e+04   -5.70560e+06
    Kinetic En.   Total Energy    Temperature Pressure (bar)
    9.70085e+05   -4.73552e+06    3.12345e+02    8.65849e+00

Writing checkpoint, step 81240160 at Sat Aug 26 18:17:25 2023


Writing checkpoint, step 81427190 at Sat Aug 26 18:32:25 2023


DD  step 81599999 load imb.: force 15.0%

           Step           Time
       81600000   2040000.00000

   Energies (kJ/mol)
           Bond       G96Angle        LJ (SR)   Coulomb (SR)      Potential
    2.09318e+05    5.43132e+04   -5.94038e+06   -2.97500e+04   -5.70649e+06
    Kinetic En.   Total Energy    Temperature Pressure (bar)
    9.69419e+05   -4.73708e+06    3.12130e+02   -8.17885e+00

Writing checkpoint, step 81614100 at Sat Aug 26 18:47:25 2023


Writing checkpoint, step 81802680 at Sat Aug 26 19:02:25 2023


Writing checkpoint, step 81992550 at Sat Aug 26 19:17:25 2023


DD  step 81999999 load imb.: force 13.7%

           Step           Time
       82000000   2050000.00000

   Energies (kJ/mol)
           Bond       G96Angle        LJ (SR)   Coulomb (SR)      Potential
    2.07682e+05    5.46461e+04   -5.93358e+06   -2.96231e+04   -5.70087e+06
    Kinetic En.   Total Energy    Temperature Pressure (bar)
    9.69016e+05   -4.73186e+06    3.12001e+02    2.16612e+00

Writing checkpoint, step 82179760 at Sat Aug 26 19:32:25 2023


Writing checkpoint, step 82366850 at Sat Aug 26 19:47:25 2023


DD  step 82399999 load imb.: force 11.8%

           Step           Time
       82400000   2060000.00000

   Energies (kJ/mol)
           Bond       G96Angle        LJ (SR)   Coulomb (SR)      Potential
    2.08187e+05    5.42614e+04   -5.93604e+06   -2.97166e+04   -5.70331e+06
    Kinetic En.   Total Energy    Temperature Pressure (bar)
    9.68940e+05   -4.73437e+06    3.11976e+02   -2.62774e+00

Writing checkpoint, step 82555260 at Sat Aug 26 20:02:25 2023


Writing checkpoint, step 82743460 at Sat Aug 26 20:17:25 2023


DD  step 82799999 load imb.: force 17.1%

           Step           Time
       82800000   2070000.00000

   Energies (kJ/mol)
           Bond       G96Angle        LJ (SR)   Coulomb (SR)      Potential
    2.08729e+05    5.47533e+04   -5.93462e+06   -3.00042e+04   -5.70114e+06
    Kinetic En.   Total Energy    Temperature Pressure (bar)
    9.70076e+05   -4.73107e+06    3.12342e+02    5.20696e-01

Writing checkpoint, step 82928460 at Sat Aug 26 20:32:25 2023


Writing checkpoint, step 83112570 at Sat Aug 26 20:47:25 2023


DD  step 83199999 load imb.: force 14.9%

           Step           Time
       83200000   2080000.00000

   Energies (kJ/mol)
           Bond       G96Angle        LJ (SR)   Coulomb (SR)      Potential
    2.09193e+05    5.44731e+04   -5.93413e+06   -2.96840e+04   -5.70015e+06
    Kinetic En.   Total Energy    Temperature Pressure (bar)
    9.71924e+05   -4.72822e+06    3.12937e+02    3.54329e+00

Writing checkpoint, step 83298360 at Sat Aug 26 21:02:25 2023


Writing checkpoint, step 83485450 at Sat Aug 26 21:17:25 2023


DD  step 83599999 load imb.: force 12.9%

           Step           Time
       83600000   2090000.00000

   Energies (kJ/mol)
           Bond       G96Angle        LJ (SR)   Coulomb (SR)      Potential
    2.07037e+05    5.41388e+04   -5.93695e+06   -2.99502e+04   -5.70572e+06
    Kinetic En.   Total Energy    Temperature Pressure (bar)
    9.67935e+05   -4.73779e+06    3.11653e+02   -2.90775e+00

Writing checkpoint, step 83671720 at Sat Aug 26 21:32:25 2023


Writing checkpoint, step 83858900 at Sat Aug 26 21:47:25 2023


DD  step 83999999 load imb.: force 14.4%

           Step           Time
       84000000   2100000.00000

   Energies (kJ/mol)
           Bond       G96Angle        LJ (SR)   Coulomb (SR)      Potential
    2.08750e+05    5.44648e+04   -5.94031e+06   -2.96371e+04   -5.70673e+06
    Kinetic En.   Total Energy    Temperature Pressure (bar)
    9.68766e+05   -4.73796e+06    3.11920e+02   -3.96049e+00

Writing checkpoint, step 84045160 at Sat Aug 26 22:02:25 2023


Writing checkpoint, step 84230930 at Sat Aug 26 22:17:25 2023


DD  step 84399999 load imb.: force 15.4%

           Step           Time
       84400000   2110000.00000

   Energies (kJ/mol)
           Bond       G96Angle        LJ (SR)   Coulomb (SR)      Potential
    2.08495e+05    5.44072e+04   -5.93582e+06   -3.03105e+04   -5.70322e+06
    Kinetic En.   Total Energy    Temperature Pressure (bar)
    9.70388e+05   -4.73284e+06    3.12442e+02    2.27032e+00

Writing checkpoint, step 84416690 at Sat Aug 26 22:32:25 2023


Writing checkpoint, step 84602980 at Sat Aug 26 22:47:25 2023


Writing checkpoint, step 84789310 at Sat Aug 26 23:02:25 2023


DD  step 84799999 load imb.: force 16.2%

           Step           Time
       84800000   2120000.00000

   Energies (kJ/mol)
           Bond       G96Angle        LJ (SR)   Coulomb (SR)      Potential
    2.08763e+05    5.48377e+04   -5.93598e+06   -2.96054e+04   -5.70199e+06
    Kinetic En.   Total Energy    Temperature Pressure (bar)
    9.69945e+05   -4.73204e+06    3.12300e+02    2.29060e+00

Writing checkpoint, step 84974720 at Sat Aug 26 23:17:25 2023


Writing checkpoint, step 85161250 at Sat Aug 26 23:32:25 2023


DD  step 85199999 load imb.: force 17.0%

           Step           Time
       85200000   2130000.00000

   Energies (kJ/mol)
           Bond       G96Angle        LJ (SR)   Coulomb (SR)      Potential
    2.08010e+05    5.42822e+04   -5.93753e+06   -2.97265e+04   -5.70496e+06
    Kinetic En.   Total Energy    Temperature Pressure (bar)
    9.69137e+05   -4.73583e+06    3.12040e+02   -1.28129e+00

Writing checkpoint, step 85347420 at Sat Aug 26 23:47:25 2023


Writing checkpoint, step 85533760 at Sun Aug 27 00:02:25 2023


DD  step 85599999 load imb.: force 18.4%

           Step           Time
       85600000   2140000.00000

   Energies (kJ/mol)
           Bond       G96Angle        LJ (SR)   Coulomb (SR)      Potential
    2.07436e+05    5.49952e+04   -5.93483e+06   -3.02955e+04   -5.70269e+06
    Kinetic En.   Total Energy    Temperature Pressure (bar)
    9.70317e+05   -4.73237e+06    3.12420e+02    6.65165e+00

Writing checkpoint, step 85722310 at Sun Aug 27 00:17:25 2023


Writing checkpoint, step 85910200 at Sun Aug 27 00:32:25 2023


DD  step 85999999 load imb.: force 13.9%

           Step           Time
       86000000   2150000.00000

   Energies (kJ/mol)
           Bond       G96Angle        LJ (SR)   Coulomb (SR)      Potential
    2.07573e+05    5.50918e+04   -5.93499e+06   -2.95431e+04   -5.70187e+06
    Kinetic En.   Total Energy    Temperature Pressure (bar)
    9.66304e+05   -4.73557e+06    3.11127e+02   -2.10541e+00

Writing checkpoint, step 86098750 at Sun Aug 27 00:47:25 2023


Writing checkpoint, step 86287170 at Sun Aug 27 01:02:25 2023


DD  step 86399999 load imb.: force  9.1%

           Step           Time
       86400000   2160000.00000

   Energies (kJ/mol)
           Bond       G96Angle        LJ (SR)   Coulomb (SR)      Potential
    2.07810e+05    5.34843e+04   -5.94086e+06   -3.02398e+04   -5.70981e+06
    Kinetic En.   Total Energy    Temperature Pressure (bar)
    9.66078e+05   -4.74373e+06    3.11055e+02   -8.15185e+00

Writing checkpoint, step 86478700 at Sun Aug 27 01:17:25 2023


Writing checkpoint, step 86670510 at Sun Aug 27 01:32:25 2023


DD  step 86799999 load imb.: force 10.5%

           Step           Time
       86800000   2170000.00000

   Energies (kJ/mol)
           Bond       G96Angle        LJ (SR)   Coulomb (SR)      Potential
    2.07688e+05    5.53850e+04   -5.93839e+06   -2.99687e+04   -5.70528e+06
    Kinetic En.   Total Energy    Temperature Pressure (bar)
    9.71944e+05   -4.73334e+06    3.12944e+02   -1.54717e+00

Writing checkpoint, step 86863420 at Sun Aug 27 01:47:25 2023


Writing checkpoint, step 87055370 at Sun Aug 27 02:02:25 2023


DD  step 87199999 load imb.: force 10.9%

           Step           Time
       87200000   2180000.00000

   Energies (kJ/mol)
           Bond       G96Angle        LJ (SR)   Coulomb (SR)      Potential
    2.08307e+05    5.46998e+04   -5.93393e+06   -3.01766e+04   -5.70110e+06
    Kinetic En.   Total Energy    Temperature Pressure (bar)
    9.70259e+05   -4.73084e+06    3.12401e+02    1.20910e+01

Writing checkpoint, step 87247910 at Sun Aug 27 02:17:25 2023


Writing checkpoint, step 87439000 at Sun Aug 27 02:32:25 2023


DD  step 87599999 load imb.: force  9.1%

           Step           Time
       87600000   2190000.00000

   Energies (kJ/mol)
           Bond       G96Angle        LJ (SR)   Coulomb (SR)      Potential
    2.09676e+05    5.43552e+04   -5.93516e+06   -2.94209e+04   -5.70054e+06
    Kinetic En.   Total Energy    Temperature Pressure (bar)
    9.69805e+05   -4.73074e+06    3.12255e+02   -7.30046e-01

Writing checkpoint, step 87629100 at Sun Aug 27 02:47:25 2023


Writing checkpoint, step 87819420 at Sun Aug 27 03:02:25 2023


DD  step 87999999 load imb.: force 11.5%

           Step           Time
       88000000   2200000.00000

   Energies (kJ/mol)
           Bond       G96Angle        LJ (SR)   Coulomb (SR)      Potential
    2.07503e+05    5.44302e+04   -5.94243e+06   -2.99146e+04   -5.71041e+06
    Kinetic En.   Total Energy    Temperature Pressure (bar)
    9.68320e+05   -4.74209e+06    3.11777e+02   -1.03988e+01

Writing checkpoint, step 88011050 at Sun Aug 27 03:17:25 2023


Writing checkpoint, step 88202500 at Sun Aug 27 03:32:25 2023


Writing checkpoint, step 88391530 at Sun Aug 27 03:47:25 2023


DD  step 88399999 load imb.: force 10.0%

           Step           Time
       88400000   2210000.00000

   Energies (kJ/mol)
           Bond       G96Angle        LJ (SR)   Coulomb (SR)      Potential
    2.07368e+05    5.42945e+04   -5.93852e+06   -3.04735e+04   -5.70733e+06
    Kinetic En.   Total Energy    Temperature Pressure (bar)
    9.69519e+05   -4.73782e+06    3.12163e+02   -1.06171e+00

Writing checkpoint, step 88583130 at Sun Aug 27 04:02:25 2023


Writing checkpoint, step 88773870 at Sun Aug 27 04:17:25 2023


DD  step 88799999 load imb.: force 10.9%

           Step           Time
       88800000   2220000.00000

   Energies (kJ/mol)
           Bond       G96Angle        LJ (SR)   Coulomb (SR)      Potential
    2.07437e+05    5.45199e+04   -5.93333e+06   -3.03650e+04   -5.70174e+06
    Kinetic En.   Total Energy    Temperature Pressure (bar)
    9.71827e+05   -4.72991e+06    3.12906e+02    6.47106e+00

Writing checkpoint, step 88962580 at Sun Aug 27 04:32:25 2023


Writing checkpoint, step 89153500 at Sun Aug 27 04:47:25 2023


DD  step 89199999 load imb.: force 11.5%

           Step           Time
       89200000   2230000.00000

   Energies (kJ/mol)
           Bond       G96Angle        LJ (SR)   Coulomb (SR)      Potential
    2.07163e+05    5.47341e+04   -5.93593e+06   -2.99811e+04   -5.70401e+06
    Kinetic En.   Total Energy    Temperature Pressure (bar)
    9.69565e+05   -4.73445e+06    3.12177e+02   -4.60919e+00

Writing checkpoint, step 89344120 at Sun Aug 27 05:02:25 2023


Writing checkpoint, step 89534590 at Sun Aug 27 05:17:25 2023


DD  step 89599999 load imb.: force 10.6%

           Step           Time
       89600000   2240000.00000

   Energies (kJ/mol)
           Bond       G96Angle        LJ (SR)   Coulomb (SR)      Potential
    2.08716e+05    5.42042e+04   -5.93770e+06   -2.99096e+04   -5.70469e+06
    Kinetic En.   Total Energy    Temperature Pressure (bar)
    9.69816e+05   -4.73488e+06    3.12258e+02   -1.01308e+00

Writing checkpoint, step 89726470 at Sun Aug 27 05:32:25 2023


Writing checkpoint, step 89919040 at Sun Aug 27 05:47:25 2023


DD  step 89999999 load imb.: force 13.4%

           Step           Time
       90000000   2250000.00000

   Energies (kJ/mol)
           Bond       G96Angle        LJ (SR)   Coulomb (SR)      Potential
    2.07674e+05    5.46946e+04   -5.93291e+06   -2.95022e+04   -5.70004e+06
    Kinetic En.   Total Energy    Temperature Pressure (bar)
    9.68496e+05   -4.73155e+06    3.11833e+02    9.87155e+00

Writing checkpoint, step 90107110 at Sun Aug 27 06:02:25 2023


Writing checkpoint, step 90297260 at Sun Aug 27 06:17:25 2023


DD  step 90399999 load imb.: force 10.2%

           Step           Time
       90400000   2260000.00000

   Energies (kJ/mol)
           Bond       G96Angle        LJ (SR)   Coulomb (SR)      Potential
    2.08449e+05    5.39227e+04   -5.93455e+06   -3.00833e+04   -5.70226e+06
    Kinetic En.   Total Energy    Temperature Pressure (bar)
    9.66544e+05   -4.73572e+06    3.11205e+02    5.37144e+00

Writing checkpoint, step 90487120 at Sun Aug 27 06:32:25 2023


Writing checkpoint, step 90675940 at Sun Aug 27 06:47:25 2023


DD  step 90799999 load imb.: force 13.6%

           Step           Time
       90800000   2270000.00000

   Energies (kJ/mol)
           Bond       G96Angle        LJ (SR)   Coulomb (SR)      Potential
    2.08617e+05    5.44453e+04   -5.93392e+06   -3.00674e+04   -5.70092e+06
    Kinetic En.   Total Energy    Temperature Pressure (bar)
    9.69220e+05   -4.73170e+06    3.12066e+02    1.41316e+00

Writing checkpoint, step 90862760 at Sun Aug 27 07:02:25 2023


Writing checkpoint, step 91049940 at Sun Aug 27 07:17:25 2023


DD  step 91199999 load imb.: force 12.6%

           Step           Time
       91200000   2280000.00000

   Energies (kJ/mol)
           Bond       G96Angle        LJ (SR)   Coulomb (SR)      Potential
    2.07775e+05    5.47503e+04   -5.93807e+06   -3.01098e+04   -5.70565e+06
    Kinetic En.   Total Energy    Temperature Pressure (bar)
    9.72834e+05   -4.73282e+06    3.13230e+02    7.10536e+00

Writing checkpoint, step 91237760 at Sun Aug 27 07:32:25 2023


Writing checkpoint, step 91429380 at Sun Aug 27 07:47:25 2023


DD  step 91599999 load imb.: force  9.4%

           Step           Time
       91600000   2290000.00000

   Energies (kJ/mol)
           Bond       G96Angle        LJ (SR)   Coulomb (SR)      Potential
    2.08428e+05    5.36608e+04   -5.93732e+06   -3.01050e+04   -5.70534e+06
    Kinetic En.   Total Energy    Temperature Pressure (bar)
    9.71280e+05   -4.73406e+06    3.12730e+02   -1.24650e+00

Writing checkpoint, step 91620850 at Sun Aug 27 08:02:25 2023


Writing checkpoint, step 91811240 at Sun Aug 27 08:17:25 2023


DD  step 91999999 load imb.: force 10.1%

           Step           Time
       92000000   2300000.00000

   Energies (kJ/mol)
           Bond       G96Angle        LJ (SR)   Coulomb (SR)      Potential
    2.08752e+05    5.43359e+04   -5.93831e+06   -3.00931e+04   -5.70532e+06
    Kinetic En.   Total Energy    Temperature Pressure (bar)
    9.71230e+05   -4.73409e+06    3.12714e+02   -6.67772e+00

Writing checkpoint, step 92002540 at Sun Aug 27 08:32:25 2023


Writing checkpoint, step 92195990 at Sun Aug 27 08:47:25 2023


Writing checkpoint, step 92388270 at Sun Aug 27 09:02:25 2023


DD  step 92399999 load imb.: force 10.5%

           Step           Time
       92400000   2310000.00000

   Energies (kJ/mol)
           Bond       G96Angle        LJ (SR)   Coulomb (SR)      Potential
    2.08135e+05    5.47787e+04   -5.93778e+06   -3.00762e+04   -5.70494e+06
    Kinetic En.   Total Energy    Temperature Pressure (bar)
    9.68297e+05   -4.73665e+06    3.11769e+02   -1.43973e-03

Writing checkpoint, step 92578650 at Sun Aug 27 09:17:25 2023


Writing checkpoint, step 92768720 at Sun Aug 27 09:32:25 2023


DD  step 92799999 load imb.: force  9.5%

           Step           Time
       92800000   2320000.00000

   Energies (kJ/mol)
           Bond       G96Angle        LJ (SR)   Coulomb (SR)      Potential
    2.08530e+05    5.48073e+04   -5.93618e+06   -3.03301e+04   -5.70317e+06
    Kinetic En.   Total Energy    Temperature Pressure (bar)
    9.69917e+05   -4.73325e+06    3.12291e+02    3.28668e+00

Writing checkpoint, step 92957480 at Sun Aug 27 09:47:25 2023


Writing checkpoint, step 93145440 at Sun Aug 27 10:02:25 2023


DD  step 93199999 load imb.: force  9.9%

           Step           Time
       93200000   2330000.00000

   Energies (kJ/mol)
           Bond       G96Angle        LJ (SR)   Coulomb (SR)      Potential
    2.07839e+05    5.50793e+04   -5.93644e+06   -2.97462e+04   -5.70327e+06
    Kinetic En.   Total Energy    Temperature Pressure (bar)
    9.67835e+05   -4.73544e+06    3.11620e+02   -1.68190e+00

Writing checkpoint, step 93335190 at Sun Aug 27 10:17:25 2023


Writing checkpoint, step 93521200 at Sun Aug 27 10:32:25 2023


DD  step 93599999 load imb.: force 17.6%

           Step           Time
       93600000   2340000.00000

   Energies (kJ/mol)
           Bond       G96Angle        LJ (SR)   Coulomb (SR)      Potential
    2.08149e+05    5.43921e+04   -5.93556e+06   -2.98836e+04   -5.70290e+06
    Kinetic En.   Total Energy    Temperature Pressure (bar)
    9.70641e+05   -4.73226e+06    3.12524e+02   -1.78979e+00

Writing checkpoint, step 93707780 at Sun Aug 27 10:47:25 2023


Writing checkpoint, step 93895270 at Sun Aug 27 11:02:25 2023


DD  step 93999999 load imb.: force 13.1%

           Step           Time
       94000000   2350000.00000

   Energies (kJ/mol)
           Bond       G96Angle        LJ (SR)   Coulomb (SR)      Potential
    2.07483e+05    5.49549e+04   -5.93441e+06   -2.95663e+04   -5.70153e+06
    Kinetic En.   Total Energy    Temperature Pressure (bar)
    9.70018e+05   -4.73152e+06    3.12323e+02    1.13929e+01

Writing checkpoint, step 94082070 at Sun Aug 27 11:17:25 2023


Writing checkpoint, step 94268640 at Sun Aug 27 11:32:25 2023


DD  step 94399999 load imb.: force 11.8%

           Step           Time
       94400000   2360000.00000

   Energies (kJ/mol)
           Bond       G96Angle        LJ (SR)   Coulomb (SR)      Potential
    2.06365e+05    5.44146e+04   -5.93605e+06   -2.97551e+04   -5.70502e+06
    Kinetic En.   Total Energy    Temperature Pressure (bar)
    9.72040e+05   -4.73298e+06    3.12974e+02    5.14407e+00

Writing checkpoint, step 94456450 at Sun Aug 27 11:47:25 2023


Writing checkpoint, step 94642950 at Sun Aug 27 12:02:25 2023


DD  step 94799999 load imb.: force 14.1%

           Step           Time
       94800000   2370000.00000

   Energies (kJ/mol)
           Bond       G96Angle        LJ (SR)   Coulomb (SR)      Potential
    2.06903e+05    5.46693e+04   -5.93275e+06   -2.94053e+04   -5.70058e+06
    Kinetic En.   Total Energy    Temperature Pressure (bar)
    9.72088e+05   -4.72850e+06    3.12990e+02    5.72487e+00

Writing checkpoint, step 94829280 at Sun Aug 27 12:17:25 2023


Writing checkpoint, step 95019560 at Sun Aug 27 12:32:25 2023


DD  step 95199999 load imb.: force 13.0%

           Step           Time
       95200000   2380000.00000

   Energies (kJ/mol)
           Bond       G96Angle        LJ (SR)   Coulomb (SR)      Potential
    2.08852e+05    5.48064e+04   -5.93529e+06   -2.95655e+04   -5.70119e+06
    Kinetic En.   Total Energy    Temperature Pressure (bar)
    9.69557e+05   -4.73164e+06    3.12175e+02   -2.93767e+00

Writing checkpoint, step 95208100 at Sun Aug 27 12:47:25 2023


Writing checkpoint, step 95398090 at Sun Aug 27 13:02:25 2023


Writing checkpoint, step 95587950 at Sun Aug 27 13:17:25 2023


DD  step 95599999 load imb.: force 10.9%

           Step           Time
       95600000   2390000.00000

   Energies (kJ/mol)
           Bond       G96Angle        LJ (SR)   Coulomb (SR)      Potential
    2.08928e+05    5.49114e+04   -5.93798e+06   -2.98013e+04   -5.70394e+06
    Kinetic En.   Total Energy    Temperature Pressure (bar)
    9.72070e+05   -4.73187e+06    3.12984e+02   -1.86045e-01

Writing checkpoint, step 95777170 at Sun Aug 27 13:32:25 2023


Writing checkpoint, step 95965400 at Sun Aug 27 13:47:25 2023


DD  step 95999999 load imb.: force 11.9%

           Step           Time
       96000000   2400000.00000

   Energies (kJ/mol)
           Bond       G96Angle        LJ (SR)   Coulomb (SR)      Potential
    2.07852e+05    5.52389e+04   -5.93499e+06   -2.98994e+04   -5.70180e+06
    Kinetic En.   Total Energy    Temperature Pressure (bar)
    9.71423e+05   -4.73038e+06    3.12776e+02    7.13940e+00

Writing checkpoint, step 96154130 at Sun Aug 27 14:02:25 2023


Writing checkpoint, step 96345490 at Sun Aug 27 14:17:25 2023


DD  step 96399999 load imb.: force 13.0%

           Step           Time
       96400000   2410000.00000

   Energies (kJ/mol)
           Bond       G96Angle        LJ (SR)   Coulomb (SR)      Potential
    2.07858e+05    5.43461e+04   -5.93756e+06   -3.01681e+04   -5.70552e+06
    Kinetic En.   Total Energy    Temperature Pressure (bar)
    9.70047e+05   -4.73548e+06    3.12333e+02    2.02989e+00

Writing checkpoint, step 96534350 at Sun Aug 27 14:32:25 2023


Writing checkpoint, step 96722310 at Sun Aug 27 14:47:25 2023


DD  step 96799999 load imb.: force  9.3%

           Step           Time
       96800000   2420000.00000

   Energies (kJ/mol)
           Bond       G96Angle        LJ (SR)   Coulomb (SR)      Potential
    2.07486e+05    5.47258e+04   -5.93734e+06   -2.96043e+04   -5.70473e+06
    Kinetic En.   Total Energy    Temperature Pressure (bar)
    9.65142e+05   -4.73959e+06    3.10754e+02    1.05896e+00

Writing checkpoint, step 96912530 at Sun Aug 27 15:02:25 2023


Writing checkpoint, step 97101380 at Sun Aug 27 15:17:25 2023


DD  step 97199999 load imb.: force 14.8%

           Step           Time
       97200000   2430000.00000

   Energies (kJ/mol)
           Bond       G96Angle        LJ (SR)   Coulomb (SR)      Potential
    2.08295e+05    5.45148e+04   -5.93845e+06   -2.99930e+04   -5.70563e+06
    Kinetic En.   Total Energy    Temperature Pressure (bar)
    9.71507e+05   -4.73413e+06    3.12803e+02    1.66876e+00

Writing checkpoint, step 97289790 at Sun Aug 27 15:32:25 2023


Writing checkpoint, step 97476990 at Sun Aug 27 15:47:25 2023


DD  step 97599999 load imb.: force 13.5%

           Step           Time
       97600000   2440000.00000

   Energies (kJ/mol)
           Bond       G96Angle        LJ (SR)   Coulomb (SR)      Potential
    2.08537e+05    5.45731e+04   -5.94015e+06   -2.96138e+04   -5.70665e+06
    Kinetic En.   Total Energy    Temperature Pressure (bar)
    9.65340e+05   -4.74131e+06    3.10817e+02   -1.44455e+01

Writing checkpoint, step 97664560 at Sun Aug 27 16:02:25 2023


Writing checkpoint, step 97851800 at Sun Aug 27 16:17:25 2023


DD  step 97999999 load imb.: force 12.2%

           Step           Time
       98000000   2450000.00000

   Energies (kJ/mol)
           Bond       G96Angle        LJ (SR)   Coulomb (SR)      Potential
    2.07962e+05    5.40259e+04   -5.93086e+06   -2.97647e+04   -5.69864e+06
    Kinetic En.   Total Energy    Temperature Pressure (bar)
    9.74187e+05   -4.72445e+06    3.13666e+02    1.31887e+01

Writing checkpoint, step 98039180 at Sun Aug 27 16:32:25 2023


Writing checkpoint, step 98224940 at Sun Aug 27 16:47:25 2023


DD  step 98399999 load imb.: force 21.3%

           Step           Time
       98400000   2460000.00000

   Energies (kJ/mol)
           Bond       G96Angle        LJ (SR)   Coulomb (SR)      Potential
    2.07840e+05    5.46597e+04   -5.93769e+06   -2.93755e+04   -5.70456e+06
    Kinetic En.   Total Energy    Temperature Pressure (bar)
    9.68416e+05   -4.73615e+06    3.11807e+02   -3.81842e+00

Writing checkpoint, step 98409610 at Sun Aug 27 17:02:25 2023


Writing checkpoint, step 98591570 at Sun Aug 27 17:17:25 2023


Writing checkpoint, step 98774050 at Sun Aug 27 17:32:25 2023


DD  step 98799999 load imb.: force 18.3%

           Step           Time
       98800000   2470000.00000

   Energies (kJ/mol)
           Bond       G96Angle        LJ (SR)   Coulomb (SR)      Potential
    2.07372e+05    5.42675e+04   -5.93690e+06   -2.99351e+04   -5.70520e+06
    Kinetic En.   Total Energy    Temperature Pressure (bar)
    9.70533e+05   -4.73466e+06    3.12489e+02   -2.11341e+00

Writing checkpoint, step 98960810 at Sun Aug 27 17:47:25 2023


Writing checkpoint, step 99149600 at Sun Aug 27 18:02:25 2023


DD  step 99199999 load imb.: force 17.4%

           Step           Time
       99200000   2480000.00000

   Energies (kJ/mol)
           Bond       G96Angle        LJ (SR)   Coulomb (SR)      Potential
    2.08027e+05    5.42478e+04   -5.93855e+06   -2.97738e+04   -5.70605e+06
    Kinetic En.   Total Energy    Temperature Pressure (bar)
    9.70487e+05   -4.73556e+06    3.12474e+02   -3.95475e+00

Writing checkpoint, step 99334680 at Sun Aug 27 18:17:25 2023


Writing checkpoint, step 99519760 at Sun Aug 27 18:32:25 2023


DD  step 99599999 load imb.: force 16.0%

           Step           Time
       99600000   2490000.00000

   Energies (kJ/mol)
           Bond       G96Angle        LJ (SR)   Coulomb (SR)      Potential
    2.08598e+05    5.53074e+04   -5.93656e+06   -2.98469e+04   -5.70250e+06
    Kinetic En.   Total Energy    Temperature Pressure (bar)
    9.65883e+05   -4.73661e+06    3.10992e+02    6.71071e+00

Writing checkpoint, step 99704650 at Sun Aug 27 18:47:25 2023


Writing checkpoint, step 99890140 at Sun Aug 27 19:02:25 2023


DD  step 99999999 load imb.: force 14.9%

           Step           Time
      100000000   2500000.00000

   Energies (kJ/mol)
           Bond       G96Angle        LJ (SR)   Coulomb (SR)      Potential
    2.09215e+05    5.46114e+04   -5.93748e+06   -3.01616e+04   -5.70381e+06
    Kinetic En.   Total Energy    Temperature Pressure (bar)
    9.74150e+05   -4.72966e+06    3.13654e+02   -3.87268e+00

Writing checkpoint, step 100076290 at Sun Aug 27 19:17:25 2023


Writing checkpoint, step 100263700 at Sun Aug 27 19:32:25 2023


DD  step 100399999 load imb.: force 12.5%

           Step           Time
      100400000   2510000.00000

   Energies (kJ/mol)
           Bond       G96Angle        LJ (SR)   Coulomb (SR)      Potential
    2.08904e+05    5.42934e+04   -5.93311e+06   -2.98029e+04   -5.69972e+06
    Kinetic En.   Total Energy    Temperature Pressure (bar)
    9.70819e+05   -4.72890e+06    3.12581e+02    1.25080e+01

Writing checkpoint, step 100449950 at Sun Aug 27 19:47:25 2023


Writing checkpoint, step 100637270 at Sun Aug 27 20:02:25 2023


DD  step 100799999 load imb.: force 14.8%

           Step           Time
      100800000   2520000.00000

   Energies (kJ/mol)
           Bond       G96Angle        LJ (SR)   Coulomb (SR)      Potential
    2.10977e+05    5.43621e+04   -5.93373e+06   -2.99880e+04   -5.69838e+06
    Kinetic En.   Total Energy    Temperature Pressure (bar)
    9.69757e+05   -4.72862e+06    3.12239e+02   -2.65796e+00

Writing checkpoint, step 100823780 at Sun Aug 27 20:17:25 2023


Writing checkpoint, step 101011330 at Sun Aug 27 20:32:25 2023


Writing checkpoint, step 101198720 at Sun Aug 27 20:47:25 2023


DD  step 101199999 load imb.: force 15.6%

           Step           Time
      101200000   2530000.00000

   Energies (kJ/mol)
           Bond       G96Angle        LJ (SR)   Coulomb (SR)      Potential
    2.08548e+05    5.49221e+04   -5.93410e+06   -2.97497e+04   -5.70038e+06
    Kinetic En.   Total Energy    Temperature Pressure (bar)
    9.71443e+05   -4.72894e+06    3.12782e+02    3.04829e+00

Writing checkpoint, step 101383960 at Sun Aug 27 21:02:25 2023


Writing checkpoint, step 101569950 at Sun Aug 27 21:17:25 2023


DD  step 101599999 load imb.: force 12.9%

           Step           Time
      101600000   2540000.00000

   Energies (kJ/mol)
           Bond       G96Angle        LJ (SR)   Coulomb (SR)      Potential
    2.07693e+05    5.47062e+04   -5.93713e+06   -3.01386e+04   -5.70487e+06
    Kinetic En.   Total Energy    Temperature Pressure (bar)
    9.70312e+05   -4.73456e+06    3.12418e+02    9.55219e+00

Writing checkpoint, step 101758440 at Sun Aug 27 21:32:25 2023


Writing checkpoint, step 101946140 at Sun Aug 27 21:47:25 2023


DD  step 101999999 load imb.: force 13.4%

           Step           Time
      102000000   2550000.00000

   Energies (kJ/mol)
           Bond       G96Angle        LJ (SR)   Coulomb (SR)      Potential
    2.07518e+05    5.45009e+04   -5.93390e+06   -2.97750e+04   -5.70166e+06
    Kinetic En.   Total Energy    Temperature Pressure (bar)
    9.69732e+05   -4.73192e+06    3.12231e+02    1.45722e+00

Writing checkpoint, step 102136570 at Sun Aug 27 22:02:25 2023


Writing checkpoint, step 102327900 at Sun Aug 27 22:17:25 2023


DD  step 102399999 load imb.: force 10.8%

           Step           Time
      102400000   2560000.00000

   Energies (kJ/mol)
           Bond       G96Angle        LJ (SR)   Coulomb (SR)      Potential
    2.08630e+05    5.50923e+04   -5.93614e+06   -3.00644e+04   -5.70249e+06
    Kinetic En.   Total Energy    Temperature Pressure (bar)
    9.71978e+05   -4.73051e+06    3.12955e+02   -4.14632e+00

Writing checkpoint, step 102519120 at Sun Aug 27 22:32:25 2023


Writing checkpoint, step 102710840 at Sun Aug 27 22:47:25 2023


DD  step 102799999 load imb.: force  9.3%

           Step           Time
      102800000   2570000.00000

   Energies (kJ/mol)
           Bond       G96Angle        LJ (SR)   Coulomb (SR)      Potential
    2.08878e+05    5.49526e+04   -5.93886e+06   -2.94881e+04   -5.70451e+06
    Kinetic En.   Total Energy    Temperature Pressure (bar)
    9.71365e+05   -4.73315e+06    3.12757e+02   -3.62095e+00

Writing checkpoint, step 102900400 at Sun Aug 27 23:02:25 2023


Writing checkpoint, step 103087670 at Sun Aug 27 23:17:25 2023


DD  step 103199999 load imb.: force 12.3%

           Step           Time
      103200000   2580000.00000

   Energies (kJ/mol)
           Bond       G96Angle        LJ (SR)   Coulomb (SR)      Potential
    2.08574e+05    5.48740e+04   -5.93674e+06   -3.02866e+04   -5.70357e+06
    Kinetic En.   Total Energy    Temperature Pressure (bar)
    9.69098e+05   -4.73448e+06    3.12027e+02    7.57697e-01

Writing checkpoint, step 103275680 at Sun Aug 27 23:32:25 2023


Writing checkpoint, step 103465560 at Sun Aug 27 23:47:25 2023


DD  step 103599999 load imb.: force 14.4%

           Step           Time
      103600000   2590000.00000

   Energies (kJ/mol)
           Bond       G96Angle        LJ (SR)   Coulomb (SR)      Potential
    2.07603e+05    5.48701e+04   -5.93796e+06   -2.96206e+04   -5.70511e+06
    Kinetic En.   Total Energy    Temperature Pressure (bar)
    9.71235e+05   -4.73387e+06    3.12715e+02    1.03487e-01

Writing checkpoint, step 103651930 at Mon Aug 28 00:02:25 2023


Writing checkpoint, step 103838730 at Mon Aug 28 00:17:25 2023


DD  step 103999999 load imb.: force  9.5%

           Step           Time
      104000000   2600000.00000

   Energies (kJ/mol)
           Bond       G96Angle        LJ (SR)   Coulomb (SR)      Potential
    2.07446e+05    5.49340e+04   -5.93352e+06   -2.98094e+04   -5.70095e+06
    Kinetic En.   Total Energy    Temperature Pressure (bar)
    9.70899e+05   -4.73005e+06    3.12607e+02    1.25960e+01

Writing checkpoint, step 104026380 at Mon Aug 28 00:32:25 2023


Writing checkpoint, step 104213840 at Mon Aug 28 00:47:25 2023


DD  step 104399999 load imb.: force 15.0%

           Step           Time
      104400000   2610000.00000

   Energies (kJ/mol)
           Bond       G96Angle        LJ (SR)   Coulomb (SR)      Potential
    2.09826e+05    5.37020e+04   -5.93681e+06   -3.00275e+04   -5.70331e+06
    Kinetic En.   Total Energy    Temperature Pressure (bar)
    9.71264e+05   -4.73205e+06    3.12725e+02    1.72691e+00

Writing checkpoint, step 104405870 at Mon Aug 28 01:02:25 2023


Writing checkpoint, step 104593410 at Mon Aug 28 01:17:25 2023


Writing checkpoint, step 104784820 at Mon Aug 28 01:32:25 2023


DD  step 104799999 load imb.: force  8.7%

           Step           Time
      104800000   2620000.00000

   Energies (kJ/mol)
           Bond       G96Angle        LJ (SR)   Coulomb (SR)      Potential
    2.08515e+05    5.48177e+04   -5.93354e+06   -2.96898e+04   -5.69989e+06
    Kinetic En.   Total Energy    Temperature Pressure (bar)
    9.68794e+05   -4.73110e+06    3.11929e+02    2.47709e+00

Writing checkpoint, step 104975220 at Mon Aug 28 01:47:25 2023


Writing checkpoint, step 105164390 at Mon Aug 28 02:02:25 2023


DD  step 105199999 load imb.: force 10.3%

           Step           Time
      105200000   2630000.00000

   Energies (kJ/mol)
           Bond       G96Angle        LJ (SR)   Coulomb (SR)      Potential
    2.07323e+05    5.41786e+04   -5.93967e+06   -3.00761e+04   -5.70825e+06
    Kinetic En.   Total Energy    Temperature Pressure (bar)
    9.67963e+05   -4.74028e+06    3.11662e+02    1.41069e-01

Writing checkpoint, step 105352140 at Mon Aug 28 02:17:25 2023


Writing checkpoint, step 105538670 at Mon Aug 28 02:32:25 2023


DD  step 105599999 load imb.: force 12.8%

           Step           Time
      105600000   2640000.00000

   Energies (kJ/mol)
           Bond       G96Angle        LJ (SR)   Coulomb (SR)      Potential
    2.08628e+05    5.51105e+04   -5.93607e+06   -2.97547e+04   -5.70209e+06
    Kinetic En.   Total Energy    Temperature Pressure (bar)
    9.71675e+05   -4.73041e+06    3.12857e+02   -3.35682e-01

Writing checkpoint, step 105728750 at Mon Aug 28 02:47:25 2023


Writing checkpoint, step 105921050 at Mon Aug 28 03:02:25 2023


DD  step 105999999 load imb.: force  9.3%

           Step           Time
      106000000   2650000.00000

   Energies (kJ/mol)
           Bond       G96Angle        LJ (SR)   Coulomb (SR)      Potential
    2.08009e+05    5.42907e+04   -5.93455e+06   -3.02771e+04   -5.70253e+06
    Kinetic En.   Total Energy    Temperature Pressure (bar)
    9.74143e+05   -4.72839e+06    3.13651e+02    7.83666e+00

Writing checkpoint, step 106111080 at Mon Aug 28 03:17:25 2023


Writing checkpoint, step 106300450 at Mon Aug 28 03:32:25 2023


DD  step 106399999 load imb.: force 15.9%

           Step           Time
      106400000   2660000.00000

   Energies (kJ/mol)
           Bond       G96Angle        LJ (SR)   Coulomb (SR)      Potential
    2.08692e+05    5.47093e+04   -5.93914e+06   -3.01347e+04   -5.70587e+06
    Kinetic En.   Total Energy    Temperature Pressure (bar)
    9.68294e+05   -4.73758e+06    3.11768e+02   -4.85441e+00

Writing checkpoint, step 106488750 at Mon Aug 28 03:47:25 2023


Writing checkpoint, step 106679690 at Mon Aug 28 04:02:25 2023


DD  step 106799999 load imb.: force 11.3%

           Step           Time
      106800000   2670000.00000

   Energies (kJ/mol)
           Bond       G96Angle        LJ (SR)   Coulomb (SR)      Potential
    2.07833e+05    5.50674e+04   -5.93573e+06   -2.94290e+04   -5.70226e+06
    Kinetic En.   Total Energy    Temperature Pressure (bar)
    9.70886e+05   -4.73137e+06    3.12603e+02    2.87053e+00

Writing checkpoint, step 106870230 at Mon Aug 28 04:17:25 2023


Writing checkpoint, step 107058790 at Mon Aug 28 04:32:25 2023


DD  step 107199999 load imb.: force 13.7%

           Step           Time
      107200000   2680000.00000

   Energies (kJ/mol)
           Bond       G96Angle        LJ (SR)   Coulomb (SR)      Potential
    2.08036e+05    5.46778e+04   -5.93806e+06   -3.00109e+04   -5.70536e+06
    Kinetic En.   Total Energy    Temperature Pressure (bar)
    9.70533e+05   -4.73483e+06    3.12489e+02   -2.11938e+00

Writing checkpoint, step 107247960 at Mon Aug 28 04:47:25 2023


Writing checkpoint, step 107436830 at Mon Aug 28 05:02:25 2023


DD  step 107599999 load imb.: force 12.8%

           Step           Time
      107600000   2690000.00000

   Energies (kJ/mol)
           Bond       G96Angle        LJ (SR)   Coulomb (SR)      Potential
    2.08725e+05    5.55313e+04   -5.93460e+06   -3.01850e+04   -5.70053e+06
    Kinetic En.   Total Energy    Temperature Pressure (bar)
    9.73029e+05   -4.72750e+06    3.13293e+02    9.74983e+00

Writing checkpoint, step 107623550 at Mon Aug 28 05:17:25 2023


Writing checkpoint, step 107810850 at Mon Aug 28 05:32:25 2023


DD  step 107999999 load imb.: force 10.7%

           Step           Time
      108000000   2700000.00000

   Energies (kJ/mol)
           Bond       G96Angle        LJ (SR)   Coulomb (SR)      Potential
    2.07956e+05    5.43271e+04   -5.93915e+06   -2.96690e+04   -5.70654e+06
    Kinetic En.   Total Energy    Temperature Pressure (bar)
    9.68606e+05   -4.73793e+06    3.11869e+02    8.54027e-01

Writing checkpoint, step 108002510 at Mon Aug 28 05:47:25 2023


Writing checkpoint, step 108192510 at Mon Aug 28 06:02:25 2023


Writing checkpoint, step 108384320 at Mon Aug 28 06:17:25 2023


DD  step 108399999 load imb.: force 12.1%

           Step           Time
      108400000   2710000.00000

   Energies (kJ/mol)
           Bond       G96Angle        LJ (SR)   Coulomb (SR)      Potential
    2.09003e+05    5.43624e+04   -5.93596e+06   -3.02478e+04   -5.70284e+06
    Kinetic En.   Total Energy    Temperature Pressure (bar)
    9.72244e+05   -4.73060e+06    3.13040e+02    1.13640e+01

Writing checkpoint, step 108574650 at Mon Aug 28 06:32:25 2023


Writing checkpoint, step 108767020 at Mon Aug 28 06:47:25 2023


DD  step 108799999 load imb.: force 10.9%

           Step           Time
      108800000   2720000.00000

   Energies (kJ/mol)
           Bond       G96Angle        LJ (SR)   Coulomb (SR)      Potential
    2.08260e+05    5.44684e+04   -5.93490e+06   -2.97623e+04   -5.70193e+06
    Kinetic En.   Total Energy    Temperature Pressure (bar)
    9.73469e+05   -4.72846e+06    3.13435e+02    1.06470e+01

Writing checkpoint, step 108958420 at Mon Aug 28 07:02:25 2023


Writing checkpoint, step 109149590 at Mon Aug 28 07:17:25 2023


DD  step 109199999 load imb.: force  8.6%

           Step           Time
      109200000   2730000.00000

   Energies (kJ/mol)
           Bond       G96Angle        LJ (SR)   Coulomb (SR)      Potential
    2.09622e+05    5.45261e+04   -5.93830e+06   -2.98051e+04   -5.70396e+06
    Kinetic En.   Total Energy    Temperature Pressure (bar)
    9.70310e+05   -4.73365e+06    3.12417e+02    6.81180e-01

Writing checkpoint, step 109343710 at Mon Aug 28 07:32:25 2023


Writing checkpoint, step 109537990 at Mon Aug 28 07:47:25 2023


DD  step 109599999 load imb.: force 10.3%

           Step           Time
      109600000   2740000.00000

   Energies (kJ/mol)
           Bond       G96Angle        LJ (SR)   Coulomb (SR)      Potential
    2.07541e+05    5.45856e+04   -5.93807e+06   -2.95332e+04   -5.70547e+06
    Kinetic En.   Total Energy    Temperature Pressure (bar)
    9.72470e+05   -4.73300e+06    3.13113e+02    5.96100e+00

Writing checkpoint, step 109730430 at Mon Aug 28 08:02:25 2023


Writing checkpoint, step 109921530 at Mon Aug 28 08:17:25 2023


DD  step 109999999 load imb.: force 10.9%

           Step           Time
      110000000   2750000.00000

   Energies (kJ/mol)
           Bond       G96Angle        LJ (SR)   Coulomb (SR)      Potential
    2.09455e+05    5.42063e+04   -5.93525e+06   -2.98476e+04   -5.70144e+06
    Kinetic En.   Total Energy    Temperature Pressure (bar)
    9.69004e+05   -4.73244e+06    3.11997e+02    9.17386e-01

Writing checkpoint, step 110111130 at Mon Aug 28 08:32:25 2023


Writing checkpoint, step 110299480 at Mon Aug 28 08:47:25 2023


DD  step 110399999 load imb.: force 14.4%

           Step           Time
      110400000   2760000.00000

   Energies (kJ/mol)
           Bond       G96Angle        LJ (SR)   Coulomb (SR)      Potential
    2.07798e+05    5.47891e+04   -5.93791e+06   -3.00893e+04   -5.70542e+06
    Kinetic En.   Total Energy    Temperature Pressure (bar)
    9.68853e+05   -4.73656e+06    3.11948e+02   -9.67367e+00

Writing checkpoint, step 110488180 at Mon Aug 28 09:02:25 2023


Writing checkpoint, step 110677660 at Mon Aug 28 09:17:25 2023


DD  step 110799999 load imb.: force 12.0%

           Step           Time
      110800000   2770000.00000

   Energies (kJ/mol)
           Bond       G96Angle        LJ (SR)   Coulomb (SR)      Potential
    2.09382e+05    5.45323e+04   -5.93442e+06   -2.96412e+04   -5.70015e+06
    Kinetic En.   Total Energy    Temperature Pressure (bar)
    9.73128e+05   -4.72702e+06    3.13325e+02    1.68794e+00

Writing checkpoint, step 110866820 at Mon Aug 28 09:32:25 2023


Writing checkpoint, step 111056290 at Mon Aug 28 09:47:25 2023


DD  step 111199999 load imb.: force 12.2%

           Step           Time
      111200000   2780000.00000

   Energies (kJ/mol)
           Bond       G96Angle        LJ (SR)   Coulomb (SR)      Potential
    2.07142e+05    5.36563e+04   -5.93402e+06   -2.99343e+04   -5.70316e+06
    Kinetic En.   Total Energy    Temperature Pressure (bar)
    9.73306e+05   -4.72985e+06    3.13382e+02    2.24538e+00

Writing checkpoint, step 111243520 at Mon Aug 28 10:02:25 2023


Writing checkpoint, step 111431480 at Mon Aug 28 10:17:25 2023


DD  step 111599999 load imb.: force 12.0%

           Step           Time
      111600000   2790000.00000

   Energies (kJ/mol)
           Bond       G96Angle        LJ (SR)   Coulomb (SR)      Potential
    2.08219e+05    5.47833e+04   -5.93676e+06   -2.99074e+04   -5.70366e+06
    Kinetic En.   Total Energy    Temperature Pressure (bar)
    9.68959e+05   -4.73471e+06    3.11982e+02    1.57548e-01

Writing checkpoint, step 111620620 at Mon Aug 28 10:32:25 2023


Writing checkpoint, step 111806860 at Mon Aug 28 10:47:25 2023


Writing checkpoint, step 111992050 at Mon Aug 28 11:02:25 2023




Received the TERM signal, stopping within 10 steps



Received the second INT/TERM signal, stopping within 2 steps

           Step           Time
      111992126   2799803.15000

Writing checkpoint, step 111992126 at Mon Aug 28 11:02:25 2023




-----------------------------------------------------------
Restarting from checkpoint, appending to previous log file.

Log file opened on Mon Sep  4 19:05:12 2023
Host: halc023.amarel.rutgers.edu  pid: 32236  rank ID: 0  number of ranks:  32
                      :-) GROMACS - gmx mdrun, 2016.1 (-:

Executable:   /opt/sw/packages/intel-17.0.1/mvapich2-2.2/gromacs/2016.1/bin/gmx_mpi
Data prefix:  /opt/sw/packages/intel-17.0.1/mvapich2-2.2/gromacs/2016.1
Working dir:  /scratch/jje63/heat_lig_multinano/PolarNP_3/Octanethiol
Command line:
  gmx_mpi mdrun -s md2.tpr -cpi md.cpt -ntomp 1 -deffnm md -v -rdd 1.4

GROMACS version:    2016.1
Precision:          single
Memory model:       64 bit
MPI library:        MPI
OpenMP support:     enabled (GMX_OPENMP_MAX_THREADS = 32)
GPU support:        disabled
SIMD instructions:  AVX_256
FFT library:        Intel MKL
RDTSCP usage:       enabled
TNG support:        enabled
Hwloc support:      disabled
Tracing support:    disabled
Built on:           Wed Nov 23 15:27:26 EST 2016
Built by:           novosirj@perceval2.hpc.rutgers.edu [CMAKE]
Build OS/arch:      Linux 3.10.0-229.20.1.el7.x86_64 x86_64
Build CPU vendor:   Intel
Build CPU brand:    Intel(R) Xeon(R) CPU E5-2650 v3 @ 2.30GHz
Build CPU family:   6   Model: 63   Stepping: 2
Build CPU features: aes apic avx avx2 clfsh cmov cx8 cx16 f16c fma htt lahf mmx msr nonstop_tsc pcid pclmuldq pdcm pdpe1gb popcnt pse rdrnd rdtscp sse2 sse3 sse4.1 sse4.2 ssse3 tdt x2apic
C compiler:         /opt/sw/packages/intel/17.0.1/compilers_and_libraries/linux/bin/intel64/icc Intel 17.0.0.20161005
C compiler flags:    -mavx   -mkl=sequential  -std=gnu99  -O3 -DNDEBUG -ip -funroll-all-loops -alias-const -ansi-alias  
C++ compiler:       /opt/sw/packages/intel/17.0.1/compilers_and_libraries/linux/bin/intel64/icpc Intel 17.0.0.20161005
C++ compiler flags:  -mavx    -std=c++0x   -O3 -DNDEBUG -ip -funroll-all-loops -alias-const -ansi-alias  


Initializing Domain Decomposition on 32 ranks
Dynamic load balancing: auto
Minimum cell size due to bonded interactions: 1.400 nm
Domain decomposition grid 4 x 4 x 2, separate PME ranks 0
Domain decomposition rank 0, coordinates 0 0 0

The initial number of communication pulses is: X 1 Y 1 Z 1
The initial domain decomposition cell size is: X 11.39 nm Y 11.39 nm Z 6.95 nm

The maximum allowed distance for charge groups involved in interactions is:
                 non-bonded interactions           1.200 nm
(the following are initial values, they could change due to box deformation)
            two-body bonded interactions  (-rdd)   1.400 nm
          multi-body bonded interactions  (-rdd)   1.400 nm

When dynamic load balancing gets turned on, these settings will change to:
The maximum number of communication pulses is: X 1 Y 1 Z 1
The minimum size for domain decomposition cells is 1.400 nm
The requested allowed shrink of DD cells (option -dds) is: 0.80
The allowed shrink of domain decomposition cells is: X 0.12 Y 0.12 Z 0.20
The maximum allowed distance for charge groups involved in interactions is:
                 non-bonded interactions           1.200 nm
            two-body bonded interactions  (-rdd)   1.400 nm
          multi-body bonded interactions  (-rdd)   1.400 nm

Using 32 MPI processes


NOTE: This file uses the deprecated 'group' cutoff_scheme. This will be
removed in a future release when 'verlet' supports all interaction forms.

Table routines are used for coulomb: true
Table routines are used for vdw:     true
Using shifted Lennard-Jones, switch between 0.9 and 1.2 nm
Cut-off's:   NS: 1.2   Coulomb: 1.2   LJ: 1.2
System total charge: 0.000
Generated table with 1100 data points for Shift.
Tabscale = 500 points/nm
Generated table with 1100 data points for LJ6Shift.
Tabscale = 500 points/nm
Generated table with 1100 data points for LJ12Shift.
Tabscale = 500 points/nm
Potential shift: LJ r^-12: 0.000e+00 r^-6: 0.000e+00
Pinning threads with an auto-selected logical core stride of 1

Linking all bonded interactions to atoms

Intra-simulation communication will occur every 1 steps.
Center of mass motion removal mode is Linear
We have the following groups for center of mass motion removal:
  0:  rest
There are: 249030 Atoms
Atom distribution over 32 domains: av 7782 stddev 152 min 7572 max 8275
Grid: 13 x 13 x 9 cells
Initial temperature: 626.007 K

Started mdrun on rank 0 Mon Sep  4 19:05:12 2023

DD  step 111992129 load imb.: force 24.0%


step 111992150 Turning on dynamic load balancing, because the performance loss due to load imbalance is 6.2 %.


step 111996720 Turning off dynamic load balancing, because it is degrading performance.

Atom distribution over 32 domains: av 7782 stddev 150 min 7580 max 8227
DD  step 111999999 load imb.: force 19.4%

           Step           Time
      112000000   2800000.00000

   Energies (kJ/mol)
           Bond       G96Angle        LJ (SR)   Coulomb (SR)      Potential
    2.07574e+05    5.48417e+04   -5.93582e+06   -2.95588e+04   -5.70296e+06
    Kinetic En.   Total Energy    Temperature Pressure (bar)
    9.66971e+05   -4.73599e+06    3.11342e+02    6.73245e+00


step 112001120 Turning on dynamic load balancing, because the performance loss due to load imbalance is 2.0 %.


step 112002920 Turning off dynamic load balancing, because it is degrading performance.

Atom distribution over 32 domains: av 7782 stddev 152 min 7568 max 8262

step 112003120 Will no longer try dynamic load balancing, as it degraded performance.

Writing checkpoint, step 112176740 at Mon Sep  4 19:20:12 2023


Writing checkpoint, step 112361090 at Mon Sep  4 19:35:12 2023


DD  step 112399999 load imb.: force 17.5%

           Step           Time
      112400000   2810000.00000

   Energies (kJ/mol)
           Bond       G96Angle        LJ (SR)   Coulomb (SR)      Potential
    2.09149e+05    5.48438e+04   -5.93514e+06   -2.92357e+04   -5.70039e+06
    Kinetic En.   Total Energy    Temperature Pressure (bar)
    9.67591e+05   -4.73279e+06    3.11542e+02   -2.11518e+00

Writing checkpoint, step 112545470 at Mon Sep  4 19:50:12 2023


Writing checkpoint, step 112726320 at Mon Sep  4 20:05:12 2023


DD  step 112799999 load imb.: force 22.4%

           Step           Time
      112800000   2820000.00000

   Energies (kJ/mol)
           Bond       G96Angle        LJ (SR)   Coulomb (SR)      Potential
    2.08111e+05    5.42075e+04   -5.93561e+06   -2.98036e+04   -5.70309e+06
    Kinetic En.   Total Energy    Temperature Pressure (bar)
    9.70672e+05   -4.73242e+06    3.12534e+02    9.19371e+00

Writing checkpoint, step 112905950 at Mon Sep  4 20:20:12 2023


Writing checkpoint, step 113080760 at Mon Sep  4 20:35:12 2023


DD  step 113199999 load imb.: force 23.6%

           Step           Time
      113200000   2830000.00000

   Energies (kJ/mol)
           Bond       G96Angle        LJ (SR)   Coulomb (SR)      Potential
    2.08070e+05    5.48349e+04   -5.93358e+06   -3.00549e+04   -5.70073e+06
    Kinetic En.   Total Energy    Temperature Pressure (bar)
    9.71934e+05   -4.72879e+06    3.12940e+02    5.08650e-01

Writing checkpoint, step 113255180 at Mon Sep  4 20:50:12 2023


Writing checkpoint, step 113434650 at Mon Sep  4 21:05:12 2023


DD  step 113599999 load imb.: force 15.4%

           Step           Time
      113600000   2840000.00000

   Energies (kJ/mol)
           Bond       G96Angle        LJ (SR)   Coulomb (SR)      Potential
    2.07494e+05    5.43645e+04   -5.93689e+06   -2.99618e+04   -5.70499e+06
    Kinetic En.   Total Energy    Temperature Pressure (bar)
    9.67316e+05   -4.73767e+06    3.11453e+02    3.49454e+00

Writing checkpoint, step 113619360 at Mon Sep  4 21:20:12 2023


Writing checkpoint, step 113806200 at Mon Sep  4 21:35:12 2023


Writing checkpoint, step 113994830 at Mon Sep  4 21:50:12 2023


DD  step 113999999 load imb.: force 14.5%

           Step           Time
      114000000   2850000.00000

   Energies (kJ/mol)
           Bond       G96Angle        LJ (SR)   Coulomb (SR)      Potential
    2.08729e+05    5.42575e+04   -5.93334e+06   -2.96918e+04   -5.70005e+06
    Kinetic En.   Total Energy    Temperature Pressure (bar)
    9.74926e+05   -4.72512e+06    3.13904e+02    1.60311e+01

Writing checkpoint, step 114184270 at Mon Sep  4 22:05:12 2023


Writing checkpoint, step 114376730 at Mon Sep  4 22:20:12 2023


DD  step 114399999 load imb.: force 13.0%

           Step           Time
      114400000   2860000.00000

   Energies (kJ/mol)
           Bond       G96Angle        LJ (SR)   Coulomb (SR)      Potential
    2.08518e+05    5.43174e+04   -5.93447e+06   -3.00291e+04   -5.70166e+06
    Kinetic En.   Total Energy    Temperature Pressure (bar)
    9.72183e+05   -4.72948e+06    3.13020e+02    8.34727e+00

Writing checkpoint, step 114562310 at Mon Sep  4 22:35:12 2023


Writing checkpoint, step 114748110 at Mon Sep  4 22:50:12 2023


DD  step 114799999 load imb.: force 14.5%

           Step           Time
      114800000   2870000.00000

   Energies (kJ/mol)
           Bond       G96Angle        LJ (SR)   Coulomb (SR)      Potential
    2.08547e+05    5.42606e+04   -5.93206e+06   -3.02469e+04   -5.69950e+06
    Kinetic En.   Total Energy    Temperature Pressure (bar)
    9.73076e+05   -4.72642e+06    3.13308e+02    1.00735e+01

Writing checkpoint, step 114936300 at Mon Sep  4 23:05:12 2023


Writing checkpoint, step 115116960 at Mon Sep  4 23:20:12 2023


DD  step 115199999 load imb.: force 19.1%

           Step           Time
      115200000   2880000.00000

   Energies (kJ/mol)
           Bond       G96Angle        LJ (SR)   Coulomb (SR)      Potential
    2.08794e+05    5.48137e+04   -5.93483e+06   -2.96679e+04   -5.70089e+06
    Kinetic En.   Total Energy    Temperature Pressure (bar)
    9.71525e+05   -4.72936e+06    3.12809e+02   -7.49459e+00

Writing checkpoint, step 115296680 at Mon Sep  4 23:35:12 2023


Writing checkpoint, step 115473230 at Mon Sep  4 23:50:12 2023


DD  step 115599999 load imb.: force 19.9%

           Step           Time
      115600000   2890000.00000

   Energies (kJ/mol)
           Bond       G96Angle        LJ (SR)   Coulomb (SR)      Potential
    2.07971e+05    5.44349e+04   -5.93666e+06   -2.96780e+04   -5.70393e+06
    Kinetic En.   Total Energy    Temperature Pressure (bar)
    9.66641e+05   -4.73729e+06    3.11236e+02   -3.93796e+00

Writing checkpoint, step 115654100 at Tue Sep  5 00:05:12 2023


Writing checkpoint, step 115838190 at Tue Sep  5 00:20:12 2023


DD  step 115999999 load imb.: force 21.8%

           Step           Time
      116000000   2900000.00000

   Energies (kJ/mol)
           Bond       G96Angle        LJ (SR)   Coulomb (SR)      Potential
    2.08665e+05    5.46426e+04   -5.93512e+06   -2.94865e+04   -5.70129e+06
    Kinetic En.   Total Energy    Temperature Pressure (bar)
    9.73403e+05   -4.72789e+06    3.13413e+02   -8.37797e-01

Writing checkpoint, step 116018650 at Tue Sep  5 00:35:12 2023


Writing checkpoint, step 116200810 at Tue Sep  5 00:50:12 2023


Writing checkpoint, step 116385250 at Tue Sep  5 01:05:12 2023


DD  step 116399999 load imb.: force 18.5%

           Step           Time
      116400000   2910000.00000

   Energies (kJ/mol)
           Bond       G96Angle        LJ (SR)   Coulomb (SR)      Potential
    2.08176e+05    5.42916e+04   -5.93495e+06   -3.00364e+04   -5.70252e+06
    Kinetic En.   Total Energy    Temperature Pressure (bar)
    9.69957e+05   -4.73256e+06    3.12304e+02    2.25987e+00

Writing checkpoint, step 116567960 at Tue Sep  5 01:20:12 2023


Writing checkpoint, step 116753560 at Tue Sep  5 01:35:12 2023


DD  step 116799999 load imb.: force 18.1%

           Step           Time
      116800000   2920000.00000

   Energies (kJ/mol)
           Bond       G96Angle        LJ (SR)   Coulomb (SR)      Potential
    2.07177e+05    5.42563e+04   -5.93977e+06   -3.03415e+04   -5.70868e+06
    Kinetic En.   Total Energy    Temperature Pressure (bar)
    9.63218e+05   -4.74546e+06    3.10134e+02   -1.23013e+00

Writing checkpoint, step 116938180 at Tue Sep  5 01:50:12 2023


Writing checkpoint, step 117122490 at Tue Sep  5 02:05:12 2023


DD  step 117199999 load imb.: force 20.5%

           Step           Time
      117200000   2930000.00000

   Energies (kJ/mol)
           Bond       G96Angle        LJ (SR)   Coulomb (SR)      Potential
    2.07190e+05    5.48100e+04   -5.93551e+06   -3.01173e+04   -5.70363e+06
    Kinetic En.   Total Energy    Temperature Pressure (bar)
    9.67848e+05   -4.73578e+06    3.11625e+02    8.55017e-02

Writing checkpoint, step 117302610 at Tue Sep  5 02:20:12 2023


Writing checkpoint, step 117483920 at Tue Sep  5 02:35:12 2023


DD  step 117599999 load imb.: force 21.6%

           Step           Time
      117600000   2940000.00000

   Energies (kJ/mol)
           Bond       G96Angle        LJ (SR)   Coulomb (SR)      Potential
    2.09282e+05    5.42408e+04   -5.93541e+06   -3.01861e+04   -5.70208e+06
    Kinetic En.   Total Energy    Temperature Pressure (bar)
    9.69823e+05   -4.73225e+06    3.12261e+02    6.32228e+00

Writing checkpoint, step 117663600 at Tue Sep  5 02:50:12 2023


Writing checkpoint, step 117845620 at Tue Sep  5 03:05:12 2023


DD  step 117999999 load imb.: force 17.5%

           Step           Time
      118000000   2950000.00000

   Energies (kJ/mol)
           Bond       G96Angle        LJ (SR)   Coulomb (SR)      Potential
    2.09724e+05    5.49438e+04   -5.93723e+06   -2.99082e+04   -5.70247e+06
    Kinetic En.   Total Energy    Temperature Pressure (bar)
    9.71907e+05   -4.73056e+06    3.12932e+02   -1.30094e+00

Writing checkpoint, step 118031320 at Tue Sep  5 03:20:12 2023


Writing checkpoint, step 118216600 at Tue Sep  5 03:35:12 2023


DD  step 118399999 load imb.: force 16.3%

           Step           Time
      118400000   2960000.00000

   Energies (kJ/mol)
           Bond       G96Angle        LJ (SR)   Coulomb (SR)      Potential
    2.08786e+05    5.44939e+04   -5.93681e+06   -3.01082e+04   -5.70364e+06
    Kinetic En.   Total Energy    Temperature Pressure (bar)
    9.69101e+05   -4.73454e+06    3.12028e+02    1.97439e+00

Writing checkpoint, step 118402020 at Tue Sep  5 03:50:12 2023


Writing checkpoint, step 118586390 at Tue Sep  5 04:05:12 2023


Writing checkpoint, step 118769830 at Tue Sep  5 04:20:12 2023


DD  step 118799999 load imb.: force 19.0%

           Step           Time
      118800000   2970000.00000

   Energies (kJ/mol)
           Bond       G96Angle        LJ (SR)   Coulomb (SR)      Potential
    2.08043e+05    5.45881e+04   -5.93772e+06   -2.96763e+04   -5.70476e+06
    Kinetic En.   Total Energy    Temperature Pressure (bar)
    9.72071e+05   -4.73269e+06    3.12984e+02   -2.02324e+00

Writing checkpoint, step 118952270 at Tue Sep  5 04:35:12 2023


Writing checkpoint, step 119137680 at Tue Sep  5 04:50:12 2023


DD  step 119199999 load imb.: force 19.1%

           Step           Time
      119200000   2980000.00000

   Energies (kJ/mol)
           Bond       G96Angle        LJ (SR)   Coulomb (SR)      Potential
    2.07694e+05    5.43505e+04   -5.93690e+06   -2.97158e+04   -5.70457e+06
    Kinetic En.   Total Energy    Temperature Pressure (bar)
    9.71389e+05   -4.73318e+06    3.12765e+02   -2.28426e+00

Writing checkpoint, step 119321960 at Tue Sep  5 05:05:12 2023


Writing checkpoint, step 119499630 at Tue Sep  5 05:20:12 2023


DD  step 119599999 load imb.: force 19.5%

           Step           Time
      119600000   2990000.00000

   Energies (kJ/mol)
           Bond       G96Angle        LJ (SR)   Coulomb (SR)      Potential
    2.08589e+05    5.43402e+04   -5.93676e+06   -3.01322e+04   -5.70396e+06
    Kinetic En.   Total Energy    Temperature Pressure (bar)
    9.71941e+05   -4.73202e+06    3.12943e+02   -2.56450e+00

Writing checkpoint, step 119679860 at Tue Sep  5 05:35:12 2023


Writing checkpoint, step 119862300 at Tue Sep  5 05:50:12 2023


DD  step 119999999 load imb.: force 22.9%

           Step           Time
      120000000   3000000.00000

   Energies (kJ/mol)
           Bond       G96Angle        LJ (SR)   Coulomb (SR)      Potential
    2.07730e+05    5.47268e+04   -5.93910e+06   -2.97688e+04   -5.70641e+06
    Kinetic En.   Total Energy    Temperature Pressure (bar)
    9.66878e+05   -4.73953e+06    3.11312e+02   -7.73995e+00

Writing checkpoint, step 120040970 at Tue Sep  5 06:05:12 2023


Writing checkpoint, step 120222270 at Tue Sep  5 06:20:12 2023


DD  step 120399999 load imb.: force 13.6%

           Step           Time
      120400000   3010000.00000

   Energies (kJ/mol)
           Bond       G96Angle        LJ (SR)   Coulomb (SR)      Potential
    2.08836e+05    5.48850e+04   -5.93607e+06   -2.93541e+04   -5.70171e+06
    Kinetic En.   Total Energy    Temperature Pressure (bar)
    9.73422e+05   -4.72828e+06    3.13419e+02    3.37088e+00

Writing checkpoint, step 120406300 at Tue Sep  5 06:35:12 2023


Writing checkpoint, step 120590930 at Tue Sep  5 06:50:12 2023


Writing checkpoint, step 120773150 at Tue Sep  5 07:05:12 2023


DD  step 120799999 load imb.: force 19.2%

           Step           Time
      120800000   3020000.00000

   Energies (kJ/mol)
           Bond       G96Angle        LJ (SR)   Coulomb (SR)      Potential
    2.09026e+05    5.46166e+04   -5.93667e+06   -2.95907e+04   -5.70262e+06
    Kinetic En.   Total Energy    Temperature Pressure (bar)
    9.69199e+05   -4.73342e+06    3.12060e+02    1.12913e+00

Writing checkpoint, step 120960080 at Tue Sep  5 07:20:12 2023


Writing checkpoint, step 121148490 at Tue Sep  5 07:35:12 2023


DD  step 121199999 load imb.: force 16.2%

           Step           Time
      121200000   3030000.00000

   Energies (kJ/mol)
           Bond       G96Angle        LJ (SR)   Coulomb (SR)      Potential
    2.08417e+05    5.48478e+04   -5.93024e+06   -2.99288e+04   -5.69690e+06
    Kinetic En.   Total Energy    Temperature Pressure (bar)
    9.71094e+05   -4.72581e+06    3.12670e+02    7.72981e+00

Writing checkpoint, step 121335290 at Tue Sep  5 07:50:12 2023


Writing checkpoint, step 121519850 at Tue Sep  5 08:05:12 2023


DD  step 121599999 load imb.: force 15.7%

           Step           Time
      121600000   3040000.00000

   Energies (kJ/mol)
           Bond       G96Angle        LJ (SR)   Coulomb (SR)      Potential
    2.08434e+05    5.43928e+04   -5.93447e+06   -2.98924e+04   -5.70154e+06
    Kinetic En.   Total Energy    Temperature Pressure (bar)
    9.69133e+05   -4.73241e+06    3.12038e+02    3.69793e+00

Writing checkpoint, step 121703920 at Tue Sep  5 08:20:12 2023


Writing checkpoint, step 121890130 at Tue Sep  5 08:35:12 2023


DD  step 121999999 load imb.: force 16.2%

           Step           Time
      122000000   3050000.00000

   Energies (kJ/mol)
           Bond       G96Angle        LJ (SR)   Coulomb (SR)      Potential
    2.07942e+05    5.50672e+04   -5.93405e+06   -3.02596e+04   -5.70130e+06
    Kinetic En.   Total Energy    Temperature Pressure (bar)
    9.71821e+05   -4.72948e+06    3.12904e+02    3.38355e+00

Writing checkpoint, step 122078740 at Tue Sep  5 08:50:12 2023


Writing checkpoint, step 122265380 at Tue Sep  5 09:05:12 2023


DD  step 122399999 load imb.: force 10.1%

           Step           Time
      122400000   3060000.00000

   Energies (kJ/mol)
           Bond       G96Angle        LJ (SR)   Coulomb (SR)      Potential
    2.08756e+05    5.45517e+04   -5.93575e+06   -2.98026e+04   -5.70225e+06
    Kinetic En.   Total Energy    Temperature Pressure (bar)
    9.66566e+05   -4.73568e+06    3.11212e+02   -3.20210e+00

Writing checkpoint, step 122452870 at Tue Sep  5 09:20:12 2023


Writing checkpoint, step 122639740 at Tue Sep  5 09:35:12 2023


DD  step 122799999 load imb.: force 17.8%

           Step           Time
      122800000   3070000.00000

   Energies (kJ/mol)
           Bond       G96Angle        LJ (SR)   Coulomb (SR)      Potential
    2.09391e+05    5.45079e+04   -5.93555e+06   -2.95795e+04   -5.70123e+06
    Kinetic En.   Total Energy    Temperature Pressure (bar)
    9.69695e+05   -4.73154e+06    3.12219e+02   -3.39173e+00

Writing checkpoint, step 122825290 at Tue Sep  5 09:50:12 2023


Writing checkpoint, step 123011100 at Tue Sep  5 10:05:12 2023


Writing checkpoint, step 123194530 at Tue Sep  5 10:20:12 2023


DD  step 123199999 load imb.: force 20.4%

           Step           Time
      123200000   3080000.00000

   Energies (kJ/mol)
           Bond       G96Angle        LJ (SR)   Coulomb (SR)      Potential
    2.08615e+05    5.47629e+04   -5.93458e+06   -2.98191e+04   -5.70102e+06
    Kinetic En.   Total Energy    Temperature Pressure (bar)
    9.73763e+05   -4.72726e+06    3.13529e+02    8.51621e+00

Writing checkpoint, step 123376780 at Tue Sep  5 10:35:12 2023


Writing checkpoint, step 123560950 at Tue Sep  5 10:50:12 2023


DD  step 123599999 load imb.: force 17.5%

           Step           Time
      123600000   3090000.00000

   Energies (kJ/mol)
           Bond       G96Angle        LJ (SR)   Coulomb (SR)      Potential
    2.08396e+05    5.42769e+04   -5.93435e+06   -2.99714e+04   -5.70165e+06
    Kinetic En.   Total Energy    Temperature Pressure (bar)
    9.70038e+05   -4.73161e+06    3.12330e+02    6.22212e+00

Writing checkpoint, step 123744820 at Tue Sep  5 11:05:12 2023


Writing checkpoint, step 123928900 at Tue Sep  5 11:20:12 2023


DD  step 123999999 load imb.: force 19.7%

           Step           Time
      124000000   3100000.00000

   Energies (kJ/mol)
           Bond       G96Angle        LJ (SR)   Coulomb (SR)      Potential
    2.08194e+05    5.50178e+04   -5.93688e+06   -2.95440e+04   -5.70321e+06
    Kinetic En.   Total Energy    Temperature Pressure (bar)
    9.68098e+05   -4.73512e+06    3.11705e+02    4.20586e-01

Writing checkpoint, step 124110470 at Tue Sep  5 11:35:12 2023


Writing checkpoint, step 124292220 at Tue Sep  5 11:50:12 2023


DD  step 124399999 load imb.: force 21.1%

           Step           Time
      124400000   3110000.00000

   Energies (kJ/mol)
           Bond       G96Angle        LJ (SR)   Coulomb (SR)      Potential
    2.08975e+05    5.45544e+04   -5.93777e+06   -2.96482e+04   -5.70389e+06
    Kinetic En.   Total Energy    Temperature Pressure (bar)
    9.71080e+05   -4.73281e+06    3.12665e+02   -5.57648e+00

Writing checkpoint, step 124477670 at Tue Sep  5 12:05:12 2023


Writing checkpoint, step 124661220 at Tue Sep  5 12:20:12 2023


DD  step 124799999 load imb.: force 19.2%

           Step           Time
      124800000   3120000.00000

   Energies (kJ/mol)
           Bond       G96Angle        LJ (SR)   Coulomb (SR)      Potential
    2.09224e+05    5.46679e+04   -5.93815e+06   -2.96371e+04   -5.70389e+06
    Kinetic En.   Total Energy    Temperature Pressure (bar)
    9.72703e+05   -4.73119e+06    3.13188e+02    2.10910e-01

Writing checkpoint, step 124846260 at Tue Sep  5 12:35:12 2023


Writing checkpoint, step 125032870 at Tue Sep  5 12:50:12 2023


DD  step 125199999 load imb.: force 10.1%

           Step           Time
      125200000   3130000.00000

   Energies (kJ/mol)
           Bond       G96Angle        LJ (SR)   Coulomb (SR)      Potential
    2.08215e+05    5.45295e+04   -5.93698e+06   -3.03033e+04   -5.70453e+06
    Kinetic En.   Total Energy    Temperature Pressure (bar)
    9.69167e+05   -4.73537e+06    3.12049e+02   -4.24563e+00

Writing checkpoint, step 125223690 at Tue Sep  5 13:05:12 2023


Writing checkpoint, step 125413900 at Tue Sep  5 13:20:12 2023


DD  step 125599999 load imb.: force 15.6%

           Step           Time
      125600000   3140000.00000

   Energies (kJ/mol)
           Bond       G96Angle        LJ (SR)   Coulomb (SR)      Potential
    2.08712e+05    5.42905e+04   -5.93120e+06   -2.97686e+04   -5.69797e+06
    Kinetic En.   Total Energy    Temperature Pressure (bar)
    9.72072e+05   -4.72590e+06    3.12985e+02    1.07311e+01

Writing checkpoint, step 125600610 at Tue Sep  5 13:35:12 2023


Writing checkpoint, step 125787480 at Tue Sep  5 13:50:12 2023


Writing checkpoint, step 125974510 at Tue Sep  5 14:05:12 2023


DD  step 125999999 load imb.: force 13.6%

           Step           Time
      126000000   3150000.00000

   Energies (kJ/mol)
           Bond       G96Angle        LJ (SR)   Coulomb (SR)      Potential
    2.07990e+05    5.51056e+04   -5.93758e+06   -2.98725e+04   -5.70436e+06
    Kinetic En.   Total Energy    Temperature Pressure (bar)
    9.70556e+05   -4.73380e+06    3.12497e+02   -5.64888e+00

Writing checkpoint, step 126161470 at Tue Sep  5 14:20:12 2023


Writing checkpoint, step 126348120 at Tue Sep  5 14:35:12 2023


DD  step 126399999 load imb.: force 10.1%

           Step           Time
      126400000   3160000.00000

   Energies (kJ/mol)
           Bond       G96Angle        LJ (SR)   Coulomb (SR)      Potential
    2.09088e+05    5.44298e+04   -5.93693e+06   -3.02545e+04   -5.70367e+06
    Kinetic En.   Total Energy    Temperature Pressure (bar)
    9.70801e+05   -4.73287e+06    3.12576e+02    6.76427e-01

Writing checkpoint, step 126536680 at Tue Sep  5 14:50:12 2023


Writing checkpoint, step 126720050 at Tue Sep  5 15:05:12 2023


DD  step 126799999 load imb.: force 13.2%

           Step           Time
      126800000   3170000.00000

   Energies (kJ/mol)
           Bond       G96Angle        LJ (SR)   Coulomb (SR)      Potential
    2.08117e+05    5.41353e+04   -5.94138e+06   -2.97270e+04   -5.70886e+06
    Kinetic En.   Total Energy    Temperature Pressure (bar)
    9.66594e+05   -4.74226e+06    3.11221e+02   -7.44416e+00

Writing checkpoint, step 126904710 at Tue Sep  5 15:20:12 2023


Writing checkpoint, step 127089670 at Tue Sep  5 15:35:12 2023


DD  step 127199999 load imb.: force 17.7%

           Step           Time
      127200000   3180000.00000

   Energies (kJ/mol)
           Bond       G96Angle        LJ (SR)   Coulomb (SR)      Potential
    2.08015e+05    5.46722e+04   -5.93842e+06   -2.95789e+04   -5.70532e+06
    Kinetic En.   Total Energy    Temperature Pressure (bar)
    9.72146e+05   -4.73317e+06    3.13009e+02   -3.52135e+00

Writing checkpoint, step 127272920 at Tue Sep  5 15:50:12 2023


Writing checkpoint, step 127456940 at Tue Sep  5 16:05:12 2023


DD  step 127599999 load imb.: force 22.2%

           Step           Time
      127600000   3190000.00000

   Energies (kJ/mol)
           Bond       G96Angle        LJ (SR)   Coulomb (SR)      Potential
    2.08269e+05    5.44268e+04   -5.93742e+06   -2.98798e+04   -5.70461e+06
    Kinetic En.   Total Energy    Temperature Pressure (bar)
    9.73331e+05   -4.73128e+06    3.13390e+02    3.77764e+00

Writing checkpoint, step 127635720 at Tue Sep  5 16:20:12 2023


Writing checkpoint, step 127815130 at Tue Sep  5 16:35:12 2023


Writing checkpoint, step 127995640 at Tue Sep  5 16:50:12 2023


DD  step 127999999 load imb.: force 20.8%

           Step           Time
      128000000   3200000.00000

   Energies (kJ/mol)
           Bond       G96Angle        LJ (SR)   Coulomb (SR)      Potential
    2.09211e+05    5.44901e+04   -5.94004e+06   -3.01698e+04   -5.70650e+06
    Kinetic En.   Total Energy    Temperature Pressure (bar)
    9.68551e+05   -4.73795e+06    3.11851e+02   -8.11181e+00

Writing checkpoint, step 128176850 at Tue Sep  5 17:05:12 2023


Writing checkpoint, step 128358110 at Tue Sep  5 17:20:12 2023


DD  step 128399999 load imb.: force 20.4%

           Step           Time
      128400000   3210000.00000

   Energies (kJ/mol)
           Bond       G96Angle        LJ (SR)   Coulomb (SR)      Potential
    2.07434e+05    5.48818e+04   -5.93579e+06   -2.96226e+04   -5.70310e+06
    Kinetic En.   Total Energy    Temperature Pressure (bar)
    9.67908e+05   -4.73519e+06    3.11644e+02    3.50614e+00

Writing checkpoint, step 128540660 at Tue Sep  5 17:35:12 2023


Writing checkpoint, step 128722230 at Tue Sep  5 17:50:12 2023


DD  step 128799999 load imb.: force 22.9%

           Step           Time
      128800000   3220000.00000

   Energies (kJ/mol)
           Bond       G96Angle        LJ (SR)   Coulomb (SR)      Potential
    2.07576e+05    5.46291e+04   -5.93714e+06   -2.98968e+04   -5.70484e+06
    Kinetic En.   Total Energy    Temperature Pressure (bar)
    9.69969e+05   -4.73487e+06    3.12308e+02    6.24260e+00

Writing checkpoint, step 128900140 at Tue Sep  5 18:05:12 2023


Writing checkpoint, step 129078040 at Tue Sep  5 18:20:12 2023


DD  step 129199999 load imb.: force 21.8%

           Step           Time
      129200000   3230000.00000

   Energies (kJ/mol)
           Bond       G96Angle        LJ (SR)   Coulomb (SR)      Potential
    2.08816e+05    5.45539e+04   -5.93559e+06   -2.98206e+04   -5.70204e+06
    Kinetic En.   Total Energy    Temperature Pressure (bar)
    9.71612e+05   -4.73043e+06    3.12836e+02   -7.80550e+00

Writing checkpoint, step 129259930 at Tue Sep  5 18:35:12 2023


Writing checkpoint, step 129442750 at Tue Sep  5 18:50:12 2023


DD  step 129599999 load imb.: force 22.3%

           Step           Time
      129600000   3240000.00000

   Energies (kJ/mol)
           Bond       G96Angle        LJ (SR)   Coulomb (SR)      Potential
    2.09529e+05    5.43310e+04   -5.93599e+06   -2.93032e+04   -5.70144e+06
    Kinetic En.   Total Energy    Temperature Pressure (bar)
    9.70436e+05   -4.73100e+06    3.12458e+02    1.22723e-01

Writing checkpoint, step 129623810 at Tue Sep  5 19:05:12 2023


Writing checkpoint, step 129802110 at Tue Sep  5 19:20:12 2023


Writing checkpoint, step 129983680 at Tue Sep  5 19:35:12 2023


DD  step 129999999 load imb.: force 16.3%

           Step           Time
      130000000   3250000.00000

   Energies (kJ/mol)
           Bond       G96Angle        LJ (SR)   Coulomb (SR)      Potential
    2.07769e+05    5.50708e+04   -5.93954e+06   -2.96024e+04   -5.70631e+06
    Kinetic En.   Total Energy    Temperature Pressure (bar)
    9.68674e+05   -4.73763e+06    3.11891e+02    9.69043e-01

Writing checkpoint, step 130168330 at Tue Sep  5 19:50:12 2023


Writing checkpoint, step 130356030 at Tue Sep  5 20:05:12 2023


DD  step 130399999 load imb.: force 14.7%

           Step           Time
      130400000   3260000.00000

   Energies (kJ/mol)
           Bond       G96Angle        LJ (SR)   Coulomb (SR)      Potential
    2.07771e+05    5.45816e+04   -5.93409e+06   -3.03547e+04   -5.70210e+06
    Kinetic En.   Total Energy    Temperature Pressure (bar)
    9.70895e+05   -4.73120e+06    3.12606e+02    3.28681e+00

Writing checkpoint, step 130543460 at Tue Sep  5 20:20:12 2023


Writing checkpoint, step 130728390 at Tue Sep  5 20:35:12 2023


DD  step 130799999 load imb.: force 15.0%

           Step           Time
      130800000   3270000.00000

   Energies (kJ/mol)
           Bond       G96Angle        LJ (SR)   Coulomb (SR)      Potential
    2.09459e+05    5.42998e+04   -5.93619e+06   -2.99688e+04   -5.70240e+06
    Kinetic En.   Total Energy    Temperature Pressure (bar)
    9.71035e+05   -4.73137e+06    3.12651e+02    4.30474e+00

Writing checkpoint, step 130914200 at Tue Sep  5 20:50:12 2023


Writing checkpoint, step 131099540 at Tue Sep  5 21:05:12 2023


DD  step 131199999 load imb.: force 19.4%

           Step           Time
      131200000   3280000.00000

   Energies (kJ/mol)
           Bond       G96Angle        LJ (SR)   Coulomb (SR)      Potential
    2.08730e+05    5.47784e+04   -5.93301e+06   -2.94609e+04   -5.69896e+06
    Kinetic En.   Total Energy    Temperature Pressure (bar)
    9.70286e+05   -4.72868e+06    3.12410e+02   -1.80346e+00

Writing checkpoint, step 131285590 at Tue Sep  5 21:20:12 2023


Writing checkpoint, step 131466390 at Tue Sep  5 21:35:12 2023


DD  step 131599999 load imb.: force 19.2%

           Step           Time
      131600000   3290000.00000

   Energies (kJ/mol)
           Bond       G96Angle        LJ (SR)   Coulomb (SR)      Potential
    2.07846e+05    5.49750e+04   -5.93859e+06   -3.01084e+04   -5.70587e+06
    Kinetic En.   Total Energy    Temperature Pressure (bar)
    9.68930e+05   -4.73694e+06    3.11973e+02   -8.76590e-01

Writing checkpoint, step 131650170 at Tue Sep  5 21:50:12 2023


Writing checkpoint, step 131834780 at Tue Sep  5 22:05:12 2023


DD  step 131999999 load imb.: force 15.2%

           Step           Time
      132000000   3300000.00000

   Energies (kJ/mol)
           Bond       G96Angle        LJ (SR)   Coulomb (SR)      Potential
    2.07166e+05    5.44413e+04   -5.93627e+06   -2.94835e+04   -5.70415e+06
    Kinetic En.   Total Energy    Temperature Pressure (bar)
    9.68094e+05   -4.73606e+06    3.11704e+02    2.84955e+00

Writing checkpoint, step 132019830 at Tue Sep  5 22:20:12 2023


Writing checkpoint, step 132205530 at Tue Sep  5 22:35:12 2023


Writing checkpoint, step 132389810 at Tue Sep  5 22:50:12 2023


DD  step 132399999 load imb.: force 19.5%

           Step           Time
      132400000   3310000.00000

   Energies (kJ/mol)
           Bond       G96Angle        LJ (SR)   Coulomb (SR)      Potential
    2.09130e+05    5.42644e+04   -5.93689e+06   -3.01816e+04   -5.70368e+06
    Kinetic En.   Total Energy    Temperature Pressure (bar)
    9.69529e+05   -4.73415e+06    3.12166e+02    7.59111e+00

Writing checkpoint, step 132570700 at Tue Sep  5 23:05:12 2023


Writing checkpoint, step 132748420 at Tue Sep  5 23:20:12 2023


DD  step 132799999 load imb.: force 25.1%

           Step           Time
      132800000   3320000.00000

   Energies (kJ/mol)
           Bond       G96Angle        LJ (SR)   Coulomb (SR)      Potential
    2.09050e+05    5.36591e+04   -5.93768e+06   -2.98321e+04   -5.70480e+06
    Kinetic En.   Total Energy    Temperature Pressure (bar)
    9.64608e+05   -4.74020e+06    3.10581e+02   -4.27500e-02

Writing checkpoint, step 132928140 at Tue Sep  5 23:35:12 2023


Writing checkpoint, step 133106710 at Tue Sep  5 23:50:12 2023


DD  step 133199999 load imb.: force 18.3%

           Step           Time
      133200000   3330000.00000

   Energies (kJ/mol)
           Bond       G96Angle        LJ (SR)   Coulomb (SR)      Potential
    2.07911e+05    5.45625e+04   -5.93268e+06   -2.94636e+04   -5.69967e+06
    Kinetic En.   Total Energy    Temperature Pressure (bar)
    9.68574e+05   -4.73110e+06    3.11858e+02    6.89597e+00

Writing checkpoint, step 133289460 at Wed Sep  6 00:05:12 2023


Writing checkpoint, step 133473900 at Wed Sep  6 00:20:12 2023


DD  step 133599999 load imb.: force 15.0%

           Step           Time
      133600000   3340000.00000

   Energies (kJ/mol)
           Bond       G96Angle        LJ (SR)   Coulomb (SR)      Potential
    2.07820e+05    5.47562e+04   -5.93884e+06   -3.00489e+04   -5.70632e+06
    Kinetic En.   Total Energy    Temperature Pressure (bar)
    9.71370e+05   -4.73495e+06    3.12759e+02   -3.82360e+00

Writing checkpoint, step 133659640 at Wed Sep  6 00:35:12 2023


Writing checkpoint, step 133844280 at Wed Sep  6 00:50:12 2023


DD  step 133999999 load imb.: force 13.5%

           Step           Time
      134000000   3350000.00000

   Energies (kJ/mol)
           Bond       G96Angle        LJ (SR)   Coulomb (SR)      Potential
    2.08385e+05    5.45499e+04   -5.93988e+06   -2.98289e+04   -5.70677e+06
    Kinetic En.   Total Energy    Temperature Pressure (bar)
    9.70252e+05   -4.73652e+06    3.12399e+02   -9.36651e+00

Writing checkpoint, step 134028600 at Wed Sep  6 01:05:12 2023


Writing checkpoint, step 134214910 at Wed Sep  6 01:20:12 2023


DD  step 134399999 load imb.: force 12.1%

           Step           Time
      134400000   3360000.00000

   Energies (kJ/mol)
           Bond       G96Angle        LJ (SR)   Coulomb (SR)      Potential
    2.07268e+05    5.40451e+04   -5.93798e+06   -2.97387e+04   -5.70641e+06
    Kinetic En.   Total Energy    Temperature Pressure (bar)
    9.70034e+05   -4.73637e+06    3.12328e+02   -3.95023e+00

Writing checkpoint, step 134401430 at Wed Sep  6 01:35:12 2023


Writing checkpoint, step 134589250 at Wed Sep  6 01:50:12 2023


Writing checkpoint, step 134777020 at Wed Sep  6 02:05:12 2023


DD  step 134799999 load imb.: force 14.7%

           Step           Time
      134800000   3370000.00000

   Energies (kJ/mol)
           Bond       G96Angle        LJ (SR)   Coulomb (SR)      Potential
    2.09407e+05    5.44839e+04   -5.93642e+06   -2.98032e+04   -5.70233e+06
    Kinetic En.   Total Energy    Temperature Pressure (bar)
    9.67954e+05   -4.73438e+06    3.11659e+02    5.01404e-01

Writing checkpoint, step 134965140 at Wed Sep  6 02:20:12 2023


Writing checkpoint, step 135152590 at Wed Sep  6 02:35:12 2023


DD  step 135199999 load imb.: force 12.0%

           Step           Time
      135200000   3380000.00000

   Energies (kJ/mol)
           Bond       G96Angle        LJ (SR)   Coulomb (SR)      Potential
    2.08668e+05    5.47692e+04   -5.93953e+06   -3.00884e+04   -5.70618e+06
    Kinetic En.   Total Energy    Temperature Pressure (bar)
    9.70372e+05   -4.73581e+06    3.12437e+02   -1.62577e+01

Writing checkpoint, step 135342390 at Wed Sep  6 02:50:12 2023


Writing checkpoint, step 135529790 at Wed Sep  6 03:05:12 2023


DD  step 135599999 load imb.: force 14.1%

           Step           Time
      135600000   3390000.00000

   Energies (kJ/mol)
           Bond       G96Angle        LJ (SR)   Coulomb (SR)      Potential
    2.07175e+05    5.44152e+04   -5.94082e+06   -2.94369e+04   -5.70867e+06
    Kinetic En.   Total Energy    Temperature Pressure (bar)
    9.69825e+05   -4.73884e+06    3.12261e+02    5.48746e+00

Writing checkpoint, step 135719910 at Wed Sep  6 03:20:12 2023


Writing checkpoint, step 135907010 at Wed Sep  6 03:35:12 2023


DD  step 135999999 load imb.: force 17.4%

           Step           Time
      136000000   3400000.00000

   Energies (kJ/mol)
           Bond       G96Angle        LJ (SR)   Coulomb (SR)      Potential
    2.08031e+05    5.40746e+04   -5.94161e+06   -2.98145e+04   -5.70932e+06
    Kinetic En.   Total Energy    Temperature Pressure (bar)
    9.65962e+05   -4.74336e+06    3.11017e+02   -1.33932e+01

Writing checkpoint, step 136091880 at Wed Sep  6 03:50:12 2023


Writing checkpoint, step 136277850 at Wed Sep  6 04:05:12 2023


DD  step 136399999 load imb.: force 16.7%

           Step           Time
      136400000   3410000.00000

   Energies (kJ/mol)
           Bond       G96Angle        LJ (SR)   Coulomb (SR)      Potential
    2.07321e+05    5.47714e+04   -5.93844e+06   -3.00129e+04   -5.70636e+06
    Kinetic En.   Total Energy    Temperature Pressure (bar)
    9.69511e+05   -4.73685e+06    3.12160e+02   -6.22154e+00

Writing checkpoint, step 136464540 at Wed Sep  6 04:20:12 2023


Writing checkpoint, step 136650110 at Wed Sep  6 04:35:12 2023


DD  step 136799999 load imb.: force 14.0%

           Step           Time
      136800000   3420000.00000

   Energies (kJ/mol)
           Bond       G96Angle        LJ (SR)   Coulomb (SR)      Potential
    2.09089e+05    5.41652e+04   -5.93666e+06   -2.99917e+04   -5.70340e+06
    Kinetic En.   Total Energy    Temperature Pressure (bar)
    9.72640e+05   -4.73076e+06    3.13168e+02    7.88873e+00

Writing checkpoint, step 136836300 at Wed Sep  6 04:50:12 2023


Writing checkpoint, step 137023870 at Wed Sep  6 05:05:12 2023


DD  step 137199999 load imb.: force 16.3%

           Step           Time
      137200000   3430000.00000

   Energies (kJ/mol)
           Bond       G96Angle        LJ (SR)   Coulomb (SR)      Potential
    2.09096e+05    5.51232e+04   -5.93850e+06   -3.01552e+04   -5.70444e+06
    Kinetic En.   Total Energy    Temperature Pressure (bar)
    9.69758e+05   -4.73468e+06    3.12240e+02    2.22564e+00

Writing checkpoint, step 137210080 at Wed Sep  6 05:20:12 2023


Writing checkpoint, step 137395660 at Wed Sep  6 05:35:12 2023


Writing checkpoint, step 137582100 at Wed Sep  6 05:50:12 2023


DD  step 137599999 load imb.: force 13.4%

           Step           Time
      137600000   3440000.00000

   Energies (kJ/mol)
           Bond       G96Angle        LJ (SR)   Coulomb (SR)      Potential
    2.07497e+05    5.43906e+04   -5.93816e+06   -2.98611e+04   -5.70613e+06
    Kinetic En.   Total Energy    Temperature Pressure (bar)
    9.70606e+05   -4.73552e+06    3.12513e+02   -6.47214e+00

Writing checkpoint, step 137771460 at Wed Sep  6 06:05:12 2023


Writing checkpoint, step 137959820 at Wed Sep  6 06:20:12 2023


DD  step 137999999 load imb.: force 11.6%

           Step           Time
      138000000   3450000.00000

   Energies (kJ/mol)
           Bond       G96Angle        LJ (SR)   Coulomb (SR)      Potential
    2.07240e+05    5.44288e+04   -5.93318e+06   -3.01141e+04   -5.70163e+06
    Kinetic En.   Total Energy    Temperature Pressure (bar)
    9.73126e+05   -4.72850e+06    3.13324e+02    1.87081e+01

Writing checkpoint, step 138148770 at Wed Sep  6 06:35:12 2023


Writing checkpoint, step 138335040 at Wed Sep  6 06:50:12 2023


DD  step 138399999 load imb.: force 19.4%

           Step           Time
      138400000   3460000.00000

   Energies (kJ/mol)
           Bond       G96Angle        LJ (SR)   Coulomb (SR)      Potential
    2.07955e+05    5.38416e+04   -5.93853e+06   -2.97021e+04   -5.70643e+06
    Kinetic En.   Total Energy    Temperature Pressure (bar)
    9.72264e+05   -4.73417e+06    3.13046e+02   -5.19217e+00

Writing checkpoint, step 138520510 at Wed Sep  6 07:05:12 2023


Writing checkpoint, step 138707440 at Wed Sep  6 07:20:12 2023


DD  step 138799999 load imb.: force 13.8%

           Step           Time
      138800000   3470000.00000

   Energies (kJ/mol)
           Bond       G96Angle        LJ (SR)   Coulomb (SR)      Potential
    2.08409e+05    5.43659e+04   -5.93475e+06   -3.01061e+04   -5.70208e+06
    Kinetic En.   Total Energy    Temperature Pressure (bar)
    9.68058e+05   -4.73402e+06    3.11692e+02   -3.37866e+00

Writing checkpoint, step 138894760 at Wed Sep  6 07:35:12 2023


Writing checkpoint, step 139083170 at Wed Sep  6 07:50:12 2023


DD  step 139199999 load imb.: force 14.6%

           Step           Time
      139200000   3480000.00000

   Energies (kJ/mol)
           Bond       G96Angle        LJ (SR)   Coulomb (SR)      Potential
    2.08636e+05    5.47554e+04   -5.93895e+06   -2.96708e+04   -5.70523e+06
    Kinetic En.   Total Energy    Temperature Pressure (bar)
    9.68822e+05   -4.73641e+06    3.11938e+02   -8.95990e+00

Writing checkpoint, step 139270580 at Wed Sep  6 08:05:12 2023


Writing checkpoint, step 139459580 at Wed Sep  6 08:20:12 2023


DD  step 139599999 load imb.: force 18.7%

           Step           Time
      139600000   3490000.00000

   Energies (kJ/mol)
           Bond       G96Angle        LJ (SR)   Coulomb (SR)      Potential
    2.09084e+05    5.47628e+04   -5.93874e+06   -2.99592e+04   -5.70486e+06
    Kinetic En.   Total Energy    Temperature Pressure (bar)
    9.72547e+05   -4.73231e+06    3.13138e+02    1.98137e+00

Writing checkpoint, step 139644890 at Wed Sep  6 08:35:12 2023


Writing checkpoint, step 139831030 at Wed Sep  6 08:50:12 2023


DD  step 139999999 load imb.: force 11.5%

           Step           Time
      140000000   3500000.00000

   Energies (kJ/mol)
           Bond       G96Angle        LJ (SR)   Coulomb (SR)      Potential
    2.07461e+05    5.44794e+04   -5.93360e+06   -2.95403e+04   -5.70120e+06
    Kinetic En.   Total Energy    Temperature Pressure (bar)
    9.72248e+05   -4.72896e+06    3.13041e+02    4.11913e-02

Writing checkpoint, step 140021100 at Wed Sep  6 09:05:12 2023


Writing checkpoint, step 140214170 at Wed Sep  6 09:20:12 2023


DD  step 140399999 load imb.: force  9.7%

           Step           Time
      140400000   3510000.00000

   Energies (kJ/mol)
           Bond       G96Angle        LJ (SR)   Coulomb (SR)      Potential
    2.08556e+05    5.45643e+04   -5.93979e+06   -2.96921e+04   -5.70636e+06
    Kinetic En.   Total Energy    Temperature Pressure (bar)
    9.68293e+05   -4.73807e+06    3.11768e+02   -3.07227e+00

Writing checkpoint, step 140405760 at Wed Sep  6 09:35:12 2023


Writing checkpoint, step 140597850 at Wed Sep  6 09:50:12 2023


Writing checkpoint, step 140790180 at Wed Sep  6 10:05:12 2023


DD  step 140799999 load imb.: force  9.6%

           Step           Time
      140800000   3520000.00000

   Energies (kJ/mol)
           Bond       G96Angle        LJ (SR)   Coulomb (SR)      Potential
    2.07089e+05    5.48173e+04   -5.93735e+06   -3.02489e+04   -5.70569e+06
    Kinetic En.   Total Energy    Temperature Pressure (bar)
    9.68503e+05   -4.73719e+06    3.11836e+02   -1.17692e+00

Writing checkpoint, step 140982110 at Wed Sep  6 10:20:12 2023


Writing checkpoint, step 141174070 at Wed Sep  6 10:35:12 2023


DD  step 141199999 load imb.: force 15.4%

           Step           Time
      141200000   3530000.00000

   Energies (kJ/mol)
           Bond       G96Angle        LJ (SR)   Coulomb (SR)      Potential
    2.07753e+05    5.48789e+04   -5.94024e+06   -2.93794e+04   -5.70699e+06
    Kinetic En.   Total Energy    Temperature Pressure (bar)
    9.68388e+05   -4.73860e+06    3.11798e+02   -8.08276e+00

Writing checkpoint, step 141364920 at Wed Sep  6 10:50:12 2023


Writing checkpoint, step 141554650 at Wed Sep  6 11:05:12 2023


DD  step 141599999 load imb.: force 14.9%

           Step           Time
      141600000   3540000.00000

   Energies (kJ/mol)
           Bond       G96Angle        LJ (SR)   Coulomb (SR)      Potential
    2.07645e+05    5.42673e+04   -5.93370e+06   -3.00066e+04   -5.70180e+06
    Kinetic En.   Total Energy    Temperature Pressure (bar)
    9.69517e+05   -4.73228e+06    3.12162e+02    5.11525e+00

Writing checkpoint, step 141744590 at Wed Sep  6 11:20:12 2023


Writing checkpoint, step 141936160 at Wed Sep  6 11:35:12 2023


DD  step 141999999 load imb.: force  9.3%

           Step           Time
      142000000   3550000.00000

   Energies (kJ/mol)
           Bond       G96Angle        LJ (SR)   Coulomb (SR)      Potential
    2.07937e+05    5.45470e+04   -5.93601e+06   -2.95084e+04   -5.70303e+06
    Kinetic En.   Total Energy    Temperature Pressure (bar)
    9.66746e+05   -4.73629e+06    3.11270e+02   -2.91778e+00

Writing checkpoint, step 142129940 at Wed Sep  6 11:50:12 2023


Writing checkpoint, step 142317970 at Wed Sep  6 12:05:12 2023


DD  step 142399999 load imb.: force 11.6%

           Step           Time
      142400000   3560000.00000

   Energies (kJ/mol)
           Bond       G96Angle        LJ (SR)   Coulomb (SR)      Potential
    2.07935e+05    5.42351e+04   -5.93795e+06   -3.00724e+04   -5.70585e+06
    Kinetic En.   Total Energy    Temperature Pressure (bar)
    9.67774e+05   -4.73808e+06    3.11601e+02   -7.02060e-02

Writing checkpoint, step 142509410 at Wed Sep  6 12:20:12 2023


Writing checkpoint, step 142702250 at Wed Sep  6 12:35:12 2023


DD  step 142799999 load imb.: force  7.5%

           Step           Time
      142800000   3570000.00000

   Energies (kJ/mol)
           Bond       G96Angle        LJ (SR)   Coulomb (SR)      Potential
    2.07776e+05    5.45333e+04   -5.93553e+06   -3.02090e+04   -5.70343e+06
    Kinetic En.   Total Energy    Temperature Pressure (bar)
    9.69175e+05   -4.73426e+06    3.12052e+02    4.38743e+00

Writing checkpoint, step 142895980 at Wed Sep  6 12:50:12 2023


Writing checkpoint, step 143089650 at Wed Sep  6 13:05:12 2023


DD  step 143199999 load imb.: force 11.9%

           Step           Time
      143200000   3580000.00000

   Energies (kJ/mol)
           Bond       G96Angle        LJ (SR)   Coulomb (SR)      Potential
    2.08961e+05    5.41373e+04   -5.93671e+06   -3.02190e+04   -5.70383e+06
    Kinetic En.   Total Energy    Temperature Pressure (bar)
    9.69700e+05   -4.73413e+06    3.12221e+02    6.03734e+00

Writing checkpoint, step 143281700 at Wed Sep  6 13:20:12 2023


Writing checkpoint, step 143477010 at Wed Sep  6 13:35:12 2023


DD  step 143599999 load imb.: force 13.6%

           Step           Time
      143600000   3590000.00000

   Energies (kJ/mol)
           Bond       G96Angle        LJ (SR)   Coulomb (SR)      Potential
    2.06454e+05    5.45903e+04   -5.93738e+06   -2.98522e+04   -5.70619e+06
    Kinetic En.   Total Energy    Temperature Pressure (bar)
    9.69452e+05   -4.73674e+06    3.12141e+02    6.40061e+00

Writing checkpoint, step 143667280 at Wed Sep  6 13:50:12 2023


Writing checkpoint, step 143858480 at Wed Sep  6 14:05:12 2023


DD  step 143999999 load imb.: force  8.0%

           Step           Time
      144000000   3600000.00000

   Energies (kJ/mol)
           Bond       G96Angle        LJ (SR)   Coulomb (SR)      Potential
    2.07942e+05    5.48307e+04   -5.93688e+06   -2.97043e+04   -5.70381e+06
    Kinetic En.   Total Energy    Temperature Pressure (bar)
    9.69571e+05   -4.73424e+06    3.12180e+02    1.87930e+00

Writing checkpoint, step 144052670 at Wed Sep  6 14:20:12 2023


Writing checkpoint, step 144244050 at Wed Sep  6 14:35:12 2023


DD  step 144399999 load imb.: force 15.3%

           Step           Time
      144400000   3610000.00000

   Energies (kJ/mol)
           Bond       G96Angle        LJ (SR)   Coulomb (SR)      Potential
    2.07772e+05    5.55943e+04   -5.93553e+06   -2.93531e+04   -5.70152e+06
    Kinetic En.   Total Energy    Temperature Pressure (bar)
    9.68303e+05   -4.73322e+06    3.11771e+02   -1.98469e-01

Writing checkpoint, step 144432750 at Wed Sep  6 14:50:12 2023


Writing checkpoint, step 144619630 at Wed Sep  6 15:05:12 2023


DD  step 144799999 load imb.: force 14.5%

           Step           Time
      144800000   3620000.00000

   Energies (kJ/mol)
           Bond       G96Angle        LJ (SR)   Coulomb (SR)      Potential
    2.06901e+05    5.53406e+04   -5.93856e+06   -2.91514e+04   -5.70547e+06
    Kinetic En.   Total Energy    Temperature Pressure (bar)
    9.68424e+05   -4.73705e+06    3.11810e+02   -2.17607e+00

Writing checkpoint, step 144806280 at Wed Sep  6 15:20:12 2023


Writing checkpoint, step 144993100 at Wed Sep  6 15:35:12 2023


Writing checkpoint, step 145179510 at Wed Sep  6 15:50:12 2023


DD  step 145199999 load imb.: force 14.7%

           Step           Time
      145200000   3630000.00000

   Energies (kJ/mol)
           Bond       G96Angle        LJ (SR)   Coulomb (SR)      Potential
    2.06489e+05    5.50110e+04   -5.93682e+06   -3.00017e+04   -5.70532e+06
    Kinetic En.   Total Energy    Temperature Pressure (bar)
    9.69048e+05   -4.73628e+06    3.12011e+02    1.11899e+00

Writing checkpoint, step 145365920 at Wed Sep  6 16:05:12 2023


Writing checkpoint, step 145556140 at Wed Sep  6 16:20:12 2023


DD  step 145599999 load imb.: force 10.0%

           Step           Time
      145600000   3640000.00000

   Energies (kJ/mol)
           Bond       G96Angle        LJ (SR)   Coulomb (SR)      Potential
    2.07525e+05    5.49088e+04   -5.93485e+06   -3.01263e+04   -5.70255e+06
    Kinetic En.   Total Energy    Temperature Pressure (bar)
    9.74989e+05   -4.72756e+06    3.13924e+02    4.68306e+00

Writing checkpoint, step 145748890 at Wed Sep  6 16:35:12 2023


Writing checkpoint, step 145940850 at Wed Sep  6 16:50:12 2023


DD  step 145999999 load imb.: force  8.4%

           Step           Time
      146000000   3650000.00000

   Energies (kJ/mol)
           Bond       G96Angle        LJ (SR)   Coulomb (SR)      Potential
    2.08326e+05    5.40469e+04   -5.93650e+06   -2.95421e+04   -5.70367e+06
    Kinetic En.   Total Energy    Temperature Pressure (bar)
    9.68962e+05   -4.73470e+06    3.11983e+02    1.34166e+00

Writing checkpoint, step 146133850 at Wed Sep  6 17:05:12 2023


Writing checkpoint, step 146321870 at Wed Sep  6 17:20:12 2023


DD  step 146399999 load imb.: force 11.5%

           Step           Time
      146400000   3660000.00000

   Energies (kJ/mol)
           Bond       G96Angle        LJ (SR)   Coulomb (SR)      Potential
    2.07404e+05    5.45541e+04   -5.93557e+06   -2.98421e+04   -5.70345e+06
    Kinetic En.   Total Energy    Temperature Pressure (bar)
    9.70437e+05   -4.73302e+06    3.12458e+02    1.25548e+01

Writing checkpoint, step 146513630 at Wed Sep  6 17:35:12 2023


Writing checkpoint, step 146704840 at Wed Sep  6 17:50:12 2023


DD  step 146799999 load imb.: force 10.4%

           Step           Time
      146800000   3670000.00000

   Energies (kJ/mol)
           Bond       G96Angle        LJ (SR)   Coulomb (SR)      Potential
    2.08290e+05    5.42388e+04   -5.93735e+06   -2.98484e+04   -5.70466e+06
    Kinetic En.   Total Energy    Temperature Pressure (bar)
    9.70098e+05   -4.73457e+06    3.12349e+02    2.73571e+00

Writing checkpoint, step 146896110 at Wed Sep  6 18:05:12 2023


Writing checkpoint, step 147084860 at Wed Sep  6 18:20:12 2023


DD  step 147199999 load imb.: force 14.7%

           Step           Time
      147200000   3680000.00000

   Energies (kJ/mol)
           Bond       G96Angle        LJ (SR)   Coulomb (SR)      Potential
    2.08580e+05    5.44372e+04   -5.93813e+06   -2.95842e+04   -5.70469e+06
    Kinetic En.   Total Energy    Temperature Pressure (bar)
    9.69366e+05   -4.73533e+06    3.12113e+02    4.18892e+00

Writing checkpoint, step 147270600 at Wed Sep  6 18:35:12 2023


Writing checkpoint, step 147459700 at Wed Sep  6 18:50:12 2023


DD  step 147599999 load imb.: force 12.8%

           Step           Time
      147600000   3690000.00000

   Energies (kJ/mol)
           Bond       G96Angle        LJ (SR)   Coulomb (SR)      Potential
    2.08146e+05    5.42617e+04   -5.93654e+06   -2.95845e+04   -5.70371e+06
    Kinetic En.   Total Energy    Temperature Pressure (bar)
    9.68513e+05   -4.73520e+06    3.11839e+02   -1.38800e-01

Writing checkpoint, step 147649110 at Wed Sep  6 19:05:12 2023


Writing checkpoint, step 147836730 at Wed Sep  6 19:20:12 2023


DD  step 147999999 load imb.: force 15.3%

           Step           Time
      148000000   3700000.00000

   Energies (kJ/mol)
           Bond       G96Angle        LJ (SR)   Coulomb (SR)      Potential
    2.08042e+05    5.48932e+04   -5.93413e+06   -3.00182e+04   -5.70121e+06
    Kinetic En.   Total Energy    Temperature Pressure (bar)
    9.68654e+05   -4.73256e+06    3.11884e+02    1.07658e+01

Writing checkpoint, step 148023980 at Wed Sep  6 19:35:12 2023


Writing checkpoint, step 148212570 at Wed Sep  6 19:50:12 2023


DD  step 148399999 load imb.: force 16.5%

           Step           Time
      148400000   3710000.00000

Writing checkpoint, step 148400000 at Wed Sep  6 20:05:12 2023


   Energies (kJ/mol)
           Bond       G96Angle        LJ (SR)   Coulomb (SR)      Potential
    2.08331e+05    5.43325e+04   -5.93469e+06   -3.04912e+04   -5.70252e+06
    Kinetic En.   Total Energy    Temperature Pressure (bar)
    9.73275e+05   -4.72924e+06    3.13372e+02   -2.11463e+00

Writing checkpoint, step 148588370 at Wed Sep  6 20:20:12 2023


Writing checkpoint, step 148781030 at Wed Sep  6 20:35:12 2023


DD  step 148799999 load imb.: force 10.8%

           Step           Time
      148800000   3720000.00000

   Energies (kJ/mol)
           Bond       G96Angle        LJ (SR)   Coulomb (SR)      Potential
    2.08412e+05    5.48510e+04   -5.93627e+06   -3.00803e+04   -5.70309e+06
    Kinetic En.   Total Energy    Temperature Pressure (bar)
    9.69852e+05   -4.73324e+06    3.12270e+02    4.23000e+00

Writing checkpoint, step 148973110 at Wed Sep  6 20:50:12 2023


Writing checkpoint, step 149166110 at Wed Sep  6 21:05:12 2023


DD  step 149199999 load imb.: force 10.3%

           Step           Time
      149200000   3730000.00000

   Energies (kJ/mol)
           Bond       G96Angle        LJ (SR)   Coulomb (SR)      Potential
    2.07886e+05    5.38036e+04   -5.93735e+06   -2.91887e+04   -5.70484e+06
    Kinetic En.   Total Energy    Temperature Pressure (bar)
    9.70083e+05   -4.73476e+06    3.12344e+02    6.26628e+00

Writing checkpoint, step 149356540 at Wed Sep  6 21:20:12 2023


Writing checkpoint, step 149550020 at Wed Sep  6 21:35:12 2023


DD  step 149599999 load imb.: force 10.6%

           Step           Time
      149600000   3740000.00000

   Energies (kJ/mol)
           Bond       G96Angle        LJ (SR)   Coulomb (SR)      Potential
    2.07734e+05    5.39154e+04   -5.93991e+06   -2.95180e+04   -5.70778e+06
    Kinetic En.   Total Energy    Temperature Pressure (bar)
    9.72410e+05   -4.73537e+06    3.13094e+02    8.39369e+00

Writing checkpoint, step 149742940 at Wed Sep  6 21:50:12 2023




Received the TERM signal, stopping within 10 steps

           Step           Time
      149776740   3744418.50000

Writing checkpoint, step 149776740 at Wed Sep  6 21:52:48 2023




-----------------------------------------------------------
Restarting from checkpoint, appending to previous log file.

Log file opened on Fri Sep  8 10:19:16 2023
Host: halc051.amarel.rutgers.edu  pid: 35360  rank ID: 0  number of ranks:  32
                      :-) GROMACS - gmx mdrun, 2016.1 (-:

Executable:   /opt/sw/packages/intel-17.0.1/mvapich2-2.2/gromacs/2016.1/bin/gmx_mpi
Data prefix:  /opt/sw/packages/intel-17.0.1/mvapich2-2.2/gromacs/2016.1
Working dir:  /scratch/jje63/heat_lig_multinano/PolarNP_3/Octanethiol
Command line:
  gmx_mpi mdrun -s md2.tpr -cpi md.cpt -ntomp 1 -deffnm md -v -rdd 1.4

GROMACS version:    2016.1
Precision:          single
Memory model:       64 bit
MPI library:        MPI
OpenMP support:     enabled (GMX_OPENMP_MAX_THREADS = 32)
GPU support:        disabled
SIMD instructions:  AVX_256
FFT library:        Intel MKL
RDTSCP usage:       enabled
TNG support:        enabled
Hwloc support:      disabled
Tracing support:    disabled
Built on:           Wed Nov 23 15:27:26 EST 2016
Built by:           novosirj@perceval2.hpc.rutgers.edu [CMAKE]
Build OS/arch:      Linux 3.10.0-229.20.1.el7.x86_64 x86_64
Build CPU vendor:   Intel
Build CPU brand:    Intel(R) Xeon(R) CPU E5-2650 v3 @ 2.30GHz
Build CPU family:   6   Model: 63   Stepping: 2
Build CPU features: aes apic avx avx2 clfsh cmov cx8 cx16 f16c fma htt lahf mmx msr nonstop_tsc pcid pclmuldq pdcm pdpe1gb popcnt pse rdrnd rdtscp sse2 sse3 sse4.1 sse4.2 ssse3 tdt x2apic
C compiler:         /opt/sw/packages/intel/17.0.1/compilers_and_libraries/linux/bin/intel64/icc Intel 17.0.0.20161005
C compiler flags:    -mavx   -mkl=sequential  -std=gnu99  -O3 -DNDEBUG -ip -funroll-all-loops -alias-const -ansi-alias  
C++ compiler:       /opt/sw/packages/intel/17.0.1/compilers_and_libraries/linux/bin/intel64/icpc Intel 17.0.0.20161005
C++ compiler flags:  -mavx    -std=c++0x   -O3 -DNDEBUG -ip -funroll-all-loops -alias-const -ansi-alias  


Initializing Domain Decomposition on 32 ranks
Dynamic load balancing: auto
Minimum cell size due to bonded interactions: 1.400 nm
Domain decomposition grid 4 x 4 x 2, separate PME ranks 0
Domain decomposition rank 0, coordinates 0 0 0

The initial number of communication pulses is: X 1 Y 1 Z 1
The initial domain decomposition cell size is: X 11.41 nm Y 11.41 nm Z 6.92 nm

The maximum allowed distance for charge groups involved in interactions is:
                 non-bonded interactions           1.200 nm
(the following are initial values, they could change due to box deformation)
            two-body bonded interactions  (-rdd)   1.400 nm
          multi-body bonded interactions  (-rdd)   1.400 nm

When dynamic load balancing gets turned on, these settings will change to:
The maximum number of communication pulses is: X 1 Y 1 Z 1
The minimum size for domain decomposition cells is 1.400 nm
The requested allowed shrink of DD cells (option -dds) is: 0.80
The allowed shrink of domain decomposition cells is: X 0.12 Y 0.12 Z 0.20
The maximum allowed distance for charge groups involved in interactions is:
                 non-bonded interactions           1.200 nm
            two-body bonded interactions  (-rdd)   1.400 nm
          multi-body bonded interactions  (-rdd)   1.400 nm

Using 32 MPI processes


NOTE: This file uses the deprecated 'group' cutoff_scheme. This will be
removed in a future release when 'verlet' supports all interaction forms.

Table routines are used for coulomb: true
Table routines are used for vdw:     true
Using shifted Lennard-Jones, switch between 0.9 and 1.2 nm
Cut-off's:   NS: 1.2   Coulomb: 1.2   LJ: 1.2
System total charge: 0.000
Generated table with 1100 data points for Shift.
Tabscale = 500 points/nm
Generated table with 1100 data points for LJ6Shift.
Tabscale = 500 points/nm
Generated table with 1100 data points for LJ12Shift.
Tabscale = 500 points/nm
Potential shift: LJ r^-12: 0.000e+00 r^-6: 0.000e+00

Non-default thread affinity set probably by the OpenMP library,
disabling internal thread affinity

Linking all bonded interactions to atoms

Intra-simulation communication will occur every 1 steps.
Center of mass motion removal mode is Linear
We have the following groups for center of mass motion removal:
  0:  rest
There are: 249030 Atoms
Atom distribution over 32 domains: av 7782 stddev 108 min 7669 max 8042
Grid: 13 x 13 x 9 cells
Initial temperature: 626.684 K

Started mdrun on rank 0 Fri Sep  8 10:19:17 2023

DD  step 149776749 load imb.: force 62.0%


step 149776770 Turning on dynamic load balancing, because the performance loss due to load imbalance is 3.3 %.

Writing checkpoint, step 149983060 at Fri Sep  8 10:34:17 2023


----------------------------------------

NOTE: 7 % of the run time was spent communicating energies,
      you might want to use the -gcom option of mdrun


               Core t (s)   Wall t (s)        (%)
       Time:  5851393.807   182856.056     3200.0
                         2d02h47:36
                 (ns/day)    (hour/ns)
Performance:      446.333        0.054
Finished mdrun on rank 0 Wed Sep  6 21:52:48 2023
DD  step 149999999  vol min/aver 0.845  load imb.: force  0.4%

           Step           Time
      150000000   3750000.00000

   Energies (kJ/mol)
           Bond       G96Angle        LJ (SR)   Coulomb (SR)      Potential
    2.08086e+05    5.49550e+04   -5.93470e+06   -3.00746e+04   -5.70173e+06
    Kinetic En.   Total Energy    Temperature Pressure (bar)
    9.70494e+05   -4.73124e+06    3.12477e+02    8.17078e+00


step 150164940 Turning off dynamic load balancing, because it is degrading performance.

Atom distribution over 32 domains: av 7782 stddev 141 min 7593 max 8279
Writing checkpoint, step 150190640 at Fri Sep  8 10:49:17 2023


Writing checkpoint, step 150382170 at Fri Sep  8 11:04:17 2023


DD  step 150399999 load imb.: force 19.7%

           Step           Time
      150400000   3760000.00000

   Energies (kJ/mol)
           Bond       G96Angle        LJ (SR)   Coulomb (SR)      Potential
    2.08447e+05    5.44168e+04   -5.93724e+06   -2.98275e+04   -5.70420e+06
    Kinetic En.   Total Energy    Temperature Pressure (bar)
    9.72083e+05   -4.73212e+06    3.12988e+02   -7.80339e+00

Writing checkpoint, step 150564150 at Fri Sep  8 11:19:17 2023


Writing checkpoint, step 150759550 at Fri Sep  8 11:34:17 2023


DD  step 150799999 load imb.: force 15.5%

           Step           Time
      150800000   3770000.00000

   Energies (kJ/mol)
           Bond       G96Angle        LJ (SR)   Coulomb (SR)      Potential
    2.07509e+05    5.47053e+04   -5.93686e+06   -2.92780e+04   -5.70393e+06
    Kinetic En.   Total Energy    Temperature Pressure (bar)
    9.70790e+05   -4.73314e+06    3.12572e+02    1.62552e+00

Writing checkpoint, step 150968890 at Fri Sep  8 11:49:17 2023



step 151108740 Turning on dynamic load balancing, because the performance loss due to load imbalance is 2.0 %.


step 151108940 Turning off dynamic load balancing, because it is degrading performance.

Atom distribution over 32 domains: av 7782 stddev 123 min 7659 max 8171

step 151110740 Turning on dynamic load balancing, because the performance loss due to load imbalance is 2.0 %.


step 151110940 Turning off dynamic load balancing, because it is degrading performance.

Atom distribution over 32 domains: av 7782 stddev 123 min 7686 max 8183

step 151111740 Will no longer try dynamic load balancing, as it degraded performance.

Writing checkpoint, step 151174840 at Fri Sep  8 12:04:17 2023


DD  step 151199999 load imb.: force 20.9%

           Step           Time
      151200000   3780000.00000

   Energies (kJ/mol)
           Bond       G96Angle        LJ (SR)   Coulomb (SR)      Potential
    2.08921e+05    5.39106e+04   -5.94301e+06   -3.00344e+04   -5.71022e+06
    Kinetic En.   Total Energy    Temperature Pressure (bar)
    9.69710e+05   -4.74051e+06    3.12224e+02   -6.76877e+00

Writing checkpoint, step 151370510 at Fri Sep  8 12:19:17 2023


Writing checkpoint, step 151572330 at Fri Sep  8 12:34:17 2023


DD  step 151599999 load imb.: force 21.0%

           Step           Time
      151600000   3790000.00000

   Energies (kJ/mol)
           Bond       G96Angle        LJ (SR)   Coulomb (SR)      Potential
    2.07939e+05    5.40859e+04   -5.93276e+06   -2.97027e+04   -5.70044e+06
    Kinetic En.   Total Energy    Temperature Pressure (bar)
    9.69667e+05   -4.73077e+06    3.12210e+02    5.51416e+00

Writing checkpoint, step 151771040 at Fri Sep  8 12:49:17 2023


Writing checkpoint, step 151973120 at Fri Sep  8 13:04:17 2023


DD  step 151999999 load imb.: force 15.0%

           Step           Time
      152000000   3800000.00000

   Energies (kJ/mol)
           Bond       G96Angle        LJ (SR)   Coulomb (SR)      Potential
    2.07741e+05    5.43966e+04   -5.93347e+06   -2.99699e+04   -5.70130e+06
    Kinetic En.   Total Energy    Temperature Pressure (bar)
    9.74042e+05   -4.72726e+06    3.13619e+02    6.60254e+00

Writing checkpoint, step 152173490 at Fri Sep  8 13:19:17 2023


Writing checkpoint, step 152366670 at Fri Sep  8 13:34:17 2023


DD  step 152399999 load imb.: force 15.0%

           Step           Time
      152400000   3810000.00000

   Energies (kJ/mol)
           Bond       G96Angle        LJ (SR)   Coulomb (SR)      Potential
    2.08270e+05    5.45006e+04   -5.93846e+06   -2.96989e+04   -5.70539e+06
    Kinetic En.   Total Energy    Temperature Pressure (bar)
    9.67635e+05   -4.73775e+06    3.11556e+02   -4.66620e+00

Writing checkpoint, step 152568680 at Fri Sep  8 13:49:17 2023


Writing checkpoint, step 152781860 at Fri Sep  8 14:04:17 2023


DD  step 152799999 load imb.: force 16.8%

           Step           Time
      152800000   3820000.00000

   Energies (kJ/mol)
           Bond       G96Angle        LJ (SR)   Coulomb (SR)      Potential
    2.08385e+05    5.42007e+04   -5.93614e+06   -2.97104e+04   -5.70326e+06
    Kinetic En.   Total Energy    Temperature Pressure (bar)
    9.67539e+05   -4.73572e+06    3.11525e+02   -7.63334e+00

Writing checkpoint, step 152988760 at Fri Sep  8 14:19:17 2023


Writing checkpoint, step 153194650 at Fri Sep  8 14:34:17 2023


DD  step 153199999 load imb.: force 15.2%

           Step           Time
      153200000   3830000.00000

   Energies (kJ/mol)
           Bond       G96Angle        LJ (SR)   Coulomb (SR)      Potential
    2.09706e+05    5.42530e+04   -5.93713e+06   -2.96887e+04   -5.70286e+06
    Kinetic En.   Total Energy    Temperature Pressure (bar)
    9.71127e+05   -4.73174e+06    3.12680e+02    3.19043e+00

Writing checkpoint, step 153395620 at Fri Sep  8 14:49:17 2023


Writing checkpoint, step 153594150 at Fri Sep  8 15:04:17 2023


DD  step 153599999 load imb.: force 18.6%

           Step           Time
      153600000   3840000.00000

   Energies (kJ/mol)
           Bond       G96Angle        LJ (SR)   Coulomb (SR)      Potential
    2.08126e+05    5.45518e+04   -5.93623e+06   -2.99233e+04   -5.70347e+06
    Kinetic En.   Total Energy    Temperature Pressure (bar)
    9.65429e+05   -4.73804e+06    3.10846e+02    4.15776e+00

Writing checkpoint, step 153798440 at Fri Sep  8 15:19:17 2023


DD  step 153999999 load imb.: force 15.2%

           Step           Time
      154000000   3850000.00000

   Energies (kJ/mol)
           Bond       G96Angle        LJ (SR)   Coulomb (SR)      Potential
    2.09628e+05    5.47466e+04   -5.93375e+06   -2.97317e+04   -5.69910e+06
    Kinetic En.   Total Energy    Temperature Pressure (bar)
    9.70492e+05   -4.72861e+06    3.12476e+02    5.09844e+00

Writing checkpoint, step 154004580 at Fri Sep  8 15:34:17 2023


Writing checkpoint, step 154202850 at Fri Sep  8 15:49:17 2023


DD  step 154399999 load imb.: force 17.0%

           Step           Time
      154400000   3860000.00000

   Energies (kJ/mol)
           Bond       G96Angle        LJ (SR)   Coulomb (SR)      Potential
    2.07634e+05    5.43235e+04   -5.93365e+06   -2.99274e+04   -5.70162e+06
    Kinetic En.   Total Energy    Temperature Pressure (bar)
    9.67831e+05   -4.73379e+06    3.11619e+02   -3.08481e+00

Writing checkpoint, step 154401320 at Fri Sep  8 16:04:17 2023


Writing checkpoint, step 154597990 at Fri Sep  8 16:19:17 2023


Writing checkpoint, step 154797590 at Fri Sep  8 16:34:17 2023


DD  step 154799999 load imb.: force 20.1%

           Step           Time
      154800000   3870000.00000

   Energies (kJ/mol)
           Bond       G96Angle        LJ (SR)   Coulomb (SR)      Potential
    2.08237e+05    5.47797e+04   -5.93597e+06   -2.99062e+04   -5.70286e+06
    Kinetic En.   Total Energy    Temperature Pressure (bar)
    9.71274e+05   -4.73158e+06    3.12728e+02    7.00247e-01

Writing checkpoint, step 155004490 at Fri Sep  8 16:49:17 2023


DD  step 155199999 load imb.: force 16.0%

           Step           Time
      155200000   3880000.00000

   Energies (kJ/mol)
           Bond       G96Angle        LJ (SR)   Coulomb (SR)      Potential
    2.08623e+05    5.48296e+04   -5.93669e+06   -2.99418e+04   -5.70318e+06
    Kinetic En.   Total Energy    Temperature Pressure (bar)
    9.68866e+05   -4.73432e+06    3.11952e+02    5.46359e+00

Writing checkpoint, step 155210890 at Fri Sep  8 17:04:17 2023


Writing checkpoint, step 155418430 at Fri Sep  8 17:19:17 2023


DD  step 155599999 load imb.: force 16.0%

           Step           Time
      155600000   3890000.00000

   Energies (kJ/mol)
           Bond       G96Angle        LJ (SR)   Coulomb (SR)      Potential
    2.07577e+05    5.44362e+04   -5.93762e+06   -3.01489e+04   -5.70576e+06
    Kinetic En.   Total Energy    Temperature Pressure (bar)
    9.69890e+05   -4.73587e+06    3.12282e+02    6.80614e+00

Writing checkpoint, step 155623670 at Fri Sep  8 17:34:17 2023


Writing checkpoint, step 155829310 at Fri Sep  8 17:49:17 2023


DD  step 155999999 load imb.: force 13.1%

           Step           Time
      156000000   3900000.00000

   Energies (kJ/mol)
           Bond       G96Angle        LJ (SR)   Coulomb (SR)      Potential
    2.09112e+05    5.48356e+04   -5.93411e+06   -2.92212e+04   -5.69938e+06
    Kinetic En.   Total Energy    Temperature Pressure (bar)
    9.70349e+05   -4.72903e+06    3.12430e+02    8.99426e-01

Writing checkpoint, step 156039510 at Fri Sep  8 18:04:17 2023


Writing checkpoint, step 156244100 at Fri Sep  8 18:19:17 2023


DD  step 156399999 load imb.: force 11.2%

           Step           Time
      156400000   3910000.00000

   Energies (kJ/mol)
           Bond       G96Angle        LJ (SR)   Coulomb (SR)      Potential
    2.09074e+05    5.45939e+04   -5.93658e+06   -2.98425e+04   -5.70275e+06
    Kinetic En.   Total Energy    Temperature Pressure (bar)
    9.68703e+05   -4.73405e+06    3.11900e+02    9.85501e-01

Writing checkpoint, step 156451590 at Fri Sep  8 18:34:17 2023


Writing checkpoint, step 156652590 at Fri Sep  8 18:49:17 2023


DD  step 156799999 load imb.: force 15.6%

           Step           Time
      156800000   3920000.00000

   Energies (kJ/mol)
           Bond       G96Angle        LJ (SR)   Coulomb (SR)      Potential
    2.07471e+05    5.48177e+04   -5.93490e+06   -2.98564e+04   -5.70246e+06
    Kinetic En.   Total Energy    Temperature Pressure (bar)
    9.69263e+05   -4.73320e+06    3.12080e+02    6.34985e+00

Writing checkpoint, step 156856550 at Fri Sep  8 19:04:17 2023


Writing checkpoint, step 157060250 at Fri Sep  8 19:19:17 2023


DD  step 157199999 load imb.: force 15.6%

           Step           Time
      157200000   3930000.00000

   Energies (kJ/mol)
           Bond       G96Angle        LJ (SR)   Coulomb (SR)      Potential
    2.07400e+05    5.50293e+04   -5.94038e+06   -2.96032e+04   -5.70756e+06
    Kinetic En.   Total Energy    Temperature Pressure (bar)
    9.69826e+05   -4.73773e+06    3.12261e+02   -3.19153e+00

Writing checkpoint, step 157252690 at Fri Sep  8 19:34:17 2023


Writing checkpoint, step 157451100 at Fri Sep  8 19:49:17 2023


DD  step 157599999 load imb.: force 13.4%

           Step           Time
      157600000   3940000.00000

   Energies (kJ/mol)
           Bond       G96Angle        LJ (SR)   Coulomb (SR)      Potential
    2.06628e+05    5.43264e+04   -5.93835e+06   -2.98674e+04   -5.70726e+06
    Kinetic En.   Total Energy    Temperature Pressure (bar)
    9.70628e+05   -4.73663e+06    3.12520e+02   -5.81360e+00

Writing checkpoint, step 157636500 at Fri Sep  8 20:04:17 2023


Writing checkpoint, step 157842940 at Fri Sep  8 20:19:17 2023


DD  step 157999999 load imb.: force 14.1%

           Step           Time
      158000000   3950000.00000

   Energies (kJ/mol)
           Bond       G96Angle        LJ (SR)   Coulomb (SR)      Potential
    2.08300e+05    5.48358e+04   -5.93478e+06   -3.00048e+04   -5.70165e+06
    Kinetic En.   Total Energy    Temperature Pressure (bar)
    9.72067e+05   -4.72959e+06    3.12983e+02    7.60435e+00

Writing checkpoint, step 158049130 at Fri Sep  8 20:34:17 2023


Writing checkpoint, step 158243160 at Fri Sep  8 20:49:17 2023


DD  step 158399999 load imb.: force 18.9%

           Step           Time
      158400000   3960000.00000

   Energies (kJ/mol)
           Bond       G96Angle        LJ (SR)   Coulomb (SR)      Potential
    2.09140e+05    5.44991e+04   -5.93734e+06   -2.96606e+04   -5.70336e+06
    Kinetic En.   Total Energy    Temperature Pressure (bar)
    9.71703e+05   -4.73166e+06    3.12866e+02    4.30754e+00

Writing checkpoint, step 158431310 at Fri Sep  8 21:04:17 2023


Writing checkpoint, step 158634160 at Fri Sep  8 21:19:17 2023


DD  step 158799999 load imb.: force 19.8%

           Step           Time
      158800000   3970000.00000

   Energies (kJ/mol)
           Bond       G96Angle        LJ (SR)   Coulomb (SR)      Potential
    2.08700e+05    5.46521e+04   -5.93583e+06   -2.93474e+04   -5.70182e+06
    Kinetic En.   Total Energy    Temperature Pressure (bar)
    9.68103e+05   -4.73372e+06    3.11707e+02    1.41420e-02

Writing checkpoint, step 158823910 at Fri Sep  8 21:34:17 2023


Writing checkpoint, step 159021980 at Fri Sep  8 21:49:17 2023


DD  step 159199999 load imb.: force 18.2%

           Step           Time
      159200000   3980000.00000

   Energies (kJ/mol)
           Bond       G96Angle        LJ (SR)   Coulomb (SR)      Potential
    2.07737e+05    5.46616e+04   -5.93596e+06   -3.03390e+04   -5.70390e+06
    Kinetic En.   Total Energy    Temperature Pressure (bar)
    9.73095e+05   -4.73080e+06    3.13314e+02    7.00168e+00

Writing checkpoint, step 159217630 at Fri Sep  8 22:04:17 2023


Writing checkpoint, step 159414770 at Fri Sep  8 22:19:17 2023


DD  step 159599999 load imb.: force 20.0%

           Step           Time
      159600000   3990000.00000

   Energies (kJ/mol)
           Bond       G96Angle        LJ (SR)   Coulomb (SR)      Potential
    2.08244e+05    5.41667e+04   -5.93621e+06   -2.98836e+04   -5.70369e+06
    Kinetic En.   Total Energy    Temperature Pressure (bar)
    9.68538e+05   -4.73515e+06    3.11847e+02    2.27850e+00

Writing checkpoint, step 159605150 at Fri Sep  8 22:34:18 2023


Writing checkpoint, step 159805460 at Fri Sep  8 22:49:17 2023


Writing checkpoint, step 159982680 at Fri Sep  8 23:04:17 2023


DD  step 159999999 load imb.: force 15.3%

           Step           Time
      160000000   4000000.00000

   Energies (kJ/mol)
           Bond       G96Angle        LJ (SR)   Coulomb (SR)      Potential
    2.07803e+05    5.47491e+04   -5.93421e+06   -3.04610e+04   -5.70212e+06
    Kinetic En.   Total Energy    Temperature Pressure (bar)
    9.68886e+05   -4.73323e+06    3.11959e+02   -2.99521e+00

Writing checkpoint, step 160188440 at Fri Sep  8 23:19:18 2023


Writing checkpoint, step 160387490 at Fri Sep  8 23:34:17 2023


DD  step 160399999 load imb.: force 14.4%

           Step           Time
      160400000   4010000.00000

   Energies (kJ/mol)
           Bond       G96Angle        LJ (SR)   Coulomb (SR)      Potential
    2.08049e+05    5.42123e+04   -5.93700e+06   -2.98118e+04   -5.70455e+06
    Kinetic En.   Total Energy    Temperature Pressure (bar)
    9.68250e+05   -4.73630e+06    3.11754e+02   -9.72451e+00

Writing checkpoint, step 160589260 at Fri Sep  8 23:49:17 2023


Writing checkpoint, step 160790250 at Sat Sep  9 00:04:17 2023


DD  step 160799999 load imb.: force 14.8%

           Step           Time
      160800000   4020000.00000

   Energies (kJ/mol)
           Bond       G96Angle        LJ (SR)   Coulomb (SR)      Potential
    2.08209e+05    5.44784e+04   -5.93912e+06   -2.98317e+04   -5.70627e+06
    Kinetic En.   Total Energy    Temperature Pressure (bar)
    9.72088e+05   -4.73418e+06    3.12990e+02    1.96233e-01

Writing checkpoint, step 160986840 at Sat Sep  9 00:19:17 2023


Writing checkpoint, step 161189060 at Sat Sep  9 00:34:17 2023


DD  step 161199999 load imb.: force 15.0%

           Step           Time
      161200000   4030000.00000

   Energies (kJ/mol)
           Bond       G96Angle        LJ (SR)   Coulomb (SR)      Potential
    2.08913e+05    5.49129e+04   -5.93448e+06   -2.97802e+04   -5.70043e+06
    Kinetic En.   Total Energy    Temperature Pressure (bar)
    9.70304e+05   -4.73013e+06    3.12416e+02    7.82712e+00

Writing checkpoint, step 161390780 at Sat Sep  9 00:49:17 2023


Writing checkpoint, step 161598470 at Sat Sep  9 01:04:17 2023


DD  step 161599999 load imb.: force 19.9%

           Step           Time
      161600000   4040000.00000

   Energies (kJ/mol)
           Bond       G96Angle        LJ (SR)   Coulomb (SR)      Potential
    2.08233e+05    5.48168e+04   -5.93245e+06   -2.93466e+04   -5.69875e+06
    Kinetic En.   Total Energy    Temperature Pressure (bar)
    9.68418e+05   -4.73033e+06    3.11808e+02    9.24717e+00

Writing checkpoint, step 161794170 at Sat Sep  9 01:19:17 2023


Writing checkpoint, step 161990570 at Sat Sep  9 01:34:17 2023


DD  step 161999999 load imb.: force 28.0%

           Step           Time
      162000000   4050000.00000

   Energies (kJ/mol)
           Bond       G96Angle        LJ (SR)   Coulomb (SR)      Potential
    2.09106e+05    5.46677e+04   -5.94009e+06   -2.96024e+04   -5.70592e+06
    Kinetic En.   Total Energy    Temperature Pressure (bar)
    9.67591e+05   -4.73833e+06    3.11542e+02   -7.81965e+00

Writing checkpoint, step 162167340 at Sat Sep  9 01:49:17 2023


Writing checkpoint, step 162359760 at Sat Sep  9 02:04:17 2023


DD  step 162399999 load imb.: force 19.3%

           Step           Time
      162400000   4060000.00000

   Energies (kJ/mol)
           Bond       G96Angle        LJ (SR)   Coulomb (SR)      Potential
    2.07478e+05    5.37523e+04   -5.93727e+06   -3.00566e+04   -5.70610e+06
    Kinetic En.   Total Energy    Temperature Pressure (bar)
    9.72518e+05   -4.73358e+06    3.13128e+02   -1.44936e+00

Writing checkpoint, step 162552410 at Sat Sep  9 02:19:17 2023


Writing checkpoint, step 162743170 at Sat Sep  9 02:34:17 2023


DD  step 162799999 load imb.: force 23.2%

           Step           Time
      162800000   4070000.00000

   Energies (kJ/mol)
           Bond       G96Angle        LJ (SR)   Coulomb (SR)      Potential
    2.06655e+05    5.44785e+04   -5.93793e+06   -2.94729e+04   -5.70627e+06
    Kinetic En.   Total Energy    Temperature Pressure (bar)
    9.66932e+05   -4.73934e+06    3.11330e+02   -5.54390e+00

Writing checkpoint, step 162928350 at Sat Sep  9 02:49:17 2023


Writing checkpoint, step 163123850 at Sat Sep  9 03:04:17 2023


DD  step 163199999 load imb.: force 17.0%

           Step           Time
      163200000   4080000.00000

   Energies (kJ/mol)
           Bond       G96Angle        LJ (SR)   Coulomb (SR)      Potential
    2.08665e+05    5.49835e+04   -5.93864e+06   -2.92665e+04   -5.70426e+06
    Kinetic En.   Total Energy    Temperature Pressure (bar)
    9.68816e+05   -4.73545e+06    3.11936e+02   -1.30579e+00

Writing checkpoint, step 163329400 at Sat Sep  9 03:19:17 2023


Writing checkpoint, step 163531060 at Sat Sep  9 03:34:17 2023


DD  step 163599999 load imb.: force 15.6%

           Step           Time
      163600000   4090000.00000

   Energies (kJ/mol)
           Bond       G96Angle        LJ (SR)   Coulomb (SR)      Potential
    2.06911e+05    5.47684e+04   -5.93866e+06   -3.01499e+04   -5.70712e+06
    Kinetic En.   Total Energy    Temperature Pressure (bar)
    9.68894e+05   -4.73823e+06    3.11962e+02   -7.06300e+00

Writing checkpoint, step 163734330 at Sat Sep  9 03:49:17 2023


Writing checkpoint, step 163919990 at Sat Sep  9 04:04:17 2023


DD  step 163999999 load imb.: force 19.2%

           Step           Time
      164000000   4100000.00000

   Energies (kJ/mol)
           Bond       G96Angle        LJ (SR)   Coulomb (SR)      Potential
    2.08045e+05    5.42326e+04   -5.93591e+06   -2.98755e+04   -5.70351e+06
    Kinetic En.   Total Energy    Temperature Pressure (bar)
    9.70358e+05   -4.73315e+06    3.12433e+02    4.82443e+00

Writing checkpoint, step 164121120 at Sat Sep  9 04:19:17 2023


Writing checkpoint, step 164318360 at Sat Sep  9 04:34:17 2023


DD  step 164399999 load imb.: force 24.0%

           Step           Time
      164400000   4110000.00000

   Energies (kJ/mol)
           Bond       G96Angle        LJ (SR)   Coulomb (SR)      Potential
    2.07106e+05    5.46828e+04   -5.93522e+06   -2.97666e+04   -5.70320e+06
    Kinetic En.   Total Energy    Temperature Pressure (bar)
    9.71763e+05   -4.73143e+06    3.12885e+02    1.40419e+00

Writing checkpoint, step 164507130 at Sat Sep  9 04:49:17 2023


Writing checkpoint, step 164707240 at Sat Sep  9 05:04:17 2023


DD  step 164799999 load imb.: force 21.3%

           Step           Time
      164800000   4120000.00000

   Energies (kJ/mol)
           Bond       G96Angle        LJ (SR)   Coulomb (SR)      Potential
    2.07945e+05    5.40945e+04   -5.93885e+06   -2.98361e+04   -5.70665e+06
    Kinetic En.   Total Energy    Temperature Pressure (bar)
    9.63887e+05   -4.74276e+06    3.10349e+02   -5.08994e+00

Writing checkpoint, step 164908330 at Sat Sep  9 05:19:17 2023


Writing checkpoint, step 165106730 at Sat Sep  9 05:34:17 2023


DD  step 165199999 load imb.: force 19.5%

           Step           Time
      165200000   4130000.00000

   Energies (kJ/mol)
           Bond       G96Angle        LJ (SR)   Coulomb (SR)      Potential
    2.08073e+05    5.45587e+04   -5.93743e+06   -2.95928e+04   -5.70440e+06
    Kinetic En.   Total Energy    Temperature Pressure (bar)
    9.71647e+05   -4.73275e+06    3.12848e+02    6.90057e-01

Writing checkpoint, step 165303470 at Sat Sep  9 05:49:17 2023


Writing checkpoint, step 165502520 at Sat Sep  9 06:04:17 2023


DD  step 165599999 load imb.: force 19.2%

           Step           Time
      165600000   4140000.00000

   Energies (kJ/mol)
           Bond       G96Angle        LJ (SR)   Coulomb (SR)      Potential
    2.08476e+05    5.45413e+04   -5.94074e+06   -3.01418e+04   -5.70786e+06
    Kinetic En.   Total Energy    Temperature Pressure (bar)
    9.69645e+05   -4.73822e+06    3.12203e+02   -2.06977e+00

Writing checkpoint, step 165690310 at Sat Sep  9 06:19:17 2023


Writing checkpoint, step 165889790 at Sat Sep  9 06:34:17 2023


DD  step 165999999 load imb.: force 14.4%

           Step           Time
      166000000   4150000.00000

   Energies (kJ/mol)
           Bond       G96Angle        LJ (SR)   Coulomb (SR)      Potential
    2.08331e+05    5.50234e+04   -5.93876e+06   -2.96365e+04   -5.70504e+06
    Kinetic En.   Total Energy    Temperature Pressure (bar)
    9.70860e+05   -4.73418e+06    3.12594e+02   -3.43771e+00

Writing checkpoint, step 166094420 at Sat Sep  9 06:49:17 2023


Writing checkpoint, step 166303770 at Sat Sep  9 07:04:17 2023


DD  step 166399999 load imb.: force 21.2%

           Step           Time
      166400000   4160000.00000

   Energies (kJ/mol)
           Bond       G96Angle        LJ (SR)   Coulomb (SR)      Potential
    2.08395e+05    5.47540e+04   -5.93479e+06   -3.01116e+04   -5.70175e+06
    Kinetic En.   Total Energy    Temperature Pressure (bar)
    9.68546e+05   -4.73321e+06    3.11849e+02   -1.35334e+00

Writing checkpoint, step 166504360 at Sat Sep  9 07:19:17 2023


Writing checkpoint, step 166694410 at Sat Sep  9 07:34:17 2023


DD  step 166799999 load imb.: force 18.0%

           Step           Time
      166800000   4170000.00000

   Energies (kJ/mol)
           Bond       G96Angle        LJ (SR)   Coulomb (SR)      Potential
    2.08222e+05    5.32946e+04   -5.93899e+06   -2.99985e+04   -5.70747e+06
    Kinetic En.   Total Energy    Temperature Pressure (bar)
    9.65782e+05   -4.74169e+06    3.10959e+02    4.47522e-01

Writing checkpoint, step 166901160 at Sat Sep  9 07:49:17 2023


Writing checkpoint, step 167109350 at Sat Sep  9 08:04:17 2023


DD  step 167199999 load imb.: force 23.3%

           Step           Time
      167200000   4180000.00000

   Energies (kJ/mol)
           Bond       G96Angle        LJ (SR)   Coulomb (SR)      Potential
    2.07028e+05    5.46765e+04   -5.93828e+06   -3.01130e+04   -5.70669e+06
    Kinetic En.   Total Energy    Temperature Pressure (bar)
    9.68687e+05   -4.73800e+06    3.11895e+02   -5.71676e+00

Writing checkpoint, step 167308770 at Sat Sep  9 08:19:17 2023


Writing checkpoint, step 167513130 at Sat Sep  9 08:34:17 2023


DD  step 167599999 load imb.: force 15.7%

           Step           Time
      167600000   4190000.00000

   Energies (kJ/mol)
           Bond       G96Angle        LJ (SR)   Coulomb (SR)      Potential
    2.08673e+05    5.42243e+04   -5.93615e+06   -3.02672e+04   -5.70352e+06
    Kinetic En.   Total Energy    Temperature Pressure (bar)
    9.69014e+05   -4.73450e+06    3.12000e+02    5.70471e+00

Writing checkpoint, step 167716720 at Sat Sep  9 08:49:17 2023


Writing checkpoint, step 167916410 at Sat Sep  9 09:04:17 2023


DD  step 167999999 load imb.: force 18.3%

           Step           Time
      168000000   4200000.00000

   Energies (kJ/mol)
           Bond       G96Angle        LJ (SR)   Coulomb (SR)      Potential
    2.08780e+05    5.47717e+04   -5.93974e+06   -2.98418e+04   -5.70603e+06
    Kinetic En.   Total Energy    Temperature Pressure (bar)
    9.71418e+05   -4.73461e+06    3.12774e+02   -2.44221e+00

Writing checkpoint, step 168119010 at Sat Sep  9 09:19:17 2023


Writing checkpoint, step 168322480 at Sat Sep  9 09:34:17 2023


DD  step 168399999 load imb.: force 20.0%

           Step           Time
      168400000   4210000.00000

   Energies (kJ/mol)
           Bond       G96Angle        LJ (SR)   Coulomb (SR)      Potential
    2.09149e+05    5.43830e+04   -5.93930e+06   -2.98091e+04   -5.70558e+06
    Kinetic En.   Total Energy    Temperature Pressure (bar)
    9.70600e+05   -4.73498e+06    3.12511e+02   -2.90174e+00

Writing checkpoint, step 168523190 at Sat Sep  9 09:49:17 2023


Writing checkpoint, step 168725190 at Sat Sep  9 10:04:17 2023


DD  step 168799999 load imb.: force 18.9%

           Step           Time
      168800000   4220000.00000

   Energies (kJ/mol)
           Bond       G96Angle        LJ (SR)   Coulomb (SR)      Potential
    2.09119e+05    5.53156e+04   -5.93598e+06   -2.98106e+04   -5.70135e+06
    Kinetic En.   Total Energy    Temperature Pressure (bar)
    9.67050e+05   -4.73430e+06    3.11368e+02   -2.59926e+00

Writing checkpoint, step 168920880 at Sat Sep  9 10:19:17 2023


Writing checkpoint, step 169123730 at Sat Sep  9 10:34:17 2023


DD  step 169199999 load imb.: force 22.4%

           Step           Time
      169200000   4230000.00000

   Energies (kJ/mol)
           Bond       G96Angle        LJ (SR)   Coulomb (SR)      Potential
    2.08893e+05    5.39044e+04   -5.93904e+06   -3.02270e+04   -5.70647e+06
    Kinetic En.   Total Energy    Temperature Pressure (bar)
    9.64655e+05   -4.74181e+06    3.10597e+02   -2.41581e+00

Writing checkpoint, step 169325420 at Sat Sep  9 10:49:17 2023


Writing checkpoint, step 169526840 at Sat Sep  9 11:04:17 2023


DD  step 169599999 load imb.: force 17.8%

           Step           Time
      169600000   4240000.00000

   Energies (kJ/mol)
           Bond       G96Angle        LJ (SR)   Coulomb (SR)      Potential
    2.08987e+05    5.40878e+04   -5.93464e+06   -2.96269e+04   -5.70119e+06
    Kinetic En.   Total Energy    Temperature Pressure (bar)
    9.69745e+05   -4.73144e+06    3.12236e+02    8.99558e+00

Writing checkpoint, step 169728570 at Sat Sep  9 11:19:17 2023


Writing checkpoint, step 169923350 at Sat Sep  9 11:34:17 2023


DD  step 169999999 load imb.: force 14.6%

           Step           Time
      170000000   4250000.00000

   Energies (kJ/mol)
           Bond       G96Angle        LJ (SR)   Coulomb (SR)      Potential
    2.08185e+05    5.48342e+04   -5.93675e+06   -3.00448e+04   -5.70378e+06
    Kinetic En.   Total Energy    Temperature Pressure (bar)
    9.72211e+05   -4.73157e+06    3.13029e+02   -2.03692e+00

Writing checkpoint, step 170127600 at Sat Sep  9 11:49:17 2023


Writing checkpoint, step 170333510 at Sat Sep  9 12:04:17 2023


DD  step 170399999 load imb.: force 12.0%

           Step           Time
      170400000   4260000.00000

   Energies (kJ/mol)
           Bond       G96Angle        LJ (SR)   Coulomb (SR)      Potential
    2.08723e+05    5.42824e+04   -5.93795e+06   -3.01374e+04   -5.70508e+06
    Kinetic En.   Total Energy    Temperature Pressure (bar)
    9.68940e+05   -4.73614e+06    3.11976e+02   -4.58990e+00

Writing checkpoint, step 170541490 at Sat Sep  9 12:19:17 2023


Writing checkpoint, step 170751440 at Sat Sep  9 12:34:17 2023


DD  step 170799999 load imb.: force 19.2%

           Step           Time
      170800000   4270000.00000

   Energies (kJ/mol)
           Bond       G96Angle        LJ (SR)   Coulomb (SR)      Potential
    2.08312e+05    5.48691e+04   -5.93670e+06   -3.05670e+04   -5.70409e+06
    Kinetic En.   Total Energy    Temperature Pressure (bar)
    9.71440e+05   -4.73264e+06    3.12781e+02    1.92836e+00

Writing checkpoint, step 170955210 at Sat Sep  9 12:49:17 2023


Writing checkpoint, step 171161200 at Sat Sep  9 13:04:17 2023


DD  step 171199999 load imb.: force 17.6%

           Step           Time
      171200000   4280000.00000

   Energies (kJ/mol)
           Bond       G96Angle        LJ (SR)   Coulomb (SR)      Potential
    2.08037e+05    5.46217e+04   -5.93424e+06   -2.98220e+04   -5.70140e+06
    Kinetic En.   Total Energy    Temperature Pressure (bar)
    9.70550e+05   -4.73085e+06    3.12495e+02    5.24263e+00

Writing checkpoint, step 171370700 at Sat Sep  9 13:19:17 2023


Writing checkpoint, step 171583210 at Sat Sep  9 13:34:17 2023


DD  step 171599999 load imb.: force 13.4%

           Step           Time
      171600000   4290000.00000

   Energies (kJ/mol)
           Bond       G96Angle        LJ (SR)   Coulomb (SR)      Potential
    2.07783e+05    5.49074e+04   -5.93433e+06   -2.96653e+04   -5.70130e+06
    Kinetic En.   Total Energy    Temperature Pressure (bar)
    9.73422e+05   -4.72788e+06    3.13419e+02    7.16978e+00

Writing checkpoint, step 171796160 at Sat Sep  9 13:49:17 2023


DD  step 171999999 load imb.: force 14.5%

           Step           Time
      172000000   4300000.00000

   Energies (kJ/mol)
           Bond       G96Angle        LJ (SR)   Coulomb (SR)      Potential
    2.09965e+05    5.44620e+04   -5.93460e+06   -3.02925e+04   -5.70046e+06
    Kinetic En.   Total Energy    Temperature Pressure (bar)
    9.70489e+05   -4.72997e+06    3.12475e+02    7.73284e+00

Writing checkpoint, step 172005160 at Sat Sep  9 14:04:17 2023


Writing checkpoint, step 172216940 at Sat Sep  9 14:19:17 2023


DD  step 172399999 load imb.: force 16.4%

           Step           Time
      172400000   4310000.00000

   Energies (kJ/mol)
           Bond       G96Angle        LJ (SR)   Coulomb (SR)      Potential
    2.07539e+05    5.38762e+04   -5.93836e+06   -3.01938e+04   -5.70714e+06
    Kinetic En.   Total Energy    Temperature Pressure (bar)
    9.72205e+05   -4.73494e+06    3.13027e+02    9.36703e-01

Writing checkpoint, step 172422210 at Sat Sep  9 14:34:17 2023


Writing checkpoint, step 172615470 at Sat Sep  9 14:49:17 2023


DD  step 172799999 load imb.: force 13.4%

           Step           Time
      172800000   4320000.00000

   Energies (kJ/mol)
           Bond       G96Angle        LJ (SR)   Coulomb (SR)      Potential
    2.07829e+05    5.42488e+04   -5.93185e+06   -2.98917e+04   -5.69966e+06
    Kinetic En.   Total Energy    Temperature Pressure (bar)
    9.70915e+05   -4.72875e+06    3.12612e+02    1.35997e+01

Writing checkpoint, step 172807960 at Sat Sep  9 15:04:17 2023


Writing checkpoint, step 173007780 at Sat Sep  9 15:19:17 2023


DD  step 173199999 load imb.: force 13.6%

           Step           Time
      173200000   4330000.00000

   Energies (kJ/mol)
           Bond       G96Angle        LJ (SR)   Coulomb (SR)      Potential
    2.06770e+05    5.44777e+04   -5.93646e+06   -3.01269e+04   -5.70534e+06
    Kinetic En.   Total Energy    Temperature Pressure (bar)
    9.68134e+05   -4.73721e+06    3.11717e+02    1.65884e+00

Writing checkpoint, step 173218540 at Sat Sep  9 15:34:17 2023


Writing checkpoint, step 173423120 at Sat Sep  9 15:49:17 2023


DD  step 173599999 load imb.: force 14.7%

           Step           Time
      173600000   4340000.00000

   Energies (kJ/mol)
           Bond       G96Angle        LJ (SR)   Coulomb (SR)      Potential
    2.08843e+05    5.43957e+04   -5.93508e+06   -2.97516e+04   -5.70159e+06
    Kinetic En.   Total Energy    Temperature Pressure (bar)
    9.70452e+05   -4.73114e+06    3.12463e+02    4.28804e+00

Writing checkpoint, step 173616310 at Sat Sep  9 16:04:17 2023


Writing checkpoint, step 173817270 at Sat Sep  9 16:19:17 2023


DD  step 173999999 load imb.: force 14.6%

           Step           Time
      174000000   4350000.00000

   Energies (kJ/mol)
           Bond       G96Angle        LJ (SR)   Coulomb (SR)      Potential
    2.09247e+05    5.46162e+04   -5.93344e+06   -2.96214e+04   -5.69919e+06
    Kinetic En.   Total Energy    Temperature Pressure (bar)
    9.69893e+05   -4.72930e+06    3.12283e+02    1.05412e+01

Writing checkpoint, step 174025010 at Sat Sep  9 16:34:17 2023


Writing checkpoint, step 174228890 at Sat Sep  9 16:49:17 2023


DD  step 174399999 load imb.: force 13.5%

           Step           Time
      174400000   4360000.00000

   Energies (kJ/mol)
           Bond       G96Angle        LJ (SR)   Coulomb (SR)      Potential
    2.08930e+05    5.50329e+04   -5.93332e+06   -3.04461e+04   -5.69980e+06
    Kinetic En.   Total Energy    Temperature Pressure (bar)
    9.67774e+05   -4.73203e+06    3.11601e+02    9.35308e+00

Writing checkpoint, step 174431230 at Sat Sep  9 17:04:17 2023




-----------------------------------------------------------
Restarting from checkpoint, appending to previous log file.

Log file opened on Fri Sep 15 16:38:11 2023
Host: halc011.amarel.rutgers.edu  pid: 194641  rank ID: 0  number of ranks:  32
                      :-) GROMACS - gmx mdrun, 2016.1 (-:

Executable:   /opt/sw/packages/intel-17.0.1/mvapich2-2.2/gromacs/2016.1/bin/gmx_mpi
Data prefix:  /opt/sw/packages/intel-17.0.1/mvapich2-2.2/gromacs/2016.1
Working dir:  /scratch/jje63/heat_lig_multinano/PolarNP_3/Octanethiol
Command line:
  gmx_mpi mdrun -s md2.tpr -cpi md.cpt -ntomp 1 -deffnm md -v -rdd 1.4

GROMACS version:    2016.1
Precision:          single
Memory model:       64 bit
MPI library:        MPI
OpenMP support:     enabled (GMX_OPENMP_MAX_THREADS = 32)
GPU support:        disabled
SIMD instructions:  AVX_256
FFT library:        Intel MKL
RDTSCP usage:       enabled
TNG support:        enabled
Hwloc support:      disabled
Tracing support:    disabled
Built on:           Wed Nov 23 15:27:26 EST 2016
Built by:           novosirj@perceval2.hpc.rutgers.edu [CMAKE]
Build OS/arch:      Linux 3.10.0-229.20.1.el7.x86_64 x86_64
Build CPU vendor:   Intel
Build CPU brand:    Intel(R) Xeon(R) CPU E5-2650 v3 @ 2.30GHz
Build CPU family:   6   Model: 63   Stepping: 2
Build CPU features: aes apic avx avx2 clfsh cmov cx8 cx16 f16c fma htt lahf mmx msr nonstop_tsc pcid pclmuldq pdcm pdpe1gb popcnt pse rdrnd rdtscp sse2 sse3 sse4.1 sse4.2 ssse3 tdt x2apic
C compiler:         /opt/sw/packages/intel/17.0.1/compilers_and_libraries/linux/bin/intel64/icc Intel 17.0.0.20161005
C compiler flags:    -mavx   -mkl=sequential  -std=gnu99  -O3 -DNDEBUG -ip -funroll-all-loops -alias-const -ansi-alias  
C++ compiler:       /opt/sw/packages/intel/17.0.1/compilers_and_libraries/linux/bin/intel64/icpc Intel 17.0.0.20161005
C++ compiler flags:  -mavx    -std=c++0x   -O3 -DNDEBUG -ip -funroll-all-loops -alias-const -ansi-alias  


Initializing Domain Decomposition on 32 ranks
Dynamic load balancing: auto
Minimum cell size due to bonded interactions: 1.400 nm
Domain decomposition grid 4 x 4 x 2, separate PME ranks 0
Domain decomposition rank 0, coordinates 0 0 0

The initial number of communication pulses is: X 1 Y 1 Z 1
The initial domain decomposition cell size is: X 11.40 nm Y 11.40 nm Z 6.94 nm

The maximum allowed distance for charge groups involved in interactions is:
                 non-bonded interactions           1.200 nm
(the following are initial values, they could change due to box deformation)
            two-body bonded interactions  (-rdd)   1.400 nm
          multi-body bonded interactions  (-rdd)   1.400 nm

When dynamic load balancing gets turned on, these settings will change to:
The maximum number of communication pulses is: X 1 Y 1 Z 1
The minimum size for domain decomposition cells is 1.400 nm
The requested allowed shrink of DD cells (option -dds) is: 0.80
The allowed shrink of domain decomposition cells is: X 0.12 Y 0.12 Z 0.20
The maximum allowed distance for charge groups involved in interactions is:
                 non-bonded interactions           1.200 nm
            two-body bonded interactions  (-rdd)   1.400 nm
          multi-body bonded interactions  (-rdd)   1.400 nm

Using 32 MPI processes


NOTE: This file uses the deprecated 'group' cutoff_scheme. This will be
removed in a future release when 'verlet' supports all interaction forms.

Table routines are used for coulomb: true
Table routines are used for vdw:     true
Using shifted Lennard-Jones, switch between 0.9 and 1.2 nm
Cut-off's:   NS: 1.2   Coulomb: 1.2   LJ: 1.2
System total charge: 0.000
Generated table with 1100 data points for Shift.
Tabscale = 500 points/nm
Generated table with 1100 data points for LJ6Shift.
Tabscale = 500 points/nm
Generated table with 1100 data points for LJ12Shift.
Tabscale = 500 points/nm
Potential shift: LJ r^-12: 0.000e+00 r^-6: 0.000e+00
Pinning threads with an auto-selected logical core stride of 1

Linking all bonded interactions to atoms

Intra-simulation communication will occur every 1 steps.
Center of mass motion removal mode is Linear
We have the following groups for center of mass motion removal:
  0:  rest
There are: 249030 Atoms
Atom distribution over 32 domains: av 7782 stddev 135 min 7545 max 8236
Grid: 13 x 13 x 9 cells
Initial temperature: 623.98 K

Started mdrun on rank 0 Fri Sep 15 16:38:11 2023

DD  step 174431239 load imb.: force 32.1%


step 174431260 Turning on dynamic load balancing, because the performance loss due to load imbalance is 9.5 %.


step 174435830 Turning off dynamic load balancing, because it is degrading performance.

Atom distribution over 32 domains: av 7782 stddev 132 min 7603 max 8227

step 174441230 Turning on dynamic load balancing, because the performance loss due to load imbalance is 2.0 %.


step 174441430 Turning off dynamic load balancing, because it is degrading performance.

Atom distribution over 32 domains: av 7782 stddev 132 min 7597 max 8222

step 174442230 Will no longer try dynamic load balancing, as it degraded performance.

Writing checkpoint, step 174620580 at Fri Sep 15 16:53:11 2023


DD  step 174799999 load imb.: force 13.2%

           Step           Time
      174800000   4370000.00000

   Energies (kJ/mol)
           Bond       G96Angle        LJ (SR)   Coulomb (SR)      Potential
    2.08683e+05    5.45779e+04   -5.93555e+06   -3.03022e+04   -5.70259e+06
    Kinetic En.   Total Energy    Temperature Pressure (bar)
    9.69617e+05   -4.73297e+06    3.12194e+02    2.18406e+00

Writing checkpoint, step 174811660 at Fri Sep 15 17:08:11 2023


Writing checkpoint, step 175003380 at Fri Sep 15 17:23:11 2023


Writing checkpoint, step 175193760 at Fri Sep 15 17:38:11 2023


DD  step 175199999 load imb.: force 11.1%

           Step           Time
      175200000   4380000.00000

   Energies (kJ/mol)
           Bond       G96Angle        LJ (SR)   Coulomb (SR)      Potential
    2.08344e+05    5.45062e+04   -5.93231e+06   -2.95502e+04   -5.69901e+06
    Kinetic En.   Total Energy    Temperature Pressure (bar)
    9.76030e+05   -4.72298e+06    3.14259e+02    1.02989e+01

Writing checkpoint, step 175383750 at Fri Sep 15 17:53:11 2023


Writing checkpoint, step 175573510 at Fri Sep 15 18:08:11 2023


DD  step 175599999 load imb.: force 12.7%

           Step           Time
      175600000   4390000.00000

   Energies (kJ/mol)
           Bond       G96Angle        LJ (SR)   Coulomb (SR)      Potential
    2.09059e+05    5.50308e+04   -5.93828e+06   -3.01642e+04   -5.70436e+06
    Kinetic En.   Total Energy    Temperature Pressure (bar)
    9.72597e+05   -4.73176e+06    3.13154e+02    5.38307e+00

Writing checkpoint, step 175764980 at Fri Sep 15 18:23:11 2023


Writing checkpoint, step 175956190 at Fri Sep 15 18:38:11 2023


DD  step 175999999 load imb.: force  9.4%

           Step           Time
      176000000   4400000.00000

   Energies (kJ/mol)
           Bond       G96Angle        LJ (SR)   Coulomb (SR)      Potential
    2.08066e+05    5.51126e+04   -5.93801e+06   -2.99291e+04   -5.70476e+06
    Kinetic En.   Total Energy    Temperature Pressure (bar)
    9.71074e+05   -4.73369e+06    3.12663e+02   -3.55340e-01

Writing checkpoint, step 176149180 at Fri Sep 15 18:53:11 2023


Writing checkpoint, step 176338700 at Fri Sep 15 19:08:11 2023


DD  step 176399999 load imb.: force 15.7%

           Step           Time
      176400000   4410000.00000

   Energies (kJ/mol)
           Bond       G96Angle        LJ (SR)   Coulomb (SR)      Potential
    2.09364e+05    5.48105e+04   -5.93504e+06   -2.99091e+04   -5.70077e+06
    Kinetic En.   Total Energy    Temperature Pressure (bar)
    9.72337e+05   -4.72844e+06    3.13070e+02    3.09392e+00

Writing checkpoint, step 176527620 at Fri Sep 15 19:23:11 2023


Writing checkpoint, step 176714640 at Fri Sep 15 19:38:11 2023


DD  step 176799999 load imb.: force 13.6%

           Step           Time
      176800000   4420000.00000

   Energies (kJ/mol)
           Bond       G96Angle        LJ (SR)   Coulomb (SR)      Potential
    2.07912e+05    5.49229e+04   -5.93623e+06   -2.99596e+04   -5.70335e+06
    Kinetic En.   Total Energy    Temperature Pressure (bar)
    9.71770e+05   -4.73158e+06    3.12887e+02   -6.06335e-02

Writing checkpoint, step 176901920 at Fri Sep 15 19:53:11 2023


Writing checkpoint, step 177089730 at Fri Sep 15 20:08:11 2023


DD  step 177199999 load imb.: force 14.4%

           Step           Time
      177200000   4430000.00000

   Energies (kJ/mol)
           Bond       G96Angle        LJ (SR)   Coulomb (SR)      Potential
    2.08278e+05    5.41223e+04   -5.93895e+06   -2.99576e+04   -5.70651e+06
    Kinetic En.   Total Energy    Temperature Pressure (bar)
    9.69733e+05   -4.73678e+06    3.12232e+02   -6.02263e+00

Writing checkpoint, step 177278370 at Fri Sep 15 20:23:11 2023


Writing checkpoint, step 177465600 at Fri Sep 15 20:38:11 2023


DD  step 177599999 load imb.: force  7.5%

           Step           Time
      177600000   4440000.00000

   Energies (kJ/mol)
           Bond       G96Angle        LJ (SR)   Coulomb (SR)      Potential
    2.07982e+05    5.44687e+04   -5.93721e+06   -2.98104e+04   -5.70457e+06
    Kinetic En.   Total Energy    Temperature Pressure (bar)
    9.71338e+05   -4.73323e+06    3.12749e+02    5.14198e+00

Writing checkpoint, step 177659170 at Fri Sep 15 20:53:11 2023


Writing checkpoint, step 177852350 at Fri Sep 15 21:08:11 2023


DD  step 177999999 load imb.: force 14.3%

           Step           Time
      178000000   4450000.00000

   Energies (kJ/mol)
           Bond       G96Angle        LJ (SR)   Coulomb (SR)      Potential
    2.08778e+05    5.49010e+04   -5.93499e+06   -3.01386e+04   -5.70145e+06
    Kinetic En.   Total Energy    Temperature Pressure (bar)
    9.70582e+05   -4.73087e+06    3.12505e+02    4.94507e+00

Writing checkpoint, step 178042830 at Fri Sep 15 21:23:11 2023


Writing checkpoint, step 178235020 at Fri Sep 15 21:38:11 2023


DD  step 178399999 load imb.: force 15.5%

           Step           Time
      178400000   4460000.00000

   Energies (kJ/mol)
           Bond       G96Angle        LJ (SR)   Coulomb (SR)      Potential
    2.07697e+05    5.46704e+04   -5.93470e+06   -2.99005e+04   -5.70223e+06
    Kinetic En.   Total Energy    Temperature Pressure (bar)
    9.70431e+05   -4.73180e+06    3.12456e+02   -1.51732e-01

Writing checkpoint, step 178426890 at Fri Sep 15 21:53:11 2023


Writing checkpoint, step 178615820 at Fri Sep 15 22:08:11 2023


DD  step 178799999 load imb.: force 12.0%

           Step           Time
      178800000   4470000.00000

   Energies (kJ/mol)
           Bond       G96Angle        LJ (SR)   Coulomb (SR)      Potential
    2.08137e+05    5.44620e+04   -5.94118e+06   -2.98454e+04   -5.70842e+06
    Kinetic En.   Total Energy    Temperature Pressure (bar)
    9.67629e+05   -4.74079e+06    3.11554e+02   -1.01735e+01

Writing checkpoint, step 178806810 at Fri Sep 15 22:23:11 2023


Writing checkpoint, step 178996300 at Fri Sep 15 22:38:11 2023


Writing checkpoint, step 179187520 at Fri Sep 15 22:53:11 2023


DD  step 179199999 load imb.: force 15.9%

           Step           Time
      179200000   4480000.00000

   Energies (kJ/mol)
           Bond       G96Angle        LJ (SR)   Coulomb (SR)      Potential
    2.07934e+05    5.49464e+04   -5.93729e+06   -2.98810e+04   -5.70429e+06
    Kinetic En.   Total Energy    Temperature Pressure (bar)
    9.69518e+05   -4.73478e+06    3.12162e+02    4.22759e+00

Writing checkpoint, step 179376900 at Fri Sep 15 23:08:11 2023


Writing checkpoint, step 179570240 at Fri Sep 15 23:23:11 2023


DD  step 179599999 load imb.: force  8.5%

           Step           Time
      179600000   4490000.00000

   Energies (kJ/mol)
           Bond       G96Angle        LJ (SR)   Coulomb (SR)      Potential
    2.09087e+05    5.42244e+04   -5.93850e+06   -3.00522e+04   -5.70524e+06
    Kinetic En.   Total Energy    Temperature Pressure (bar)
    9.67856e+05   -4.73739e+06    3.11627e+02   -3.68430e+00

Writing checkpoint, step 179760660 at Fri Sep 15 23:38:11 2023


Writing checkpoint, step 179952780 at Fri Sep 15 23:53:11 2023


DD  step 179999999 load imb.: force 12.5%

           Step           Time
      180000000   4500000.00000

   Energies (kJ/mol)
           Bond       G96Angle        LJ (SR)   Coulomb (SR)      Potential
    2.08946e+05    5.44676e+04   -5.93525e+06   -2.98003e+04   -5.70164e+06
    Kinetic En.   Total Energy    Temperature Pressure (bar)
    9.69862e+05   -4.73177e+06    3.12273e+02    1.71121e+00

Writing checkpoint, step 180144830 at Sat Sep 16 00:08:11 2023


Writing checkpoint, step 180336680 at Sat Sep 16 00:23:11 2023


DD  step 180399999 load imb.: force 11.5%

           Step           Time
      180400000   4510000.00000

   Energies (kJ/mol)
           Bond       G96Angle        LJ (SR)   Coulomb (SR)      Potential
    2.08908e+05    5.48754e+04   -5.93263e+06   -2.96078e+04   -5.69846e+06
    Kinetic En.   Total Energy    Temperature Pressure (bar)
    9.71054e+05   -4.72740e+06    3.12657e+02    4.16393e+00

Writing checkpoint, step 180528430 at Sat Sep 16 00:38:11 2023


Writing checkpoint, step 180717410 at Sat Sep 16 00:53:11 2023


DD  step 180799999 load imb.: force 13.2%

           Step           Time
      180800000   4520000.00000

   Energies (kJ/mol)
           Bond       G96Angle        LJ (SR)   Coulomb (SR)      Potential
    2.07700e+05    5.40227e+04   -5.93810e+06   -3.00825e+04   -5.70646e+06
    Kinetic En.   Total Energy    Temperature Pressure (bar)
    9.70953e+05   -4.73550e+06    3.12624e+02    4.94833e+00

Writing checkpoint, step 180908620 at Sat Sep 16 01:08:11 2023


Writing checkpoint, step 181102620 at Sat Sep 16 01:23:11 2023


DD  step 181199999 load imb.: force 11.9%

           Step           Time
      181200000   4530000.00000

   Energies (kJ/mol)
           Bond       G96Angle        LJ (SR)   Coulomb (SR)      Potential
    2.09164e+05    5.47660e+04   -5.93474e+06   -2.97066e+04   -5.70052e+06
    Kinetic En.   Total Energy    Temperature Pressure (bar)
    9.71859e+05   -4.72866e+06    3.12916e+02    9.69699e+00

Writing checkpoint, step 181296380 at Sat Sep 16 01:38:11 2023


Writing checkpoint, step 181488600 at Sat Sep 16 01:53:11 2023


DD  step 181599999 load imb.: force 12.1%

           Step           Time
      181600000   4540000.00000

   Energies (kJ/mol)
           Bond       G96Angle        LJ (SR)   Coulomb (SR)      Potential
    2.07905e+05    5.47216e+04   -5.93580e+06   -2.95950e+04   -5.70276e+06
    Kinetic En.   Total Energy    Temperature Pressure (bar)
    9.70866e+05   -4.73190e+06    3.12596e+02    1.18594e+00

Writing checkpoint, step 181679910 at Sat Sep 16 02:08:11 2023


Writing checkpoint, step 181869310 at Sat Sep 16 02:23:11 2023


DD  step 181999999 load imb.: force 10.8%

           Step           Time
      182000000   4550000.00000

   Energies (kJ/mol)
           Bond       G96Angle        LJ (SR)   Coulomb (SR)      Potential
    2.09042e+05    5.44979e+04   -5.93421e+06   -2.97674e+04   -5.70043e+06
    Kinetic En.   Total Energy    Temperature Pressure (bar)
    9.72400e+05   -4.72803e+06    3.13091e+02    4.55228e+00

Writing checkpoint, step 182059130 at Sat Sep 16 02:38:11 2023


Writing checkpoint, step 182247480 at Sat Sep 16 02:53:11 2023


DD  step 182399999 load imb.: force 12.8%

           Step           Time
      182400000   4560000.00000

   Energies (kJ/mol)
           Bond       G96Angle        LJ (SR)   Coulomb (SR)      Potential
    2.08546e+05    5.44650e+04   -5.93968e+06   -2.96574e+04   -5.70633e+06
    Kinetic En.   Total Energy    Temperature Pressure (bar)
    9.68967e+05   -4.73736e+06    3.11985e+02   -9.75728e+00

Writing checkpoint, step 182435790 at Sat Sep 16 03:08:11 2023


Writing checkpoint, step 182624990 at Sat Sep 16 03:23:11 2023


DD  step 182799999 load imb.: force 13.2%

           Step           Time
      182800000   4570000.00000

   Energies (kJ/mol)
           Bond       G96Angle        LJ (SR)   Coulomb (SR)      Potential
    2.07909e+05    5.53423e+04   -5.93196e+06   -2.97000e+04   -5.69840e+06
    Kinetic En.   Total Energy    Temperature Pressure (bar)
    9.73329e+05   -4.72508e+06    3.13389e+02    9.55202e+00

Writing checkpoint, step 182814820 at Sat Sep 16 03:38:11 2023


Writing checkpoint, step 183002780 at Sat Sep 16 03:53:11 2023


Writing checkpoint, step 183188790 at Sat Sep 16 04:08:11 2023


DD  step 183199999 load imb.: force 12.1%

           Step           Time
      183200000   4580000.00000

   Energies (kJ/mol)
           Bond       G96Angle        LJ (SR)   Coulomb (SR)      Potential
    2.07986e+05    5.41988e+04   -5.94017e+06   -3.00991e+04   -5.70808e+06
    Kinetic En.   Total Energy    Temperature Pressure (bar)
    9.67011e+05   -4.74107e+06    3.11355e+02   -9.50942e-01

Writing checkpoint, step 183375280 at Sat Sep 16 04:23:11 2023


Writing checkpoint, step 183563640 at Sat Sep 16 04:38:11 2023


DD  step 183599999 load imb.: force 13.1%

           Step           Time
      183600000   4590000.00000

   Energies (kJ/mol)
           Bond       G96Angle        LJ (SR)   Coulomb (SR)      Potential
    2.08161e+05    5.44894e+04   -5.93740e+06   -3.00474e+04   -5.70480e+06
    Kinetic En.   Total Energy    Temperature Pressure (bar)
    9.70201e+05   -4.73460e+06    3.12382e+02   -3.72767e+00

Writing checkpoint, step 183751620 at Sat Sep 16 04:53:11 2023


Writing checkpoint, step 183937880 at Sat Sep 16 05:08:11 2023


DD  step 183999999 load imb.: force 13.8%

           Step           Time
      184000000   4600000.00000

   Energies (kJ/mol)
           Bond       G96Angle        LJ (SR)   Coulomb (SR)      Potential
    2.08954e+05    5.39509e+04   -5.93566e+06   -2.98238e+04   -5.70258e+06
    Kinetic En.   Total Energy    Temperature Pressure (bar)
    9.68715e+05   -4.73387e+06    3.11904e+02    6.05957e-01

Writing checkpoint, step 184126240 at Sat Sep 16 05:23:11 2023


Writing checkpoint, step 184312030 at Sat Sep 16 05:38:11 2023


DD  step 184399999 load imb.: force 14.0%

           Step           Time
      184400000   4610000.00000

   Energies (kJ/mol)
           Bond       G96Angle        LJ (SR)   Coulomb (SR)      Potential
    2.08932e+05    5.44467e+04   -5.93769e+06   -3.01846e+04   -5.70449e+06
    Kinetic En.   Total Energy    Temperature Pressure (bar)
    9.67281e+05   -4.73721e+06    3.11442e+02    2.83585e+00

Writing checkpoint, step 184498700 at Sat Sep 16 05:53:11 2023


Writing checkpoint, step 184689620 at Sat Sep 16 06:08:11 2023


DD  step 184799999 load imb.: force 14.1%

           Step           Time
      184800000   4620000.00000

   Energies (kJ/mol)
           Bond       G96Angle        LJ (SR)   Coulomb (SR)      Potential
    2.10107e+05    5.45591e+04   -5.93850e+06   -2.97031e+04   -5.70353e+06
    Kinetic En.   Total Energy    Temperature Pressure (bar)
    9.68385e+05   -4.73515e+06    3.11797e+02    7.99172e-01

Writing checkpoint, step 184879930 at Sat Sep 16 06:23:11 2023


Writing checkpoint, step 185068760 at Sat Sep 16 06:38:11 2023


DD  step 185199999 load imb.: force 11.0%

           Step           Time
      185200000   4630000.00000

   Energies (kJ/mol)
           Bond       G96Angle        LJ (SR)   Coulomb (SR)      Potential
    2.08669e+05    5.50555e+04   -5.93667e+06   -2.94284e+04   -5.70237e+06
    Kinetic En.   Total Energy    Temperature Pressure (bar)
    9.71442e+05   -4.73093e+06    3.12782e+02    5.53859e+00

Writing checkpoint, step 185260430 at Sat Sep 16 06:53:11 2023


Writing checkpoint, step 185451990 at Sat Sep 16 07:08:11 2023


DD  step 185599999 load imb.: force 10.5%

           Step           Time
      185600000   4640000.00000

   Energies (kJ/mol)
           Bond       G96Angle        LJ (SR)   Coulomb (SR)      Potential
    2.08728e+05    5.41420e+04   -5.93505e+06   -2.97052e+04   -5.70188e+06
    Kinetic En.   Total Energy    Temperature Pressure (bar)
    9.71627e+05   -4.73026e+06    3.12842e+02    6.06710e+00

Writing checkpoint, step 185645630 at Sat Sep 16 07:23:11 2023


Writing checkpoint, step 185837550 at Sat Sep 16 07:38:11 2023


DD  step 185999999 load imb.: force 14.2%

           Step           Time
      186000000   4650000.00000

   Energies (kJ/mol)
           Bond       G96Angle        LJ (SR)   Coulomb (SR)      Potential
    2.08183e+05    5.46682e+04   -5.93713e+06   -3.03108e+04   -5.70459e+06
    Kinetic En.   Total Energy    Temperature Pressure (bar)
    9.69771e+05   -4.73482e+06    3.12244e+02    3.84859e+00

Writing checkpoint, step 186026250 at Sat Sep 16 07:53:11 2023


Writing checkpoint, step 186214520 at Sat Sep 16 08:08:11 2023


DD  step 186399999 load imb.: force 12.8%

           Step           Time
      186400000   4660000.00000

   Energies (kJ/mol)
           Bond       G96Angle        LJ (SR)   Coulomb (SR)      Potential
    2.07214e+05    5.45731e+04   -5.93756e+06   -2.94204e+04   -5.70520e+06
    Kinetic En.   Total Energy    Temperature Pressure (bar)
    9.65474e+05   -4.73972e+06    3.10860e+02   -5.23120e+00

Writing checkpoint, step 186402960 at Sat Sep 16 08:23:11 2023


Writing checkpoint, step 186591640 at Sat Sep 16 08:38:11 2023


Writing checkpoint, step 186778080 at Sat Sep 16 08:53:11 2023


DD  step 186799999 load imb.: force 19.2%

           Step           Time
      186800000   4670000.00000

   Energies (kJ/mol)
           Bond       G96Angle        LJ (SR)   Coulomb (SR)      Potential
    2.08841e+05    5.45501e+04   -5.93787e+06   -2.96639e+04   -5.70415e+06
    Kinetic En.   Total Energy    Temperature Pressure (bar)
    9.74508e+05   -4.72964e+06    3.13769e+02    6.23677e-01

Writing checkpoint, step 186962990 at Sat Sep 16 09:08:11 2023


Writing checkpoint, step 187149030 at Sat Sep 16 09:23:11 2023


DD  step 187199999 load imb.: force 12.5%

           Step           Time
      187200000   4680000.00000

   Energies (kJ/mol)
           Bond       G96Angle        LJ (SR)   Coulomb (SR)      Potential
    2.08102e+05    5.44257e+04   -5.93908e+06   -3.02005e+04   -5.70675e+06
    Kinetic En.   Total Energy    Temperature Pressure (bar)
    9.67981e+05   -4.73877e+06    3.11667e+02   -9.33164e+00

Writing checkpoint, step 187339870 at Sat Sep 16 09:38:11 2023


Writing checkpoint, step 187531150 at Sat Sep 16 09:53:11 2023


DD  step 187599999 load imb.: force  8.3%

           Step           Time
      187600000   4690000.00000

   Energies (kJ/mol)
           Bond       G96Angle        LJ (SR)   Coulomb (SR)      Potential
    2.08794e+05    5.39207e+04   -5.93491e+06   -2.98944e+04   -5.70209e+06
    Kinetic En.   Total Energy    Temperature Pressure (bar)
    9.69763e+05   -4.73233e+06    3.12241e+02    3.47176e+00

Writing checkpoint, step 187724430 at Sat Sep 16 10:08:11 2023


Writing checkpoint, step 187916450 at Sat Sep 16 10:23:11 2023


DD  step 187999999 load imb.: force  9.9%

           Step           Time
      188000000   4700000.00000

   Energies (kJ/mol)
           Bond       G96Angle        LJ (SR)   Coulomb (SR)      Potential
    2.08099e+05    5.53827e+04   -5.93390e+06   -2.95172e+04   -5.69993e+06
    Kinetic En.   Total Energy    Temperature Pressure (bar)
    9.66819e+05   -4.73311e+06    3.11293e+02    4.48222e+00

Writing checkpoint, step 188108620 at Sat Sep 16 10:38:11 2023


Writing checkpoint, step 188301180 at Sat Sep 16 10:53:11 2023


DD  step 188399999 load imb.: force 13.4%

           Step           Time
      188400000   4710000.00000

   Energies (kJ/mol)
           Bond       G96Angle        LJ (SR)   Coulomb (SR)      Potential
    2.09356e+05    5.50112e+04   -5.93312e+06   -2.98220e+04   -5.69858e+06
    Kinetic En.   Total Energy    Temperature Pressure (bar)
    9.73425e+05   -4.72515e+06    3.13420e+02    3.83157e+00

Writing checkpoint, step 188492590 at Sat Sep 16 11:08:11 2023


Writing checkpoint, step 188682050 at Sat Sep 16 11:23:11 2023


DD  step 188799999 load imb.: force 12.3%

           Step           Time
      188800000   4720000.00000

   Energies (kJ/mol)
           Bond       G96Angle        LJ (SR)   Coulomb (SR)      Potential
    2.09634e+05    5.45707e+04   -5.93816e+06   -3.01274e+04   -5.70408e+06
    Kinetic En.   Total Energy    Temperature Pressure (bar)
    9.75336e+05   -4.72875e+06    3.14035e+02   -8.07976e-01

Writing checkpoint, step 188870900 at Sat Sep 16 11:38:11 2023


Writing checkpoint, step 189060570 at Sat Sep 16 11:53:11 2023


DD  step 189199999 load imb.: force 13.7%

           Step           Time
      189200000   4730000.00000

   Energies (kJ/mol)
           Bond       G96Angle        LJ (SR)   Coulomb (SR)      Potential
    2.08002e+05    5.40533e+04   -5.93698e+06   -2.96181e+04   -5.70455e+06
    Kinetic En.   Total Energy    Temperature Pressure (bar)
    9.68096e+05   -4.73645e+06    3.11704e+02   -1.58250e+00

Writing checkpoint, step 189247160 at Sat Sep 16 12:08:11 2023


Writing checkpoint, step 189437940 at Sat Sep 16 12:23:11 2023


DD  step 189599999 load imb.: force 12.1%

           Step           Time
      189600000   4740000.00000

   Energies (kJ/mol)
           Bond       G96Angle        LJ (SR)   Coulomb (SR)      Potential
    2.09169e+05    5.46856e+04   -5.93462e+06   -2.96528e+04   -5.70042e+06
    Kinetic En.   Total Energy    Temperature Pressure (bar)
    9.71778e+05   -4.72864e+06    3.12890e+02    4.83125e+00

Writing checkpoint, step 189629380 at Sat Sep 16 12:38:11 2023


Writing checkpoint, step 189822650 at Sat Sep 16 12:53:11 2023


DD  step 189999999 load imb.: force 10.7%

           Step           Time
      190000000   4750000.00000

   Energies (kJ/mol)
           Bond       G96Angle        LJ (SR)   Coulomb (SR)      Potential
    2.08573e+05    5.36142e+04   -5.93675e+06   -2.94216e+04   -5.70398e+06
    Kinetic En.   Total Energy    Temperature Pressure (bar)
    9.72985e+05   -4.73100e+06    3.13279e+02    6.82270e+00

Writing checkpoint, step 190011390 at Sat Sep 16 13:08:11 2023


Writing checkpoint, step 190202680 at Sat Sep 16 13:23:11 2023


Writing checkpoint, step 190397930 at Sat Sep 16 13:38:11 2023


DD  step 190399999 load imb.: force  9.0%

           Step           Time
      190400000   4760000.00000

   Energies (kJ/mol)
           Bond       G96Angle        LJ (SR)   Coulomb (SR)      Potential
    2.09658e+05    5.44389e+04   -5.93813e+06   -2.97321e+04   -5.70376e+06
    Kinetic En.   Total Energy    Temperature Pressure (bar)
    9.71079e+05   -4.73269e+06    3.12665e+02   -6.32868e+00

Writing checkpoint, step 190592540 at Sat Sep 16 13:53:11 2023


Writing checkpoint, step 190786300 at Sat Sep 16 14:08:11 2023


DD  step 190799999 load imb.: force  9.3%

           Step           Time
      190800000   4770000.00000

   Energies (kJ/mol)
           Bond       G96Angle        LJ (SR)   Coulomb (SR)      Potential
    2.08577e+05    5.54122e+04   -5.93665e+06   -2.95589e+04   -5.70222e+06
    Kinetic En.   Total Energy    Temperature Pressure (bar)
    9.68560e+05   -4.73366e+06    3.11854e+02   -1.16626e+01

Writing checkpoint, step 190981590 at Sat Sep 16 14:23:11 2023


Writing checkpoint, step 191176330 at Sat Sep 16 14:38:11 2023


DD  step 191199999 load imb.: force  8.0%

           Step           Time
      191200000   4780000.00000

   Energies (kJ/mol)
           Bond       G96Angle        LJ (SR)   Coulomb (SR)      Potential
    2.08462e+05    5.46498e+04   -5.93698e+06   -2.94076e+04   -5.70328e+06
    Kinetic En.   Total Energy    Temperature Pressure (bar)
    9.70651e+05   -4.73263e+06    3.12527e+02   -8.64847e-01

Writing checkpoint, step 191369680 at Sat Sep 16 14:53:11 2023


Writing checkpoint, step 191559380 at Sat Sep 16 15:08:11 2023


DD  step 191599999 load imb.: force 40.9%

           Step           Time
      191600000   4790000.00000

   Energies (kJ/mol)
           Bond       G96Angle        LJ (SR)   Coulomb (SR)      Potential
    2.08043e+05    5.48180e+04   -5.93601e+06   -2.97149e+04   -5.70286e+06
    Kinetic En.   Total Energy    Temperature Pressure (bar)
    9.73373e+05   -4.72949e+06    3.13404e+02   -2.78891e+00

Writing checkpoint, step 191747480 at Sat Sep 16 15:23:11 2023


Writing checkpoint, step 191935080 at Sat Sep 16 15:38:11 2023


DD  step 191999999 load imb.: force 13.4%

           Step           Time
      192000000   4800000.00000

   Energies (kJ/mol)
           Bond       G96Angle        LJ (SR)   Coulomb (SR)      Potential
    2.09051e+05    5.43199e+04   -5.93332e+06   -2.93616e+04   -5.69931e+06
    Kinetic En.   Total Energy    Temperature Pressure (bar)
    9.72210e+05   -4.72710e+06    3.13029e+02    8.15577e+00

Writing checkpoint, step 192124770 at Sat Sep 16 15:53:11 2023


Writing checkpoint, step 192312860 at Sat Sep 16 16:08:11 2023


DD  step 192399999 load imb.: force 11.1%

           Step           Time
      192400000   4810000.00000

   Energies (kJ/mol)
           Bond       G96Angle        LJ (SR)   Coulomb (SR)      Potential
    2.07712e+05    5.49954e+04   -5.93381e+06   -2.96191e+04   -5.70072e+06
    Kinetic En.   Total Energy    Temperature Pressure (bar)
    9.70819e+05   -4.72990e+06    3.12581e+02    8.00116e+00

Writing checkpoint, step 192500880 at Sat Sep 16 16:23:11 2023


Writing checkpoint, step 192691190 at Sat Sep 16 16:38:11 2023


DD  step 192799999 load imb.: force  9.6%

           Step           Time
      192800000   4820000.00000

   Energies (kJ/mol)
           Bond       G96Angle        LJ (SR)   Coulomb (SR)      Potential
    2.09039e+05    5.46233e+04   -5.93799e+06   -3.00306e+04   -5.70436e+06
    Kinetic En.   Total Energy    Temperature Pressure (bar)
    9.70418e+05   -4.73394e+06    3.12452e+02   -3.14917e+00

Writing checkpoint, step 192884840 at Sat Sep 16 16:53:11 2023


Writing checkpoint, step 193073630 at Sat Sep 16 17:08:11 2023


DD  step 193199999 load imb.: force 18.0%

           Step           Time
      193200000   4830000.00000

   Energies (kJ/mol)
           Bond       G96Angle        LJ (SR)   Coulomb (SR)      Potential
    2.08871e+05    5.48322e+04   -5.93684e+06   -2.98066e+04   -5.70294e+06
    Kinetic En.   Total Energy    Temperature Pressure (bar)
    9.71126e+05   -4.73181e+06    3.12680e+02   -1.20059e+00

Writing checkpoint, step 193259030 at Sat Sep 16 17:23:11 2023


Writing checkpoint, step 193445430 at Sat Sep 16 17:38:11 2023


DD  step 193599999 load imb.: force 11.8%

           Step           Time
      193600000   4840000.00000

   Energies (kJ/mol)
           Bond       G96Angle        LJ (SR)   Coulomb (SR)      Potential
    2.08017e+05    5.46915e+04   -5.93942e+06   -3.00786e+04   -5.70679e+06
    Kinetic En.   Total Energy    Temperature Pressure (bar)
    9.67266e+05   -4.73952e+06    3.11437e+02   -1.50844e+00

Writing checkpoint, step 193633880 at Sat Sep 16 17:53:11 2023


Writing checkpoint, step 193825090 at Sat Sep 16 18:08:11 2023


DD  step 193999999 load imb.: force 12.8%

           Step           Time
      194000000   4850000.00000

   Energies (kJ/mol)
           Bond       G96Angle        LJ (SR)   Coulomb (SR)      Potential
    2.08068e+05    5.44575e+04   -5.93714e+06   -3.04338e+04   -5.70505e+06
    Kinetic En.   Total Energy    Temperature Pressure (bar)
    9.71873e+05   -4.73318e+06    3.12921e+02    2.17770e+00

Writing checkpoint, step 194015860 at Sat Sep 16 18:23:11 2023


Writing checkpoint, step 194205540 at Sat Sep 16 18:38:11 2023


Writing checkpoint, step 194398840 at Sat Sep 16 18:53:11 2023


DD  step 194399999 load imb.: force  7.0%

           Step           Time
      194400000   4860000.00000

   Energies (kJ/mol)
           Bond       G96Angle        LJ (SR)   Coulomb (SR)      Potential
    2.07091e+05    5.40811e+04   -5.93839e+06   -3.00295e+04   -5.70725e+06
    Kinetic En.   Total Energy    Temperature Pressure (bar)
    9.69496e+05   -4.73775e+06    3.12155e+02    4.37688e+00

Writing checkpoint, step 194593250 at Sat Sep 16 19:08:11 2023


Writing checkpoint, step 194784350 at Sat Sep 16 19:23:11 2023


DD  step 194799999 load imb.: force 16.5%

           Step           Time
      194800000   4870000.00000

   Energies (kJ/mol)
           Bond       G96Angle        LJ (SR)   Coulomb (SR)      Potential
    2.08846e+05    5.44413e+04   -5.93581e+06   -2.98321e+04   -5.70236e+06
    Kinetic En.   Total Energy    Temperature Pressure (bar)
    9.71213e+05   -4.73114e+06    3.12708e+02   -2.73214e+00

Writing checkpoint, step 194973930 at Sat Sep 16 19:38:11 2023


Writing checkpoint, step 195163870 at Sat Sep 16 19:53:11 2023


DD  step 195199999 load imb.: force 14.8%

           Step           Time
      195200000   4880000.00000

   Energies (kJ/mol)
           Bond       G96Angle        LJ (SR)   Coulomb (SR)      Potential
    2.07863e+05    5.45475e+04   -5.93532e+06   -2.99551e+04   -5.70287e+06
    Kinetic En.   Total Energy    Temperature Pressure (bar)
    9.70621e+05   -4.73225e+06    3.12518e+02    6.38540e+00

Writing checkpoint, step 195351430 at Sat Sep 16 20:08:11 2023


Writing checkpoint, step 195540750 at Sat Sep 16 20:23:11 2023


DD  step 195599999 load imb.: force 13.2%

           Step           Time
      195600000   4890000.00000

   Energies (kJ/mol)
           Bond       G96Angle        LJ (SR)   Coulomb (SR)      Potential
    2.09039e+05    5.49231e+04   -5.94043e+06   -2.98511e+04   -5.70632e+06
    Kinetic En.   Total Energy    Temperature Pressure (bar)
    9.71173e+05   -4.73515e+06    3.12695e+02   -7.94913e+00

Writing checkpoint, step 195731340 at Sat Sep 16 20:38:11 2023


Writing checkpoint, step 195926040 at Sat Sep 16 20:53:11 2023


DD  step 195999999 load imb.: force 10.1%

           Step           Time
      196000000   4900000.00000

   Energies (kJ/mol)
           Bond       G96Angle        LJ (SR)   Coulomb (SR)      Potential
    2.09116e+05    5.47177e+04   -5.93893e+06   -2.99501e+04   -5.70504e+06
    Kinetic En.   Total Energy    Temperature Pressure (bar)
    9.69997e+05   -4.73505e+06    3.12317e+02   -2.28236e+00

Writing checkpoint, step 196119470 at Sat Sep 16 21:08:11 2023


Writing checkpoint, step 196311360 at Sat Sep 16 21:23:11 2023


DD  step 196399999 load imb.: force  9.9%

           Step           Time
      196400000   4910000.00000

   Energies (kJ/mol)
           Bond       G96Angle        LJ (SR)   Coulomb (SR)      Potential
    2.08956e+05    5.38301e+04   -5.93890e+06   -2.98312e+04   -5.70594e+06
    Kinetic En.   Total Energy    Temperature Pressure (bar)
    9.67175e+05   -4.73877e+06    3.11408e+02   -1.10233e+00

Writing checkpoint, step 196504000 at Sat Sep 16 21:38:11 2023


Writing checkpoint, step 196697290 at Sat Sep 16 21:53:11 2023


DD  step 196799999 load imb.: force  9.2%

           Step           Time
      196800000   4920000.00000

   Energies (kJ/mol)
           Bond       G96Angle        LJ (SR)   Coulomb (SR)      Potential
    2.09043e+05    5.49744e+04   -5.93729e+06   -3.00121e+04   -5.70329e+06
    Kinetic En.   Total Energy    Temperature Pressure (bar)
    9.68744e+05   -4.73454e+06    3.11913e+02   -2.04216e+00

Writing checkpoint, step 196890920 at Sat Sep 16 22:08:11 2023


Writing checkpoint, step 197084950 at Sat Sep 16 22:23:11 2023


DD  step 197199999 load imb.: force 11.3%

           Step           Time
      197200000   4930000.00000

   Energies (kJ/mol)
           Bond       G96Angle        LJ (SR)   Coulomb (SR)      Potential
    2.09262e+05    5.48886e+04   -5.93806e+06   -3.01389e+04   -5.70404e+06
    Kinetic En.   Total Energy    Temperature Pressure (bar)
    9.70886e+05   -4.73316e+06    3.12603e+02   -6.24259e+00

Writing checkpoint, step 197276500 at Sat Sep 16 22:38:11 2023


Writing checkpoint, step 197470350 at Sat Sep 16 22:53:11 2023


DD  step 197599999 load imb.: force  9.1%

           Step           Time
      197600000   4940000.00000

   Energies (kJ/mol)
           Bond       G96Angle        LJ (SR)   Coulomb (SR)      Potential
    2.08018e+05    5.42697e+04   -5.93640e+06   -3.01253e+04   -5.70423e+06
    Kinetic En.   Total Energy    Temperature Pressure (bar)
    9.70036e+05   -4.73420e+06    3.12329e+02    2.53041e+00

Writing checkpoint, step 197663640 at Sat Sep 16 23:08:11 2023


Writing checkpoint, step 197856550 at Sat Sep 16 23:23:11 2023


DD  step 197999999 load imb.: force  9.4%

           Step           Time
      198000000   4950000.00000

   Energies (kJ/mol)
           Bond       G96Angle        LJ (SR)   Coulomb (SR)      Potential
    2.06847e+05    5.44151e+04   -5.94257e+06   -2.96941e+04   -5.71100e+06
    Kinetic En.   Total Energy    Temperature Pressure (bar)
    9.64744e+05   -4.74625e+06    3.10625e+02   -5.54910e+00

Writing checkpoint, step 198050240 at Sat Sep 16 23:38:11 2023


Writing checkpoint, step 198237690 at Sat Sep 16 23:53:11 2023


DD  step 198399999 load imb.: force 12.1%

           Step           Time
      198400000   4960000.00000

   Energies (kJ/mol)
           Bond       G96Angle        LJ (SR)   Coulomb (SR)      Potential
    2.07680e+05    5.51818e+04   -5.93713e+06   -2.99923e+04   -5.70426e+06
    Kinetic En.   Total Energy    Temperature Pressure (bar)
    9.67726e+05   -4.73653e+06    3.11585e+02   -1.52770e+00

Writing checkpoint, step 198425030 at Sun Sep 17 00:08:11 2023


Writing checkpoint, step 198613990 at Sun Sep 17 00:23:11 2023


DD  step 198799999 load imb.: force 15.0%

           Step           Time
      198800000   4970000.00000

   Energies (kJ/mol)
           Bond       G96Angle        LJ (SR)   Coulomb (SR)      Potential
    2.09725e+05    5.43569e+04   -5.93768e+06   -3.01284e+04   -5.70373e+06
    Kinetic En.   Total Energy    Temperature Pressure (bar)
    9.69104e+05   -4.73463e+06    3.12029e+02    2.52726e+00

Writing checkpoint, step 198800190 at Sun Sep 17 00:38:11 2023


Writing checkpoint, step 198985580 at Sun Sep 17 00:53:11 2023


Writing checkpoint, step 199174250 at Sun Sep 17 01:08:11 2023


DD  step 199199999 load imb.: force  9.7%

           Step           Time
      199200000   4980000.00000

   Energies (kJ/mol)
           Bond       G96Angle        LJ (SR)   Coulomb (SR)      Potential
    2.08425e+05    5.46993e+04   -5.93675e+06   -2.92088e+04   -5.70284e+06
    Kinetic En.   Total Energy    Temperature Pressure (bar)
    9.70933e+05   -4.73190e+06    3.12618e+02    6.17621e+00

Writing checkpoint, step 199368750 at Sun Sep 17 01:23:11 2023


Writing checkpoint, step 199559420 at Sun Sep 17 01:38:11 2023


DD  step 199599999 load imb.: force 16.0%

           Step           Time
      199600000   4990000.00000

   Energies (kJ/mol)
           Bond       G96Angle        LJ (SR)   Coulomb (SR)      Potential
    2.07747e+05    5.43207e+04   -5.93791e+06   -3.00022e+04   -5.70585e+06
    Kinetic En.   Total Energy    Temperature Pressure (bar)
    9.69768e+05   -4.73608e+06    3.12243e+02   -6.00074e+00

Writing checkpoint, step 199745430 at Sun Sep 17 01:53:11 2023


Writing checkpoint, step 199934900 at Sun Sep 17 02:08:11 2023


DD  step 199999999 load imb.: force 16.2%

           Step           Time
      200000000   5000000.00000

Writing checkpoint, step 200000000 at Sun Sep 17 02:13:26 2023


   Energies (kJ/mol)
           Bond       G96Angle        LJ (SR)   Coulomb (SR)      Potential
    2.08679e+05    5.44026e+04   -5.93582e+06   -2.96182e+04   -5.70236e+06
    Kinetic En.   Total Energy    Temperature Pressure (bar)
    9.69342e+05   -4.73302e+06    3.12106e+02    6.28881e+00

	<======  ###############  ==>
	<====  A V E R A G E S  ====>
	<==  ###############  ======>

	Statistics over 200000001 steps using 2000001 frames

   Energies (kJ/mol)
           Bond       G96Angle        LJ (SR)   Coulomb (SR)      Potential
    2.08195e+05    5.45425e+04   -5.93606e+06   -2.98418e+04   -5.70316e+06
    Kinetic En.   Total Energy    Temperature Pressure (bar)
    9.70021e+05   -4.73314e+06    3.12324e+02    9.94147e-01

          Box-X          Box-Y          Box-Z
    4.56939e+01    4.56939e+01    1.38127e+01

   Total Virial (kJ/mol)
    3.22490e+05   -1.90463e+00   -2.27475e-01
   -1.90342e+00    3.22487e+05    1.74961e+00
   -2.25891e-01    1.75060e+00    3.22455e+05

   Pressure (bar)
    9.92413e-01    2.46655e-03    3.89873e-04
    2.46516e-03    9.95115e-01   -2.52353e-03
    3.88049e-04   -2.52468e-03    9.94914e-01

           T-AU         T-POPC            T-W          T-ION
    3.12638e+02    3.12251e+02    3.12348e+02    3.12463e+02


	M E G A - F L O P S   A C C O U N T I N G

 NB=Group-cutoff nonbonded kernels    NxN=N-by-N cluster Verlet kernels
 RF=Reaction-Field  VdW=Van der Waals  QSTab=quadratic-spline table
 W3=SPC/TIP3p  W4=TIP4p (single or pairs)
 V&F=Potential and force  V=Potential only  F=Force only

 Computing:                               M-Number         M-Flops  % Flops
-----------------------------------------------------------------------------
 NB VdW [V&F]                     123028245.842452   123028245.842     0.9
 NB VdW [F]                       10470226372.286013 10470226372.286    80.2
 NB VdW & Elec. [V&F]               2614019.550587     2614019.551     0.0
 NB VdW & Elec. [F]               216618672.816598   216618672.817     1.7
 NS-Pairs                          81244089.906755  1706125888.042    13.1
 Reset In Box                        636738.581250     1910215.744     0.0
 CG-CoM                              636739.328340     1910217.985     0.0
 Bonds                              1970278.355718   116246422.987     0.9
 Angles                             1313825.729064   220722722.483     1.7
 Virial                              640421.232660    11527582.188     0.1
 Stop-CM                              63673.982640      636739.826     0.0
 P-Coupling                          636739.079310     3820434.476     0.0
 Calc-Ekin                          6367391.042130   171919558.138     1.3
-----------------------------------------------------------------------------
 Total                                             13047307092.364   100.0
-----------------------------------------------------------------------------


    D O M A I N   D E C O M P O S I T I O N   S T A T I S T I C S

 av. #atoms communicated per step for force:  2 x 107512.4

 Average load imbalance: 12.4 %
 Part of the total run time spent waiting due to load imbalance: 5.6 %

NOTE: 5.6 % of the available CPU time was lost due to load imbalance
      in the domain decomposition.
      You might want to use dynamic load balancing (option -dlb.)


     R E A L   C Y C L E   A N D   T I M E   A C C O U N T I N G

On 32 MPI ranks

 Computing:          Num   Num      Call    Wall time         Giga-Cycles
                     Ranks Threads  Count      (s)         total sum    %
-----------------------------------------------------------------------------
 Domain decomp.        32    1    2556877    6269.314     420309.120   5.2
 DD comm. load         32    1     256126       6.467        433.563   0.0
 DD comm. bounds       32    1        477       0.045          3.006   0.0
 Neighbor search       32    1    2556878   35557.083    2383828.064  29.4
 Comm. coord.          32    1   25568771    1612.436     108101.415   1.3
 Force                 32    1   25568771   60704.223    4069749.733  50.2
 Wait + Comm. F        32    1   25568771    6611.370     443241.314   5.5
 Write traj.           32    1       3330       7.988        535.530   0.0
 Update                32    1   25568771    2284.063     153128.774   1.9
 Comm. energies        32    1   25568771    6377.755     427579.283   5.3
 Rest                                        1485.423      99586.173   1.2
-----------------------------------------------------------------------------
 Total                                     120916.168    8106495.976 100.0
-----------------------------------------------------------------------------

NOTE: 5 % of the run time was spent communicating energies,
      you might want to use the -gcom option of mdrun


               Core t (s)   Wall t (s)        (%)
       Time:  3869317.363   120916.168     3200.0
                         1d09h35:16
                 (ns/day)    (hour/ns)
Performance:      456.751        0.053
Finished mdrun on rank 0 Sun Sep 17 02:13:27 2023
