Log file opened on Sun Sep 24 10:05:59 2023
Host: halc050.amarel.rutgers.edu  pid: 54636  rank ID: 0  number of ranks:  32
                      :-) GROMACS - gmx mdrun, 2016.1 (-:

                            GROMACS is written by:
     Emile Apol      Rossen Apostolov  Herman J.C. Berendsen    Par Bjelkmar   
 Aldert van Buuren   Rudi van Drunen     Anton Feenstra    Gerrit Groenhof  
 Christoph Junghans   Anca Hamuraru    Vincent Hindriksen Dimitrios Karkoulis
    Peter Kasson        Jiri Kraus      Carsten Kutzner      Per Larsson    
  Justin A. Lemkul   Magnus Lundborg   Pieter Meulenhoff    Erik Marklund   
   Teemu Murtola       Szilard Pall       Sander Pronk      Roland Schulz   
  Alexey Shvetsov     Michael Shirts     Alfons Sijbers     Peter Tieleman  
  Teemu Virolainen  Christian Wennberg    Maarten Wolf   
                           and the project leaders:
        Mark Abraham, Berk Hess, Erik Lindahl, and David van der Spoel

Copyright (c) 1991-2000, University of Groningen, The Netherlands.
Copyright (c) 2001-2015, The GROMACS development team at
Uppsala University, Stockholm University and
the Royal Institute of Technology, Sweden.
check out http://www.gromacs.org for more information.

GROMACS is free software; you can redistribute it and/or modify it
under the terms of the GNU Lesser General Public License
as published by the Free Software Foundation; either version 2.1
of the License, or (at your option) any later version.

GROMACS:      gmx mdrun, version 2016.1
Executable:   /opt/sw/packages/intel-17.0.1/mvapich2-2.2/gromacs/2016.1/bin/gmx_mpi
Data prefix:  /opt/sw/packages/intel-17.0.1/mvapich2-2.2/gromacs/2016.1
Working dir:  /scratch/jje63/heat_lig_multinano/Soft_Sphere_4/Octanethiol
Command line:
  gmx_mpi mdrun -ntomp 1 -deffnm md -v -rdd 1.4

GROMACS version:    2016.1
Precision:          single
Memory model:       64 bit
MPI library:        MPI
OpenMP support:     enabled (GMX_OPENMP_MAX_THREADS = 32)
GPU support:        disabled
SIMD instructions:  AVX_256
FFT library:        Intel MKL
RDTSCP usage:       enabled
TNG support:        enabled
Hwloc support:      disabled
Tracing support:    disabled
Built on:           Wed Nov 23 15:27:26 EST 2016
Built by:           novosirj@perceval2.hpc.rutgers.edu [CMAKE]
Build OS/arch:      Linux 3.10.0-229.20.1.el7.x86_64 x86_64
Build CPU vendor:   Intel
Build CPU brand:    Intel(R) Xeon(R) CPU E5-2650 v3 @ 2.30GHz
Build CPU family:   6   Model: 63   Stepping: 2
Build CPU features: aes apic avx avx2 clfsh cmov cx8 cx16 f16c fma htt lahf mmx msr nonstop_tsc pcid pclmuldq pdcm pdpe1gb popcnt pse rdrnd rdtscp sse2 sse3 sse4.1 sse4.2 ssse3 tdt x2apic
C compiler:         /opt/sw/packages/intel/17.0.1/compilers_and_libraries/linux/bin/intel64/icc Intel 17.0.0.20161005
C compiler flags:    -mavx   -mkl=sequential  -std=gnu99  -O3 -DNDEBUG -ip -funroll-all-loops -alias-const -ansi-alias  
C++ compiler:       /opt/sw/packages/intel/17.0.1/compilers_and_libraries/linux/bin/intel64/icpc Intel 17.0.0.20161005
C++ compiler flags:  -mavx    -std=c++0x   -O3 -DNDEBUG -ip -funroll-all-loops -alias-const -ansi-alias  


Running on 1 node with total 40 cores, 40 logical cores
Hardware detected on host halc050.amarel.rutgers.edu (the node of MPI rank 0):
  CPU info:
    Vendor: Intel
    Brand:  Intel(R) Xeon(R) Gold 6248 CPU @ 2.50GHz
    Family: 6   Model: 85   Stepping: 7
    Features: aes apic avx avx2 avx512f avx512cd avx512bw avx512vl clfsh cmov cx8 cx16 f16c fma hle htt lahf mmx msr nonstop_tsc pcid pclmuldq pdcm pdpe1gb popcnt pse rdrnd rdtscp rtm sse2 sse3 sse4.1 sse4.2 ssse3 tdt x2apic
    SIMD instructions most likely to fit this hardware: AVX_512
    SIMD instructions selected at GROMACS compile time: AVX_256

  Hardware topology: Basic
    Sockets, cores, and logical processors:
      Socket  0: [   0] [   4] [   8] [   6] [   2] [  12] [  16] [  18] [  14] [  10] [  20] [  25] [  29] [  27] [  22] [  33] [  37] [  39] [  35] [  31]
      Socket  1: [   1] [   5] [   9] [   7] [   3] [  13] [  17] [  19] [  15] [  11] [  21] [  -1] [  -1] [  -1] [  23] [  -1] [  -1] [  -1] [  -1] [  -1]


Binary not matching hardware - you might be losing performance.
SIMD instructions most likely to fit this hardware: AVX_512
SIMD instructions selected at GROMACS compile time: AVX_256


++++ PLEASE READ AND CITE THE FOLLOWING REFERENCE ++++
M. J. Abraham, T. Murtola, R. Schulz, S. Páll, J. C. Smith, B. Hess, E.
Lindahl
GROMACS: High performance molecular simulations through multi-level
parallelism from laptops to supercomputers
SoftwareX 1 (2015) pp. 19-25
-------- -------- --- Thank You --- -------- --------


++++ PLEASE READ AND CITE THE FOLLOWING REFERENCE ++++
S. Páll, M. J. Abraham, C. Kutzner, B. Hess, E. Lindahl
Tackling Exascale Software Challenges in Molecular Dynamics Simulations with
GROMACS
In S. Markidis & E. Laure (Eds.), Solving Software Challenges for Exascale 8759 (2015) pp. 3-27
-------- -------- --- Thank You --- -------- --------


++++ PLEASE READ AND CITE THE FOLLOWING REFERENCE ++++
S. Pronk, S. Páll, R. Schulz, P. Larsson, P. Bjelkmar, R. Apostolov, M. R.
Shirts, J. C. Smith, P. M. Kasson, D. van der Spoel, B. Hess, and E. Lindahl
GROMACS 4.5: a high-throughput and highly parallel open source molecular
simulation toolkit
Bioinformatics 29 (2013) pp. 845-54
-------- -------- --- Thank You --- -------- --------


++++ PLEASE READ AND CITE THE FOLLOWING REFERENCE ++++
B. Hess and C. Kutzner and D. van der Spoel and E. Lindahl
GROMACS 4: Algorithms for highly efficient, load-balanced, and scalable
molecular simulation
J. Chem. Theory Comput. 4 (2008) pp. 435-447
-------- -------- --- Thank You --- -------- --------


++++ PLEASE READ AND CITE THE FOLLOWING REFERENCE ++++
D. van der Spoel, E. Lindahl, B. Hess, G. Groenhof, A. E. Mark and H. J. C.
Berendsen
GROMACS: Fast, Flexible and Free
J. Comp. Chem. 26 (2005) pp. 1701-1719
-------- -------- --- Thank You --- -------- --------


++++ PLEASE READ AND CITE THE FOLLOWING REFERENCE ++++
E. Lindahl and B. Hess and D. van der Spoel
GROMACS 3.0: A package for molecular simulation and trajectory analysis
J. Mol. Mod. 7 (2001) pp. 306-317
-------- -------- --- Thank You --- -------- --------


++++ PLEASE READ AND CITE THE FOLLOWING REFERENCE ++++
H. J. C. Berendsen, D. van der Spoel and R. van Drunen
GROMACS: A message-passing parallel molecular dynamics implementation
Comp. Phys. Comm. 91 (1995) pp. 43-56
-------- -------- --- Thank You --- -------- --------

Input Parameters:
   integrator                     = md
   tinit                          = 0
   dt                             = 0.025
   nsteps                         = 200000000
   init-step                      = 0
   simulation-part                = 1
   comm-mode                      = Linear
   nstcomm                        = 100
   bd-fric                        = 0
   ld-seed                        = -973016958
   emtol                          = 10
   emstep                         = 0.01
   niter                          = 20
   fcstep                         = 0
   nstcgsteep                     = 1000
   nbfgscorr                      = 10
   rtpi                           = 0.05
   nstxout                        = 0
   nstvout                        = 0
   nstfout                        = 0
   nstlog                         = 400000
   nstcalcenergy                  = 100
   nstenergy                      = 4000
   nstxout-compressed             = 8000
   compressed-x-precision         = 100
   cutoff-scheme                  = Group
   nstlist                        = 10
   ns-type                        = Grid
   pbc                            = xyz
   periodic-molecules             = false
   verlet-buffer-tolerance        = 0.005
   rlist                          = 1.2
   coulombtype                    = Shift
   coulomb-modifier               = None
   rcoulomb-switch                = 0
   rcoulomb                       = 1.2
   epsilon-r                      = 15
   epsilon-rf                     = inf
   vdw-type                       = Shift
   vdw-modifier                   = None
   rvdw-switch                    = 0.9
   rvdw                           = 1.2
   DispCorr                       = No
   table-extension                = 1
   fourierspacing                 = 0.12
   fourier-nx                     = 0
   fourier-ny                     = 0
   fourier-nz                     = 0
   pme-order                      = 4
   ewald-rtol                     = 1e-05
   ewald-rtol-lj                  = 0.001
   lj-pme-comb-rule               = Geometric
   ewald-geometry                 = 0
   epsilon-surface                = 0
   implicit-solvent               = No
   gb-algorithm                   = Still
   nstgbradii                     = 1
   rgbradii                       = 1
   gb-epsilon-solvent             = 80
   gb-saltconc                    = 0
   gb-obc-alpha                   = 1
   gb-obc-beta                    = 0.8
   gb-obc-gamma                   = 4.85
   gb-dielectric-offset           = 0.009
   sa-algorithm                   = Ace-approximation
   sa-surface-tension             = 2.05016
   tcoupl                         = V-rescale
   nsttcouple                     = 1
   nh-chain-length                = 0
   print-nose-hoover-chain-variables = false
   pcoupl                         = Berendsen
   pcoupltype                     = Semiisotropic
   nstpcouple                     = 10
   tau-p                          = 3
   compressibility (3x3):
      compressibility[    0]={ 3.00000e-05,  0.00000e+00,  0.00000e+00}
      compressibility[    1]={ 0.00000e+00,  3.00000e-05,  0.00000e+00}
      compressibility[    2]={ 0.00000e+00,  0.00000e+00,  3.00000e-05}
   ref-p (3x3):
      ref-p[    0]={ 1.00000e+00,  0.00000e+00,  0.00000e+00}
      ref-p[    1]={ 0.00000e+00,  1.00000e+00,  0.00000e+00}
      ref-p[    2]={ 0.00000e+00,  0.00000e+00,  1.00000e+00}
   refcoord-scaling               = All
   posres-com (3):
      posres-com[0]= 0.00000e+00
      posres-com[1]= 0.00000e+00
      posres-com[2]= 0.00000e+00
   posres-comB (3):
      posres-comB[0]= 0.00000e+00
      posres-comB[1]= 0.00000e+00
      posres-comB[2]= 0.00000e+00
   QMMM                           = false
   QMconstraints                  = 0
   QMMMscheme                     = 0
   MMChargeScaleFactor            = 1
qm-opts:
   ngQM                           = 0
   constraint-algorithm           = Lincs
   continuation                   = false
   Shake-SOR                      = false
   shake-tol                      = 0.0001
   lincs-order                    = 4
   lincs-iter                     = 1
   lincs-warnangle                = 30
   nwall                          = 0
   wall-type                      = 9-3
   wall-r-linpot                  = -1
   wall-atomtype[0]               = -1
   wall-atomtype[1]               = -1
   wall-density[0]                = 0
   wall-density[1]                = 0
   wall-ewald-zfac                = 3
   pull                           = false
   rotation                       = false
   interactiveMD                  = false
   disre                          = No
   disre-weighting                = Conservative
   disre-mixed                    = false
   dr-fc                          = 1000
   dr-tau                         = 0
   nstdisreout                    = 100
   orire-fc                       = 0
   orire-tau                      = 0
   nstorireout                    = 100
   free-energy                    = no
   cos-acceleration               = 0
   deform (3x3):
      deform[    0]={ 0.00000e+00,  0.00000e+00,  0.00000e+00}
      deform[    1]={ 0.00000e+00,  0.00000e+00,  0.00000e+00}
      deform[    2]={ 0.00000e+00,  0.00000e+00,  0.00000e+00}
   simulated-tempering            = false
   E-x:
      n = 0
   E-xt:
      n = 0
   E-y:
      n = 0
   E-yt:
      n = 0
   E-z:
      n = 0
   E-zt:
      n = 0
   swapcoords                     = no
   userint1                       = 0
   userint2                       = 0
   userint3                       = 0
   userint4                       = 0
   userreal1                      = 0
   userreal2                      = 0
   userreal3                      = 0
   userreal4                      = 0
grpopts:
   nrdf:     9749.96      223955      499582       10998
   ref-t:         313         313         313         313
   tau-t:           1           1           1           1
annealing:          No          No          No          No
annealing-npoints:           0           0           0           0
   acc:	           0           0           0
   nfreeze:           N           N           N
   energygrp-flags[  0]: 0


Initializing Domain Decomposition on 32 ranks
Dynamic load balancing: auto
Minimum cell size due to bonded interactions: 1.400 nm
Scaling the initial minimum size with 1/0.8 (option -dds) = 1.25
Optimizing the DD grid for 32 cells with a minimum initial size of 1.750 nm
The maximum allowed number of cells is: X 25 Y 25 Z 8
Domain decomposition grid 8 x 4 x 1, separate PME ranks 0
Domain decomposition rank 0, coordinates 0 0 0

The initial number of communication pulses is: X 1 Y 1
The initial domain decomposition cell size is: X 5.62 nm Y 11.25 nm

The maximum allowed distance for charge groups involved in interactions is:
                 non-bonded interactions           1.200 nm
(the following are initial values, they could change due to box deformation)
            two-body bonded interactions  (-rdd)   1.400 nm
          multi-body bonded interactions  (-rdd)   1.400 nm

When dynamic load balancing gets turned on, these settings will change to:
The maximum number of communication pulses is: X 1 Y 1
The minimum size for domain decomposition cells is 1.400 nm
The requested allowed shrink of DD cells (option -dds) is: 0.80
The allowed shrink of domain decomposition cells is: X 0.25 Y 0.12
The maximum allowed distance for charge groups involved in interactions is:
                 non-bonded interactions           1.200 nm
            two-body bonded interactions  (-rdd)   1.400 nm
          multi-body bonded interactions  (-rdd)   1.400 nm

Using 32 MPI processes


NOTE: This file uses the deprecated 'group' cutoff_scheme. This will be
removed in a future release when 'verlet' supports all interaction forms.

Table routines are used for coulomb: true
Table routines are used for vdw:     true
Using shifted Lennard-Jones, switch between 0.9 and 1.2 nm
Cut-off's:   NS: 1.2   Coulomb: 1.2   LJ: 1.2
System total charge: 0.000
Generated table with 1100 data points for Shift.
Tabscale = 500 points/nm
Generated table with 1100 data points for LJ6Shift.
Tabscale = 500 points/nm
Generated table with 1100 data points for LJ12Shift.
Tabscale = 500 points/nm
Potential shift: LJ r^-12: 0.000e+00 r^-6: 0.000e+00
Removing pbc first time

Non-default thread affinity set probably by the OpenMP library,
disabling internal thread affinity

Linking all bonded interactions to atoms

Intra-simulation communication will occur every 1 steps.
Center of mass motion removal mode is Linear
We have the following groups for center of mass motion removal:
  0:  rest

++++ PLEASE READ AND CITE THE FOLLOWING REFERENCE ++++
G. Bussi, D. Donadio and M. Parrinello
Canonical sampling through velocity rescaling
J. Chem. Phys. 126 (2007) pp. 014101
-------- -------- --- Thank You --- -------- --------

There are: 248096 Atoms
Atom distribution over 32 domains: av 7753 stddev 71 min 7606 max 7851
Grid: 7 x 12 x 14 cells
Initial temperature: 313.096 K

Started mdrun on rank 0 Sun Sep 24 10:06:00 2023
           Step           Time
              0        0.00000


   Energies (kJ/mol)
           Bond       G96Angle        LJ (SR)   Coulomb (SR)      Potential
    2.40206e+05    6.28510e+04   -6.28962e+06   -8.40632e+04   -6.07063e+06
    Kinetic En.   Total Energy    Temperature Pressure (bar)
    9.75082e+05   -5.09555e+06    3.15136e+02   -1.51286e+03

DD  step 9 load imb.: force  6.5%


step 20 Turning on dynamic load balancing, because the performance loss due to load imbalance is 2.4 %.


step 200 Turning off dynamic load balancing, because it is degrading performance.

Atom distribution over 32 domains: av 7753 stddev 73 min 7592 max 7859

step 4000 Turning on dynamic load balancing, because the performance loss due to load imbalance is 2.2 %.


step 9800 Turning off dynamic load balancing, because it is degrading performance.

Atom distribution over 32 domains: av 7753 stddev 27 min 7716 max 7821

step 10000 Will no longer try dynamic load balancing, as it degraded performance.

Writing checkpoint, step 223720 at Sun Sep 24 10:21:00 2023


DD  step 399999 load imb.: force  9.8%

           Step           Time
         400000    10000.00000

   Energies (kJ/mol)
           Bond       G96Angle        LJ (SR)   Coulomb (SR)      Potential
    1.47389e+05    5.39134e+04   -5.85473e+06   -2.98247e+04   -5.68325e+06
    Kinetic En.   Total Energy    Temperature Pressure (bar)
    9.66050e+05   -4.71720e+06    3.12217e+02   -3.73555e-01

Writing checkpoint, step 447450 at Sun Sep 24 10:36:00 2023


Writing checkpoint, step 667860 at Sun Sep 24 10:51:00 2023


DD  step 799999 load imb.: force 14.7%

           Step           Time
         800000    20000.00000

   Energies (kJ/mol)
           Bond       G96Angle        LJ (SR)   Coulomb (SR)      Potential
    1.47438e+05    5.36856e+04   -5.85589e+06   -2.96038e+04   -5.68437e+06
    Kinetic En.   Total Energy    Temperature Pressure (bar)
    9.67132e+05   -4.71724e+06    3.12566e+02    3.46683e+00

Writing checkpoint, step 887050 at Sun Sep 24 11:06:00 2023


Writing checkpoint, step 1102960 at Sun Sep 24 11:21:00 2023


DD  step 1199999 load imb.: force 15.1%

           Step           Time
        1200000    30000.00000

   Energies (kJ/mol)
           Bond       G96Angle        LJ (SR)   Coulomb (SR)      Potential
    1.47156e+05    5.30380e+04   -5.85527e+06   -2.97575e+04   -5.68484e+06
    Kinetic En.   Total Energy    Temperature Pressure (bar)
    9.69493e+05   -4.71534e+06    3.13329e+02    1.47634e+00

Writing checkpoint, step 1318100 at Sun Sep 24 11:36:00 2023


Writing checkpoint, step 1534190 at Sun Sep 24 11:51:00 2023


DD  step 1599999 load imb.: force 13.6%

           Step           Time
        1600000    40000.00000

   Energies (kJ/mol)
           Bond       G96Angle        LJ (SR)   Coulomb (SR)      Potential
    1.47685e+05    5.36368e+04   -5.85903e+06   -2.95552e+04   -5.68727e+06
    Kinetic En.   Total Energy    Temperature Pressure (bar)
    9.67082e+05   -4.72019e+06    3.12550e+02   -5.61779e+00

Writing checkpoint, step 1753430 at Sun Sep 24 12:06:00 2023


Writing checkpoint, step 1960360 at Sun Sep 24 12:21:00 2023


DD  step 1999999 load imb.: force 15.0%

           Step           Time
        2000000    50000.00000

   Energies (kJ/mol)
           Bond       G96Angle        LJ (SR)   Coulomb (SR)      Potential
    1.46655e+05    5.34431e+04   -5.85691e+06   -2.93302e+04   -5.68614e+06
    Kinetic En.   Total Energy    Temperature Pressure (bar)
    9.65739e+05   -4.72040e+06    3.12116e+02    1.29491e+00

Writing checkpoint, step 2176190 at Sun Sep 24 12:36:00 2023


Writing checkpoint, step 2398550 at Sun Sep 24 12:51:00 2023


DD  step 2399999 load imb.: force 13.7%

           Step           Time
        2400000    60000.00000

   Energies (kJ/mol)
           Bond       G96Angle        LJ (SR)   Coulomb (SR)      Potential
    1.47625e+05    5.41091e+04   -5.85744e+06   -2.97923e+04   -5.68550e+06
    Kinetic En.   Total Energy    Temperature Pressure (bar)
    9.67810e+05   -4.71768e+06    3.12786e+02    3.68311e-01

Writing checkpoint, step 2615850 at Sun Sep 24 13:06:00 2023


DD  step 2799999 load imb.: force 12.2%

           Step           Time
        2800000    70000.00000

   Energies (kJ/mol)
           Bond       G96Angle        LJ (SR)   Coulomb (SR)      Potential
    1.47860e+05    5.36406e+04   -5.85723e+06   -2.89310e+04   -5.68466e+06
    Kinetic En.   Total Energy    Temperature Pressure (bar)
    9.66493e+05   -4.71817e+06    3.12360e+02    2.87045e+00

Writing checkpoint, step 2838300 at Sun Sep 24 13:21:00 2023


Writing checkpoint, step 3058330 at Sun Sep 24 13:36:00 2023


DD  step 3199999 load imb.: force 12.3%

           Step           Time
        3200000    80000.00000

   Energies (kJ/mol)
           Bond       G96Angle        LJ (SR)   Coulomb (SR)      Potential
    1.46594e+05    5.37756e+04   -5.85794e+06   -2.94701e+04   -5.68704e+06
    Kinetic En.   Total Energy    Temperature Pressure (bar)
    9.64235e+05   -4.72281e+06    3.11630e+02   -1.38387e+01

Writing checkpoint, step 3281000 at Sun Sep 24 13:51:00 2023


Writing checkpoint, step 3504550 at Sun Sep 24 14:06:00 2023


DD  step 3599999 load imb.: force 10.5%

           Step           Time
        3600000    90000.00000

   Energies (kJ/mol)
           Bond       G96Angle        LJ (SR)   Coulomb (SR)      Potential
    1.46971e+05    5.31708e+04   -5.85514e+06   -2.94981e+04   -5.68450e+06
    Kinetic En.   Total Energy    Temperature Pressure (bar)
    9.65546e+05   -4.71895e+06    3.12054e+02   -7.61293e-01

Writing checkpoint, step 3725780 at Sun Sep 24 14:21:00 2023


Writing checkpoint, step 3949580 at Sun Sep 24 14:36:00 2023


DD  step 3999999 load imb.: force  9.8%

           Step           Time
        4000000   100000.00000

   Energies (kJ/mol)
           Bond       G96Angle        LJ (SR)   Coulomb (SR)      Potential
    1.47861e+05    5.35244e+04   -5.86128e+06   -2.94075e+04   -5.68931e+06
    Kinetic En.   Total Energy    Temperature Pressure (bar)
    9.64522e+05   -4.72478e+06    3.11723e+02    1.02808e+00

Writing checkpoint, step 4168560 at Sun Sep 24 14:51:00 2023


Writing checkpoint, step 4395570 at Sun Sep 24 15:06:00 2023


DD  step 4399999 load imb.: force  9.3%

           Step           Time
        4400000   110000.00000

   Energies (kJ/mol)
           Bond       G96Angle        LJ (SR)   Coulomb (SR)      Potential
    1.48695e+05    5.31384e+04   -5.85437e+06   -2.93545e+04   -5.68189e+06
    Kinetic En.   Total Energy    Temperature Pressure (bar)
    9.70086e+05   -4.71180e+06    3.13521e+02    2.84943e-01

Writing checkpoint, step 4623260 at Sun Sep 24 15:21:00 2023


DD  step 4799999 load imb.: force  9.8%

           Step           Time
        4800000   120000.00000

   Energies (kJ/mol)
           Bond       G96Angle        LJ (SR)   Coulomb (SR)      Potential
    1.46401e+05    5.39296e+04   -5.85500e+06   -2.94372e+04   -5.68410e+06
    Kinetic En.   Total Energy    Temperature Pressure (bar)
    9.65872e+05   -4.71823e+06    3.12159e+02    7.61753e+00

Writing checkpoint, step 4836220 at Sun Sep 24 15:36:00 2023


Writing checkpoint, step 5058290 at Sun Sep 24 15:51:00 2023


DD  step 5199999 load imb.: force 11.9%

           Step           Time
        5200000   130000.00000

   Energies (kJ/mol)
           Bond       G96Angle        LJ (SR)   Coulomb (SR)      Potential
    1.47143e+05    5.35126e+04   -5.85645e+06   -2.94018e+04   -5.68520e+06
    Kinetic En.   Total Energy    Temperature Pressure (bar)
    9.66483e+05   -4.71871e+06    3.12357e+02    1.27369e+00

Writing checkpoint, step 5281930 at Sun Sep 24 16:06:00 2023


Writing checkpoint, step 5506420 at Sun Sep 24 16:21:00 2023


DD  step 5599999 load imb.: force 12.4%

           Step           Time
        5600000   140000.00000

   Energies (kJ/mol)
           Bond       G96Angle        LJ (SR)   Coulomb (SR)      Potential
    1.47778e+05    5.34137e+04   -5.85523e+06   -2.94196e+04   -5.68346e+06
    Kinetic En.   Total Energy    Temperature Pressure (bar)
    9.64118e+05   -4.71934e+06    3.11592e+02    2.59420e+00

Writing checkpoint, step 5714700 at Sun Sep 24 16:36:00 2023


Writing checkpoint, step 5933810 at Sun Sep 24 16:51:00 2023


DD  step 5999999 load imb.: force 13.0%

           Step           Time
        6000000   150000.00000

   Energies (kJ/mol)
           Bond       G96Angle        LJ (SR)   Coulomb (SR)      Potential
    1.48395e+05    5.37492e+04   -5.85634e+06   -2.95061e+04   -5.68370e+06
    Kinetic En.   Total Energy    Temperature Pressure (bar)
    9.65708e+05   -4.71800e+06    3.12106e+02   -3.28460e+00

Writing checkpoint, step 6149650 at Sun Sep 24 17:06:00 2023


Writing checkpoint, step 6369670 at Sun Sep 24 17:21:00 2023


DD  step 6399999 load imb.: force 11.3%

           Step           Time
        6400000   160000.00000

   Energies (kJ/mol)
           Bond       G96Angle        LJ (SR)   Coulomb (SR)      Potential
    1.48389e+05    5.28648e+04   -5.85575e+06   -2.90915e+04   -5.68359e+06
    Kinetic En.   Total Energy    Temperature Pressure (bar)
    9.66559e+05   -4.71703e+06    3.12381e+02   -3.38675e+00

Writing checkpoint, step 6591990 at Sun Sep 24 17:36:00 2023


DD  step 6799999 load imb.: force  8.7%

           Step           Time
        6800000   170000.00000

   Energies (kJ/mol)
           Bond       G96Angle        LJ (SR)   Coulomb (SR)      Potential
    1.47638e+05    5.30793e+04   -5.85867e+06   -2.88024e+04   -5.68676e+06
    Kinetic En.   Total Energy    Temperature Pressure (bar)
    9.66053e+05   -4.72071e+06    3.12218e+02   -5.19902e+00

Writing checkpoint, step 6813970 at Sun Sep 24 17:51:00 2023


Writing checkpoint, step 7038370 at Sun Sep 24 18:06:00 2023


DD  step 7199999 load imb.: force 11.7%

           Step           Time
        7200000   180000.00000

   Energies (kJ/mol)
           Bond       G96Angle        LJ (SR)   Coulomb (SR)      Potential
    1.47403e+05    5.36465e+04   -5.86013e+06   -2.88038e+04   -5.68788e+06
    Kinetic En.   Total Energy    Temperature Pressure (bar)
    9.66442e+05   -4.72144e+06    3.12343e+02   -5.54696e+00

Writing checkpoint, step 7260840 at Sun Sep 24 18:21:00 2023


Writing checkpoint, step 7482890 at Sun Sep 24 18:36:00 2023


DD  step 7599999 load imb.: force 11.8%

           Step           Time
        7600000   190000.00000

   Energies (kJ/mol)
           Bond       G96Angle        LJ (SR)   Coulomb (SR)      Potential
    1.47731e+05    5.39912e+04   -5.85750e+06   -2.94445e+04   -5.68523e+06
    Kinetic En.   Total Energy    Temperature Pressure (bar)
    9.63898e+05   -4.72133e+06    3.11521e+02   -1.26781e+00

Writing checkpoint, step 7704240 at Sun Sep 24 18:51:00 2023


Writing checkpoint, step 7924290 at Sun Sep 24 19:06:00 2023


DD  step 7999999 load imb.: force 12.3%

           Step           Time
        8000000   200000.00000

   Energies (kJ/mol)
           Bond       G96Angle        LJ (SR)   Coulomb (SR)      Potential
    1.48022e+05    5.34529e+04   -5.85543e+06   -2.88510e+04   -5.68281e+06
    Kinetic En.   Total Energy    Temperature Pressure (bar)
    9.63740e+05   -4.71907e+06    3.11470e+02   -8.88292e-01

Writing checkpoint, step 8140530 at Sun Sep 24 19:21:00 2023


Writing checkpoint, step 8363330 at Sun Sep 24 19:36:00 2023


DD  step 8399999 load imb.: force 12.8%

           Step           Time
        8400000   210000.00000

   Energies (kJ/mol)
           Bond       G96Angle        LJ (SR)   Coulomb (SR)      Potential
    1.46467e+05    5.34908e+04   -5.85427e+06   -2.95055e+04   -5.68381e+06
    Kinetic En.   Total Energy    Temperature Pressure (bar)
    9.68088e+05   -4.71573e+06    3.12875e+02    2.48260e+00

Writing checkpoint, step 8583080 at Sun Sep 24 19:51:00 2023


Writing checkpoint, step 8799550 at Sun Sep 24 20:06:00 2023


DD  step 8799999 load imb.: force 12.4%

           Step           Time
        8800000   220000.00000

   Energies (kJ/mol)
           Bond       G96Angle        LJ (SR)   Coulomb (SR)      Potential
    1.48507e+05    5.40334e+04   -5.85361e+06   -2.99339e+04   -5.68100e+06
    Kinetic En.   Total Energy    Temperature Pressure (bar)
    9.68428e+05   -4.71257e+06    3.12985e+02    7.42217e+00

Writing checkpoint, step 9018470 at Sun Sep 24 20:21:00 2023


DD  step 9199999 load imb.: force 13.4%

           Step           Time
        9200000   230000.00000

   Energies (kJ/mol)
           Bond       G96Angle        LJ (SR)   Coulomb (SR)      Potential
    1.47171e+05    5.31670e+04   -5.85737e+06   -2.93501e+04   -5.68638e+06
    Kinetic En.   Total Energy    Temperature Pressure (bar)
    9.66841e+05   -4.71954e+06    3.12472e+02   -7.67675e+00

Writing checkpoint, step 9240440 at Sun Sep 24 20:36:00 2023


Writing checkpoint, step 9462990 at Sun Sep 24 20:51:00 2023


DD  step 9599999 load imb.: force 14.4%

           Step           Time
        9600000   240000.00000

   Energies (kJ/mol)
           Bond       G96Angle        LJ (SR)   Coulomb (SR)      Potential
    1.47190e+05    5.33125e+04   -5.85187e+06   -2.98978e+04   -5.68126e+06
    Kinetic En.   Total Energy    Temperature Pressure (bar)
    9.68415e+05   -4.71285e+06    3.12981e+02    7.08134e+00

Writing checkpoint, step 9685850 at Sun Sep 24 21:06:00 2023


Writing checkpoint, step 9904950 at Sun Sep 24 21:21:00 2023


DD  step 9999999 load imb.: force 12.9%

           Step           Time
       10000000   250000.00000

   Energies (kJ/mol)
           Bond       G96Angle        LJ (SR)   Coulomb (SR)      Potential
    1.47711e+05    5.34868e+04   -5.85740e+06   -2.95424e+04   -5.68575e+06
    Kinetic En.   Total Energy    Temperature Pressure (bar)
    9.65196e+05   -4.72055e+06    3.11941e+02    5.03044e+00

Writing checkpoint, step 10120590 at Sun Sep 24 21:36:00 2023


Writing checkpoint, step 10342330 at Sun Sep 24 21:51:00 2023


DD  step 10399999 load imb.: force 13.4%

           Step           Time
       10400000   260000.00000

   Energies (kJ/mol)
           Bond       G96Angle        LJ (SR)   Coulomb (SR)      Potential
    1.47435e+05    5.30269e+04   -5.85593e+06   -2.88856e+04   -5.68435e+06
    Kinetic En.   Total Energy    Temperature Pressure (bar)
    9.64592e+05   -4.71976e+06    3.11745e+02   -2.75382e+00

Writing checkpoint, step 10558170 at Sun Sep 24 22:06:00 2023


Writing checkpoint, step 10778760 at Sun Sep 24 22:21:00 2023


DD  step 10799999 load imb.: force 12.1%

           Step           Time
       10800000   270000.00000

   Energies (kJ/mol)
           Bond       G96Angle        LJ (SR)   Coulomb (SR)      Potential
    1.46987e+05    5.39263e+04   -5.85547e+06   -3.01458e+04   -5.68470e+06
    Kinetic En.   Total Energy    Temperature Pressure (bar)
    9.65940e+05   -4.71876e+06    3.12181e+02   -4.22699e+00

Writing checkpoint, step 10994640 at Sun Sep 24 22:36:00 2023


DD  step 11199999 load imb.: force 11.8%

           Step           Time
       11200000   280000.00000

   Energies (kJ/mol)
           Bond       G96Angle        LJ (SR)   Coulomb (SR)      Potential
    1.48115e+05    5.35529e+04   -5.85728e+06   -2.97689e+04   -5.68538e+06
    Kinetic En.   Total Energy    Temperature Pressure (bar)
    9.62681e+05   -4.72270e+06    3.11128e+02    6.65568e+00

Writing checkpoint, step 11216380 at Sun Sep 24 22:51:00 2023


Writing checkpoint, step 11438880 at Sun Sep 24 23:06:00 2023


DD  step 11599999 load imb.: force 14.2%

           Step           Time
       11600000   290000.00000

   Energies (kJ/mol)
           Bond       G96Angle        LJ (SR)   Coulomb (SR)      Potential
    1.47129e+05    5.41260e+04   -5.85536e+06   -2.91147e+04   -5.68321e+06
    Kinetic En.   Total Energy    Temperature Pressure (bar)
    9.69327e+05   -4.71389e+06    3.13276e+02   -2.33307e-01

Writing checkpoint, step 11658010 at Sun Sep 24 23:21:00 2023


Writing checkpoint, step 11879650 at Sun Sep 24 23:36:00 2023


DD  step 11999999 load imb.: force 13.0%

           Step           Time
       12000000   300000.00000

   Energies (kJ/mol)
           Bond       G96Angle        LJ (SR)   Coulomb (SR)      Potential
    1.48549e+05    5.38274e+04   -5.86010e+06   -2.93515e+04   -5.68707e+06
    Kinetic En.   Total Energy    Temperature Pressure (bar)
    9.62591e+05   -4.72448e+06    3.11099e+02   -2.04973e-01

Writing checkpoint, step 12101870 at Sun Sep 24 23:51:00 2023


Writing checkpoint, step 12316570 at Mon Sep 25 00:06:00 2023


DD  step 12399999 load imb.: force 12.0%

           Step           Time
       12400000   310000.00000

   Energies (kJ/mol)
           Bond       G96Angle        LJ (SR)   Coulomb (SR)      Potential
    1.48967e+05    5.37423e+04   -5.85620e+06   -2.92781e+04   -5.68277e+06
    Kinetic En.   Total Energy    Temperature Pressure (bar)
    9.68942e+05   -4.71383e+06    3.13152e+02    3.94212e+00

Writing checkpoint, step 12532320 at Mon Sep 25 00:21:00 2023


Writing checkpoint, step 12743950 at Mon Sep 25 00:36:00 2023


DD  step 12799999 load imb.: force 13.1%

           Step           Time
       12800000   320000.00000

   Energies (kJ/mol)
           Bond       G96Angle        LJ (SR)   Coulomb (SR)      Potential
    1.47813e+05    5.36546e+04   -5.85136e+06   -2.92517e+04   -5.67914e+06
    Kinetic En.   Total Energy    Temperature Pressure (bar)
    9.66373e+05   -4.71277e+06    3.12321e+02    5.74315e+00

Writing checkpoint, step 12957700 at Mon Sep 25 00:51:00 2023


Writing checkpoint, step 13175840 at Mon Sep 25 01:06:00 2023


DD  step 13199999 load imb.: force 13.6%

           Step           Time
       13200000   330000.00000

   Energies (kJ/mol)
           Bond       G96Angle        LJ (SR)   Coulomb (SR)      Potential
    1.49297e+05    5.39945e+04   -5.85558e+06   -2.95463e+04   -5.68183e+06
    Kinetic En.   Total Energy    Temperature Pressure (bar)
    9.64561e+05   -4.71727e+06    3.11736e+02   -3.76195e+00

Writing checkpoint, step 13396500 at Mon Sep 25 01:21:00 2023


DD  step 13599999 load imb.: force 12.1%

           Step           Time
       13600000   340000.00000

   Energies (kJ/mol)
           Bond       G96Angle        LJ (SR)   Coulomb (SR)      Potential
    1.47733e+05    5.36703e+04   -5.85350e+06   -2.93778e+04   -5.68148e+06
    Kinetic En.   Total Energy    Temperature Pressure (bar)
    9.66591e+05   -4.71489e+06    3.12392e+02    4.04191e+00

Writing checkpoint, step 13617910 at Mon Sep 25 01:36:00 2023


Writing checkpoint, step 13840650 at Mon Sep 25 01:51:00 2023


DD  step 13999999 load imb.: force 12.2%

           Step           Time
       14000000   350000.00000

   Energies (kJ/mol)
           Bond       G96Angle        LJ (SR)   Coulomb (SR)      Potential
    1.47426e+05    5.26673e+04   -5.85406e+06   -2.97645e+04   -5.68373e+06
    Kinetic En.   Total Energy    Temperature Pressure (bar)
    9.66440e+05   -4.71729e+06    3.12343e+02   -4.29690e+00

Writing checkpoint, step 14060210 at Mon Sep 25 02:06:00 2023


Writing checkpoint, step 14280270 at Mon Sep 25 02:21:00 2023


DD  step 14399999 load imb.: force 12.4%

           Step           Time
       14400000   360000.00000

   Energies (kJ/mol)
           Bond       G96Angle        LJ (SR)   Coulomb (SR)      Potential
    1.46721e+05    5.36574e+04   -5.85497e+06   -3.01245e+04   -5.68472e+06
    Kinetic En.   Total Energy    Temperature Pressure (bar)
    9.68030e+05   -4.71669e+06    3.12857e+02    1.86031e+01

Writing checkpoint, step 14503890 at Mon Sep 25 02:36:00 2023


Writing checkpoint, step 14722640 at Mon Sep 25 02:51:00 2023


DD  step 14799999 load imb.: force 13.0%

           Step           Time
       14800000   370000.00000

   Energies (kJ/mol)
           Bond       G96Angle        LJ (SR)   Coulomb (SR)      Potential
    1.47351e+05    5.33339e+04   -5.85529e+06   -2.91264e+04   -5.68373e+06
    Kinetic En.   Total Energy    Temperature Pressure (bar)
    9.66617e+05   -4.71711e+06    3.12400e+02    5.46384e+00

Writing checkpoint, step 14947290 at Mon Sep 25 03:06:00 2023


Writing checkpoint, step 15171050 at Mon Sep 25 03:21:00 2023


DD  step 15199999 load imb.: force 11.9%

           Step           Time
       15200000   380000.00000

   Energies (kJ/mol)
           Bond       G96Angle        LJ (SR)   Coulomb (SR)      Potential
    1.47734e+05    5.29101e+04   -5.85659e+06   -2.92237e+04   -5.68517e+06
    Kinetic En.   Total Energy    Temperature Pressure (bar)
    9.63071e+05   -4.72210e+06    3.11254e+02   -1.90828e+00

Writing checkpoint, step 15394620 at Mon Sep 25 03:36:00 2023


DD  step 15599999 load imb.: force 12.6%

           Step           Time
       15600000   390000.00000

   Energies (kJ/mol)
           Bond       G96Angle        LJ (SR)   Coulomb (SR)      Potential
    1.47322e+05    5.30896e+04   -5.85961e+06   -2.94760e+04   -5.68867e+06
    Kinetic En.   Total Energy    Temperature Pressure (bar)
    9.63538e+05   -4.72513e+06    3.11405e+02    4.59971e+00

Writing checkpoint, step 15618170 at Mon Sep 25 03:51:00 2023


Writing checkpoint, step 15840030 at Mon Sep 25 04:06:00 2023


DD  step 15999999 load imb.: force 11.9%

           Step           Time
       16000000   400000.00000

   Energies (kJ/mol)
           Bond       G96Angle        LJ (SR)   Coulomb (SR)      Potential
    1.47517e+05    5.31128e+04   -5.85930e+06   -2.94571e+04   -5.68813e+06
    Kinetic En.   Total Energy    Temperature Pressure (bar)
    9.66945e+05   -4.72119e+06    3.12506e+02   -3.03601e+00

Writing checkpoint, step 16063490 at Mon Sep 25 04:21:00 2023


Writing checkpoint, step 16283650 at Mon Sep 25 04:36:00 2023


DD  step 16399999 load imb.: force 10.9%

           Step           Time
       16400000   410000.00000

   Energies (kJ/mol)
           Bond       G96Angle        LJ (SR)   Coulomb (SR)      Potential
    1.47949e+05    5.34751e+04   -5.85682e+06   -2.97165e+04   -5.68511e+06
    Kinetic En.   Total Energy    Temperature Pressure (bar)
    9.65695e+05   -4.71941e+06    3.12102e+02   -4.54696e+00

Writing checkpoint, step 16506290 at Mon Sep 25 04:51:00 2023


Writing checkpoint, step 16729180 at Mon Sep 25 05:06:00 2023


DD  step 16799999 load imb.: force 13.8%

           Step           Time
       16800000   420000.00000

   Energies (kJ/mol)
           Bond       G96Angle        LJ (SR)   Coulomb (SR)      Potential
    1.47452e+05    5.34466e+04   -5.85527e+06   -2.89484e+04   -5.68332e+06
    Kinetic En.   Total Energy    Temperature Pressure (bar)
    9.67633e+05   -4.71569e+06    3.12728e+02    6.78056e+00

Writing checkpoint, step 16932400 at Mon Sep 25 05:21:00 2023


Writing checkpoint, step 17140260 at Mon Sep 25 05:36:00 2023


DD  step 17199999 load imb.: force 11.5%

           Step           Time
       17200000   430000.00000

   Energies (kJ/mol)
           Bond       G96Angle        LJ (SR)   Coulomb (SR)      Potential
    1.47912e+05    5.32686e+04   -5.85660e+06   -2.92221e+04   -5.68464e+06
    Kinetic En.   Total Energy    Temperature Pressure (bar)
    9.67489e+05   -4.71715e+06    3.12682e+02    3.90471e-01

Writing checkpoint, step 17362430 at Mon Sep 25 05:51:00 2023


Writing checkpoint, step 17583790 at Mon Sep 25 06:06:00 2023


DD  step 17599999 load imb.: force 13.7%

           Step           Time
       17600000   440000.00000

   Energies (kJ/mol)
           Bond       G96Angle        LJ (SR)   Coulomb (SR)      Potential
    1.47399e+05    5.34042e+04   -5.85807e+06   -2.94513e+04   -5.68671e+06
    Kinetic En.   Total Energy    Temperature Pressure (bar)
    9.65899e+05   -4.72082e+06    3.12168e+02   -3.54017e+00

Writing checkpoint, step 17802460 at Mon Sep 25 06:21:00 2023


DD  step 17999999 load imb.: force 11.1%

           Step           Time
       18000000   450000.00000

   Energies (kJ/mol)
           Bond       G96Angle        LJ (SR)   Coulomb (SR)      Potential
    1.47910e+05    5.31397e+04   -5.85522e+06   -2.92416e+04   -5.68342e+06
    Kinetic En.   Total Energy    Temperature Pressure (bar)
    9.67325e+05   -4.71609e+06    3.12629e+02    6.43460e+00

Writing checkpoint, step 18022520 at Mon Sep 25 06:36:00 2023


Writing checkpoint, step 18240880 at Mon Sep 25 06:51:00 2023


DD  step 18399999 load imb.: force 13.6%

           Step           Time
       18400000   460000.00000

   Energies (kJ/mol)
           Bond       G96Angle        LJ (SR)   Coulomb (SR)      Potential
    1.48988e+05    5.33319e+04   -5.85256e+06   -2.94223e+04   -5.67966e+06
    Kinetic En.   Total Energy    Temperature Pressure (bar)
    9.68909e+05   -4.71076e+06    3.13141e+02    8.44681e+00

Writing checkpoint, step 18463910 at Mon Sep 25 07:06:00 2023


Writing checkpoint, step 18684910 at Mon Sep 25 07:21:00 2023


DD  step 18799999 load imb.: force 12.6%

           Step           Time
       18800000   470000.00000

   Energies (kJ/mol)
           Bond       G96Angle        LJ (SR)   Coulomb (SR)      Potential
    1.48567e+05    5.37223e+04   -5.85723e+06   -2.98472e+04   -5.68478e+06
    Kinetic En.   Total Energy    Temperature Pressure (bar)
    9.67326e+05   -4.71746e+06    3.12629e+02   -1.70143e+00

Writing checkpoint, step 18903860 at Mon Sep 25 07:36:00 2023


Writing checkpoint, step 19122050 at Mon Sep 25 07:51:00 2023


DD  step 19199999 load imb.: force 13.0%

           Step           Time
       19200000   480000.00000

   Energies (kJ/mol)
           Bond       G96Angle        LJ (SR)   Coulomb (SR)      Potential
    1.48100e+05    5.29780e+04   -5.85712e+06   -2.93084e+04   -5.68535e+06
    Kinetic En.   Total Energy    Temperature Pressure (bar)
    9.67839e+05   -4.71751e+06    3.12795e+02   -3.00717e+00

Writing checkpoint, step 19344730 at Mon Sep 25 08:06:00 2023


Writing checkpoint, step 19560200 at Mon Sep 25 08:21:00 2023


DD  step 19599999 load imb.: force 11.5%

           Step           Time
       19600000   490000.00000

   Energies (kJ/mol)
           Bond       G96Angle        LJ (SR)   Coulomb (SR)      Potential
    1.47718e+05    5.38074e+04   -5.85759e+06   -2.92526e+04   -5.68532e+06
    Kinetic En.   Total Energy    Temperature Pressure (bar)
    9.65129e+05   -4.72019e+06    3.11919e+02   -2.57383e+00

Writing checkpoint, step 19778470 at Mon Sep 25 08:36:00 2023


DD  step 19999999 load imb.: force 10.8%

           Step           Time
       20000000   500000.00000

   Energies (kJ/mol)
           Bond       G96Angle        LJ (SR)   Coulomb (SR)      Potential
    1.46296e+05    5.36153e+04   -5.85523e+06   -2.91960e+04   -5.68452e+06
    Kinetic En.   Total Energy    Temperature Pressure (bar)
    9.66214e+05   -4.71830e+06    3.12270e+02    9.16184e+00

Writing checkpoint, step 20003070 at Mon Sep 25 08:51:00 2023


Writing checkpoint, step 20219260 at Mon Sep 25 09:06:00 2023


DD  step 20399999 load imb.: force  8.8%

           Step           Time
       20400000   510000.00000

   Energies (kJ/mol)
           Bond       G96Angle        LJ (SR)   Coulomb (SR)      Potential
    1.47749e+05    5.38835e+04   -5.85582e+06   -2.97033e+04   -5.68390e+06
    Kinetic En.   Total Energy    Temperature Pressure (bar)
    9.64496e+05   -4.71940e+06    3.11714e+02    6.23361e-01

Writing checkpoint, step 20445310 at Mon Sep 25 09:21:00 2023


Writing checkpoint, step 20668040 at Mon Sep 25 09:36:00 2023


DD  step 20799999 load imb.: force 10.3%

           Step           Time
       20800000   520000.00000

   Energies (kJ/mol)
           Bond       G96Angle        LJ (SR)   Coulomb (SR)      Potential
    1.47372e+05    5.34663e+04   -5.85982e+06   -2.94122e+04   -5.68839e+06
    Kinetic En.   Total Energy    Temperature Pressure (bar)
    9.65127e+05   -4.72327e+06    3.11918e+02   -3.78029e+00

Writing checkpoint, step 20893070 at Mon Sep 25 09:51:00 2023


Writing checkpoint, step 21120080 at Mon Sep 25 10:06:00 2023


DD  step 21199999 load imb.: force  9.5%

           Step           Time
       21200000   530000.00000

   Energies (kJ/mol)
           Bond       G96Angle        LJ (SR)   Coulomb (SR)      Potential
    1.47630e+05    5.36511e+04   -5.85730e+06   -2.96026e+04   -5.68562e+06
    Kinetic En.   Total Energy    Temperature Pressure (bar)
    9.66091e+05   -4.71953e+06    3.12230e+02    3.10817e-01

Writing checkpoint, step 21348480 at Mon Sep 25 10:21:00 2023


Writing checkpoint, step 21575980 at Mon Sep 25 10:36:00 2023


DD  step 21599999 load imb.: force  9.8%

           Step           Time
       21600000   540000.00000

   Energies (kJ/mol)
           Bond       G96Angle        LJ (SR)   Coulomb (SR)      Potential
    1.47880e+05    5.34479e+04   -5.85593e+06   -2.93154e+04   -5.68392e+06
    Kinetic En.   Total Energy    Temperature Pressure (bar)
    9.68755e+05   -4.71516e+06    3.13091e+02    5.04343e+00

Writing checkpoint, step 21801860 at Mon Sep 25 10:51:00 2023


DD  step 21999999 load imb.: force  8.9%

           Step           Time
       22000000   550000.00000

   Energies (kJ/mol)
           Bond       G96Angle        LJ (SR)   Coulomb (SR)      Potential
    1.46567e+05    5.42805e+04   -5.85774e+06   -2.95261e+04   -5.68642e+06
    Kinetic En.   Total Energy    Temperature Pressure (bar)
    9.63022e+05   -4.72340e+06    3.11238e+02   -1.71735e+00

Writing checkpoint, step 22029580 at Mon Sep 25 11:06:00 2023


Writing checkpoint, step 22257960 at Mon Sep 25 11:21:00 2023


DD  step 22399999 load imb.: force  9.7%

           Step           Time
       22400000   560000.00000

   Energies (kJ/mol)
           Bond       G96Angle        LJ (SR)   Coulomb (SR)      Potential
    1.47427e+05    5.31574e+04   -5.85795e+06   -2.90247e+04   -5.68639e+06
    Kinetic En.   Total Energy    Temperature Pressure (bar)
    9.65872e+05   -4.72052e+06    3.12159e+02   -1.98923e+00

Writing checkpoint, step 22486290 at Mon Sep 25 11:36:00 2023


Writing checkpoint, step 22709170 at Mon Sep 25 11:51:00 2023


DD  step 22799999 load imb.: force  8.2%

           Step           Time
       22800000   570000.00000

   Energies (kJ/mol)
           Bond       G96Angle        LJ (SR)   Coulomb (SR)      Potential
    1.47365e+05    5.34832e+04   -5.85388e+06   -2.94603e+04   -5.68249e+06
    Kinetic En.   Total Energy    Temperature Pressure (bar)
    9.66336e+05   -4.71616e+06    3.12309e+02    4.10191e+00

Writing checkpoint, step 22929820 at Mon Sep 25 12:06:00 2023


Writing checkpoint, step 23156980 at Mon Sep 25 12:21:00 2023


DD  step 23199999 load imb.: force  9.7%

           Step           Time
       23200000   580000.00000

   Energies (kJ/mol)
           Bond       G96Angle        LJ (SR)   Coulomb (SR)      Potential
    1.47620e+05    5.32436e+04   -5.85743e+06   -2.96043e+04   -5.68617e+06
    Kinetic En.   Total Energy    Temperature Pressure (bar)
    9.64232e+05   -4.72194e+06    3.11629e+02    3.84077e+00

Writing checkpoint, step 23378800 at Mon Sep 25 12:36:00 2023


Writing checkpoint, step 23593880 at Mon Sep 25 12:51:00 2023


DD  step 23599999 load imb.: force 11.4%

           Step           Time
       23600000   590000.00000

   Energies (kJ/mol)
           Bond       G96Angle        LJ (SR)   Coulomb (SR)      Potential
    1.46907e+05    5.28871e+04   -5.85714e+06   -2.93228e+04   -5.68666e+06
    Kinetic En.   Total Energy    Temperature Pressure (bar)
    9.65541e+05   -4.72112e+06    3.12052e+02   -3.02252e+00

Writing checkpoint, step 23815120 at Mon Sep 25 13:06:00 2023


DD  step 23999999 load imb.: force 11.9%

           Step           Time
       24000000   600000.00000

   Energies (kJ/mol)
           Bond       G96Angle        LJ (SR)   Coulomb (SR)      Potential
    1.47579e+05    5.39960e+04   -5.85574e+06   -2.97040e+04   -5.68387e+06
    Kinetic En.   Total Energy    Temperature Pressure (bar)
    9.66373e+05   -4.71750e+06    3.12321e+02    1.17051e+01

Writing checkpoint, step 24039180 at Mon Sep 25 13:21:00 2023


Writing checkpoint, step 24261280 at Mon Sep 25 13:36:00 2023


DD  step 24399999 load imb.: force  9.6%

           Step           Time
       24400000   610000.00000

   Energies (kJ/mol)
           Bond       G96Angle        LJ (SR)   Coulomb (SR)      Potential
    1.46495e+05    5.34635e+04   -5.85435e+06   -2.95464e+04   -5.68394e+06
    Kinetic En.   Total Energy    Temperature Pressure (bar)
    9.63183e+05   -4.72075e+06    3.11290e+02    1.80956e+00

Writing checkpoint, step 24474340 at Mon Sep 25 13:51:00 2023


Writing checkpoint, step 24699490 at Mon Sep 25 14:06:00 2023


DD  step 24799999 load imb.: force  8.1%

           Step           Time
       24800000   620000.00000

   Energies (kJ/mol)
           Bond       G96Angle        LJ (SR)   Coulomb (SR)      Potential
    1.46751e+05    5.39248e+04   -5.85775e+06   -2.93297e+04   -5.68641e+06
    Kinetic En.   Total Energy    Temperature Pressure (bar)
    9.67349e+05   -4.71906e+06    3.12636e+02    2.51399e+00

Writing checkpoint, step 24922440 at Mon Sep 25 14:21:00 2023


Writing checkpoint, step 25148690 at Mon Sep 25 14:36:00 2023


DD  step 25199999 load imb.: force 10.9%

           Step           Time
       25200000   630000.00000

   Energies (kJ/mol)
           Bond       G96Angle        LJ (SR)   Coulomb (SR)      Potential
    1.48129e+05    5.33938e+04   -5.85654e+06   -2.92177e+04   -5.68424e+06
    Kinetic En.   Total Energy    Temperature Pressure (bar)
    9.68072e+05   -4.71617e+06    3.12870e+02    1.91333e+00

Writing checkpoint, step 25364290 at Mon Sep 25 14:51:00 2023


Writing checkpoint, step 25586620 at Mon Sep 25 15:06:00 2023


DD  step 25599999 load imb.: force 12.5%

           Step           Time
       25600000   640000.00000

   Energies (kJ/mol)
           Bond       G96Angle        LJ (SR)   Coulomb (SR)      Potential
    1.47968e+05    5.39768e+04   -5.85421e+06   -2.97592e+04   -5.68202e+06
    Kinetic En.   Total Energy    Temperature Pressure (bar)
    9.71405e+05   -4.71062e+06    3.13948e+02    6.63820e+00

Writing checkpoint, step 25797740 at Mon Sep 25 15:21:00 2023


DD  step 25999999 load imb.: force 12.3%

           Step           Time
       26000000   650000.00000

   Energies (kJ/mol)
           Bond       G96Angle        LJ (SR)   Coulomb (SR)      Potential
    1.45999e+05    5.27782e+04   -5.86139e+06   -2.93834e+04   -5.69200e+06
    Kinetic En.   Total Energy    Temperature Pressure (bar)
    9.60548e+05   -4.73145e+06    3.10439e+02   -1.13513e+01

Writing checkpoint, step 26016530 at Mon Sep 25 15:36:00 2023


Writing checkpoint, step 26240660 at Mon Sep 25 15:51:00 2023


DD  step 26399999 load imb.: force 11.4%

           Step           Time
       26400000   660000.00000

   Energies (kJ/mol)
           Bond       G96Angle        LJ (SR)   Coulomb (SR)      Potential
    1.47029e+05    5.37391e+04   -5.85380e+06   -2.94133e+04   -5.68244e+06
    Kinetic En.   Total Energy    Temperature Pressure (bar)
    9.65743e+05   -4.71670e+06    3.12117e+02    9.87607e+00

Writing checkpoint, step 26465430 at Mon Sep 25 16:06:00 2023


Writing checkpoint, step 26689330 at Mon Sep 25 16:21:00 2023


DD  step 26799999 load imb.: force  9.7%

           Step           Time
       26800000   670000.00000

   Energies (kJ/mol)
           Bond       G96Angle        LJ (SR)   Coulomb (SR)      Potential
    1.47745e+05    5.26786e+04   -5.85862e+06   -2.92151e+04   -5.68741e+06
    Kinetic En.   Total Energy    Temperature Pressure (bar)
    9.64861e+05   -4.72255e+06    3.11833e+02   -6.53394e+00

Writing checkpoint, step 26915380 at Mon Sep 25 16:36:00 2023


Writing checkpoint, step 27131300 at Mon Sep 25 16:51:00 2023


DD  step 27199999 load imb.: force  9.3%

           Step           Time
       27200000   680000.00000

   Energies (kJ/mol)
           Bond       G96Angle        LJ (SR)   Coulomb (SR)      Potential
    1.47432e+05    5.32622e+04   -5.85654e+06   -2.86008e+04   -5.68444e+06
    Kinetic En.   Total Energy    Temperature Pressure (bar)
    9.64194e+05   -4.72025e+06    3.11617e+02   -4.09426e-01

Writing checkpoint, step 27357520 at Mon Sep 25 17:06:00 2023


Writing checkpoint, step 27586480 at Mon Sep 25 17:21:00 2023


DD  step 27599999 load imb.: force 10.0%

           Step           Time
       27600000   690000.00000

   Energies (kJ/mol)
           Bond       G96Angle        LJ (SR)   Coulomb (SR)      Potential
    1.49910e+05    5.34530e+04   -5.85656e+06   -2.93719e+04   -5.68257e+06
    Kinetic En.   Total Energy    Temperature Pressure (bar)
    9.64557e+05   -4.71801e+06    3.11734e+02    2.63324e+00

Writing checkpoint, step 27811950 at Mon Sep 25 17:36:00 2023


DD  step 27999999 load imb.: force 12.3%

           Step           Time
       28000000   700000.00000

   Energies (kJ/mol)
           Bond       G96Angle        LJ (SR)   Coulomb (SR)      Potential
    1.47933e+05    5.36145e+04   -5.85367e+06   -3.00209e+04   -5.68214e+06
    Kinetic En.   Total Energy    Temperature Pressure (bar)
    9.68209e+05   -4.71393e+06    3.12914e+02    8.99100e+00

Writing checkpoint, step 28038950 at Mon Sep 25 17:51:00 2023


Writing checkpoint, step 28264480 at Mon Sep 25 18:06:00 2023


DD  step 28399999 load imb.: force  9.0%

           Step           Time
       28400000   710000.00000

   Energies (kJ/mol)
           Bond       G96Angle        LJ (SR)   Coulomb (SR)      Potential
    1.47019e+05    5.30786e+04   -5.85519e+06   -2.96435e+04   -5.68474e+06
    Kinetic En.   Total Energy    Temperature Pressure (bar)
    9.69158e+05   -4.71558e+06    3.13221e+02   -1.08580e+00

Writing checkpoint, step 28491500 at Mon Sep 25 18:21:00 2023


Writing checkpoint, step 28715840 at Mon Sep 25 18:36:00 2023


DD  step 28799999 load imb.: force  7.9%

           Step           Time
       28800000   720000.00000

   Energies (kJ/mol)
           Bond       G96Angle        LJ (SR)   Coulomb (SR)      Potential
    1.47308e+05    5.37703e+04   -5.85598e+06   -2.92167e+04   -5.68411e+06
    Kinetic En.   Total Energy    Temperature Pressure (bar)
    9.67233e+05   -4.71688e+06    3.12599e+02   -1.19062e+00

Writing checkpoint, step 28941870 at Mon Sep 25 18:51:00 2023


Writing checkpoint, step 29164460 at Mon Sep 25 19:06:00 2023


DD  step 29199999 load imb.: force  9.9%

           Step           Time
       29200000   730000.00000

   Energies (kJ/mol)
           Bond       G96Angle        LJ (SR)   Coulomb (SR)      Potential
    1.47211e+05    5.35303e+04   -5.85572e+06   -2.93398e+04   -5.68432e+06
    Kinetic En.   Total Energy    Temperature Pressure (bar)
    9.64699e+05   -4.71962e+06    3.11780e+02   -2.43373e+00

Writing checkpoint, step 29387060 at Mon Sep 25 19:21:00 2023


DD  step 29599999 load imb.: force 11.7%

           Step           Time
       29600000   740000.00000

   Energies (kJ/mol)
           Bond       G96Angle        LJ (SR)   Coulomb (SR)      Potential
    1.46775e+05    5.33178e+04   -5.85667e+06   -2.95363e+04   -5.68612e+06
    Kinetic En.   Total Energy    Temperature Pressure (bar)
    9.66646e+05   -4.71947e+06    3.12409e+02   -3.44916e+00

Writing checkpoint, step 29604130 at Mon Sep 25 19:36:00 2023


Writing checkpoint, step 29826220 at Mon Sep 25 19:51:00 2023


DD  step 29999999 load imb.: force  9.7%

           Step           Time
       30000000   750000.00000

   Energies (kJ/mol)
           Bond       G96Angle        LJ (SR)   Coulomb (SR)      Potential
    1.47628e+05    5.39160e+04   -5.85493e+06   -2.91315e+04   -5.68252e+06
    Kinetic En.   Total Energy    Temperature Pressure (bar)
    9.65673e+05   -4.71685e+06    3.12095e+02   -5.32610e-01

Writing checkpoint, step 30032360 at Mon Sep 25 20:06:00 2023


Writing checkpoint, step 30257290 at Mon Sep 25 20:21:00 2023


DD  step 30399999 load imb.: force 11.2%

           Step           Time
       30400000   760000.00000

   Energies (kJ/mol)
           Bond       G96Angle        LJ (SR)   Coulomb (SR)      Potential
    1.47286e+05    5.39607e+04   -5.85488e+06   -2.94051e+04   -5.68304e+06
    Kinetic En.   Total Energy    Temperature Pressure (bar)
    9.65373e+05   -4.71767e+06    3.11998e+02   -3.91936e+00

Writing checkpoint, step 30481950 at Mon Sep 25 20:36:00 2023


Writing checkpoint, step 30704430 at Mon Sep 25 20:51:00 2023


DD  step 30799999 load imb.: force 10.0%

           Step           Time
       30800000   770000.00000

   Energies (kJ/mol)
           Bond       G96Angle        LJ (SR)   Coulomb (SR)      Potential
    1.46930e+05    5.35651e+04   -5.85275e+06   -2.91717e+04   -5.68143e+06
    Kinetic En.   Total Energy    Temperature Pressure (bar)
    9.67017e+05   -4.71441e+06    3.12529e+02    5.31269e+00

Writing checkpoint, step 30927640 at Mon Sep 25 21:06:00 2023


Writing checkpoint, step 31142490 at Mon Sep 25 21:21:00 2023


DD  step 31199999 load imb.: force 12.7%

           Step           Time
       31200000   780000.00000

   Energies (kJ/mol)
           Bond       G96Angle        LJ (SR)   Coulomb (SR)      Potential
    1.46973e+05    5.31659e+04   -5.85473e+06   -2.96196e+04   -5.68421e+06
    Kinetic En.   Total Energy    Temperature Pressure (bar)
    9.68325e+05   -4.71589e+06    3.12952e+02    6.77188e+00

Writing checkpoint, step 31359550 at Mon Sep 25 21:36:00 2023


Writing checkpoint, step 31576080 at Mon Sep 25 21:51:00 2023


DD  step 31599999 load imb.: force 11.7%

           Step           Time
       31600000   790000.00000

   Energies (kJ/mol)
           Bond       G96Angle        LJ (SR)   Coulomb (SR)      Potential
    1.46013e+05    5.37103e+04   -5.86142e+06   -2.93147e+04   -5.69101e+06
    Kinetic En.   Total Energy    Temperature Pressure (bar)
    9.63026e+05   -4.72798e+06    3.11240e+02   -1.11076e+01

Writing checkpoint, step 31794170 at Mon Sep 25 22:06:00 2023


DD  step 31999999 load imb.: force 13.3%

           Step           Time
       32000000   800000.00000

   Energies (kJ/mol)
           Bond       G96Angle        LJ (SR)   Coulomb (SR)      Potential
    1.47876e+05    5.31396e+04   -5.85738e+06   -2.93897e+04   -5.68576e+06
    Kinetic En.   Total Energy    Temperature Pressure (bar)
    9.65462e+05   -4.72029e+06    3.12027e+02   -4.86351e+00

Writing checkpoint, step 32017450 at Mon Sep 25 22:21:00 2023


Writing checkpoint, step 32241830 at Mon Sep 25 22:36:00 2023


DD  step 32399999 load imb.: force 12.4%

           Step           Time
       32400000   810000.00000

   Energies (kJ/mol)
           Bond       G96Angle        LJ (SR)   Coulomb (SR)      Potential
    1.47793e+05    5.31274e+04   -5.85819e+06   -2.99764e+04   -5.68725e+06
    Kinetic En.   Total Energy    Temperature Pressure (bar)
    9.66899e+05   -4.72035e+06    3.12491e+02    1.40140e+00

Writing checkpoint, step 32465340 at Mon Sep 25 22:51:00 2023


Writing checkpoint, step 32686330 at Mon Sep 25 23:06:00 2023


DD  step 32799999 load imb.: force 22.7%

           Step           Time
       32800000   820000.00000

   Energies (kJ/mol)
           Bond       G96Angle        LJ (SR)   Coulomb (SR)      Potential
    1.46864e+05    5.34849e+04   -5.85631e+06   -2.94677e+04   -5.68543e+06
    Kinetic En.   Total Energy    Temperature Pressure (bar)
    9.65397e+05   -4.72003e+06    3.12006e+02    4.42976e+00

Writing checkpoint, step 32908990 at Mon Sep 25 23:21:00 2023


Writing checkpoint, step 33131290 at Mon Sep 25 23:36:00 2023


DD  step 33199999 load imb.: force 11.5%

           Step           Time
       33200000   830000.00000

   Energies (kJ/mol)
           Bond       G96Angle        LJ (SR)   Coulomb (SR)      Potential
    1.47916e+05    5.34778e+04   -5.85503e+06   -2.99525e+04   -5.68359e+06
    Kinetic En.   Total Energy    Temperature Pressure (bar)
    9.66428e+05   -4.71716e+06    3.12339e+02    7.57801e+00

Writing checkpoint, step 33353470 at Mon Sep 25 23:51:00 2023


Writing checkpoint, step 33576170 at Tue Sep 26 00:06:00 2023


DD  step 33599999 load imb.: force 10.2%

           Step           Time
       33600000   840000.00000

   Energies (kJ/mol)
           Bond       G96Angle        LJ (SR)   Coulomb (SR)      Potential
    1.47060e+05    5.34291e+04   -5.85204e+06   -2.94053e+04   -5.68096e+06
    Kinetic En.   Total Energy    Temperature Pressure (bar)
    9.67282e+05   -4.71367e+06    3.12615e+02    1.32116e+01

Writing checkpoint, step 33791580 at Tue Sep 26 00:21:00 2023


DD  step 33999999 load imb.: force 15.7%

           Step           Time
       34000000   850000.00000

   Energies (kJ/mol)
           Bond       G96Angle        LJ (SR)   Coulomb (SR)      Potential
    1.47318e+05    5.34467e+04   -5.85776e+06   -2.92774e+04   -5.68627e+06
    Kinetic En.   Total Energy    Temperature Pressure (bar)
    9.68010e+05   -4.71826e+06    3.12850e+02    3.77713e+00

Writing checkpoint, step 34010470 at Tue Sep 26 00:36:00 2023


Writing checkpoint, step 34229240 at Tue Sep 26 00:51:00 2023


DD  step 34399999 load imb.: force 10.8%

           Step           Time
       34400000   860000.00000

   Energies (kJ/mol)
           Bond       G96Angle        LJ (SR)   Coulomb (SR)      Potential
    1.46580e+05    5.38870e+04   -5.85934e+06   -2.93417e+04   -5.68822e+06
    Kinetic En.   Total Energy    Temperature Pressure (bar)
    9.68422e+05   -4.71979e+06    3.12983e+02   -5.48438e-01

Writing checkpoint, step 34451930 at Tue Sep 26 01:06:00 2023


Writing checkpoint, step 34673900 at Tue Sep 26 01:21:00 2023


DD  step 34799999 load imb.: force 12.9%

           Step           Time
       34800000   870000.00000

   Energies (kJ/mol)
           Bond       G96Angle        LJ (SR)   Coulomb (SR)      Potential
    1.48888e+05    5.37550e+04   -5.85439e+06   -2.91983e+04   -5.68095e+06
    Kinetic En.   Total Energy    Temperature Pressure (bar)
    9.66417e+05   -4.71453e+06    3.12335e+02    3.65980e+00

Writing checkpoint, step 34888610 at Tue Sep 26 01:36:00 2023


Writing checkpoint, step 35109730 at Tue Sep 26 01:51:00 2023


DD  step 35199999 load imb.: force 12.4%

           Step           Time
       35200000   880000.00000

   Energies (kJ/mol)
           Bond       G96Angle        LJ (SR)   Coulomb (SR)      Potential
    1.47457e+05    5.33609e+04   -5.85787e+06   -2.94591e+04   -5.68651e+06
    Kinetic En.   Total Energy    Temperature Pressure (bar)
    9.65566e+05   -4.72094e+06    3.12060e+02   -9.34033e+00

Writing checkpoint, step 35324960 at Tue Sep 26 02:06:00 2023


Writing checkpoint, step 35546860 at Tue Sep 26 02:21:00 2023


DD  step 35599999 load imb.: force 14.1%

           Step           Time
       35600000   890000.00000

   Energies (kJ/mol)
           Bond       G96Angle        LJ (SR)   Coulomb (SR)      Potential
    1.47301e+05    5.40378e+04   -5.85658e+06   -2.94824e+04   -5.68472e+06
    Kinetic En.   Total Energy    Temperature Pressure (bar)
    9.70356e+05   -4.71437e+06    3.13608e+02    3.18614e+00

Writing checkpoint, step 35766310 at Tue Sep 26 02:36:00 2023


Writing checkpoint, step 35985280 at Tue Sep 26 02:51:00 2023


DD  step 35999999 load imb.: force 15.3%

           Step           Time
       36000000   900000.00000

   Energies (kJ/mol)
           Bond       G96Angle        LJ (SR)   Coulomb (SR)      Potential
    1.47238e+05    5.30778e+04   -5.85325e+06   -2.89726e+04   -5.68190e+06
    Kinetic En.   Total Energy    Temperature Pressure (bar)
    9.65373e+05   -4.71653e+06    3.11998e+02    4.15612e+00

Writing checkpoint, step 36202870 at Tue Sep 26 03:06:00 2023


DD  step 36399999 load imb.: force 11.7%

           Step           Time
       36400000   910000.00000

   Energies (kJ/mol)
           Bond       G96Angle        LJ (SR)   Coulomb (SR)      Potential
    1.47761e+05    5.33819e+04   -5.85662e+06   -2.92475e+04   -5.68472e+06
    Kinetic En.   Total Energy    Temperature Pressure (bar)
    9.66347e+05   -4.71837e+06    3.12313e+02   -3.22412e-01

Writing checkpoint, step 36425290 at Tue Sep 26 03:21:00 2023


Writing checkpoint, step 36650110 at Tue Sep 26 03:36:00 2023


DD  step 36799999 load imb.: force  9.5%

           Step           Time
       36800000   920000.00000

   Energies (kJ/mol)
           Bond       G96Angle        LJ (SR)   Coulomb (SR)      Potential
    1.48242e+05    5.35208e+04   -5.85550e+06   -2.91761e+04   -5.68292e+06
    Kinetic En.   Total Energy    Temperature Pressure (bar)
    9.64311e+05   -4.71861e+06    3.11655e+02    4.23547e+00

Writing checkpoint, step 36879230 at Tue Sep 26 03:51:00 2023


Writing checkpoint, step 37106840 at Tue Sep 26 04:06:00 2023


DD  step 37199999 load imb.: force  7.9%

           Step           Time
       37200000   930000.00000

   Energies (kJ/mol)
           Bond       G96Angle        LJ (SR)   Coulomb (SR)      Potential
    1.46043e+05    5.35324e+04   -5.85776e+06   -2.91434e+04   -5.68733e+06
    Kinetic En.   Total Energy    Temperature Pressure (bar)
    9.68768e+05   -4.71856e+06    3.13095e+02    3.97287e-01

Writing checkpoint, step 37334060 at Tue Sep 26 04:21:00 2023


Writing checkpoint, step 37557580 at Tue Sep 26 04:36:00 2023


DD  step 37599999 load imb.: force  8.0%

           Step           Time
       37600000   940000.00000

   Energies (kJ/mol)
           Bond       G96Angle        LJ (SR)   Coulomb (SR)      Potential
    1.48021e+05    5.37372e+04   -5.85336e+06   -2.92099e+04   -5.68081e+06
    Kinetic En.   Total Energy    Temperature Pressure (bar)
    9.66802e+05   -4.71401e+06    3.12460e+02    6.63394e+00

Writing checkpoint, step 37785470 at Tue Sep 26 04:51:00 2023


DD  step 37999999 load imb.: force 11.0%

           Step           Time
       38000000   950000.00000

   Energies (kJ/mol)
           Bond       G96Angle        LJ (SR)   Coulomb (SR)      Potential
    1.47738e+05    5.29149e+04   -5.85646e+06   -2.91496e+04   -5.68496e+06
    Kinetic En.   Total Energy    Temperature Pressure (bar)
    9.67156e+05   -4.71780e+06    3.12574e+02    6.33342e+00

Writing checkpoint, step 38010110 at Tue Sep 26 05:06:00 2023


Writing checkpoint, step 38232120 at Tue Sep 26 05:21:00 2023


DD  step 38399999 load imb.: force 11.1%

           Step           Time
       38400000   960000.00000

   Energies (kJ/mol)
           Bond       G96Angle        LJ (SR)   Coulomb (SR)      Potential
    1.47941e+05    5.31486e+04   -5.85735e+06   -2.91043e+04   -5.68537e+06
    Kinetic En.   Total Energy    Temperature Pressure (bar)
    9.62577e+05   -4.72279e+06    3.11094e+02   -3.76790e+00

Writing checkpoint, step 38453860 at Tue Sep 26 05:36:00 2023


Writing checkpoint, step 38678070 at Tue Sep 26 05:51:00 2023


DD  step 38799999 load imb.: force  9.7%

           Step           Time
       38800000   970000.00000

   Energies (kJ/mol)
           Bond       G96Angle        LJ (SR)   Coulomb (SR)      Potential
    1.48543e+05    5.39913e+04   -5.85284e+06   -2.91990e+04   -5.67951e+06
    Kinetic En.   Total Energy    Temperature Pressure (bar)
    9.67879e+05   -4.71163e+06    3.12808e+02   -1.06460e+00

Writing checkpoint, step 38895470 at Tue Sep 26 06:06:00 2023


Writing checkpoint, step 39107540 at Tue Sep 26 06:21:00 2023


DD  step 39199999 load imb.: force 12.4%

           Step           Time
       39200000   980000.00000

   Energies (kJ/mol)
           Bond       G96Angle        LJ (SR)   Coulomb (SR)      Potential
    1.46434e+05    5.32785e+04   -5.85986e+06   -2.92412e+04   -5.68938e+06
    Kinetic En.   Total Energy    Temperature Pressure (bar)
    9.68003e+05   -4.72138e+06    3.12848e+02   -7.68594e+00

Writing checkpoint, step 39328230 at Tue Sep 26 06:36:00 2023


Writing checkpoint, step 39539920 at Tue Sep 26 06:51:00 2023


DD  step 39599999 load imb.: force 11.6%

           Step           Time
       39600000   990000.00000

   Energies (kJ/mol)
           Bond       G96Angle        LJ (SR)   Coulomb (SR)      Potential
    1.46908e+05    5.41230e+04   -5.85671e+06   -2.97157e+04   -5.68539e+06
    Kinetic En.   Total Energy    Temperature Pressure (bar)
    9.67346e+05   -4.71805e+06    3.12635e+02   -1.47650e+00

Writing checkpoint, step 39760150 at Tue Sep 26 07:06:00 2023


Writing checkpoint, step 39981930 at Tue Sep 26 07:21:00 2023


DD  step 39999999 load imb.: force 11.0%

           Step           Time
       40000000   1000000.00000

   Energies (kJ/mol)
           Bond       G96Angle        LJ (SR)   Coulomb (SR)      Potential
    1.46075e+05    5.34730e+04   -5.85781e+06   -2.95259e+04   -5.68779e+06
    Kinetic En.   Total Energy    Temperature Pressure (bar)
    9.67586e+05   -4.72021e+06    3.12713e+02   -2.18949e+00

Writing checkpoint, step 40206500 at Tue Sep 26 07:36:00 2023


DD  step 40399999 load imb.: force 10.0%

           Step           Time
       40400000   1010000.00000

   Energies (kJ/mol)
           Bond       G96Angle        LJ (SR)   Coulomb (SR)      Potential
    1.47149e+05    5.33112e+04   -5.85387e+06   -2.96610e+04   -5.68307e+06
    Kinetic En.   Total Energy    Temperature Pressure (bar)
    9.66087e+05   -4.71698e+06    3.12229e+02   -1.17978e+00

Writing checkpoint, step 40424310 at Tue Sep 26 07:51:00 2023


Writing checkpoint, step 40647120 at Tue Sep 26 08:06:00 2023


DD  step 40799999 load imb.: force  8.6%

           Step           Time
       40800000   1020000.00000

   Energies (kJ/mol)
           Bond       G96Angle        LJ (SR)   Coulomb (SR)      Potential
    1.46952e+05    5.32327e+04   -5.85058e+06   -2.98048e+04   -5.68020e+06
    Kinetic En.   Total Energy    Temperature Pressure (bar)
    9.67398e+05   -4.71280e+06    3.12653e+02    2.07191e+01

Writing checkpoint, step 40873510 at Tue Sep 26 08:21:00 2023


Writing checkpoint, step 41096630 at Tue Sep 26 08:36:00 2023


DD  step 41199999 load imb.: force  9.7%

           Step           Time
       41200000   1030000.00000

   Energies (kJ/mol)
           Bond       G96Angle        LJ (SR)   Coulomb (SR)      Potential
    1.47723e+05    5.40870e+04   -5.85462e+06   -2.93429e+04   -5.68215e+06
    Kinetic En.   Total Energy    Temperature Pressure (bar)
    9.65370e+05   -4.71678e+06    3.11997e+02    4.90936e+00

Writing checkpoint, step 41303140 at Tue Sep 26 08:51:00 2023


Writing checkpoint, step 41527430 at Tue Sep 26 09:06:00 2023


DD  step 41599999 load imb.: force 11.0%

           Step           Time
       41600000   1040000.00000

   Energies (kJ/mol)
           Bond       G96Angle        LJ (SR)   Coulomb (SR)      Potential
    1.48562e+05    5.31102e+04   -5.85824e+06   -2.88748e+04   -5.68544e+06
    Kinetic En.   Total Energy    Temperature Pressure (bar)
    9.64453e+05   -4.72099e+06    3.11701e+02    7.15590e+00

Writing checkpoint, step 41750900 at Tue Sep 26 09:21:00 2023


Writing checkpoint, step 41976490 at Tue Sep 26 09:36:00 2023


DD  step 41999999 load imb.: force 10.3%

           Step           Time
       42000000   1050000.00000

   Energies (kJ/mol)
           Bond       G96Angle        LJ (SR)   Coulomb (SR)      Potential
    1.47322e+05    5.35962e+04   -5.85778e+06   -2.94926e+04   -5.68635e+06
    Kinetic En.   Total Energy    Temperature Pressure (bar)
    9.65089e+05   -4.72126e+06    3.11906e+02   -1.40401e+00

Writing checkpoint, step 42202220 at Tue Sep 26 09:51:00 2023


DD  step 42399999 load imb.: force 12.2%

           Step           Time
       42400000   1060000.00000

   Energies (kJ/mol)
           Bond       G96Angle        LJ (SR)   Coulomb (SR)      Potential
    1.48698e+05    5.30418e+04   -5.85678e+06   -2.93957e+04   -5.68444e+06
    Kinetic En.   Total Energy    Temperature Pressure (bar)
    9.66562e+05   -4.71788e+06    3.12382e+02    4.51435e+00

Writing checkpoint, step 42426650 at Tue Sep 26 10:06:00 2023


Writing checkpoint, step 42644600 at Tue Sep 26 10:21:00 2023


DD  step 42799999 load imb.: force 11.7%

           Step           Time
       42800000   1070000.00000

   Energies (kJ/mol)
           Bond       G96Angle        LJ (SR)   Coulomb (SR)      Potential
    1.47585e+05    5.39320e+04   -5.85595e+06   -2.98062e+04   -5.68424e+06
    Kinetic En.   Total Energy    Temperature Pressure (bar)
    9.70133e+05   -4.71410e+06    3.13536e+02    1.22509e+00

Writing checkpoint, step 42866260 at Tue Sep 26 10:36:00 2023


Writing checkpoint, step 43082200 at Tue Sep 26 10:51:00 2023


DD  step 43199999 load imb.: force 11.7%

           Step           Time
       43200000   1080000.00000

   Energies (kJ/mol)
           Bond       G96Angle        LJ (SR)   Coulomb (SR)      Potential
    1.47326e+05    5.38958e+04   -5.85121e+06   -2.93671e+04   -5.67936e+06
    Kinetic En.   Total Energy    Temperature Pressure (bar)
    9.66205e+05   -4.71316e+06    3.12267e+02    2.33461e+00

Writing checkpoint, step 43303140 at Tue Sep 26 11:06:00 2023


Writing checkpoint, step 43523950 at Tue Sep 26 11:21:00 2023


DD  step 43599999 load imb.: force 12.9%

           Step           Time
       43600000   1090000.00000

   Energies (kJ/mol)
           Bond       G96Angle        LJ (SR)   Coulomb (SR)      Potential
    1.48319e+05    5.30624e+04   -5.85559e+06   -2.92506e+04   -5.68346e+06
    Kinetic En.   Total Energy    Temperature Pressure (bar)
    9.68818e+05   -4.71464e+06    3.13111e+02   -1.85810e+00

Writing checkpoint, step 43745430 at Tue Sep 26 11:36:00 2023


Writing checkpoint, step 43969510 at Tue Sep 26 11:51:00 2023


DD  step 43999999 load imb.: force 12.0%

           Step           Time
       44000000   1100000.00000

   Energies (kJ/mol)
           Bond       G96Angle        LJ (SR)   Coulomb (SR)      Potential
    1.47542e+05    5.32922e+04   -5.85701e+06   -2.95533e+04   -5.68573e+06
    Kinetic En.   Total Energy    Temperature Pressure (bar)
    9.68904e+05   -4.71682e+06    3.13139e+02    7.35814e+00

Writing checkpoint, step 44191900 at Tue Sep 26 12:06:00 2023


DD  step 44399999 load imb.: force 10.6%

           Step           Time
       44400000   1110000.00000

   Energies (kJ/mol)
           Bond       G96Angle        LJ (SR)   Coulomb (SR)      Potential
    1.49114e+05    5.33896e+04   -5.85542e+06   -3.00409e+04   -5.68296e+06
    Kinetic En.   Total Energy    Temperature Pressure (bar)
    9.68962e+05   -4.71400e+06    3.13158e+02    7.13922e-01

Writing checkpoint, step 44415750 at Tue Sep 26 12:21:00 2023


Writing checkpoint, step 44643050 at Tue Sep 26 12:36:00 2023


DD  step 44799999 load imb.: force  8.8%

           Step           Time
       44800000   1120000.00000

   Energies (kJ/mol)
           Bond       G96Angle        LJ (SR)   Coulomb (SR)      Potential
    1.47357e+05    5.34695e+04   -5.85384e+06   -2.92168e+04   -5.68223e+06
    Kinetic En.   Total Energy    Temperature Pressure (bar)
    9.67396e+05   -4.71483e+06    3.12652e+02   -8.08250e-01

Writing checkpoint, step 44869890 at Tue Sep 26 12:51:00 2023


Writing checkpoint, step 45097090 at Tue Sep 26 13:06:00 2023


DD  step 45199999 load imb.: force 10.5%

           Step           Time
       45200000   1130000.00000

   Energies (kJ/mol)
           Bond       G96Angle        LJ (SR)   Coulomb (SR)      Potential
    1.47187e+05    5.35990e+04   -5.85405e+06   -2.90048e+04   -5.68227e+06
    Kinetic En.   Total Energy    Temperature Pressure (bar)
    9.69479e+05   -4.71279e+06    3.13325e+02    5.87747e+00

Writing checkpoint, step 45322900 at Tue Sep 26 13:21:00 2023


Writing checkpoint, step 45547590 at Tue Sep 26 13:36:00 2023


DD  step 45599999 load imb.: force 11.6%

           Step           Time
       45600000   1140000.00000

   Energies (kJ/mol)
           Bond       G96Angle        LJ (SR)   Coulomb (SR)      Potential
    1.46944e+05    5.52079e+04   -5.85083e+06   -2.95104e+04   -5.67819e+06
    Kinetic En.   Total Energy    Temperature Pressure (bar)
    9.71716e+05   -4.70647e+06    3.14048e+02    1.88570e+01

Writing checkpoint, step 45769510 at Tue Sep 26 13:51:00 2023


Writing checkpoint, step 45995630 at Tue Sep 26 14:06:00 2023


DD  step 45999999 load imb.: force  8.6%

           Step           Time
       46000000   1150000.00000

   Energies (kJ/mol)
           Bond       G96Angle        LJ (SR)   Coulomb (SR)      Potential
    1.47131e+05    5.37758e+04   -5.85753e+06   -2.96786e+04   -5.68630e+06
    Kinetic En.   Total Energy    Temperature Pressure (bar)
    9.67246e+05   -4.71905e+06    3.12603e+02   -2.43856e+00

Writing checkpoint, step 46222890 at Tue Sep 26 14:21:00 2023


DD  step 46399999 load imb.: force 10.8%

           Step           Time
       46400000   1160000.00000

   Energies (kJ/mol)
           Bond       G96Angle        LJ (SR)   Coulomb (SR)      Potential
    1.48354e+05    5.44745e+04   -5.85674e+06   -2.91318e+04   -5.68304e+06
    Kinetic En.   Total Energy    Temperature Pressure (bar)
    9.66794e+05   -4.71625e+06    3.12457e+02   -4.80558e+00

Writing checkpoint, step 46451070 at Tue Sep 26 14:36:00 2023


Writing checkpoint, step 46675570 at Tue Sep 26 14:51:00 2023


DD  step 46799999 load imb.: force  7.7%

           Step           Time
       46800000   1170000.00000

   Energies (kJ/mol)
           Bond       G96Angle        LJ (SR)   Coulomb (SR)      Potential
    1.47503e+05    5.32025e+04   -5.85969e+06   -2.97175e+04   -5.68870e+06
    Kinetic En.   Total Energy    Temperature Pressure (bar)
    9.65418e+05   -4.72328e+06    3.12013e+02   -3.89819e+00

Writing checkpoint, step 46896020 at Tue Sep 26 15:06:00 2023


Writing checkpoint, step 47124240 at Tue Sep 26 15:21:00 2023


DD  step 47199999 load imb.: force  9.6%

           Step           Time
       47200000   1180000.00000

   Energies (kJ/mol)
           Bond       G96Angle        LJ (SR)   Coulomb (SR)      Potential
    1.46272e+05    5.36347e+04   -5.85784e+06   -2.97078e+04   -5.68764e+06
    Kinetic En.   Total Energy    Temperature Pressure (bar)
    9.65510e+05   -4.72213e+06    3.12042e+02   -6.75009e-01

Writing checkpoint, step 47351160 at Tue Sep 26 15:36:00 2023


Writing checkpoint, step 47574580 at Tue Sep 26 15:51:00 2023


DD  step 47599999 load imb.: force 10.6%

           Step           Time
       47600000   1190000.00000

   Energies (kJ/mol)
           Bond       G96Angle        LJ (SR)   Coulomb (SR)      Potential
    1.47032e+05    5.33208e+04   -5.85221e+06   -2.95486e+04   -5.68141e+06
    Kinetic En.   Total Energy    Temperature Pressure (bar)
    9.66156e+05   -4.71525e+06    3.12251e+02    7.56146e+00

Writing checkpoint, step 47800620 at Tue Sep 26 16:06:00 2023


DD  step 47999999 load imb.: force  8.6%

           Step           Time
       48000000   1200000.00000

   Energies (kJ/mol)
           Bond       G96Angle        LJ (SR)   Coulomb (SR)      Potential
    1.47574e+05    5.33936e+04   -5.85236e+06   -2.92426e+04   -5.68063e+06
    Kinetic En.   Total Energy    Temperature Pressure (bar)
    9.65568e+05   -4.71506e+06    3.12061e+02    5.76012e+00

Writing checkpoint, step 48026730 at Tue Sep 26 16:21:00 2023


Writing checkpoint, step 48255330 at Tue Sep 26 16:36:00 2023


DD  step 48399999 load imb.: force 10.3%

           Step           Time
       48400000   1210000.00000

   Energies (kJ/mol)
           Bond       G96Angle        LJ (SR)   Coulomb (SR)      Potential
    1.46238e+05    5.33175e+04   -5.86074e+06   -2.96367e+04   -5.69083e+06
    Kinetic En.   Total Energy    Temperature Pressure (bar)
    9.66579e+05   -4.72425e+06    3.12388e+02   -5.07338e+00

Writing checkpoint, step 48484700 at Tue Sep 26 16:51:00 2023


Writing checkpoint, step 48710260 at Tue Sep 26 17:06:00 2023


DD  step 48799999 load imb.: force  7.9%

           Step           Time
       48800000   1220000.00000

   Energies (kJ/mol)
           Bond       G96Angle        LJ (SR)   Coulomb (SR)      Potential
    1.47656e+05    5.40587e+04   -5.85570e+06   -2.92585e+04   -5.68324e+06
    Kinetic En.   Total Energy    Temperature Pressure (bar)
    9.68303e+05   -4.71494e+06    3.12945e+02    7.31307e+00

Writing checkpoint, step 48935840 at Tue Sep 26 17:21:00 2023


Writing checkpoint, step 49162700 at Tue Sep 26 17:36:00 2023


DD  step 49199999 load imb.: force 11.5%

           Step           Time
       49200000   1230000.00000

   Energies (kJ/mol)
           Bond       G96Angle        LJ (SR)   Coulomb (SR)      Potential
    1.47889e+05    5.36519e+04   -5.85651e+06   -2.97117e+04   -5.68469e+06
    Kinetic En.   Total Energy    Temperature Pressure (bar)
    9.66326e+05   -4.71836e+06    3.12306e+02    1.43806e+00

Writing checkpoint, step 49385460 at Tue Sep 26 17:51:00 2023


DD  step 49599999 load imb.: force 10.5%

           Step           Time
       49600000   1240000.00000

   Energies (kJ/mol)
           Bond       G96Angle        LJ (SR)   Coulomb (SR)      Potential
    1.48620e+05    5.36515e+04   -5.85415e+06   -2.97286e+04   -5.68161e+06
    Kinetic En.   Total Energy    Temperature Pressure (bar)
    9.69084e+05   -4.71252e+06    3.13197e+02    7.15915e+00

Writing checkpoint, step 49610560 at Tue Sep 26 18:06:00 2023


Writing checkpoint, step 49835470 at Tue Sep 26 18:21:00 2023


DD  step 49999999 load imb.: force  8.8%

           Step           Time
       50000000   1250000.00000

   Energies (kJ/mol)
           Bond       G96Angle        LJ (SR)   Coulomb (SR)      Potential
    1.46889e+05    5.41284e+04   -5.85550e+06   -2.93359e+04   -5.68381e+06
    Kinetic En.   Total Energy    Temperature Pressure (bar)
    9.64564e+05   -4.71925e+06    3.11736e+02    8.76620e-01

Writing checkpoint, step 50057120 at Tue Sep 26 18:36:00 2023


Writing checkpoint, step 50283130 at Tue Sep 26 18:51:00 2023


DD  step 50399999 load imb.: force  9.6%

           Step           Time
       50400000   1260000.00000

   Energies (kJ/mol)
           Bond       G96Angle        LJ (SR)   Coulomb (SR)      Potential
    1.47572e+05    5.40365e+04   -5.85538e+06   -2.93784e+04   -5.68315e+06
    Kinetic En.   Total Energy    Temperature Pressure (bar)
    9.69505e+05   -4.71365e+06    3.13333e+02    2.09202e+00

Writing checkpoint, step 50487780 at Tue Sep 26 19:06:00 2023


Writing checkpoint, step 50715270 at Tue Sep 26 19:21:00 2023


DD  step 50799999 load imb.: force  8.5%

           Step           Time
       50800000   1270000.00000

   Energies (kJ/mol)
           Bond       G96Angle        LJ (SR)   Coulomb (SR)      Potential
    1.47648e+05    5.34460e+04   -5.85731e+06   -2.90579e+04   -5.68527e+06
    Kinetic En.   Total Energy    Temperature Pressure (bar)
    9.67451e+05   -4.71782e+06    3.12670e+02   -2.00658e+00

Writing checkpoint, step 50936630 at Tue Sep 26 19:36:00 2023


Writing checkpoint, step 51164070 at Tue Sep 26 19:51:00 2023


DD  step 51199999 load imb.: force  9.7%

           Step           Time
       51200000   1280000.00000

   Energies (kJ/mol)
           Bond       G96Angle        LJ (SR)   Coulomb (SR)      Potential
    1.45850e+05    5.36178e+04   -5.85345e+06   -2.95223e+04   -5.68351e+06
    Kinetic En.   Total Energy    Temperature Pressure (bar)
    9.68563e+05   -4.71494e+06    3.13029e+02    5.44667e+00

Writing checkpoint, step 51392880 at Tue Sep 26 20:06:00 2023


DD  step 51599999 load imb.: force  9.0%

           Step           Time
       51600000   1290000.00000

   Energies (kJ/mol)
           Bond       G96Angle        LJ (SR)   Coulomb (SR)      Potential
    1.47860e+05    5.33800e+04   -5.85431e+06   -2.94367e+04   -5.68250e+06
    Kinetic En.   Total Energy    Temperature Pressure (bar)
    9.66784e+05   -4.71572e+06    3.12454e+02   -2.50990e+00

Writing checkpoint, step 51621980 at Tue Sep 26 20:21:00 2023


Writing checkpoint, step 51849510 at Tue Sep 26 20:36:00 2023


DD  step 51999999 load imb.: force  9.7%

           Step           Time
       52000000   1300000.00000

   Energies (kJ/mol)
           Bond       G96Angle        LJ (SR)   Coulomb (SR)      Potential
    1.47915e+05    5.38328e+04   -5.85580e+06   -2.93968e+04   -5.68345e+06
    Kinetic En.   Total Energy    Temperature Pressure (bar)
    9.69465e+05   -4.71398e+06    3.13320e+02   -2.38280e+00

Writing checkpoint, step 52076570 at Tue Sep 26 20:51:00 2023


Writing checkpoint, step 52300210 at Tue Sep 26 21:06:00 2023


DD  step 52399999 load imb.: force  9.6%

           Step           Time
       52400000   1310000.00000

   Energies (kJ/mol)
           Bond       G96Angle        LJ (SR)   Coulomb (SR)      Potential
    1.47836e+05    5.35708e+04   -5.85691e+06   -2.92647e+04   -5.68477e+06
    Kinetic En.   Total Energy    Temperature Pressure (bar)
    9.66020e+05   -4.71875e+06    3.12207e+02   -8.20980e+00

Writing checkpoint, step 52524840 at Tue Sep 26 21:21:00 2023


Writing checkpoint, step 52749860 at Tue Sep 26 21:36:00 2023


DD  step 52799999 load imb.: force 12.3%

           Step           Time
       52800000   1320000.00000

   Energies (kJ/mol)
           Bond       G96Angle        LJ (SR)   Coulomb (SR)      Potential
    1.47918e+05    5.30331e+04   -5.85424e+06   -2.92662e+04   -5.68256e+06
    Kinetic En.   Total Energy    Temperature Pressure (bar)
    9.70504e+05   -4.71206e+06    3.13656e+02   -9.53381e-01

Writing checkpoint, step 52973790 at Tue Sep 26 21:51:00 2023


Writing checkpoint, step 53197010 at Tue Sep 26 22:06:00 2023


DD  step 53199999 load imb.: force 11.9%

           Step           Time
       53200000   1330000.00000

   Energies (kJ/mol)
           Bond       G96Angle        LJ (SR)   Coulomb (SR)      Potential
    1.47302e+05    5.34200e+04   -5.85595e+06   -2.95453e+04   -5.68478e+06
    Kinetic En.   Total Energy    Temperature Pressure (bar)
    9.67505e+05   -4.71727e+06    3.12687e+02    5.79613e+00

Writing checkpoint, step 53419970 at Tue Sep 26 22:21:00 2023


DD  step 53599999 load imb.: force 10.5%

           Step           Time
       53600000   1340000.00000

   Energies (kJ/mol)
           Bond       G96Angle        LJ (SR)   Coulomb (SR)      Potential
    1.47148e+05    5.38917e+04   -5.85897e+06   -2.90326e+04   -5.68696e+06
    Kinetic En.   Total Energy    Temperature Pressure (bar)
    9.65428e+05   -4.72154e+06    3.12016e+02   -2.09907e-01

Writing checkpoint, step 53646360 at Tue Sep 26 22:36:00 2023


Writing checkpoint, step 53872350 at Tue Sep 26 22:51:00 2023


DD  step 53999999 load imb.: force  8.8%

           Step           Time
       54000000   1350000.00000

   Energies (kJ/mol)
           Bond       G96Angle        LJ (SR)   Coulomb (SR)      Potential
    1.47713e+05    5.22665e+04   -5.85680e+06   -2.94938e+04   -5.68631e+06
    Kinetic En.   Total Energy    Temperature Pressure (bar)
    9.66484e+05   -4.71983e+06    3.12357e+02    1.94908e+00

Writing checkpoint, step 54089290 at Tue Sep 26 23:06:00 2023


Writing checkpoint, step 54313940 at Tue Sep 26 23:21:00 2023


DD  step 54399999 load imb.: force 10.7%

           Step           Time
       54400000   1360000.00000

   Energies (kJ/mol)
           Bond       G96Angle        LJ (SR)   Coulomb (SR)      Potential
    1.47378e+05    5.38525e+04   -5.85969e+06   -2.92473e+04   -5.68771e+06
    Kinetic En.   Total Energy    Temperature Pressure (bar)
    9.64509e+05   -4.72320e+06    3.11719e+02    1.55357e+00

Writing checkpoint, step 54538400 at Tue Sep 26 23:36:00 2023


Writing checkpoint, step 54763090 at Tue Sep 26 23:51:00 2023


DD  step 54799999 load imb.: force 10.0%

           Step           Time
       54800000   1370000.00000

   Energies (kJ/mol)
           Bond       G96Angle        LJ (SR)   Coulomb (SR)      Potential
    1.47053e+05    5.28920e+04   -5.85589e+06   -2.94573e+04   -5.68540e+06
    Kinetic En.   Total Energy    Temperature Pressure (bar)
    9.66265e+05   -4.71914e+06    3.12286e+02    5.43394e+00

Writing checkpoint, step 54988010 at Wed Sep 27 00:06:00 2023


DD  step 55199999 load imb.: force 11.4%

           Step           Time
       55200000   1380000.00000

   Energies (kJ/mol)
           Bond       G96Angle        LJ (SR)   Coulomb (SR)      Potential
    1.47505e+05    5.33946e+04   -5.85530e+06   -2.90998e+04   -5.68350e+06
    Kinetic En.   Total Energy    Temperature Pressure (bar)
    9.62409e+05   -4.72109e+06    3.11040e+02    5.64675e+00

Writing checkpoint, step 55211920 at Wed Sep 27 00:21:00 2023


Writing checkpoint, step 55437090 at Wed Sep 27 00:36:00 2023


DD  step 55599999 load imb.: force  9.2%

           Step           Time
       55600000   1390000.00000

   Energies (kJ/mol)
           Bond       G96Angle        LJ (SR)   Coulomb (SR)      Potential
    1.47726e+05    5.39529e+04   -5.85871e+06   -2.95401e+04   -5.68658e+06
    Kinetic En.   Total Energy    Temperature Pressure (bar)
    9.70113e+05   -4.71646e+06    3.13530e+02    8.10549e+00

Writing checkpoint, step 55661860 at Wed Sep 27 00:51:00 2023


Writing checkpoint, step 55886640 at Wed Sep 27 01:06:00 2023


DD  step 55999999 load imb.: force  9.4%

           Step           Time
       56000000   1400000.00000

   Energies (kJ/mol)
           Bond       G96Angle        LJ (SR)   Coulomb (SR)      Potential
    1.48453e+05    5.37932e+04   -5.85590e+06   -2.93468e+04   -5.68300e+06
    Kinetic En.   Total Energy    Temperature Pressure (bar)
    9.63847e+05   -4.71915e+06    3.11505e+02   -8.72791e-01

Writing checkpoint, step 56112190 at Wed Sep 27 01:21:00 2023


Writing checkpoint, step 56338050 at Wed Sep 27 01:36:00 2023


DD  step 56399999 load imb.: force  9.1%

           Step           Time
       56400000   1410000.00000

   Energies (kJ/mol)
           Bond       G96Angle        LJ (SR)   Coulomb (SR)      Potential
    1.48836e+05    5.36404e+04   -5.85347e+06   -2.93813e+04   -5.68038e+06
    Kinetic En.   Total Energy    Temperature Pressure (bar)
    9.69310e+05   -4.71107e+06    3.13270e+02   -5.30323e+00

Writing checkpoint, step 56565520 at Wed Sep 27 01:51:00 2023


Writing checkpoint, step 56781060 at Wed Sep 27 02:06:00 2023


DD  step 56799999 load imb.: force  8.6%

           Step           Time
       56800000   1420000.00000

   Energies (kJ/mol)
           Bond       G96Angle        LJ (SR)   Coulomb (SR)      Potential
    1.47874e+05    5.37101e+04   -5.85564e+06   -2.94155e+04   -5.68347e+06
    Kinetic En.   Total Energy    Temperature Pressure (bar)
    9.67612e+05   -4.71586e+06    3.12722e+02    4.65566e+00

Writing checkpoint, step 57007730 at Wed Sep 27 02:21:00 2023


DD  step 57199999 load imb.: force  9.2%

           Step           Time
       57200000   1430000.00000

   Energies (kJ/mol)
           Bond       G96Angle        LJ (SR)   Coulomb (SR)      Potential
    1.48077e+05    5.38548e+04   -5.85525e+06   -3.01191e+04   -5.68343e+06
    Kinetic En.   Total Energy    Temperature Pressure (bar)
    9.65628e+05   -4.71781e+06    3.12080e+02    1.17544e+01

Writing checkpoint, step 57235460 at Wed Sep 27 02:36:00 2023


Writing checkpoint, step 57464350 at Wed Sep 27 02:51:00 2023


DD  step 57599999 load imb.: force  8.1%

           Step           Time
       57600000   1440000.00000

   Energies (kJ/mol)
           Bond       G96Angle        LJ (SR)   Coulomb (SR)      Potential
    1.47143e+05    5.34351e+04   -5.85402e+06   -2.90149e+04   -5.68245e+06
    Kinetic En.   Total Energy    Temperature Pressure (bar)
    9.66555e+05   -4.71590e+06    3.12380e+02    9.72712e+00

Writing checkpoint, step 57690230 at Wed Sep 27 03:06:00 2023


Writing checkpoint, step 57916520 at Wed Sep 27 03:21:00 2023


DD  step 57999999 load imb.: force  9.1%

           Step           Time
       58000000   1450000.00000

   Energies (kJ/mol)
           Bond       G96Angle        LJ (SR)   Coulomb (SR)      Potential
    1.47430e+05    5.36051e+04   -5.85550e+06   -2.98059e+04   -5.68428e+06
    Kinetic En.   Total Energy    Temperature Pressure (bar)
    9.67131e+05   -4.71714e+06    3.12566e+02    6.40624e+00

Writing checkpoint, step 58139980 at Wed Sep 27 03:36:00 2023


Writing checkpoint, step 58366390 at Wed Sep 27 03:51:00 2023


DD  step 58399999 load imb.: force  7.7%

           Step           Time
       58400000   1460000.00000

   Energies (kJ/mol)
           Bond       G96Angle        LJ (SR)   Coulomb (SR)      Potential
    1.47719e+05    5.33586e+04   -5.85269e+06   -2.96912e+04   -5.68130e+06
    Kinetic En.   Total Energy    Temperature Pressure (bar)
    9.64346e+05   -4.71695e+06    3.11666e+02    1.08412e+01

Writing checkpoint, step 58594840 at Wed Sep 27 04:06:00 2023


DD  step 58799999 load imb.: force  8.8%

           Step           Time
       58800000   1470000.00000

   Energies (kJ/mol)
           Bond       G96Angle        LJ (SR)   Coulomb (SR)      Potential
    1.47098e+05    5.32605e+04   -5.85159e+06   -2.93483e+04   -5.68058e+06
    Kinetic En.   Total Energy    Temperature Pressure (bar)
    9.68001e+05   -4.71258e+06    3.12847e+02    6.88256e+00

Writing checkpoint, step 58823560 at Wed Sep 27 04:21:00 2023


Writing checkpoint, step 59046830 at Wed Sep 27 04:36:00 2023


DD  step 59199999 load imb.: force  9.3%

           Step           Time
       59200000   1480000.00000

   Energies (kJ/mol)
           Bond       G96Angle        LJ (SR)   Coulomb (SR)      Potential
    1.47553e+05    5.32557e+04   -5.85638e+06   -2.96254e+04   -5.68520e+06
    Kinetic En.   Total Energy    Temperature Pressure (bar)
    9.63589e+05   -4.72161e+06    3.11421e+02   -1.04127e+00

Writing checkpoint, step 59277260 at Wed Sep 27 04:51:00 2023


Writing checkpoint, step 59507320 at Wed Sep 27 05:06:00 2023


DD  step 59599999 load imb.: force  8.4%

           Step           Time
       59600000   1490000.00000

   Energies (kJ/mol)
           Bond       G96Angle        LJ (SR)   Coulomb (SR)      Potential
    1.46397e+05    5.29855e+04   -5.86022e+06   -2.92028e+04   -5.69004e+06
    Kinetic En.   Total Energy    Temperature Pressure (bar)
    9.63543e+05   -4.72650e+06    3.11406e+02   -3.05833e+00

Writing checkpoint, step 59737700 at Wed Sep 27 05:21:00 2023


Writing checkpoint, step 59964770 at Wed Sep 27 05:36:00 2023


DD  step 59999999 load imb.: force  9.0%

           Step           Time
       60000000   1500000.00000

   Energies (kJ/mol)
           Bond       G96Angle        LJ (SR)   Coulomb (SR)      Potential
    1.46602e+05    5.38628e+04   -5.85653e+06   -2.90281e+04   -5.68510e+06
    Kinetic En.   Total Energy    Temperature Pressure (bar)
    9.63892e+05   -4.72120e+06    3.11519e+02   -5.45948e+00

Writing checkpoint, step 60191920 at Wed Sep 27 05:51:00 2023


DD  step 60399999 load imb.: force  8.0%

           Step           Time
       60400000   1510000.00000

   Energies (kJ/mol)
           Bond       G96Angle        LJ (SR)   Coulomb (SR)      Potential
    1.47611e+05    5.35612e+04   -5.85671e+06   -2.95151e+04   -5.68505e+06
    Kinetic En.   Total Energy    Temperature Pressure (bar)
    9.64602e+05   -4.72045e+06    3.11749e+02    5.83174e+00

Writing checkpoint, step 60414190 at Wed Sep 27 06:06:00 2023


Writing checkpoint, step 60640200 at Wed Sep 27 06:21:00 2023


DD  step 60799999 load imb.: force  8.6%

           Step           Time
       60800000   1520000.00000

   Energies (kJ/mol)
           Bond       G96Angle        LJ (SR)   Coulomb (SR)      Potential
    1.46739e+05    5.38189e+04   -5.85873e+06   -2.97399e+04   -5.68791e+06
    Kinetic En.   Total Energy    Temperature Pressure (bar)
    9.61554e+05   -4.72636e+06    3.10764e+02    1.09803e+00

Writing checkpoint, step 60868860 at Wed Sep 27 06:36:00 2023


Writing checkpoint, step 61099260 at Wed Sep 27 06:51:00 2023


DD  step 61199999 load imb.: force  8.4%

           Step           Time
       61200000   1530000.00000

   Energies (kJ/mol)
           Bond       G96Angle        LJ (SR)   Coulomb (SR)      Potential
    1.47163e+05    5.32732e+04   -5.85809e+06   -2.92418e+04   -5.68689e+06
    Kinetic En.   Total Energy    Temperature Pressure (bar)
    9.64070e+05   -4.72282e+06    3.11577e+02   -1.11475e+00

Writing checkpoint, step 61323220 at Wed Sep 27 07:06:00 2023


Writing checkpoint, step 61530160 at Wed Sep 27 07:21:00 2023


DD  step 61599999 load imb.: force 11.7%

           Step           Time
       61600000   1540000.00000

   Energies (kJ/mol)
           Bond       G96Angle        LJ (SR)   Coulomb (SR)      Potential
    1.47830e+05    5.35334e+04   -5.85474e+06   -2.93028e+04   -5.68268e+06
    Kinetic En.   Total Energy    Temperature Pressure (bar)
    9.67109e+05   -4.71557e+06    3.12559e+02   -1.86303e+00

Writing checkpoint, step 61756370 at Wed Sep 27 07:36:00 2023


Writing checkpoint, step 61983510 at Wed Sep 27 07:51:00 2023


DD  step 61999999 load imb.: force  8.8%

           Step           Time
       62000000   1550000.00000

   Energies (kJ/mol)
           Bond       G96Angle        LJ (SR)   Coulomb (SR)      Potential
    1.46826e+05    5.36257e+04   -5.85788e+06   -2.93042e+04   -5.68673e+06
    Kinetic En.   Total Energy    Temperature Pressure (bar)
    9.66834e+05   -4.71990e+06    3.12470e+02    2.86059e+00

Writing checkpoint, step 62205310 at Wed Sep 27 08:06:00 2023


DD  step 62399999 load imb.: force  9.2%

           Step           Time
       62400000   1560000.00000

   Energies (kJ/mol)
           Bond       G96Angle        LJ (SR)   Coulomb (SR)      Potential
    1.47253e+05    5.35614e+04   -5.85695e+06   -2.95141e+04   -5.68565e+06
    Kinetic En.   Total Energy    Temperature Pressure (bar)
    9.68346e+05   -4.71730e+06    3.12959e+02    1.13372e+00

Writing checkpoint, step 62426150 at Wed Sep 27 08:21:00 2023


Writing checkpoint, step 62651950 at Wed Sep 27 08:36:00 2023


DD  step 62799999 load imb.: force  7.9%

           Step           Time
       62800000   1570000.00000

   Energies (kJ/mol)
           Bond       G96Angle        LJ (SR)   Coulomb (SR)      Potential
    1.47650e+05    5.36353e+04   -5.86018e+06   -2.93709e+04   -5.68827e+06
    Kinetic En.   Total Energy    Temperature Pressure (bar)
    9.66025e+05   -4.72224e+06    3.12209e+02    2.41962e-01

Writing checkpoint, step 62876460 at Wed Sep 27 08:51:00 2023


Writing checkpoint, step 63094640 at Wed Sep 27 09:06:00 2023


DD  step 63199999 load imb.: force  8.7%

           Step           Time
       63200000   1580000.00000

   Energies (kJ/mol)
           Bond       G96Angle        LJ (SR)   Coulomb (SR)      Potential
    1.46488e+05    5.36812e+04   -5.85854e+06   -2.95235e+04   -5.68790e+06
    Kinetic En.   Total Energy    Temperature Pressure (bar)
    9.64731e+05   -4.72316e+06    3.11790e+02    1.31324e-01

Writing checkpoint, step 63325170 at Wed Sep 27 09:21:00 2023


Writing checkpoint, step 63554670 at Wed Sep 27 09:36:00 2023


DD  step 63599999 load imb.: force  7.6%

           Step           Time
       63600000   1590000.00000

   Energies (kJ/mol)
           Bond       G96Angle        LJ (SR)   Coulomb (SR)      Potential
    1.47852e+05    5.35950e+04   -5.85881e+06   -2.96757e+04   -5.68704e+06
    Kinetic En.   Total Energy    Temperature Pressure (bar)
    9.66980e+05   -4.72006e+06    3.12517e+02   -3.56009e-01

Writing checkpoint, step 63783390 at Wed Sep 27 09:51:00 2023




Received the second INT/TERM signal, stopping within 2 steps

           Step           Time
       63966654   1599166.35000

Writing checkpoint, step 63966654 at Wed Sep 27 10:03:13 2023




-----------------------------------------------------------
Restarting from checkpoint, appending to previous log file.

Log file opened on Wed Sep 27 11:16:48 2023
Host: halc009.amarel.rutgers.edu  pid: 260508  rank ID: 0  number of ranks:  32
                      :-) GROMACS - gmx mdrun, 2016.1 (-:

Executable:   /opt/sw/packages/intel-17.0.1/mvapich2-2.2/gromacs/2016.1/bin/gmx_mpi
Data prefix:  /opt/sw/packages/intel-17.0.1/mvapich2-2.2/gromacs/2016.1
Working dir:  /scratch/jje63/heat_lig_multinano/Soft_Sphere_4/Octanethiol
Command line:
  gmx_mpi mdrun -s md2.tpr -cpi md.cpt -ntomp 1 -deffnm md -v -rdd 1.4

GROMACS version:    2016.1
Precision:          single
Memory model:       64 bit
MPI library:        MPI
OpenMP support:     enabled (GMX_OPENMP_MAX_THREADS = 32)
GPU support:        disabled
SIMD instructions:  AVX_256
FFT library:        Intel MKL
RDTSCP usage:       enabled
TNG support:        enabled
Hwloc support:      disabled
Tracing support:    disabled
Built on:           Wed Nov 23 15:27:26 EST 2016
Built by:           novosirj@perceval2.hpc.rutgers.edu [CMAKE]
Build OS/arch:      Linux 3.10.0-229.20.1.el7.x86_64 x86_64
Build CPU vendor:   Intel
Build CPU brand:    Intel(R) Xeon(R) CPU E5-2650 v3 @ 2.30GHz
Build CPU family:   6   Model: 63   Stepping: 2
Build CPU features: aes apic avx avx2 clfsh cmov cx8 cx16 f16c fma htt lahf mmx msr nonstop_tsc pcid pclmuldq pdcm pdpe1gb popcnt pse rdrnd rdtscp sse2 sse3 sse4.1 sse4.2 ssse3 tdt x2apic
C compiler:         /opt/sw/packages/intel/17.0.1/compilers_and_libraries/linux/bin/intel64/icc Intel 17.0.0.20161005
C compiler flags:    -mavx   -mkl=sequential  -std=gnu99  -O3 -DNDEBUG -ip -funroll-all-loops -alias-const -ansi-alias  
C++ compiler:       /opt/sw/packages/intel/17.0.1/compilers_and_libraries/linux/bin/intel64/icpc Intel 17.0.0.20161005
C++ compiler flags:  -mavx    -std=c++0x   -O3 -DNDEBUG -ip -funroll-all-loops -alias-const -ansi-alias  


Initializing Domain Decomposition on 32 ranks
Dynamic load balancing: auto
Minimum cell size due to bonded interactions: 1.400 nm
Domain decomposition grid 8 x 4 x 1, separate PME ranks 0
Domain decomposition rank 0, coordinates 0 0 0

The initial number of communication pulses is: X 1 Y 1
The initial domain decomposition cell size is: X 5.67 nm Y 11.33 nm

The maximum allowed distance for charge groups involved in interactions is:
                 non-bonded interactions           1.200 nm
(the following are initial values, they could change due to box deformation)
            two-body bonded interactions  (-rdd)   1.400 nm
          multi-body bonded interactions  (-rdd)   1.400 nm

When dynamic load balancing gets turned on, these settings will change to:
The maximum number of communication pulses is: X 1 Y 1
The minimum size for domain decomposition cells is 1.400 nm
The requested allowed shrink of DD cells (option -dds) is: 0.80
The allowed shrink of domain decomposition cells is: X 0.25 Y 0.12
The maximum allowed distance for charge groups involved in interactions is:
                 non-bonded interactions           1.200 nm
            two-body bonded interactions  (-rdd)   1.400 nm
          multi-body bonded interactions  (-rdd)   1.400 nm

Using 32 MPI processes


NOTE: This file uses the deprecated 'group' cutoff_scheme. This will be
removed in a future release when 'verlet' supports all interaction forms.

Table routines are used for coulomb: true
Table routines are used for vdw:     true
Using shifted Lennard-Jones, switch between 0.9 and 1.2 nm
Cut-off's:   NS: 1.2   Coulomb: 1.2   LJ: 1.2
System total charge: 0.000
Generated table with 1100 data points for Shift.
Tabscale = 500 points/nm
Generated table with 1100 data points for LJ6Shift.
Tabscale = 500 points/nm
Generated table with 1100 data points for LJ12Shift.
Tabscale = 500 points/nm
Potential shift: LJ r^-12: 0.000e+00 r^-6: 0.000e+00
Pinning threads with an auto-selected logical core stride of 1

Linking all bonded interactions to atoms

Intra-simulation communication will occur every 1 steps.
Center of mass motion removal mode is Linear
We have the following groups for center of mass motion removal:
  0:  rest
There are: 248096 Atoms
Atom distribution over 32 domains: av 7753 stddev 42 min 7694 max 7855
Grid: 7 x 13 x 13 cells
Initial temperature: 624.947 K

Started mdrun on rank 0 Wed Sep 27 11:16:49 2023

DD  step 63966659 load imb.: force 32.9%


step 63966680 Turning on dynamic load balancing, because the performance loss due to load imbalance is 5.7 %.


step 63968050 Turning off dynamic load balancing, because it is degrading performance.

Atom distribution over 32 domains: av 7753 stddev 43 min 7691 max 7853
DD  step 63999999 load imb.: force  4.9%

           Step           Time
       64000000   1600000.00000

   Energies (kJ/mol)
           Bond       G96Angle        LJ (SR)   Coulomb (SR)      Potential
    1.48773e+05    5.39309e+04   -5.85252e+06   -2.88749e+04   -5.67869e+06
    Kinetic En.   Total Energy    Temperature Pressure (bar)
    9.68388e+05   -4.71030e+06    3.12972e+02    5.24902e+00


step 64019650 Turning on dynamic load balancing, because the performance loss due to load imbalance is 2.0 %.


step 64019850 Turning off dynamic load balancing, because it is degrading performance.

Atom distribution over 32 domains: av 7753 stddev 50 min 7694 max 7906

step 64023650 Turning on dynamic load balancing, because the performance loss due to load imbalance is 2.0 %.


step 64023850 Turning off dynamic load balancing, because it is degrading performance.

Atom distribution over 32 domains: av 7753 stddev 49 min 7666 max 7883

step 64024650 Will no longer try dynamic load balancing, as it degraded performance.

Writing checkpoint, step 64167900 at Wed Sep 27 11:31:49 2023


Writing checkpoint, step 64369100 at Wed Sep 27 11:46:49 2023


DD  step 64399999 load imb.: force  5.5%

           Step           Time
       64400000   1610000.00000

   Energies (kJ/mol)
           Bond       G96Angle        LJ (SR)   Coulomb (SR)      Potential
    1.47120e+05    5.34629e+04   -5.85348e+06   -2.96571e+04   -5.68255e+06
    Kinetic En.   Total Energy    Temperature Pressure (bar)
    9.66870e+05   -4.71568e+06    3.12482e+02    5.54252e+00

Writing checkpoint, step 64570020 at Wed Sep 27 12:01:49 2023


Writing checkpoint, step 64770170 at Wed Sep 27 12:16:49 2023


DD  step 64799999 load imb.: force  4.6%

           Step           Time
       64800000   1620000.00000

   Energies (kJ/mol)
           Bond       G96Angle        LJ (SR)   Coulomb (SR)      Potential
    1.47882e+05    5.37515e+04   -5.85508e+06   -2.94032e+04   -5.68285e+06
    Kinetic En.   Total Energy    Temperature Pressure (bar)
    9.65815e+05   -4.71704e+06    3.12141e+02    8.54169e+00

Writing checkpoint, step 64970760 at Wed Sep 27 12:31:49 2023


Writing checkpoint, step 65169690 at Wed Sep 27 12:46:49 2023


DD  step 65199999 load imb.: force  6.1%

           Step           Time
       65200000   1630000.00000

   Energies (kJ/mol)
           Bond       G96Angle        LJ (SR)   Coulomb (SR)      Potential
    1.48476e+05    5.34665e+04   -5.85376e+06   -2.99634e+04   -5.68178e+06
    Kinetic En.   Total Energy    Temperature Pressure (bar)
    9.67568e+05   -4.71421e+06    3.12707e+02    9.79543e+00

Writing checkpoint, step 65368480 at Wed Sep 27 13:01:49 2023


Writing checkpoint, step 65568570 at Wed Sep 27 13:16:49 2023


DD  step 65599999 load imb.: force  5.0%

           Step           Time
       65600000   1640000.00000

   Energies (kJ/mol)
           Bond       G96Angle        LJ (SR)   Coulomb (SR)      Potential
    1.48154e+05    5.34075e+04   -5.85616e+06   -2.94359e+04   -5.68404e+06
    Kinetic En.   Total Energy    Temperature Pressure (bar)
    9.65681e+05   -4.71836e+06    3.12097e+02    2.28671e+00

Writing checkpoint, step 65768790 at Wed Sep 27 13:31:49 2023


Writing checkpoint, step 65969720 at Wed Sep 27 13:46:49 2023


DD  step 65999999 load imb.: force  5.5%

           Step           Time
       66000000   1650000.00000

   Energies (kJ/mol)
           Bond       G96Angle        LJ (SR)   Coulomb (SR)      Potential
    1.47524e+05    5.41055e+04   -5.85390e+06   -3.00461e+04   -5.68232e+06
    Kinetic En.   Total Energy    Temperature Pressure (bar)
    9.66461e+05   -4.71586e+06    3.12350e+02    4.54828e+00

Writing checkpoint, step 66170810 at Wed Sep 27 14:01:49 2023


Writing checkpoint, step 66371760 at Wed Sep 27 14:16:49 2023


DD  step 66399999 load imb.: force  3.8%

           Step           Time
       66400000   1660000.00000

   Energies (kJ/mol)
           Bond       G96Angle        LJ (SR)   Coulomb (SR)      Potential
    1.46450e+05    5.29389e+04   -5.85588e+06   -2.95030e+04   -5.68600e+06
    Kinetic En.   Total Energy    Temperature Pressure (bar)
    9.68350e+05   -4.71765e+06    3.12960e+02    7.33221e+00

Writing checkpoint, step 66572190 at Wed Sep 27 14:31:49 2023


Writing checkpoint, step 66773130 at Wed Sep 27 14:46:49 2023


DD  step 66799999 load imb.: force  4.5%

           Step           Time
       66800000   1670000.00000

   Energies (kJ/mol)
           Bond       G96Angle        LJ (SR)   Coulomb (SR)      Potential
    1.46717e+05    5.34011e+04   -5.85557e+06   -2.94084e+04   -5.68486e+06
    Kinetic En.   Total Energy    Temperature Pressure (bar)
    9.65274e+05   -4.71959e+06    3.11966e+02   -1.99593e+00

Writing checkpoint, step 66972480 at Wed Sep 27 15:01:49 2023


Writing checkpoint, step 67173180 at Wed Sep 27 15:16:49 2023


DD  step 67199999 load imb.: force  6.3%

           Step           Time
       67200000   1680000.00000

   Energies (kJ/mol)
           Bond       G96Angle        LJ (SR)   Coulomb (SR)      Potential
    1.47031e+05    5.37198e+04   -5.85770e+06   -2.99429e+04   -5.68689e+06
    Kinetic En.   Total Energy    Temperature Pressure (bar)
    9.66022e+05   -4.72087e+06    3.12208e+02   -4.28769e+00

Writing checkpoint, step 67373800 at Wed Sep 27 15:31:49 2023


Writing checkpoint, step 67574550 at Wed Sep 27 15:46:49 2023


DD  step 67599999 load imb.: force  4.3%

           Step           Time
       67600000   1690000.00000

   Energies (kJ/mol)
           Bond       G96Angle        LJ (SR)   Coulomb (SR)      Potential
    1.47541e+05    5.33625e+04   -5.85626e+06   -2.92143e+04   -5.68457e+06
    Kinetic En.   Total Energy    Temperature Pressure (bar)
    9.69812e+05   -4.71476e+06    3.13432e+02   -9.92825e+00

Writing checkpoint, step 67773310 at Wed Sep 27 16:01:49 2023


Writing checkpoint, step 67972520 at Wed Sep 27 16:16:49 2023


DD  step 67999999 load imb.: force  7.5%

           Step           Time
       68000000   1700000.00000

   Energies (kJ/mol)
           Bond       G96Angle        LJ (SR)   Coulomb (SR)      Potential
    1.47041e+05    5.32875e+04   -5.86174e+06   -2.96039e+04   -5.69101e+06
    Kinetic En.   Total Energy    Temperature Pressure (bar)
    9.61506e+05   -4.72950e+06    3.10748e+02   -5.94034e+00

Writing checkpoint, step 68171900 at Wed Sep 27 16:31:49 2023


Writing checkpoint, step 68371460 at Wed Sep 27 16:46:49 2023


DD  step 68399999 load imb.: force  5.5%

           Step           Time
       68400000   1710000.00000

   Energies (kJ/mol)
           Bond       G96Angle        LJ (SR)   Coulomb (SR)      Potential
    1.47225e+05    5.34770e+04   -5.85644e+06   -2.96509e+04   -5.68539e+06
    Kinetic En.   Total Energy    Temperature Pressure (bar)
    9.65743e+05   -4.71964e+06    3.12118e+02   -6.11881e-01

Writing checkpoint, step 68571470 at Wed Sep 27 17:01:49 2023


Writing checkpoint, step 68770050 at Wed Sep 27 17:16:49 2023


DD  step 68799999 load imb.: force  6.2%

           Step           Time
       68800000   1720000.00000

   Energies (kJ/mol)
           Bond       G96Angle        LJ (SR)   Coulomb (SR)      Potential
    1.48858e+05    5.34343e+04   -5.85209e+06   -2.96736e+04   -5.67947e+06
    Kinetic En.   Total Energy    Temperature Pressure (bar)
    9.71533e+05   -4.70794e+06    3.13989e+02    5.67467e+00

Writing checkpoint, step 68969950 at Wed Sep 27 17:31:49 2023


Writing checkpoint, step 69170070 at Wed Sep 27 17:46:49 2023


DD  step 69199999 load imb.: force  6.0%

           Step           Time
       69200000   1730000.00000

   Energies (kJ/mol)
           Bond       G96Angle        LJ (SR)   Coulomb (SR)      Potential
    1.47189e+05    5.39299e+04   -5.85640e+06   -2.93621e+04   -5.68464e+06
    Kinetic En.   Total Energy    Temperature Pressure (bar)
    9.66886e+05   -4.71776e+06    3.12487e+02    5.94666e+00

Writing checkpoint, step 69369450 at Wed Sep 27 18:01:49 2023


Writing checkpoint, step 69570320 at Wed Sep 27 18:16:49 2023


DD  step 69599999 load imb.: force  7.9%

           Step           Time
       69600000   1740000.00000

   Energies (kJ/mol)
           Bond       G96Angle        LJ (SR)   Coulomb (SR)      Potential
    1.47985e+05    5.35985e+04   -5.85571e+06   -2.93841e+04   -5.68351e+06
    Kinetic En.   Total Energy    Temperature Pressure (bar)
    9.67812e+05   -4.71570e+06    3.12786e+02    6.10492e-02

Writing checkpoint, step 69770780 at Wed Sep 27 18:31:49 2023


Writing checkpoint, step 69969610 at Wed Sep 27 18:46:49 2023


DD  step 69999999 load imb.: force  6.3%

           Step           Time
       70000000   1750000.00000

   Energies (kJ/mol)
           Bond       G96Angle        LJ (SR)   Coulomb (SR)      Potential
    1.45571e+05    5.33678e+04   -5.85424e+06   -2.91670e+04   -5.68447e+06
    Kinetic En.   Total Energy    Temperature Pressure (bar)
    9.66742e+05   -4.71773e+06    3.12440e+02   -1.51701e+00

Writing checkpoint, step 70168490 at Wed Sep 27 19:01:49 2023


Writing checkpoint, step 70366080 at Wed Sep 27 19:16:49 2023


DD  step 70399999 load imb.: force  7.3%

           Step           Time
       70400000   1760000.00000

   Energies (kJ/mol)
           Bond       G96Angle        LJ (SR)   Coulomb (SR)      Potential
    1.48889e+05    5.39180e+04   -5.85365e+06   -2.93696e+04   -5.68022e+06
    Kinetic En.   Total Energy    Temperature Pressure (bar)
    9.67248e+05   -4.71297e+06    3.12604e+02   -2.80743e+00

Writing checkpoint, step 70563910 at Wed Sep 27 19:31:49 2023


Writing checkpoint, step 70762880 at Wed Sep 27 19:46:49 2023


DD  step 70799999 load imb.: force  7.1%

           Step           Time
       70800000   1770000.00000

   Energies (kJ/mol)
           Bond       G96Angle        LJ (SR)   Coulomb (SR)      Potential
    1.46986e+05    5.32414e+04   -5.85447e+06   -2.93633e+04   -5.68360e+06
    Kinetic En.   Total Energy    Temperature Pressure (bar)
    9.67588e+05   -4.71602e+06    3.12714e+02    1.53663e+00

Writing checkpoint, step 70960330 at Wed Sep 27 20:01:49 2023


Writing checkpoint, step 71159300 at Wed Sep 27 20:16:49 2023


DD  step 71199999 load imb.: force  4.2%

           Step           Time
       71200000   1780000.00000

   Energies (kJ/mol)
           Bond       G96Angle        LJ (SR)   Coulomb (SR)      Potential
    1.47540e+05    5.37353e+04   -5.85535e+06   -2.90749e+04   -5.68315e+06
    Kinetic En.   Total Energy    Temperature Pressure (bar)
    9.65349e+05   -4.71780e+06    3.11990e+02    6.75691e-01

Writing checkpoint, step 71360260 at Wed Sep 27 20:31:49 2023


Writing checkpoint, step 71561700 at Wed Sep 27 20:46:49 2023


DD  step 71599999 load imb.: force  4.2%

           Step           Time
       71600000   1790000.00000

   Energies (kJ/mol)
           Bond       G96Angle        LJ (SR)   Coulomb (SR)      Potential
    1.47133e+05    5.36246e+04   -5.85856e+06   -2.98656e+04   -5.68767e+06
    Kinetic En.   Total Energy    Temperature Pressure (bar)
    9.64066e+05   -4.72361e+06    3.11575e+02   -2.17456e+00

Writing checkpoint, step 71763100 at Wed Sep 27 21:01:49 2023


Writing checkpoint, step 71964510 at Wed Sep 27 21:16:49 2023


DD  step 71999999 load imb.: force  3.5%

           Step           Time
       72000000   1800000.00000

   Energies (kJ/mol)
           Bond       G96Angle        LJ (SR)   Coulomb (SR)      Potential
    1.47302e+05    5.35065e+04   -5.85717e+06   -2.94110e+04   -5.68578e+06
    Kinetic En.   Total Energy    Temperature Pressure (bar)
    9.67972e+05   -4.71780e+06    3.12838e+02   -8.49834e-01

Writing checkpoint, step 72166150 at Wed Sep 27 21:31:49 2023


Writing checkpoint, step 72367330 at Wed Sep 27 21:46:49 2023


DD  step 72399999 load imb.: force  4.9%

           Step           Time
       72400000   1810000.00000

   Energies (kJ/mol)
           Bond       G96Angle        LJ (SR)   Coulomb (SR)      Potential
    1.47773e+05    5.30985e+04   -5.86102e+06   -2.95658e+04   -5.68972e+06
    Kinetic En.   Total Energy    Temperature Pressure (bar)
    9.63774e+05   -4.72594e+06    3.11481e+02   -6.23351e+00

Writing checkpoint, step 72568130 at Wed Sep 27 22:01:49 2023


Writing checkpoint, step 72769060 at Wed Sep 27 22:16:49 2023


DD  step 72799999 load imb.: force  3.7%

           Step           Time
       72800000   1820000.00000

   Energies (kJ/mol)
           Bond       G96Angle        LJ (SR)   Coulomb (SR)      Potential
    1.46884e+05    5.34319e+04   -5.85858e+06   -2.94099e+04   -5.68768e+06
    Kinetic En.   Total Energy    Temperature Pressure (bar)
    9.65113e+05   -4.72256e+06    3.11914e+02   -1.11794e+01

Writing checkpoint, step 72970570 at Wed Sep 27 22:31:49 2023


Writing checkpoint, step 73172110 at Wed Sep 27 22:46:49 2023


DD  step 73199999 load imb.: force  3.9%

           Step           Time
       73200000   1830000.00000

   Energies (kJ/mol)
           Bond       G96Angle        LJ (SR)   Coulomb (SR)      Potential
    1.48065e+05    5.37401e+04   -5.85443e+06   -2.94217e+04   -5.68205e+06
    Kinetic En.   Total Energy    Temperature Pressure (bar)
    9.69619e+05   -4.71243e+06    3.13370e+02    8.59360e+00

Writing checkpoint, step 73373030 at Wed Sep 27 23:01:49 2023


Writing checkpoint, step 73573880 at Wed Sep 27 23:16:49 2023


DD  step 73599999 load imb.: force  5.0%

           Step           Time
       73600000   1840000.00000

   Energies (kJ/mol)
           Bond       G96Angle        LJ (SR)   Coulomb (SR)      Potential
    1.47353e+05    5.42979e+04   -5.85683e+06   -2.95784e+04   -5.68476e+06
    Kinetic En.   Total Energy    Temperature Pressure (bar)
    9.65851e+05   -4.71891e+06    3.12152e+02    8.23771e+00

Writing checkpoint, step 73774900 at Wed Sep 27 23:31:49 2023


Writing checkpoint, step 73975100 at Wed Sep 27 23:46:49 2023


DD  step 73999999 load imb.: force  3.9%

           Step           Time
       74000000   1850000.00000

   Energies (kJ/mol)
           Bond       G96Angle        LJ (SR)   Coulomb (SR)      Potential
    1.48543e+05    5.37244e+04   -5.85492e+06   -2.91994e+04   -5.68186e+06
    Kinetic En.   Total Energy    Temperature Pressure (bar)
    9.66858e+05   -4.71500e+06    3.12478e+02   -3.59224e+00

Writing checkpoint, step 74174730 at Thu Sep 28 00:01:49 2023


Writing checkpoint, step 74375840 at Thu Sep 28 00:16:49 2023


DD  step 74399999 load imb.: force  4.0%

           Step           Time
       74400000   1860000.00000

   Energies (kJ/mol)
           Bond       G96Angle        LJ (SR)   Coulomb (SR)      Potential
    1.47511e+05    5.32957e+04   -5.85840e+06   -2.94444e+04   -5.68704e+06
    Kinetic En.   Total Energy    Temperature Pressure (bar)
    9.68205e+05   -4.71883e+06    3.12913e+02   -6.44089e+00

Writing checkpoint, step 74575560 at Thu Sep 28 00:31:49 2023


Writing checkpoint, step 74774490 at Thu Sep 28 00:46:49 2023


DD  step 74799999 load imb.: force  4.4%

           Step           Time
       74800000   1870000.00000

   Energies (kJ/mol)
           Bond       G96Angle        LJ (SR)   Coulomb (SR)      Potential
    1.46680e+05    5.40615e+04   -5.85104e+06   -2.93874e+04   -5.67968e+06
    Kinetic En.   Total Energy    Temperature Pressure (bar)
    9.63051e+05   -4.71663e+06    3.11248e+02    6.87867e+00

Writing checkpoint, step 74973870 at Thu Sep 28 01:01:49 2023


Writing checkpoint, step 75172950 at Thu Sep 28 01:16:49 2023


DD  step 75199999 load imb.: force  3.6%

           Step           Time
       75200000   1880000.00000

   Energies (kJ/mol)
           Bond       G96Angle        LJ (SR)   Coulomb (SR)      Potential
    1.48573e+05    5.37090e+04   -5.85588e+06   -2.90295e+04   -5.68263e+06
    Kinetic En.   Total Energy    Temperature Pressure (bar)
    9.71244e+05   -4.71138e+06    3.13896e+02    1.07858e+00

Writing checkpoint, step 75371330 at Thu Sep 28 01:31:49 2023


Writing checkpoint, step 75571210 at Thu Sep 28 01:46:49 2023


DD  step 75599999 load imb.: force  4.3%

           Step           Time
       75600000   1890000.00000

   Energies (kJ/mol)
           Bond       G96Angle        LJ (SR)   Coulomb (SR)      Potential
    1.46824e+05    5.33294e+04   -5.85849e+06   -2.89206e+04   -5.68725e+06
    Kinetic En.   Total Energy    Temperature Pressure (bar)
    9.64943e+05   -4.72231e+06    3.11859e+02    1.25931e+00

Writing checkpoint, step 75769870 at Thu Sep 28 02:01:49 2023


Writing checkpoint, step 75969310 at Thu Sep 28 02:16:49 2023


DD  step 75999999 load imb.: force  3.9%

           Step           Time
       76000000   1900000.00000

   Energies (kJ/mol)
           Bond       G96Angle        LJ (SR)   Coulomb (SR)      Potential
    1.48110e+05    5.36188e+04   -5.85335e+06   -2.93627e+04   -5.68098e+06
    Kinetic En.   Total Energy    Temperature Pressure (bar)
    9.67023e+05   -4.71396e+06    3.12531e+02   -4.10299e-01

Writing checkpoint, step 76168890 at Thu Sep 28 02:31:49 2023


Writing checkpoint, step 76369190 at Thu Sep 28 02:46:49 2023


DD  step 76399999 load imb.: force  4.5%

           Step           Time
       76400000   1910000.00000

   Energies (kJ/mol)
           Bond       G96Angle        LJ (SR)   Coulomb (SR)      Potential
    1.47811e+05    5.36906e+04   -5.85728e+06   -2.93824e+04   -5.68516e+06
    Kinetic En.   Total Energy    Temperature Pressure (bar)
    9.65661e+05   -4.71950e+06    3.12091e+02    4.56429e-01

Writing checkpoint, step 76571040 at Thu Sep 28 03:01:49 2023


Writing checkpoint, step 76772360 at Thu Sep 28 03:16:49 2023


DD  step 76799999 load imb.: force  4.8%

           Step           Time
       76800000   1920000.00000

   Energies (kJ/mol)
           Bond       G96Angle        LJ (SR)   Coulomb (SR)      Potential
    1.47694e+05    5.36726e+04   -5.85700e+06   -2.91318e+04   -5.68476e+06
    Kinetic En.   Total Energy    Temperature Pressure (bar)
    9.66538e+05   -4.71823e+06    3.12375e+02    2.16320e+00

Writing checkpoint, step 76971700 at Thu Sep 28 03:31:49 2023


Writing checkpoint, step 77171290 at Thu Sep 28 03:46:49 2023


DD  step 77199999 load imb.: force  3.0%

           Step           Time
       77200000   1930000.00000

   Energies (kJ/mol)
           Bond       G96Angle        LJ (SR)   Coulomb (SR)      Potential
    1.46573e+05    5.35033e+04   -5.85681e+06   -2.97781e+04   -5.68651e+06
    Kinetic En.   Total Energy    Temperature Pressure (bar)
    9.67527e+05   -4.71898e+06    3.12694e+02    1.65065e+00

Writing checkpoint, step 77370810 at Thu Sep 28 04:01:49 2023


Writing checkpoint, step 77570100 at Thu Sep 28 04:16:49 2023


DD  step 77599999 load imb.: force  4.4%

           Step           Time
       77600000   1940000.00000

   Energies (kJ/mol)
           Bond       G96Angle        LJ (SR)   Coulomb (SR)      Potential
    1.46676e+05    5.36412e+04   -5.85719e+06   -2.95490e+04   -5.68642e+06
    Kinetic En.   Total Energy    Temperature Pressure (bar)
    9.64936e+05   -4.72149e+06    3.11857e+02    1.96880e+00

Writing checkpoint, step 77769000 at Thu Sep 28 04:31:49 2023


Writing checkpoint, step 77969070 at Thu Sep 28 04:46:49 2023


DD  step 77999999 load imb.: force  4.6%

           Step           Time
       78000000   1950000.00000

   Energies (kJ/mol)
           Bond       G96Angle        LJ (SR)   Coulomb (SR)      Potential
    1.46272e+05    5.24904e+04   -5.85867e+06   -2.95017e+04   -5.68941e+06
    Kinetic En.   Total Energy    Temperature Pressure (bar)
    9.65074e+05   -4.72434e+06    3.11901e+02    1.57138e+00

Writing checkpoint, step 78168450 at Thu Sep 28 05:01:49 2023


Writing checkpoint, step 78366550 at Thu Sep 28 05:16:49 2023


DD  step 78399999 load imb.: force  5.0%

           Step           Time
       78400000   1960000.00000

   Energies (kJ/mol)
           Bond       G96Angle        LJ (SR)   Coulomb (SR)      Potential
    1.47328e+05    5.31733e+04   -5.85652e+06   -2.97607e+04   -5.68578e+06
    Kinetic En.   Total Energy    Temperature Pressure (bar)
    9.65082e+05   -4.72070e+06    3.11904e+02   -1.14527e+00

Writing checkpoint, step 78567030 at Thu Sep 28 05:31:49 2023


Writing checkpoint, step 78767380 at Thu Sep 28 05:46:49 2023


DD  step 78799999 load imb.: force  6.7%

           Step           Time
       78800000   1970000.00000

   Energies (kJ/mol)
           Bond       G96Angle        LJ (SR)   Coulomb (SR)      Potential
    1.47654e+05    5.39403e+04   -5.85487e+06   -2.90425e+04   -5.68232e+06
    Kinetic En.   Total Energy    Temperature Pressure (bar)
    9.66159e+05   -4.71616e+06    3.12252e+02    1.08773e+01

Writing checkpoint, step 78967130 at Thu Sep 28 06:01:49 2023


Writing checkpoint, step 79165980 at Thu Sep 28 06:16:49 2023


DD  step 79199999 load imb.: force  4.7%

           Step           Time
       79200000   1980000.00000

   Energies (kJ/mol)
           Bond       G96Angle        LJ (SR)   Coulomb (SR)      Potential
    1.48041e+05    5.34057e+04   -5.85404e+06   -2.97531e+04   -5.68235e+06
    Kinetic En.   Total Energy    Temperature Pressure (bar)
    9.65842e+05   -4.71651e+06    3.12149e+02    5.75380e+00

Writing checkpoint, step 79364040 at Thu Sep 28 06:31:49 2023


Writing checkpoint, step 79563200 at Thu Sep 28 06:46:49 2023


DD  step 79599999 load imb.: force  5.6%

           Step           Time
       79600000   1990000.00000

   Energies (kJ/mol)
           Bond       G96Angle        LJ (SR)   Coulomb (SR)      Potential
    1.46579e+05    5.39271e+04   -5.85908e+06   -2.93664e+04   -5.68794e+06
    Kinetic En.   Total Energy    Temperature Pressure (bar)
    9.65158e+05   -4.72278e+06    3.11929e+02   -3.80536e+00

Writing checkpoint, step 79762320 at Thu Sep 28 07:01:49 2023


Writing checkpoint, step 79961910 at Thu Sep 28 07:16:49 2023


DD  step 79999999 load imb.: force  5.5%

           Step           Time
       80000000   2000000.00000

   Energies (kJ/mol)
           Bond       G96Angle        LJ (SR)   Coulomb (SR)      Potential
    1.47206e+05    5.32720e+04   -5.85360e+06   -2.92722e+04   -5.68239e+06
    Kinetic En.   Total Energy    Temperature Pressure (bar)
    9.67603e+05   -4.71479e+06    3.12719e+02    1.10545e+01

Writing checkpoint, step 80161030 at Thu Sep 28 07:31:49 2023


Writing checkpoint, step 80360730 at Thu Sep 28 07:46:49 2023


DD  step 80399999 load imb.: force  6.0%

           Step           Time
       80400000   2010000.00000

   Energies (kJ/mol)
           Bond       G96Angle        LJ (SR)   Coulomb (SR)      Potential
    1.47739e+05    5.33980e+04   -5.85281e+06   -2.95033e+04   -5.68118e+06
    Kinetic En.   Total Energy    Temperature Pressure (bar)
    9.70814e+05   -4.71037e+06    3.13756e+02    7.12010e+00

Writing checkpoint, step 80560760 at Thu Sep 28 08:01:49 2023


Writing checkpoint, step 80760480 at Thu Sep 28 08:16:49 2023


DD  step 80799999 load imb.: force  5.0%

           Step           Time
       80800000   2020000.00000

   Energies (kJ/mol)
           Bond       G96Angle        LJ (SR)   Coulomb (SR)      Potential
    1.47277e+05    5.40209e+04   -5.85772e+06   -2.92219e+04   -5.68565e+06
    Kinetic En.   Total Energy    Temperature Pressure (bar)
    9.67726e+05   -4.71792e+06    3.12759e+02    3.10753e+00

Writing checkpoint, step 80960140 at Thu Sep 28 08:31:49 2023


Writing checkpoint, step 81159580 at Thu Sep 28 08:46:49 2023


DD  step 81199999 load imb.: force  4.9%

           Step           Time
       81200000   2030000.00000

   Energies (kJ/mol)
           Bond       G96Angle        LJ (SR)   Coulomb (SR)      Potential
    1.47597e+05    5.30517e+04   -5.85837e+06   -2.91850e+04   -5.68691e+06
    Kinetic En.   Total Energy    Temperature Pressure (bar)
    9.63922e+05   -4.72299e+06    3.11529e+02    3.37793e+00

Writing checkpoint, step 81358990 at Thu Sep 28 09:01:49 2023


Writing checkpoint, step 81558440 at Thu Sep 28 09:16:49 2023


DD  step 81599999 load imb.: force  7.0%

           Step           Time
       81600000   2040000.00000

   Energies (kJ/mol)
           Bond       G96Angle        LJ (SR)   Coulomb (SR)      Potential
    1.47057e+05    5.32029e+04   -5.85189e+06   -2.93298e+04   -5.68096e+06
    Kinetic En.   Total Energy    Temperature Pressure (bar)
    9.67481e+05   -4.71348e+06    3.12679e+02    1.78179e+01

Writing checkpoint, step 81758010 at Thu Sep 28 09:31:49 2023


Writing checkpoint, step 81958160 at Thu Sep 28 09:46:49 2023


DD  step 81999999 load imb.: force  4.4%

           Step           Time
       82000000   2050000.00000

   Energies (kJ/mol)
           Bond       G96Angle        LJ (SR)   Coulomb (SR)      Potential
    1.48301e+05    5.38231e+04   -5.85634e+06   -2.89471e+04   -5.68316e+06
    Kinetic En.   Total Energy    Temperature Pressure (bar)
    9.65469e+05   -4.71769e+06    3.12029e+02    1.17622e-01

Writing checkpoint, step 82158340 at Thu Sep 28 10:01:49 2023


Writing checkpoint, step 82358830 at Thu Sep 28 10:16:49 2023


DD  step 82399999 load imb.: force  7.3%

           Step           Time
       82400000   2060000.00000

   Energies (kJ/mol)
           Bond       G96Angle        LJ (SR)   Coulomb (SR)      Potential
    1.47768e+05    5.33742e+04   -5.86161e+06   -2.93221e+04   -5.68979e+06
    Kinetic En.   Total Energy    Temperature Pressure (bar)
    9.67952e+05   -4.72184e+06    3.12831e+02   -9.08721e+00

Writing checkpoint, step 82558990 at Thu Sep 28 10:31:49 2023


Writing checkpoint, step 82759670 at Thu Sep 28 10:46:49 2023


DD  step 82799999 load imb.: force  4.7%

           Step           Time
       82800000   2070000.00000

   Energies (kJ/mol)
           Bond       G96Angle        LJ (SR)   Coulomb (SR)      Potential
    1.48024e+05    5.32447e+04   -5.85748e+06   -2.94886e+04   -5.68570e+06
    Kinetic En.   Total Energy    Temperature Pressure (bar)
    9.66654e+05   -4.71905e+06    3.12412e+02   -2.34569e+00

Writing checkpoint, step 82960950 at Thu Sep 28 11:01:49 2023


Writing checkpoint, step 83161620 at Thu Sep 28 11:16:49 2023


DD  step 83199999 load imb.: force  3.8%

           Step           Time
       83200000   2080000.00000

   Energies (kJ/mol)
           Bond       G96Angle        LJ (SR)   Coulomb (SR)      Potential
    1.46775e+05    5.32528e+04   -5.85920e+06   -2.95797e+04   -5.68875e+06
    Kinetic En.   Total Energy    Temperature Pressure (bar)
    9.66133e+05   -4.72262e+06    3.12244e+02   -5.82661e+00

Writing checkpoint, step 83362460 at Thu Sep 28 11:31:49 2023


Writing checkpoint, step 83562260 at Thu Sep 28 11:46:49 2023


DD  step 83599999 load imb.: force  5.0%

           Step           Time
       83600000   2090000.00000

   Energies (kJ/mol)
           Bond       G96Angle        LJ (SR)   Coulomb (SR)      Potential
    1.47180e+05    5.29864e+04   -5.86095e+06   -2.96586e+04   -5.69044e+06
    Kinetic En.   Total Energy    Temperature Pressure (bar)
    9.66067e+05   -4.72438e+06    3.12222e+02   -5.11930e+00

Writing checkpoint, step 83761610 at Thu Sep 28 12:01:49 2023


Writing checkpoint, step 83960790 at Thu Sep 28 12:16:49 2023


DD  step 83999999 load imb.: force  3.7%

           Step           Time
       84000000   2100000.00000

   Energies (kJ/mol)
           Bond       G96Angle        LJ (SR)   Coulomb (SR)      Potential
    1.47178e+05    5.34548e+04   -5.85885e+06   -2.92103e+04   -5.68743e+06
    Kinetic En.   Total Energy    Temperature Pressure (bar)
    9.63754e+05   -4.72367e+06    3.11475e+02    1.37182e+00

Writing checkpoint, step 84161310 at Thu Sep 28 12:31:49 2023


Writing checkpoint, step 84361420 at Thu Sep 28 12:46:49 2023


DD  step 84399999 load imb.: force  5.0%

           Step           Time
       84400000   2110000.00000

   Energies (kJ/mol)
           Bond       G96Angle        LJ (SR)   Coulomb (SR)      Potential
    1.46894e+05    5.35832e+04   -5.85707e+06   -3.03060e+04   -5.68690e+06
    Kinetic En.   Total Energy    Temperature Pressure (bar)
    9.65436e+05   -4.72146e+06    3.12018e+02    9.71753e-01

Writing checkpoint, step 84561900 at Thu Sep 28 13:01:49 2023


Writing checkpoint, step 84762040 at Thu Sep 28 13:16:49 2023


DD  step 84799999 load imb.: force  4.0%

           Step           Time
       84800000   2120000.00000

   Energies (kJ/mol)
           Bond       G96Angle        LJ (SR)   Coulomb (SR)      Potential
    1.46718e+05    5.33761e+04   -5.85249e+06   -2.98545e+04   -5.68225e+06
    Kinetic En.   Total Energy    Temperature Pressure (bar)
    9.66250e+05   -4.71600e+06    3.12281e+02    4.51209e+00

Writing checkpoint, step 84961330 at Thu Sep 28 13:31:49 2023


Writing checkpoint, step 85160190 at Thu Sep 28 13:46:49 2023


DD  step 85199999 load imb.: force  5.2%

           Step           Time
       85200000   2130000.00000

   Energies (kJ/mol)
           Bond       G96Angle        LJ (SR)   Coulomb (SR)      Potential
    1.46935e+05    5.34538e+04   -5.85508e+06   -2.99867e+04   -5.68467e+06
    Kinetic En.   Total Energy    Temperature Pressure (bar)
    9.66989e+05   -4.71768e+06    3.12520e+02    2.59045e+00

Writing checkpoint, step 85359350 at Thu Sep 28 14:01:49 2023


Writing checkpoint, step 85558740 at Thu Sep 28 14:16:49 2023


DD  step 85599999 load imb.: force  4.3%

           Step           Time
       85600000   2140000.00000

   Energies (kJ/mol)
           Bond       G96Angle        LJ (SR)   Coulomb (SR)      Potential
    1.48376e+05    5.31541e+04   -5.85380e+06   -2.96508e+04   -5.68192e+06
    Kinetic En.   Total Energy    Temperature Pressure (bar)
    9.67987e+05   -4.71393e+06    3.12843e+02    1.28539e+01

Writing checkpoint, step 85757790 at Thu Sep 28 14:31:49 2023


Writing checkpoint, step 85956010 at Thu Sep 28 14:46:49 2023


DD  step 85999999 load imb.: force  5.7%

           Step           Time
       86000000   2150000.00000

   Energies (kJ/mol)
           Bond       G96Angle        LJ (SR)   Coulomb (SR)      Potential
    1.47745e+05    5.36514e+04   -5.85580e+06   -2.98795e+04   -5.68429e+06
    Kinetic En.   Total Energy    Temperature Pressure (bar)
    9.65831e+05   -4.71845e+06    3.12146e+02    6.34469e-01

Writing checkpoint, step 86153840 at Thu Sep 28 15:01:49 2023


Writing checkpoint, step 86351680 at Thu Sep 28 15:16:49 2023


DD  step 86399999 load imb.: force  6.0%

           Step           Time
       86400000   2160000.00000

   Energies (kJ/mol)
           Bond       G96Angle        LJ (SR)   Coulomb (SR)      Potential
    1.47518e+05    5.40353e+04   -5.85910e+06   -2.92368e+04   -5.68678e+06
    Kinetic En.   Total Energy    Temperature Pressure (bar)
    9.63917e+05   -4.72287e+06    3.11527e+02   -8.25468e+00

Writing checkpoint, step 86550070 at Thu Sep 28 15:31:49 2023


Writing checkpoint, step 86748350 at Thu Sep 28 15:46:49 2023


DD  step 86799999 load imb.: force  5.2%

           Step           Time
       86800000   2170000.00000

   Energies (kJ/mol)
           Bond       G96Angle        LJ (SR)   Coulomb (SR)      Potential
    1.48323e+05    5.38684e+04   -5.85582e+06   -2.94115e+04   -5.68304e+06
    Kinetic En.   Total Energy    Temperature Pressure (bar)
    9.68101e+05   -4.71493e+06    3.12880e+02    6.39783e+00

Writing checkpoint, step 86946900 at Thu Sep 28 16:01:49 2023


Writing checkpoint, step 87144590 at Thu Sep 28 16:16:49 2023


DD  step 87199999 load imb.: force  5.6%

           Step           Time
       87200000   2180000.00000

   Energies (kJ/mol)
           Bond       G96Angle        LJ (SR)   Coulomb (SR)      Potential
    1.47251e+05    5.39546e+04   -5.85789e+06   -2.92411e+04   -5.68592e+06
    Kinetic En.   Total Energy    Temperature Pressure (bar)
    9.68272e+05   -4.71765e+06    3.12935e+02   -4.51828e-01

Writing checkpoint, step 87341970 at Thu Sep 28 16:31:49 2023


Writing checkpoint, step 87539240 at Thu Sep 28 16:46:49 2023


DD  step 87599999 load imb.: force  5.8%

           Step           Time
       87600000   2190000.00000

   Energies (kJ/mol)
           Bond       G96Angle        LJ (SR)   Coulomb (SR)      Potential
    1.47275e+05    5.33659e+04   -5.85433e+06   -2.91811e+04   -5.68287e+06
    Kinetic En.   Total Energy    Temperature Pressure (bar)
    9.67268e+05   -4.71561e+06    3.12610e+02   -7.62384e-01

Writing checkpoint, step 87737340 at Thu Sep 28 17:01:49 2023


Writing checkpoint, step 87935630 at Thu Sep 28 17:16:49 2023


DD  step 87999999 load imb.: force  6.4%

           Step           Time
       88000000   2200000.00000

   Energies (kJ/mol)
           Bond       G96Angle        LJ (SR)   Coulomb (SR)      Potential
    1.48134e+05    5.36092e+04   -5.85634e+06   -2.93678e+04   -5.68396e+06
    Kinetic En.   Total Energy    Temperature Pressure (bar)
    9.70018e+05   -4.71395e+06    3.13499e+02    9.18979e-01

Writing checkpoint, step 88134120 at Thu Sep 28 17:31:49 2023


Writing checkpoint, step 88333050 at Thu Sep 28 17:46:49 2023


DD  step 88399999 load imb.: force  7.0%

           Step           Time
       88400000   2210000.00000

   Energies (kJ/mol)
           Bond       G96Angle        LJ (SR)   Coulomb (SR)      Potential
    1.47407e+05    5.36363e+04   -5.85442e+06   -2.89817e+04   -5.68236e+06
    Kinetic En.   Total Energy    Temperature Pressure (bar)
    9.70830e+05   -4.71153e+06    3.13762e+02    7.28029e+00

Writing checkpoint, step 88531920 at Thu Sep 28 18:01:49 2023


Writing checkpoint, step 88730910 at Thu Sep 28 18:16:49 2023


DD  step 88799999 load imb.: force  4.6%

           Step           Time
       88800000   2220000.00000

   Energies (kJ/mol)
           Bond       G96Angle        LJ (SR)   Coulomb (SR)      Potential
    1.47438e+05    5.34057e+04   -5.85464e+06   -2.92254e+04   -5.68302e+06
    Kinetic En.   Total Energy    Temperature Pressure (bar)
    9.65193e+05   -4.71783e+06    3.11940e+02    1.29340e+01

Writing checkpoint, step 88930090 at Thu Sep 28 18:31:49 2023


Writing checkpoint, step 89129180 at Thu Sep 28 18:46:49 2023


DD  step 89199999 load imb.: force  6.7%

           Step           Time
       89200000   2230000.00000

   Energies (kJ/mol)
           Bond       G96Angle        LJ (SR)   Coulomb (SR)      Potential
    1.47921e+05    5.39555e+04   -5.85422e+06   -2.97834e+04   -5.68212e+06
    Kinetic En.   Total Energy    Temperature Pressure (bar)
    9.69084e+05   -4.71304e+06    3.13197e+02    6.88812e+00

Writing checkpoint, step 89328320 at Thu Sep 28 19:01:49 2023


Writing checkpoint, step 89527820 at Thu Sep 28 19:16:49 2023


DD  step 89599999 load imb.: force  4.4%

           Step           Time
       89600000   2240000.00000

   Energies (kJ/mol)
           Bond       G96Angle        LJ (SR)   Coulomb (SR)      Potential
    1.48229e+05    5.41809e+04   -5.85966e+06   -2.97103e+04   -5.68696e+06
    Kinetic En.   Total Energy    Temperature Pressure (bar)
    9.65848e+05   -4.72111e+06    3.12152e+02   -3.19526e+00

Writing checkpoint, step 89727050 at Thu Sep 28 19:31:49 2023


Writing checkpoint, step 89926240 at Thu Sep 28 19:46:49 2023


DD  step 89999999 load imb.: force  4.6%

           Step           Time
       90000000   2250000.00000

   Energies (kJ/mol)
           Bond       G96Angle        LJ (SR)   Coulomb (SR)      Potential
    1.47814e+05    5.29721e+04   -5.86009e+06   -2.99772e+04   -5.68928e+06
    Kinetic En.   Total Energy    Temperature Pressure (bar)
    9.64727e+05   -4.72455e+06    3.11789e+02   -4.34555e+00

Writing checkpoint, step 90124960 at Thu Sep 28 20:01:49 2023


Writing checkpoint, step 90323600 at Thu Sep 28 20:16:49 2023


DD  step 90399999 load imb.: force  5.3%

           Step           Time
       90400000   2260000.00000

   Energies (kJ/mol)
           Bond       G96Angle        LJ (SR)   Coulomb (SR)      Potential
    1.46032e+05    5.34291e+04   -5.85787e+06   -2.96134e+04   -5.68803e+06
    Kinetic En.   Total Energy    Temperature Pressure (bar)
    9.68675e+05   -4.71935e+06    3.13065e+02   -6.28502e-01

Writing checkpoint, step 90521800 at Thu Sep 28 20:31:49 2023


Writing checkpoint, step 90720610 at Thu Sep 28 20:46:49 2023


DD  step 90799999 load imb.: force  4.3%

           Step           Time
       90800000   2270000.00000

   Energies (kJ/mol)
           Bond       G96Angle        LJ (SR)   Coulomb (SR)      Potential
    1.47108e+05    5.29988e+04   -5.85944e+06   -2.93324e+04   -5.68867e+06
    Kinetic En.   Total Energy    Temperature Pressure (bar)
    9.66167e+05   -4.72250e+06    3.12254e+02   -1.13883e+01

Writing checkpoint, step 90918980 at Thu Sep 28 21:01:49 2023


Writing checkpoint, step 91117170 at Thu Sep 28 21:16:49 2023


DD  step 91199999 load imb.: force  6.8%

           Step           Time
       91200000   2280000.00000

   Energies (kJ/mol)
           Bond       G96Angle        LJ (SR)   Coulomb (SR)      Potential
    1.46544e+05    5.38008e+04   -5.85467e+06   -2.92908e+04   -5.68361e+06
    Kinetic En.   Total Energy    Temperature Pressure (bar)
    9.68111e+05   -4.71550e+06    3.12883e+02    8.50323e+00

Writing checkpoint, step 91315580 at Thu Sep 28 21:31:49 2023


Writing checkpoint, step 91513800 at Thu Sep 28 21:46:49 2023


DD  step 91599999 load imb.: force  5.7%

           Step           Time
       91600000   2290000.00000

   Energies (kJ/mol)
           Bond       G96Angle        LJ (SR)   Coulomb (SR)      Potential
    1.47066e+05    5.36628e+04   -5.85724e+06   -2.90844e+04   -5.68559e+06
    Kinetic En.   Total Energy    Temperature Pressure (bar)
    9.65807e+05   -4.71979e+06    3.12138e+02   -5.19194e+00

Writing checkpoint, step 91712090 at Thu Sep 28 22:01:49 2023


Writing checkpoint, step 91910290 at Thu Sep 28 22:16:49 2023


DD  step 91999999 load imb.: force  7.5%

           Step           Time
       92000000   2300000.00000

   Energies (kJ/mol)
           Bond       G96Angle        LJ (SR)   Coulomb (SR)      Potential
    1.49051e+05    5.42138e+04   -5.85149e+06   -3.00736e+04   -5.67829e+06
    Kinetic En.   Total Energy    Temperature Pressure (bar)
    9.67981e+05   -4.71031e+06    3.12841e+02    1.84607e+00

Writing checkpoint, step 92108260 at Thu Sep 28 22:31:49 2023


Writing checkpoint, step 92306480 at Thu Sep 28 22:46:49 2023


DD  step 92399999 load imb.: force  5.6%

           Step           Time
       92400000   2310000.00000

   Energies (kJ/mol)
           Bond       G96Angle        LJ (SR)   Coulomb (SR)      Potential
    1.48327e+05    5.35778e+04   -5.85678e+06   -2.93595e+04   -5.68424e+06
    Kinetic En.   Total Energy    Temperature Pressure (bar)
    9.68401e+05   -4.71584e+06    3.12976e+02    5.08351e-01

Writing checkpoint, step 92504950 at Thu Sep 28 23:01:49 2023


Writing checkpoint, step 92703340 at Thu Sep 28 23:16:49 2023


DD  step 92799999 load imb.: force  4.6%

           Step           Time
       92800000   2320000.00000

   Energies (kJ/mol)
           Bond       G96Angle        LJ (SR)   Coulomb (SR)      Potential
    1.47492e+05    5.34398e+04   -5.85916e+06   -2.95235e+04   -5.68775e+06
    Kinetic En.   Total Energy    Temperature Pressure (bar)
    9.63758e+05   -4.72399e+06    3.11476e+02   -6.48403e+00

Writing checkpoint, step 92901600 at Thu Sep 28 23:31:49 2023


Writing checkpoint, step 93099610 at Thu Sep 28 23:46:49 2023


DD  step 93199999 load imb.: force  6.0%

           Step           Time
       93200000   2330000.00000

   Energies (kJ/mol)
           Bond       G96Angle        LJ (SR)   Coulomb (SR)      Potential
    1.47265e+05    5.36592e+04   -5.85643e+06   -2.92174e+04   -5.68473e+06
    Kinetic En.   Total Energy    Temperature Pressure (bar)
    9.66695e+05   -4.71803e+06    3.12425e+02    3.92497e+00

Writing checkpoint, step 93298230 at Fri Sep 29 00:01:49 2023


Writing checkpoint, step 93497030 at Fri Sep 29 00:16:49 2023


DD  step 93599999 load imb.: force  5.1%

           Step           Time
       93600000   2340000.00000

   Energies (kJ/mol)
           Bond       G96Angle        LJ (SR)   Coulomb (SR)      Potential
    1.46999e+05    5.33910e+04   -5.85595e+06   -2.92963e+04   -5.68485e+06
    Kinetic En.   Total Energy    Temperature Pressure (bar)
    9.66584e+05   -4.71827e+06    3.12389e+02    6.82342e+00

Writing checkpoint, step 93695830 at Fri Sep 29 00:31:49 2023


Writing checkpoint, step 93895020 at Fri Sep 29 00:46:49 2023


DD  step 93999999 load imb.: force  5.3%

           Step           Time
       94000000   2350000.00000

   Energies (kJ/mol)
           Bond       G96Angle        LJ (SR)   Coulomb (SR)      Potential
    1.47663e+05    5.38249e+04   -5.85536e+06   -2.91113e+04   -5.68298e+06
    Kinetic En.   Total Energy    Temperature Pressure (bar)
    9.66359e+05   -4.71662e+06    3.12317e+02    1.01652e+00

Writing checkpoint, step 94093800 at Fri Sep 29 01:01:49 2023


Writing checkpoint, step 94292280 at Fri Sep 29 01:16:49 2023


DD  step 94399999 load imb.: force  4.9%

           Step           Time
       94400000   2360000.00000

   Energies (kJ/mol)
           Bond       G96Angle        LJ (SR)   Coulomb (SR)      Potential
    1.47155e+05    5.37330e+04   -5.85261e+06   -2.92323e+04   -5.68096e+06
    Kinetic En.   Total Energy    Temperature Pressure (bar)
    9.69071e+05   -4.71189e+06    3.13193e+02    8.28627e+00

Writing checkpoint, step 94490000 at Fri Sep 29 01:31:49 2023


Writing checkpoint, step 94688060 at Fri Sep 29 01:46:49 2023


DD  step 94799999 load imb.: force  5.1%

           Step           Time
       94800000   2370000.00000

   Energies (kJ/mol)
           Bond       G96Angle        LJ (SR)   Coulomb (SR)      Potential
    1.48600e+05    5.38318e+04   -5.85749e+06   -2.96417e+04   -5.68470e+06
    Kinetic En.   Total Energy    Temperature Pressure (bar)
    9.65134e+05   -4.71957e+06    3.11921e+02    1.88923e+00

Writing checkpoint, step 94886320 at Fri Sep 29 02:01:49 2023


Writing checkpoint, step 95085340 at Fri Sep 29 02:16:49 2023


DD  step 95199999 load imb.: force  5.3%

           Step           Time
       95200000   2380000.00000

   Energies (kJ/mol)
           Bond       G96Angle        LJ (SR)   Coulomb (SR)      Potential
    1.45820e+05    5.29714e+04   -5.85884e+06   -2.92991e+04   -5.68935e+06
    Kinetic En.   Total Energy    Temperature Pressure (bar)
    9.65255e+05   -4.72410e+06    3.11960e+02   -2.56980e+00

Writing checkpoint, step 95284500 at Fri Sep 29 02:31:49 2023


Writing checkpoint, step 95483390 at Fri Sep 29 02:46:49 2023


DD  step 95599999 load imb.: force  5.1%

           Step           Time
       95600000   2390000.00000

   Energies (kJ/mol)
           Bond       G96Angle        LJ (SR)   Coulomb (SR)      Potential
    1.47436e+05    5.37380e+04   -5.85624e+06   -2.93979e+04   -5.68447e+06
    Kinetic En.   Total Energy    Temperature Pressure (bar)
    9.66830e+05   -4.71764e+06    3.12469e+02    5.69575e+00

Writing checkpoint, step 95682670 at Fri Sep 29 03:01:49 2023


Writing checkpoint, step 95881650 at Fri Sep 29 03:16:49 2023


DD  step 95999999 load imb.: force  6.5%

           Step           Time
       96000000   2400000.00000

   Energies (kJ/mol)
           Bond       G96Angle        LJ (SR)   Coulomb (SR)      Potential
    1.46608e+05    5.32702e+04   -5.86064e+06   -2.92914e+04   -5.69005e+06
    Kinetic En.   Total Energy    Temperature Pressure (bar)
    9.68538e+05   -4.72151e+06    3.13021e+02   -6.93307e+00

Writing checkpoint, step 96080550 at Fri Sep 29 03:31:49 2023


Writing checkpoint, step 96279170 at Fri Sep 29 03:46:49 2023


DD  step 96399999 load imb.: force  6.9%

           Step           Time
       96400000   2410000.00000

   Energies (kJ/mol)
           Bond       G96Angle        LJ (SR)   Coulomb (SR)      Potential
    1.46783e+05    5.36353e+04   -5.85646e+06   -2.96332e+04   -5.68568e+06
    Kinetic En.   Total Energy    Temperature Pressure (bar)
    9.66798e+05   -4.71888e+06    3.12458e+02    2.82448e-02

Writing checkpoint, step 96477350 at Fri Sep 29 04:01:49 2023


Writing checkpoint, step 96674850 at Fri Sep 29 04:16:49 2023


DD  step 96799999 load imb.: force  7.1%

           Step           Time
       96800000   2420000.00000

   Energies (kJ/mol)
           Bond       G96Angle        LJ (SR)   Coulomb (SR)      Potential
    1.47268e+05    5.38102e+04   -5.85947e+06   -2.92919e+04   -5.68768e+06
    Kinetic En.   Total Energy    Temperature Pressure (bar)
    9.62842e+05   -4.72484e+06    3.11180e+02   -1.36346e+00

Writing checkpoint, step 96872200 at Fri Sep 29 04:31:49 2023


Writing checkpoint, step 97070460 at Fri Sep 29 04:46:49 2023


DD  step 97199999 load imb.: force  4.9%

           Step           Time
       97200000   2430000.00000

   Energies (kJ/mol)
           Bond       G96Angle        LJ (SR)   Coulomb (SR)      Potential
    1.47329e+05    5.35850e+04   -5.85704e+06   -2.94689e+04   -5.68560e+06
    Kinetic En.   Total Energy    Temperature Pressure (bar)
    9.66124e+05   -4.71948e+06    3.12241e+02    5.85220e+00

Writing checkpoint, step 97268620 at Fri Sep 29 05:01:49 2023


Writing checkpoint, step 97466840 at Fri Sep 29 05:16:49 2023


DD  step 97599999 load imb.: force  6.1%

           Step           Time
       97600000   2440000.00000

   Energies (kJ/mol)
           Bond       G96Angle        LJ (SR)   Coulomb (SR)      Potential
    1.48790e+05    5.36982e+04   -5.85539e+06   -2.90472e+04   -5.68195e+06
    Kinetic En.   Total Energy    Temperature Pressure (bar)
    9.63890e+05   -4.71806e+06    3.11519e+02   -3.58371e-01

Writing checkpoint, step 97664460 at Fri Sep 29 05:31:49 2023


Writing checkpoint, step 97861250 at Fri Sep 29 05:46:49 2023


DD  step 97999999 load imb.: force  6.1%

           Step           Time
       98000000   2450000.00000

   Energies (kJ/mol)
           Bond       G96Angle        LJ (SR)   Coulomb (SR)      Potential
    1.47390e+05    5.39978e+04   -5.85911e+06   -2.93087e+04   -5.68703e+06
    Kinetic En.   Total Energy    Temperature Pressure (bar)
    9.64717e+05   -4.72232e+06    3.11786e+02    1.00762e+00

Writing checkpoint, step 98059520 at Fri Sep 29 06:01:49 2023


Writing checkpoint, step 98258720 at Fri Sep 29 06:16:49 2023


DD  step 98399999 load imb.: force  7.1%

           Step           Time
       98400000   2460000.00000

   Energies (kJ/mol)
           Bond       G96Angle        LJ (SR)   Coulomb (SR)      Potential
    1.47114e+05    5.30777e+04   -5.85725e+06   -2.97295e+04   -5.68679e+06
    Kinetic En.   Total Energy    Temperature Pressure (bar)
    9.63140e+05   -4.72365e+06    3.11276e+02   -4.97678e+00

Writing checkpoint, step 98456530 at Fri Sep 29 06:31:49 2023


Writing checkpoint, step 98652730 at Fri Sep 29 06:46:49 2023


DD  step 98799999 load imb.: force  4.7%

           Step           Time
       98800000   2470000.00000

   Energies (kJ/mol)
           Bond       G96Angle        LJ (SR)   Coulomb (SR)      Potential
    1.46393e+05    5.34846e+04   -5.85806e+06   -2.92983e+04   -5.68748e+06
    Kinetic En.   Total Energy    Temperature Pressure (bar)
    9.65246e+05   -4.72224e+06    3.11957e+02   -7.14456e-01

Writing checkpoint, step 98849890 at Fri Sep 29 07:01:49 2023


Writing checkpoint, step 99047480 at Fri Sep 29 07:16:49 2023


DD  step 99199999 load imb.: force  7.0%

           Step           Time
       99200000   2480000.00000

   Energies (kJ/mol)
           Bond       G96Angle        LJ (SR)   Coulomb (SR)      Potential
    1.46734e+05    5.31526e+04   -5.85822e+06   -2.92459e+04   -5.68758e+06
    Kinetic En.   Total Energy    Temperature Pressure (bar)
    9.67700e+05   -4.71988e+06    3.12750e+02    1.58750e+00

Writing checkpoint, step 99244760 at Fri Sep 29 07:31:49 2023


Writing checkpoint, step 99442920 at Fri Sep 29 07:46:49 2023


DD  step 99599999 load imb.: force  4.9%

           Step           Time
       99600000   2490000.00000

   Energies (kJ/mol)
           Bond       G96Angle        LJ (SR)   Coulomb (SR)      Potential
    1.46036e+05    5.33382e+04   -5.85753e+06   -2.96052e+04   -5.68776e+06
    Kinetic En.   Total Energy    Temperature Pressure (bar)
    9.64908e+05   -4.72285e+06    3.11848e+02   -1.79804e+00

Writing checkpoint, step 99640780 at Fri Sep 29 08:01:49 2023


Writing checkpoint, step 99838760 at Fri Sep 29 08:16:49 2023


DD  step 99999999 load imb.: force  6.8%

           Step           Time
      100000000   2500000.00000

   Energies (kJ/mol)
           Bond       G96Angle        LJ (SR)   Coulomb (SR)      Potential
    1.47393e+05    5.40243e+04   -5.85323e+06   -2.93812e+04   -5.68120e+06
    Kinetic En.   Total Energy    Temperature Pressure (bar)
    9.64743e+05   -4.71646e+06    3.11794e+02    3.65498e+00

Writing checkpoint, step 100036810 at Fri Sep 29 08:31:49 2023


Writing checkpoint, step 100235090 at Fri Sep 29 08:46:49 2023


DD  step 100399999 load imb.: force  7.6%

           Step           Time
      100400000   2510000.00000

   Energies (kJ/mol)
           Bond       G96Angle        LJ (SR)   Coulomb (SR)      Potential
    1.46987e+05    5.35133e+04   -5.85768e+06   -2.93641e+04   -5.68654e+06
    Kinetic En.   Total Energy    Temperature Pressure (bar)
    9.63860e+05   -4.72268e+06    3.11509e+02   -6.57978e+00

Writing checkpoint, step 100433250 at Fri Sep 29 09:01:49 2023


Writing checkpoint, step 100632040 at Fri Sep 29 09:16:49 2023


DD  step 100799999 load imb.: force  4.4%

           Step           Time
      100800000   2520000.00000

   Energies (kJ/mol)
           Bond       G96Angle        LJ (SR)   Coulomb (SR)      Potential
    1.46975e+05    5.30781e+04   -5.86000e+06   -2.93643e+04   -5.68932e+06
    Kinetic En.   Total Energy    Temperature Pressure (bar)
    9.65603e+05   -4.72371e+06    3.12072e+02   -9.28402e+00

Writing checkpoint, step 100831900 at Fri Sep 29 09:31:49 2023


Writing checkpoint, step 101030820 at Fri Sep 29 09:46:49 2023


DD  step 101199999 load imb.: force  4.7%

           Step           Time
      101200000   2530000.00000

   Energies (kJ/mol)
           Bond       G96Angle        LJ (SR)   Coulomb (SR)      Potential
    1.46217e+05    5.34743e+04   -5.85397e+06   -2.95002e+04   -5.68378e+06
    Kinetic En.   Total Energy    Temperature Pressure (bar)
    9.68016e+05   -4.71576e+06    3.12852e+02    4.54982e+00

Writing checkpoint, step 101229570 at Fri Sep 29 10:01:49 2023


Writing checkpoint, step 101427840 at Fri Sep 29 10:16:49 2023


DD  step 101599999 load imb.: force  6.3%

           Step           Time
      101600000   2540000.00000

   Energies (kJ/mol)
           Bond       G96Angle        LJ (SR)   Coulomb (SR)      Potential
    1.47583e+05    5.34902e+04   -5.85367e+06   -2.95008e+04   -5.68210e+06
    Kinetic En.   Total Energy    Temperature Pressure (bar)
    9.67114e+05   -4.71499e+06    3.12560e+02    6.49450e+00

Writing checkpoint, step 101626040 at Fri Sep 29 10:31:49 2023


Writing checkpoint, step 101824280 at Fri Sep 29 10:46:49 2023


DD  step 101999999 load imb.: force  5.2%

           Step           Time
      102000000   2550000.00000

   Energies (kJ/mol)
           Bond       G96Angle        LJ (SR)   Coulomb (SR)      Potential
    1.47438e+05    5.35215e+04   -5.85695e+06   -2.91847e+04   -5.68517e+06
    Kinetic En.   Total Energy    Temperature Pressure (bar)
    9.68294e+05   -4.71688e+06    3.12942e+02    2.44613e+00

Writing checkpoint, step 102022170 at Fri Sep 29 11:01:49 2023


Writing checkpoint, step 102220480 at Fri Sep 29 11:16:49 2023


DD  step 102399999 load imb.: force  4.9%

           Step           Time
      102400000   2560000.00000

   Energies (kJ/mol)
           Bond       G96Angle        LJ (SR)   Coulomb (SR)      Potential
    1.46632e+05    5.33445e+04   -5.85522e+06   -2.96350e+04   -5.68488e+06
    Kinetic En.   Total Energy    Temperature Pressure (bar)
    9.68505e+05   -4.71637e+06    3.13010e+02    1.05622e+01

Writing checkpoint, step 102418800 at Fri Sep 29 11:31:49 2023


Writing checkpoint, step 102617360 at Fri Sep 29 11:46:49 2023


DD  step 102799999 load imb.: force  4.5%

           Step           Time
      102800000   2570000.00000

   Energies (kJ/mol)
           Bond       G96Angle        LJ (SR)   Coulomb (SR)      Potential
    1.46204e+05    5.38328e+04   -5.85472e+06   -2.94793e+04   -5.68416e+06
    Kinetic En.   Total Energy    Temperature Pressure (bar)
    9.70948e+05   -4.71321e+06    3.13800e+02   -5.90772e-01

Writing checkpoint, step 102816340 at Fri Sep 29 12:01:49 2023


Writing checkpoint, step 103014620 at Fri Sep 29 12:16:49 2023


DD  step 103199999 load imb.: force  4.6%

           Step           Time
      103200000   2580000.00000

   Energies (kJ/mol)
           Bond       G96Angle        LJ (SR)   Coulomb (SR)      Potential
    1.48083e+05    5.34161e+04   -5.85816e+06   -2.97240e+04   -5.68639e+06
    Kinetic En.   Total Energy    Temperature Pressure (bar)
    9.67432e+05   -4.71896e+06    3.12663e+02    2.32150e+00

Writing checkpoint, step 103213050 at Fri Sep 29 12:31:49 2023


Writing checkpoint, step 103410910 at Fri Sep 29 12:46:49 2023


DD  step 103599999 load imb.: force  5.1%

           Step           Time
      103600000   2590000.00000

   Energies (kJ/mol)
           Bond       G96Angle        LJ (SR)   Coulomb (SR)      Potential
    1.47271e+05    5.36397e+04   -5.85736e+06   -2.90292e+04   -5.68548e+06
    Kinetic En.   Total Energy    Temperature Pressure (bar)
    9.64899e+05   -4.72058e+06    3.11845e+02   -7.74989e-01

Writing checkpoint, step 103608480 at Fri Sep 29 13:01:49 2023


Writing checkpoint, step 103806430 at Fri Sep 29 13:16:49 2023


DD  step 103999999 load imb.: force  9.6%

           Step           Time
      104000000   2600000.00000

   Energies (kJ/mol)
           Bond       G96Angle        LJ (SR)   Coulomb (SR)      Potential
    1.47576e+05    5.35273e+04   -5.85690e+06   -2.94943e+04   -5.68530e+06
    Kinetic En.   Total Energy    Temperature Pressure (bar)
    9.66221e+05   -4.71907e+06    3.12272e+02   -2.95389e+00

Writing checkpoint, step 104004530 at Fri Sep 29 13:31:49 2023


Writing checkpoint, step 104202470 at Fri Sep 29 13:46:49 2023


DD  step 104399999 load imb.: force  5.0%

           Step           Time
      104400000   2610000.00000

   Energies (kJ/mol)
           Bond       G96Angle        LJ (SR)   Coulomb (SR)      Potential
    1.45919e+05    5.35867e+04   -5.85562e+06   -2.91368e+04   -5.68525e+06
    Kinetic En.   Total Energy    Temperature Pressure (bar)
    9.66002e+05   -4.71925e+06    3.12201e+02    3.84423e+00

Writing checkpoint, step 104402250 at Fri Sep 29 14:01:49 2023


Writing checkpoint, step 104601300 at Fri Sep 29 14:16:49 2023


DD  step 104799999 load imb.: force  4.7%

           Step           Time
      104800000   2620000.00000

   Energies (kJ/mol)
           Bond       G96Angle        LJ (SR)   Coulomb (SR)      Potential
    1.47738e+05    5.29651e+04   -5.85931e+06   -2.93523e+04   -5.68796e+06
    Kinetic En.   Total Energy    Temperature Pressure (bar)
    9.69617e+05   -4.71834e+06    3.13370e+02    7.56868e+00

Writing checkpoint, step 104800640 at Fri Sep 29 14:31:49 2023


Writing checkpoint, step 105000310 at Fri Sep 29 14:46:49 2023


DD  step 105199999 load imb.: force  5.2%

           Step           Time
      105200000   2630000.00000

   Energies (kJ/mol)
           Bond       G96Angle        LJ (SR)   Coulomb (SR)      Potential
    1.46048e+05    5.38560e+04   -5.85473e+06   -3.00308e+04   -5.68486e+06
    Kinetic En.   Total Energy    Temperature Pressure (bar)
    9.62752e+05   -4.72211e+06    3.11151e+02   -2.88145e+00

Writing checkpoint, step 105200570 at Fri Sep 29 15:01:49 2023


Writing checkpoint, step 105400930 at Fri Sep 29 15:16:49 2023


DD  step 105599999 load imb.: force  4.5%

           Step           Time
      105600000   2640000.00000

   Energies (kJ/mol)
           Bond       G96Angle        LJ (SR)   Coulomb (SR)      Potential
    1.48110e+05    5.39135e+04   -5.85457e+06   -2.97028e+04   -5.68225e+06
    Kinetic En.   Total Energy    Temperature Pressure (bar)
    9.69831e+05   -4.71242e+06    3.13439e+02   -2.08768e+00

Writing checkpoint, step 105601990 at Fri Sep 29 15:31:49 2023


Writing checkpoint, step 105802470 at Fri Sep 29 15:46:49 2023


DD  step 105999999 load imb.: force  6.7%

           Step           Time
      106000000   2650000.00000

   Energies (kJ/mol)
           Bond       G96Angle        LJ (SR)   Coulomb (SR)      Potential
    1.48237e+05    5.39145e+04   -5.85432e+06   -2.92170e+04   -5.68139e+06
    Kinetic En.   Total Energy    Temperature Pressure (bar)
    9.66738e+05   -4.71465e+06    3.12439e+02    5.60130e+00

Writing checkpoint, step 106001660 at Fri Sep 29 16:01:49 2023


Writing checkpoint, step 106201700 at Fri Sep 29 16:16:49 2023


DD  step 106399999 load imb.: force  5.8%

           Step           Time
      106400000   2660000.00000

   Energies (kJ/mol)
           Bond       G96Angle        LJ (SR)   Coulomb (SR)      Potential
    1.47777e+05    5.36414e+04   -5.85797e+06   -2.90498e+04   -5.68560e+06
    Kinetic En.   Total Energy    Temperature Pressure (bar)
    9.67658e+05   -4.71795e+06    3.12737e+02    4.74078e+00

Writing checkpoint, step 106402590 at Fri Sep 29 16:31:49 2023


Writing checkpoint, step 106603750 at Fri Sep 29 16:46:49 2023


DD  step 106799999 load imb.: force  3.2%

           Step           Time
      106800000   2670000.00000

   Energies (kJ/mol)
           Bond       G96Angle        LJ (SR)   Coulomb (SR)      Potential
    1.48190e+05    5.33726e+04   -5.85259e+06   -2.92675e+04   -5.68029e+06
    Kinetic En.   Total Energy    Temperature Pressure (bar)
    9.63808e+05   -4.71649e+06    3.11492e+02    5.09187e+00

Writing checkpoint, step 106805170 at Fri Sep 29 17:01:49 2023


Writing checkpoint, step 107004450 at Fri Sep 29 17:16:49 2023


DD  step 107199999 load imb.: force  5.9%

           Step           Time
      107200000   2680000.00000

   Energies (kJ/mol)
           Bond       G96Angle        LJ (SR)   Coulomb (SR)      Potential
    1.48163e+05    5.36847e+04   -5.85722e+06   -2.91838e+04   -5.68456e+06
    Kinetic En.   Total Energy    Temperature Pressure (bar)
    9.63186e+05   -4.72137e+06    3.11291e+02    9.20786e-01

Writing checkpoint, step 107203000 at Fri Sep 29 17:31:49 2023


Writing checkpoint, step 107401550 at Fri Sep 29 17:46:49 2023


DD  step 107599999 load imb.: force  4.7%

           Step           Time
      107600000   2690000.00000

   Energies (kJ/mol)
           Bond       G96Angle        LJ (SR)   Coulomb (SR)      Potential
    1.48309e+05    5.35485e+04   -5.85735e+06   -2.95792e+04   -5.68508e+06
    Kinetic En.   Total Energy    Temperature Pressure (bar)
    9.65887e+05   -4.71919e+06    3.12164e+02   -3.78214e+00

Writing checkpoint, step 107602000 at Fri Sep 29 18:01:49 2023


Writing checkpoint, step 107802240 at Fri Sep 29 18:16:49 2023


DD  step 107999999 load imb.: force  4.6%

           Step           Time
      108000000   2700000.00000

   Energies (kJ/mol)
           Bond       G96Angle        LJ (SR)   Coulomb (SR)      Potential
    1.48539e+05    5.36432e+04   -5.85990e+06   -2.92559e+04   -5.68698e+06
    Kinetic En.   Total Energy    Temperature Pressure (bar)
    9.68519e+05   -4.71846e+06    3.13015e+02   -6.13732e+00

Writing checkpoint, step 108002910 at Fri Sep 29 18:31:49 2023


Writing checkpoint, step 108203040 at Fri Sep 29 18:46:49 2023


DD  step 108399999 load imb.: force  3.1%

           Step           Time
      108400000   2710000.00000

   Energies (kJ/mol)
           Bond       G96Angle        LJ (SR)   Coulomb (SR)      Potential
    1.47130e+05    5.30237e+04   -5.85679e+06   -2.91411e+04   -5.68578e+06
    Kinetic En.   Total Energy    Temperature Pressure (bar)
    9.65058e+05   -4.72072e+06    3.11896e+02    1.78959e+00

Writing checkpoint, step 108404580 at Fri Sep 29 19:01:49 2023


Writing checkpoint, step 108606630 at Fri Sep 29 19:16:49 2023


DD  step 108799999 load imb.: force  3.6%

           Step           Time
      108800000   2720000.00000

   Energies (kJ/mol)
           Bond       G96Angle        LJ (SR)   Coulomb (SR)      Potential
    1.46655e+05    5.39002e+04   -5.85902e+06   -2.90989e+04   -5.68756e+06
    Kinetic En.   Total Energy    Temperature Pressure (bar)
    9.64778e+05   -4.72278e+06    3.11806e+02   -3.04171e+00

Writing checkpoint, step 108808740 at Fri Sep 29 19:31:49 2023


Writing checkpoint, step 109011120 at Fri Sep 29 19:46:49 2023


DD  step 109199999 load imb.: force  5.1%

           Step           Time
      109200000   2730000.00000

   Energies (kJ/mol)
           Bond       G96Angle        LJ (SR)   Coulomb (SR)      Potential
    1.47810e+05    5.29437e+04   -5.85497e+06   -2.95604e+04   -5.68377e+06
    Kinetic En.   Total Energy    Temperature Pressure (bar)
    9.65523e+05   -4.71825e+06    3.12046e+02   -8.31705e-01

Writing checkpoint, step 109213140 at Fri Sep 29 20:01:49 2023


Writing checkpoint, step 109413940 at Fri Sep 29 20:16:49 2023


DD  step 109599999 load imb.: force  4.0%

           Step           Time
      109600000   2740000.00000

   Energies (kJ/mol)
           Bond       G96Angle        LJ (SR)   Coulomb (SR)      Potential
    1.46943e+05    5.32159e+04   -5.85680e+06   -3.00120e+04   -5.68665e+06
    Kinetic En.   Total Energy    Temperature Pressure (bar)
    9.65196e+05   -4.72145e+06    3.11941e+02    5.91111e+00

Writing checkpoint, step 109614350 at Fri Sep 29 20:31:49 2023


Writing checkpoint, step 109814490 at Fri Sep 29 20:46:49 2023


DD  step 109999999 load imb.: force  4.8%

           Step           Time
      110000000   2750000.00000

   Energies (kJ/mol)
           Bond       G96Angle        LJ (SR)   Coulomb (SR)      Potential
    1.46643e+05    5.35478e+04   -5.86310e+06   -2.99135e+04   -5.69283e+06
    Kinetic En.   Total Energy    Temperature Pressure (bar)
    9.65058e+05   -4.72777e+06    3.11896e+02   -3.73201e+00

Writing checkpoint, step 110016090 at Fri Sep 29 21:01:49 2023


Writing checkpoint, step 110217340 at Fri Sep 29 21:16:49 2023


DD  step 110399999 load imb.: force  4.3%

           Step           Time
      110400000   2760000.00000

   Energies (kJ/mol)
           Bond       G96Angle        LJ (SR)   Coulomb (SR)      Potential
    1.47129e+05    5.37167e+04   -5.86114e+06   -2.94213e+04   -5.68971e+06
    Kinetic En.   Total Energy    Temperature Pressure (bar)
    9.65762e+05   -4.72395e+06    3.12124e+02   -9.04607e+00

Writing checkpoint, step 110419100 at Fri Sep 29 21:31:49 2023


Writing checkpoint, step 110619000 at Fri Sep 29 21:46:49 2023


DD  step 110799999 load imb.: force  4.6%

           Step           Time
      110800000   2770000.00000

   Energies (kJ/mol)
           Bond       G96Angle        LJ (SR)   Coulomb (SR)      Potential
    1.48084e+05    5.29681e+04   -5.85579e+06   -2.92908e+04   -5.68403e+06
    Kinetic En.   Total Energy    Temperature Pressure (bar)
    9.65964e+05   -4.71806e+06    3.12189e+02    2.02866e+00

Writing checkpoint, step 110819320 at Fri Sep 29 22:01:49 2023


Writing checkpoint, step 111020580 at Fri Sep 29 22:16:49 2023


DD  step 111199999 load imb.: force  4.2%

           Step           Time
      111200000   2780000.00000

   Energies (kJ/mol)
           Bond       G96Angle        LJ (SR)   Coulomb (SR)      Potential
    1.47913e+05    5.38179e+04   -5.85718e+06   -2.95021e+04   -5.68495e+06
    Kinetic En.   Total Energy    Temperature Pressure (bar)
    9.66270e+05   -4.71868e+06    3.12288e+02   -1.37364e+00

Writing checkpoint, step 111220510 at Fri Sep 29 22:31:49 2023


Writing checkpoint, step 111421950 at Fri Sep 29 22:46:49 2023


DD  step 111599999 load imb.: force  4.3%

           Step           Time
      111600000   2790000.00000

   Energies (kJ/mol)
           Bond       G96Angle        LJ (SR)   Coulomb (SR)      Potential
    1.47819e+05    5.34660e+04   -5.85637e+06   -2.92157e+04   -5.68430e+06
    Kinetic En.   Total Energy    Temperature Pressure (bar)
    9.66565e+05   -4.71774e+06    3.12383e+02    5.05822e+00

Writing checkpoint, step 111623970 at Fri Sep 29 23:01:49 2023


Writing checkpoint, step 111825920 at Fri Sep 29 23:16:49 2023


DD  step 111999999 load imb.: force  4.3%

           Step           Time
      112000000   2800000.00000

   Energies (kJ/mol)
           Bond       G96Angle        LJ (SR)   Coulomb (SR)      Potential
    1.47351e+05    5.38248e+04   -5.85470e+06   -2.94822e+04   -5.68301e+06
    Kinetic En.   Total Energy    Temperature Pressure (bar)
    9.70110e+05   -4.71290e+06    3.13529e+02   -3.49168e+00

Writing checkpoint, step 112028120 at Fri Sep 29 23:31:49 2023


Writing checkpoint, step 112230170 at Fri Sep 29 23:46:49 2023


DD  step 112399999 load imb.: force  4.1%

           Step           Time
      112400000   2810000.00000

   Energies (kJ/mol)
           Bond       G96Angle        LJ (SR)   Coulomb (SR)      Potential
    1.47795e+05    5.34031e+04   -5.85674e+06   -2.97099e+04   -5.68525e+06
    Kinetic En.   Total Energy    Temperature Pressure (bar)
    9.65447e+05   -4.71980e+06    3.12022e+02   -1.41130e+00

Writing checkpoint, step 112431540 at Sat Sep 30 00:01:49 2023


Writing checkpoint, step 112632900 at Sat Sep 30 00:16:49 2023


DD  step 112799999 load imb.: force  4.5%

           Step           Time
      112800000   2820000.00000

   Energies (kJ/mol)
           Bond       G96Angle        LJ (SR)   Coulomb (SR)      Potential
    1.47688e+05    5.34026e+04   -5.85516e+06   -2.90588e+04   -5.68313e+06
    Kinetic En.   Total Energy    Temperature Pressure (bar)
    9.66783e+05   -4.71635e+06    3.12454e+02    3.12781e+00

Writing checkpoint, step 112833780 at Sat Sep 30 00:31:49 2023


Writing checkpoint, step 113034330 at Sat Sep 30 00:46:49 2023


DD  step 113199999 load imb.: force  3.8%

           Step           Time
      113200000   2830000.00000

   Energies (kJ/mol)
           Bond       G96Angle        LJ (SR)   Coulomb (SR)      Potential
    1.48234e+05    5.30613e+04   -5.85751e+06   -2.92951e+04   -5.68551e+06
    Kinetic En.   Total Energy    Temperature Pressure (bar)
    9.70477e+05   -4.71503e+06    3.13647e+02    5.89997e+00

Writing checkpoint, step 113235210 at Sat Sep 30 01:01:49 2023


Writing checkpoint, step 113435860 at Sat Sep 30 01:16:49 2023


DD  step 113599999 load imb.: force  4.4%

           Step           Time
      113600000   2840000.00000

   Energies (kJ/mol)
           Bond       G96Angle        LJ (SR)   Coulomb (SR)      Potential
    1.48434e+05    5.39319e+04   -5.85531e+06   -2.91756e+04   -5.68212e+06
    Kinetic En.   Total Energy    Temperature Pressure (bar)
    9.67093e+05   -4.71503e+06    3.12554e+02    7.27081e+00

Writing checkpoint, step 113636650 at Sat Sep 30 01:31:49 2023


Writing checkpoint, step 113837280 at Sat Sep 30 01:46:49 2023


DD  step 113999999 load imb.: force  3.7%

           Step           Time
      114000000   2850000.00000

   Energies (kJ/mol)
           Bond       G96Angle        LJ (SR)   Coulomb (SR)      Potential
    1.46332e+05    5.35435e+04   -5.85485e+06   -2.93708e+04   -5.68435e+06
    Kinetic En.   Total Energy    Temperature Pressure (bar)
    9.68841e+05   -4.71550e+06    3.13119e+02    8.75248e+00

Writing checkpoint, step 114037420 at Sat Sep 30 02:01:49 2023


Writing checkpoint, step 114237460 at Sat Sep 30 02:16:49 2023


DD  step 114399999 load imb.: force  6.7%

           Step           Time
      114400000   2860000.00000

   Energies (kJ/mol)
           Bond       G96Angle        LJ (SR)   Coulomb (SR)      Potential
    1.48384e+05    5.28935e+04   -5.85810e+06   -2.92402e+04   -5.68607e+06
    Kinetic En.   Total Energy    Temperature Pressure (bar)
    9.67211e+05   -4.71886e+06    3.12592e+02    6.23772e+00

Writing checkpoint, step 114437520 at Sat Sep 30 02:31:49 2023


Writing checkpoint, step 114638630 at Sat Sep 30 02:46:49 2023


DD  step 114799999 load imb.: force  4.6%

           Step           Time
      114800000   2870000.00000

   Energies (kJ/mol)
           Bond       G96Angle        LJ (SR)   Coulomb (SR)      Potential
    1.47293e+05    5.37754e+04   -5.85426e+06   -2.97529e+04   -5.68294e+06
    Kinetic En.   Total Energy    Temperature Pressure (bar)
    9.65729e+05   -4.71722e+06    3.12113e+02    8.24464e+00

Writing checkpoint, step 114839120 at Sat Sep 30 03:01:49 2023


Writing checkpoint, step 115038700 at Sat Sep 30 03:16:49 2023


DD  step 115199999 load imb.: force  5.9%

           Step           Time
      115200000   2880000.00000

   Energies (kJ/mol)
           Bond       G96Angle        LJ (SR)   Coulomb (SR)      Potential
    1.48450e+05    5.38536e+04   -5.85348e+06   -2.96727e+04   -5.68084e+06
    Kinetic En.   Total Energy    Temperature Pressure (bar)
    9.68600e+05   -4.71224e+06    3.13041e+02    8.19337e+00

Writing checkpoint, step 115238210 at Sat Sep 30 03:31:49 2023


Writing checkpoint, step 115438730 at Sat Sep 30 03:46:49 2023


DD  step 115599999 load imb.: force  3.5%

           Step           Time
      115600000   2890000.00000

   Energies (kJ/mol)
           Bond       G96Angle        LJ (SR)   Coulomb (SR)      Potential
    1.48065e+05    5.33832e+04   -5.85707e+06   -2.97592e+04   -5.68538e+06
    Kinetic En.   Total Energy    Temperature Pressure (bar)
    9.67235e+05   -4.71815e+06    3.12600e+02   -7.42654e+00

Writing checkpoint, step 115639710 at Sat Sep 30 04:01:49 2023


Writing checkpoint, step 115840320 at Sat Sep 30 04:16:49 2023


DD  step 115999999 load imb.: force  6.4%

           Step           Time
      116000000   2900000.00000

   Energies (kJ/mol)
           Bond       G96Angle        LJ (SR)   Coulomb (SR)      Potential
    1.46169e+05    5.36235e+04   -5.85846e+06   -2.96520e+04   -5.68832e+06
    Kinetic En.   Total Energy    Temperature Pressure (bar)
    9.62934e+05   -4.72539e+06    3.11210e+02    9.81436e-01

Writing checkpoint, step 116040010 at Sat Sep 30 04:31:49 2023


Writing checkpoint, step 116239820 at Sat Sep 30 04:46:49 2023


DD  step 116399999 load imb.: force  5.8%

           Step           Time
      116400000   2910000.00000

   Energies (kJ/mol)
           Bond       G96Angle        LJ (SR)   Coulomb (SR)      Potential
    1.46874e+05    5.36921e+04   -5.85682e+06   -2.92004e+04   -5.68545e+06
    Kinetic En.   Total Energy    Temperature Pressure (bar)
    9.63701e+05   -4.72175e+06    3.11458e+02   -6.35429e+00

Writing checkpoint, step 116440480 at Sat Sep 30 05:01:49 2023


Writing checkpoint, step 116642020 at Sat Sep 30 05:16:49 2023


DD  step 116799999 load imb.: force  4.4%

           Step           Time
      116800000   2920000.00000

   Energies (kJ/mol)
           Bond       G96Angle        LJ (SR)   Coulomb (SR)      Potential
    1.47565e+05    5.31366e+04   -5.85389e+06   -2.96335e+04   -5.68282e+06
    Kinetic En.   Total Energy    Temperature Pressure (bar)
    9.68613e+05   -4.71421e+06    3.13045e+02    3.99803e+00

Writing checkpoint, step 116842460 at Sat Sep 30 05:31:49 2023


Writing checkpoint, step 117044110 at Sat Sep 30 05:46:49 2023


DD  step 117199999 load imb.: force  5.3%

           Step           Time
      117200000   2930000.00000

   Energies (kJ/mol)
           Bond       G96Angle        LJ (SR)   Coulomb (SR)      Potential
    1.48865e+05    5.37098e+04   -5.85925e+06   -2.93429e+04   -5.68602e+06
    Kinetic En.   Total Energy    Temperature Pressure (bar)
    9.62227e+05   -4.72379e+06    3.10981e+02   -8.05289e+00

Writing checkpoint, step 117243520 at Sat Sep 30 06:01:49 2023


Writing checkpoint, step 117442990 at Sat Sep 30 06:16:49 2023


DD  step 117599999 load imb.: force  4.3%

           Step           Time
      117600000   2940000.00000

   Energies (kJ/mol)
           Bond       G96Angle        LJ (SR)   Coulomb (SR)      Potential
    1.47198e+05    5.39239e+04   -5.85502e+06   -2.92122e+04   -5.68311e+06
    Kinetic En.   Total Energy    Temperature Pressure (bar)
    9.65213e+05   -4.71790e+06    3.11946e+02    8.71594e-01

Writing checkpoint, step 117644200 at Sat Sep 30 06:31:49 2023


Writing checkpoint, step 117845530 at Sat Sep 30 06:46:49 2023


DD  step 117999999 load imb.: force  7.1%

           Step           Time
      118000000   2950000.00000

   Energies (kJ/mol)
           Bond       G96Angle        LJ (SR)   Coulomb (SR)      Potential
    1.46275e+05    5.34855e+04   -5.85778e+06   -2.95926e+04   -5.68761e+06
    Kinetic En.   Total Energy    Temperature Pressure (bar)
    9.64582e+05   -4.72303e+06    3.11742e+02    4.63139e-01

Writing checkpoint, step 118046440 at Sat Sep 30 07:01:49 2023


Writing checkpoint, step 118247940 at Sat Sep 30 07:16:49 2023


DD  step 118399999 load imb.: force  3.9%

           Step           Time
      118400000   2960000.00000

   Energies (kJ/mol)
           Bond       G96Angle        LJ (SR)   Coulomb (SR)      Potential
    1.46706e+05    5.31136e+04   -5.86082e+06   -2.91219e+04   -5.69012e+06
    Kinetic En.   Total Energy    Temperature Pressure (bar)
    9.68265e+05   -4.72186e+06    3.12932e+02   -5.70335e+00

Writing checkpoint, step 118448540 at Sat Sep 30 07:31:49 2023


Writing checkpoint, step 118648750 at Sat Sep 30 07:46:49 2023


DD  step 118799999 load imb.: force  4.9%

           Step           Time
      118800000   2970000.00000

   Energies (kJ/mol)
           Bond       G96Angle        LJ (SR)   Coulomb (SR)      Potential
    1.48177e+05    5.35446e+04   -5.85405e+06   -2.93651e+04   -5.68169e+06
    Kinetic En.   Total Energy    Temperature Pressure (bar)
    9.67780e+05   -4.71391e+06    3.12776e+02    3.82085e+00

Writing checkpoint, step 118848890 at Sat Sep 30 08:01:49 2023


Writing checkpoint, step 119048430 at Sat Sep 30 08:16:49 2023


DD  step 119199999 load imb.: force  5.8%

           Step           Time
      119200000   2980000.00000

   Energies (kJ/mol)
           Bond       G96Angle        LJ (SR)   Coulomb (SR)      Potential
    1.48264e+05    5.37689e+04   -5.85415e+06   -2.96835e+04   -5.68180e+06
    Kinetic En.   Total Energy    Temperature Pressure (bar)
    9.68954e+05   -4.71285e+06    3.13155e+02    6.99960e+00

Writing checkpoint, step 119247480 at Sat Sep 30 08:31:49 2023


Writing checkpoint, step 119446500 at Sat Sep 30 08:46:49 2023


DD  step 119599999 load imb.: force  6.8%

           Step           Time
      119600000   2990000.00000

   Energies (kJ/mol)
           Bond       G96Angle        LJ (SR)   Coulomb (SR)      Potential
    1.48862e+05    5.37100e+04   -5.85110e+06   -2.98456e+04   -5.67837e+06
    Kinetic En.   Total Energy    Temperature Pressure (bar)
    9.64727e+05   -4.71365e+06    3.11789e+02    1.27550e+01

Writing checkpoint, step 119645780 at Sat Sep 30 09:01:49 2023


Writing checkpoint, step 119845210 at Sat Sep 30 09:16:49 2023


DD  step 119999999 load imb.: force  4.7%

           Step           Time
      120000000   3000000.00000

   Energies (kJ/mol)
           Bond       G96Angle        LJ (SR)   Coulomb (SR)      Potential
    1.47024e+05    5.35919e+04   -5.85673e+06   -2.97500e+04   -5.68586e+06
    Kinetic En.   Total Energy    Temperature Pressure (bar)
    9.66831e+05   -4.71903e+06    3.12469e+02   -1.94122e-01

Writing checkpoint, step 120044680 at Sat Sep 30 09:31:49 2023


Writing checkpoint, step 120244250 at Sat Sep 30 09:46:49 2023


DD  step 120399999 load imb.: force  4.7%

           Step           Time
      120400000   3010000.00000

   Energies (kJ/mol)
           Bond       G96Angle        LJ (SR)   Coulomb (SR)      Potential
    1.48244e+05    5.38786e+04   -5.85380e+06   -2.97508e+04   -5.68143e+06
    Kinetic En.   Total Energy    Temperature Pressure (bar)
    9.69368e+05   -4.71206e+06    3.13289e+02    1.25545e+01

Writing checkpoint, step 120443730 at Sat Sep 30 10:01:49 2023


Writing checkpoint, step 120642880 at Sat Sep 30 10:16:49 2023


DD  step 120799999 load imb.: force  4.7%

           Step           Time
      120800000   3020000.00000

   Energies (kJ/mol)
           Bond       G96Angle        LJ (SR)   Coulomb (SR)      Potential
    1.46918e+05    5.40061e+04   -5.85837e+06   -2.96110e+04   -5.68706e+06
    Kinetic En.   Total Energy    Temperature Pressure (bar)
    9.66224e+05   -4.72084e+06    3.12273e+02   -7.29432e+00

Writing checkpoint, step 120842330 at Sat Sep 30 10:31:49 2023


Writing checkpoint, step 121042190 at Sat Sep 30 10:46:49 2023


DD  step 121199999 load imb.: force  4.4%

           Step           Time
      121200000   3030000.00000

   Energies (kJ/mol)
           Bond       G96Angle        LJ (SR)   Coulomb (SR)      Potential
    1.47289e+05    5.34720e+04   -5.85604e+06   -2.93463e+04   -5.68463e+06
    Kinetic En.   Total Energy    Temperature Pressure (bar)
    9.66800e+05   -4.71783e+06    3.12459e+02    8.75360e+00

Writing checkpoint, step 121242040 at Sat Sep 30 11:01:49 2023


Writing checkpoint, step 121441550 at Sat Sep 30 11:16:49 2023




Received the second INT/TERM signal, stopping within 2 steps

           Step           Time
      121445072   3036126.80000

Writing checkpoint, step 121445072 at Sat Sep 30 11:17:05 2023




-----------------------------------------------------------
Restarting from checkpoint, appending to previous log file.

Log file opened on Mon Oct  2 10:16:10 2023
Host: halc055.amarel.rutgers.edu  pid: 194407  rank ID: 0  number of ranks:  32
                      :-) GROMACS - gmx mdrun, 2016.1 (-:

Executable:   /opt/sw/packages/intel-17.0.1/mvapich2-2.2/gromacs/2016.1/bin/gmx_mpi
Data prefix:  /opt/sw/packages/intel-17.0.1/mvapich2-2.2/gromacs/2016.1
Working dir:  /scratch/jje63/heat_lig_multinano/Soft_Sphere_4/Octanethiol
Command line:
  gmx_mpi mdrun -s md2.tpr -cpi md.cpt -ntomp 1 -deffnm md -v -rdd 1.4

GROMACS version:    2016.1
Precision:          single
Memory model:       64 bit
MPI library:        MPI
OpenMP support:     enabled (GMX_OPENMP_MAX_THREADS = 32)
GPU support:        disabled
SIMD instructions:  AVX_256
FFT library:        Intel MKL
RDTSCP usage:       enabled
TNG support:        enabled
Hwloc support:      disabled
Tracing support:    disabled
Built on:           Wed Nov 23 15:27:26 EST 2016
Built by:           novosirj@perceval2.hpc.rutgers.edu [CMAKE]
Build OS/arch:      Linux 3.10.0-229.20.1.el7.x86_64 x86_64
Build CPU vendor:   Intel
Build CPU brand:    Intel(R) Xeon(R) CPU E5-2650 v3 @ 2.30GHz
Build CPU family:   6   Model: 63   Stepping: 2
Build CPU features: aes apic avx avx2 clfsh cmov cx8 cx16 f16c fma htt lahf mmx msr nonstop_tsc pcid pclmuldq pdcm pdpe1gb popcnt pse rdrnd rdtscp sse2 sse3 sse4.1 sse4.2 ssse3 tdt x2apic
C compiler:         /opt/sw/packages/intel/17.0.1/compilers_and_libraries/linux/bin/intel64/icc Intel 17.0.0.20161005
C compiler flags:    -mavx   -mkl=sequential  -std=gnu99  -O3 -DNDEBUG -ip -funroll-all-loops -alias-const -ansi-alias  
C++ compiler:       /opt/sw/packages/intel/17.0.1/compilers_and_libraries/linux/bin/intel64/icpc Intel 17.0.0.20161005
C++ compiler flags:  -mavx    -std=c++0x   -O3 -DNDEBUG -ip -funroll-all-loops -alias-const -ansi-alias  


Initializing Domain Decomposition on 32 ranks
Dynamic load balancing: auto
Minimum cell size due to bonded interactions: 1.400 nm
Domain decomposition grid 8 x 4 x 1, separate PME ranks 0
Domain decomposition rank 0, coordinates 0 0 0

The initial number of communication pulses is: X 1 Y 1
The initial domain decomposition cell size is: X 5.65 nm Y 11.30 nm

The maximum allowed distance for charge groups involved in interactions is:
                 non-bonded interactions           1.200 nm
(the following are initial values, they could change due to box deformation)
            two-body bonded interactions  (-rdd)   1.400 nm
          multi-body bonded interactions  (-rdd)   1.400 nm

When dynamic load balancing gets turned on, these settings will change to:
The maximum number of communication pulses is: X 1 Y 1
The minimum size for domain decomposition cells is 1.400 nm
The requested allowed shrink of DD cells (option -dds) is: 0.80
The allowed shrink of domain decomposition cells is: X 0.25 Y 0.12
The maximum allowed distance for charge groups involved in interactions is:
                 non-bonded interactions           1.200 nm
            two-body bonded interactions  (-rdd)   1.400 nm
          multi-body bonded interactions  (-rdd)   1.400 nm

Using 32 MPI processes


NOTE: This file uses the deprecated 'group' cutoff_scheme. This will be
removed in a future release when 'verlet' supports all interaction forms.

Table routines are used for coulomb: true
Table routines are used for vdw:     true
Using shifted Lennard-Jones, switch between 0.9 and 1.2 nm
Cut-off's:   NS: 1.2   Coulomb: 1.2   LJ: 1.2
System total charge: 0.000
Generated table with 1100 data points for Shift.
Tabscale = 500 points/nm
Generated table with 1100 data points for LJ6Shift.
Tabscale = 500 points/nm
Generated table with 1100 data points for LJ12Shift.
Tabscale = 500 points/nm
Potential shift: LJ r^-12: 0.000e+00 r^-6: 0.000e+00

Non-default thread affinity set probably by the OpenMP library,
disabling internal thread affinity

Linking all bonded interactions to atoms

Intra-simulation communication will occur every 1 steps.
Center of mass motion removal mode is Linear
We have the following groups for center of mass motion removal:
  0:  rest
There are: 248096 Atoms
Atom distribution over 32 domains: av 7753 stddev 57 min 7684 max 7964
Grid: 7 x 13 x 13 cells
Initial temperature: 624.708 K

Started mdrun on rank 0 Mon Oct  2 10:16:10 2023

DD  step 121445079 load imb.: force 30.0%


step 121446070 Turning on dynamic load balancing, because the performance loss due to load imbalance is 3.2 %.


step 121447070 Turning off dynamic load balancing, because it is degrading performance.

Atom distribution over 32 domains: av 7753 stddev 56 min 7675 max 7933

step 121455070 Turning on dynamic load balancing, because the performance loss due to load imbalance is 2.0 %.


step 121455270 Turning off dynamic load balancing, because it is degrading performance.

Atom distribution over 32 domains: av 7753 stddev 51 min 7682 max 7896

step 121456070 Will no longer try dynamic load balancing, as it degraded performance.

DD  step 121599999 load imb.: force  9.5%

           Step           Time
      121600000   3040000.00000

   Energies (kJ/mol)
           Bond       G96Angle        LJ (SR)   Coulomb (SR)      Potential
    1.47453e+05    5.38872e+04   -5.85843e+06   -2.91815e+04   -5.68627e+06
    Kinetic En.   Total Energy    Temperature Pressure (bar)
    9.68124e+05   -4.71815e+06    3.12887e+02    4.03140e+00

Writing checkpoint, step 121659710 at Mon Oct  2 10:31:10 2023


Writing checkpoint, step 121877700 at Mon Oct  2 10:46:10 2023


DD  step 121999999 load imb.: force  7.0%

           Step           Time
      122000000   3050000.00000

   Energies (kJ/mol)
           Bond       G96Angle        LJ (SR)   Coulomb (SR)      Potential
    1.48649e+05    5.37208e+04   -5.85665e+06   -2.97171e+04   -5.68400e+06
    Kinetic En.   Total Energy    Temperature Pressure (bar)
    9.66875e+05   -4.71712e+06    3.12483e+02   -1.07399e+00

Writing checkpoint, step 122099390 at Mon Oct  2 11:01:10 2023


Writing checkpoint, step 122313860 at Mon Oct  2 11:16:10 2023


DD  step 122399999 load imb.: force  8.2%

           Step           Time
      122400000   3060000.00000

   Energies (kJ/mol)
           Bond       G96Angle        LJ (SR)   Coulomb (SR)      Potential
    1.48135e+05    5.34908e+04   -5.85897e+06   -2.93779e+04   -5.68672e+06
    Kinetic En.   Total Energy    Temperature Pressure (bar)
    9.63274e+05   -4.72345e+06    3.11319e+02   -8.07707e+00

Writing checkpoint, step 122539840 at Mon Oct  2 11:31:10 2023


Writing checkpoint, step 122757260 at Mon Oct  2 11:46:10 2023


DD  step 122799999 load imb.: force  8.9%

           Step           Time
      122800000   3070000.00000

   Energies (kJ/mol)
           Bond       G96Angle        LJ (SR)   Coulomb (SR)      Potential
    1.48056e+05    5.37870e+04   -5.85961e+06   -2.97458e+04   -5.68751e+06
    Kinetic En.   Total Energy    Temperature Pressure (bar)
    9.67039e+05   -4.72048e+06    3.12536e+02   -1.13272e+01

Writing checkpoint, step 122984680 at Mon Oct  2 12:01:10 2023


Writing checkpoint, step 123194860 at Mon Oct  2 12:16:10 2023


DD  step 123199999 load imb.: force 10.3%

           Step           Time
      123200000   3080000.00000

   Energies (kJ/mol)
           Bond       G96Angle        LJ (SR)   Coulomb (SR)      Potential
    1.47181e+05    5.32915e+04   -5.85677e+06   -2.91606e+04   -5.68546e+06
    Kinetic En.   Total Energy    Temperature Pressure (bar)
    9.67178e+05   -4.71828e+06    3.12581e+02   -4.96141e-01

Writing checkpoint, step 123419850 at Mon Oct  2 12:31:10 2023


DD  step 123599999 load imb.: force  9.2%

           Step           Time
      123600000   3090000.00000

   Energies (kJ/mol)
           Bond       G96Angle        LJ (SR)   Coulomb (SR)      Potential
    1.47308e+05    5.40185e+04   -5.85663e+06   -2.94797e+04   -5.68478e+06
    Kinetic En.   Total Energy    Temperature Pressure (bar)
    9.65049e+05   -4.71974e+06    3.11893e+02    4.51620e+00

Writing checkpoint, step 123637580 at Mon Oct  2 12:46:10 2023


Writing checkpoint, step 123864650 at Mon Oct  2 13:01:10 2023


DD  step 123999999 load imb.: force  9.5%

           Step           Time
      124000000   3100000.00000

   Energies (kJ/mol)
           Bond       G96Angle        LJ (SR)   Coulomb (SR)      Potential
    1.46349e+05    5.34096e+04   -5.85445e+06   -2.93869e+04   -5.68408e+06
    Kinetic En.   Total Energy    Temperature Pressure (bar)
    9.66600e+05   -4.71748e+06    3.12395e+02    2.60127e+00

Writing checkpoint, step 124076680 at Mon Oct  2 13:16:10 2023


Writing checkpoint, step 124298610 at Mon Oct  2 13:31:10 2023


DD  step 124399999 load imb.: force  7.3%

           Step           Time
      124400000   3110000.00000

   Energies (kJ/mol)
           Bond       G96Angle        LJ (SR)   Coulomb (SR)      Potential
    1.47738e+05    5.40531e+04   -5.85579e+06   -3.00022e+04   -5.68400e+06
    Kinetic En.   Total Energy    Temperature Pressure (bar)
    9.68721e+05   -4.71528e+06    3.13080e+02    2.47942e+00

Writing checkpoint, step 124516910 at Mon Oct  2 13:46:10 2023


Writing checkpoint, step 124733160 at Mon Oct  2 14:01:10 2023


DD  step 124799999 load imb.: force 42.9%

           Step           Time
      124800000   3120000.00000

   Energies (kJ/mol)
           Bond       G96Angle        LJ (SR)   Coulomb (SR)      Potential
    1.48617e+05    5.36910e+04   -5.85997e+06   -2.95022e+04   -5.68716e+06
    Kinetic En.   Total Energy    Temperature Pressure (bar)
    9.68973e+05   -4.71819e+06    3.13161e+02   -9.24804e+00

Writing checkpoint, step 124947530 at Mon Oct  2 14:16:10 2023


Writing checkpoint, step 125172610 at Mon Oct  2 14:31:10 2023


DD  step 125199999 load imb.: force  7.0%

           Step           Time
      125200000   3130000.00000

   Energies (kJ/mol)
           Bond       G96Angle        LJ (SR)   Coulomb (SR)      Potential
    1.49571e+05    5.33985e+04   -5.85626e+06   -2.95558e+04   -5.68284e+06
    Kinetic En.   Total Energy    Temperature Pressure (bar)
    9.66936e+05   -4.71591e+06    3.12503e+02   -3.26028e-01

Writing checkpoint, step 125393870 at Mon Oct  2 14:46:10 2023


DD  step 125599999 load imb.: force  7.6%

           Step           Time
      125600000   3140000.00000

   Energies (kJ/mol)
           Bond       G96Angle        LJ (SR)   Coulomb (SR)      Potential
    1.48295e+05    5.32868e+04   -5.85901e+06   -2.93092e+04   -5.68673e+06
    Kinetic En.   Total Energy    Temperature Pressure (bar)
    9.64479e+05   -4.72225e+06    3.11709e+02    1.12481e+00

Writing checkpoint, step 125609390 at Mon Oct  2 15:01:10 2023


Writing checkpoint, step 125832730 at Mon Oct  2 15:16:10 2023


DD  step 125999999 load imb.: force 57.2%

           Step           Time
      126000000   3150000.00000

   Energies (kJ/mol)
           Bond       G96Angle        LJ (SR)   Coulomb (SR)      Potential
    1.46351e+05    5.38723e+04   -5.85649e+06   -2.96459e+04   -5.68591e+06
    Kinetic En.   Total Energy    Temperature Pressure (bar)
    9.62573e+05   -4.72334e+06    3.11093e+02    2.47760e-01

Writing checkpoint, step 126062780 at Mon Oct  2 15:31:10 2023


Writing checkpoint, step 126281600 at Mon Oct  2 15:46:10 2023


DD  step 126399999 load imb.: force  6.5%

           Step           Time
      126400000   3160000.00000

   Energies (kJ/mol)
           Bond       G96Angle        LJ (SR)   Coulomb (SR)      Potential
    1.48446e+05    5.31375e+04   -5.85424e+06   -2.94643e+04   -5.68212e+06
    Kinetic En.   Total Energy    Temperature Pressure (bar)
    9.67721e+05   -4.71440e+06    3.12757e+02    1.00641e+01

Writing checkpoint, step 126506150 at Mon Oct  2 16:01:10 2023


Writing checkpoint, step 126734470 at Mon Oct  2 16:16:10 2023


DD  step 126799999 load imb.: force  5.9%

           Step           Time
      126800000   3170000.00000

   Energies (kJ/mol)
           Bond       G96Angle        LJ (SR)   Coulomb (SR)      Potential
    1.47880e+05    5.31005e+04   -5.85889e+06   -2.92648e+04   -5.68718e+06
    Kinetic En.   Total Energy    Temperature Pressure (bar)
    9.64933e+05   -4.72225e+06    3.11856e+02    1.87682e-01

Writing checkpoint, step 126964880 at Mon Oct  2 16:31:10 2023


Writing checkpoint, step 127186870 at Mon Oct  2 16:46:10 2023


DD  step 127199999 load imb.: force  6.7%

           Step           Time
      127200000   3180000.00000

   Energies (kJ/mol)
           Bond       G96Angle        LJ (SR)   Coulomb (SR)      Potential
    1.47401e+05    5.33078e+04   -5.85904e+06   -2.97797e+04   -5.68811e+06
    Kinetic En.   Total Energy    Temperature Pressure (bar)
    9.66590e+05   -4.72152e+06    3.12391e+02   -9.17729e-01

Writing checkpoint, step 127416260 at Mon Oct  2 17:01:10 2023


DD  step 127599999 load imb.: force  6.8%

           Step           Time
      127600000   3190000.00000

   Energies (kJ/mol)
           Bond       G96Angle        LJ (SR)   Coulomb (SR)      Potential
    1.48398e+05    5.40052e+04   -5.85680e+06   -2.89292e+04   -5.68333e+06
    Kinetic En.   Total Energy    Temperature Pressure (bar)
    9.68897e+05   -4.71443e+06    3.13137e+02    7.21653e+00

Writing checkpoint, step 127650320 at Mon Oct  2 17:16:10 2023


Writing checkpoint, step 127871440 at Mon Oct  2 17:31:10 2023


DD  step 127999999 load imb.: force  6.2%

           Step           Time
      128000000   3200000.00000

   Energies (kJ/mol)
           Bond       G96Angle        LJ (SR)   Coulomb (SR)      Potential
    1.47320e+05    5.30736e+04   -5.85640e+06   -2.90974e+04   -5.68511e+06
    Kinetic En.   Total Energy    Temperature Pressure (bar)
    9.64555e+05   -4.72055e+06    3.11734e+02   -1.27671e+00

Writing checkpoint, step 128104720 at Mon Oct  2 17:46:10 2023


Writing checkpoint, step 128339010 at Mon Oct  2 18:01:10 2023


DD  step 128399999 load imb.: force  5.8%

           Step           Time
      128400000   3210000.00000

   Energies (kJ/mol)
           Bond       G96Angle        LJ (SR)   Coulomb (SR)      Potential
    1.46055e+05    5.34804e+04   -5.85700e+06   -2.96001e+04   -5.68706e+06
    Kinetic En.   Total Energy    Temperature Pressure (bar)
    9.65009e+05   -4.72205e+06    3.11880e+02   -6.72796e+00

Writing checkpoint, step 128571710 at Mon Oct  2 18:16:10 2023


DD  step 128799999 load imb.: force 10.4%

           Step           Time
      128800000   3220000.00000

   Energies (kJ/mol)
           Bond       G96Angle        LJ (SR)   Coulomb (SR)      Potential
    1.48263e+05    5.34366e+04   -5.85605e+06   -2.91767e+04   -5.68353e+06
    Kinetic En.   Total Energy    Temperature Pressure (bar)
    9.66558e+05   -4.71697e+06    3.12381e+02    5.69247e+00

Writing checkpoint, step 128803120 at Mon Oct  2 18:31:10 2023


Writing checkpoint, step 129030590 at Mon Oct  2 18:46:10 2023


DD  step 129199999 load imb.: force  9.5%

           Step           Time
      129200000   3230000.00000

   Energies (kJ/mol)
           Bond       G96Angle        LJ (SR)   Coulomb (SR)      Potential
    1.47543e+05    5.33340e+04   -5.86097e+06   -2.95833e+04   -5.68967e+06
    Kinetic En.   Total Energy    Temperature Pressure (bar)
    9.66312e+05   -4.72336e+06    3.12301e+02   -6.26464e-01

Writing checkpoint, step 129261420 at Mon Oct  2 19:01:10 2023


Writing checkpoint, step 129488750 at Mon Oct  2 19:16:10 2023


DD  step 129599999 load imb.: force  9.5%

           Step           Time
      129600000   3240000.00000

   Energies (kJ/mol)
           Bond       G96Angle        LJ (SR)   Coulomb (SR)      Potential
    1.47310e+05    5.34152e+04   -5.85429e+06   -2.96756e+04   -5.68324e+06
    Kinetic En.   Total Energy    Temperature Pressure (bar)
    9.64330e+05   -4.71891e+06    3.11661e+02    6.03992e+00

Writing checkpoint, step 129720150 at Mon Oct  2 19:31:10 2023


Writing checkpoint, step 129952370 at Mon Oct  2 19:46:10 2023


DD  step 129999999 load imb.: force  9.0%

           Step           Time
      130000000   3250000.00000

   Energies (kJ/mol)
           Bond       G96Angle        LJ (SR)   Coulomb (SR)      Potential
    1.46996e+05    5.38069e+04   -5.85488e+06   -2.93376e+04   -5.68342e+06
    Kinetic En.   Total Energy    Temperature Pressure (bar)
    9.68812e+05   -4.71461e+06    3.13109e+02    6.46249e-01

Writing checkpoint, step 130174750 at Mon Oct  2 20:01:10 2023


Writing checkpoint, step 130398200 at Mon Oct  2 20:16:10 2023


DD  step 130399999 load imb.: force  9.8%

           Step           Time
      130400000   3260000.00000

   Energies (kJ/mol)
           Bond       G96Angle        LJ (SR)   Coulomb (SR)      Potential
    1.46684e+05    5.42326e+04   -5.85796e+06   -2.95283e+04   -5.68658e+06
    Kinetic En.   Total Energy    Temperature Pressure (bar)
    9.64687e+05   -4.72189e+06    3.11776e+02   -2.14519e-01

Writing checkpoint, step 130620700 at Mon Oct  2 20:31:10 2023


DD  step 130799999 load imb.: force  9.5%

           Step           Time
      130800000   3270000.00000

   Energies (kJ/mol)
           Bond       G96Angle        LJ (SR)   Coulomb (SR)      Potential
    1.47871e+05    5.35930e+04   -5.85796e+06   -2.96723e+04   -5.68617e+06
    Kinetic En.   Total Energy    Temperature Pressure (bar)
    9.67990e+05   -4.71818e+06    3.12844e+02    3.06931e+00

Writing checkpoint, step 130847080 at Mon Oct  2 20:46:10 2023


Writing checkpoint, step 131069480 at Mon Oct  2 21:01:10 2023


DD  step 131199999 load imb.: force  9.7%

           Step           Time
      131200000   3280000.00000

   Energies (kJ/mol)
           Bond       G96Angle        LJ (SR)   Coulomb (SR)      Potential
    1.48259e+05    5.35700e+04   -5.85375e+06   -2.91569e+04   -5.68108e+06
    Kinetic En.   Total Energy    Temperature Pressure (bar)
    9.72305e+05   -4.70878e+06    3.14238e+02    1.36258e+01

Writing checkpoint, step 131291680 at Mon Oct  2 21:16:10 2023


Writing checkpoint, step 131512780 at Mon Oct  2 21:31:10 2023


DD  step 131599999 load imb.: force 10.4%

           Step           Time
      131600000   3290000.00000

   Energies (kJ/mol)
           Bond       G96Angle        LJ (SR)   Coulomb (SR)      Potential
    1.47948e+05    5.33431e+04   -5.85878e+06   -2.96083e+04   -5.68710e+06
    Kinetic En.   Total Energy    Temperature Pressure (bar)
    9.67032e+05   -4.72007e+06    3.12534e+02   -4.46447e+00

Writing checkpoint, step 131741280 at Mon Oct  2 21:46:10 2023


Writing checkpoint, step 131972060 at Mon Oct  2 22:01:10 2023


DD  step 131999999 load imb.: force 10.2%

           Step           Time
      132000000   3300000.00000

   Energies (kJ/mol)
           Bond       G96Angle        LJ (SR)   Coulomb (SR)      Potential
    1.49090e+05    5.35266e+04   -5.85245e+06   -2.95382e+04   -5.67938e+06
    Kinetic En.   Total Energy    Temperature Pressure (bar)
    9.68033e+05   -4.71134e+06    3.12858e+02    1.19421e+01

Writing checkpoint, step 132196680 at Mon Oct  2 22:16:10 2023


DD  step 132399999 load imb.: force  9.5%

           Step           Time
      132400000   3310000.00000

   Energies (kJ/mol)
           Bond       G96Angle        LJ (SR)   Coulomb (SR)      Potential
    1.46667e+05    5.27980e+04   -5.85902e+06   -2.94588e+04   -5.68902e+06
    Kinetic En.   Total Energy    Temperature Pressure (bar)
    9.68094e+05   -4.72092e+06    3.12877e+02    5.41468e+00

Writing checkpoint, step 132430980 at Mon Oct  2 22:31:10 2023


Writing checkpoint, step 132663400 at Mon Oct  2 22:46:10 2023


DD  step 132799999 load imb.: force  9.9%

           Step           Time
      132800000   3320000.00000

   Energies (kJ/mol)
           Bond       G96Angle        LJ (SR)   Coulomb (SR)      Potential
    1.47900e+05    5.30300e+04   -5.85927e+06   -2.95752e+04   -5.68791e+06
    Kinetic En.   Total Energy    Temperature Pressure (bar)
    9.64491e+05   -4.72342e+06    3.11713e+02   -6.43075e+00

Writing checkpoint, step 132889290 at Mon Oct  2 23:01:10 2023


Writing checkpoint, step 133118350 at Mon Oct  2 23:16:10 2023


DD  step 133199999 load imb.: force  6.5%

           Step           Time
      133200000   3330000.00000

   Energies (kJ/mol)
           Bond       G96Angle        LJ (SR)   Coulomb (SR)      Potential
    1.46309e+05    5.29979e+04   -5.85095e+06   -2.94940e+04   -5.68113e+06
    Kinetic En.   Total Energy    Temperature Pressure (bar)
    9.64586e+05   -4.71655e+06    3.11744e+02    3.84807e+00

Writing checkpoint, step 133349860 at Mon Oct  2 23:31:10 2023


Writing checkpoint, step 133581160 at Mon Oct  2 23:46:10 2023


DD  step 133599999 load imb.: force  7.3%

           Step           Time
      133600000   3340000.00000

   Energies (kJ/mol)
           Bond       G96Angle        LJ (SR)   Coulomb (SR)      Potential
    1.47583e+05    5.36178e+04   -5.85802e+06   -2.95616e+04   -5.68638e+06
    Kinetic En.   Total Energy    Temperature Pressure (bar)
    9.65089e+05   -4.72129e+06    3.11906e+02    1.10564e+00

Writing checkpoint, step 133814270 at Tue Oct  3 00:01:10 2023


DD  step 133999999 load imb.: force  6.8%

           Step           Time
      134000000   3350000.00000

   Energies (kJ/mol)
           Bond       G96Angle        LJ (SR)   Coulomb (SR)      Potential
    1.47715e+05    5.36197e+04   -5.85625e+06   -2.94042e+04   -5.68432e+06
    Kinetic En.   Total Energy    Temperature Pressure (bar)
    9.65103e+05   -4.71922e+06    3.11911e+02    2.01688e+00

Writing checkpoint, step 134047520 at Tue Oct  3 00:16:10 2023


Writing checkpoint, step 134278160 at Tue Oct  3 00:31:10 2023


DD  step 134399999 load imb.: force  7.2%

           Step           Time
      134400000   3360000.00000

   Energies (kJ/mol)
           Bond       G96Angle        LJ (SR)   Coulomb (SR)      Potential
    1.47098e+05    5.40173e+04   -5.85424e+06   -2.92541e+04   -5.68238e+06
    Kinetic En.   Total Energy    Temperature Pressure (bar)
    9.66984e+05   -4.71539e+06    3.12519e+02    9.93630e+00

Writing checkpoint, step 134489250 at Tue Oct  3 00:46:10 2023


Writing checkpoint, step 134721020 at Tue Oct  3 01:01:10 2023


DD  step 134799999 load imb.: force  7.9%

           Step           Time
      134800000   3370000.00000

   Energies (kJ/mol)
           Bond       G96Angle        LJ (SR)   Coulomb (SR)      Potential
    1.48069e+05    5.31303e+04   -5.85790e+06   -2.97806e+04   -5.68648e+06
    Kinetic En.   Total Energy    Temperature Pressure (bar)
    9.70994e+05   -4.71549e+06    3.13814e+02    3.58014e+00

Writing checkpoint, step 134950310 at Tue Oct  3 01:16:10 2023


Writing checkpoint, step 135175450 at Tue Oct  3 01:31:10 2023


DD  step 135199999 load imb.: force  7.1%

           Step           Time
      135200000   3380000.00000

   Energies (kJ/mol)
           Bond       G96Angle        LJ (SR)   Coulomb (SR)      Potential
    1.47921e+05    5.34602e+04   -5.85396e+06   -2.98070e+04   -5.68239e+06
    Kinetic En.   Total Energy    Temperature Pressure (bar)
    9.67144e+05   -4.71524e+06    3.12570e+02    2.79669e+00

Writing checkpoint, step 135405890 at Tue Oct  3 01:46:10 2023


DD  step 135599999 load imb.: force  7.7%

           Step           Time
      135600000   3390000.00000

   Energies (kJ/mol)
           Bond       G96Angle        LJ (SR)   Coulomb (SR)      Potential
    1.47411e+05    5.44300e+04   -5.85682e+06   -2.94003e+04   -5.68438e+06
    Kinetic En.   Total Energy    Temperature Pressure (bar)
    9.64838e+05   -4.71954e+06    3.11825e+02   -1.00213e+01

Writing checkpoint, step 135635180 at Tue Oct  3 02:01:10 2023


Writing checkpoint, step 135868940 at Tue Oct  3 02:16:10 2023


DD  step 135999999 load imb.: force  7.9%

           Step           Time
      136000000   3400000.00000

   Energies (kJ/mol)
           Bond       G96Angle        LJ (SR)   Coulomb (SR)      Potential
    1.47432e+05    5.33232e+04   -5.85931e+06   -2.91508e+04   -5.68770e+06
    Kinetic En.   Total Energy    Temperature Pressure (bar)
    9.68614e+05   -4.71909e+06    3.13045e+02   -2.86962e+00

Writing checkpoint, step 136103620 at Tue Oct  3 02:31:10 2023


Writing checkpoint, step 136333420 at Tue Oct  3 02:46:10 2023


DD  step 136399999 load imb.: force  7.4%

           Step           Time
      136400000   3410000.00000

   Energies (kJ/mol)
           Bond       G96Angle        LJ (SR)   Coulomb (SR)      Potential
    1.47216e+05    5.32056e+04   -5.85520e+06   -2.96907e+04   -5.68446e+06
    Kinetic En.   Total Energy    Temperature Pressure (bar)
    9.65883e+05   -4.71858e+06    3.12163e+02    8.53092e+00

Writing checkpoint, step 136555130 at Tue Oct  3 03:01:10 2023


Writing checkpoint, step 136785500 at Tue Oct  3 03:16:10 2023


DD  step 136799999 load imb.: force  7.5%

           Step           Time
      136800000   3420000.00000

   Energies (kJ/mol)
           Bond       G96Angle        LJ (SR)   Coulomb (SR)      Potential
    1.47271e+05    5.41412e+04   -5.85538e+06   -2.92944e+04   -5.68326e+06
    Kinetic En.   Total Energy    Temperature Pressure (bar)
    9.65841e+05   -4.71742e+06    3.12149e+02    2.01141e+00

Writing checkpoint, step 137013870 at Tue Oct  3 03:31:10 2023


DD  step 137199999 load imb.: force  8.5%

           Step           Time
      137200000   3430000.00000

   Energies (kJ/mol)
           Bond       G96Angle        LJ (SR)   Coulomb (SR)      Potential
    1.47068e+05    5.31462e+04   -5.85704e+06   -3.01842e+04   -5.68701e+06
    Kinetic En.   Total Energy    Temperature Pressure (bar)
    9.67604e+05   -4.71940e+06    3.12719e+02   -2.17667e+00

Writing checkpoint, step 137238820 at Tue Oct  3 03:46:10 2023


Writing checkpoint, step 137467790 at Tue Oct  3 04:01:10 2023


DD  step 137599999 load imb.: force  8.1%

           Step           Time
      137600000   3440000.00000

   Energies (kJ/mol)
           Bond       G96Angle        LJ (SR)   Coulomb (SR)      Potential
    1.47652e+05    5.44829e+04   -5.85706e+06   -2.97050e+04   -5.68463e+06
    Kinetic En.   Total Energy    Temperature Pressure (bar)
    9.68999e+05   -4.71563e+06    3.13170e+02    5.69901e+00

Writing checkpoint, step 137687560 at Tue Oct  3 04:16:10 2023


Writing checkpoint, step 137909450 at Tue Oct  3 04:31:10 2023


DD  step 137999999 load imb.: force  8.4%

           Step           Time
      138000000   3450000.00000

   Energies (kJ/mol)
           Bond       G96Angle        LJ (SR)   Coulomb (SR)      Potential
    1.47601e+05    5.37477e+04   -5.85778e+06   -2.90310e+04   -5.68547e+06
    Kinetic En.   Total Energy    Temperature Pressure (bar)
    9.64870e+05   -4.72060e+06    3.11835e+02   -4.01135e+00

Writing checkpoint, step 138141770 at Tue Oct  3 04:46:10 2023


Writing checkpoint, step 138358320 at Tue Oct  3 05:01:10 2023


DD  step 138399999 load imb.: force  6.8%

           Step           Time
      138400000   3460000.00000

   Energies (kJ/mol)
           Bond       G96Angle        LJ (SR)   Coulomb (SR)      Potential
    1.47811e+05    5.35803e+04   -5.85766e+06   -2.95809e+04   -5.68585e+06
    Kinetic En.   Total Energy    Temperature Pressure (bar)
    9.65907e+05   -4.71995e+06    3.12171e+02    4.67707e-01

Writing checkpoint, step 138577660 at Tue Oct  3 05:16:10 2023


Writing checkpoint, step 138788580 at Tue Oct  3 05:31:10 2023


DD  step 138799999 load imb.: force 10.5%

           Step           Time
      138800000   3470000.00000

   Energies (kJ/mol)
           Bond       G96Angle        LJ (SR)   Coulomb (SR)      Potential
    1.46718e+05    5.33777e+04   -5.85566e+06   -2.90413e+04   -5.68461e+06
    Kinetic En.   Total Energy    Temperature Pressure (bar)
    9.65957e+05   -4.71865e+06    3.12187e+02   -9.52268e-01

Writing checkpoint, step 138994480 at Tue Oct  3 05:46:10 2023


DD  step 139199999 load imb.: force 11.6%

           Step           Time
      139200000   3480000.00000

   Energies (kJ/mol)
           Bond       G96Angle        LJ (SR)   Coulomb (SR)      Potential
    1.48313e+05    5.34755e+04   -5.85443e+06   -2.89768e+04   -5.68162e+06
    Kinetic En.   Total Energy    Temperature Pressure (bar)
    9.67666e+05   -4.71395e+06    3.12739e+02    7.67318e+00

Writing checkpoint, step 139210430 at Tue Oct  3 06:01:10 2023


Writing checkpoint, step 139432900 at Tue Oct  3 06:16:10 2023


DD  step 139599999 load imb.: force 11.2%

           Step           Time
      139600000   3490000.00000

   Energies (kJ/mol)
           Bond       G96Angle        LJ (SR)   Coulomb (SR)      Potential
    1.46363e+05    5.33065e+04   -5.85469e+06   -2.92773e+04   -5.68430e+06
    Kinetic En.   Total Energy    Temperature Pressure (bar)
    9.65456e+05   -4.71884e+06    3.12025e+02    4.70718e+00

Writing checkpoint, step 139643900 at Tue Oct  3 06:31:10 2023


Writing checkpoint, step 139870140 at Tue Oct  3 06:46:10 2023


DD  step 139999999 load imb.: force  7.4%

           Step           Time
      140000000   3500000.00000

   Energies (kJ/mol)
           Bond       G96Angle        LJ (SR)   Coulomb (SR)      Potential
    1.46912e+05    5.32734e+04   -5.85786e+06   -2.92546e+04   -5.68693e+06
    Kinetic En.   Total Energy    Temperature Pressure (bar)
    9.65802e+05   -4.72113e+06    3.12137e+02    1.94836e+00

Writing checkpoint, step 140087720 at Tue Oct  3 07:01:10 2023


Writing checkpoint, step 140310240 at Tue Oct  3 07:16:10 2023


DD  step 140399999 load imb.: force  6.1%

           Step           Time
      140400000   3510000.00000

   Energies (kJ/mol)
           Bond       G96Angle        LJ (SR)   Coulomb (SR)      Potential
    1.48236e+05    5.35571e+04   -5.85514e+06   -2.92898e+04   -5.68264e+06
    Kinetic En.   Total Energy    Temperature Pressure (bar)
    9.68953e+05   -4.71369e+06    3.13155e+02    7.83742e-01

Writing checkpoint, step 140540430 at Tue Oct  3 07:31:10 2023


Writing checkpoint, step 140771050 at Tue Oct  3 07:46:10 2023


DD  step 140799999 load imb.: force  6.3%

           Step           Time
      140800000   3520000.00000

   Energies (kJ/mol)
           Bond       G96Angle        LJ (SR)   Coulomb (SR)      Potential
    1.46283e+05    5.36569e+04   -5.85431e+06   -2.95025e+04   -5.68388e+06
    Kinetic En.   Total Energy    Temperature Pressure (bar)
    9.63988e+05   -4.71989e+06    3.11550e+02    4.56141e+00

Writing checkpoint, step 140995730 at Tue Oct  3 08:01:10 2023


DD  step 141199999 load imb.: force  5.7%

           Step           Time
      141200000   3530000.00000

   Energies (kJ/mol)
           Bond       G96Angle        LJ (SR)   Coulomb (SR)      Potential
    1.46989e+05    5.36329e+04   -5.85785e+06   -2.93947e+04   -5.68662e+06
    Kinetic En.   Total Energy    Temperature Pressure (bar)
    9.63940e+05   -4.72268e+06    3.11535e+02   -2.95199e+00

Writing checkpoint, step 141226070 at Tue Oct  3 08:16:10 2023


Writing checkpoint, step 141446180 at Tue Oct  3 08:31:10 2023


DD  step 141599999 load imb.: force  5.8%

           Step           Time
      141600000   3540000.00000

   Energies (kJ/mol)
           Bond       G96Angle        LJ (SR)   Coulomb (SR)      Potential
    1.47408e+05    5.40455e+04   -5.85674e+06   -2.96441e+04   -5.68493e+06
    Kinetic En.   Total Energy    Temperature Pressure (bar)
    9.67314e+05   -4.71762e+06    3.12625e+02   -4.61467e+00

Writing checkpoint, step 141670520 at Tue Oct  3 08:46:10 2023


Writing checkpoint, step 141889730 at Tue Oct  3 09:01:10 2023


DD  step 141999999 load imb.: force  7.0%

           Step           Time
      142000000   3550000.00000

   Energies (kJ/mol)
           Bond       G96Angle        LJ (SR)   Coulomb (SR)      Potential
    1.46116e+05    5.35433e+04   -5.86077e+06   -2.94073e+04   -5.69052e+06
    Kinetic En.   Total Energy    Temperature Pressure (bar)
    9.64391e+05   -4.72613e+06    3.11681e+02   -2.91460e+00

Writing checkpoint, step 142115340 at Tue Oct  3 09:16:10 2023


Writing checkpoint, step 142343050 at Tue Oct  3 09:31:10 2023


DD  step 142399999 load imb.: force  7.9%

           Step           Time
      142400000   3560000.00000

   Energies (kJ/mol)
           Bond       G96Angle        LJ (SR)   Coulomb (SR)      Potential
    1.47456e+05    5.32765e+04   -5.85739e+06   -3.00359e+04   -5.68669e+06
    Kinetic En.   Total Energy    Temperature Pressure (bar)
    9.63808e+05   -4.72288e+06    3.11492e+02   -1.05802e+00

Writing checkpoint, step 142565920 at Tue Oct  3 09:46:10 2023


Writing checkpoint, step 142793320 at Tue Oct  3 10:01:10 2023


DD  step 142799999 load imb.: force 10.6%

           Step           Time
      142800000   3570000.00000

   Energies (kJ/mol)
           Bond       G96Angle        LJ (SR)   Coulomb (SR)      Potential
    1.46618e+05    5.38115e+04   -5.85549e+06   -2.91183e+04   -5.68418e+06
    Kinetic En.   Total Energy    Temperature Pressure (bar)
    9.65896e+05   -4.71828e+06    3.12167e+02    4.78451e+00

Writing checkpoint, step 143016360 at Tue Oct  3 10:16:10 2023


DD  step 143199999 load imb.: force 10.3%

           Step           Time
      143200000   3580000.00000

   Energies (kJ/mol)
           Bond       G96Angle        LJ (SR)   Coulomb (SR)      Potential
    1.47253e+05    5.33037e+04   -5.85835e+06   -2.96354e+04   -5.68743e+06
    Kinetic En.   Total Energy    Temperature Pressure (bar)
    9.67952e+05   -4.71948e+06    3.12831e+02    1.00840e+01

Writing checkpoint, step 143241620 at Tue Oct  3 10:31:10 2023


Writing checkpoint, step 143446990 at Tue Oct  3 10:46:10 2023


DD  step 143599999 load imb.: force  7.9%

           Step           Time
      143600000   3590000.00000

   Energies (kJ/mol)
           Bond       G96Angle        LJ (SR)   Coulomb (SR)      Potential
    1.48132e+05    5.30785e+04   -5.85626e+06   -2.98663e+04   -5.68491e+06
    Kinetic En.   Total Energy    Temperature Pressure (bar)
    9.63584e+05   -4.72133e+06    3.11420e+02   -2.34646e+00

Writing checkpoint, step 143669130 at Tue Oct  3 11:01:10 2023


Writing checkpoint, step 143894080 at Tue Oct  3 11:16:10 2023


DD  step 143999999 load imb.: force 11.7%

           Step           Time
      144000000   3600000.00000

   Energies (kJ/mol)
           Bond       G96Angle        LJ (SR)   Coulomb (SR)      Potential
    1.48089e+05    5.31536e+04   -5.85601e+06   -3.00382e+04   -5.68481e+06
    Kinetic En.   Total Energy    Temperature Pressure (bar)
    9.69030e+05   -4.71578e+06    3.13180e+02    1.06535e+01

Writing checkpoint, step 144107630 at Tue Oct  3 11:31:10 2023


Writing checkpoint, step 144326380 at Tue Oct  3 11:46:10 2023


DD  step 144399999 load imb.: force 11.5%

           Step           Time
      144400000   3610000.00000

   Energies (kJ/mol)
           Bond       G96Angle        LJ (SR)   Coulomb (SR)      Potential
    1.46770e+05    5.33504e+04   -5.86049e+06   -2.99572e+04   -5.69032e+06
    Kinetic En.   Total Energy    Temperature Pressure (bar)
    9.63220e+05   -4.72710e+06    3.11302e+02   -6.34202e+00

Writing checkpoint, step 144542680 at Tue Oct  3 12:01:10 2023


Writing checkpoint, step 144763380 at Tue Oct  3 12:16:10 2023


DD  step 144799999 load imb.: force  9.0%

           Step           Time
      144800000   3620000.00000

   Energies (kJ/mol)
           Bond       G96Angle        LJ (SR)   Coulomb (SR)      Potential
    1.47744e+05    5.40006e+04   -5.85796e+06   -2.95126e+04   -5.68573e+06
    Kinetic En.   Total Energy    Temperature Pressure (bar)
    9.68543e+05   -4.71718e+06    3.13023e+02   -9.32962e+00

Writing checkpoint, step 144977790 at Tue Oct  3 12:31:10 2023


Writing checkpoint, step 145193920 at Tue Oct  3 12:46:10 2023


DD  step 145199999 load imb.: force  8.9%

           Step           Time
      145200000   3630000.00000

   Energies (kJ/mol)
           Bond       G96Angle        LJ (SR)   Coulomb (SR)      Potential
    1.46627e+05    5.36312e+04   -5.85704e+06   -2.94115e+04   -5.68619e+06
    Kinetic En.   Total Energy    Temperature Pressure (bar)
    9.66574e+05   -4.71962e+06    3.12386e+02   -6.62476e+00

Writing checkpoint, step 145419110 at Tue Oct  3 13:01:10 2023


DD  step 145599999 load imb.: force 10.0%

           Step           Time
      145600000   3640000.00000

   Energies (kJ/mol)
           Bond       G96Angle        LJ (SR)   Coulomb (SR)      Potential
    1.47513e+05    5.32562e+04   -5.85694e+06   -2.95407e+04   -5.68571e+06
    Kinetic En.   Total Energy    Temperature Pressure (bar)
    9.64426e+05   -4.72128e+06    3.11692e+02    3.27315e+00

Writing checkpoint, step 145640730 at Tue Oct  3 13:16:10 2023


Writing checkpoint, step 145869420 at Tue Oct  3 13:31:10 2023


DD  step 145999999 load imb.: force  6.0%

           Step           Time
      146000000   3650000.00000

   Energies (kJ/mol)
           Bond       G96Angle        LJ (SR)   Coulomb (SR)      Potential
    1.46617e+05    5.42942e+04   -5.85550e+06   -2.93188e+04   -5.68390e+06
    Kinetic En.   Total Energy    Temperature Pressure (bar)
    9.64869e+05   -4.71903e+06    3.11835e+02   -2.50869e+00

Writing checkpoint, step 146082390 at Tue Oct  3 13:46:10 2023


Writing checkpoint, step 146313300 at Tue Oct  3 14:01:10 2023


DD  step 146399999 load imb.: force  6.1%

           Step           Time
      146400000   3660000.00000

   Energies (kJ/mol)
           Bond       G96Angle        LJ (SR)   Coulomb (SR)      Potential
    1.46404e+05    5.37480e+04   -5.85778e+06   -2.95393e+04   -5.68717e+06
    Kinetic En.   Total Energy    Temperature Pressure (bar)
    9.66666e+05   -4.72050e+06    3.12416e+02    3.27214e+00

Writing checkpoint, step 146540400 at Tue Oct  3 14:16:10 2023


Writing checkpoint, step 146756910 at Tue Oct  3 14:31:10 2023


DD  step 146799999 load imb.: force 11.6%

           Step           Time
      146800000   3670000.00000

   Energies (kJ/mol)
           Bond       G96Angle        LJ (SR)   Coulomb (SR)      Potential
    1.48081e+05    5.35479e+04   -5.85434e+06   -2.92784e+04   -5.68198e+06
    Kinetic En.   Total Energy    Temperature Pressure (bar)
    9.65648e+05   -4.71634e+06    3.12087e+02    4.00609e+00

Writing checkpoint, step 146974130 at Tue Oct  3 14:46:10 2023


Writing checkpoint, step 147170310 at Tue Oct  3 15:01:10 2023


DD  step 147199999 load imb.: force 11.9%

           Step           Time
      147200000   3680000.00000

   Energies (kJ/mol)
           Bond       G96Angle        LJ (SR)   Coulomb (SR)      Potential
    1.46247e+05    5.30619e+04   -5.85802e+06   -2.93138e+04   -5.68802e+06
    Kinetic En.   Total Energy    Temperature Pressure (bar)
    9.64771e+05   -4.72325e+06    3.11803e+02   -3.37240e+00

Writing checkpoint, step 147394330 at Tue Oct  3 15:16:10 2023


DD  step 147599999 load imb.: force 12.1%

           Step           Time
      147600000   3690000.00000

   Energies (kJ/mol)
           Bond       G96Angle        LJ (SR)   Coulomb (SR)      Potential
    1.47761e+05    5.37752e+04   -5.85701e+06   -2.93879e+04   -5.68487e+06
    Kinetic En.   Total Energy    Temperature Pressure (bar)
    9.66161e+05   -4.71870e+06    3.12253e+02    1.70461e+00

Writing checkpoint, step 147608580 at Tue Oct  3 15:31:10 2023


Writing checkpoint, step 147825270 at Tue Oct  3 15:46:10 2023


DD  step 147999999 load imb.: force 12.1%

           Step           Time
      148000000   3700000.00000

   Energies (kJ/mol)
           Bond       G96Angle        LJ (SR)   Coulomb (SR)      Potential
    1.47985e+05    5.33644e+04   -5.85492e+06   -2.91780e+04   -5.68274e+06
    Kinetic En.   Total Energy    Temperature Pressure (bar)
    9.67956e+05   -4.71479e+06    3.12833e+02    1.54662e+00

Writing checkpoint, step 148041430 at Tue Oct  3 16:01:10 2023


Writing checkpoint, step 148262620 at Tue Oct  3 16:16:10 2023


DD  step 148399999 load imb.: force 10.7%

           Step           Time
      148400000   3710000.00000

   Energies (kJ/mol)
           Bond       G96Angle        LJ (SR)   Coulomb (SR)      Potential
    1.47768e+05    5.40060e+04   -5.85472e+06   -2.96321e+04   -5.68257e+06
    Kinetic En.   Total Energy    Temperature Pressure (bar)
    9.63659e+05   -4.71892e+06    3.11444e+02    5.50492e+00

Writing checkpoint, step 148478950 at Tue Oct  3 16:31:10 2023


Writing checkpoint, step 148702570 at Tue Oct  3 16:46:10 2023


DD  step 148799999 load imb.: force 11.0%

           Step           Time
      148800000   3720000.00000

   Energies (kJ/mol)
           Bond       G96Angle        LJ (SR)   Coulomb (SR)      Potential
    1.46939e+05    5.33459e+04   -5.85503e+06   -2.96287e+04   -5.68437e+06
    Kinetic En.   Total Energy    Temperature Pressure (bar)
    9.67811e+05   -4.71656e+06    3.12786e+02    4.58223e+00

Writing checkpoint, step 148911970 at Tue Oct  3 17:01:10 2023


Writing checkpoint, step 149136520 at Tue Oct  3 17:16:10 2023


DD  step 149199999 load imb.: force  8.8%

           Step           Time
      149200000   3730000.00000

   Energies (kJ/mol)
           Bond       G96Angle        LJ (SR)   Coulomb (SR)      Potential
    1.45549e+05    5.35162e+04   -5.85397e+06   -2.93505e+04   -5.68425e+06
    Kinetic En.   Total Energy    Temperature Pressure (bar)
    9.64627e+05   -4.71963e+06    3.11757e+02    4.75167e+00

Writing checkpoint, step 149350490 at Tue Oct  3 17:31:10 2023


Writing checkpoint, step 149564770 at Tue Oct  3 17:46:10 2023


DD  step 149599999 load imb.: force  7.3%

           Step           Time
      149600000   3740000.00000

   Energies (kJ/mol)
           Bond       G96Angle        LJ (SR)   Coulomb (SR)      Potential
    1.47756e+05    5.34756e+04   -5.85612e+06   -2.92485e+04   -5.68414e+06
    Kinetic En.   Total Energy    Temperature Pressure (bar)
    9.66360e+05   -4.71778e+06    3.12317e+02   -6.40605e+00

Writing checkpoint, step 149789660 at Tue Oct  3 18:01:10 2023


DD  step 149999999 load imb.: force 110.3%

           Step           Time
      150000000   3750000.00000

   Energies (kJ/mol)
           Bond       G96Angle        LJ (SR)   Coulomb (SR)      Potential
    1.47086e+05    5.34819e+04   -5.85532e+06   -2.94288e+04   -5.68418e+06
    Kinetic En.   Total Energy    Temperature Pressure (bar)
    9.66371e+05   -4.71781e+06    3.12320e+02   -1.64737e-01

Writing checkpoint, step 150005620 at Tue Oct  3 18:16:10 2023


Writing checkpoint, step 150230350 at Tue Oct  3 18:31:10 2023


DD  step 150399999 load imb.: force 11.0%

           Step           Time
      150400000   3760000.00000

   Energies (kJ/mol)
           Bond       G96Angle        LJ (SR)   Coulomb (SR)      Potential
    1.46671e+05    5.36816e+04   -5.85854e+06   -2.94438e+04   -5.68763e+06
    Kinetic En.   Total Energy    Temperature Pressure (bar)
    9.64240e+05   -4.72339e+06    3.11632e+02   -9.85998e+00

Writing checkpoint, step 150451960 at Tue Oct  3 18:46:10 2023


Writing checkpoint, step 150667360 at Tue Oct  3 19:01:10 2023


DD  step 150799999 load imb.: force  7.5%

           Step           Time
      150800000   3770000.00000

   Energies (kJ/mol)
           Bond       G96Angle        LJ (SR)   Coulomb (SR)      Potential
    1.48057e+05    5.34652e+04   -5.85574e+06   -2.91451e+04   -5.68337e+06
    Kinetic En.   Total Energy    Temperature Pressure (bar)
    9.67184e+05   -4.71618e+06    3.12583e+02    6.87508e+00

Writing checkpoint, step 150892940 at Tue Oct  3 19:16:10 2023


Writing checkpoint, step 151111160 at Tue Oct  3 19:31:10 2023


DD  step 151199999 load imb.: force  7.3%

           Step           Time
      151200000   3780000.00000

   Energies (kJ/mol)
           Bond       G96Angle        LJ (SR)   Coulomb (SR)      Potential
    1.48500e+05    5.33896e+04   -5.85129e+06   -2.94742e+04   -5.67888e+06
    Kinetic En.   Total Energy    Temperature Pressure (bar)
    9.68856e+05   -4.71002e+06    3.13124e+02    1.09140e+01

Writing checkpoint, step 151338360 at Tue Oct  3 19:46:10 2023


Writing checkpoint, step 151565240 at Tue Oct  3 20:01:10 2023


DD  step 151599999 load imb.: force  6.9%

           Step           Time
      151600000   3790000.00000

   Energies (kJ/mol)
           Bond       G96Angle        LJ (SR)   Coulomb (SR)      Potential
    1.46846e+05    5.37167e+04   -5.85411e+06   -2.89184e+04   -5.68247e+06
    Kinetic En.   Total Energy    Temperature Pressure (bar)
    9.71553e+05   -4.71091e+06    3.13995e+02    9.67849e-01

Writing checkpoint, step 151791540 at Tue Oct  3 20:16:10 2023


Writing checkpoint, step 151985600 at Tue Oct  3 20:31:10 2023


DD  step 151999999 load imb.: force  8.6%

           Step           Time
      152000000   3800000.00000

   Energies (kJ/mol)
           Bond       G96Angle        LJ (SR)   Coulomb (SR)      Potential
    1.46896e+05    5.36157e+04   -5.85827e+06   -2.99448e+04   -5.68770e+06
    Kinetic En.   Total Energy    Temperature Pressure (bar)
    9.64445e+05   -4.72326e+06    3.11698e+02    1.43269e+00

Writing checkpoint, step 152208610 at Tue Oct  3 20:46:10 2023


DD  step 152399999 load imb.: force 10.2%

           Step           Time
      152400000   3810000.00000

   Energies (kJ/mol)
           Bond       G96Angle        LJ (SR)   Coulomb (SR)      Potential
    1.47148e+05    5.30617e+04   -5.85644e+06   -2.94712e+04   -5.68570e+06
    Kinetic En.   Total Energy    Temperature Pressure (bar)
    9.64844e+05   -4.72085e+06    3.11827e+02   -1.44943e+00

Writing checkpoint, step 152426970 at Tue Oct  3 21:01:10 2023


Writing checkpoint, step 152649530 at Tue Oct  3 21:16:10 2023


DD  step 152799999 load imb.: force  8.4%

           Step           Time
      152800000   3820000.00000

   Energies (kJ/mol)
           Bond       G96Angle        LJ (SR)   Coulomb (SR)      Potential
    1.48721e+05    5.34563e+04   -5.85601e+06   -2.87988e+04   -5.68263e+06
    Kinetic En.   Total Energy    Temperature Pressure (bar)
    9.68587e+05   -4.71404e+06    3.13037e+02   -4.51417e-01

Writing checkpoint, step 152863240 at Tue Oct  3 21:31:10 2023


Writing checkpoint, step 153087760 at Tue Oct  3 21:46:10 2023


DD  step 153199999 load imb.: force  7.6%

           Step           Time
      153200000   3830000.00000

   Energies (kJ/mol)
           Bond       G96Angle        LJ (SR)   Coulomb (SR)      Potential
    1.48485e+05    5.35176e+04   -5.85833e+06   -2.92334e+04   -5.68556e+06
    Kinetic En.   Total Energy    Temperature Pressure (bar)
    9.67971e+05   -4.71759e+06    3.12838e+02    2.65837e+00

Writing checkpoint, step 153314360 at Tue Oct  3 22:01:10 2023


Writing checkpoint, step 153542520 at Tue Oct  3 22:16:10 2023


DD  step 153599999 load imb.: force  9.5%

           Step           Time
      153600000   3840000.00000

   Energies (kJ/mol)
           Bond       G96Angle        LJ (SR)   Coulomb (SR)      Potential
    1.48350e+05    5.37294e+04   -5.85443e+06   -2.93582e+04   -5.68171e+06
    Kinetic En.   Total Energy    Temperature Pressure (bar)
    9.62902e+05   -4.71881e+06    3.11199e+02    1.86730e+00

Writing checkpoint, step 153764240 at Tue Oct  3 22:31:10 2023


Writing checkpoint, step 153990320 at Tue Oct  3 22:46:10 2023


DD  step 153999999 load imb.: force 11.0%

           Step           Time
      154000000   3850000.00000

   Energies (kJ/mol)
           Bond       G96Angle        LJ (SR)   Coulomb (SR)      Potential
    1.46710e+05    5.35650e+04   -5.85661e+06   -2.95716e+04   -5.68590e+06
    Kinetic En.   Total Energy    Temperature Pressure (bar)
    9.65135e+05   -4.72077e+06    3.11921e+02    5.86455e-01

Writing checkpoint, step 154210700 at Tue Oct  3 23:01:10 2023


DD  step 154399999 load imb.: force 11.2%

           Step           Time
      154400000   3860000.00000

   Energies (kJ/mol)
           Bond       G96Angle        LJ (SR)   Coulomb (SR)      Potential
    1.47118e+05    5.35922e+04   -5.85971e+06   -2.90034e+04   -5.68800e+06
    Kinetic En.   Total Energy    Temperature Pressure (bar)
    9.63926e+05   -4.72408e+06    3.11530e+02   -8.94723e+00

Writing checkpoint, step 154418200 at Tue Oct  3 23:16:10 2023


Writing checkpoint, step 154638740 at Tue Oct  3 23:31:10 2023


DD  step 154799999 load imb.: force 10.4%

           Step           Time
      154800000   3870000.00000

   Energies (kJ/mol)
           Bond       G96Angle        LJ (SR)   Coulomb (SR)      Potential
    1.47562e+05    5.31495e+04   -5.86103e+06   -2.93480e+04   -5.68967e+06
    Kinetic En.   Total Energy    Temperature Pressure (bar)
    9.64641e+05   -4.72502e+06    3.11761e+02   -6.05663e+00

Writing checkpoint, step 154859100 at Tue Oct  3 23:46:10 2023


Writing checkpoint, step 155078770 at Wed Oct  4 00:01:10 2023


DD  step 155199999 load imb.: force 10.3%

           Step           Time
      155200000   3880000.00000

   Energies (kJ/mol)
           Bond       G96Angle        LJ (SR)   Coulomb (SR)      Potential
    1.47936e+05    5.37096e+04   -5.85681e+06   -2.97221e+04   -5.68489e+06
    Kinetic En.   Total Energy    Temperature Pressure (bar)
    9.71830e+05   -4.71306e+06    3.14085e+02   -6.23600e-01

Writing checkpoint, step 155299130 at Wed Oct  4 00:16:10 2023


Writing checkpoint, step 155513440 at Wed Oct  4 00:31:10 2023


DD  step 155599999 load imb.: force 13.4%

           Step           Time
      155600000   3890000.00000

   Energies (kJ/mol)
           Bond       G96Angle        LJ (SR)   Coulomb (SR)      Potential
    1.47567e+05    5.37277e+04   -5.85650e+06   -2.90468e+04   -5.68426e+06
    Kinetic En.   Total Energy    Temperature Pressure (bar)
    9.65405e+05   -4.71885e+06    3.12008e+02    2.56990e+00

Writing checkpoint, step 155738610 at Wed Oct  4 00:46:10 2023


Writing checkpoint, step 155960470 at Wed Oct  4 01:01:10 2023


DD  step 155999999 load imb.: force 12.1%

           Step           Time
      156000000   3900000.00000

   Energies (kJ/mol)
           Bond       G96Angle        LJ (SR)   Coulomb (SR)      Potential
    1.46960e+05    5.36938e+04   -5.85940e+06   -2.94967e+04   -5.68824e+06
    Kinetic En.   Total Energy    Temperature Pressure (bar)
    9.65301e+05   -4.72294e+06    3.11975e+02    6.83802e-01

Writing checkpoint, step 156184700 at Wed Oct  4 01:16:10 2023


DD  step 156399999 load imb.: force  8.4%

           Step           Time
      156400000   3910000.00000

   Energies (kJ/mol)
           Bond       G96Angle        LJ (SR)   Coulomb (SR)      Potential
    1.46616e+05    5.29251e+04   -5.85421e+06   -2.95090e+04   -5.68418e+06
    Kinetic En.   Total Energy    Temperature Pressure (bar)
    9.63131e+05   -4.72105e+06    3.11273e+02    9.86684e+00

Writing checkpoint, step 156407510 at Wed Oct  4 01:31:10 2023


Writing checkpoint, step 156627270 at Wed Oct  4 01:46:10 2023


DD  step 156799999 load imb.: force 11.1%

           Step           Time
      156800000   3920000.00000

   Energies (kJ/mol)
           Bond       G96Angle        LJ (SR)   Coulomb (SR)      Potential
    1.48846e+05    5.35628e+04   -5.85122e+06   -2.90583e+04   -5.67787e+06
    Kinetic En.   Total Energy    Temperature Pressure (bar)
    9.70853e+05   -4.70702e+06    3.13769e+02    1.58768e+01

Writing checkpoint, step 156840570 at Wed Oct  4 02:01:10 2023


Writing checkpoint, step 157063850 at Wed Oct  4 02:16:10 2023


DD  step 157199999 load imb.: force 10.0%

           Step           Time
      157200000   3930000.00000

   Energies (kJ/mol)
           Bond       G96Angle        LJ (SR)   Coulomb (SR)      Potential
    1.47910e+05    5.32918e+04   -5.85826e+06   -2.95764e+04   -5.68663e+06
    Kinetic En.   Total Energy    Temperature Pressure (bar)
    9.65046e+05   -4.72158e+06    3.11892e+02   -2.38003e+00

Writing checkpoint, step 157290470 at Wed Oct  4 02:31:10 2023


Writing checkpoint, step 157506610 at Wed Oct  4 02:46:10 2023


DD  step 157599999 load imb.: force 10.7%

           Step           Time
      157600000   3940000.00000

   Energies (kJ/mol)
           Bond       G96Angle        LJ (SR)   Coulomb (SR)      Potential
    1.46328e+05    5.37883e+04   -5.85311e+06   -2.94860e+04   -5.68248e+06
    Kinetic En.   Total Energy    Temperature Pressure (bar)
    9.64422e+05   -4.71806e+06    3.11690e+02    1.03782e+01

Writing checkpoint, step 157724870 at Wed Oct  4 03:01:10 2023


Writing checkpoint, step 157946350 at Wed Oct  4 03:16:10 2023


DD  step 157999999 load imb.: force  9.3%

           Step           Time
      158000000   3950000.00000

   Energies (kJ/mol)
           Bond       G96Angle        LJ (SR)   Coulomb (SR)      Potential
    1.48177e+05    5.41931e+04   -5.85585e+06   -2.93352e+04   -5.68282e+06
    Kinetic En.   Total Energy    Temperature Pressure (bar)
    9.61256e+05   -4.72156e+06    3.10667e+02    6.06150e+00

Writing checkpoint, step 158172040 at Wed Oct  4 03:31:10 2023


Writing checkpoint, step 158395010 at Wed Oct  4 03:46:10 2023


DD  step 158399999 load imb.: force 112.1%

           Step           Time
      158400000   3960000.00000

   Energies (kJ/mol)
           Bond       G96Angle        LJ (SR)   Coulomb (SR)      Potential
    1.47625e+05    5.31297e+04   -5.85526e+06   -2.92113e+04   -5.68372e+06
    Kinetic En.   Total Energy    Temperature Pressure (bar)
    9.67643e+05   -4.71607e+06    3.12732e+02    5.74318e+00

Writing checkpoint, step 158610200 at Wed Oct  4 04:01:10 2023


DD  step 158799999 load imb.: force  9.5%

           Step           Time
      158800000   3970000.00000

   Energies (kJ/mol)
           Bond       G96Angle        LJ (SR)   Coulomb (SR)      Potential
    1.46367e+05    5.33594e+04   -5.85839e+06   -2.94681e+04   -5.68814e+06
    Kinetic En.   Total Energy    Temperature Pressure (bar)
    9.65028e+05   -4.72311e+06    3.11886e+02    4.59877e+00

Writing checkpoint, step 158827360 at Wed Oct  4 04:16:10 2023


Writing checkpoint, step 159053560 at Wed Oct  4 04:31:10 2023


DD  step 159199999 load imb.: force  7.3%

           Step           Time
      159200000   3980000.00000

   Energies (kJ/mol)
           Bond       G96Angle        LJ (SR)   Coulomb (SR)      Potential
    1.47974e+05    5.33903e+04   -5.85614e+06   -2.92025e+04   -5.68398e+06
    Kinetic En.   Total Energy    Temperature Pressure (bar)
    9.68866e+05   -4.71511e+06    3.13127e+02   -3.03053e+00

Writing checkpoint, step 159272240 at Wed Oct  4 04:46:10 2023


Writing checkpoint, step 159480180 at Wed Oct  4 05:01:10 2023


DD  step 159599999 load imb.: force  9.0%

           Step           Time
      159600000   3990000.00000

   Energies (kJ/mol)
           Bond       G96Angle        LJ (SR)   Coulomb (SR)      Potential
    1.48754e+05    5.35087e+04   -5.85856e+06   -2.94907e+04   -5.68579e+06
    Kinetic En.   Total Energy    Temperature Pressure (bar)
    9.65097e+05   -4.72069e+06    3.11909e+02   -3.46562e+00

Writing checkpoint, step 159704350 at Wed Oct  4 05:16:10 2023


Writing checkpoint, step 159926380 at Wed Oct  4 05:31:10 2023


DD  step 159999999 load imb.: force  9.5%

           Step           Time
      160000000   4000000.00000

   Energies (kJ/mol)
           Bond       G96Angle        LJ (SR)   Coulomb (SR)      Potential
    1.47241e+05    5.33157e+04   -5.85764e+06   -2.94138e+04   -5.68650e+06
    Kinetic En.   Total Energy    Temperature Pressure (bar)
    9.64459e+05   -4.72204e+06    3.11703e+02   -2.69047e+00

Writing checkpoint, step 160126170 at Wed Oct  4 05:46:10 2023


Writing checkpoint, step 160348310 at Wed Oct  4 06:01:10 2023


DD  step 160399999 load imb.: force  9.6%

           Step           Time
      160400000   4010000.00000

   Energies (kJ/mol)
           Bond       G96Angle        LJ (SR)   Coulomb (SR)      Potential
    1.47067e+05    5.35064e+04   -5.85648e+06   -2.96589e+04   -5.68556e+06
    Kinetic En.   Total Energy    Temperature Pressure (bar)
    9.66977e+05   -4.71858e+06    3.12516e+02    2.74433e+00

Writing checkpoint, step 160567340 at Wed Oct  4 06:16:10 2023


Writing checkpoint, step 160780940 at Wed Oct  4 06:31:10 2023


DD  step 160799999 load imb.: force 10.4%

           Step           Time
      160800000   4020000.00000

   Energies (kJ/mol)
           Bond       G96Angle        LJ (SR)   Coulomb (SR)      Potential
    1.47329e+05    5.36805e+04   -5.85752e+06   -2.91957e+04   -5.68570e+06
    Kinetic En.   Total Energy    Temperature Pressure (bar)
    9.64736e+05   -4.72097e+06    3.11792e+02   -1.10469e+00

Writing checkpoint, step 160998070 at Wed Oct  4 06:46:10 2023


DD  step 161199999 load imb.: force  9.4%

           Step           Time
      161200000   4030000.00000

   Energies (kJ/mol)
           Bond       G96Angle        LJ (SR)   Coulomb (SR)      Potential
    1.46999e+05    5.36518e+04   -5.85892e+06   -2.92491e+04   -5.68752e+06
    Kinetic En.   Total Energy    Temperature Pressure (bar)
    9.66378e+05   -4.72114e+06    3.12323e+02   -4.78612e-01

Writing checkpoint, step 161222460 at Wed Oct  4 07:01:10 2023


Writing checkpoint, step 161434000 at Wed Oct  4 07:16:10 2023


DD  step 161599999 load imb.: force 11.1%

           Step           Time
      161600000   4040000.00000

   Energies (kJ/mol)
           Bond       G96Angle        LJ (SR)   Coulomb (SR)      Potential
    1.45704e+05    5.37541e+04   -5.86175e+06   -2.92847e+04   -5.69158e+06
    Kinetic En.   Total Energy    Temperature Pressure (bar)
    9.60527e+05   -4.73105e+06    3.10432e+02   -1.43128e+01

Writing checkpoint, step 161649780 at Wed Oct  4 07:31:10 2023


Writing checkpoint, step 161873520 at Wed Oct  4 07:46:10 2023


DD  step 161999999 load imb.: force 11.0%

           Step           Time
      162000000   4050000.00000

   Energies (kJ/mol)
           Bond       G96Angle        LJ (SR)   Coulomb (SR)      Potential
    1.47237e+05    5.33051e+04   -5.85880e+06   -2.90965e+04   -5.68735e+06
    Kinetic En.   Total Energy    Temperature Pressure (bar)
    9.67258e+05   -4.72009e+06    3.12607e+02   -4.58299e-01

Writing checkpoint, step 162098690 at Wed Oct  4 08:01:10 2023


Writing checkpoint, step 162316260 at Wed Oct  4 08:16:10 2023


DD  step 162399999 load imb.: force 10.5%

           Step           Time
      162400000   4060000.00000

   Energies (kJ/mol)
           Bond       G96Angle        LJ (SR)   Coulomb (SR)      Potential
    1.47136e+05    5.40552e+04   -5.85970e+06   -2.96232e+04   -5.68813e+06
    Kinetic En.   Total Energy    Temperature Pressure (bar)
    9.64000e+05   -4.72413e+06    3.11554e+02   -5.72961e+00

Writing checkpoint, step 162529620 at Wed Oct  4 08:31:10 2023


Writing checkpoint, step 162750990 at Wed Oct  4 08:46:10 2023


DD  step 162799999 load imb.: force  8.8%

           Step           Time
      162800000   4070000.00000

   Energies (kJ/mol)
           Bond       G96Angle        LJ (SR)   Coulomb (SR)      Potential
    1.47138e+05    5.32717e+04   -5.85624e+06   -2.93204e+04   -5.68515e+06
    Kinetic En.   Total Energy    Temperature Pressure (bar)
    9.63866e+05   -4.72128e+06    3.11511e+02   -4.49781e+00

Writing checkpoint, step 162966360 at Wed Oct  4 09:01:10 2023


Writing checkpoint, step 163173840 at Wed Oct  4 09:16:10 2023


DD  step 163199999 load imb.: force 11.0%

           Step           Time
      163200000   4080000.00000

   Energies (kJ/mol)
           Bond       G96Angle        LJ (SR)   Coulomb (SR)      Potential
    1.46679e+05    5.40551e+04   -5.85746e+06   -2.97406e+04   -5.68647e+06
    Kinetic En.   Total Energy    Temperature Pressure (bar)
    9.68156e+05   -4.71831e+06    3.12897e+02    5.72534e+00

Writing checkpoint, step 163382000 at Wed Oct  4 09:31:10 2023


DD  step 163599999 load imb.: force 10.7%

           Step           Time
      163600000   4090000.00000

   Energies (kJ/mol)
           Bond       G96Angle        LJ (SR)   Coulomb (SR)      Potential
    1.48524e+05    5.34374e+04   -5.85822e+06   -2.93630e+04   -5.68562e+06
    Kinetic En.   Total Energy    Temperature Pressure (bar)
    9.66230e+05   -4.71939e+06    3.12275e+02   -7.09325e+00

Writing checkpoint, step 163600350 at Wed Oct  4 09:46:10 2023


Writing checkpoint, step 163797090 at Wed Oct  4 10:01:10 2023


Writing checkpoint, step 163997610 at Wed Oct  4 10:16:10 2023


DD  step 163999999 load imb.: force 11.1%

           Step           Time
      164000000   4100000.00000

   Energies (kJ/mol)
           Bond       G96Angle        LJ (SR)   Coulomb (SR)      Potential
    1.47763e+05    5.33307e+04   -5.85508e+06   -2.94641e+04   -5.68345e+06
    Kinetic En.   Total Energy    Temperature Pressure (bar)
    9.68710e+05   -4.71474e+06    3.13077e+02    4.24356e+00

Writing checkpoint, step 164207350 at Wed Oct  4 10:31:10 2023


DD  step 164399999 load imb.: force 10.8%

           Step           Time
      164400000   4110000.00000

   Energies (kJ/mol)
           Bond       G96Angle        LJ (SR)   Coulomb (SR)      Potential
    1.47310e+05    5.36612e+04   -5.85499e+06   -2.99422e+04   -5.68396e+06
    Kinetic En.   Total Energy    Temperature Pressure (bar)
    9.66766e+05   -4.71720e+06    3.12448e+02    2.84168e+00

Writing checkpoint, step 164431850 at Wed Oct  4 10:46:10 2023


Writing checkpoint, step 164653810 at Wed Oct  4 11:01:10 2023


DD  step 164799999 load imb.: force 11.1%

           Step           Time
      164800000   4120000.00000

   Energies (kJ/mol)
           Bond       G96Angle        LJ (SR)   Coulomb (SR)      Potential
    1.48466e+05    5.34940e+04   -5.85490e+06   -2.96879e+04   -5.68263e+06
    Kinetic En.   Total Energy    Temperature Pressure (bar)
    9.69614e+05   -4.71302e+06    3.13369e+02    3.26536e+00

Writing checkpoint, step 164872670 at Wed Oct  4 11:16:10 2023


Writing checkpoint, step 165094420 at Wed Oct  4 11:31:10 2023


DD  step 165199999 load imb.: force 10.7%

           Step           Time
      165200000   4130000.00000

   Energies (kJ/mol)
           Bond       G96Angle        LJ (SR)   Coulomb (SR)      Potential
    1.46044e+05    5.33938e+04   -5.86046e+06   -2.98518e+04   -5.69088e+06
    Kinetic En.   Total Energy    Temperature Pressure (bar)
    9.65499e+05   -4.72538e+06    3.12039e+02   -1.34677e+01

Writing checkpoint, step 165311730 at Wed Oct  4 11:46:10 2023


Writing checkpoint, step 165537430 at Wed Oct  4 12:01:10 2023


DD  step 165599999 load imb.: force 10.3%

           Step           Time
      165600000   4140000.00000

   Energies (kJ/mol)
           Bond       G96Angle        LJ (SR)   Coulomb (SR)      Potential
    1.47572e+05    5.31507e+04   -5.85206e+06   -2.90406e+04   -5.68038e+06
    Kinetic En.   Total Energy    Temperature Pressure (bar)
    9.67684e+05   -4.71270e+06    3.12745e+02    1.56033e+01

Writing checkpoint, step 165759050 at Wed Oct  4 12:16:10 2023


Writing checkpoint, step 165980610 at Wed Oct  4 12:31:10 2023


DD  step 165999999 load imb.: force  9.1%

           Step           Time
      166000000   4150000.00000

   Energies (kJ/mol)
           Bond       G96Angle        LJ (SR)   Coulomb (SR)      Potential
    1.47369e+05    5.31776e+04   -5.85571e+06   -2.90677e+04   -5.68423e+06
    Kinetic En.   Total Energy    Temperature Pressure (bar)
    9.64126e+05   -4.72011e+06    3.11595e+02    9.71828e+00

Writing checkpoint, step 166198060 at Wed Oct  4 12:46:10 2023


DD  step 166399999 load imb.: force 10.1%

           Step           Time
      166400000   4160000.00000

   Energies (kJ/mol)
           Bond       G96Angle        LJ (SR)   Coulomb (SR)      Potential
    1.47888e+05    5.35921e+04   -5.85610e+06   -2.95960e+04   -5.68422e+06
    Kinetic En.   Total Energy    Temperature Pressure (bar)
    9.66643e+05   -4.71757e+06    3.12408e+02    4.69716e-01

Writing checkpoint, step 166422630 at Wed Oct  4 13:01:10 2023


Writing checkpoint, step 166624250 at Wed Oct  4 13:16:10 2023


DD  step 166799999 load imb.: force  8.6%

           Step           Time
      166800000   4170000.00000

   Energies (kJ/mol)
           Bond       G96Angle        LJ (SR)   Coulomb (SR)      Potential
    1.46673e+05    5.26708e+04   -5.85900e+06   -2.96808e+04   -5.68934e+06
    Kinetic En.   Total Energy    Temperature Pressure (bar)
    9.62816e+05   -4.72652e+06    3.11171e+02   -3.88422e+00

Writing checkpoint, step 166848400 at Wed Oct  4 13:31:10 2023


Writing checkpoint, step 167068830 at Wed Oct  4 13:46:10 2023


DD  step 167199999 load imb.: force  9.5%

           Step           Time
      167200000   4180000.00000

   Energies (kJ/mol)
           Bond       G96Angle        LJ (SR)   Coulomb (SR)      Potential
    1.47699e+05    5.45786e+04   -5.85154e+06   -2.92417e+04   -5.67851e+06
    Kinetic En.   Total Energy    Temperature Pressure (bar)
    9.69614e+05   -4.70889e+06    3.13369e+02    1.31686e+01

Writing checkpoint, step 167285420 at Wed Oct  4 14:01:10 2023


Writing checkpoint, step 167501350 at Wed Oct  4 14:16:10 2023


DD  step 167599999 load imb.: force 10.6%

           Step           Time
      167600000   4190000.00000

   Energies (kJ/mol)
           Bond       G96Angle        LJ (SR)   Coulomb (SR)      Potential
    1.47385e+05    5.34956e+04   -5.85903e+06   -2.95653e+04   -5.68771e+06
    Kinetic En.   Total Energy    Temperature Pressure (bar)
    9.67032e+05   -4.72068e+06    3.12534e+02    9.26781e-01

Writing checkpoint, step 167714730 at Wed Oct  4 14:31:10 2023


Writing checkpoint, step 167934800 at Wed Oct  4 14:46:10 2023


DD  step 167999999 load imb.: force  9.3%

           Step           Time
      168000000   4200000.00000

   Energies (kJ/mol)
           Bond       G96Angle        LJ (SR)   Coulomb (SR)      Potential
    1.48398e+05    5.33736e+04   -5.85319e+06   -2.90769e+04   -5.68049e+06
    Kinetic En.   Total Energy    Temperature Pressure (bar)
    9.70924e+05   -4.70957e+06    3.13792e+02    7.73314e+00

Writing checkpoint, step 168158040 at Wed Oct  4 15:01:10 2023


Writing checkpoint, step 168381650 at Wed Oct  4 15:16:10 2023


DD  step 168399999 load imb.: force 11.3%

           Step           Time
      168400000   4210000.00000

   Energies (kJ/mol)
           Bond       G96Angle        LJ (SR)   Coulomb (SR)      Potential
    1.46939e+05    5.26713e+04   -5.85481e+06   -2.93399e+04   -5.68454e+06
    Kinetic En.   Total Energy    Temperature Pressure (bar)
    9.70172e+05   -4.71437e+06    3.13549e+02    6.26027e+00

Writing checkpoint, step 168596430 at Wed Oct  4 15:31:10 2023


DD  step 168799999 load imb.: force 10.5%

           Step           Time
      168800000   4220000.00000

   Energies (kJ/mol)
           Bond       G96Angle        LJ (SR)   Coulomb (SR)      Potential
    1.48172e+05    5.32938e+04   -5.85584e+06   -2.95435e+04   -5.68392e+06
    Kinetic En.   Total Energy    Temperature Pressure (bar)
    9.68538e+05   -4.71538e+06    3.13021e+02    5.44289e+00

Writing checkpoint, step 168815470 at Wed Oct  4 15:46:10 2023


Writing checkpoint, step 169036650 at Wed Oct  4 16:01:10 2023


DD  step 169199999 load imb.: force  9.8%

           Step           Time
      169200000   4230000.00000

   Energies (kJ/mol)
           Bond       G96Angle        LJ (SR)   Coulomb (SR)      Potential
    1.46561e+05    5.35950e+04   -5.85914e+06   -2.98242e+04   -5.68881e+06
    Kinetic En.   Total Energy    Temperature Pressure (bar)
    9.65433e+05   -4.72338e+06    3.12017e+02    4.80319e+00

Writing checkpoint, step 169263630 at Wed Oct  4 16:16:10 2023


Writing checkpoint, step 169482870 at Wed Oct  4 16:31:10 2023


DD  step 169599999 load imb.: force  9.5%

           Step           Time
      169600000   4240000.00000

   Energies (kJ/mol)
           Bond       G96Angle        LJ (SR)   Coulomb (SR)      Potential
    1.46787e+05    5.40240e+04   -5.85461e+06   -2.92659e+04   -5.68306e+06
    Kinetic En.   Total Energy    Temperature Pressure (bar)
    9.64106e+05   -4.71896e+06    3.11589e+02    4.84486e+00

Writing checkpoint, step 169699350 at Wed Oct  4 16:46:10 2023


Writing checkpoint, step 169927110 at Wed Oct  4 17:01:10 2023


DD  step 169999999 load imb.: force  9.5%

           Step           Time
      170000000   4250000.00000

   Energies (kJ/mol)
           Bond       G96Angle        LJ (SR)   Coulomb (SR)      Potential
    1.47089e+05    5.32236e+04   -5.85630e+06   -2.93470e+04   -5.68533e+06
    Kinetic En.   Total Energy    Temperature Pressure (bar)
    9.65235e+05   -4.72010e+06    3.11953e+02    1.06748e-02

Writing checkpoint, step 170152780 at Wed Oct  4 17:16:10 2023


Writing checkpoint, step 170377350 at Wed Oct  4 17:31:10 2023


DD  step 170399999 load imb.: force  9.9%

           Step           Time
      170400000   4260000.00000

   Energies (kJ/mol)
           Bond       G96Angle        LJ (SR)   Coulomb (SR)      Potential
    1.47280e+05    5.30894e+04   -5.85618e+06   -2.92066e+04   -5.68501e+06
    Kinetic En.   Total Energy    Temperature Pressure (bar)
    9.66058e+05   -4.71896e+06    3.12219e+02    2.79703e+00

Writing checkpoint, step 170603910 at Wed Oct  4 17:46:10 2023


DD  step 170799999 load imb.: force  9.7%

           Step           Time
      170800000   4270000.00000

   Energies (kJ/mol)
           Bond       G96Angle        LJ (SR)   Coulomb (SR)      Potential
    1.47190e+05    5.34891e+04   -5.85500e+06   -2.86972e+04   -5.68302e+06
    Kinetic En.   Total Energy    Temperature Pressure (bar)
    9.69593e+05   -4.71343e+06    3.13362e+02    6.19708e+00

Writing checkpoint, step 170818660 at Wed Oct  4 18:01:10 2023


Writing checkpoint, step 171037110 at Wed Oct  4 18:16:10 2023


DD  step 171199999 load imb.: force  9.2%

           Step           Time
      171200000   4280000.00000

   Energies (kJ/mol)
           Bond       G96Angle        LJ (SR)   Coulomb (SR)      Potential
    1.47437e+05    5.43678e+04   -5.85920e+06   -3.00562e+04   -5.68745e+06
    Kinetic En.   Total Energy    Temperature Pressure (bar)
    9.68485e+05   -4.71896e+06    3.13004e+02   -4.38904e+00

Writing checkpoint, step 171262990 at Wed Oct  4 18:31:10 2023


Writing checkpoint, step 171483630 at Wed Oct  4 18:46:10 2023


DD  step 171599999 load imb.: force  7.4%

           Step           Time
      171600000   4290000.00000

   Energies (kJ/mol)
           Bond       G96Angle        LJ (SR)   Coulomb (SR)      Potential
    1.46092e+05    5.42881e+04   -5.85780e+06   -2.93730e+04   -5.68679e+06
    Kinetic En.   Total Energy    Temperature Pressure (bar)
    9.66962e+05   -4.71983e+06    3.12511e+02    3.25856e+00

Writing checkpoint, step 171709620 at Wed Oct  4 19:01:10 2023


Writing checkpoint, step 171934860 at Wed Oct  4 19:16:10 2023


DD  step 171999999 load imb.: force 10.9%

           Step           Time
      172000000   4300000.00000

   Energies (kJ/mol)
           Bond       G96Angle        LJ (SR)   Coulomb (SR)      Potential
    1.47015e+05    5.39125e+04   -5.85570e+06   -2.92223e+04   -5.68400e+06
    Kinetic En.   Total Energy    Temperature Pressure (bar)
    9.66214e+05   -4.71778e+06    3.12270e+02   -4.69549e+00

Writing checkpoint, step 172142040 at Wed Oct  4 19:31:10 2023


Writing checkpoint, step 172374020 at Wed Oct  4 19:46:10 2023


DD  step 172399999 load imb.: force  7.4%

           Step           Time
      172400000   4310000.00000

   Energies (kJ/mol)
           Bond       G96Angle        LJ (SR)   Coulomb (SR)      Potential
    1.48335e+05    5.37380e+04   -5.85564e+06   -2.89743e+04   -5.68254e+06
    Kinetic En.   Total Energy    Temperature Pressure (bar)
    9.68109e+05   -4.71443e+06    3.12882e+02   -8.40764e+00

Writing checkpoint, step 172605360 at Wed Oct  4 20:01:10 2023


DD  step 172799999 load imb.: force  7.8%

           Step           Time
      172800000   4320000.00000

   Energies (kJ/mol)
           Bond       G96Angle        LJ (SR)   Coulomb (SR)      Potential
    1.48245e+05    5.33627e+04   -5.85386e+06   -2.91007e+04   -5.68135e+06
    Kinetic En.   Total Energy    Temperature Pressure (bar)
    9.64793e+05   -4.71656e+06    3.11810e+02    4.09695e+00

Writing checkpoint, step 172826040 at Wed Oct  4 20:16:10 2023


Writing checkpoint, step 173057630 at Wed Oct  4 20:31:10 2023


DD  step 173199999 load imb.: force  8.9%

           Step           Time
      173200000   4330000.00000

   Energies (kJ/mol)
           Bond       G96Angle        LJ (SR)   Coulomb (SR)      Potential
    1.48044e+05    5.33845e+04   -5.85972e+06   -2.93180e+04   -5.68761e+06
    Kinetic En.   Total Energy    Temperature Pressure (bar)
    9.66109e+05   -4.72150e+06    3.12236e+02   -7.03842e+00

Writing checkpoint, step 173276160 at Wed Oct  4 20:46:10 2023


Writing checkpoint, step 173500400 at Wed Oct  4 21:01:10 2023


DD  step 173599999 load imb.: force 10.2%

           Step           Time
      173600000   4340000.00000

   Energies (kJ/mol)
           Bond       G96Angle        LJ (SR)   Coulomb (SR)      Potential
    1.47849e+05    5.33238e+04   -5.85931e+06   -2.93022e+04   -5.68744e+06
    Kinetic En.   Total Energy    Temperature Pressure (bar)
    9.61866e+05   -4.72557e+06    3.10864e+02   -5.74360e+00

Writing checkpoint, step 173719980 at Wed Oct  4 21:16:10 2023


Writing checkpoint, step 173938150 at Wed Oct  4 21:31:10 2023


DD  step 173999999 load imb.: force  8.7%

           Step           Time
      174000000   4350000.00000

   Energies (kJ/mol)
           Bond       G96Angle        LJ (SR)   Coulomb (SR)      Potential
    1.48541e+05    5.43370e+04   -5.85543e+06   -2.91514e+04   -5.68170e+06
    Kinetic En.   Total Energy    Temperature Pressure (bar)
    9.65062e+05   -4.71664e+06    3.11898e+02   -1.07721e+00

Writing checkpoint, step 174158410 at Wed Oct  4 21:46:10 2023


Writing checkpoint, step 174371440 at Wed Oct  4 22:01:10 2023


DD  step 174399999 load imb.: force 10.1%

           Step           Time
      174400000   4360000.00000

   Energies (kJ/mol)
           Bond       G96Angle        LJ (SR)   Coulomb (SR)      Potential
    1.47720e+05    5.38628e+04   -5.85542e+06   -2.88831e+04   -5.68272e+06
    Kinetic En.   Total Energy    Temperature Pressure (bar)
    9.71527e+05   -4.71120e+06    3.13987e+02   -4.65957e-01

Writing checkpoint, step 174594100 at Wed Oct  4 22:16:10 2023


DD  step 174799999 load imb.: force 10.3%

           Step           Time
      174800000   4370000.00000

   Energies (kJ/mol)
           Bond       G96Angle        LJ (SR)   Coulomb (SR)      Potential
    1.47566e+05    5.37652e+04   -5.85543e+06   -2.96111e+04   -5.68371e+06
    Kinetic En.   Total Energy    Temperature Pressure (bar)
    9.69243e+05   -4.71447e+06    3.13249e+02    4.14164e+00

Writing checkpoint, step 174802880 at Wed Oct  4 22:31:10 2023


Writing checkpoint, step 175032650 at Wed Oct  4 22:46:10 2023


DD  step 175199999 load imb.: force  7.1%

           Step           Time
      175200000   4380000.00000

   Energies (kJ/mol)
           Bond       G96Angle        LJ (SR)   Coulomb (SR)      Potential
    1.48061e+05    5.39163e+04   -5.85368e+06   -2.94448e+04   -5.68114e+06
    Kinetic En.   Total Energy    Temperature Pressure (bar)
    9.66849e+05   -4.71429e+06    3.12475e+02    3.03677e+00

Writing checkpoint, step 175241940 at Wed Oct  4 23:01:10 2023


Writing checkpoint, step 175459890 at Wed Oct  4 23:16:10 2023


DD  step 175599999 load imb.: force  7.4%

           Step           Time
      175600000   4390000.00000

   Energies (kJ/mol)
           Bond       G96Angle        LJ (SR)   Coulomb (SR)      Potential
    1.47606e+05    5.37512e+04   -5.85469e+06   -2.96944e+04   -5.68303e+06
    Kinetic En.   Total Energy    Temperature Pressure (bar)
    9.68488e+05   -4.71454e+06    3.13005e+02   -2.67550e+00

Writing checkpoint, step 175671800 at Wed Oct  4 23:31:10 2023


Writing checkpoint, step 175901560 at Wed Oct  4 23:46:10 2023


DD  step 175999999 load imb.: force  6.7%

           Step           Time
      176000000   4400000.00000

   Energies (kJ/mol)
           Bond       G96Angle        LJ (SR)   Coulomb (SR)      Potential
    1.47196e+05    5.37673e+04   -5.85790e+06   -2.98760e+04   -5.68681e+06
    Kinetic En.   Total Energy    Temperature Pressure (bar)
    9.68045e+05   -4.71876e+06    3.12861e+02    7.61038e-01

Writing checkpoint, step 176110290 at Thu Oct  5 00:01:10 2023


Writing checkpoint, step 176338010 at Thu Oct  5 00:16:10 2023


DD  step 176399999 load imb.: force  5.0%

           Step           Time
      176400000   4410000.00000

   Energies (kJ/mol)
           Bond       G96Angle        LJ (SR)   Coulomb (SR)      Potential
    1.48056e+05    5.35474e+04   -5.85566e+06   -2.96527e+04   -5.68371e+06
    Kinetic En.   Total Energy    Temperature Pressure (bar)
    9.66608e+05   -4.71710e+06    3.12397e+02   -1.86903e+00

Writing checkpoint, step 176565960 at Thu Oct  5 00:31:10 2023


Writing checkpoint, step 176792670 at Thu Oct  5 00:46:10 2023


DD  step 176799999 load imb.: force  9.7%

           Step           Time
      176800000   4420000.00000

   Energies (kJ/mol)
           Bond       G96Angle        LJ (SR)   Coulomb (SR)      Potential
    1.47080e+05    5.34576e+04   -5.86040e+06   -2.98266e+04   -5.68969e+06
    Kinetic En.   Total Energy    Temperature Pressure (bar)
    9.62425e+05   -4.72727e+06    3.11045e+02   -7.44723e-01

Writing checkpoint, step 177017190 at Thu Oct  5 01:01:10 2023


DD  step 177199999 load imb.: force  7.1%

           Step           Time
      177200000   4430000.00000

   Energies (kJ/mol)
           Bond       G96Angle        LJ (SR)   Coulomb (SR)      Potential
    1.48553e+05    5.33493e+04   -5.85485e+06   -2.90717e+04   -5.68202e+06
    Kinetic En.   Total Energy    Temperature Pressure (bar)
    9.67959e+05   -4.71406e+06    3.12834e+02    4.15150e+00

Writing checkpoint, step 177246380 at Thu Oct  5 01:16:10 2023


Writing checkpoint, step 177475100 at Thu Oct  5 01:31:10 2023


DD  step 177599999 load imb.: force 10.1%

           Step           Time
      177600000   4440000.00000

   Energies (kJ/mol)
           Bond       G96Angle        LJ (SR)   Coulomb (SR)      Potential
    1.47498e+05    5.36557e+04   -5.85607e+06   -2.94827e+04   -5.68440e+06
    Kinetic En.   Total Energy    Temperature Pressure (bar)
    9.68348e+05   -4.71605e+06    3.12959e+02    2.28028e+00

Writing checkpoint, step 177697130 at Thu Oct  5 01:46:10 2023


Writing checkpoint, step 177914020 at Thu Oct  5 02:01:10 2023


DD  step 177999999 load imb.: force 10.0%

           Step           Time
      178000000   4450000.00000

   Energies (kJ/mol)
           Bond       G96Angle        LJ (SR)   Coulomb (SR)      Potential
    1.48387e+05    5.32595e+04   -5.85348e+06   -2.92865e+04   -5.68112e+06
    Kinetic En.   Total Energy    Temperature Pressure (bar)
    9.67579e+05   -4.71354e+06    3.12711e+02    8.03721e+00

Writing checkpoint, step 178133080 at Thu Oct  5 02:16:10 2023


Writing checkpoint, step 178341610 at Thu Oct  5 02:31:10 2023


DD  step 178399999 load imb.: force 10.8%

           Step           Time
      178400000   4460000.00000

   Energies (kJ/mol)
           Bond       G96Angle        LJ (SR)   Coulomb (SR)      Potential
    1.46274e+05    5.29782e+04   -5.85765e+06   -2.93810e+04   -5.68777e+06
    Kinetic En.   Total Energy    Temperature Pressure (bar)
    9.67082e+05   -4.72069e+06    3.12550e+02    2.76307e+00

Writing checkpoint, step 178551190 at Thu Oct  5 02:46:10 2023


Writing checkpoint, step 178767150 at Thu Oct  5 03:01:10 2023


DD  step 178799999 load imb.: force 10.8%

           Step           Time
      178800000   4470000.00000

   Energies (kJ/mol)
           Bond       G96Angle        LJ (SR)   Coulomb (SR)      Potential
    1.47386e+05    5.35623e+04   -5.85844e+06   -2.92410e+04   -5.68673e+06
    Kinetic En.   Total Energy    Temperature Pressure (bar)
    9.66544e+05   -4.72019e+06    3.12376e+02    1.27152e+00

Writing checkpoint, step 178962610 at Thu Oct  5 03:16:10 2023


Writing checkpoint, step 179179620 at Thu Oct  5 03:31:10 2023


DD  step 179199999 load imb.: force  9.7%

           Step           Time
      179200000   4480000.00000

   Energies (kJ/mol)
           Bond       G96Angle        LJ (SR)   Coulomb (SR)      Potential
    1.48193e+05    5.35073e+04   -5.85910e+06   -2.92000e+04   -5.68660e+06
    Kinetic En.   Total Energy    Temperature Pressure (bar)
    9.62927e+05   -4.72367e+06    3.11207e+02   -1.04990e+01

Writing checkpoint, step 179401790 at Thu Oct  5 03:46:10 2023


Writing checkpoint, step 179599020 at Thu Oct  5 04:01:10 2023


DD  step 179599999 load imb.: force 10.9%

           Step           Time
      179600000   4490000.00000

   Energies (kJ/mol)
           Bond       G96Angle        LJ (SR)   Coulomb (SR)      Potential
    1.46822e+05    5.39016e+04   -5.85790e+06   -2.94076e+04   -5.68658e+06
    Kinetic En.   Total Energy    Temperature Pressure (bar)
    9.65998e+05   -4.72058e+06    3.12200e+02   -8.69051e+00

Writing checkpoint, step 179820300 at Thu Oct  5 04:16:10 2023


DD  step 179999999 load imb.: force 11.1%

           Step           Time
      180000000   4500000.00000

   Energies (kJ/mol)
           Bond       G96Angle        LJ (SR)   Coulomb (SR)      Potential
    1.47028e+05    5.40507e+04   -5.85366e+06   -2.94004e+04   -5.68198e+06
    Kinetic En.   Total Energy    Temperature Pressure (bar)
    9.67900e+05   -4.71408e+06    3.12815e+02    1.83332e+00

Writing checkpoint, step 180035550 at Thu Oct  5 04:31:10 2023


Writing checkpoint, step 180259410 at Thu Oct  5 04:46:10 2023


DD  step 180399999 load imb.: force 10.8%

           Step           Time
      180400000   4510000.00000

   Energies (kJ/mol)
           Bond       G96Angle        LJ (SR)   Coulomb (SR)      Potential
    1.47688e+05    5.34335e+04   -5.85622e+06   -2.93496e+04   -5.68445e+06
    Kinetic En.   Total Energy    Temperature Pressure (bar)
    9.65881e+05   -4.71857e+06    3.12162e+02    5.71042e-01

Writing checkpoint, step 180478280 at Thu Oct  5 05:01:10 2023


Writing checkpoint, step 180696360 at Thu Oct  5 05:16:10 2023


DD  step 180799999 load imb.: force 11.6%

           Step           Time
      180800000   4520000.00000

   Energies (kJ/mol)
           Bond       G96Angle        LJ (SR)   Coulomb (SR)      Potential
    1.49122e+05    5.39714e+04   -5.85718e+06   -2.94267e+04   -5.68351e+06
    Kinetic En.   Total Energy    Temperature Pressure (bar)
    9.67672e+05   -4.71584e+06    3.12741e+02   -2.20196e+00

Writing checkpoint, step 180907090 at Thu Oct  5 05:31:10 2023


Writing checkpoint, step 181135250 at Thu Oct  5 05:46:10 2023


DD  step 181199999 load imb.: force 10.5%

           Step           Time
      181200000   4530000.00000

   Energies (kJ/mol)
           Bond       G96Angle        LJ (SR)   Coulomb (SR)      Potential
    1.47207e+05    5.34130e+04   -5.85962e+06   -2.98974e+04   -5.68890e+06
    Kinetic En.   Total Energy    Temperature Pressure (bar)
    9.66224e+05   -4.72268e+06    3.12273e+02   -3.74157e+00

Writing checkpoint, step 181353030 at Thu Oct  5 06:01:10 2023


Writing checkpoint, step 181565560 at Thu Oct  5 06:16:10 2023


DD  step 181599999 load imb.: force 10.2%

           Step           Time
      181600000   4540000.00000

   Energies (kJ/mol)
           Bond       G96Angle        LJ (SR)   Coulomb (SR)      Potential
    1.47119e+05    5.41027e+04   -5.85552e+06   -2.95815e+04   -5.68388e+06
    Kinetic En.   Total Energy    Temperature Pressure (bar)
    9.67904e+05   -4.71598e+06    3.12816e+02    4.49953e+00

Writing checkpoint, step 181780160 at Thu Oct  5 06:31:10 2023


Writing checkpoint, step 181998490 at Thu Oct  5 06:46:10 2023


DD  step 181999999 load imb.: force 10.0%

           Step           Time
      182000000   4550000.00000

   Energies (kJ/mol)
           Bond       G96Angle        LJ (SR)   Coulomb (SR)      Potential
    1.47332e+05    5.37735e+04   -5.86067e+06   -2.95717e+04   -5.68914e+06
    Kinetic En.   Total Energy    Temperature Pressure (bar)
    9.67956e+05   -4.72118e+06    3.12833e+02   -1.21238e+01

Writing checkpoint, step 182212130 at Thu Oct  5 07:01:10 2023


DD  step 182399999 load imb.: force 11.4%

           Step           Time
      182400000   4560000.00000

   Energies (kJ/mol)
           Bond       G96Angle        LJ (SR)   Coulomb (SR)      Potential
    1.48194e+05    5.31529e+04   -5.85721e+06   -2.96443e+04   -5.68551e+06
    Kinetic En.   Total Energy    Temperature Pressure (bar)
    9.64964e+05   -4.72054e+06    3.11866e+02    3.12210e-01

Writing checkpoint, step 182436300 at Thu Oct  5 07:16:10 2023


Writing checkpoint, step 182653990 at Thu Oct  5 07:31:10 2023


DD  step 182799999 load imb.: force 10.6%

           Step           Time
      182800000   4570000.00000

   Energies (kJ/mol)
           Bond       G96Angle        LJ (SR)   Coulomb (SR)      Potential
    1.47166e+05    5.33021e+04   -5.85325e+06   -2.96301e+04   -5.68241e+06
    Kinetic En.   Total Energy    Temperature Pressure (bar)
    9.67613e+05   -4.71480e+06    3.12722e+02    5.24879e+00

Writing checkpoint, step 182880840 at Thu Oct  5 07:46:10 2023


Writing checkpoint, step 183106080 at Thu Oct  5 08:01:10 2023


DD  step 183199999 load imb.: force 10.1%

           Step           Time
      183200000   4580000.00000

   Energies (kJ/mol)
           Bond       G96Angle        LJ (SR)   Coulomb (SR)      Potential
    1.46987e+05    5.38428e+04   -5.85620e+06   -2.94007e+04   -5.68477e+06
    Kinetic En.   Total Energy    Temperature Pressure (bar)
    9.64455e+05   -4.72032e+06    3.11701e+02    1.09125e+00

Writing checkpoint, step 183333640 at Thu Oct  5 08:16:10 2023


Writing checkpoint, step 183559030 at Thu Oct  5 08:31:10 2023


DD  step 183599999 load imb.: force  9.8%

           Step           Time
      183600000   4590000.00000

   Energies (kJ/mol)
           Bond       G96Angle        LJ (SR)   Coulomb (SR)      Potential
    1.47381e+05    5.38095e+04   -5.85617e+06   -2.94772e+04   -5.68446e+06
    Kinetic En.   Total Energy    Temperature Pressure (bar)
    9.68421e+05   -4.71604e+06    3.12983e+02    2.17215e-01

Writing checkpoint, step 183770130 at Thu Oct  5 08:46:10 2023


Writing checkpoint, step 183990950 at Thu Oct  5 09:01:10 2023


DD  step 183999999 load imb.: force 11.2%

           Step           Time
      184000000   4600000.00000

   Energies (kJ/mol)
           Bond       G96Angle        LJ (SR)   Coulomb (SR)      Potential
    1.47310e+05    5.37704e+04   -5.85564e+06   -2.95277e+04   -5.68408e+06
    Kinetic En.   Total Energy    Temperature Pressure (bar)
    9.69855e+05   -4.71423e+06    3.13447e+02    1.62287e+00

Writing checkpoint, step 184208340 at Thu Oct  5 09:16:10 2023


DD  step 184399999 load imb.: force 10.3%

           Step           Time
      184400000   4610000.00000

   Energies (kJ/mol)
           Bond       G96Angle        LJ (SR)   Coulomb (SR)      Potential
    1.46705e+05    5.32891e+04   -5.85643e+06   -2.97625e+04   -5.68620e+06
    Kinetic En.   Total Energy    Temperature Pressure (bar)
    9.70691e+05   -4.71551e+06    3.13717e+02   -2.33116e+00

Writing checkpoint, step 184428360 at Thu Oct  5 09:31:10 2023


Writing checkpoint, step 184654160 at Thu Oct  5 09:46:10 2023


DD  step 184799999 load imb.: force 11.2%

           Step           Time
      184800000   4620000.00000

   Energies (kJ/mol)
           Bond       G96Angle        LJ (SR)   Coulomb (SR)      Potential
    1.47745e+05    5.36495e+04   -5.85987e+06   -3.00639e+04   -5.68854e+06
    Kinetic En.   Total Energy    Temperature Pressure (bar)
    9.67074e+05   -4.72146e+06    3.12548e+02   -2.57300e+00

Writing checkpoint, step 184872580 at Thu Oct  5 10:01:10 2023


Writing checkpoint, step 185092210 at Thu Oct  5 10:16:10 2023




Received the second INT/TERM signal, stopping within 2 steps

           Step           Time
      185095310   4627382.75000

Writing checkpoint, step 185095310 at Thu Oct  5 10:16:22 2023




-----------------------------------------------------------
Restarting from checkpoint, appending to previous log file.

Log file opened on Thu Oct  5 17:21:07 2023
Host: halc031.amarel.rutgers.edu  pid: 211948  rank ID: 0  number of ranks:  32
                      :-) GROMACS - gmx mdrun, 2016.1 (-:

Executable:   /opt/sw/packages/intel-17.0.1/mvapich2-2.2/gromacs/2016.1/bin/gmx_mpi
Data prefix:  /opt/sw/packages/intel-17.0.1/mvapich2-2.2/gromacs/2016.1
Working dir:  /scratch/jje63/heat_lig_multinano/Soft_Sphere_4/Octanethiol
Command line:
  gmx_mpi mdrun -s md2.tpr -cpi md.cpt -ntomp 1 -deffnm md -v -rdd 1.4

GROMACS version:    2016.1
Precision:          single
Memory model:       64 bit
MPI library:        MPI
OpenMP support:     enabled (GMX_OPENMP_MAX_THREADS = 32)
GPU support:        disabled
SIMD instructions:  AVX_256
FFT library:        Intel MKL
RDTSCP usage:       enabled
TNG support:        enabled
Hwloc support:      disabled
Tracing support:    disabled
Built on:           Wed Nov 23 15:27:26 EST 2016
Built by:           novosirj@perceval2.hpc.rutgers.edu [CMAKE]
Build OS/arch:      Linux 3.10.0-229.20.1.el7.x86_64 x86_64
Build CPU vendor:   Intel
Build CPU brand:    Intel(R) Xeon(R) CPU E5-2650 v3 @ 2.30GHz
Build CPU family:   6   Model: 63   Stepping: 2
Build CPU features: aes apic avx avx2 clfsh cmov cx8 cx16 f16c fma htt lahf mmx msr nonstop_tsc pcid pclmuldq pdcm pdpe1gb popcnt pse rdrnd rdtscp sse2 sse3 sse4.1 sse4.2 ssse3 tdt x2apic
C compiler:         /opt/sw/packages/intel/17.0.1/compilers_and_libraries/linux/bin/intel64/icc Intel 17.0.0.20161005
C compiler flags:    -mavx   -mkl=sequential  -std=gnu99  -O3 -DNDEBUG -ip -funroll-all-loops -alias-const -ansi-alias  
C++ compiler:       /opt/sw/packages/intel/17.0.1/compilers_and_libraries/linux/bin/intel64/icpc Intel 17.0.0.20161005
C++ compiler flags:  -mavx    -std=c++0x   -O3 -DNDEBUG -ip -funroll-all-loops -alias-const -ansi-alias  


Initializing Domain Decomposition on 32 ranks
Dynamic load balancing: auto
Minimum cell size due to bonded interactions: 1.400 nm
Domain decomposition grid 8 x 4 x 1, separate PME ranks 0
Domain decomposition rank 0, coordinates 0 0 0

The initial number of communication pulses is: X 1 Y 1
The initial domain decomposition cell size is: X 5.66 nm Y 11.32 nm

The maximum allowed distance for charge groups involved in interactions is:
                 non-bonded interactions           1.200 nm
(the following are initial values, they could change due to box deformation)
            two-body bonded interactions  (-rdd)   1.400 nm
          multi-body bonded interactions  (-rdd)   1.400 nm

When dynamic load balancing gets turned on, these settings will change to:
The maximum number of communication pulses is: X 1 Y 1
The minimum size for domain decomposition cells is 1.400 nm
The requested allowed shrink of DD cells (option -dds) is: 0.80
The allowed shrink of domain decomposition cells is: X 0.25 Y 0.12
The maximum allowed distance for charge groups involved in interactions is:
                 non-bonded interactions           1.200 nm
            two-body bonded interactions  (-rdd)   1.400 nm
          multi-body bonded interactions  (-rdd)   1.400 nm

Using 32 MPI processes


NOTE: This file uses the deprecated 'group' cutoff_scheme. This will be
removed in a future release when 'verlet' supports all interaction forms.

Table routines are used for coulomb: true
Table routines are used for vdw:     true
Using shifted Lennard-Jones, switch between 0.9 and 1.2 nm
Cut-off's:   NS: 1.2   Coulomb: 1.2   LJ: 1.2
System total charge: 0.000
Generated table with 1100 data points for Shift.
Tabscale = 500 points/nm
Generated table with 1100 data points for LJ6Shift.
Tabscale = 500 points/nm
Generated table with 1100 data points for LJ12Shift.
Tabscale = 500 points/nm
Potential shift: LJ r^-12: 0.000e+00 r^-6: 0.000e+00
Pinning threads with an auto-selected logical core stride of 1

Linking all bonded interactions to atoms

Intra-simulation communication will occur every 1 steps.
Center of mass motion removal mode is Linear
We have the following groups for center of mass motion removal:
  0:  rest
There are: 248096 Atoms
Atom distribution over 32 domains: av 7753 stddev 56 min 7679 max 7918
Grid: 7 x 13 x 13 cells
Initial temperature: 625.188 K

Started mdrun on rank 0 Thu Oct  5 17:21:08 2023

DD  step 185095319 load imb.: force  5.8%


step 185095340 Turning on dynamic load balancing, because the performance loss due to load imbalance is 2.9 %.


step 185095910 Turning off dynamic load balancing, because it is degrading performance.

Atom distribution over 32 domains: av 7753 stddev 59 min 7666 max 7927

step 185103310 Turning on dynamic load balancing, because the performance loss due to load imbalance is 2.0 %.


step 185107110 Turning off dynamic load balancing, because it is degrading performance.

Atom distribution over 32 domains: av 7753 stddev 58 min 7665 max 7927

step 185149310 Turning on dynamic load balancing, because the performance loss due to load imbalance is 2.0 %.


step 185154110 Turning off dynamic load balancing, because it is degrading performance.

Atom distribution over 32 domains: av 7753 stddev 61 min 7684 max 7930
DD  step 185199999 load imb.: force  7.1%

           Step           Time
      185200000   4630000.00000

   Energies (kJ/mol)
           Bond       G96Angle        LJ (SR)   Coulomb (SR)      Potential
    1.47770e+05    5.34535e+04   -5.85728e+06   -2.89748e+04   -5.68503e+06
    Kinetic En.   Total Energy    Temperature Pressure (bar)
    9.67632e+05   -4.71740e+06    3.12728e+02   -5.01794e+00


step 185210310 Turning on dynamic load balancing, because the performance loss due to load imbalance is 2.0 %.


step 185214510 Turning off dynamic load balancing, because it is degrading performance.

Atom distribution over 32 domains: av 7753 stddev 54 min 7674 max 7897

step 185265310 Turning on dynamic load balancing, because the performance loss due to load imbalance is 2.0 %.


step 185267110 Turning off dynamic load balancing, because it is degrading performance.

Atom distribution over 32 domains: av 7753 stddev 55 min 7682 max 7933

step 185290310 Turning on dynamic load balancing, because the performance loss due to load imbalance is 2.0 %.


step 185294110 Turning off dynamic load balancing, because it is degrading performance.

Atom distribution over 32 domains: av 7753 stddev 46 min 7694 max 7864
Writing checkpoint, step 185296540 at Thu Oct  5 17:36:08 2023



step 185344310 Turning on dynamic load balancing, because the performance loss due to load imbalance is 2.0 %.


step 185348710 Turning off dynamic load balancing, because it is degrading performance.

Atom distribution over 32 domains: av 7753 stddev 55 min 7683 max 7915

step 185402310 Turning on dynamic load balancing, because the performance loss due to load imbalance is 2.0 %.


step 185402510 Turning off dynamic load balancing, because it is degrading performance.

Atom distribution over 32 domains: av 7753 stddev 46 min 7687 max 7881

step 185404310 Turning on dynamic load balancing, because the performance loss due to load imbalance is 2.0 %.


step 185408110 Turning off dynamic load balancing, because it is degrading performance.

Atom distribution over 32 domains: av 7753 stddev 55 min 7684 max 7917

step 185408310 Will no longer try dynamic load balancing, as it degraded performance.

Writing checkpoint, step 185497690 at Thu Oct  5 17:51:08 2023


DD  step 185599999 load imb.: force  7.3%

           Step           Time
      185600000   4640000.00000

   Energies (kJ/mol)
           Bond       G96Angle        LJ (SR)   Coulomb (SR)      Potential
    1.47671e+05    5.34064e+04   -5.85780e+06   -2.97575e+04   -5.68648e+06
    Kinetic En.   Total Energy    Temperature Pressure (bar)
    9.64792e+05   -4.72169e+06    3.11810e+02   -8.54228e-01

Writing checkpoint, step 185699110 at Thu Oct  5 18:06:08 2023


Writing checkpoint, step 185900790 at Thu Oct  5 18:21:08 2023


DD  step 185999999 load imb.: force  6.4%

           Step           Time
      186000000   4650000.00000

   Energies (kJ/mol)
           Bond       G96Angle        LJ (SR)   Coulomb (SR)      Potential
    1.48343e+05    5.37660e+04   -5.85601e+06   -2.93793e+04   -5.68328e+06
    Kinetic En.   Total Energy    Temperature Pressure (bar)
    9.64680e+05   -4.71860e+06    3.11774e+02   -5.74244e-01

Writing checkpoint, step 186101780 at Thu Oct  5 18:36:08 2023


Writing checkpoint, step 186302850 at Thu Oct  5 18:51:08 2023


DD  step 186399999 load imb.: force  7.0%

           Step           Time
      186400000   4660000.00000

   Energies (kJ/mol)
           Bond       G96Angle        LJ (SR)   Coulomb (SR)      Potential
    1.47256e+05    5.43009e+04   -5.85335e+06   -2.96414e+04   -5.68143e+06
    Kinetic En.   Total Energy    Temperature Pressure (bar)
    9.62771e+05   -4.71866e+06    3.11157e+02   -2.96753e+00

Writing checkpoint, step 186504000 at Thu Oct  5 19:06:08 2023


Writing checkpoint, step 186705680 at Thu Oct  5 19:21:08 2023


DD  step 186799999 load imb.: force  6.3%

           Step           Time
      186800000   4670000.00000

   Energies (kJ/mol)
           Bond       G96Angle        LJ (SR)   Coulomb (SR)      Potential
    1.47647e+05    5.32755e+04   -5.85752e+06   -2.98851e+04   -5.68648e+06
    Kinetic En.   Total Energy    Temperature Pressure (bar)
    9.67706e+05   -4.71877e+06    3.12752e+02    1.97396e+00

Writing checkpoint, step 186908010 at Thu Oct  5 19:36:08 2023


Writing checkpoint, step 187110010 at Thu Oct  5 19:51:08 2023


DD  step 187199999 load imb.: force  6.5%

           Step           Time
      187200000   4680000.00000

   Energies (kJ/mol)
           Bond       G96Angle        LJ (SR)   Coulomb (SR)      Potential
    1.48213e+05    5.38709e+04   -5.85580e+06   -2.96024e+04   -5.68332e+06
    Kinetic En.   Total Energy    Temperature Pressure (bar)
    9.70168e+05   -4.71315e+06    3.13548e+02    5.14360e-01

Writing checkpoint, step 187311920 at Thu Oct  5 20:06:08 2023


Writing checkpoint, step 187514040 at Thu Oct  5 20:21:08 2023


DD  step 187599999 load imb.: force  6.2%

           Step           Time
      187600000   4690000.00000

   Energies (kJ/mol)
           Bond       G96Angle        LJ (SR)   Coulomb (SR)      Potential
    1.48498e+05    5.35073e+04   -5.85404e+06   -2.94788e+04   -5.68151e+06
    Kinetic En.   Total Energy    Temperature Pressure (bar)
    9.68205e+05   -4.71331e+06    3.12913e+02    4.63968e+00

Writing checkpoint, step 187716470 at Thu Oct  5 20:36:08 2023


Writing checkpoint, step 187918870 at Thu Oct  5 20:51:08 2023


DD  step 187999999 load imb.: force  6.9%

           Step           Time
      188000000   4700000.00000

   Energies (kJ/mol)
           Bond       G96Angle        LJ (SR)   Coulomb (SR)      Potential
    1.47252e+05    5.39645e+04   -5.85687e+06   -2.97348e+04   -5.68539e+06
    Kinetic En.   Total Energy    Temperature Pressure (bar)
    9.64680e+05   -4.72071e+06    3.11774e+02    9.37911e+00

Writing checkpoint, step 188119940 at Thu Oct  5 21:06:08 2023


Writing checkpoint, step 188320400 at Thu Oct  5 21:21:08 2023


DD  step 188399999 load imb.: force  6.6%

           Step           Time
      188400000   4710000.00000

   Energies (kJ/mol)
           Bond       G96Angle        LJ (SR)   Coulomb (SR)      Potential
    1.46172e+05    5.35055e+04   -5.85819e+06   -2.95870e+04   -5.68810e+06
    Kinetic En.   Total Energy    Temperature Pressure (bar)
    9.63652e+05   -4.72445e+06    3.11442e+02    3.20749e+00

Writing checkpoint, step 188521220 at Thu Oct  5 21:36:08 2023


Writing checkpoint, step 188722980 at Thu Oct  5 21:51:08 2023


DD  step 188799999 load imb.: force  6.1%

           Step           Time
      188800000   4720000.00000

   Energies (kJ/mol)
           Bond       G96Angle        LJ (SR)   Coulomb (SR)      Potential
    1.47762e+05    5.35620e+04   -5.85930e+06   -2.91272e+04   -5.68711e+06
    Kinetic En.   Total Energy    Temperature Pressure (bar)
    9.61071e+05   -4.72603e+06    3.10608e+02   -6.30755e-01

Writing checkpoint, step 188923550 at Thu Oct  5 22:06:08 2023


Writing checkpoint, step 189123000 at Thu Oct  5 22:21:08 2023


DD  step 189199999 load imb.: force  6.4%

           Step           Time
      189200000   4730000.00000

   Energies (kJ/mol)
           Bond       G96Angle        LJ (SR)   Coulomb (SR)      Potential
    1.47630e+05    5.34797e+04   -5.85800e+06   -2.95213e+04   -5.68641e+06
    Kinetic En.   Total Energy    Temperature Pressure (bar)
    9.64426e+05   -4.72198e+06    3.11692e+02   -5.20317e+00

Writing checkpoint, step 189322210 at Thu Oct  5 22:36:08 2023


Writing checkpoint, step 189522160 at Thu Oct  5 22:51:08 2023


DD  step 189599999 load imb.: force  7.1%

           Step           Time
      189600000   4740000.00000

   Energies (kJ/mol)
           Bond       G96Angle        LJ (SR)   Coulomb (SR)      Potential
    1.48000e+05    5.31614e+04   -5.85800e+06   -2.94084e+04   -5.68624e+06
    Kinetic En.   Total Energy    Temperature Pressure (bar)
    9.64985e+05   -4.72126e+06    3.11873e+02   -1.40995e+00

Writing checkpoint, step 189721960 at Thu Oct  5 23:06:08 2023


Writing checkpoint, step 189923260 at Thu Oct  5 23:21:08 2023


DD  step 189999999 load imb.: force  6.9%

           Step           Time
      190000000   4750000.00000

   Energies (kJ/mol)
           Bond       G96Angle        LJ (SR)   Coulomb (SR)      Potential
    1.46890e+05    5.35557e+04   -5.85391e+06   -2.88921e+04   -5.68235e+06
    Kinetic En.   Total Energy    Temperature Pressure (bar)
    9.68539e+05   -4.71381e+06    3.13021e+02    4.85587e+00

Writing checkpoint, step 190125090 at Thu Oct  5 23:36:08 2023


Writing checkpoint, step 190326940 at Thu Oct  5 23:51:08 2023


DD  step 190399999 load imb.: force  5.4%

           Step           Time
      190400000   4760000.00000

   Energies (kJ/mol)
           Bond       G96Angle        LJ (SR)   Coulomb (SR)      Potential
    1.47157e+05    5.36311e+04   -5.85658e+06   -2.92398e+04   -5.68503e+06
    Kinetic En.   Total Energy    Temperature Pressure (bar)
    9.67805e+05   -4.71723e+06    3.12784e+02    7.11541e+00

Writing checkpoint, step 190529670 at Fri Oct  6 00:06:08 2023


Writing checkpoint, step 190731790 at Fri Oct  6 00:21:08 2023


DD  step 190799999 load imb.: force  6.7%

           Step           Time
      190800000   4770000.00000

   Energies (kJ/mol)
           Bond       G96Angle        LJ (SR)   Coulomb (SR)      Potential
    1.47332e+05    5.38236e+04   -5.85616e+06   -2.93724e+04   -5.68438e+06
    Kinetic En.   Total Energy    Temperature Pressure (bar)
    9.61749e+05   -4.72263e+06    3.10827e+02   -1.25052e+01

Writing checkpoint, step 190934320 at Fri Oct  6 00:36:08 2023


Writing checkpoint, step 191136550 at Fri Oct  6 00:51:08 2023


DD  step 191199999 load imb.: force  5.0%

           Step           Time
      191200000   4780000.00000

   Energies (kJ/mol)
           Bond       G96Angle        LJ (SR)   Coulomb (SR)      Potential
    1.47576e+05    5.33643e+04   -5.85689e+06   -2.93008e+04   -5.68525e+06
    Kinetic En.   Total Energy    Temperature Pressure (bar)
    9.63609e+05   -4.72164e+06    3.11428e+02    4.05015e+00

Writing checkpoint, step 191338150 at Fri Oct  6 01:06:08 2023


Writing checkpoint, step 191539220 at Fri Oct  6 01:21:08 2023


DD  step 191599999 load imb.: force  6.9%

           Step           Time
      191600000   4790000.00000

   Energies (kJ/mol)
           Bond       G96Angle        LJ (SR)   Coulomb (SR)      Potential
    1.47801e+05    5.37636e+04   -5.85384e+06   -2.90885e+04   -5.68136e+06
    Kinetic En.   Total Energy    Temperature Pressure (bar)
    9.66225e+05   -4.71513e+06    3.12273e+02    7.39266e+00

Writing checkpoint, step 191740690 at Fri Oct  6 01:36:08 2023


Writing checkpoint, step 191942290 at Fri Oct  6 01:51:08 2023


DD  step 191999999 load imb.: force 12.8%

           Step           Time
      192000000   4800000.00000

   Energies (kJ/mol)
           Bond       G96Angle        LJ (SR)   Coulomb (SR)      Potential
    1.46519e+05    5.34915e+04   -5.85829e+06   -2.95347e+04   -5.68781e+06
    Kinetic En.   Total Energy    Temperature Pressure (bar)
    9.64092e+05   -4.72372e+06    3.11584e+02   -7.83523e+00

Writing checkpoint, step 192144010 at Fri Oct  6 02:06:08 2023


Writing checkpoint, step 192345700 at Fri Oct  6 02:21:08 2023


DD  step 192399999 load imb.: force  6.1%

           Step           Time
      192400000   4810000.00000

   Energies (kJ/mol)
           Bond       G96Angle        LJ (SR)   Coulomb (SR)      Potential
    1.47422e+05    5.42820e+04   -5.85550e+06   -2.97237e+04   -5.68352e+06
    Kinetic En.   Total Energy    Temperature Pressure (bar)
    9.66930e+05   -4.71659e+06    3.12501e+02    2.07630e+00

Writing checkpoint, step 192547390 at Fri Oct  6 02:36:08 2023


Writing checkpoint, step 192749510 at Fri Oct  6 02:51:08 2023


DD  step 192799999 load imb.: force  6.3%

           Step           Time
      192800000   4820000.00000

   Energies (kJ/mol)
           Bond       G96Angle        LJ (SR)   Coulomb (SR)      Potential
    1.46935e+05    5.34096e+04   -5.85929e+06   -2.94845e+04   -5.68843e+06
    Kinetic En.   Total Energy    Temperature Pressure (bar)
    9.63840e+05   -4.72459e+06    3.11503e+02   -2.73922e+00

Writing checkpoint, step 192951840 at Fri Oct  6 03:06:08 2023


Writing checkpoint, step 193154530 at Fri Oct  6 03:21:08 2023


DD  step 193199999 load imb.: force  5.6%

           Step           Time
      193200000   4830000.00000

   Energies (kJ/mol)
           Bond       G96Angle        LJ (SR)   Coulomb (SR)      Potential
    1.47221e+05    5.29796e+04   -5.85556e+06   -2.97593e+04   -5.68512e+06
    Kinetic En.   Total Energy    Temperature Pressure (bar)
    9.65370e+05   -4.71975e+06    3.11997e+02    9.92604e+00

Writing checkpoint, step 193357180 at Fri Oct  6 03:36:08 2023


Writing checkpoint, step 193560090 at Fri Oct  6 03:51:08 2023


DD  step 193599999 load imb.: force  6.4%

           Step           Time
      193600000   4840000.00000

   Energies (kJ/mol)
           Bond       G96Angle        LJ (SR)   Coulomb (SR)      Potential
    1.47758e+05    5.35365e+04   -5.85639e+06   -2.91056e+04   -5.68420e+06
    Kinetic En.   Total Energy    Temperature Pressure (bar)
    9.67328e+05   -4.71687e+06    3.12630e+02    9.07304e+00

Writing checkpoint, step 193762930 at Fri Oct  6 04:06:08 2023


Writing checkpoint, step 193966160 at Fri Oct  6 04:21:08 2023


DD  step 193999999 load imb.: force  3.9%

           Step           Time
      194000000   4850000.00000

   Energies (kJ/mol)
           Bond       G96Angle        LJ (SR)   Coulomb (SR)      Potential
    1.47406e+05    5.36182e+04   -5.85596e+06   -2.95220e+04   -5.68446e+06
    Kinetic En.   Total Energy    Temperature Pressure (bar)
    9.70217e+05   -4.71424e+06    3.13564e+02    1.01911e+01

Writing checkpoint, step 194169670 at Fri Oct  6 04:36:08 2023


Writing checkpoint, step 194371890 at Fri Oct  6 04:51:08 2023


DD  step 194399999 load imb.: force  6.1%

           Step           Time
      194400000   4860000.00000

   Energies (kJ/mol)
           Bond       G96Angle        LJ (SR)   Coulomb (SR)      Potential
    1.48428e+05    5.33399e+04   -5.85421e+06   -2.95339e+04   -5.68198e+06
    Kinetic En.   Total Energy    Temperature Pressure (bar)
    9.70635e+05   -4.71134e+06    3.13698e+02    1.25754e+01

Writing checkpoint, step 194573770 at Fri Oct  6 05:06:08 2023


Writing checkpoint, step 194776460 at Fri Oct  6 05:21:08 2023


DD  step 194799999 load imb.: force  5.2%

           Step           Time
      194800000   4870000.00000

   Energies (kJ/mol)
           Bond       G96Angle        LJ (SR)   Coulomb (SR)      Potential
    1.46760e+05    5.38640e+04   -5.85335e+06   -2.88912e+04   -5.68162e+06
    Kinetic En.   Total Energy    Temperature Pressure (bar)
    9.69202e+05   -4.71242e+06    3.13235e+02    1.12887e+01

Writing checkpoint, step 194979150 at Fri Oct  6 05:36:08 2023


Writing checkpoint, step 195181570 at Fri Oct  6 05:51:08 2023


DD  step 195199999 load imb.: force  6.1%

           Step           Time
      195200000   4880000.00000

   Energies (kJ/mol)
           Bond       G96Angle        LJ (SR)   Coulomb (SR)      Potential
    1.47575e+05    5.40274e+04   -5.85672e+06   -2.89989e+04   -5.68411e+06
    Kinetic En.   Total Energy    Temperature Pressure (bar)
    9.61752e+05   -4.72236e+06    3.10827e+02    1.99795e+00

Writing checkpoint, step 195383940 at Fri Oct  6 06:06:08 2023


Writing checkpoint, step 195586590 at Fri Oct  6 06:21:08 2023


DD  step 195599999 load imb.: force  7.1%

           Step           Time
      195600000   4890000.00000

   Energies (kJ/mol)
           Bond       G96Angle        LJ (SR)   Coulomb (SR)      Potential
    1.46745e+05    5.36970e+04   -5.85866e+06   -2.93838e+04   -5.68760e+06
    Kinetic En.   Total Energy    Temperature Pressure (bar)
    9.64962e+05   -4.72264e+06    3.11865e+02   -1.46582e+00

Writing checkpoint, step 195788660 at Fri Oct  6 06:36:08 2023


Writing checkpoint, step 195990660 at Fri Oct  6 06:51:08 2023


DD  step 195999999 load imb.: force  6.9%

           Step           Time
      196000000   4900000.00000

   Energies (kJ/mol)
           Bond       G96Angle        LJ (SR)   Coulomb (SR)      Potential
    1.47299e+05    5.36711e+04   -5.85918e+06   -2.94496e+04   -5.68766e+06
    Kinetic En.   Total Energy    Temperature Pressure (bar)
    9.65408e+05   -4.72225e+06    3.12009e+02   -6.93509e+00

Writing checkpoint, step 196192410 at Fri Oct  6 07:06:08 2023


Writing checkpoint, step 196394380 at Fri Oct  6 07:21:08 2023


DD  step 196399999 load imb.: force  6.9%

           Step           Time
      196400000   4910000.00000

   Energies (kJ/mol)
           Bond       G96Angle        LJ (SR)   Coulomb (SR)      Potential
    1.47260e+05    5.35723e+04   -5.86075e+06   -2.93312e+04   -5.68925e+06
    Kinetic En.   Total Energy    Temperature Pressure (bar)
    9.61931e+05   -4.72732e+06    3.10885e+02   -9.25870e+00

Writing checkpoint, step 196596520 at Fri Oct  6 07:36:08 2023


Writing checkpoint, step 196798410 at Fri Oct  6 07:51:08 2023


DD  step 196799999 load imb.: force  6.9%

           Step           Time
      196800000   4920000.00000

   Energies (kJ/mol)
           Bond       G96Angle        LJ (SR)   Coulomb (SR)      Potential
    1.46565e+05    5.32985e+04   -5.85601e+06   -2.94891e+04   -5.68563e+06
    Kinetic En.   Total Energy    Temperature Pressure (bar)
    9.65898e+05   -4.71973e+06    3.12168e+02    7.95580e+00

Writing checkpoint, step 197000740 at Fri Oct  6 08:06:08 2023


DD  step 197199999 load imb.: force  6.1%

           Step           Time
      197200000   4930000.00000

   Energies (kJ/mol)
           Bond       G96Angle        LJ (SR)   Coulomb (SR)      Potential
    1.47065e+05    5.38086e+04   -5.85414e+06   -2.97161e+04   -5.68298e+06
    Kinetic En.   Total Energy    Temperature Pressure (bar)
    9.67900e+05   -4.71508e+06    3.12815e+02    7.08231e+00

Writing checkpoint, step 197203530 at Fri Oct  6 08:21:08 2023


Writing checkpoint, step 197406050 at Fri Oct  6 08:36:08 2023


DD  step 197599999 load imb.: force  6.4%

           Step           Time
      197600000   4940000.00000

   Energies (kJ/mol)
           Bond       G96Angle        LJ (SR)   Coulomb (SR)      Potential
    1.47588e+05    5.33509e+04   -5.85484e+06   -2.95286e+04   -5.68343e+06
    Kinetic En.   Total Energy    Temperature Pressure (bar)
    9.69041e+05   -4.71439e+06    3.13183e+02    3.44878e+00

Writing checkpoint, step 197608610 at Fri Oct  6 08:51:08 2023


Writing checkpoint, step 197810940 at Fri Oct  6 09:06:08 2023


DD  step 197999999 load imb.: force  6.8%

           Step           Time
      198000000   4950000.00000

   Energies (kJ/mol)
           Bond       G96Angle        LJ (SR)   Coulomb (SR)      Potential
    1.48282e+05    5.40751e+04   -5.85796e+06   -2.97079e+04   -5.68531e+06
    Kinetic En.   Total Energy    Temperature Pressure (bar)
    9.67584e+05   -4.71773e+06    3.12713e+02   -1.30295e+00

Writing checkpoint, step 198013790 at Fri Oct  6 09:21:08 2023


Writing checkpoint, step 198215700 at Fri Oct  6 09:36:08 2023


DD  step 198399999 load imb.: force  5.7%

           Step           Time
      198400000   4960000.00000

   Energies (kJ/mol)
           Bond       G96Angle        LJ (SR)   Coulomb (SR)      Potential
    1.48313e+05    5.34880e+04   -5.85789e+06   -2.89879e+04   -5.68508e+06
    Kinetic En.   Total Energy    Temperature Pressure (bar)
    9.63379e+05   -4.72170e+06    3.11354e+02   -5.10973e+00

Writing checkpoint, step 198417660 at Fri Oct  6 09:51:08 2023


Writing checkpoint, step 198620490 at Fri Oct  6 10:06:08 2023


DD  step 198799999 load imb.: force  6.4%

           Step           Time
      198800000   4970000.00000

   Energies (kJ/mol)
           Bond       G96Angle        LJ (SR)   Coulomb (SR)      Potential
    1.47233e+05    5.36719e+04   -5.85677e+06   -2.94744e+04   -5.68534e+06
    Kinetic En.   Total Energy    Temperature Pressure (bar)
    9.67395e+05   -4.71794e+06    3.12651e+02    1.15421e+00

Writing checkpoint, step 198822830 at Fri Oct  6 10:21:08 2023


Writing checkpoint, step 199025380 at Fri Oct  6 10:36:08 2023


DD  step 199199999 load imb.: force  5.5%

           Step           Time
      199200000   4980000.00000

   Energies (kJ/mol)
           Bond       G96Angle        LJ (SR)   Coulomb (SR)      Potential
    1.47509e+05    5.39574e+04   -5.86323e+06   -2.98295e+04   -5.69159e+06
    Kinetic En.   Total Energy    Temperature Pressure (bar)
    9.64034e+05   -4.72756e+06    3.11565e+02   -1.31784e+01

Writing checkpoint, step 199228250 at Fri Oct  6 10:51:08 2023


Writing checkpoint, step 199430710 at Fri Oct  6 11:06:08 2023


DD  step 199599999 load imb.: force  5.8%

           Step           Time
      199600000   4990000.00000

   Energies (kJ/mol)
           Bond       G96Angle        LJ (SR)   Coulomb (SR)      Potential
    1.47979e+05    5.34174e+04   -5.85810e+06   -2.93815e+04   -5.68608e+06
    Kinetic En.   Total Energy    Temperature Pressure (bar)
    9.67388e+05   -4.71869e+06    3.12649e+02   -8.41632e+00

Writing checkpoint, step 199633010 at Fri Oct  6 11:21:08 2023


Writing checkpoint, step 199835260 at Fri Oct  6 11:36:08 2023


DD  step 199999999 load imb.: force  6.7%

           Step           Time
      200000000   5000000.00000

Writing checkpoint, step 200000000 at Fri Oct  6 11:48:24 2023


   Energies (kJ/mol)
           Bond       G96Angle        LJ (SR)   Coulomb (SR)      Potential
    1.47339e+05    5.32882e+04   -5.85865e+06   -2.92872e+04   -5.68731e+06
    Kinetic En.   Total Energy    Temperature Pressure (bar)
    9.64924e+05   -4.72239e+06    3.11853e+02   -5.68191e+00

	<======  ###############  ==>
	<====  A V E R A G E S  ====>
	<==  ###############  ======>

	Statistics over 200000001 steps using 2000001 frames

   Energies (kJ/mol)
           Bond       G96Angle        LJ (SR)   Coulomb (SR)      Potential
    1.47479e+05    5.35265e+04   -5.85660e+06   -2.94502e+04   -5.68505e+06
    Kinetic En.   Total Energy    Temperature Pressure (bar)
    9.66387e+05   -4.71866e+06    3.12326e+02    1.00020e+00

          Box-X          Box-Y          Box-Z
    4.52233e+01    4.52233e+01    1.40718e+01

   Total Virial (kJ/mol)
    3.21272e+05    5.84013e+00    2.57419e+00
    5.84027e+00    3.21275e+05    1.10312e+00
    2.57486e+00    1.10386e+00    3.21240e+05

   Pressure (bar)
    1.00229e+00   -6.57887e-03   -2.56273e-03
   -6.57903e-03    9.97643e-01   -9.69288e-04
   -2.56350e-03   -9.70150e-04    1.00067e+00

           T-AU         T-POPC            T-W          T-ION
    3.12777e+02    3.12250e+02    3.12348e+02    3.12466e+02


	M E G A - F L O P S   A C C O U N T I N G

 NB=Group-cutoff nonbonded kernels    NxN=N-by-N cluster Verlet kernels
 RF=Reaction-Field  VdW=Van der Waals  QSTab=quadratic-spline table
 W3=SPC/TIP3p  W4=TIP4p (single or pairs)
 V&F=Potential and force  V=Potential only  F=Force only

 Computing:                               M-Number         M-Flops  % Flops
-----------------------------------------------------------------------------
 NB VdW [V&F]                      72381160.218297    72381160.218     0.9
 NB VdW [F]                       6159940668.716010  6159940668.716    79.8
 NB VdW & Elec. [V&F]               1516398.146565     1516398.147     0.0
 NB VdW & Elec. [F]               125660994.415103   125660994.415     1.6
 NS-Pairs                          50236028.494409  1054956598.383    13.7
 Reset In Box                        369777.164160     1109331.492     0.0
 CG-CoM                              369779.645120     1109338.935     0.0
 Bonds                              1127703.825751    66534525.719     0.9
 Angles                              750719.476288   126120872.016     1.6
 Virial                              371925.921920     6694666.595     0.1
 Stop-CM                              36977.964512      369779.645     0.0
 P-Coupling                          369779.397024     2218676.382     0.0
 Calc-Ekin                          3697794.218336    99840443.895     1.3
-----------------------------------------------------------------------------
 Total                                              7718453454.559   100.0
-----------------------------------------------------------------------------


    D O M A I N   D E C O M P O S I T I O N   S T A T I S T I C S

 av. #atoms communicated per step for force:  2 x 83667.2

 Average load imbalance: 6.4 %
 Part of the total run time spent waiting due to load imbalance: 3.1 %


     R E A L   C Y C L E   A N D   T I M E   A C C O U N T I N G

On 32 MPI ranks

 Computing:          Num   Num      Call    Wall time         Giga-Cycles
                     Ranks Threads  Count      (s)         total sum    %
-----------------------------------------------------------------------------
 Domain decomp.        32    1    1490469    3443.417     230854.053   5.2
 DD comm. load         32    1     151803       2.246        150.585   0.0
 DD comm. bounds       32    1       2737       0.205         13.760   0.0
 Neighbor search       32    1    1490470   20086.828    1346664.163  30.2
 Comm. coord.          32    1   14904691     579.133      38826.338   0.9
 Force                 32    1   14904691   35519.720    2381318.458  53.5
 Wait + Comm. F        32    1   14904691    1661.561     111394.617   2.5
 Write traj.           32    1       1936       4.478        300.185   0.0
 Update                32    1   14904691    1300.322      87176.366   2.0
 Comm. energies        32    1   14904691    2994.663     200768.680   4.5
 Rest                                         844.540      56619.788   1.3
-----------------------------------------------------------------------------
 Total                                      66437.113    4454086.994 100.0
-----------------------------------------------------------------------------

               Core t (s)   Wall t (s)        (%)
       Time:  2125987.619    66437.113     3200.0
                         18h27:17
                 (ns/day)    (hour/ns)
Performance:      484.581        0.050
Finished mdrun on rank 0 Fri Oct  6 11:48:25 2023
