Log file opened on Tue Sep  5 10:56:58 2023
Host: halc006.amarel.rutgers.edu  pid: 14696  rank ID: 0  number of ranks:  32
                      :-) GROMACS - gmx mdrun, 2016.1 (-:

                            GROMACS is written by:
     Emile Apol      Rossen Apostolov  Herman J.C. Berendsen    Par Bjelkmar   
 Aldert van Buuren   Rudi van Drunen     Anton Feenstra    Gerrit Groenhof  
 Christoph Junghans   Anca Hamuraru    Vincent Hindriksen Dimitrios Karkoulis
    Peter Kasson        Jiri Kraus      Carsten Kutzner      Per Larsson    
  Justin A. Lemkul   Magnus Lundborg   Pieter Meulenhoff    Erik Marklund   
   Teemu Murtola       Szilard Pall       Sander Pronk      Roland Schulz   
  Alexey Shvetsov     Michael Shirts     Alfons Sijbers     Peter Tieleman  
  Teemu Virolainen  Christian Wennberg    Maarten Wolf   
                           and the project leaders:
        Mark Abraham, Berk Hess, Erik Lindahl, and David van der Spoel

Copyright (c) 1991-2000, University of Groningen, The Netherlands.
Copyright (c) 2001-2015, The GROMACS development team at
Uppsala University, Stockholm University and
the Royal Institute of Technology, Sweden.
check out http://www.gromacs.org for more information.

GROMACS is free software; you can redistribute it and/or modify it
under the terms of the GNU Lesser General Public License
as published by the Free Software Foundation; either version 2.1
of the License, or (at your option) any later version.

GROMACS:      gmx mdrun, version 2016.1
Executable:   /opt/sw/packages/intel-17.0.1/mvapich2-2.2/gromacs/2016.1/bin/gmx_mpi
Data prefix:  /opt/sw/packages/intel-17.0.1/mvapich2-2.2/gromacs/2016.1
Working dir:  /scratch/jje63/heat_lig_multinano/Common_Nanoparticle_4/Hexadecanethiol
Command line:
  gmx_mpi mdrun -ntomp 1 -deffnm md -v -rdd 1.4

GROMACS version:    2016.1
Precision:          single
Memory model:       64 bit
MPI library:        MPI
OpenMP support:     enabled (GMX_OPENMP_MAX_THREADS = 32)
GPU support:        disabled
SIMD instructions:  AVX_256
FFT library:        Intel MKL
RDTSCP usage:       enabled
TNG support:        enabled
Hwloc support:      disabled
Tracing support:    disabled
Built on:           Wed Nov 23 15:27:26 EST 2016
Built by:           novosirj@perceval2.hpc.rutgers.edu [CMAKE]
Build OS/arch:      Linux 3.10.0-229.20.1.el7.x86_64 x86_64
Build CPU vendor:   Intel
Build CPU brand:    Intel(R) Xeon(R) CPU E5-2650 v3 @ 2.30GHz
Build CPU family:   6   Model: 63   Stepping: 2
Build CPU features: aes apic avx avx2 clfsh cmov cx8 cx16 f16c fma htt lahf mmx msr nonstop_tsc pcid pclmuldq pdcm pdpe1gb popcnt pse rdrnd rdtscp sse2 sse3 sse4.1 sse4.2 ssse3 tdt x2apic
C compiler:         /opt/sw/packages/intel/17.0.1/compilers_and_libraries/linux/bin/intel64/icc Intel 17.0.0.20161005
C compiler flags:    -mavx   -mkl=sequential  -std=gnu99  -O3 -DNDEBUG -ip -funroll-all-loops -alias-const -ansi-alias  
C++ compiler:       /opt/sw/packages/intel/17.0.1/compilers_and_libraries/linux/bin/intel64/icpc Intel 17.0.0.20161005
C++ compiler flags:  -mavx    -std=c++0x   -O3 -DNDEBUG -ip -funroll-all-loops -alias-const -ansi-alias  


Running on 1 node with total 32 cores, 32 logical cores
Hardware detected on host halc006.amarel.rutgers.edu (the node of MPI rank 0):
  CPU info:
    Vendor: Intel
    Brand:  Intel(R) Xeon(R) Gold 6130 CPU @ 2.10GHz
    Family: 6   Model: 85   Stepping: 4
    Features: aes apic avx avx2 avx512f avx512cd avx512bw avx512vl clfsh cmov cx8 cx16 f16c fma hle htt lahf mmx msr nonstop_tsc pcid pclmuldq pdcm pdpe1gb popcnt pse rdrnd rdtscp rtm sse2 sse3 sse4.1 sse4.2 ssse3 tdt x2apic
    SIMD instructions most likely to fit this hardware: AVX_512
    SIMD instructions selected at GROMACS compile time: AVX_256

  Hardware topology: Basic
    Sockets, cores, and logical processors:
      Socket  0: [   0] [   4] [   8] [  12] [  14] [  10] [   6] [   2] [  16] [  20] [  24] [  28] [  30] [  26] [  22] [  18]
      Socket  1: [   1] [   5] [   9] [  13] [  15] [  11] [   7] [   3] [  17] [  21] [  25] [  29] [  31] [  27] [  23] [  19]


Binary not matching hardware - you might be losing performance.
SIMD instructions most likely to fit this hardware: AVX_512
SIMD instructions selected at GROMACS compile time: AVX_256


++++ PLEASE READ AND CITE THE FOLLOWING REFERENCE ++++
M. J. Abraham, T. Murtola, R. Schulz, S. Páll, J. C. Smith, B. Hess, E.
Lindahl
GROMACS: High performance molecular simulations through multi-level
parallelism from laptops to supercomputers
SoftwareX 1 (2015) pp. 19-25
-------- -------- --- Thank You --- -------- --------


++++ PLEASE READ AND CITE THE FOLLOWING REFERENCE ++++
S. Páll, M. J. Abraham, C. Kutzner, B. Hess, E. Lindahl
Tackling Exascale Software Challenges in Molecular Dynamics Simulations with
GROMACS
In S. Markidis & E. Laure (Eds.), Solving Software Challenges for Exascale 8759 (2015) pp. 3-27
-------- -------- --- Thank You --- -------- --------


++++ PLEASE READ AND CITE THE FOLLOWING REFERENCE ++++
S. Pronk, S. Páll, R. Schulz, P. Larsson, P. Bjelkmar, R. Apostolov, M. R.
Shirts, J. C. Smith, P. M. Kasson, D. van der Spoel, B. Hess, and E. Lindahl
GROMACS 4.5: a high-throughput and highly parallel open source molecular
simulation toolkit
Bioinformatics 29 (2013) pp. 845-54
-------- -------- --- Thank You --- -------- --------


++++ PLEASE READ AND CITE THE FOLLOWING REFERENCE ++++
B. Hess and C. Kutzner and D. van der Spoel and E. Lindahl
GROMACS 4: Algorithms for highly efficient, load-balanced, and scalable
molecular simulation
J. Chem. Theory Comput. 4 (2008) pp. 435-447
-------- -------- --- Thank You --- -------- --------


++++ PLEASE READ AND CITE THE FOLLOWING REFERENCE ++++
D. van der Spoel, E. Lindahl, B. Hess, G. Groenhof, A. E. Mark and H. J. C.
Berendsen
GROMACS: Fast, Flexible and Free
J. Comp. Chem. 26 (2005) pp. 1701-1719
-------- -------- --- Thank You --- -------- --------


++++ PLEASE READ AND CITE THE FOLLOWING REFERENCE ++++
E. Lindahl and B. Hess and D. van der Spoel
GROMACS 3.0: A package for molecular simulation and trajectory analysis
J. Mol. Mod. 7 (2001) pp. 306-317
-------- -------- --- Thank You --- -------- --------


++++ PLEASE READ AND CITE THE FOLLOWING REFERENCE ++++
H. J. C. Berendsen, D. van der Spoel and R. van Drunen
GROMACS: A message-passing parallel molecular dynamics implementation
Comp. Phys. Comm. 91 (1995) pp. 43-56
-------- -------- --- Thank You --- -------- --------

Input Parameters:
   integrator                     = md
   tinit                          = 0
   dt                             = 0.025
   nsteps                         = 200000000
   init-step                      = 0
   simulation-part                = 1
   comm-mode                      = Linear
   nstcomm                        = 100
   bd-fric                        = 0
   ld-seed                        = 1303329259
   emtol                          = 10
   emstep                         = 0.01
   niter                          = 20
   fcstep                         = 0
   nstcgsteep                     = 1000
   nbfgscorr                      = 10
   rtpi                           = 0.05
   nstxout                        = 0
   nstvout                        = 0
   nstfout                        = 0
   nstlog                         = 400000
   nstcalcenergy                  = 100
   nstenergy                      = 4000
   nstxout-compressed             = 8000
   compressed-x-precision         = 100
   cutoff-scheme                  = Group
   nstlist                        = 10
   ns-type                        = Grid
   pbc                            = xyz
   periodic-molecules             = false
   verlet-buffer-tolerance        = 0.005
   rlist                          = 1.2
   coulombtype                    = Shift
   coulomb-modifier               = None
   rcoulomb-switch                = 0
   rcoulomb                       = 1.2
   epsilon-r                      = 15
   epsilon-rf                     = inf
   vdw-type                       = Shift
   vdw-modifier                   = None
   rvdw-switch                    = 0.9
   rvdw                           = 1.2
   DispCorr                       = No
   table-extension                = 1
   fourierspacing                 = 0.12
   fourier-nx                     = 0
   fourier-ny                     = 0
   fourier-nz                     = 0
   pme-order                      = 4
   ewald-rtol                     = 1e-05
   ewald-rtol-lj                  = 0.001
   lj-pme-comb-rule               = Geometric
   ewald-geometry                 = 0
   epsilon-surface                = 0
   implicit-solvent               = No
   gb-algorithm                   = Still
   nstgbradii                     = 1
   rgbradii                       = 1
   gb-epsilon-solvent             = 80
   gb-saltconc                    = 0
   gb-obc-alpha                   = 1
   gb-obc-beta                    = 0.8
   gb-obc-gamma                   = 4.85
   gb-dielectric-offset           = 0.009
   sa-algorithm                   = Ace-approximation
   sa-surface-tension             = 2.05016
   tcoupl                         = V-rescale
   nsttcouple                     = 1
   nh-chain-length                = 0
   print-nose-hoover-chain-variables = false
   pcoupl                         = Berendsen
   pcoupltype                     = Semiisotropic
   nstpcouple                     = 10
   tau-p                          = 3
   compressibility (3x3):
      compressibility[    0]={ 3.00000e-05,  0.00000e+00,  0.00000e+00}
      compressibility[    1]={ 0.00000e+00,  3.00000e-05,  0.00000e+00}
      compressibility[    2]={ 0.00000e+00,  0.00000e+00,  3.00000e-05}
   ref-p (3x3):
      ref-p[    0]={ 1.00000e+00,  0.00000e+00,  0.00000e+00}
      ref-p[    1]={ 0.00000e+00,  1.00000e+00,  0.00000e+00}
      ref-p[    2]={ 0.00000e+00,  0.00000e+00,  1.00000e+00}
   refcoord-scaling               = All
   posres-com (3):
      posres-com[0]= 0.00000e+00
      posres-com[1]= 0.00000e+00
      posres-com[2]= 0.00000e+00
   posres-comB (3):
      posres-comB[0]= 0.00000e+00
      posres-comB[1]= 0.00000e+00
      posres-comB[2]= 0.00000e+00
   QMMM                           = false
   QMconstraints                  = 0
   QMMMscheme                     = 0
   MMChargeScaleFactor            = 1
qm-opts:
   ngQM                           = 0
   constraint-algorithm           = Lincs
   continuation                   = false
   Shake-SOR                      = false
   shake-tol                      = 0.0001
   lincs-order                    = 4
   lincs-iter                     = 1
   lincs-warnangle                = 30
   nwall                          = 0
   wall-type                      = 9-3
   wall-r-linpot                  = -1
   wall-atomtype[0]               = -1
   wall-atomtype[1]               = -1
   wall-density[0]                = 0
   wall-density[1]                = 0
   wall-ewald-zfac                = 3
   pull                           = false
   rotation                       = false
   interactiveMD                  = false
   disre                          = No
   disre-weighting                = Conservative
   disre-mixed                    = false
   dr-fc                          = 1000
   dr-tau                         = 0
   nstdisreout                    = 100
   orire-fc                       = 0
   orire-tau                      = 0
   nstorireout                    = 100
   free-energy                    = no
   cos-acceleration               = 0
   deform (3x3):
      deform[    0]={ 0.00000e+00,  0.00000e+00,  0.00000e+00}
      deform[    1]={ 0.00000e+00,  0.00000e+00,  0.00000e+00}
      deform[    2]={ 0.00000e+00,  0.00000e+00,  0.00000e+00}
   simulated-tempering            = false
   E-x:
      n = 0
   E-xt:
      n = 0
   E-y:
      n = 0
   E-yt:
      n = 0
   E-z:
      n = 0
   E-zt:
      n = 0
   swapcoords                     = no
   userint1                       = 0
   userint2                       = 0
   userint3                       = 0
   userint4                       = 0
   userreal1                      = 0
   userreal2                      = 0
   userreal3                      = 0
   userreal4                      = 0
grpopts:
   nrdf:     13349.9      208727      498517       10974
   ref-t:         313         313         313         313
   tau-t:           1           1           1           1
annealing:          No          No          No          No
annealing-npoints:           0           0           0           0
   acc:	           0           0           0
   nfreeze:           N           N           N
   energygrp-flags[  0]: 0


Initializing Domain Decomposition on 32 ranks
Dynamic load balancing: auto
Minimum cell size due to bonded interactions: 1.400 nm
Scaling the initial minimum size with 1/0.8 (option -dds) = 1.25
Optimizing the DD grid for 32 cells with a minimum initial size of 1.750 nm
The maximum allowed number of cells is: X 25 Y 25 Z 8
Domain decomposition grid 8 x 4 x 1, separate PME ranks 0
Domain decomposition rank 0, coordinates 0 0 0

The initial number of communication pulses is: X 1 Y 1
The initial domain decomposition cell size is: X 5.62 nm Y 11.25 nm

The maximum allowed distance for charge groups involved in interactions is:
                 non-bonded interactions           1.200 nm
(the following are initial values, they could change due to box deformation)
            two-body bonded interactions  (-rdd)   1.400 nm
          multi-body bonded interactions  (-rdd)   1.400 nm

When dynamic load balancing gets turned on, these settings will change to:
The maximum number of communication pulses is: X 1 Y 1
The minimum size for domain decomposition cells is 1.400 nm
The requested allowed shrink of DD cells (option -dds) is: 0.80
The allowed shrink of domain decomposition cells is: X 0.25 Y 0.12
The maximum allowed distance for charge groups involved in interactions is:
                 non-bonded interactions           1.200 nm
            two-body bonded interactions  (-rdd)   1.400 nm
          multi-body bonded interactions  (-rdd)   1.400 nm

Using 32 MPI processes


NOTE: This file uses the deprecated 'group' cutoff_scheme. This will be
removed in a future release when 'verlet' supports all interaction forms.

Table routines are used for coulomb: true
Table routines are used for vdw:     true
Using shifted Lennard-Jones, switch between 0.9 and 1.2 nm
Cut-off's:   NS: 1.2   Coulomb: 1.2   LJ: 1.2
System total charge: 0.000
Generated table with 1100 data points for Shift.
Tabscale = 500 points/nm
Generated table with 1100 data points for LJ6Shift.
Tabscale = 500 points/nm
Generated table with 1100 data points for LJ12Shift.
Tabscale = 500 points/nm
Potential shift: LJ r^-12: 0.000e+00 r^-6: 0.000e+00
Removing pbc first time
Pinning threads with an auto-selected logical core stride of 1

Linking all bonded interactions to atoms

Intra-simulation communication will occur every 1 steps.
Center of mass motion removal mode is Linear
We have the following groups for center of mass motion removal:
  0:  rest

++++ PLEASE READ AND CITE THE FOLLOWING REFERENCE ++++
G. Bussi, D. Donadio and M. Parrinello
Canonical sampling through velocity rescaling
J. Chem. Phys. 126 (2007) pp. 014101
-------- -------- --- Thank You --- -------- --------

There are: 243857 Atoms
Atom distribution over 32 domains: av 7620 stddev 202 min 7232 max 7849
Grid: 7 x 13 x 14 cells
Initial temperature: 313.103 K

Started mdrun on rank 0 Tue Sep  5 10:56:58 2023
           Step           Time
              0        0.00000


   Energies (kJ/mol)
           Bond       G96Angle        LJ (SR)   Coulomb (SR)      Potential
    2.79980e+05    5.70287e+04   -6.23443e+06   -7.83014e+04   -5.97572e+06
    Kinetic En.   Total Energy    Temperature Pressure (bar)
    9.58284e+05   -5.01744e+06    3.15091e+02   -1.47473e+03

DD  step 9 load imb.: force 27.3%


step 20 Turning on dynamic load balancing, because the performance loss due to load imbalance is 5.8 %.


step 11800 Turning off dynamic load balancing, because it is degrading performance.

Atom distribution over 32 domains: av 7620 stddev 98 min 7536 max 7699
Writing checkpoint, step 201270 at Tue Sep  5 11:11:58 2023



step 331000 Turning on dynamic load balancing, because the performance loss due to load imbalance is 2.0 %.


step 331200 Turning off dynamic load balancing, because it is degrading performance.

Atom distribution over 32 domains: av 7620 stddev 106 min 7545 max 7726

step 333000 Turning on dynamic load balancing, because the performance loss due to load imbalance is 2.0 %.


step 334600 Turning off dynamic load balancing, because it is degrading performance.

Atom distribution over 32 domains: av 7620 stddev 108 min 7539 max 7752

step 335000 Will no longer try dynamic load balancing, as it degraded performance.

DD  step 399999 load imb.: force  6.1%

           Step           Time
         400000    10000.00000

   Energies (kJ/mol)
           Bond       G96Angle        LJ (SR)   Coulomb (SR)      Potential
    1.96284e+05    5.13932e+04   -5.82363e+06   -2.75514e+04   -5.60350e+06
    Kinetic En.   Total Energy    Temperature Pressure (bar)
    9.49908e+05   -4.65360e+06    3.12336e+02   -2.91500e+00

Writing checkpoint, step 403250 at Tue Sep  5 11:26:58 2023


Writing checkpoint, step 604990 at Tue Sep  5 11:41:58 2023


DD  step 799999 load imb.: force  4.5%

           Step           Time
         800000    20000.00000

   Energies (kJ/mol)
           Bond       G96Angle        LJ (SR)   Coulomb (SR)      Potential
    1.98958e+05    5.18948e+04   -5.81811e+06   -2.77027e+04   -5.59496e+06
    Kinetic En.   Total Energy    Temperature Pressure (bar)
    9.53577e+05   -4.64138e+06    3.13543e+02    1.11248e+00

Writing checkpoint, step 807530 at Tue Sep  5 11:56:58 2023


Writing checkpoint, step 1010960 at Tue Sep  5 12:11:58 2023


DD  step 1199999 load imb.: force  4.2%

           Step           Time
        1200000    30000.00000

   Energies (kJ/mol)
           Bond       G96Angle        LJ (SR)   Coulomb (SR)      Potential
    1.99083e+05    5.16989e+04   -5.82520e+06   -2.77724e+04   -5.60219e+06
    Kinetic En.   Total Energy    Temperature Pressure (bar)
    9.51999e+05   -4.65019e+06    3.13024e+02   -9.48236e-01

Writing checkpoint, step 1214400 at Tue Sep  5 12:26:58 2023


Writing checkpoint, step 1417990 at Tue Sep  5 12:41:58 2023


DD  step 1599999 load imb.: force  3.4%

           Step           Time
        1600000    40000.00000

   Energies (kJ/mol)
           Bond       G96Angle        LJ (SR)   Coulomb (SR)      Potential
    1.99414e+05    5.11192e+04   -5.82226e+06   -2.76817e+04   -5.59941e+06
    Kinetic En.   Total Energy    Temperature Pressure (bar)
    9.53215e+05   -4.64619e+06    3.13424e+02   -3.07397e+00

Writing checkpoint, step 1621360 at Tue Sep  5 12:56:58 2023


Writing checkpoint, step 1824740 at Tue Sep  5 13:11:58 2023


DD  step 1999999 load imb.: force  6.5%

           Step           Time
        2000000    50000.00000

   Energies (kJ/mol)
           Bond       G96Angle        LJ (SR)   Coulomb (SR)      Potential
    1.99010e+05    5.10777e+04   -5.82097e+06   -2.73726e+04   -5.59825e+06
    Kinetic En.   Total Energy    Temperature Pressure (bar)
    9.54530e+05   -4.64372e+06    3.13856e+02    4.69125e-01

Writing checkpoint, step 2028120 at Tue Sep  5 13:26:58 2023


Writing checkpoint, step 2231340 at Tue Sep  5 13:41:58 2023


DD  step 2399999 load imb.: force  3.8%

           Step           Time
        2400000    60000.00000

   Energies (kJ/mol)
           Bond       G96Angle        LJ (SR)   Coulomb (SR)      Potential
    1.98971e+05    5.19843e+04   -5.82442e+06   -2.76428e+04   -5.60110e+06
    Kinetic En.   Total Energy    Temperature Pressure (bar)
    9.51630e+05   -4.64947e+06    3.12903e+02    1.42689e+00

Writing checkpoint, step 2434530 at Tue Sep  5 13:56:58 2023


Writing checkpoint, step 2637870 at Tue Sep  5 14:11:58 2023


DD  step 2799999 load imb.: force  7.1%

           Step           Time
        2800000    70000.00000

   Energies (kJ/mol)
           Bond       G96Angle        LJ (SR)   Coulomb (SR)      Potential
    1.98639e+05    5.11881e+04   -5.82351e+06   -2.80215e+04   -5.60171e+06
    Kinetic En.   Total Energy    Temperature Pressure (bar)
    9.46237e+05   -4.65547e+06    3.11129e+02   -7.31193e+00

Writing checkpoint, step 2841110 at Tue Sep  5 14:26:58 2023


Writing checkpoint, step 3044070 at Tue Sep  5 14:41:58 2023


DD  step 3199999 load imb.: force  5.7%

           Step           Time
        3200000    80000.00000

   Energies (kJ/mol)
           Bond       G96Angle        LJ (SR)   Coulomb (SR)      Potential
    1.98640e+05    5.16385e+04   -5.82058e+06   -2.78294e+04   -5.59813e+06
    Kinetic En.   Total Energy    Temperature Pressure (bar)
    9.50149e+05   -4.64798e+06    3.12416e+02   -6.12042e+00

Writing checkpoint, step 3246760 at Tue Sep  5 14:56:58 2023


Writing checkpoint, step 3448650 at Tue Sep  5 15:11:58 2023


DD  step 3599999 load imb.: force  5.1%

           Step           Time
        3600000    90000.00000

   Energies (kJ/mol)
           Bond       G96Angle        LJ (SR)   Coulomb (SR)      Potential
    1.97003e+05    5.09303e+04   -5.82369e+06   -2.80029e+04   -5.60376e+06
    Kinetic En.   Total Energy    Temperature Pressure (bar)
    9.47428e+05   -4.65633e+06    3.11521e+02   -2.60816e+00

Writing checkpoint, step 3650880 at Tue Sep  5 15:26:58 2023


Writing checkpoint, step 3851880 at Tue Sep  5 15:41:58 2023


DD  step 3999999 load imb.: force  8.2%

           Step           Time
        4000000   100000.00000

   Energies (kJ/mol)
           Bond       G96Angle        LJ (SR)   Coulomb (SR)      Potential
    1.98025e+05    5.13996e+04   -5.82370e+06   -2.79351e+04   -5.60221e+06
    Kinetic En.   Total Energy    Temperature Pressure (bar)
    9.46705e+05   -4.65550e+06    3.11283e+02   -2.05830e+00

Writing checkpoint, step 4052320 at Tue Sep  5 15:56:58 2023


Writing checkpoint, step 4253590 at Tue Sep  5 16:11:58 2023


DD  step 4399999 load imb.: force  5.3%

           Step           Time
        4400000   110000.00000

   Energies (kJ/mol)
           Bond       G96Angle        LJ (SR)   Coulomb (SR)      Potential
    1.98511e+05    5.09312e+04   -5.82457e+06   -2.74360e+04   -5.60257e+06
    Kinetic En.   Total Energy    Temperature Pressure (bar)
    9.47016e+05   -4.65555e+06    3.11386e+02   -9.35278e+00

Writing checkpoint, step 4456010 at Tue Sep  5 16:26:58 2023


Writing checkpoint, step 4659340 at Tue Sep  5 16:41:58 2023


DD  step 4799999 load imb.: force  5.3%

           Step           Time
        4800000   120000.00000

   Energies (kJ/mol)
           Bond       G96Angle        LJ (SR)   Coulomb (SR)      Potential
    1.97721e+05    5.13523e+04   -5.82083e+06   -2.78102e+04   -5.59956e+06
    Kinetic En.   Total Energy    Temperature Pressure (bar)
    9.49256e+05   -4.65031e+06    3.12122e+02    5.97949e+00

Writing checkpoint, step 4862550 at Tue Sep  5 16:56:58 2023


Writing checkpoint, step 5066000 at Tue Sep  5 17:11:58 2023


DD  step 5199999 load imb.: force  5.1%

           Step           Time
        5200000   130000.00000

   Energies (kJ/mol)
           Bond       G96Angle        LJ (SR)   Coulomb (SR)      Potential
    1.97702e+05    5.16657e+04   -5.82277e+06   -2.77935e+04   -5.60120e+06
    Kinetic En.   Total Energy    Temperature Pressure (bar)
    9.52979e+05   -4.64822e+06    3.13346e+02    2.35166e+00

Writing checkpoint, step 5269340 at Tue Sep  5 17:26:58 2023


Writing checkpoint, step 5472490 at Tue Sep  5 17:41:58 2023


DD  step 5599999 load imb.: force  5.2%

           Step           Time
        5600000   140000.00000

   Energies (kJ/mol)
           Bond       G96Angle        LJ (SR)   Coulomb (SR)      Potential
    1.98978e+05    5.23501e+04   -5.81697e+06   -2.76132e+04   -5.59325e+06
    Kinetic En.   Total Energy    Temperature Pressure (bar)
    9.53781e+05   -4.63947e+06    3.13610e+02    1.14510e+01

Writing checkpoint, step 5675550 at Tue Sep  5 17:56:58 2023


Writing checkpoint, step 5878580 at Tue Sep  5 18:11:58 2023


DD  step 5999999 load imb.: force  4.6%

           Step           Time
        6000000   150000.00000

   Energies (kJ/mol)
           Bond       G96Angle        LJ (SR)   Coulomb (SR)      Potential
    1.97796e+05    5.15408e+04   -5.82119e+06   -2.79001e+04   -5.59975e+06
    Kinetic En.   Total Energy    Temperature Pressure (bar)
    9.48948e+05   -4.65080e+06    3.12021e+02    1.28511e+01

Writing checkpoint, step 6081470 at Tue Sep  5 18:26:58 2023


Writing checkpoint, step 6284380 at Tue Sep  5 18:41:58 2023


DD  step 6399999 load imb.: force  5.2%

           Step           Time
        6400000   160000.00000

   Energies (kJ/mol)
           Bond       G96Angle        LJ (SR)   Coulomb (SR)      Potential
    1.98188e+05    5.13144e+04   -5.82180e+06   -2.80229e+04   -5.60032e+06
    Kinetic En.   Total Energy    Temperature Pressure (bar)
    9.53312e+05   -4.64701e+06    3.13456e+02    4.82366e+00

Writing checkpoint, step 6487240 at Tue Sep  5 18:56:58 2023


Writing checkpoint, step 6690430 at Tue Sep  5 19:11:58 2023


DD  step 6799999 load imb.: force  6.0%

           Step           Time
        6800000   170000.00000

   Energies (kJ/mol)
           Bond       G96Angle        LJ (SR)   Coulomb (SR)      Potential
    1.98997e+05    5.17347e+04   -5.82232e+06   -2.79138e+04   -5.59951e+06
    Kinetic En.   Total Energy    Temperature Pressure (bar)
    9.49384e+05   -4.65012e+06    3.12164e+02   -8.00252e-01

Writing checkpoint, step 6893680 at Tue Sep  5 19:26:58 2023


Writing checkpoint, step 7096810 at Tue Sep  5 19:41:58 2023


DD  step 7199999 load imb.: force  6.3%

           Step           Time
        7200000   180000.00000

   Energies (kJ/mol)
           Bond       G96Angle        LJ (SR)   Coulomb (SR)      Potential
    1.97681e+05    5.13146e+04   -5.82194e+06   -2.78977e+04   -5.60084e+06
    Kinetic En.   Total Energy    Temperature Pressure (bar)
    9.51116e+05   -4.64973e+06    3.12733e+02   -6.82635e+00

Writing checkpoint, step 7299710 at Tue Sep  5 19:56:58 2023


Writing checkpoint, step 7502730 at Tue Sep  5 20:11:58 2023


DD  step 7599999 load imb.: force  2.9%

           Step           Time
        7600000   190000.00000

   Energies (kJ/mol)
           Bond       G96Angle        LJ (SR)   Coulomb (SR)      Potential
    1.98638e+05    5.14699e+04   -5.82024e+06   -2.78055e+04   -5.59793e+06
    Kinetic En.   Total Energy    Temperature Pressure (bar)
    9.48669e+05   -4.64926e+06    3.11929e+02   -1.36196e+00

Writing checkpoint, step 7705420 at Tue Sep  5 20:26:58 2023


Writing checkpoint, step 7907840 at Tue Sep  5 20:41:58 2023


DD  step 7999999 load imb.: force  7.3%

           Step           Time
        8000000   200000.00000

   Energies (kJ/mol)
           Bond       G96Angle        LJ (SR)   Coulomb (SR)      Potential
    1.98829e+05    5.13109e+04   -5.82368e+06   -2.79610e+04   -5.60150e+06
    Kinetic En.   Total Energy    Temperature Pressure (bar)
    9.49644e+05   -4.65186e+06    3.12250e+02   -5.70212e+00

Writing checkpoint, step 8110190 at Tue Sep  5 20:56:58 2023


Writing checkpoint, step 8312410 at Tue Sep  5 21:11:58 2023


DD  step 8399999 load imb.: force  5.8%

           Step           Time
        8400000   210000.00000

   Energies (kJ/mol)
           Bond       G96Angle        LJ (SR)   Coulomb (SR)      Potential
    1.98555e+05    5.14062e+04   -5.82251e+06   -2.78398e+04   -5.60039e+06
    Kinetic En.   Total Energy    Temperature Pressure (bar)
    9.49574e+05   -4.65082e+06    3.12227e+02    1.69034e+00

Writing checkpoint, step 8514810 at Tue Sep  5 21:26:58 2023


Writing checkpoint, step 8717460 at Tue Sep  5 21:41:58 2023


DD  step 8799999 load imb.: force  5.4%

           Step           Time
        8800000   220000.00000

   Energies (kJ/mol)
           Bond       G96Angle        LJ (SR)   Coulomb (SR)      Potential
    1.97773e+05    5.12911e+04   -5.81818e+06   -2.80017e+04   -5.59712e+06
    Kinetic En.   Total Energy    Temperature Pressure (bar)
    9.50256e+05   -4.64686e+06    3.12451e+02    5.87386e+00

Writing checkpoint, step 8919520 at Tue Sep  5 21:56:58 2023


Writing checkpoint, step 9121400 at Tue Sep  5 22:11:58 2023


DD  step 9199999 load imb.: force  6.6%

           Step           Time
        9200000   230000.00000

   Energies (kJ/mol)
           Bond       G96Angle        LJ (SR)   Coulomb (SR)      Potential
    1.99051e+05    5.12532e+04   -5.82196e+06   -2.76415e+04   -5.59930e+06
    Kinetic En.   Total Energy    Temperature Pressure (bar)
    9.50292e+05   -4.64901e+06    3.12463e+02    1.16794e+00

Writing checkpoint, step 9323690 at Tue Sep  5 22:26:58 2023


Writing checkpoint, step 9526260 at Tue Sep  5 22:41:58 2023


DD  step 9599999 load imb.: force  7.8%

           Step           Time
        9600000   240000.00000

   Energies (kJ/mol)
           Bond       G96Angle        LJ (SR)   Coulomb (SR)      Potential
    1.97194e+05    5.11017e+04   -5.82152e+06   -2.80987e+04   -5.60133e+06
    Kinetic En.   Total Energy    Temperature Pressure (bar)
    9.48768e+05   -4.65256e+06    3.11962e+02    5.72748e+00

Writing checkpoint, step 9729250 at Tue Sep  5 22:56:58 2023


Writing checkpoint, step 9930450 at Tue Sep  5 23:11:58 2023


DD  step 9999999 load imb.: force  4.1%

           Step           Time
       10000000   250000.00000

   Energies (kJ/mol)
           Bond       G96Angle        LJ (SR)   Coulomb (SR)      Potential
    1.98759e+05    5.08581e+04   -5.82473e+06   -2.81873e+04   -5.60330e+06
    Kinetic En.   Total Energy    Temperature Pressure (bar)
    9.47994e+05   -4.65531e+06    3.11707e+02    3.69911e+00

Writing checkpoint, step 10133220 at Tue Sep  5 23:26:58 2023


Writing checkpoint, step 10336350 at Tue Sep  5 23:41:58 2023


DD  step 10399999 load imb.: force  5.3%

           Step           Time
       10400000   260000.00000

   Energies (kJ/mol)
           Bond       G96Angle        LJ (SR)   Coulomb (SR)      Potential
    1.98229e+05    5.11728e+04   -5.82627e+06   -2.77583e+04   -5.60462e+06
    Kinetic En.   Total Energy    Temperature Pressure (bar)
    9.49550e+05   -4.65507e+06    3.12219e+02    7.50054e+00

Writing checkpoint, step 10539360 at Tue Sep  5 23:56:58 2023


Writing checkpoint, step 10742250 at Wed Sep  6 00:11:58 2023


DD  step 10799999 load imb.: force  5.2%

           Step           Time
       10800000   270000.00000

   Energies (kJ/mol)
           Bond       G96Angle        LJ (SR)   Coulomb (SR)      Potential
    1.98344e+05    5.17205e+04   -5.82202e+06   -2.75542e+04   -5.59951e+06
    Kinetic En.   Total Energy    Temperature Pressure (bar)
    9.47438e+05   -4.65208e+06    3.11524e+02    7.85824e+00

Writing checkpoint, step 10945270 at Wed Sep  6 00:26:58 2023


Writing checkpoint, step 11148320 at Wed Sep  6 00:41:58 2023


DD  step 11199999 load imb.: force  4.9%

           Step           Time
       11200000   280000.00000

   Energies (kJ/mol)
           Bond       G96Angle        LJ (SR)   Coulomb (SR)      Potential
    1.98765e+05    5.17297e+04   -5.82278e+06   -2.74261e+04   -5.59971e+06
    Kinetic En.   Total Energy    Temperature Pressure (bar)
    9.51364e+05   -4.64834e+06    3.12815e+02   -3.49863e+00

Writing checkpoint, step 11351460 at Wed Sep  6 00:56:58 2023


Writing checkpoint, step 11554670 at Wed Sep  6 01:11:58 2023


DD  step 11599999 load imb.: force  5.7%

           Step           Time
       11600000   290000.00000

   Energies (kJ/mol)
           Bond       G96Angle        LJ (SR)   Coulomb (SR)      Potential
    1.97942e+05    5.16228e+04   -5.82255e+06   -2.77392e+04   -5.60072e+06
    Kinetic En.   Total Energy    Temperature Pressure (bar)
    9.49684e+05   -4.65104e+06    3.12263e+02    5.63439e+00

Writing checkpoint, step 11757600 at Wed Sep  6 01:26:58 2023


Writing checkpoint, step 11960120 at Wed Sep  6 01:41:58 2023


DD  step 11999999 load imb.: force  6.8%

           Step           Time
       12000000   300000.00000

   Energies (kJ/mol)
           Bond       G96Angle        LJ (SR)   Coulomb (SR)      Potential
    1.98928e+05    5.14463e+04   -5.82452e+06   -2.73025e+04   -5.60145e+06
    Kinetic En.   Total Energy    Temperature Pressure (bar)
    9.50381e+05   -4.65106e+06    3.12492e+02   -4.15302e+00

Writing checkpoint, step 12162770 at Wed Sep  6 01:56:58 2023


Writing checkpoint, step 12365760 at Wed Sep  6 02:11:58 2023


DD  step 12399999 load imb.: force  6.2%

           Step           Time
       12400000   310000.00000

   Energies (kJ/mol)
           Bond       G96Angle        LJ (SR)   Coulomb (SR)      Potential
    1.99849e+05    5.20693e+04   -5.82396e+06   -2.76642e+04   -5.59970e+06
    Kinetic En.   Total Energy    Temperature Pressure (bar)
    9.53493e+05   -4.64621e+06    3.13515e+02   -4.31972e+00

Writing checkpoint, step 12568900 at Wed Sep  6 02:26:58 2023


Writing checkpoint, step 12771880 at Wed Sep  6 02:41:58 2023


DD  step 12799999 load imb.: force  4.7%

           Step           Time
       12800000   320000.00000

   Energies (kJ/mol)
           Bond       G96Angle        LJ (SR)   Coulomb (SR)      Potential
    1.97911e+05    5.15094e+04   -5.82291e+06   -2.80352e+04   -5.60152e+06
    Kinetic En.   Total Energy    Temperature Pressure (bar)
    9.51426e+05   -4.65010e+06    3.12836e+02   -8.38310e-01

Writing checkpoint, step 12974800 at Wed Sep  6 02:56:58 2023


Writing checkpoint, step 13177770 at Wed Sep  6 03:11:58 2023


DD  step 13199999 load imb.: force  6.8%

           Step           Time
       13200000   330000.00000

   Energies (kJ/mol)
           Bond       G96Angle        LJ (SR)   Coulomb (SR)      Potential
    1.96743e+05    5.19570e+04   -5.82015e+06   -2.72769e+04   -5.59873e+06
    Kinetic En.   Total Energy    Temperature Pressure (bar)
    9.49665e+05   -4.64906e+06    3.12257e+02    5.96949e+00

Writing checkpoint, step 13381000 at Wed Sep  6 03:26:58 2023


Writing checkpoint, step 13584140 at Wed Sep  6 03:41:58 2023


DD  step 13599999 load imb.: force  5.7%

           Step           Time
       13600000   340000.00000

   Energies (kJ/mol)
           Bond       G96Angle        LJ (SR)   Coulomb (SR)      Potential
    1.98069e+05    5.17018e+04   -5.82250e+06   -2.79305e+04   -5.60066e+06
    Kinetic En.   Total Energy    Temperature Pressure (bar)
    9.47928e+05   -4.65273e+06    3.11685e+02   -3.26899e+00

Writing checkpoint, step 13787050 at Wed Sep  6 03:56:58 2023


Writing checkpoint, step 13987710 at Wed Sep  6 04:11:58 2023


DD  step 13999999 load imb.: force  6.5%

           Step           Time
       14000000   350000.00000

   Energies (kJ/mol)
           Bond       G96Angle        LJ (SR)   Coulomb (SR)      Potential
    1.97848e+05    5.12828e+04   -5.82392e+06   -2.84166e+04   -5.60320e+06
    Kinetic En.   Total Energy    Temperature Pressure (bar)
    9.48683e+05   -4.65452e+06    3.11934e+02    3.05744e-01

Writing checkpoint, step 14188930 at Wed Sep  6 04:26:58 2023


Writing checkpoint, step 14389710 at Wed Sep  6 04:41:58 2023


DD  step 14399999 load imb.: force  8.5%

           Step           Time
       14400000   360000.00000

   Energies (kJ/mol)
           Bond       G96Angle        LJ (SR)   Coulomb (SR)      Potential
    1.98442e+05    5.20855e+04   -5.81760e+06   -2.76525e+04   -5.59472e+06
    Kinetic En.   Total Energy    Temperature Pressure (bar)
    9.51971e+05   -4.64275e+06    3.13015e+02    1.42998e+01

Writing checkpoint, step 14589970 at Wed Sep  6 04:56:58 2023


Writing checkpoint, step 14790200 at Wed Sep  6 05:11:58 2023


DD  step 14799999 load imb.: force  7.3%

           Step           Time
       14800000   370000.00000

   Energies (kJ/mol)
           Bond       G96Angle        LJ (SR)   Coulomb (SR)      Potential
    1.98601e+05    5.11751e+04   -5.82259e+06   -2.75623e+04   -5.60038e+06
    Kinetic En.   Total Energy    Temperature Pressure (bar)
    9.51512e+05   -4.64886e+06    3.12864e+02   -8.76052e-02

Writing checkpoint, step 14990840 at Wed Sep  6 05:26:58 2023


Writing checkpoint, step 15191070 at Wed Sep  6 05:41:58 2023


DD  step 15199999 load imb.: force  8.0%

           Step           Time
       15200000   380000.00000

   Energies (kJ/mol)
           Bond       G96Angle        LJ (SR)   Coulomb (SR)      Potential
    1.98086e+05    5.10655e+04   -5.82073e+06   -2.74179e+04   -5.59899e+06
    Kinetic En.   Total Energy    Temperature Pressure (bar)
    9.50462e+05   -4.64853e+06    3.12519e+02   -4.21967e+00

Writing checkpoint, step 15391050 at Wed Sep  6 05:56:58 2023


Writing checkpoint, step 15591460 at Wed Sep  6 06:11:58 2023


DD  step 15599999 load imb.: force  7.2%

           Step           Time
       15600000   390000.00000

   Energies (kJ/mol)
           Bond       G96Angle        LJ (SR)   Coulomb (SR)      Potential
    1.98547e+05    5.16624e+04   -5.82313e+06   -2.76770e+04   -5.60060e+06
    Kinetic En.   Total Energy    Temperature Pressure (bar)
    9.50507e+05   -4.65009e+06    3.12533e+02    1.89273e+00

Writing checkpoint, step 15791720 at Wed Sep  6 06:26:58 2023


Writing checkpoint, step 15992050 at Wed Sep  6 06:41:58 2023


DD  step 15999999 load imb.: force  7.9%

           Step           Time
       16000000   400000.00000

   Energies (kJ/mol)
           Bond       G96Angle        LJ (SR)   Coulomb (SR)      Potential
    1.99389e+05    5.15156e+04   -5.82164e+06   -2.78866e+04   -5.59862e+06
    Kinetic En.   Total Energy    Temperature Pressure (bar)
    9.53191e+05   -4.64543e+06    3.13416e+02    2.38041e+00

Writing checkpoint, step 16192270 at Wed Sep  6 06:56:58 2023


Writing checkpoint, step 16392330 at Wed Sep  6 07:11:58 2023


DD  step 16399999 load imb.: force  8.4%

           Step           Time
       16400000   410000.00000

   Energies (kJ/mol)
           Bond       G96Angle        LJ (SR)   Coulomb (SR)      Potential
    1.98438e+05    5.13626e+04   -5.82183e+06   -2.73979e+04   -5.59943e+06
    Kinetic En.   Total Energy    Temperature Pressure (bar)
    9.50791e+05   -4.64864e+06    3.12627e+02    6.13446e+00

Writing checkpoint, step 16591810 at Wed Sep  6 07:26:58 2023


Writing checkpoint, step 16791540 at Wed Sep  6 07:41:58 2023


DD  step 16799999 load imb.: force  8.0%

           Step           Time
       16800000   420000.00000

   Energies (kJ/mol)
           Bond       G96Angle        LJ (SR)   Coulomb (SR)      Potential
    1.98307e+05    5.14756e+04   -5.82129e+06   -2.78166e+04   -5.59932e+06
    Kinetic En.   Total Energy    Temperature Pressure (bar)
    9.50141e+05   -4.64918e+06    3.12413e+02   -3.36284e+00

Writing checkpoint, step 16991930 at Wed Sep  6 07:56:58 2023


Writing checkpoint, step 17192450 at Wed Sep  6 08:11:58 2023


DD  step 17199999 load imb.: force  8.0%

           Step           Time
       17200000   430000.00000

   Energies (kJ/mol)
           Bond       G96Angle        LJ (SR)   Coulomb (SR)      Potential
    1.98996e+05    5.13817e+04   -5.82264e+06   -2.78629e+04   -5.60013e+06
    Kinetic En.   Total Energy    Temperature Pressure (bar)
    9.48339e+05   -4.65179e+06    3.11821e+02    1.50447e+00

Writing checkpoint, step 17393560 at Wed Sep  6 08:26:58 2023


Writing checkpoint, step 17594690 at Wed Sep  6 08:41:58 2023


DD  step 17599999 load imb.: force  7.4%

           Step           Time
       17600000   440000.00000

   Energies (kJ/mol)
           Bond       G96Angle        LJ (SR)   Coulomb (SR)      Potential
    1.97527e+05    5.14510e+04   -5.82542e+06   -2.77871e+04   -5.60423e+06
    Kinetic En.   Total Energy    Temperature Pressure (bar)
    9.50149e+05   -4.65408e+06    3.12416e+02   -2.36251e+00

Writing checkpoint, step 17795580 at Wed Sep  6 08:56:58 2023


Writing checkpoint, step 17996250 at Wed Sep  6 09:11:58 2023


DD  step 17999999 load imb.: force  8.0%

           Step           Time
       18000000   450000.00000

   Energies (kJ/mol)
           Bond       G96Angle        LJ (SR)   Coulomb (SR)      Potential
    1.97419e+05    5.12292e+04   -5.82440e+06   -2.78382e+04   -5.60359e+06
    Kinetic En.   Total Energy    Temperature Pressure (bar)
    9.48069e+05   -4.65552e+06    3.11732e+02    2.43198e+00

Writing checkpoint, step 18197210 at Wed Sep  6 09:26:58 2023


Writing checkpoint, step 18397960 at Wed Sep  6 09:41:58 2023


DD  step 18399999 load imb.: force  7.1%

           Step           Time
       18400000   460000.00000

   Energies (kJ/mol)
           Bond       G96Angle        LJ (SR)   Coulomb (SR)      Potential
    1.98146e+05    5.17891e+04   -5.82244e+06   -2.76488e+04   -5.60016e+06
    Kinetic En.   Total Energy    Temperature Pressure (bar)
    9.51000e+05   -4.64916e+06    3.12696e+02    1.33454e+01

Writing checkpoint, step 18598250 at Wed Sep  6 09:56:58 2023


Writing checkpoint, step 18798480 at Wed Sep  6 10:11:58 2023


DD  step 18799999 load imb.: force  7.7%

           Step           Time
       18800000   470000.00000

   Energies (kJ/mol)
           Bond       G96Angle        LJ (SR)   Coulomb (SR)      Potential
    1.98430e+05    5.11911e+04   -5.82335e+06   -2.80529e+04   -5.60178e+06
    Kinetic En.   Total Energy    Temperature Pressure (bar)
    9.51522e+05   -4.65026e+06    3.12867e+02   -1.27045e+00

Writing checkpoint, step 18998210 at Wed Sep  6 10:26:58 2023


Writing checkpoint, step 19198340 at Wed Sep  6 10:41:58 2023


DD  step 19199999 load imb.: force  8.1%

           Step           Time
       19200000   480000.00000

   Energies (kJ/mol)
           Bond       G96Angle        LJ (SR)   Coulomb (SR)      Potential
    1.97375e+05    5.15777e+04   -5.82504e+06   -2.73863e+04   -5.60348e+06
    Kinetic En.   Total Energy    Temperature Pressure (bar)
    9.47279e+05   -4.65620e+06    3.11472e+02    4.97486e+00

Writing checkpoint, step 19398590 at Wed Sep  6 10:56:58 2023


Writing checkpoint, step 19599040 at Wed Sep  6 11:11:58 2023


DD  step 19599999 load imb.: force  7.7%

           Step           Time
       19600000   490000.00000

   Energies (kJ/mol)
           Bond       G96Angle        LJ (SR)   Coulomb (SR)      Potential
    1.98269e+05    5.11551e+04   -5.82054e+06   -2.77923e+04   -5.59890e+06
    Kinetic En.   Total Energy    Temperature Pressure (bar)
    9.50930e+05   -4.64797e+06    3.12673e+02    3.94231e+00

Writing checkpoint, step 19799160 at Wed Sep  6 11:26:58 2023




Received the TERM signal, stopping within 10 steps

           Step           Time
       19928550   498213.75000

Writing checkpoint, step 19928550 at Wed Sep  6 11:36:35 2023




-----------------------------------------------------------
Restarting from checkpoint, appending to previous log file.

Log file opened on Sun Sep 24 10:00:39 2023
Host: halc030.amarel.rutgers.edu  pid: 66209  rank ID: 0  number of ranks:  32
                      :-) GROMACS - gmx mdrun, 2016.1 (-:

Executable:   /opt/sw/packages/intel-17.0.1/mvapich2-2.2/gromacs/2016.1/bin/gmx_mpi
Data prefix:  /opt/sw/packages/intel-17.0.1/mvapich2-2.2/gromacs/2016.1
Working dir:  /scratch/jje63/heat_lig_multinano/Common_Nanoparticle_4/Hexadecanethiol
Command line:
  gmx_mpi mdrun -s md2.tpr -cpi md.cpt -ntomp 1 -deffnm md -v -rdd 1.4

GROMACS version:    2016.1
Precision:          single
Memory model:       64 bit
MPI library:        MPI
OpenMP support:     enabled (GMX_OPENMP_MAX_THREADS = 32)
GPU support:        disabled
SIMD instructions:  AVX_256
FFT library:        Intel MKL
RDTSCP usage:       enabled
TNG support:        enabled
Hwloc support:      disabled
Tracing support:    disabled
Built on:           Wed Nov 23 15:27:26 EST 2016
Built by:           novosirj@perceval2.hpc.rutgers.edu [CMAKE]
Build OS/arch:      Linux 3.10.0-229.20.1.el7.x86_64 x86_64
Build CPU vendor:   Intel
Build CPU brand:    Intel(R) Xeon(R) CPU E5-2650 v3 @ 2.30GHz
Build CPU family:   6   Model: 63   Stepping: 2
Build CPU features: aes apic avx avx2 clfsh cmov cx8 cx16 f16c fma htt lahf mmx msr nonstop_tsc pcid pclmuldq pdcm pdpe1gb popcnt pse rdrnd rdtscp sse2 sse3 sse4.1 sse4.2 ssse3 tdt x2apic
C compiler:         /opt/sw/packages/intel/17.0.1/compilers_and_libraries/linux/bin/intel64/icc Intel 17.0.0.20161005
C compiler flags:    -mavx   -mkl=sequential  -std=gnu99  -O3 -DNDEBUG -ip -funroll-all-loops -alias-const -ansi-alias  
C++ compiler:       /opt/sw/packages/intel/17.0.1/compilers_and_libraries/linux/bin/intel64/icpc Intel 17.0.0.20161005
C++ compiler flags:  -mavx    -std=c++0x   -O3 -DNDEBUG -ip -funroll-all-loops -alias-const -ansi-alias  


Initializing Domain Decomposition on 32 ranks
Dynamic load balancing: auto
Minimum cell size due to bonded interactions: 1.400 nm
Domain decomposition grid 8 x 4 x 1, separate PME ranks 0
Domain decomposition rank 0, coordinates 0 0 0

The initial number of communication pulses is: X 1 Y 1
The initial domain decomposition cell size is: X 5.45 nm Y 10.90 nm

The maximum allowed distance for charge groups involved in interactions is:
                 non-bonded interactions           1.200 nm
(the following are initial values, they could change due to box deformation)
            two-body bonded interactions  (-rdd)   1.400 nm
          multi-body bonded interactions  (-rdd)   1.400 nm

When dynamic load balancing gets turned on, these settings will change to:
The maximum number of communication pulses is: X 1 Y 1
The minimum size for domain decomposition cells is 1.400 nm
The requested allowed shrink of DD cells (option -dds) is: 0.80
The allowed shrink of domain decomposition cells is: X 0.26 Y 0.13
The maximum allowed distance for charge groups involved in interactions is:
                 non-bonded interactions           1.200 nm
            two-body bonded interactions  (-rdd)   1.400 nm
          multi-body bonded interactions  (-rdd)   1.400 nm

Using 32 MPI processes


NOTE: This file uses the deprecated 'group' cutoff_scheme. This will be
removed in a future release when 'verlet' supports all interaction forms.

Table routines are used for coulomb: true
Table routines are used for vdw:     true
Using shifted Lennard-Jones, switch between 0.9 and 1.2 nm
Cut-off's:   NS: 1.2   Coulomb: 1.2   LJ: 1.2
System total charge: 0.000
Generated table with 1100 data points for Shift.
Tabscale = 500 points/nm
Generated table with 1100 data points for LJ6Shift.
Tabscale = 500 points/nm
Generated table with 1100 data points for LJ12Shift.
Tabscale = 500 points/nm
Potential shift: LJ r^-12: 0.000e+00 r^-6: 0.000e+00
Pinning threads with an auto-selected logical core stride of 1

Linking all bonded interactions to atoms

Intra-simulation communication will occur every 1 steps.
Center of mass motion removal mode is Linear
We have the following groups for center of mass motion removal:
  0:  rest
There are: 243857 Atoms
Atom distribution over 32 domains: av 7620 stddev 111 min 7534 max 7813
Grid: 7 x 12 x 14 cells
Initial temperature: 623.32 K

Started mdrun on rank 0 Sun Sep 24 10:00:40 2023

DD  step 19928559 load imb.: force 22.6%


step 19928580 Turning on dynamic load balancing, because the performance loss due to load imbalance is 6.7 %.


step 19939950 Turning off dynamic load balancing, because it is degrading performance.

Atom distribution over 32 domains: av 7620 stddev 112 min 7534 max 7762
DD  step 19999999 load imb.: force  5.0%

           Step           Time
       20000000   500000.00000

   Energies (kJ/mol)
           Bond       G96Angle        LJ (SR)   Coulomb (SR)      Potential
    1.98407e+05    5.10421e+04   -5.82357e+06   -2.77203e+04   -5.60185e+06
    Kinetic En.   Total Energy    Temperature Pressure (bar)
    9.50804e+05   -4.65104e+06    3.12631e+02    4.06451e+00


step 20033550 Turning on dynamic load balancing, because the performance loss due to load imbalance is 2.0 %.


step 20033750 Turning off dynamic load balancing, because it is degrading performance.

Atom distribution over 32 domains: av 7620 stddev 112 min 7535 max 7742

step 20034550 Turning on dynamic load balancing, because the performance loss due to load imbalance is 2.0 %.

Writing checkpoint, step 20130960 at Sun Sep 24 10:15:40 2023


Writing checkpoint, step 20333420 at Sun Sep 24 10:30:40 2023


DD  step 20399999  vol min/aver 0.935  load imb.: force  1.6%

           Step           Time
       20400000   510000.00000

   Energies (kJ/mol)
           Bond       G96Angle        LJ (SR)   Coulomb (SR)      Potential
    1.97609e+05    5.10727e+04   -5.82216e+06   -2.76240e+04   -5.60110e+06
    Kinetic En.   Total Energy    Temperature Pressure (bar)
    9.48869e+05   -4.65223e+06    3.11995e+02    7.28732e+00

Writing checkpoint, step 20536260 at Sun Sep 24 10:45:40 2023


Writing checkpoint, step 20739520 at Sun Sep 24 11:00:40 2023


DD  step 20799999  vol min/aver 0.899  load imb.: force  0.8%

           Step           Time
       20800000   520000.00000

   Energies (kJ/mol)
           Bond       G96Angle        LJ (SR)   Coulomb (SR)      Potential
    1.97876e+05    5.10972e+04   -5.82214e+06   -2.76159e+04   -5.60078e+06
    Kinetic En.   Total Energy    Temperature Pressure (bar)
    9.49040e+05   -4.65174e+06    3.12051e+02    7.21267e+00


step 20864150 Turning off dynamic load balancing, because it is degrading performance.

Atom distribution over 32 domains: av 7620 stddev 112 min 7532 max 7860
Writing checkpoint, step 20941490 at Sun Sep 24 11:15:40 2023


Writing checkpoint, step 21143120 at Sun Sep 24 11:30:40 2023


DD  step 21199999 load imb.: force  6.5%

           Step           Time
       21200000   530000.00000

   Energies (kJ/mol)
           Bond       G96Angle        LJ (SR)   Coulomb (SR)      Potential
    1.98633e+05    5.14666e+04   -5.82620e+06   -2.76661e+04   -5.60377e+06
    Kinetic En.   Total Energy    Temperature Pressure (bar)
    9.48103e+05   -4.65566e+06    3.11743e+02   -1.39960e+01

Writing checkpoint, step 21344000 at Sun Sep 24 11:45:40 2023


Writing checkpoint, step 21545020 at Sun Sep 24 12:00:40 2023


DD  step 21599999 load imb.: force  6.8%

           Step           Time
       21600000   540000.00000

   Energies (kJ/mol)
           Bond       G96Angle        LJ (SR)   Coulomb (SR)      Potential
    1.98290e+05    5.15601e+04   -5.82032e+06   -2.76473e+04   -5.59812e+06
    Kinetic En.   Total Energy    Temperature Pressure (bar)
    9.50000e+05   -4.64812e+06    3.12367e+02    6.80845e+00

Writing checkpoint, step 21745300 at Sun Sep 24 12:15:40 2023


Writing checkpoint, step 21945500 at Sun Sep 24 12:30:40 2023


DD  step 21999999 load imb.: force  8.0%

           Step           Time
       22000000   550000.00000

   Energies (kJ/mol)
           Bond       G96Angle        LJ (SR)   Coulomb (SR)      Potential
    1.97333e+05    5.15381e+04   -5.82722e+06   -2.74846e+04   -5.60584e+06
    Kinetic En.   Total Energy    Temperature Pressure (bar)
    9.46453e+05   -4.65938e+06    3.11201e+02   -1.34617e+00

Writing checkpoint, step 22145530 at Sun Sep 24 12:45:40 2023


Writing checkpoint, step 22345540 at Sun Sep 24 13:00:40 2023


DD  step 22399999 load imb.: force 10.9%

           Step           Time
       22400000   560000.00000

   Energies (kJ/mol)
           Bond       G96Angle        LJ (SR)   Coulomb (SR)      Potential
    1.99750e+05    5.19724e+04   -5.82273e+06   -2.77417e+04   -5.59875e+06
    Kinetic En.   Total Energy    Temperature Pressure (bar)
    9.50318e+05   -4.64843e+06    3.12471e+02    2.09739e+00

Writing checkpoint, step 22545060 at Sun Sep 24 13:15:40 2023


Writing checkpoint, step 22743300 at Sun Sep 24 13:30:40 2023


DD  step 22799999 load imb.: force  8.8%

           Step           Time
       22800000   570000.00000

   Energies (kJ/mol)
           Bond       G96Angle        LJ (SR)   Coulomb (SR)      Potential
    1.98231e+05    5.15723e+04   -5.82509e+06   -2.74738e+04   -5.60276e+06
    Kinetic En.   Total Energy    Temperature Pressure (bar)
    9.49276e+05   -4.65349e+06    3.12129e+02    3.43908e+00

Writing checkpoint, step 22941440 at Sun Sep 24 13:45:40 2023


Writing checkpoint, step 23139730 at Sun Sep 24 14:00:40 2023


DD  step 23199999 load imb.: force  9.5%

           Step           Time
       23200000   580000.00000

   Energies (kJ/mol)
           Bond       G96Angle        LJ (SR)   Coulomb (SR)      Potential
    1.98190e+05    5.18041e+04   -5.82847e+06   -2.82227e+04   -5.60670e+06
    Kinetic En.   Total Energy    Temperature Pressure (bar)
    9.48688e+05   -4.65801e+06    3.11935e+02   -6.92426e+00

Writing checkpoint, step 23337770 at Sun Sep 24 14:15:40 2023


Writing checkpoint, step 23535900 at Sun Sep 24 14:30:40 2023


DD  step 23599999 load imb.: force  8.7%

           Step           Time
       23600000   590000.00000

   Energies (kJ/mol)
           Bond       G96Angle        LJ (SR)   Coulomb (SR)      Potential
    1.99004e+05    5.12082e+04   -5.82539e+06   -2.76003e+04   -5.60278e+06
    Kinetic En.   Total Energy    Temperature Pressure (bar)
    9.47184e+05   -4.65559e+06    3.11441e+02   -2.26787e-01


step 23701550 Turning on dynamic load balancing, because the performance loss due to load imbalance is 2.0 %.


step 23701750 Turning off dynamic load balancing, because it is degrading performance.

Atom distribution over 32 domains: av 7620 stddev 113 min 7553 max 7854

step 23703550 Turning on dynamic load balancing, because the performance loss due to load imbalance is 2.0 %.


step 23703750 Turning off dynamic load balancing, because it is degrading performance.

Atom distribution over 32 domains: av 7620 stddev 110 min 7537 max 7831

step 23704550 Turning on dynamic load balancing, because the performance loss due to load imbalance is 2.0 %.


step 23706550 Turning off dynamic load balancing, because it is degrading performance.

Atom distribution over 32 domains: av 7620 stddev 116 min 7529 max 7888

step 23709550 Will no longer try dynamic load balancing, as it degraded performance.

Writing checkpoint, step 23734100 at Sun Sep 24 14:45:40 2023


Writing checkpoint, step 23932360 at Sun Sep 24 15:00:40 2023


DD  step 23999999 load imb.: force  9.4%

           Step           Time
       24000000   600000.00000

   Energies (kJ/mol)
           Bond       G96Angle        LJ (SR)   Coulomb (SR)      Potential
    1.97121e+05    5.13692e+04   -5.82484e+06   -2.82154e+04   -5.60456e+06
    Kinetic En.   Total Energy    Temperature Pressure (bar)
    9.48428e+05   -4.65613e+06    3.11850e+02   -1.27123e+01

Writing checkpoint, step 24130820 at Sun Sep 24 15:15:40 2023


Writing checkpoint, step 24329260 at Sun Sep 24 15:30:40 2023


DD  step 24399999 load imb.: force  9.2%

           Step           Time
       24400000   610000.00000

   Energies (kJ/mol)
           Bond       G96Angle        LJ (SR)   Coulomb (SR)      Potential
    1.98433e+05    5.16868e+04   -5.82169e+06   -2.74968e+04   -5.59906e+06
    Kinetic En.   Total Energy    Temperature Pressure (bar)
    9.47057e+05   -4.65201e+06    3.11399e+02    8.84716e-01

Writing checkpoint, step 24527490 at Sun Sep 24 15:45:40 2023


Writing checkpoint, step 24725510 at Sun Sep 24 16:00:40 2023


DD  step 24799999 load imb.: force  9.1%

           Step           Time
       24800000   620000.00000

   Energies (kJ/mol)
           Bond       G96Angle        LJ (SR)   Coulomb (SR)      Potential
    1.99276e+05    5.14009e+04   -5.81819e+06   -2.75377e+04   -5.59505e+06
    Kinetic En.   Total Energy    Temperature Pressure (bar)
    9.47909e+05   -4.64714e+06    3.11679e+02    6.05734e+00

Writing checkpoint, step 24923710 at Sun Sep 24 16:15:40 2023


Writing checkpoint, step 25122120 at Sun Sep 24 16:30:40 2023


DD  step 25199999 load imb.: force 11.3%

           Step           Time
       25200000   630000.00000

   Energies (kJ/mol)
           Bond       G96Angle        LJ (SR)   Coulomb (SR)      Potential
    1.98943e+05    5.15803e+04   -5.82269e+06   -2.74527e+04   -5.59962e+06
    Kinetic En.   Total Energy    Temperature Pressure (bar)
    9.53183e+05   -4.64644e+06    3.13413e+02    1.25325e+00

Writing checkpoint, step 25320380 at Sun Sep 24 16:45:40 2023


Writing checkpoint, step 25518290 at Sun Sep 24 17:00:40 2023


DD  step 25599999 load imb.: force 11.5%

           Step           Time
       25600000   640000.00000

   Energies (kJ/mol)
           Bond       G96Angle        LJ (SR)   Coulomb (SR)      Potential
    1.98408e+05    5.14394e+04   -5.82489e+06   -2.77813e+04   -5.60282e+06
    Kinetic En.   Total Energy    Temperature Pressure (bar)
    9.47112e+05   -4.65571e+06    3.11417e+02    2.01487e+00

Writing checkpoint, step 25716500 at Sun Sep 24 17:15:40 2023


Writing checkpoint, step 25914570 at Sun Sep 24 17:30:40 2023


DD  step 25999999 load imb.: force 10.6%

           Step           Time
       26000000   650000.00000

   Energies (kJ/mol)
           Bond       G96Angle        LJ (SR)   Coulomb (SR)      Potential
    1.97405e+05    5.11335e+04   -5.82359e+06   -2.79258e+04   -5.60298e+06
    Kinetic En.   Total Energy    Temperature Pressure (bar)
    9.43934e+05   -4.65905e+06    3.10372e+02    2.39053e+00

Writing checkpoint, step 26112820 at Sun Sep 24 17:45:40 2023


Writing checkpoint, step 26310910 at Sun Sep 24 18:00:40 2023


DD  step 26399999 load imb.: force  9.5%

           Step           Time
       26400000   660000.00000

   Energies (kJ/mol)
           Bond       G96Angle        LJ (SR)   Coulomb (SR)      Potential
    1.98495e+05    5.20695e+04   -5.82462e+06   -2.76539e+04   -5.60171e+06
    Kinetic En.   Total Energy    Temperature Pressure (bar)
    9.47560e+05   -4.65415e+06    3.11565e+02   -1.31172e+00

Writing checkpoint, step 26509070 at Sun Sep 24 18:15:40 2023


Writing checkpoint, step 26707600 at Sun Sep 24 18:30:40 2023


DD  step 26799999 load imb.: force 11.5%

           Step           Time
       26800000   670000.00000

   Energies (kJ/mol)
           Bond       G96Angle        LJ (SR)   Coulomb (SR)      Potential
    1.98132e+05    5.15851e+04   -5.82609e+06   -2.76676e+04   -5.60404e+06
    Kinetic En.   Total Energy    Temperature Pressure (bar)
    9.49592e+05   -4.65445e+06    3.12233e+02    1.74493e+00

Writing checkpoint, step 26906070 at Sun Sep 24 18:45:40 2023


Writing checkpoint, step 27104180 at Sun Sep 24 19:00:40 2023


DD  step 27199999 load imb.: force  8.4%

           Step           Time
       27200000   680000.00000

   Energies (kJ/mol)
           Bond       G96Angle        LJ (SR)   Coulomb (SR)      Potential
    1.98228e+05    5.14965e+04   -5.82199e+06   -2.78143e+04   -5.60008e+06
    Kinetic En.   Total Energy    Temperature Pressure (bar)
    9.51370e+05   -4.64871e+06    3.12817e+02   -3.18549e+00

Writing checkpoint, step 27302540 at Sun Sep 24 19:15:40 2023


Writing checkpoint, step 27501030 at Sun Sep 24 19:30:40 2023


DD  step 27599999 load imb.: force  8.3%

           Step           Time
       27600000   690000.00000

   Energies (kJ/mol)
           Bond       G96Angle        LJ (SR)   Coulomb (SR)      Potential
    1.97528e+05    5.09796e+04   -5.81789e+06   -2.72864e+04   -5.59667e+06
    Kinetic En.   Total Energy    Temperature Pressure (bar)
    9.51759e+05   -4.64491e+06    3.12945e+02    1.62029e+01

Writing checkpoint, step 27699180 at Sun Sep 24 19:45:40 2023


Writing checkpoint, step 27896990 at Sun Sep 24 20:00:40 2023


DD  step 27999999 load imb.: force  9.4%

           Step           Time
       28000000   700000.00000

   Energies (kJ/mol)
           Bond       G96Angle        LJ (SR)   Coulomb (SR)      Potential
    1.99010e+05    5.14633e+04   -5.82231e+06   -2.78602e+04   -5.59969e+06
    Kinetic En.   Total Energy    Temperature Pressure (bar)
    9.49246e+05   -4.65045e+06    3.12119e+02    7.54421e+00

Writing checkpoint, step 28095140 at Sun Sep 24 20:15:40 2023


Writing checkpoint, step 28293600 at Sun Sep 24 20:30:40 2023


DD  step 28399999 load imb.: force 10.5%

           Step           Time
       28400000   710000.00000

   Energies (kJ/mol)
           Bond       G96Angle        LJ (SR)   Coulomb (SR)      Potential
    1.98646e+05    5.16407e+04   -5.82262e+06   -2.72458e+04   -5.59958e+06
    Kinetic En.   Total Energy    Temperature Pressure (bar)
    9.47796e+05   -4.65178e+06    3.11642e+02    2.95757e+00

Writing checkpoint, step 28491670 at Sun Sep 24 20:45:40 2023


Writing checkpoint, step 28689670 at Sun Sep 24 21:00:40 2023


DD  step 28799999 load imb.: force 12.0%

           Step           Time
       28800000   720000.00000

   Energies (kJ/mol)
           Bond       G96Angle        LJ (SR)   Coulomb (SR)      Potential
    1.98099e+05    5.16840e+04   -5.82391e+06   -2.72635e+04   -5.60139e+06
    Kinetic En.   Total Energy    Temperature Pressure (bar)
    9.47021e+05   -4.65437e+06    3.11387e+02   -7.54334e+00

Writing checkpoint, step 28887690 at Sun Sep 24 21:15:40 2023


Writing checkpoint, step 29085660 at Sun Sep 24 21:30:40 2023


DD  step 29199999 load imb.: force  8.6%

           Step           Time
       29200000   730000.00000

   Energies (kJ/mol)
           Bond       G96Angle        LJ (SR)   Coulomb (SR)      Potential
    1.97634e+05    5.10089e+04   -5.82313e+06   -2.80506e+04   -5.60254e+06
    Kinetic En.   Total Energy    Temperature Pressure (bar)
    9.45789e+05   -4.65675e+06    3.10982e+02   -6.90447e+00

Writing checkpoint, step 29283520 at Sun Sep 24 21:45:40 2023


Writing checkpoint, step 29481210 at Sun Sep 24 22:00:40 2023


DD  step 29599999 load imb.: force 10.8%

           Step           Time
       29600000   740000.00000

   Energies (kJ/mol)
           Bond       G96Angle        LJ (SR)   Coulomb (SR)      Potential
    1.98660e+05    5.12869e+04   -5.82304e+06   -2.77958e+04   -5.60089e+06
    Kinetic En.   Total Energy    Temperature Pressure (bar)
    9.48617e+05   -4.65228e+06    3.11912e+02   -5.90516e+00

Writing checkpoint, step 29678900 at Sun Sep 24 22:15:40 2023


Writing checkpoint, step 29877080 at Sun Sep 24 22:30:40 2023


DD  step 29999999 load imb.: force  9.1%

           Step           Time
       30000000   750000.00000

   Energies (kJ/mol)
           Bond       G96Angle        LJ (SR)   Coulomb (SR)      Potential
    1.98575e+05    5.12913e+04   -5.82102e+06   -2.81526e+04   -5.59930e+06
    Kinetic En.   Total Energy    Temperature Pressure (bar)
    9.49717e+05   -4.64959e+06    3.12274e+02    3.80363e+00

Writing checkpoint, step 30075240 at Sun Sep 24 22:45:40 2023


Writing checkpoint, step 30273970 at Sun Sep 24 23:00:40 2023


DD  step 30399999 load imb.: force  8.7%

           Step           Time
       30400000   760000.00000

   Energies (kJ/mol)
           Bond       G96Angle        LJ (SR)   Coulomb (SR)      Potential
    1.99309e+05    5.11408e+04   -5.82025e+06   -2.76580e+04   -5.59746e+06
    Kinetic En.   Total Energy    Temperature Pressure (bar)
    9.47802e+05   -4.64965e+06    3.11644e+02    1.23901e+00

Writing checkpoint, step 30472760 at Sun Sep 24 23:15:40 2023


Writing checkpoint, step 30671560 at Sun Sep 24 23:30:40 2023


DD  step 30799999 load imb.: force  9.0%

           Step           Time
       30800000   770000.00000

   Energies (kJ/mol)
           Bond       G96Angle        LJ (SR)   Coulomb (SR)      Potential
    1.98419e+05    5.14757e+04   -5.82087e+06   -2.80750e+04   -5.59905e+06
    Kinetic En.   Total Energy    Temperature Pressure (bar)
    9.48732e+05   -4.65032e+06    3.11950e+02    9.52090e+00

Writing checkpoint, step 30870460 at Sun Sep 24 23:45:40 2023


Writing checkpoint, step 31069420 at Mon Sep 25 00:00:40 2023


DD  step 31199999 load imb.: force  5.8%

           Step           Time
       31200000   780000.00000

   Energies (kJ/mol)
           Bond       G96Angle        LJ (SR)   Coulomb (SR)      Potential
    1.97426e+05    5.09574e+04   -5.82427e+06   -2.77019e+04   -5.60359e+06
    Kinetic En.   Total Energy    Temperature Pressure (bar)
    9.52796e+05   -4.65079e+06    3.13286e+02    7.74146e+00

Writing checkpoint, step 31270400 at Mon Sep 25 00:15:40 2023


Writing checkpoint, step 31472530 at Mon Sep 25 00:30:40 2023


DD  step 31599999 load imb.: force  6.9%

           Step           Time
       31600000   790000.00000

   Energies (kJ/mol)
           Bond       G96Angle        LJ (SR)   Coulomb (SR)      Potential
    1.98092e+05    5.11637e+04   -5.82105e+06   -2.79534e+04   -5.59974e+06
    Kinetic En.   Total Energy    Temperature Pressure (bar)
    9.50746e+05   -4.64900e+06    3.12612e+02    8.21510e+00

Writing checkpoint, step 31674720 at Mon Sep 25 00:45:40 2023


Writing checkpoint, step 31875930 at Mon Sep 25 01:00:40 2023


DD  step 31999999 load imb.: force  8.4%

           Step           Time
       32000000   800000.00000

   Energies (kJ/mol)
           Bond       G96Angle        LJ (SR)   Coulomb (SR)      Potential
    1.99083e+05    5.14486e+04   -5.82367e+06   -2.78519e+04   -5.60099e+06
    Kinetic En.   Total Energy    Temperature Pressure (bar)
    9.50589e+05   -4.65040e+06    3.12560e+02   -6.62118e+00

Writing checkpoint, step 32075700 at Mon Sep 25 01:15:40 2023


Writing checkpoint, step 32275350 at Mon Sep 25 01:30:40 2023


DD  step 32399999 load imb.: force  8.2%

           Step           Time
       32400000   810000.00000

   Energies (kJ/mol)
           Bond       G96Angle        LJ (SR)   Coulomb (SR)      Potential
    1.98816e+05    5.14216e+04   -5.81862e+06   -2.77617e+04   -5.59615e+06
    Kinetic En.   Total Energy    Temperature Pressure (bar)
    9.49322e+05   -4.64682e+06    3.12144e+02   -5.06273e+00

Writing checkpoint, step 32475700 at Mon Sep 25 01:45:40 2023


Writing checkpoint, step 32676990 at Mon Sep 25 02:00:40 2023


DD  step 32799999 load imb.: force  6.9%

           Step           Time
       32800000   820000.00000

   Energies (kJ/mol)
           Bond       G96Angle        LJ (SR)   Coulomb (SR)      Potential
    1.99208e+05    5.06376e+04   -5.82268e+06   -2.74148e+04   -5.60025e+06
    Kinetic En.   Total Energy    Temperature Pressure (bar)
    9.50192e+05   -4.65006e+06    3.12430e+02    1.02877e+01

Writing checkpoint, step 32878800 at Mon Sep 25 02:15:40 2023


Writing checkpoint, step 33079610 at Mon Sep 25 02:30:40 2023


DD  step 33199999 load imb.: force  7.4%

           Step           Time
       33200000   830000.00000

   Energies (kJ/mol)
           Bond       G96Angle        LJ (SR)   Coulomb (SR)      Potential
    1.98373e+05    5.15921e+04   -5.82384e+06   -2.75839e+04   -5.60145e+06
    Kinetic En.   Total Energy    Temperature Pressure (bar)
    9.48886e+05   -4.65257e+06    3.12000e+02   -1.08907e+00

Writing checkpoint, step 33280880 at Mon Sep 25 02:45:40 2023


Writing checkpoint, step 33481930 at Mon Sep 25 03:00:40 2023


DD  step 33599999 load imb.: force  7.6%

           Step           Time
       33600000   840000.00000

   Energies (kJ/mol)
           Bond       G96Angle        LJ (SR)   Coulomb (SR)      Potential
    1.98739e+05    5.19067e+04   -5.82191e+06   -2.81379e+04   -5.59940e+06
    Kinetic En.   Total Energy    Temperature Pressure (bar)
    9.50208e+05   -4.64919e+06    3.12435e+02    2.17384e+00

Writing checkpoint, step 33683280 at Mon Sep 25 03:15:40 2023


Writing checkpoint, step 33884840 at Mon Sep 25 03:30:40 2023


DD  step 33999999 load imb.: force  8.1%

           Step           Time
       34000000   850000.00000

   Energies (kJ/mol)
           Bond       G96Angle        LJ (SR)   Coulomb (SR)      Potential
    2.00136e+05    5.14648e+04   -5.82000e+06   -2.79774e+04   -5.59637e+06
    Kinetic En.   Total Energy    Temperature Pressure (bar)
    9.54420e+05   -4.64195e+06    3.13820e+02    6.14780e-01

Writing checkpoint, step 34085850 at Mon Sep 25 03:45:40 2023


Writing checkpoint, step 34287400 at Mon Sep 25 04:00:40 2023


DD  step 34399999 load imb.: force  6.8%

           Step           Time
       34400000   860000.00000

   Energies (kJ/mol)
           Bond       G96Angle        LJ (SR)   Coulomb (SR)      Potential
    1.98758e+05    5.12598e+04   -5.82124e+06   -2.74708e+04   -5.59869e+06
    Kinetic En.   Total Energy    Temperature Pressure (bar)
    9.50638e+05   -4.64805e+06    3.12577e+02   -5.70528e-01

Writing checkpoint, step 34489230 at Mon Sep 25 04:15:40 2023


Writing checkpoint, step 34691480 at Mon Sep 25 04:30:40 2023


DD  step 34799999 load imb.: force  6.7%

           Step           Time
       34800000   870000.00000

   Energies (kJ/mol)
           Bond       G96Angle        LJ (SR)   Coulomb (SR)      Potential
    1.98342e+05    5.22388e+04   -5.82194e+06   -2.75209e+04   -5.59888e+06
    Kinetic En.   Total Energy    Temperature Pressure (bar)
    9.51872e+05   -4.64701e+06    3.12982e+02    7.90373e+00

Writing checkpoint, step 34894460 at Mon Sep 25 04:45:40 2023


Writing checkpoint, step 35097740 at Mon Sep 25 05:00:40 2023


DD  step 35199999 load imb.: force  6.1%

           Step           Time
       35200000   880000.00000

   Energies (kJ/mol)
           Bond       G96Angle        LJ (SR)   Coulomb (SR)      Potential
    1.98461e+05    5.10615e+04   -5.82461e+06   -2.74982e+04   -5.60259e+06
    Kinetic En.   Total Energy    Temperature Pressure (bar)
    9.52494e+05   -4.65009e+06    3.13187e+02   -1.37996e+00

Writing checkpoint, step 35300410 at Mon Sep 25 05:15:40 2023


Writing checkpoint, step 35502710 at Mon Sep 25 05:30:40 2023


DD  step 35599999 load imb.: force  6.2%

           Step           Time
       35600000   890000.00000

   Energies (kJ/mol)
           Bond       G96Angle        LJ (SR)   Coulomb (SR)      Potential
    1.98120e+05    5.07761e+04   -5.82081e+06   -2.80639e+04   -5.59997e+06
    Kinetic En.   Total Energy    Temperature Pressure (bar)
    9.51758e+05   -4.64822e+06    3.12945e+02    4.97425e+00

Writing checkpoint, step 35705190 at Mon Sep 25 05:45:40 2023


Writing checkpoint, step 35906290 at Mon Sep 25 06:00:40 2023


DD  step 35999999 load imb.: force  6.8%

           Step           Time
       36000000   900000.00000

   Energies (kJ/mol)
           Bond       G96Angle        LJ (SR)   Coulomb (SR)      Potential
    1.99012e+05    5.27491e+04   -5.81769e+06   -2.71947e+04   -5.59312e+06
    Kinetic En.   Total Energy    Temperature Pressure (bar)
    9.53731e+05   -4.63939e+06    3.13593e+02    7.63901e+00

Writing checkpoint, step 36107450 at Mon Sep 25 06:15:40 2023


Writing checkpoint, step 36309110 at Mon Sep 25 06:30:40 2023


DD  step 36399999 load imb.: force  7.4%

           Step           Time
       36400000   910000.00000

   Energies (kJ/mol)
           Bond       G96Angle        LJ (SR)   Coulomb (SR)      Potential
    1.98580e+05    5.09731e+04   -5.82238e+06   -2.80817e+04   -5.60090e+06
    Kinetic En.   Total Energy    Temperature Pressure (bar)
    9.52075e+05   -4.64883e+06    3.13049e+02   -5.97891e+00

Writing checkpoint, step 36511580 at Mon Sep 25 06:45:40 2023


Writing checkpoint, step 36713880 at Mon Sep 25 07:00:40 2023


DD  step 36799999 load imb.: force  7.5%

           Step           Time
       36800000   920000.00000

   Energies (kJ/mol)
           Bond       G96Angle        LJ (SR)   Coulomb (SR)      Potential
    1.98728e+05    5.15496e+04   -5.82036e+06   -2.75952e+04   -5.59768e+06
    Kinetic En.   Total Energy    Temperature Pressure (bar)
    9.50662e+05   -4.64702e+06    3.12584e+02    9.04487e+00

Writing checkpoint, step 36915960 at Mon Sep 25 07:15:40 2023


Writing checkpoint, step 37117780 at Mon Sep 25 07:30:40 2023


DD  step 37199999 load imb.: force  7.7%

           Step           Time
       37200000   930000.00000

   Energies (kJ/mol)
           Bond       G96Angle        LJ (SR)   Coulomb (SR)      Potential
    1.98171e+05    5.19933e+04   -5.82195e+06   -2.78499e+04   -5.59964e+06
    Kinetic En.   Total Energy    Temperature Pressure (bar)
    9.50888e+05   -4.64875e+06    3.12659e+02    1.85782e+00

Writing checkpoint, step 37319250 at Mon Sep 25 07:45:40 2023


Writing checkpoint, step 37520920 at Mon Sep 25 08:00:40 2023


DD  step 37599999 load imb.: force  7.3%

           Step           Time
       37600000   940000.00000

   Energies (kJ/mol)
           Bond       G96Angle        LJ (SR)   Coulomb (SR)      Potential
    1.98100e+05    5.13719e+04   -5.82098e+06   -2.84336e+04   -5.59995e+06
    Kinetic En.   Total Energy    Temperature Pressure (bar)
    9.52004e+05   -4.64794e+06    3.13026e+02   -3.71882e-01

Writing checkpoint, step 37721930 at Mon Sep 25 08:15:40 2023


Writing checkpoint, step 37923040 at Mon Sep 25 08:30:40 2023


DD  step 37999999 load imb.: force  7.1%

           Step           Time
       38000000   950000.00000

   Energies (kJ/mol)
           Bond       G96Angle        LJ (SR)   Coulomb (SR)      Potential
    1.97069e+05    5.12496e+04   -5.82028e+06   -2.79105e+04   -5.59987e+06
    Kinetic En.   Total Energy    Temperature Pressure (bar)
    9.51071e+05   -4.64880e+06    3.12719e+02    4.42213e+00

Writing checkpoint, step 38124470 at Mon Sep 25 08:45:40 2023


Writing checkpoint, step 38325820 at Mon Sep 25 09:00:40 2023


DD  step 38399999 load imb.: force  7.2%

           Step           Time
       38400000   960000.00000

   Energies (kJ/mol)
           Bond       G96Angle        LJ (SR)   Coulomb (SR)      Potential
    1.98374e+05    5.10380e+04   -5.82448e+06   -2.75214e+04   -5.60258e+06
    Kinetic En.   Total Energy    Temperature Pressure (bar)
    9.48362e+05   -4.65422e+06    3.11828e+02   -5.02680e+00

Writing checkpoint, step 38527320 at Mon Sep 25 09:15:40 2023


Writing checkpoint, step 38728740 at Mon Sep 25 09:30:40 2023


DD  step 38799999 load imb.: force  7.2%

           Step           Time
       38800000   970000.00000

   Energies (kJ/mol)
           Bond       G96Angle        LJ (SR)   Coulomb (SR)      Potential
    1.97311e+05    5.16047e+04   -5.82168e+06   -2.72463e+04   -5.60002e+06
    Kinetic En.   Total Energy    Temperature Pressure (bar)
    9.47528e+05   -4.65249e+06    3.11554e+02   -6.96385e+00

Writing checkpoint, step 38929940 at Mon Sep 25 09:45:40 2023


Writing checkpoint, step 39131320 at Mon Sep 25 10:00:40 2023


DD  step 39199999 load imb.: force  8.3%

           Step           Time
       39200000   980000.00000

   Energies (kJ/mol)
           Bond       G96Angle        LJ (SR)   Coulomb (SR)      Potential
    1.99242e+05    5.13290e+04   -5.82455e+06   -2.74516e+04   -5.60143e+06
    Kinetic En.   Total Energy    Temperature Pressure (bar)
    9.50582e+05   -4.65084e+06    3.12558e+02    4.93913e-01

Writing checkpoint, step 39332690 at Mon Sep 25 10:15:40 2023


Writing checkpoint, step 39535020 at Mon Sep 25 10:30:40 2023


DD  step 39599999 load imb.: force  6.8%

           Step           Time
       39600000   990000.00000

   Energies (kJ/mol)
           Bond       G96Angle        LJ (SR)   Coulomb (SR)      Potential
    1.98763e+05    5.12532e+04   -5.82055e+06   -2.76491e+04   -5.59818e+06
    Kinetic En.   Total Energy    Temperature Pressure (bar)
    9.55259e+05   -4.64292e+06    3.14096e+02    4.92370e-01

Writing checkpoint, step 39737040 at Mon Sep 25 10:45:40 2023


Writing checkpoint, step 39938360 at Mon Sep 25 11:00:40 2023


DD  step 39999999 load imb.: force  7.6%

           Step           Time
       40000000   1000000.00000

   Energies (kJ/mol)
           Bond       G96Angle        LJ (SR)   Coulomb (SR)      Potential
    1.98562e+05    5.14528e+04   -5.82106e+06   -2.77542e+04   -5.59880e+06
    Kinetic En.   Total Energy    Temperature Pressure (bar)
    9.50301e+05   -4.64850e+06    3.12466e+02    4.16820e+00

Writing checkpoint, step 40139490 at Mon Sep 25 11:15:40 2023


Writing checkpoint, step 40340450 at Mon Sep 25 11:30:40 2023


DD  step 40399999 load imb.: force  6.8%

           Step           Time
       40400000   1010000.00000

   Energies (kJ/mol)
           Bond       G96Angle        LJ (SR)   Coulomb (SR)      Potential
    1.98387e+05    5.13639e+04   -5.82125e+06   -2.77022e+04   -5.59920e+06
    Kinetic En.   Total Energy    Temperature Pressure (bar)
    9.51067e+05   -4.64814e+06    3.12718e+02    1.57520e+00

Writing checkpoint, step 40541060 at Mon Sep 25 11:45:40 2023


Writing checkpoint, step 40741600 at Mon Sep 25 12:00:40 2023


DD  step 40799999 load imb.: force  7.3%

           Step           Time
       40800000   1020000.00000

   Energies (kJ/mol)
           Bond       G96Angle        LJ (SR)   Coulomb (SR)      Potential
    1.97778e+05    5.13724e+04   -5.82049e+06   -2.82052e+04   -5.59954e+06
    Kinetic En.   Total Energy    Temperature Pressure (bar)
    9.49522e+05   -4.65002e+06    3.12210e+02    6.41194e+00

Writing checkpoint, step 40942430 at Mon Sep 25 12:15:40 2023


Writing checkpoint, step 41143300 at Mon Sep 25 12:30:40 2023


DD  step 41199999 load imb.: force  6.7%

           Step           Time
       41200000   1030000.00000

   Energies (kJ/mol)
           Bond       G96Angle        LJ (SR)   Coulomb (SR)      Potential
    1.98645e+05    5.09069e+04   -5.81915e+06   -2.75365e+04   -5.59714e+06
    Kinetic En.   Total Energy    Temperature Pressure (bar)
    9.47899e+05   -4.64924e+06    3.11676e+02    1.22408e+01

Writing checkpoint, step 41344010 at Mon Sep 25 12:45:40 2023


Writing checkpoint, step 41544870 at Mon Sep 25 13:00:40 2023


DD  step 41599999 load imb.: force  7.4%

           Step           Time
       41600000   1040000.00000

   Energies (kJ/mol)
           Bond       G96Angle        LJ (SR)   Coulomb (SR)      Potential
    1.97914e+05    5.15407e+04   -5.82448e+06   -2.77958e+04   -5.60283e+06
    Kinetic En.   Total Energy    Temperature Pressure (bar)
    9.47282e+05   -4.65554e+06    3.11473e+02    4.42484e+00

Writing checkpoint, step 41746240 at Mon Sep 25 13:15:40 2023


Writing checkpoint, step 41947430 at Mon Sep 25 13:30:40 2023


DD  step 41999999 load imb.: force  7.6%

           Step           Time
       42000000   1050000.00000

   Energies (kJ/mol)
           Bond       G96Angle        LJ (SR)   Coulomb (SR)      Potential
    1.98366e+05    5.19716e+04   -5.82727e+06   -2.74160e+04   -5.60435e+06
    Kinetic En.   Total Energy    Temperature Pressure (bar)
    9.49705e+05   -4.65465e+06    3.12270e+02   -2.61348e+00

Writing checkpoint, step 42148260 at Mon Sep 25 13:45:40 2023


Writing checkpoint, step 42350490 at Mon Sep 25 14:00:40 2023


DD  step 42399999 load imb.: force  6.3%

           Step           Time
       42400000   1060000.00000

   Energies (kJ/mol)
           Bond       G96Angle        LJ (SR)   Coulomb (SR)      Potential
    1.99109e+05    5.16900e+04   -5.82213e+06   -2.81463e+04   -5.59947e+06
    Kinetic En.   Total Energy    Temperature Pressure (bar)
    9.54190e+05   -4.64528e+06    3.13744e+02    6.20191e+00

Writing checkpoint, step 42552480 at Mon Sep 25 14:15:40 2023


Writing checkpoint, step 42754740 at Mon Sep 25 14:30:40 2023


DD  step 42799999 load imb.: force  7.3%

           Step           Time
       42800000   1070000.00000

   Energies (kJ/mol)
           Bond       G96Angle        LJ (SR)   Coulomb (SR)      Potential
    1.98446e+05    5.12636e+04   -5.82147e+06   -2.76806e+04   -5.59944e+06
    Kinetic En.   Total Energy    Temperature Pressure (bar)
    9.53452e+05   -4.64599e+06    3.13502e+02    4.17686e+00

Writing checkpoint, step 42956860 at Mon Sep 25 14:45:40 2023


Writing checkpoint, step 43158130 at Mon Sep 25 15:00:40 2023


DD  step 43199999 load imb.: force  7.3%

           Step           Time
       43200000   1080000.00000

   Energies (kJ/mol)
           Bond       G96Angle        LJ (SR)   Coulomb (SR)      Potential
    1.98274e+05    5.19289e+04   -5.82491e+06   -2.76173e+04   -5.60233e+06
    Kinetic En.   Total Energy    Temperature Pressure (bar)
    9.51815e+05   -4.65051e+06    3.12963e+02   -1.93097e+00

Writing checkpoint, step 43360150 at Mon Sep 25 15:15:40 2023


Writing checkpoint, step 43562000 at Mon Sep 25 15:30:40 2023


DD  step 43599999 load imb.: force  7.7%

           Step           Time
       43600000   1090000.00000

   Energies (kJ/mol)
           Bond       G96Angle        LJ (SR)   Coulomb (SR)      Potential
    1.98603e+05    5.12243e+04   -5.82024e+06   -2.78355e+04   -5.59825e+06
    Kinetic En.   Total Energy    Temperature Pressure (bar)
    9.51552e+05   -4.64670e+06    3.12877e+02    3.28337e+00

Writing checkpoint, step 43763610 at Mon Sep 25 15:45:40 2023


Writing checkpoint, step 43965300 at Mon Sep 25 16:00:40 2023


DD  step 43999999 load imb.: force  7.6%

           Step           Time
       44000000   1100000.00000

   Energies (kJ/mol)
           Bond       G96Angle        LJ (SR)   Coulomb (SR)      Potential
    1.97528e+05    5.10435e+04   -5.82645e+06   -2.82855e+04   -5.60616e+06
    Kinetic En.   Total Energy    Temperature Pressure (bar)
    9.48160e+05   -4.65800e+06    3.11762e+02    3.63355e-01

Writing checkpoint, step 44166500 at Mon Sep 25 16:15:40 2023


Writing checkpoint, step 44366930 at Mon Sep 25 16:30:40 2023


DD  step 44399999 load imb.: force  7.4%

           Step           Time
       44400000   1110000.00000

   Energies (kJ/mol)
           Bond       G96Angle        LJ (SR)   Coulomb (SR)      Potential
    1.98439e+05    5.14681e+04   -5.82485e+06   -2.75169e+04   -5.60246e+06
    Kinetic En.   Total Energy    Temperature Pressure (bar)
    9.50647e+05   -4.65181e+06    3.12580e+02   -2.61462e-01

Writing checkpoint, step 44567770 at Mon Sep 25 16:45:40 2023


Writing checkpoint, step 44769510 at Mon Sep 25 17:00:40 2023


DD  step 44799999 load imb.: force  8.6%

           Step           Time
       44800000   1120000.00000

   Energies (kJ/mol)
           Bond       G96Angle        LJ (SR)   Coulomb (SR)      Potential
    2.00013e+05    5.13512e+04   -5.82320e+06   -2.80016e+04   -5.59984e+06
    Kinetic En.   Total Energy    Temperature Pressure (bar)
    9.51108e+05   -4.64873e+06    3.12731e+02   -2.19631e-01

Writing checkpoint, step 44971330 at Mon Sep 25 17:15:40 2023


Writing checkpoint, step 45173350 at Mon Sep 25 17:30:40 2023


DD  step 45199999 load imb.: force  5.4%

           Step           Time
       45200000   1130000.00000

   Energies (kJ/mol)
           Bond       G96Angle        LJ (SR)   Coulomb (SR)      Potential
    1.98292e+05    5.07709e+04   -5.82318e+06   -2.79087e+04   -5.60202e+06
    Kinetic En.   Total Energy    Temperature Pressure (bar)
    9.51733e+05   -4.65029e+06    3.12936e+02    8.56376e+00

Writing checkpoint, step 45376850 at Mon Sep 25 17:45:40 2023


Writing checkpoint, step 45580060 at Mon Sep 25 18:00:40 2023


DD  step 45599999 load imb.: force  5.8%

           Step           Time
       45600000   1140000.00000

   Energies (kJ/mol)
           Bond       G96Angle        LJ (SR)   Coulomb (SR)      Potential
    1.98245e+05    5.15859e+04   -5.82181e+06   -2.79257e+04   -5.59991e+06
    Kinetic En.   Total Energy    Temperature Pressure (bar)
    9.53388e+05   -4.64652e+06    3.13481e+02   -2.46622e+00

Writing checkpoint, step 45783050 at Mon Sep 25 18:15:40 2023


Writing checkpoint, step 45985920 at Mon Sep 25 18:30:40 2023


DD  step 45999999 load imb.: force  8.2%

           Step           Time
       46000000   1150000.00000

   Energies (kJ/mol)
           Bond       G96Angle        LJ (SR)   Coulomb (SR)      Potential
    1.97953e+05    5.16574e+04   -5.82068e+06   -2.75467e+04   -5.59861e+06
    Kinetic En.   Total Energy    Temperature Pressure (bar)
    9.50078e+05   -4.64854e+06    3.12392e+02    1.40337e+01

Writing checkpoint, step 46188530 at Mon Sep 25 18:45:40 2023


Writing checkpoint, step 46391470 at Mon Sep 25 19:00:40 2023


DD  step 46399999 load imb.: force  5.0%

           Step           Time
       46400000   1160000.00000

   Energies (kJ/mol)
           Bond       G96Angle        LJ (SR)   Coulomb (SR)      Potential
    1.97928e+05    5.15395e+04   -5.82869e+06   -2.82248e+04   -5.60744e+06
    Kinetic En.   Total Energy    Temperature Pressure (bar)
    9.47285e+05   -4.66016e+06    3.11474e+02   -1.22584e+01

Writing checkpoint, step 46593910 at Mon Sep 25 19:15:40 2023


Writing checkpoint, step 46796200 at Mon Sep 25 19:30:40 2023


DD  step 46799999 load imb.: force  8.8%

           Step           Time
       46800000   1170000.00000

   Energies (kJ/mol)
           Bond       G96Angle        LJ (SR)   Coulomb (SR)      Potential
    1.98899e+05    5.14503e+04   -5.82315e+06   -2.77900e+04   -5.60059e+06
    Kinetic En.   Total Energy    Temperature Pressure (bar)
    9.50964e+05   -4.64963e+06    3.12684e+02   -5.02230e-01

Writing checkpoint, step 46997640 at Mon Sep 25 19:45:40 2023


Writing checkpoint, step 47198540 at Mon Sep 25 20:00:40 2023


DD  step 47199999 load imb.: force  9.6%

           Step           Time
       47200000   1180000.00000

   Energies (kJ/mol)
           Bond       G96Angle        LJ (SR)   Coulomb (SR)      Potential
    1.98261e+05    5.10466e+04   -5.82033e+06   -2.72893e+04   -5.59831e+06
    Kinetic En.   Total Energy    Temperature Pressure (bar)
    9.48078e+05   -4.65023e+06    3.11735e+02    9.47020e+00

Writing checkpoint, step 47400290 at Mon Sep 25 20:15:40 2023


DD  step 47599999 load imb.: force  5.7%

           Step           Time
       47600000   1190000.00000

   Energies (kJ/mol)
           Bond       G96Angle        LJ (SR)   Coulomb (SR)      Potential
    1.98100e+05    5.13254e+04   -5.81918e+06   -2.80157e+04   -5.59777e+06
    Kinetic En.   Total Energy    Temperature Pressure (bar)
    9.50248e+05   -4.64752e+06    3.12448e+02    9.21014e+00

Writing checkpoint, step 47602520 at Mon Sep 25 20:30:40 2023


Writing checkpoint, step 47804410 at Mon Sep 25 20:45:40 2023


DD  step 47999999 load imb.: force  5.0%

           Step           Time
       48000000   1200000.00000

   Energies (kJ/mol)
           Bond       G96Angle        LJ (SR)   Coulomb (SR)      Potential
    1.98388e+05    5.10478e+04   -5.81952e+06   -2.78586e+04   -5.59794e+06
    Kinetic En.   Total Energy    Temperature Pressure (bar)
    9.54055e+05   -4.64388e+06    3.13700e+02    4.76930e+00

Writing checkpoint, step 48006750 at Mon Sep 25 21:00:40 2023


Writing checkpoint, step 48209110 at Mon Sep 25 21:15:40 2023


DD  step 48399999 load imb.: force  5.9%

           Step           Time
       48400000   1210000.00000

   Energies (kJ/mol)
           Bond       G96Angle        LJ (SR)   Coulomb (SR)      Potential
    1.98446e+05    5.13064e+04   -5.82105e+06   -2.74590e+04   -5.59876e+06
    Kinetic En.   Total Energy    Temperature Pressure (bar)
    9.49096e+05   -4.64966e+06    3.12069e+02   -2.07417e+00

Writing checkpoint, step 48411780 at Mon Sep 25 21:30:40 2023


Writing checkpoint, step 48613990 at Mon Sep 25 21:45:40 2023


DD  step 48799999 load imb.: force  7.2%

           Step           Time
       48800000   1220000.00000

   Energies (kJ/mol)
           Bond       G96Angle        LJ (SR)   Coulomb (SR)      Potential
    1.99075e+05    5.10436e+04   -5.82970e+06   -2.75762e+04   -5.60716e+06
    Kinetic En.   Total Energy    Temperature Pressure (bar)
    9.49760e+05   -4.65740e+06    3.12288e+02   -8.63127e+00

Writing checkpoint, step 48816830 at Mon Sep 25 22:00:40 2023


Writing checkpoint, step 49019860 at Mon Sep 25 22:15:40 2023


DD  step 49199999 load imb.: force  4.4%

           Step           Time
       49200000   1230000.00000

   Energies (kJ/mol)
           Bond       G96Angle        LJ (SR)   Coulomb (SR)      Potential
    1.98748e+05    5.10721e+04   -5.81856e+06   -2.80580e+04   -5.59679e+06
    Kinetic En.   Total Energy    Temperature Pressure (bar)
    9.49907e+05   -4.64689e+06    3.12336e+02    3.98986e+00

Writing checkpoint, step 49222690 at Mon Sep 25 22:30:40 2023


Writing checkpoint, step 49425250 at Mon Sep 25 22:45:40 2023


DD  step 49599999 load imb.: force  6.8%

           Step           Time
       49600000   1240000.00000

   Energies (kJ/mol)
           Bond       G96Angle        LJ (SR)   Coulomb (SR)      Potential
    1.96933e+05    5.15487e+04   -5.82277e+06   -2.79827e+04   -5.60228e+06
    Kinetic En.   Total Energy    Temperature Pressure (bar)
    9.51138e+05   -4.65114e+06    3.12741e+02   -2.74880e+00

Writing checkpoint, step 49627410 at Mon Sep 25 23:00:40 2023


Writing checkpoint, step 49829470 at Mon Sep 25 23:15:40 2023


DD  step 49999999 load imb.: force  5.0%

           Step           Time
       50000000   1250000.00000

   Energies (kJ/mol)
           Bond       G96Angle        LJ (SR)   Coulomb (SR)      Potential
    1.98164e+05    5.11889e+04   -5.82267e+06   -2.79836e+04   -5.60130e+06
    Kinetic En.   Total Energy    Temperature Pressure (bar)
    9.50425e+05   -4.65088e+06    3.12506e+02    1.48909e+00

Writing checkpoint, step 50031190 at Mon Sep 25 23:30:40 2023


Writing checkpoint, step 50233520 at Mon Sep 25 23:45:40 2023


DD  step 50399999 load imb.: force  7.6%

           Step           Time
       50400000   1260000.00000

   Energies (kJ/mol)
           Bond       G96Angle        LJ (SR)   Coulomb (SR)      Potential
    1.98694e+05    5.15445e+04   -5.82476e+06   -2.78275e+04   -5.60234e+06
    Kinetic En.   Total Energy    Temperature Pressure (bar)
    9.50060e+05   -4.65228e+06    3.12387e+02   -3.84439e+00

Writing checkpoint, step 50435570 at Tue Sep 26 00:00:40 2023


Writing checkpoint, step 50638490 at Tue Sep 26 00:15:40 2023


DD  step 50799999 load imb.: force  6.9%

           Step           Time
       50800000   1270000.00000

   Energies (kJ/mol)
           Bond       G96Angle        LJ (SR)   Coulomb (SR)      Potential
    1.98699e+05    5.19635e+04   -5.82129e+06   -2.75481e+04   -5.59817e+06
    Kinetic En.   Total Energy    Temperature Pressure (bar)
    9.50228e+05   -4.64794e+06    3.12442e+02    3.35748e+00

Writing checkpoint, step 50841930 at Tue Sep 26 00:30:40 2023


Writing checkpoint, step 51045300 at Tue Sep 26 00:45:40 2023


DD  step 51199999 load imb.: force  6.9%

           Step           Time
       51200000   1280000.00000

   Energies (kJ/mol)
           Bond       G96Angle        LJ (SR)   Coulomb (SR)      Potential
    1.98350e+05    5.13556e+04   -5.82093e+06   -2.76853e+04   -5.59891e+06
    Kinetic En.   Total Energy    Temperature Pressure (bar)
    9.50142e+05   -4.64876e+06    3.12413e+02    2.26517e+00

Writing checkpoint, step 51248280 at Tue Sep 26 01:00:40 2023


Writing checkpoint, step 51451070 at Tue Sep 26 01:15:40 2023


DD  step 51599999 load imb.: force  4.6%

           Step           Time
       51600000   1290000.00000

   Energies (kJ/mol)
           Bond       G96Angle        LJ (SR)   Coulomb (SR)      Potential
    1.96817e+05    5.15651e+04   -5.82327e+06   -2.77906e+04   -5.60268e+06
    Kinetic En.   Total Energy    Temperature Pressure (bar)
    9.46615e+05   -4.65607e+06    3.11254e+02    4.88769e-01

Writing checkpoint, step 51653640 at Tue Sep 26 01:30:40 2023


Writing checkpoint, step 51856480 at Tue Sep 26 01:45:40 2023


DD  step 51999999 load imb.: force  5.1%

           Step           Time
       52000000   1300000.00000

   Energies (kJ/mol)
           Bond       G96Angle        LJ (SR)   Coulomb (SR)      Potential
    1.97816e+05    5.11793e+04   -5.82366e+06   -2.76620e+04   -5.60232e+06
    Kinetic En.   Total Energy    Temperature Pressure (bar)
    9.47468e+05   -4.65485e+06    3.11534e+02    3.91488e+00

Writing checkpoint, step 52059110 at Tue Sep 26 02:00:40 2023


Writing checkpoint, step 52262300 at Tue Sep 26 02:15:40 2023


DD  step 52399999 load imb.: force  5.0%

           Step           Time
       52400000   1310000.00000

   Energies (kJ/mol)
           Bond       G96Angle        LJ (SR)   Coulomb (SR)      Potential
    1.97759e+05    5.18130e+04   -5.81916e+06   -2.73849e+04   -5.59698e+06
    Kinetic En.   Total Energy    Temperature Pressure (bar)
    9.51515e+05   -4.64546e+06    3.12865e+02    1.16017e+01

Writing checkpoint, step 52465270 at Tue Sep 26 02:30:40 2023


Writing checkpoint, step 52667960 at Tue Sep 26 02:45:40 2023


DD  step 52799999 load imb.: force  6.8%

           Step           Time
       52800000   1320000.00000

   Energies (kJ/mol)
           Bond       G96Angle        LJ (SR)   Coulomb (SR)      Potential
    1.99717e+05    5.11931e+04   -5.82145e+06   -2.73832e+04   -5.59792e+06
    Kinetic En.   Total Energy    Temperature Pressure (bar)
    9.50789e+05   -4.64713e+06    3.12626e+02    3.88159e+00

Writing checkpoint, step 52871110 at Tue Sep 26 03:00:40 2023


Writing checkpoint, step 53074440 at Tue Sep 26 03:15:40 2023


DD  step 53199999 load imb.: force  4.9%

           Step           Time
       53200000   1330000.00000

   Energies (kJ/mol)
           Bond       G96Angle        LJ (SR)   Coulomb (SR)      Potential
    1.97496e+05    5.18159e+04   -5.82178e+06   -2.76731e+04   -5.60014e+06
    Kinetic En.   Total Energy    Temperature Pressure (bar)
    9.51806e+05   -4.64834e+06    3.12961e+02   -7.61702e+00

Writing checkpoint, step 53277550 at Tue Sep 26 03:30:40 2023


Writing checkpoint, step 53480640 at Tue Sep 26 03:45:40 2023


DD  step 53599999 load imb.: force  5.1%

           Step           Time
       53600000   1340000.00000

   Energies (kJ/mol)
           Bond       G96Angle        LJ (SR)   Coulomb (SR)      Potential
    2.00232e+05    5.15439e+04   -5.82126e+06   -2.78817e+04   -5.59737e+06
    Kinetic En.   Total Energy    Temperature Pressure (bar)
    9.51027e+05   -4.64634e+06    3.12704e+02    2.95734e+00

Writing checkpoint, step 53683780 at Tue Sep 26 04:00:40 2023


Writing checkpoint, step 53885790 at Tue Sep 26 04:15:40 2023


DD  step 53999999 load imb.: force  6.3%

           Step           Time
       54000000   1350000.00000

   Energies (kJ/mol)
           Bond       G96Angle        LJ (SR)   Coulomb (SR)      Potential
    1.97974e+05    5.10717e+04   -5.82494e+06   -2.79859e+04   -5.60388e+06
    Kinetic En.   Total Energy    Temperature Pressure (bar)
    9.49358e+05   -4.65452e+06    3.12156e+02   -7.02733e+00

Writing checkpoint, step 54087330 at Tue Sep 26 04:30:40 2023


Writing checkpoint, step 54288900 at Tue Sep 26 04:45:40 2023


DD  step 54399999 load imb.: force  7.7%

           Step           Time
       54400000   1360000.00000

   Energies (kJ/mol)
           Bond       G96Angle        LJ (SR)   Coulomb (SR)      Potential
    1.98687e+05    5.09255e+04   -5.82507e+06   -2.77977e+04   -5.60325e+06
    Kinetic En.   Total Energy    Temperature Pressure (bar)
    9.51410e+05   -4.65184e+06    3.12830e+02    3.69217e+00

Writing checkpoint, step 54490770 at Tue Sep 26 05:00:40 2023


Writing checkpoint, step 54692280 at Tue Sep 26 05:15:40 2023


DD  step 54799999 load imb.: force  6.9%

           Step           Time
       54800000   1370000.00000

   Energies (kJ/mol)
           Bond       G96Angle        LJ (SR)   Coulomb (SR)      Potential
    1.98717e+05    5.12892e+04   -5.82270e+06   -2.75200e+04   -5.60021e+06
    Kinetic En.   Total Energy    Temperature Pressure (bar)
    9.49428e+05   -4.65079e+06    3.12178e+02    9.56235e+00

Writing checkpoint, step 54893780 at Tue Sep 26 05:30:40 2023


Writing checkpoint, step 55095140 at Tue Sep 26 05:45:40 2023


DD  step 55199999 load imb.: force  6.5%

           Step           Time
       55200000   1380000.00000

   Energies (kJ/mol)
           Bond       G96Angle        LJ (SR)   Coulomb (SR)      Potential
    2.00027e+05    5.12952e+04   -5.82446e+06   -2.81631e+04   -5.60131e+06
    Kinetic En.   Total Energy    Temperature Pressure (bar)
    9.48705e+05   -4.65260e+06    3.11941e+02   -6.87226e+00

Writing checkpoint, step 55296850 at Tue Sep 26 06:00:40 2023


Writing checkpoint, step 55498740 at Tue Sep 26 06:15:40 2023


DD  step 55599999 load imb.: force  6.6%

           Step           Time
       55600000   1390000.00000

   Energies (kJ/mol)
           Bond       G96Angle        LJ (SR)   Coulomb (SR)      Potential
    1.97445e+05    5.16108e+04   -5.82328e+06   -2.80001e+04   -5.60223e+06
    Kinetic En.   Total Energy    Temperature Pressure (bar)
    9.51283e+05   -4.65095e+06    3.12789e+02    1.87943e+00

Writing checkpoint, step 55700170 at Tue Sep 26 06:30:40 2023


Writing checkpoint, step 55901930 at Tue Sep 26 06:45:40 2023


DD  step 55999999 load imb.: force  6.6%

           Step           Time
       56000000   1400000.00000

   Energies (kJ/mol)
           Bond       G96Angle        LJ (SR)   Coulomb (SR)      Potential
    1.99211e+05    5.15396e+04   -5.82302e+06   -2.71173e+04   -5.59939e+06
    Kinetic En.   Total Energy    Temperature Pressure (bar)
    9.46754e+05   -4.65263e+06    3.11299e+02    9.53170e+00

Writing checkpoint, step 56103720 at Tue Sep 26 07:00:40 2023


Writing checkpoint, step 56305080 at Tue Sep 26 07:15:40 2023


DD  step 56399999 load imb.: force  7.1%

           Step           Time
       56400000   1410000.00000

   Energies (kJ/mol)
           Bond       G96Angle        LJ (SR)   Coulomb (SR)      Potential
    2.00274e+05    5.13731e+04   -5.82119e+06   -2.76154e+04   -5.59715e+06
    Kinetic En.   Total Energy    Temperature Pressure (bar)
    9.52260e+05   -4.64489e+06    3.13110e+02    4.04466e+00

Writing checkpoint, step 56506850 at Tue Sep 26 07:30:40 2023


Writing checkpoint, step 56708680 at Tue Sep 26 07:45:40 2023


DD  step 56799999 load imb.: force  6.9%

           Step           Time
       56800000   1420000.00000

   Energies (kJ/mol)
           Bond       G96Angle        LJ (SR)   Coulomb (SR)      Potential
    1.98254e+05    5.11938e+04   -5.82501e+06   -2.79033e+04   -5.60347e+06
    Kinetic En.   Total Energy    Temperature Pressure (bar)
    9.49280e+05   -4.65419e+06    3.12130e+02   -4.27434e+00

Writing checkpoint, step 56910540 at Tue Sep 26 08:00:40 2023


Writing checkpoint, step 57112420 at Tue Sep 26 08:15:40 2023


DD  step 57199999 load imb.: force 10.6%

           Step           Time
       57200000   1430000.00000

   Energies (kJ/mol)
           Bond       G96Angle        LJ (SR)   Coulomb (SR)      Potential
    1.99273e+05    5.13425e+04   -5.82328e+06   -2.76028e+04   -5.60027e+06
    Kinetic En.   Total Energy    Temperature Pressure (bar)
    9.48546e+05   -4.65172e+06    3.11889e+02   -2.14758e+00

Writing checkpoint, step 57313370 at Tue Sep 26 08:30:40 2023


Writing checkpoint, step 57515510 at Tue Sep 26 08:45:40 2023


DD  step 57599999 load imb.: force  5.0%

           Step           Time
       57600000   1440000.00000

   Energies (kJ/mol)
           Bond       G96Angle        LJ (SR)   Coulomb (SR)      Potential
    1.97918e+05    5.15516e+04   -5.82152e+06   -2.79423e+04   -5.59999e+06
    Kinetic En.   Total Energy    Temperature Pressure (bar)
    9.50513e+05   -4.64948e+06    3.12536e+02    3.71164e-02

Writing checkpoint, step 57718530 at Tue Sep 26 09:00:40 2023


Writing checkpoint, step 57921290 at Tue Sep 26 09:15:40 2023


DD  step 57999999 load imb.: force  5.9%

           Step           Time
       58000000   1450000.00000

   Energies (kJ/mol)
           Bond       G96Angle        LJ (SR)   Coulomb (SR)      Potential
    1.99161e+05    5.14417e+04   -5.82116e+06   -2.83174e+04   -5.59887e+06
    Kinetic En.   Total Energy    Temperature Pressure (bar)
    9.48721e+05   -4.65015e+06    3.11946e+02    9.10354e+00

Writing checkpoint, step 58123930 at Tue Sep 26 09:30:40 2023


Writing checkpoint, step 58326180 at Tue Sep 26 09:45:40 2023


DD  step 58399999 load imb.: force  6.2%

           Step           Time
       58400000   1460000.00000

   Energies (kJ/mol)
           Bond       G96Angle        LJ (SR)   Coulomb (SR)      Potential
    1.97638e+05    5.21819e+04   -5.82525e+06   -2.76983e+04   -5.60312e+06
    Kinetic En.   Total Energy    Temperature Pressure (bar)
    9.49052e+05   -4.65407e+06    3.12055e+02   -8.29963e+00

Writing checkpoint, step 58528010 at Tue Sep 26 10:00:40 2023


Writing checkpoint, step 58730600 at Tue Sep 26 10:15:40 2023


DD  step 58799999 load imb.: force  5.4%

           Step           Time
       58800000   1470000.00000

   Energies (kJ/mol)
           Bond       G96Angle        LJ (SR)   Coulomb (SR)      Potential
    1.97991e+05    5.09453e+04   -5.82428e+06   -2.75202e+04   -5.60287e+06
    Kinetic En.   Total Energy    Temperature Pressure (bar)
    9.52069e+05   -4.65080e+06    3.13047e+02   -3.14819e+00

Writing checkpoint, step 58932950 at Tue Sep 26 10:30:40 2023


Writing checkpoint, step 59136260 at Tue Sep 26 10:45:40 2023


DD  step 59199999 load imb.: force  5.2%

           Step           Time
       59200000   1480000.00000

   Energies (kJ/mol)
           Bond       G96Angle        LJ (SR)   Coulomb (SR)      Potential
    1.99436e+05    5.19175e+04   -5.82069e+06   -2.80695e+04   -5.59741e+06
    Kinetic En.   Total Energy    Temperature Pressure (bar)
    9.52271e+05   -4.64514e+06    3.13113e+02    8.93866e+00

Writing checkpoint, step 59340020 at Tue Sep 26 11:00:40 2023


Writing checkpoint, step 59543860 at Tue Sep 26 11:15:40 2023


DD  step 59599999 load imb.: force  7.1%

           Step           Time
       59600000   1490000.00000

   Energies (kJ/mol)
           Bond       G96Angle        LJ (SR)   Coulomb (SR)      Potential
    1.98168e+05    5.17443e+04   -5.82246e+06   -2.80392e+04   -5.60059e+06
    Kinetic En.   Total Energy    Temperature Pressure (bar)
    9.47336e+05   -4.65325e+06    3.11491e+02    2.80218e+00

Writing checkpoint, step 59747780 at Tue Sep 26 11:30:40 2023


Writing checkpoint, step 59951320 at Tue Sep 26 11:45:40 2023


DD  step 59999999 load imb.: force  6.6%

           Step           Time
       60000000   1500000.00000

   Energies (kJ/mol)
           Bond       G96Angle        LJ (SR)   Coulomb (SR)      Potential
    1.98862e+05    5.16125e+04   -5.82169e+06   -2.79625e+04   -5.59917e+06
    Kinetic En.   Total Energy    Temperature Pressure (bar)
    9.54473e+05   -4.64470e+06    3.13837e+02    7.69310e+00

Writing checkpoint, step 60154090 at Tue Sep 26 12:00:40 2023


Writing checkpoint, step 60356950 at Tue Sep 26 12:15:40 2023


DD  step 60399999 load imb.: force  7.4%

           Step           Time
       60400000   1510000.00000

   Energies (kJ/mol)
           Bond       G96Angle        LJ (SR)   Coulomb (SR)      Potential
    1.98685e+05    5.16291e+04   -5.82159e+06   -2.75339e+04   -5.59881e+06
    Kinetic En.   Total Energy    Temperature Pressure (bar)
    9.51147e+05   -4.64767e+06    3.12744e+02   -3.56096e-01

Writing checkpoint, step 60559760 at Tue Sep 26 12:30:40 2023


Writing checkpoint, step 60762310 at Tue Sep 26 12:45:40 2023


DD  step 60799999 load imb.: force  8.0%

           Step           Time
       60800000   1520000.00000

   Energies (kJ/mol)
           Bond       G96Angle        LJ (SR)   Coulomb (SR)      Potential
    1.98484e+05    5.17475e+04   -5.82137e+06   -2.79880e+04   -5.59912e+06
    Kinetic En.   Total Energy    Temperature Pressure (bar)
    9.47428e+05   -4.65169e+06    3.11521e+02   -6.88107e-01

Writing checkpoint, step 60964130 at Tue Sep 26 13:00:40 2023


Writing checkpoint, step 61165700 at Tue Sep 26 13:15:40 2023


DD  step 61199999 load imb.: force  6.8%

           Step           Time
       61200000   1530000.00000

   Energies (kJ/mol)
           Bond       G96Angle        LJ (SR)   Coulomb (SR)      Potential
    1.98276e+05    5.06374e+04   -5.82520e+06   -2.74435e+04   -5.60373e+06
    Kinetic En.   Total Energy    Temperature Pressure (bar)
    9.50634e+05   -4.65310e+06    3.12575e+02   -1.05671e+01

Writing checkpoint, step 61366380 at Tue Sep 26 13:30:40 2023


Writing checkpoint, step 61568100 at Tue Sep 26 13:45:40 2023


DD  step 61599999 load imb.: force  5.6%

           Step           Time
       61600000   1540000.00000

   Energies (kJ/mol)
           Bond       G96Angle        LJ (SR)   Coulomb (SR)      Potential
    1.98137e+05    5.09672e+04   -5.82187e+06   -2.78919e+04   -5.60066e+06
    Kinetic En.   Total Energy    Temperature Pressure (bar)
    9.49035e+05   -4.65163e+06    3.12049e+02    5.18770e+00

Writing checkpoint, step 61770780 at Tue Sep 26 14:00:40 2023


Writing checkpoint, step 61974020 at Tue Sep 26 14:15:40 2023


DD  step 61999999 load imb.: force 18.0%

           Step           Time
       62000000   1550000.00000

   Energies (kJ/mol)
           Bond       G96Angle        LJ (SR)   Coulomb (SR)      Potential
    1.98488e+05    5.13166e+04   -5.82421e+06   -2.78664e+04   -5.60227e+06
    Kinetic En.   Total Energy    Temperature Pressure (bar)
    9.49005e+05   -4.65327e+06    3.12040e+02    5.71271e-01

Writing checkpoint, step 62177230 at Tue Sep 26 14:30:40 2023


Writing checkpoint, step 62380340 at Tue Sep 26 14:45:40 2023


DD  step 62399999 load imb.: force  6.8%

           Step           Time
       62400000   1560000.00000

   Energies (kJ/mol)
           Bond       G96Angle        LJ (SR)   Coulomb (SR)      Potential
    1.98262e+05    5.11847e+04   -5.82657e+06   -2.77814e+04   -5.60490e+06
    Kinetic En.   Total Energy    Temperature Pressure (bar)
    9.49429e+05   -4.65547e+06    3.12179e+02   -2.13219e+00

Writing checkpoint, step 62583450 at Tue Sep 26 15:00:40 2023


Writing checkpoint, step 62786450 at Tue Sep 26 15:15:40 2023


DD  step 62799999 load imb.: force  5.7%

           Step           Time
       62800000   1570000.00000

   Energies (kJ/mol)
           Bond       G96Angle        LJ (SR)   Coulomb (SR)      Potential
    1.97861e+05    5.13121e+04   -5.82637e+06   -2.78468e+04   -5.60504e+06
    Kinetic En.   Total Energy    Temperature Pressure (bar)
    9.47297e+05   -4.65774e+06    3.11478e+02   -6.49673e+00

Writing checkpoint, step 62989720 at Tue Sep 26 15:30:40 2023


Writing checkpoint, step 63192730 at Tue Sep 26 15:45:40 2023


DD  step 63199999 load imb.: force  6.4%

           Step           Time
       63200000   1580000.00000

   Energies (kJ/mol)
           Bond       G96Angle        LJ (SR)   Coulomb (SR)      Potential
    1.98887e+05    5.18232e+04   -5.82098e+06   -2.75878e+04   -5.59786e+06
    Kinetic En.   Total Energy    Temperature Pressure (bar)
    9.49975e+05   -4.64788e+06    3.12358e+02    1.37820e+00

Writing checkpoint, step 63395080 at Tue Sep 26 16:00:40 2023


Writing checkpoint, step 63597870 at Tue Sep 26 16:15:40 2023


DD  step 63599999 load imb.: force  5.8%

           Step           Time
       63600000   1590000.00000

   Energies (kJ/mol)
           Bond       G96Angle        LJ (SR)   Coulomb (SR)      Potential
    1.99605e+05    5.08466e+04   -5.82396e+06   -2.76483e+04   -5.60116e+06
    Kinetic En.   Total Energy    Temperature Pressure (bar)
    9.50660e+05   -4.65050e+06    3.12584e+02    3.21728e+00

Writing checkpoint, step 63800630 at Tue Sep 26 16:30:40 2023


DD  step 63999999 load imb.: force  6.2%

           Step           Time
       64000000   1600000.00000

   Energies (kJ/mol)
           Bond       G96Angle        LJ (SR)   Coulomb (SR)      Potential
    1.98277e+05    5.23738e+04   -5.82108e+06   -2.76017e+04   -5.59803e+06
    Kinetic En.   Total Energy    Temperature Pressure (bar)
    9.49356e+05   -4.64867e+06    3.12155e+02    2.41702e+00

Writing checkpoint, step 64003450 at Tue Sep 26 16:45:40 2023


Writing checkpoint, step 64206460 at Tue Sep 26 17:00:40 2023


DD  step 64399999 load imb.: force  6.5%

           Step           Time
       64400000   1610000.00000

   Energies (kJ/mol)
           Bond       G96Angle        LJ (SR)   Coulomb (SR)      Potential
    1.97864e+05    5.13204e+04   -5.81891e+06   -2.76903e+04   -5.59742e+06
    Kinetic En.   Total Energy    Temperature Pressure (bar)
    9.49718e+05   -4.64770e+06    3.12274e+02    2.30904e+00

Writing checkpoint, step 64409710 at Tue Sep 26 17:15:40 2023


Writing checkpoint, step 64613290 at Tue Sep 26 17:30:40 2023


DD  step 64799999 load imb.: force  6.7%

           Step           Time
       64800000   1620000.00000

   Energies (kJ/mol)
           Bond       G96Angle        LJ (SR)   Coulomb (SR)      Potential
    1.99399e+05    5.15949e+04   -5.82044e+06   -2.76345e+04   -5.59709e+06
    Kinetic En.   Total Energy    Temperature Pressure (bar)
    9.51815e+05   -4.64527e+06    3.12964e+02    6.53817e+00

Writing checkpoint, step 64816860 at Tue Sep 26 17:45:40 2023


Writing checkpoint, step 65020630 at Tue Sep 26 18:00:40 2023


DD  step 65199999 load imb.: force  6.5%

           Step           Time
       65200000   1630000.00000

   Energies (kJ/mol)
           Bond       G96Angle        LJ (SR)   Coulomb (SR)      Potential
    1.97092e+05    5.19174e+04   -5.81987e+06   -2.77292e+04   -5.59859e+06
    Kinetic En.   Total Energy    Temperature Pressure (bar)
    9.49433e+05   -4.64915e+06    3.12180e+02    1.17531e+01

Writing checkpoint, step 65224430 at Tue Sep 26 18:15:40 2023


Writing checkpoint, step 65428140 at Tue Sep 26 18:30:40 2023


DD  step 65599999 load imb.: force  6.5%

           Step           Time
       65600000   1640000.00000

   Energies (kJ/mol)
           Bond       G96Angle        LJ (SR)   Coulomb (SR)      Potential
    1.98331e+05    5.16155e+04   -5.82329e+06   -2.82612e+04   -5.60160e+06
    Kinetic En.   Total Energy    Temperature Pressure (bar)
    9.49915e+05   -4.65169e+06    3.12339e+02   -2.63583e+00

Writing checkpoint, step 65631740 at Tue Sep 26 18:45:40 2023


Writing checkpoint, step 65835280 at Tue Sep 26 19:00:40 2023


DD  step 65999999 load imb.: force  6.0%

           Step           Time
       66000000   1650000.00000

   Energies (kJ/mol)
           Bond       G96Angle        LJ (SR)   Coulomb (SR)      Potential
    1.98043e+05    5.07098e+04   -5.82138e+06   -2.77993e+04   -5.60042e+06
    Kinetic En.   Total Energy    Temperature Pressure (bar)
    9.55043e+05   -4.64538e+06    3.14025e+02    7.43944e+00

Writing checkpoint, step 66038570 at Tue Sep 26 19:15:40 2023


Writing checkpoint, step 66240690 at Tue Sep 26 19:30:40 2023


DD  step 66399999 load imb.: force  5.4%

           Step           Time
       66400000   1660000.00000

   Energies (kJ/mol)
           Bond       G96Angle        LJ (SR)   Coulomb (SR)      Potential
    1.97568e+05    5.12731e+04   -5.82620e+06   -2.75188e+04   -5.60488e+06
    Kinetic En.   Total Energy    Temperature Pressure (bar)
    9.51929e+05   -4.65295e+06    3.13001e+02    1.06906e+00

Writing checkpoint, step 66443090 at Tue Sep 26 19:45:40 2023


Writing checkpoint, step 66645640 at Tue Sep 26 20:00:40 2023


DD  step 66799999 load imb.: force  4.7%

           Step           Time
       66800000   1670000.00000

   Energies (kJ/mol)
           Bond       G96Angle        LJ (SR)   Coulomb (SR)      Potential
    1.98060e+05    5.09870e+04   -5.82309e+06   -2.75056e+04   -5.60155e+06
    Kinetic En.   Total Energy    Temperature Pressure (bar)
    9.49720e+05   -4.65183e+06    3.12275e+02    3.61285e+00

Writing checkpoint, step 66848320 at Tue Sep 26 20:15:40 2023


Writing checkpoint, step 67050540 at Tue Sep 26 20:30:40 2023


DD  step 67199999 load imb.: force  6.3%

           Step           Time
       67200000   1680000.00000

   Energies (kJ/mol)
           Bond       G96Angle        LJ (SR)   Coulomb (SR)      Potential
    1.99446e+05    5.05370e+04   -5.82030e+06   -2.80388e+04   -5.59836e+06
    Kinetic En.   Total Energy    Temperature Pressure (bar)
    9.50344e+05   -4.64801e+06    3.12480e+02    4.56863e+00

Writing checkpoint, step 67252290 at Tue Sep 26 20:45:40 2023


Writing checkpoint, step 67454580 at Tue Sep 26 21:00:40 2023


DD  step 67599999 load imb.: force  4.7%

           Step           Time
       67600000   1690000.00000

   Energies (kJ/mol)
           Bond       G96Angle        LJ (SR)   Coulomb (SR)      Potential
    1.98371e+05    5.12927e+04   -5.82022e+06   -2.77133e+04   -5.59826e+06
    Kinetic En.   Total Energy    Temperature Pressure (bar)
    9.49582e+05   -4.64868e+06    3.12229e+02    6.92335e+00

Writing checkpoint, step 67657870 at Tue Sep 26 21:15:40 2023


Writing checkpoint, step 67860610 at Tue Sep 26 21:30:40 2023


DD  step 67999999 load imb.: force  7.7%

           Step           Time
       68000000   1700000.00000

   Energies (kJ/mol)
           Bond       G96Angle        LJ (SR)   Coulomb (SR)      Potential
    1.98679e+05    5.14652e+04   -5.82074e+06   -2.79141e+04   -5.59851e+06
    Kinetic En.   Total Energy    Temperature Pressure (bar)
    9.49723e+05   -4.64879e+06    3.12276e+02   -3.15388e+00

Writing checkpoint, step 68062950 at Tue Sep 26 21:45:40 2023


Writing checkpoint, step 68265740 at Tue Sep 26 22:00:40 2023


DD  step 68399999 load imb.: force  5.1%

           Step           Time
       68400000   1710000.00000

   Energies (kJ/mol)
           Bond       G96Angle        LJ (SR)   Coulomb (SR)      Potential
    1.98411e+05    5.12459e+04   -5.82383e+06   -2.76348e+04   -5.60181e+06
    Kinetic En.   Total Energy    Temperature Pressure (bar)
    9.49890e+05   -4.65192e+06    3.12330e+02   -5.01056e+00

Writing checkpoint, step 68469020 at Tue Sep 26 22:15:40 2023


Writing checkpoint, step 68671830 at Tue Sep 26 22:30:40 2023


DD  step 68799999 load imb.: force  5.8%

           Step           Time
       68800000   1720000.00000

   Energies (kJ/mol)
           Bond       G96Angle        LJ (SR)   Coulomb (SR)      Potential
    1.99718e+05    5.10708e+04   -5.82585e+06   -2.81218e+04   -5.60318e+06
    Kinetic En.   Total Energy    Temperature Pressure (bar)
    9.51300e+05   -4.65188e+06    3.12794e+02   -6.38435e+00

Writing checkpoint, step 68874400 at Tue Sep 26 22:45:40 2023


Writing checkpoint, step 69075820 at Tue Sep 26 23:00:40 2023


DD  step 69199999 load imb.: force  6.1%

           Step           Time
       69200000   1730000.00000

   Energies (kJ/mol)
           Bond       G96Angle        LJ (SR)   Coulomb (SR)      Potential
    1.97802e+05    5.12747e+04   -5.82186e+06   -2.79754e+04   -5.60076e+06
    Kinetic En.   Total Energy    Temperature Pressure (bar)
    9.48428e+05   -4.65234e+06    3.11850e+02    1.86197e+00

Writing checkpoint, step 69277560 at Tue Sep 26 23:15:40 2023


Writing checkpoint, step 69479160 at Tue Sep 26 23:30:40 2023


DD  step 69599999 load imb.: force  7.4%

           Step           Time
       69600000   1740000.00000

   Energies (kJ/mol)
           Bond       G96Angle        LJ (SR)   Coulomb (SR)      Potential
    1.98715e+05    5.18033e+04   -5.82471e+06   -2.74597e+04   -5.60165e+06
    Kinetic En.   Total Energy    Temperature Pressure (bar)
    9.51238e+05   -4.65041e+06    3.12774e+02   -1.03209e+01

Writing checkpoint, step 69681500 at Tue Sep 26 23:45:40 2023


Writing checkpoint, step 69883760 at Wed Sep 27 00:00:40 2023


DD  step 69999999 load imb.: force  6.6%

           Step           Time
       70000000   1750000.00000

   Energies (kJ/mol)
           Bond       G96Angle        LJ (SR)   Coulomb (SR)      Potential
    1.98596e+05    5.16995e+04   -5.82171e+06   -2.78358e+04   -5.59925e+06
    Kinetic En.   Total Energy    Temperature Pressure (bar)
    9.53677e+05   -4.64557e+06    3.13576e+02    6.03410e+00

Writing checkpoint, step 70086510 at Wed Sep 27 00:15:40 2023


Writing checkpoint, step 70289770 at Wed Sep 27 00:30:40 2023


DD  step 70399999 load imb.: force  6.8%

           Step           Time
       70400000   1760000.00000

   Energies (kJ/mol)
           Bond       G96Angle        LJ (SR)   Coulomb (SR)      Potential
    1.98541e+05    5.11683e+04   -5.82295e+06   -2.77848e+04   -5.60102e+06
    Kinetic En.   Total Energy    Temperature Pressure (bar)
    9.49580e+05   -4.65144e+06    3.12229e+02   -3.93093e+00

Writing checkpoint, step 70492200 at Wed Sep 27 00:45:40 2023


Writing checkpoint, step 70694490 at Wed Sep 27 01:00:40 2023


DD  step 70799999 load imb.: force  4.5%

           Step           Time
       70800000   1770000.00000

   Energies (kJ/mol)
           Bond       G96Angle        LJ (SR)   Coulomb (SR)      Potential
    1.99070e+05    5.15081e+04   -5.82187e+06   -2.79188e+04   -5.59921e+06
    Kinetic En.   Total Energy    Temperature Pressure (bar)
    9.46256e+05   -4.65296e+06    3.11136e+02    5.63786e-01

Writing checkpoint, step 70897340 at Wed Sep 27 01:15:40 2023


Writing checkpoint, step 71100400 at Wed Sep 27 01:30:40 2023


DD  step 71199999 load imb.: force  7.2%

           Step           Time
       71200000   1780000.00000

   Energies (kJ/mol)
           Bond       G96Angle        LJ (SR)   Coulomb (SR)      Potential
    1.98182e+05    5.20240e+04   -5.82028e+06   -2.77156e+04   -5.59779e+06
    Kinetic En.   Total Energy    Temperature Pressure (bar)
    9.53026e+05   -4.64477e+06    3.13362e+02    4.37806e+00

Writing checkpoint, step 71303800 at Wed Sep 27 01:45:40 2023


Writing checkpoint, step 71506930 at Wed Sep 27 02:00:40 2023


DD  step 71599999 load imb.: force  7.5%

           Step           Time
       71600000   1790000.00000

   Energies (kJ/mol)
           Bond       G96Angle        LJ (SR)   Coulomb (SR)      Potential
    1.98986e+05    5.10997e+04   -5.82185e+06   -2.78111e+04   -5.59958e+06
    Kinetic En.   Total Energy    Temperature Pressure (bar)
    9.51541e+05   -4.64804e+06    3.12874e+02    5.57408e+00

Writing checkpoint, step 71710090 at Wed Sep 27 02:15:40 2023


Writing checkpoint, step 71913670 at Wed Sep 27 02:30:40 2023


DD  step 71999999 load imb.: force  5.3%

           Step           Time
       72000000   1800000.00000

   Energies (kJ/mol)
           Bond       G96Angle        LJ (SR)   Coulomb (SR)      Potential
    1.98796e+05    5.12025e+04   -5.82216e+06   -2.77243e+04   -5.59989e+06
    Kinetic En.   Total Energy    Temperature Pressure (bar)
    9.47281e+05   -4.65260e+06    3.11473e+02   -1.15110e+00

Writing checkpoint, step 72116400 at Wed Sep 27 02:45:40 2023


Writing checkpoint, step 72319160 at Wed Sep 27 03:00:40 2023


DD  step 72399999 load imb.: force  7.0%

           Step           Time
       72400000   1810000.00000

   Energies (kJ/mol)
           Bond       G96Angle        LJ (SR)   Coulomb (SR)      Potential
    1.99523e+05    5.11958e+04   -5.82579e+06   -2.75605e+04   -5.60263e+06
    Kinetic En.   Total Energy    Temperature Pressure (bar)
    9.50155e+05   -4.65247e+06    3.12418e+02    8.29529e-01

Writing checkpoint, step 72522020 at Wed Sep 27 03:15:40 2023


Writing checkpoint, step 72724170 at Wed Sep 27 03:30:40 2023


DD  step 72799999 load imb.: force  5.3%

           Step           Time
       72800000   1820000.00000

   Energies (kJ/mol)
           Bond       G96Angle        LJ (SR)   Coulomb (SR)      Potential
    1.98356e+05    5.15297e+04   -5.82422e+06   -2.77684e+04   -5.60211e+06
    Kinetic En.   Total Energy    Temperature Pressure (bar)
    9.48299e+05   -4.65381e+06    3.11807e+02   -2.98240e+00

Writing checkpoint, step 72927090 at Wed Sep 27 03:45:40 2023


Writing checkpoint, step 73129920 at Wed Sep 27 04:00:40 2023


DD  step 73199999 load imb.: force  6.5%

           Step           Time
       73200000   1830000.00000

   Energies (kJ/mol)
           Bond       G96Angle        LJ (SR)   Coulomb (SR)      Potential
    1.97695e+05    5.17028e+04   -5.81924e+06   -2.77019e+04   -5.59755e+06
    Kinetic En.   Total Energy    Temperature Pressure (bar)
    9.51140e+05   -4.64641e+06    3.12741e+02    2.78929e+00

Writing checkpoint, step 73333600 at Wed Sep 27 04:15:40 2023


Writing checkpoint, step 73536950 at Wed Sep 27 04:30:40 2023


DD  step 73599999 load imb.: force  5.4%

           Step           Time
       73600000   1840000.00000

   Energies (kJ/mol)
           Bond       G96Angle        LJ (SR)   Coulomb (SR)      Potential
    1.98256e+05    5.11129e+04   -5.82013e+06   -2.76552e+04   -5.59842e+06
    Kinetic En.   Total Energy    Temperature Pressure (bar)
    9.49300e+05   -4.64912e+06    3.12137e+02    5.58170e+00

Writing checkpoint, step 73739320 at Wed Sep 27 04:45:40 2023


Writing checkpoint, step 73941620 at Wed Sep 27 05:00:40 2023


DD  step 73999999 load imb.: force  8.1%

           Step           Time
       74000000   1850000.00000

   Energies (kJ/mol)
           Bond       G96Angle        LJ (SR)   Coulomb (SR)      Potential
    1.98534e+05    5.14777e+04   -5.82058e+06   -2.71823e+04   -5.59775e+06
    Kinetic En.   Total Energy    Temperature Pressure (bar)
    9.52047e+05   -4.64570e+06    3.13040e+02    7.86159e+00

Writing checkpoint, step 74143460 at Wed Sep 27 05:15:40 2023


Writing checkpoint, step 74344770 at Wed Sep 27 05:30:40 2023


DD  step 74399999 load imb.: force  9.9%

           Step           Time
       74400000   1860000.00000

   Energies (kJ/mol)
           Bond       G96Angle        LJ (SR)   Coulomb (SR)      Potential
    1.98364e+05    5.13686e+04   -5.82142e+06   -2.78051e+04   -5.59949e+06
    Kinetic En.   Total Energy    Temperature Pressure (bar)
    9.51149e+05   -4.64834e+06    3.12745e+02   -4.15232e+00

Writing checkpoint, step 74546320 at Wed Sep 27 05:45:40 2023


Writing checkpoint, step 74747690 at Wed Sep 27 06:00:40 2023


DD  step 74799999 load imb.: force  6.8%

           Step           Time
       74800000   1870000.00000

   Energies (kJ/mol)
           Bond       G96Angle        LJ (SR)   Coulomb (SR)      Potential
    1.99157e+05    5.15193e+04   -5.82258e+06   -2.71296e+04   -5.59903e+06
    Kinetic En.   Total Energy    Temperature Pressure (bar)
    9.53701e+05   -4.64533e+06    3.13584e+02    6.65922e+00

Writing checkpoint, step 74949400 at Wed Sep 27 06:15:40 2023


Writing checkpoint, step 75151590 at Wed Sep 27 06:30:40 2023


DD  step 75199999 load imb.: force  9.3%

           Step           Time
       75200000   1880000.00000

   Energies (kJ/mol)
           Bond       G96Angle        LJ (SR)   Coulomb (SR)      Potential
    1.97762e+05    5.11544e+04   -5.82597e+06   -2.77706e+04   -5.60482e+06
    Kinetic En.   Total Energy    Temperature Pressure (bar)
    9.46726e+05   -4.65810e+06    3.11290e+02   -1.03992e+00

Writing checkpoint, step 75353890 at Wed Sep 27 06:45:40 2023


Writing checkpoint, step 75556770 at Wed Sep 27 07:00:40 2023


DD  step 75599999 load imb.: force  6.0%

           Step           Time
       75600000   1890000.00000

   Energies (kJ/mol)
           Bond       G96Angle        LJ (SR)   Coulomb (SR)      Potential
    1.98808e+05    5.11456e+04   -5.82089e+06   -2.83734e+04   -5.59931e+06
    Kinetic En.   Total Energy    Temperature Pressure (bar)
    9.49628e+05   -4.64968e+06    3.12245e+02   -1.66857e+00

Writing checkpoint, step 75759350 at Wed Sep 27 07:15:40 2023


Writing checkpoint, step 75961890 at Wed Sep 27 07:30:40 2023


DD  step 75999999 load imb.: force  5.5%

           Step           Time
       76000000   1900000.00000

   Energies (kJ/mol)
           Bond       G96Angle        LJ (SR)   Coulomb (SR)      Potential
    1.98004e+05    5.20589e+04   -5.82106e+06   -2.77139e+04   -5.59871e+06
    Kinetic En.   Total Energy    Temperature Pressure (bar)
    9.51400e+05   -4.64731e+06    3.12827e+02   -1.85549e+00

Writing checkpoint, step 76164170 at Wed Sep 27 07:45:40 2023


Writing checkpoint, step 76366310 at Wed Sep 27 08:00:40 2023


DD  step 76399999 load imb.: force  7.1%

           Step           Time
       76400000   1910000.00000

   Energies (kJ/mol)
           Bond       G96Angle        LJ (SR)   Coulomb (SR)      Potential
    1.98342e+05    5.13187e+04   -5.82388e+06   -2.75589e+04   -5.60178e+06
    Kinetic En.   Total Energy    Temperature Pressure (bar)
    9.51032e+05   -4.65074e+06    3.12706e+02   -1.98064e+00

Writing checkpoint, step 76568240 at Wed Sep 27 08:15:40 2023


Writing checkpoint, step 76770120 at Wed Sep 27 08:30:40 2023


DD  step 76799999 load imb.: force  6.4%

           Step           Time
       76800000   1920000.00000

   Energies (kJ/mol)
           Bond       G96Angle        LJ (SR)   Coulomb (SR)      Potential
    1.97761e+05    5.16082e+04   -5.82005e+06   -2.77382e+04   -5.59842e+06
    Kinetic En.   Total Energy    Temperature Pressure (bar)
    9.49085e+05   -4.64934e+06    3.12066e+02    3.48565e+00

Writing checkpoint, step 76971940 at Wed Sep 27 08:45:40 2023


Writing checkpoint, step 77173920 at Wed Sep 27 09:00:40 2023


DD  step 77199999 load imb.: force  6.7%

           Step           Time
       77200000   1930000.00000

   Energies (kJ/mol)
           Bond       G96Angle        LJ (SR)   Coulomb (SR)      Potential
    1.97627e+05    5.10898e+04   -5.82483e+06   -2.73412e+04   -5.60346e+06
    Kinetic En.   Total Energy    Temperature Pressure (bar)
    9.47661e+05   -4.65580e+06    3.11598e+02   -8.03319e+00

Writing checkpoint, step 77375930 at Wed Sep 27 09:15:40 2023


Writing checkpoint, step 77577770 at Wed Sep 27 09:30:40 2023


DD  step 77599999 load imb.: force  7.6%

           Step           Time
       77600000   1940000.00000

   Energies (kJ/mol)
           Bond       G96Angle        LJ (SR)   Coulomb (SR)      Potential
    1.98861e+05    5.07311e+04   -5.82406e+06   -2.74779e+04   -5.60195e+06
    Kinetic En.   Total Energy    Temperature Pressure (bar)
    9.50348e+05   -4.65160e+06    3.12481e+02   -1.83743e+00

Writing checkpoint, step 77779540 at Wed Sep 27 09:45:40 2023


Writing checkpoint, step 77981380 at Wed Sep 27 10:00:40 2023




Received the second INT/TERM signal, stopping within 2 steps

           Step           Time
       77981951   1949548.77500

Writing checkpoint, step 77981951 at Wed Sep 27 10:00:42 2023




-----------------------------------------------------------
Restarting from checkpoint, appending to previous log file.

Log file opened on Wed Sep 27 11:11:52 2023
Host: halc049.amarel.rutgers.edu  pid: 240247  rank ID: 0  number of ranks:  32
                      :-) GROMACS - gmx mdrun, 2016.1 (-:

Executable:   /opt/sw/packages/intel-17.0.1/mvapich2-2.2/gromacs/2016.1/bin/gmx_mpi
Data prefix:  /opt/sw/packages/intel-17.0.1/mvapich2-2.2/gromacs/2016.1
Working dir:  /scratch/jje63/heat_lig_multinano/Common_Nanoparticle_4/Hexadecanethiol
Command line:
  gmx_mpi mdrun -s md2.tpr -cpi md.cpt -ntomp 1 -deffnm md -v -rdd 1.4

GROMACS version:    2016.1
Precision:          single
Memory model:       64 bit
MPI library:        MPI
OpenMP support:     enabled (GMX_OPENMP_MAX_THREADS = 32)
GPU support:        disabled
SIMD instructions:  AVX_256
FFT library:        Intel MKL
RDTSCP usage:       enabled
TNG support:        enabled
Hwloc support:      disabled
Tracing support:    disabled
Built on:           Wed Nov 23 15:27:26 EST 2016
Built by:           novosirj@perceval2.hpc.rutgers.edu [CMAKE]
Build OS/arch:      Linux 3.10.0-229.20.1.el7.x86_64 x86_64
Build CPU vendor:   Intel
Build CPU brand:    Intel(R) Xeon(R) CPU E5-2650 v3 @ 2.30GHz
Build CPU family:   6   Model: 63   Stepping: 2
Build CPU features: aes apic avx avx2 clfsh cmov cx8 cx16 f16c fma htt lahf mmx msr nonstop_tsc pcid pclmuldq pdcm pdpe1gb popcnt pse rdrnd rdtscp sse2 sse3 sse4.1 sse4.2 ssse3 tdt x2apic
C compiler:         /opt/sw/packages/intel/17.0.1/compilers_and_libraries/linux/bin/intel64/icc Intel 17.0.0.20161005
C compiler flags:    -mavx   -mkl=sequential  -std=gnu99  -O3 -DNDEBUG -ip -funroll-all-loops -alias-const -ansi-alias  
C++ compiler:       /opt/sw/packages/intel/17.0.1/compilers_and_libraries/linux/bin/intel64/icpc Intel 17.0.0.20161005
C++ compiler flags:  -mavx    -std=c++0x   -O3 -DNDEBUG -ip -funroll-all-loops -alias-const -ansi-alias  


Initializing Domain Decomposition on 32 ranks
Dynamic load balancing: auto
Minimum cell size due to bonded interactions: 1.400 nm
Domain decomposition grid 8 x 4 x 1, separate PME ranks 0
Domain decomposition rank 0, coordinates 0 0 0

The initial number of communication pulses is: X 1 Y 1
The initial domain decomposition cell size is: X 5.46 nm Y 10.92 nm

The maximum allowed distance for charge groups involved in interactions is:
                 non-bonded interactions           1.200 nm
(the following are initial values, they could change due to box deformation)
            two-body bonded interactions  (-rdd)   1.400 nm
          multi-body bonded interactions  (-rdd)   1.400 nm

When dynamic load balancing gets turned on, these settings will change to:
The maximum number of communication pulses is: X 1 Y 1
The minimum size for domain decomposition cells is 1.400 nm
The requested allowed shrink of DD cells (option -dds) is: 0.80
The allowed shrink of domain decomposition cells is: X 0.26 Y 0.13
The maximum allowed distance for charge groups involved in interactions is:
                 non-bonded interactions           1.200 nm
            two-body bonded interactions  (-rdd)   1.400 nm
          multi-body bonded interactions  (-rdd)   1.400 nm

Using 32 MPI processes


NOTE: This file uses the deprecated 'group' cutoff_scheme. This will be
removed in a future release when 'verlet' supports all interaction forms.

Table routines are used for coulomb: true
Table routines are used for vdw:     true
Using shifted Lennard-Jones, switch between 0.9 and 1.2 nm
Cut-off's:   NS: 1.2   Coulomb: 1.2   LJ: 1.2
System total charge: 0.000
Generated table with 1100 data points for Shift.
Tabscale = 500 points/nm
Generated table with 1100 data points for LJ6Shift.
Tabscale = 500 points/nm
Generated table with 1100 data points for LJ12Shift.
Tabscale = 500 points/nm
Potential shift: LJ r^-12: 0.000e+00 r^-6: 0.000e+00

Non-default thread affinity set probably by the OpenMP library,
disabling internal thread affinity

Linking all bonded interactions to atoms

Intra-simulation communication will occur every 1 steps.
Center of mass motion removal mode is Linear
We have the following groups for center of mass motion removal:
  0:  rest
There are: 243857 Atoms
Atom distribution over 32 domains: av 7620 stddev 115 min 7527 max 7879
Grid: 7 x 12 x 14 cells
Initial temperature: 623.602 K

Started mdrun on rank 0 Wed Sep 27 11:11:52 2023

DD  step 77981959 load imb.: force 16.7%


step 77981980 Turning on dynamic load balancing, because the performance loss due to load imbalance is 5.8 %.


step 77990350 Turning off dynamic load balancing, because it is degrading performance.

Atom distribution over 32 domains: av 7620 stddev 114 min 7529 max 7826
DD  step 77999999 load imb.: force 16.0%

           Step           Time
       78000000   1950000.00000

   Energies (kJ/mol)
           Bond       G96Angle        LJ (SR)   Coulomb (SR)      Potential
    1.96939e+05    5.14168e+04   -5.82325e+06   -2.82639e+04   -5.60316e+06
    Kinetic En.   Total Energy    Temperature Pressure (bar)
    9.50768e+05   -4.65239e+06    3.12619e+02    3.78837e+00


step 78010950 Turning on dynamic load balancing, because the performance loss due to load imbalance is 2.0 %.


step 78023750 Turning off dynamic load balancing, because it is degrading performance.

Atom distribution over 32 domains: av 7620 stddev 114 min 7544 max 7857

step 78056950 Turning on dynamic load balancing, because the performance loss due to load imbalance is 2.0 %.


step 78057150 Turning off dynamic load balancing, because it is degrading performance.

Atom distribution over 32 domains: av 7620 stddev 111 min 7550 max 7821

step 78058950 Turning on dynamic load balancing, because the performance loss due to load imbalance is 2.1 %.


step 78075350 Turning off dynamic load balancing, because it is degrading performance.

Atom distribution over 32 domains: av 7620 stddev 112 min 7547 max 7872

step 78113950 Turning on dynamic load balancing, because the performance loss due to load imbalance is 2.0 %.


step 78114150 Turning off dynamic load balancing, because it is degrading performance.

Atom distribution over 32 domains: av 7620 stddev 112 min 7528 max 7838

step 78115950 Turning on dynamic load balancing, because the performance loss due to load imbalance is 2.0 %.


step 78120350 Turning off dynamic load balancing, because it is degrading performance.

Atom distribution over 32 domains: av 7620 stddev 111 min 7544 max 7844

step 78120950 Will no longer try dynamic load balancing, as it degraded performance.

Writing checkpoint, step 78202730 at Wed Sep 27 11:26:52 2023


DD  step 78399999 load imb.: force 13.9%

           Step           Time
       78400000   1960000.00000

   Energies (kJ/mol)
           Bond       G96Angle        LJ (SR)   Coulomb (SR)      Potential
    1.98367e+05    5.07485e+04   -5.82357e+06   -2.79062e+04   -5.60236e+06
    Kinetic En.   Total Energy    Temperature Pressure (bar)
    9.49294e+05   -4.65307e+06    3.12135e+02   -1.09396e+00

Writing checkpoint, step 78419960 at Wed Sep 27 11:41:52 2023


Writing checkpoint, step 78639920 at Wed Sep 27 11:56:52 2023


DD  step 78799999 load imb.: force 12.9%

           Step           Time
       78800000   1970000.00000

   Energies (kJ/mol)
           Bond       G96Angle        LJ (SR)   Coulomb (SR)      Potential
    1.98095e+05    5.09165e+04   -5.82679e+06   -2.76172e+04   -5.60540e+06
    Kinetic En.   Total Energy    Temperature Pressure (bar)
    9.53593e+05   -4.65180e+06    3.13548e+02   -2.92742e+00

Writing checkpoint, step 78859760 at Wed Sep 27 12:11:52 2023


Writing checkpoint, step 79076320 at Wed Sep 27 12:26:52 2023


DD  step 79199999 load imb.: force 17.1%

           Step           Time
       79200000   1980000.00000

   Energies (kJ/mol)
           Bond       G96Angle        LJ (SR)   Coulomb (SR)      Potential
    1.98358e+05    5.15169e+04   -5.82279e+06   -2.78646e+04   -5.60078e+06
    Kinetic En.   Total Energy    Temperature Pressure (bar)
    9.46178e+05   -4.65460e+06    3.11110e+02   -2.17798e+00

Writing checkpoint, step 79287920 at Wed Sep 27 12:41:52 2023


Writing checkpoint, step 79506430 at Wed Sep 27 12:56:52 2023


DD  step 79599999 load imb.: force 14.1%

           Step           Time
       79600000   1990000.00000

   Energies (kJ/mol)
           Bond       G96Angle        LJ (SR)   Coulomb (SR)      Potential
    1.98823e+05    5.13905e+04   -5.81994e+06   -2.77242e+04   -5.59745e+06
    Kinetic En.   Total Energy    Temperature Pressure (bar)
    9.51958e+05   -4.64549e+06    3.13010e+02    3.70100e+00

Writing checkpoint, step 79726970 at Wed Sep 27 13:11:52 2023


Writing checkpoint, step 79946520 at Wed Sep 27 13:26:52 2023


DD  step 79999999 load imb.: force 14.7%

           Step           Time
       80000000   2000000.00000

   Energies (kJ/mol)
           Bond       G96Angle        LJ (SR)   Coulomb (SR)      Potential
    1.97637e+05    5.14462e+04   -5.82468e+06   -2.78924e+04   -5.60349e+06
    Kinetic En.   Total Energy    Temperature Pressure (bar)
    9.52495e+05   -4.65100e+06    3.13187e+02   -2.74066e+00

Writing checkpoint, step 80164930 at Wed Sep 27 13:41:52 2023


Writing checkpoint, step 80379190 at Wed Sep 27 13:56:52 2023


DD  step 80399999 load imb.: force 19.1%

           Step           Time
       80400000   2010000.00000

   Energies (kJ/mol)
           Bond       G96Angle        LJ (SR)   Coulomb (SR)      Potential
    1.99008e+05    5.11922e+04   -5.82445e+06   -2.80932e+04   -5.60234e+06
    Kinetic En.   Total Energy    Temperature Pressure (bar)
    9.49334e+05   -4.65301e+06    3.12148e+02    9.93329e-01

Writing checkpoint, step 80597290 at Wed Sep 27 14:11:52 2023


DD  step 80799999 load imb.: force 18.3%

           Step           Time
       80800000   2020000.00000

   Energies (kJ/mol)
           Bond       G96Angle        LJ (SR)   Coulomb (SR)      Potential
    1.97415e+05    5.11321e+04   -5.81922e+06   -2.75238e+04   -5.59820e+06
    Kinetic En.   Total Energy    Temperature Pressure (bar)
    9.49259e+05   -4.64894e+06    3.12123e+02    7.13855e+00

Writing checkpoint, step 80809890 at Wed Sep 27 14:26:52 2023


Writing checkpoint, step 81024390 at Wed Sep 27 14:41:52 2023


DD  step 81199999 load imb.: force 16.1%

           Step           Time
       81200000   2030000.00000

   Energies (kJ/mol)
           Bond       G96Angle        LJ (SR)   Coulomb (SR)      Potential
    1.98808e+05    5.17746e+04   -5.82397e+06   -2.80085e+04   -5.60139e+06
    Kinetic En.   Total Energy    Temperature Pressure (bar)
    9.51030e+05   -4.65036e+06    3.12705e+02    5.78173e-01

Writing checkpoint, step 81238740 at Wed Sep 27 14:56:52 2023


Writing checkpoint, step 81445740 at Wed Sep 27 15:11:52 2023


DD  step 81599999 load imb.: force 13.8%

           Step           Time
       81600000   2040000.00000

   Energies (kJ/mol)
           Bond       G96Angle        LJ (SR)   Coulomb (SR)      Potential
    1.99660e+05    5.17286e+04   -5.82311e+06   -2.78290e+04   -5.59955e+06
    Kinetic En.   Total Energy    Temperature Pressure (bar)
    9.51155e+05   -4.64840e+06    3.12746e+02    1.80014e+00

Writing checkpoint, step 81664860 at Wed Sep 27 15:26:52 2023


Writing checkpoint, step 81881510 at Wed Sep 27 15:41:52 2023


DD  step 81999999 load imb.: force 14.7%

           Step           Time
       82000000   2050000.00000

   Energies (kJ/mol)
           Bond       G96Angle        LJ (SR)   Coulomb (SR)      Potential
    1.97467e+05    5.16388e+04   -5.82501e+06   -2.79073e+04   -5.60381e+06
    Kinetic En.   Total Energy    Temperature Pressure (bar)
    9.49789e+05   -4.65402e+06    3.12297e+02    4.38038e+00

Writing checkpoint, step 82096980 at Wed Sep 27 15:56:52 2023


Writing checkpoint, step 82315090 at Wed Sep 27 16:11:52 2023


DD  step 82399999 load imb.: force 17.1%

           Step           Time
       82400000   2060000.00000

   Energies (kJ/mol)
           Bond       G96Angle        LJ (SR)   Coulomb (SR)      Potential
    1.98412e+05    5.10463e+04   -5.82593e+06   -2.70210e+04   -5.60350e+06
    Kinetic En.   Total Energy    Temperature Pressure (bar)
    9.50203e+05   -4.65329e+06    3.12434e+02   -2.23833e+00

Writing checkpoint, step 82533710 at Wed Sep 27 16:26:52 2023


Writing checkpoint, step 82749010 at Wed Sep 27 16:41:52 2023


DD  step 82799999 load imb.: force 17.1%

           Step           Time
       82800000   2070000.00000

   Energies (kJ/mol)
           Bond       G96Angle        LJ (SR)   Coulomb (SR)      Potential
    1.98147e+05    5.13199e+04   -5.82429e+06   -2.76104e+04   -5.60243e+06
    Kinetic En.   Total Energy    Temperature Pressure (bar)
    9.52682e+05   -4.64975e+06    3.13249e+02   -2.72318e+00

Writing checkpoint, step 82966060 at Wed Sep 27 16:56:52 2023


Writing checkpoint, step 83182570 at Wed Sep 27 17:11:52 2023


DD  step 83199999 load imb.: force 15.3%

           Step           Time
       83200000   2080000.00000

   Energies (kJ/mol)
           Bond       G96Angle        LJ (SR)   Coulomb (SR)      Potential
    1.98601e+05    5.21982e+04   -5.82040e+06   -2.80015e+04   -5.59760e+06
    Kinetic En.   Total Energy    Temperature Pressure (bar)
    9.50159e+05   -4.64744e+06    3.12419e+02    8.17356e+00

Writing checkpoint, step 83397810 at Wed Sep 27 17:26:52 2023


DD  step 83599999 load imb.: force 16.6%

           Step           Time
       83600000   2090000.00000

   Energies (kJ/mol)
           Bond       G96Angle        LJ (SR)   Coulomb (SR)      Potential
    1.98299e+05    5.14204e+04   -5.82102e+06   -2.79185e+04   -5.59922e+06
    Kinetic En.   Total Energy    Temperature Pressure (bar)
    9.49418e+05   -4.64980e+06    3.12175e+02    6.92404e+00

Writing checkpoint, step 83610600 at Wed Sep 27 17:41:52 2023


Writing checkpoint, step 83829260 at Wed Sep 27 17:56:52 2023


DD  step 83999999 load imb.: force 21.7%

           Step           Time
       84000000   2100000.00000

   Energies (kJ/mol)
           Bond       G96Angle        LJ (SR)   Coulomb (SR)      Potential
    1.97507e+05    5.21042e+04   -5.82295e+06   -2.76518e+04   -5.60099e+06
    Kinetic En.   Total Energy    Temperature Pressure (bar)
    9.48833e+05   -4.65216e+06    3.11983e+02    6.59767e+00

Writing checkpoint, step 84047540 at Wed Sep 27 18:11:52 2023


Writing checkpoint, step 84264360 at Wed Sep 27 18:26:52 2023


DD  step 84399999 load imb.: force 17.7%

           Step           Time
       84400000   2110000.00000

   Energies (kJ/mol)
           Bond       G96Angle        LJ (SR)   Coulomb (SR)      Potential
    1.97902e+05    5.12054e+04   -5.82423e+06   -2.85103e+04   -5.60363e+06
    Kinetic En.   Total Energy    Temperature Pressure (bar)
    9.47004e+05   -4.65663e+06    3.11382e+02   -1.83138e+00

Writing checkpoint, step 84479570 at Wed Sep 27 18:41:52 2023


Writing checkpoint, step 84696410 at Wed Sep 27 18:56:52 2023


DD  step 84799999 load imb.: force 16.3%

           Step           Time
       84800000   2120000.00000

   Energies (kJ/mol)
           Bond       G96Angle        LJ (SR)   Coulomb (SR)      Potential
    1.98991e+05    5.15678e+04   -5.82398e+06   -2.78898e+04   -5.60131e+06
    Kinetic En.   Total Energy    Temperature Pressure (bar)
    9.49435e+05   -4.65187e+06    3.12181e+02    5.66276e+00

Writing checkpoint, step 84913630 at Wed Sep 27 19:11:52 2023


Writing checkpoint, step 85134670 at Wed Sep 27 19:26:52 2023


DD  step 85199999 load imb.: force  9.6%

           Step           Time
       85200000   2130000.00000

   Energies (kJ/mol)
           Bond       G96Angle        LJ (SR)   Coulomb (SR)      Potential
    1.98446e+05    5.12179e+04   -5.82305e+06   -2.79419e+04   -5.60133e+06
    Kinetic En.   Total Energy    Temperature Pressure (bar)
    9.48946e+05   -4.65238e+06    3.12020e+02    2.22045e+00

Writing checkpoint, step 85360700 at Wed Sep 27 19:41:52 2023


Writing checkpoint, step 85584100 at Wed Sep 27 19:56:52 2023


DD  step 85599999 load imb.: force 11.2%

           Step           Time
       85600000   2140000.00000

   Energies (kJ/mol)
           Bond       G96Angle        LJ (SR)   Coulomb (SR)      Potential
    1.98267e+05    5.18232e+04   -5.82280e+06   -2.74445e+04   -5.60015e+06
    Kinetic En.   Total Energy    Temperature Pressure (bar)
    9.50816e+05   -4.64934e+06    3.12635e+02    4.87575e+00

Writing checkpoint, step 85807880 at Wed Sep 27 20:11:52 2023


DD  step 85999999 load imb.: force 12.8%

           Step           Time
       86000000   2150000.00000

   Energies (kJ/mol)
           Bond       G96Angle        LJ (SR)   Coulomb (SR)      Potential
    1.98354e+05    5.12996e+04   -5.82263e+06   -2.75987e+04   -5.60057e+06
    Kinetic En.   Total Energy    Temperature Pressure (bar)
    9.49238e+05   -4.65134e+06    3.12116e+02   -9.50239e-01

Writing checkpoint, step 86029270 at Wed Sep 27 20:26:52 2023


Writing checkpoint, step 86252680 at Wed Sep 27 20:41:52 2023


DD  step 86399999 load imb.: force 13.4%

           Step           Time
       86400000   2160000.00000

   Energies (kJ/mol)
           Bond       G96Angle        LJ (SR)   Coulomb (SR)      Potential
    1.98749e+05    5.13199e+04   -5.82294e+06   -2.76613e+04   -5.60053e+06
    Kinetic En.   Total Energy    Temperature Pressure (bar)
    9.49084e+05   -4.65144e+06    3.12066e+02    5.40986e+00

Writing checkpoint, step 86476630 at Wed Sep 27 20:56:52 2023


Writing checkpoint, step 86696120 at Wed Sep 27 21:11:52 2023


DD  step 86799999 load imb.: force 16.0%

           Step           Time
       86800000   2170000.00000

   Energies (kJ/mol)
           Bond       G96Angle        LJ (SR)   Coulomb (SR)      Potential
    1.98586e+05    5.17154e+04   -5.82171e+06   -2.79546e+04   -5.59936e+06
    Kinetic En.   Total Energy    Temperature Pressure (bar)
    9.49043e+05   -4.65032e+06    3.12052e+02    2.23865e+00

Writing checkpoint, step 86910700 at Wed Sep 27 21:26:52 2023


Writing checkpoint, step 87126930 at Wed Sep 27 21:41:52 2023


DD  step 87199999 load imb.: force 16.8%

           Step           Time
       87200000   2180000.00000

   Energies (kJ/mol)
           Bond       G96Angle        LJ (SR)   Coulomb (SR)      Potential
    1.97891e+05    5.11633e+04   -5.82289e+06   -2.79402e+04   -5.60178e+06
    Kinetic En.   Total Energy    Temperature Pressure (bar)
    9.52441e+05   -4.64934e+06    3.13169e+02   -9.25433e-01

Writing checkpoint, step 87344870 at Wed Sep 27 21:56:52 2023


Writing checkpoint, step 87558520 at Wed Sep 27 22:11:52 2023


DD  step 87599999 load imb.: force 17.2%

           Step           Time
       87600000   2190000.00000

   Energies (kJ/mol)
           Bond       G96Angle        LJ (SR)   Coulomb (SR)      Potential
    1.97906e+05    5.13860e+04   -5.82218e+06   -2.80522e+04   -5.60094e+06
    Kinetic En.   Total Energy    Temperature Pressure (bar)
    9.50522e+05   -4.65041e+06    3.12538e+02    7.10038e+00

Writing checkpoint, step 87770990 at Wed Sep 27 22:26:52 2023


Writing checkpoint, step 87990650 at Wed Sep 27 22:41:52 2023


DD  step 87999999 load imb.: force 15.3%

           Step           Time
       88000000   2200000.00000

   Energies (kJ/mol)
           Bond       G96Angle        LJ (SR)   Coulomb (SR)      Potential
    1.98651e+05    5.16317e+04   -5.82359e+06   -2.75782e+04   -5.60089e+06
    Kinetic En.   Total Energy    Temperature Pressure (bar)
    9.47958e+05   -4.65293e+06    3.11695e+02   -6.80808e+00

Writing checkpoint, step 88207690 at Wed Sep 27 22:56:52 2023


DD  step 88399999 load imb.: force 16.0%

           Step           Time
       88400000   2210000.00000

   Energies (kJ/mol)
           Bond       G96Angle        LJ (SR)   Coulomb (SR)      Potential
    1.97340e+05    5.08403e+04   -5.82349e+06   -2.80759e+04   -5.60339e+06
    Kinetic En.   Total Energy    Temperature Pressure (bar)
    9.46912e+05   -4.65648e+06    3.11351e+02    7.43855e-01

Writing checkpoint, step 88425060 at Wed Sep 27 23:11:52 2023


Writing checkpoint, step 88641640 at Wed Sep 27 23:26:52 2023


DD  step 88799999 load imb.: force 15.5%

           Step           Time
       88800000   2220000.00000

   Energies (kJ/mol)
           Bond       G96Angle        LJ (SR)   Coulomb (SR)      Potential
    1.98893e+05    5.14209e+04   -5.82282e+06   -2.76364e+04   -5.60014e+06
    Kinetic En.   Total Energy    Temperature Pressure (bar)
    9.50750e+05   -4.64939e+06    3.12613e+02    1.91091e+00

Writing checkpoint, step 88859260 at Wed Sep 27 23:41:52 2023


Writing checkpoint, step 89075740 at Wed Sep 27 23:56:52 2023


DD  step 89199999 load imb.: force 17.2%

           Step           Time
       89200000   2230000.00000

   Energies (kJ/mol)
           Bond       G96Angle        LJ (SR)   Coulomb (SR)      Potential
    1.97365e+05    5.10556e+04   -5.82214e+06   -2.78295e+04   -5.60155e+06
    Kinetic En.   Total Energy    Temperature Pressure (bar)
    9.49615e+05   -4.65194e+06    3.12240e+02    4.27181e-01

Writing checkpoint, step 89291720 at Thu Sep 28 00:11:52 2023


Writing checkpoint, step 89511450 at Thu Sep 28 00:26:52 2023


DD  step 89599999 load imb.: force 15.8%

           Step           Time
       89600000   2240000.00000

   Energies (kJ/mol)
           Bond       G96Angle        LJ (SR)   Coulomb (SR)      Potential
    1.98236e+05    5.12279e+04   -5.82336e+06   -2.79876e+04   -5.60189e+06
    Kinetic En.   Total Energy    Temperature Pressure (bar)
    9.48590e+05   -4.65330e+06    3.11903e+02   -1.57877e+00

Writing checkpoint, step 89732240 at Thu Sep 28 00:41:52 2023


Writing checkpoint, step 89946300 at Thu Sep 28 00:56:52 2023


DD  step 89999999 load imb.: force 15.1%

           Step           Time
       90000000   2250000.00000

   Energies (kJ/mol)
           Bond       G96Angle        LJ (SR)   Coulomb (SR)      Potential
    1.98147e+05    5.11392e+04   -5.82091e+06   -2.76782e+04   -5.59930e+06
    Kinetic En.   Total Energy    Temperature Pressure (bar)
    9.51140e+05   -4.64816e+06    3.12741e+02    5.75137e+00

Writing checkpoint, step 90166020 at Thu Sep 28 01:11:52 2023


Writing checkpoint, step 90384380 at Thu Sep 28 01:26:52 2023


DD  step 90399999 load imb.: force 17.8%

           Step           Time
       90400000   2260000.00000

   Energies (kJ/mol)
           Bond       G96Angle        LJ (SR)   Coulomb (SR)      Potential
    1.97617e+05    5.18782e+04   -5.82610e+06   -2.78031e+04   -5.60440e+06
    Kinetic En.   Total Energy    Temperature Pressure (bar)
    9.47411e+05   -4.65699e+06    3.11515e+02   -1.74279e+00

Writing checkpoint, step 90601220 at Thu Sep 28 01:41:52 2023


DD  step 90799999 load imb.: force 17.3%

           Step           Time
       90800000   2270000.00000

   Energies (kJ/mol)
           Bond       G96Angle        LJ (SR)   Coulomb (SR)      Potential
    1.98796e+05    5.13623e+04   -5.82403e+06   -2.72822e+04   -5.60115e+06
    Kinetic En.   Total Energy    Temperature Pressure (bar)
    9.51769e+05   -4.64938e+06    3.12948e+02   -1.59908e+00

Writing checkpoint, step 90815350 at Thu Sep 28 01:56:52 2023


Writing checkpoint, step 91027890 at Thu Sep 28 02:11:52 2023


DD  step 91199999 load imb.: force 16.5%

           Step           Time
       91200000   2280000.00000

   Energies (kJ/mol)
           Bond       G96Angle        LJ (SR)   Coulomb (SR)      Potential
    1.99660e+05    5.17032e+04   -5.82327e+06   -2.77515e+04   -5.59966e+06
    Kinetic En.   Total Energy    Temperature Pressure (bar)
    9.53706e+05   -4.64596e+06    3.13585e+02   -7.51778e-02

Writing checkpoint, step 91245550 at Thu Sep 28 02:26:52 2023


Writing checkpoint, step 91457750 at Thu Sep 28 02:41:52 2023


DD  step 91599999 load imb.: force 16.2%

           Step           Time
       91600000   2290000.00000

   Energies (kJ/mol)
           Bond       G96Angle        LJ (SR)   Coulomb (SR)      Potential
    1.97995e+05    5.11633e+04   -5.82434e+06   -2.82752e+04   -5.60346e+06
    Kinetic En.   Total Energy    Temperature Pressure (bar)
    9.48182e+05   -4.65527e+06    3.11769e+02    6.71032e+00

Writing checkpoint, step 91675110 at Thu Sep 28 02:56:52 2023


Writing checkpoint, step 91893210 at Thu Sep 28 03:11:52 2023


DD  step 91999999 load imb.: force 17.0%

           Step           Time
       92000000   2300000.00000

   Energies (kJ/mol)
           Bond       G96Angle        LJ (SR)   Coulomb (SR)      Potential
    1.97609e+05    5.12401e+04   -5.81995e+06   -2.77849e+04   -5.59889e+06
    Kinetic En.   Total Energy    Temperature Pressure (bar)
    9.48376e+05   -4.65051e+06    3.11833e+02    8.42705e+00

Writing checkpoint, step 92110940 at Thu Sep 28 03:26:52 2023


Writing checkpoint, step 92329570 at Thu Sep 28 03:41:52 2023


DD  step 92399999 load imb.: force 15.0%

           Step           Time
       92400000   2310000.00000

   Energies (kJ/mol)
           Bond       G96Angle        LJ (SR)   Coulomb (SR)      Potential
    1.98530e+05    5.10813e+04   -5.82178e+06   -2.76833e+04   -5.59985e+06
    Kinetic En.   Total Energy    Temperature Pressure (bar)
    9.48803e+05   -4.65105e+06    3.11973e+02    5.50436e+00

Writing checkpoint, step 92545510 at Thu Sep 28 03:56:52 2023


Writing checkpoint, step 92756380 at Thu Sep 28 04:11:52 2023


DD  step 92799999 load imb.: force 17.1%

           Step           Time
       92800000   2320000.00000

   Energies (kJ/mol)
           Bond       G96Angle        LJ (SR)   Coulomb (SR)      Potential
    1.98419e+05    5.11789e+04   -5.82359e+06   -2.77846e+04   -5.60178e+06
    Kinetic En.   Total Energy    Temperature Pressure (bar)
    9.49588e+05   -4.65219e+06    3.12231e+02    1.17199e+00

Writing checkpoint, step 92974840 at Thu Sep 28 04:26:52 2023


Writing checkpoint, step 93195070 at Thu Sep 28 04:41:52 2023


DD  step 93199999 load imb.: force 16.2%

           Step           Time
       93200000   2330000.00000

   Energies (kJ/mol)
           Bond       G96Angle        LJ (SR)   Coulomb (SR)      Potential
    1.98170e+05    5.14502e+04   -5.82231e+06   -2.79286e+04   -5.60061e+06
    Kinetic En.   Total Energy    Temperature Pressure (bar)
    9.50919e+05   -4.64970e+06    3.12669e+02    3.86875e+00

Writing checkpoint, step 93414560 at Thu Sep 28 04:56:52 2023


DD  step 93599999 load imb.: force 11.9%

           Step           Time
       93600000   2340000.00000

   Energies (kJ/mol)
           Bond       G96Angle        LJ (SR)   Coulomb (SR)      Potential
    1.97666e+05    5.18050e+04   -5.82146e+06   -2.76556e+04   -5.59965e+06
    Kinetic En.   Total Energy    Temperature Pressure (bar)
    9.46773e+05   -4.65287e+06    3.11306e+02   -6.96212e-01

Writing checkpoint, step 93632920 at Thu Sep 28 05:11:52 2023


Writing checkpoint, step 93853900 at Thu Sep 28 05:26:52 2023


DD  step 93999999 load imb.: force 16.1%

           Step           Time
       94000000   2350000.00000

   Energies (kJ/mol)
           Bond       G96Angle        LJ (SR)   Coulomb (SR)      Potential
    1.97947e+05    5.09487e+04   -5.82345e+06   -2.78632e+04   -5.60242e+06
    Kinetic En.   Total Energy    Temperature Pressure (bar)
    9.49356e+05   -4.65307e+06    3.12155e+02   -3.66586e+00

Writing checkpoint, step 94065830 at Thu Sep 28 05:41:52 2023


Writing checkpoint, step 94283880 at Thu Sep 28 05:56:52 2023


DD  step 94399999 load imb.: force 16.4%

           Step           Time
       94400000   2360000.00000

   Energies (kJ/mol)
           Bond       G96Angle        LJ (SR)   Coulomb (SR)      Potential
    1.98935e+05    5.16987e+04   -5.81885e+06   -2.72925e+04   -5.59550e+06
    Kinetic En.   Total Energy    Temperature Pressure (bar)
    9.49618e+05   -4.64589e+06    3.12241e+02    7.61109e+00

Writing checkpoint, step 94496420 at Thu Sep 28 06:11:52 2023


Writing checkpoint, step 94713570 at Thu Sep 28 06:26:52 2023


DD  step 94799999 load imb.: force 16.0%

           Step           Time
       94800000   2370000.00000

   Energies (kJ/mol)
           Bond       G96Angle        LJ (SR)   Coulomb (SR)      Potential
    1.97524e+05    5.18597e+04   -5.82264e+06   -2.79253e+04   -5.60118e+06
    Kinetic En.   Total Energy    Temperature Pressure (bar)
    9.47608e+05   -4.65358e+06    3.11580e+02   -5.85599e+00

Writing checkpoint, step 94931400 at Thu Sep 28 06:41:52 2023


Writing checkpoint, step 95144250 at Thu Sep 28 06:56:52 2023


DD  step 95199999 load imb.: force 16.7%

           Step           Time
       95200000   2380000.00000

   Energies (kJ/mol)
           Bond       G96Angle        LJ (SR)   Coulomb (SR)      Potential
    1.98992e+05    5.09266e+04   -5.82264e+06   -2.75347e+04   -5.60026e+06
    Kinetic En.   Total Energy    Temperature Pressure (bar)
    9.49901e+05   -4.65036e+06    3.12334e+02    6.23525e+00

Writing checkpoint, step 95361710 at Thu Sep 28 07:11:52 2023


Writing checkpoint, step 95579100 at Thu Sep 28 07:26:52 2023


DD  step 95599999 load imb.: force 16.3%

           Step           Time
       95600000   2390000.00000

   Energies (kJ/mol)
           Bond       G96Angle        LJ (SR)   Coulomb (SR)      Potential
    1.98140e+05    5.12995e+04   -5.82437e+06   -2.76802e+04   -5.60261e+06
    Kinetic En.   Total Energy    Temperature Pressure (bar)
    9.46479e+05   -4.65613e+06    3.11209e+02   -8.02559e+00

Writing checkpoint, step 95797170 at Thu Sep 28 07:41:52 2023


DD  step 95999999 load imb.: force 17.1%

           Step           Time
       96000000   2400000.00000

   Energies (kJ/mol)
           Bond       G96Angle        LJ (SR)   Coulomb (SR)      Potential
    1.98341e+05    5.06968e+04   -5.82205e+06   -2.75487e+04   -5.60056e+06
    Kinetic En.   Total Energy    Temperature Pressure (bar)
    9.46234e+05   -4.65433e+06    3.11128e+02    2.45113e+00

Writing checkpoint, step 96015630 at Thu Sep 28 07:56:52 2023


Writing checkpoint, step 96235040 at Thu Sep 28 08:11:52 2023


DD  step 96399999 load imb.: force 15.7%

           Step           Time
       96400000   2410000.00000

   Energies (kJ/mol)
           Bond       G96Angle        LJ (SR)   Coulomb (SR)      Potential
    1.98147e+05    5.08046e+04   -5.82395e+06   -2.80998e+04   -5.60310e+06
    Kinetic En.   Total Energy    Temperature Pressure (bar)
    9.48447e+05   -4.65465e+06    3.11856e+02    9.42758e-01

Writing checkpoint, step 96453720 at Thu Sep 28 08:26:52 2023


Writing checkpoint, step 96668920 at Thu Sep 28 08:41:52 2023


DD  step 96799999 load imb.: force 15.3%

           Step           Time
       96800000   2420000.00000

   Energies (kJ/mol)
           Bond       G96Angle        LJ (SR)   Coulomb (SR)      Potential
    1.98804e+05    5.18505e+04   -5.82474e+06   -2.80898e+04   -5.60218e+06
    Kinetic En.   Total Energy    Temperature Pressure (bar)
    9.48684e+05   -4.65349e+06    3.11934e+02   -7.26671e+00

Writing checkpoint, step 96887870 at Thu Sep 28 08:56:52 2023


Writing checkpoint, step 97105600 at Thu Sep 28 09:11:52 2023


DD  step 97199999 load imb.: force 16.0%

           Step           Time
       97200000   2430000.00000

   Energies (kJ/mol)
           Bond       G96Angle        LJ (SR)   Coulomb (SR)      Potential
    1.99480e+05    5.12012e+04   -5.82429e+06   -2.80593e+04   -5.60167e+06
    Kinetic En.   Total Energy    Temperature Pressure (bar)
    9.51000e+05   -4.65067e+06    3.12696e+02    8.12322e+00

Writing checkpoint, step 97324550 at Thu Sep 28 09:26:52 2023


Writing checkpoint, step 97538540 at Thu Sep 28 09:41:52 2023


DD  step 97599999 load imb.: force 13.6%

           Step           Time
       97600000   2440000.00000

   Energies (kJ/mol)
           Bond       G96Angle        LJ (SR)   Coulomb (SR)      Potential
    1.98304e+05    5.15507e+04   -5.81964e+06   -2.78295e+04   -5.59762e+06
    Kinetic En.   Total Energy    Temperature Pressure (bar)
    9.51731e+05   -4.64589e+06    3.12936e+02    5.33920e+00

Writing checkpoint, step 97757480 at Thu Sep 28 09:56:52 2023


Writing checkpoint, step 97975280 at Thu Sep 28 10:11:52 2023


DD  step 97999999 load imb.: force 13.8%

           Step           Time
       98000000   2450000.00000

   Energies (kJ/mol)
           Bond       G96Angle        LJ (SR)   Coulomb (SR)      Potential
    1.99582e+05    5.12954e+04   -5.82350e+06   -2.74109e+04   -5.60003e+06
    Kinetic En.   Total Energy    Temperature Pressure (bar)
    9.50940e+05   -4.64909e+06    3.12676e+02   -1.91418e+00

Writing checkpoint, step 98195530 at Thu Sep 28 10:26:52 2023


DD  step 98399999 load imb.: force 15.0%

           Step           Time
       98400000   2460000.00000

   Energies (kJ/mol)
           Bond       G96Angle        LJ (SR)   Coulomb (SR)      Potential
    1.98502e+05    5.09108e+04   -5.82175e+06   -2.75439e+04   -5.59988e+06
    Kinetic En.   Total Energy    Temperature Pressure (bar)
    9.51983e+05   -4.64790e+06    3.13019e+02    3.65222e+00

Writing checkpoint, step 98414770 at Thu Sep 28 10:41:52 2023


Writing checkpoint, step 98634990 at Thu Sep 28 10:56:52 2023


DD  step 98799999 load imb.: force 15.1%

           Step           Time
       98800000   2470000.00000

   Energies (kJ/mol)
           Bond       G96Angle        LJ (SR)   Coulomb (SR)      Potential
    1.98118e+05    5.13245e+04   -5.82558e+06   -2.80054e+04   -5.60414e+06
    Kinetic En.   Total Energy    Temperature Pressure (bar)
    9.46760e+05   -4.65738e+06    3.11301e+02   -8.03860e+00

Writing checkpoint, step 98855350 at Thu Sep 28 11:11:52 2023


Writing checkpoint, step 99075020 at Thu Sep 28 11:26:52 2023


DD  step 99199999 load imb.: force 14.9%

           Step           Time
       99200000   2480000.00000

   Energies (kJ/mol)
           Bond       G96Angle        LJ (SR)   Coulomb (SR)      Potential
    1.97345e+05    5.17936e+04   -5.82150e+06   -2.78197e+04   -5.60018e+06
    Kinetic En.   Total Energy    Temperature Pressure (bar)
    9.47385e+05   -4.65279e+06    3.11507e+02   -2.81822e+00

Writing checkpoint, step 99294750 at Thu Sep 28 11:41:52 2023


Writing checkpoint, step 99504530 at Thu Sep 28 11:56:52 2023


DD  step 99599999 load imb.: force 15.6%

           Step           Time
       99600000   2490000.00000

   Energies (kJ/mol)
           Bond       G96Angle        LJ (SR)   Coulomb (SR)      Potential
    1.98335e+05    5.07155e+04   -5.82015e+06   -2.75343e+04   -5.59863e+06
    Kinetic En.   Total Energy    Temperature Pressure (bar)
    9.53668e+05   -4.64496e+06    3.13573e+02    1.71108e+00

Writing checkpoint, step 99723590 at Thu Sep 28 12:11:52 2023


Writing checkpoint, step 99943560 at Thu Sep 28 12:26:52 2023


DD  step 99999999 load imb.: force 15.0%

           Step           Time
      100000000   2500000.00000

   Energies (kJ/mol)
           Bond       G96Angle        LJ (SR)   Coulomb (SR)      Potential
    1.98494e+05    5.06894e+04   -5.82209e+06   -2.79113e+04   -5.60082e+06
    Kinetic En.   Total Energy    Temperature Pressure (bar)
    9.48946e+05   -4.65188e+06    3.12020e+02    9.69550e+00

Writing checkpoint, step 100166100 at Thu Sep 28 12:41:52 2023


Writing checkpoint, step 100389000 at Thu Sep 28 12:56:52 2023


DD  step 100399999 load imb.: force 11.9%

           Step           Time
      100400000   2510000.00000

   Energies (kJ/mol)
           Bond       G96Angle        LJ (SR)   Coulomb (SR)      Potential
    1.98369e+05    5.16268e+04   -5.82305e+06   -2.80146e+04   -5.60107e+06
    Kinetic En.   Total Energy    Temperature Pressure (bar)
    9.50220e+05   -4.65085e+06    3.12439e+02   -7.43514e-01

Writing checkpoint, step 100612230 at Thu Sep 28 13:11:52 2023


DD  step 100799999 load imb.: force 11.3%

           Step           Time
      100800000   2520000.00000

   Energies (kJ/mol)
           Bond       G96Angle        LJ (SR)   Coulomb (SR)      Potential
    1.97807e+05    5.15533e+04   -5.82223e+06   -2.79147e+04   -5.60078e+06
    Kinetic En.   Total Energy    Temperature Pressure (bar)
    9.51979e+05   -4.64880e+06    3.13018e+02    1.76620e+00

Writing checkpoint, step 100835440 at Thu Sep 28 13:26:52 2023


Writing checkpoint, step 101054690 at Thu Sep 28 13:41:52 2023


DD  step 101199999 load imb.: force 14.3%

           Step           Time
      101200000   2530000.00000

   Energies (kJ/mol)
           Bond       G96Angle        LJ (SR)   Coulomb (SR)      Potential
    1.99535e+05    5.12110e+04   -5.82429e+06   -2.77126e+04   -5.60126e+06
    Kinetic En.   Total Energy    Temperature Pressure (bar)
    9.49911e+05   -4.65135e+06    3.12337e+02   -2.68477e+00

Writing checkpoint, step 101275670 at Thu Sep 28 13:56:52 2023


Writing checkpoint, step 101495840 at Thu Sep 28 14:11:52 2023


DD  step 101599999 load imb.: force 15.0%

           Step           Time
      101600000   2540000.00000

   Energies (kJ/mol)
           Bond       G96Angle        LJ (SR)   Coulomb (SR)      Potential
    1.98972e+05    5.13210e+04   -5.82406e+06   -2.77226e+04   -5.60149e+06
    Kinetic En.   Total Energy    Temperature Pressure (bar)
    9.51248e+05   -4.65025e+06    3.12777e+02    4.15765e+00

Writing checkpoint, step 101716030 at Thu Sep 28 14:26:52 2023


Writing checkpoint, step 101931300 at Thu Sep 28 14:41:52 2023


DD  step 101999999 load imb.: force 16.1%

           Step           Time
      102000000   2550000.00000

   Energies (kJ/mol)
           Bond       G96Angle        LJ (SR)   Coulomb (SR)      Potential
    1.98754e+05    5.13740e+04   -5.82403e+06   -2.78359e+04   -5.60174e+06
    Kinetic En.   Total Energy    Temperature Pressure (bar)
    9.49126e+05   -4.65262e+06    3.12079e+02   -7.36722e+00

Writing checkpoint, step 102150790 at Thu Sep 28 14:56:52 2023


Writing checkpoint, step 102368250 at Thu Sep 28 15:11:52 2023


DD  step 102399999 load imb.: force 14.5%

           Step           Time
      102400000   2560000.00000

   Energies (kJ/mol)
           Bond       G96Angle        LJ (SR)   Coulomb (SR)      Potential
    1.98162e+05    5.16600e+04   -5.82245e+06   -2.75059e+04   -5.60013e+06
    Kinetic En.   Total Energy    Temperature Pressure (bar)
    9.49569e+05   -4.65056e+06    3.12225e+02    2.01612e+00

Writing checkpoint, step 102590470 at Thu Sep 28 15:26:52 2023


DD  step 102799999 load imb.: force 12.2%

           Step           Time
      102800000   2570000.00000

   Energies (kJ/mol)
           Bond       G96Angle        LJ (SR)   Coulomb (SR)      Potential
    1.98501e+05    5.20902e+04   -5.82120e+06   -2.73829e+04   -5.59799e+06
    Kinetic En.   Total Energy    Temperature Pressure (bar)
    9.51701e+05   -4.64629e+06    3.12926e+02   -8.38814e+00

Writing checkpoint, step 102815510 at Thu Sep 28 15:41:52 2023


Writing checkpoint, step 103041330 at Thu Sep 28 15:56:52 2023


DD  step 103199999 load imb.: force 12.1%

           Step           Time
      103200000   2580000.00000

   Energies (kJ/mol)
           Bond       G96Angle        LJ (SR)   Coulomb (SR)      Potential
    1.98776e+05    5.17587e+04   -5.82225e+06   -2.79874e+04   -5.59970e+06
    Kinetic En.   Total Energy    Temperature Pressure (bar)
    9.52379e+05   -4.64733e+06    3.13149e+02   -4.27528e+00

Writing checkpoint, step 103262750 at Thu Sep 28 16:11:52 2023


Writing checkpoint, step 103487190 at Thu Sep 28 16:26:52 2023


DD  step 103599999 load imb.: force 11.1%

           Step           Time
      103600000   2590000.00000

   Energies (kJ/mol)
           Bond       G96Angle        LJ (SR)   Coulomb (SR)      Potential
    1.98476e+05    5.08576e+04   -5.82479e+06   -2.76657e+04   -5.60312e+06
    Kinetic En.   Total Energy    Temperature Pressure (bar)
    9.48308e+05   -4.65482e+06    3.11810e+02   -3.18070e+00

Writing checkpoint, step 103707550 at Thu Sep 28 16:41:52 2023


Writing checkpoint, step 103931350 at Thu Sep 28 16:56:52 2023


DD  step 103999999 load imb.: force 11.8%

           Step           Time
      104000000   2600000.00000

   Energies (kJ/mol)
           Bond       G96Angle        LJ (SR)   Coulomb (SR)      Potential
    1.98829e+05    5.09474e+04   -5.82183e+06   -2.81243e+04   -5.60018e+06
    Kinetic En.   Total Energy    Temperature Pressure (bar)
    9.50868e+05   -4.64931e+06    3.12652e+02    1.72103e+00

Writing checkpoint, step 104157510 at Thu Sep 28 17:11:52 2023


Writing checkpoint, step 104384370 at Thu Sep 28 17:26:52 2023


DD  step 104399999 load imb.: force 11.7%

           Step           Time
      104400000   2610000.00000

   Energies (kJ/mol)
           Bond       G96Angle        LJ (SR)   Coulomb (SR)      Potential
    1.99469e+05    5.08994e+04   -5.82430e+06   -2.82093e+04   -5.60214e+06
    Kinetic En.   Total Energy    Temperature Pressure (bar)
    9.50117e+05   -4.65202e+06    3.12405e+02    3.53602e+00

Writing checkpoint, step 104607910 at Thu Sep 28 17:41:52 2023


DD  step 104799999 load imb.: force 11.8%

           Step           Time
      104800000   2620000.00000

   Energies (kJ/mol)
           Bond       G96Angle        LJ (SR)   Coulomb (SR)      Potential
    1.98097e+05    5.15505e+04   -5.82195e+06   -2.75487e+04   -5.59985e+06
    Kinetic En.   Total Energy    Temperature Pressure (bar)
    9.49201e+05   -4.65065e+06    3.12104e+02   -5.03378e+00

Writing checkpoint, step 104834600 at Thu Sep 28 17:56:52 2023


Writing checkpoint, step 105059640 at Thu Sep 28 18:11:52 2023


DD  step 105199999 load imb.: force 11.1%

           Step           Time
      105200000   2630000.00000

   Energies (kJ/mol)
           Bond       G96Angle        LJ (SR)   Coulomb (SR)      Potential
    1.97904e+05    5.21465e+04   -5.82177e+06   -2.73461e+04   -5.59907e+06
    Kinetic En.   Total Energy    Temperature Pressure (bar)
    9.51562e+05   -4.64750e+06    3.12880e+02    9.29283e+00

Writing checkpoint, step 105285150 at Thu Sep 28 18:26:52 2023


Writing checkpoint, step 105509680 at Thu Sep 28 18:41:52 2023


DD  step 105599999 load imb.: force 10.7%

           Step           Time
      105600000   2640000.00000

   Energies (kJ/mol)
           Bond       G96Angle        LJ (SR)   Coulomb (SR)      Potential
    1.96832e+05    5.13144e+04   -5.82542e+06   -2.76382e+04   -5.60491e+06
    Kinetic En.   Total Energy    Temperature Pressure (bar)
    9.44581e+05   -4.66033e+06    3.10585e+02   -1.24233e+01

Writing checkpoint, step 105736370 at Thu Sep 28 18:56:52 2023


Writing checkpoint, step 105963110 at Thu Sep 28 19:11:52 2023


DD  step 105999999 load imb.: force 10.8%

           Step           Time
      106000000   2650000.00000

   Energies (kJ/mol)
           Bond       G96Angle        LJ (SR)   Coulomb (SR)      Potential
    1.98528e+05    5.11273e+04   -5.81543e+06   -2.79967e+04   -5.59377e+06
    Kinetic En.   Total Energy    Temperature Pressure (bar)
    9.52749e+05   -4.64102e+06    3.13271e+02    1.38821e+01

Writing checkpoint, step 106189430 at Thu Sep 28 19:26:52 2023


DD  step 106399999 load imb.: force 11.4%

           Step           Time
      106400000   2660000.00000

   Energies (kJ/mol)
           Bond       G96Angle        LJ (SR)   Coulomb (SR)      Potential
    1.99327e+05    5.14848e+04   -5.82244e+06   -2.78830e+04   -5.59952e+06
    Kinetic En.   Total Energy    Temperature Pressure (bar)
    9.48946e+05   -4.65057e+06    3.12020e+02   -7.52808e-01

Writing checkpoint, step 106414630 at Thu Sep 28 19:41:52 2023


Writing checkpoint, step 106639310 at Thu Sep 28 19:56:52 2023


DD  step 106799999 load imb.: force 12.8%

           Step           Time
      106800000   2670000.00000

   Energies (kJ/mol)
           Bond       G96Angle        LJ (SR)   Coulomb (SR)      Potential
    1.98128e+05    5.18243e+04   -5.82183e+06   -2.77718e+04   -5.59965e+06
    Kinetic En.   Total Energy    Temperature Pressure (bar)
    9.48714e+05   -4.65094e+06    3.11944e+02    8.40207e-01

Writing checkpoint, step 106855460 at Thu Sep 28 20:11:52 2023


Writing checkpoint, step 107075950 at Thu Sep 28 20:26:52 2023


DD  step 107199999 load imb.: force 14.2%

           Step           Time
      107200000   2680000.00000

   Energies (kJ/mol)
           Bond       G96Angle        LJ (SR)   Coulomb (SR)      Potential
    1.97297e+05    5.13195e+04   -5.82441e+06   -2.75244e+04   -5.60331e+06
    Kinetic En.   Total Energy    Temperature Pressure (bar)
    9.47451e+05   -4.65586e+06    3.11529e+02   -2.89600e+00

Writing checkpoint, step 107293020 at Thu Sep 28 20:41:52 2023


Writing checkpoint, step 107513100 at Thu Sep 28 20:56:52 2023


DD  step 107599999 load imb.: force 14.2%

           Step           Time
      107600000   2690000.00000

   Energies (kJ/mol)
           Bond       G96Angle        LJ (SR)   Coulomb (SR)      Potential
    1.98639e+05    5.11291e+04   -5.82101e+06   -2.75085e+04   -5.59875e+06
    Kinetic En.   Total Energy    Temperature Pressure (bar)
    9.49453e+05   -4.64929e+06    3.12187e+02    5.69474e+00

Writing checkpoint, step 107731900 at Thu Sep 28 21:11:52 2023


Writing checkpoint, step 107954560 at Thu Sep 28 21:26:52 2023


DD  step 107999999 load imb.: force 15.3%

           Step           Time
      108000000   2700000.00000

   Energies (kJ/mol)
           Bond       G96Angle        LJ (SR)   Coulomb (SR)      Potential
    1.97512e+05    5.14549e+04   -5.82288e+06   -2.76555e+04   -5.60157e+06
    Kinetic En.   Total Energy    Temperature Pressure (bar)
    9.52483e+05   -4.64908e+06    3.13183e+02    8.24964e-01

Writing checkpoint, step 108176250 at Thu Sep 28 21:41:52 2023


Writing checkpoint, step 108395760 at Thu Sep 28 21:56:52 2023


DD  step 108399999 load imb.: force 15.7%

           Step           Time
      108400000   2710000.00000

   Energies (kJ/mol)
           Bond       G96Angle        LJ (SR)   Coulomb (SR)      Potential
    1.99432e+05    5.18672e+04   -5.82114e+06   -2.79965e+04   -5.59784e+06
    Kinetic En.   Total Energy    Temperature Pressure (bar)
    9.50573e+05   -4.64726e+06    3.12555e+02    2.95979e+00

Writing checkpoint, step 108614830 at Thu Sep 28 22:11:52 2023


DD  step 108799999 load imb.: force 15.1%

           Step           Time
      108800000   2720000.00000

   Energies (kJ/mol)
           Bond       G96Angle        LJ (SR)   Coulomb (SR)      Potential
    1.98593e+05    5.14275e+04   -5.82306e+06   -2.78164e+04   -5.60085e+06
    Kinetic En.   Total Energy    Temperature Pressure (bar)
    9.46859e+05   -4.65399e+06    3.11334e+02    1.72797e+00

Writing checkpoint, step 108834440 at Thu Sep 28 22:26:52 2023


Writing checkpoint, step 109057820 at Thu Sep 28 22:41:52 2023


DD  step 109199999 load imb.: force 11.2%

           Step           Time
      109200000   2730000.00000

   Energies (kJ/mol)
           Bond       G96Angle        LJ (SR)   Coulomb (SR)      Potential
    1.98696e+05    5.11014e+04   -5.82211e+06   -2.81375e+04   -5.60045e+06
    Kinetic En.   Total Energy    Temperature Pressure (bar)
    9.50478e+05   -4.64997e+06    3.12524e+02    2.07754e+00

Writing checkpoint, step 109279710 at Thu Sep 28 22:56:52 2023


Writing checkpoint, step 109501630 at Thu Sep 28 23:11:52 2023


DD  step 109599999 load imb.: force 11.5%

           Step           Time
      109600000   2740000.00000

   Energies (kJ/mol)
           Bond       G96Angle        LJ (SR)   Coulomb (SR)      Potential
    1.97300e+05    5.14073e+04   -5.82303e+06   -2.76358e+04   -5.60195e+06
    Kinetic En.   Total Energy    Temperature Pressure (bar)
    9.43202e+05   -4.65875e+06    3.10132e+02   -4.18585e+00

Writing checkpoint, step 109723160 at Thu Sep 28 23:26:52 2023


Writing checkpoint, step 109946140 at Thu Sep 28 23:41:52 2023


DD  step 109999999 load imb.: force 13.0%

           Step           Time
      110000000   2750000.00000

   Energies (kJ/mol)
           Bond       G96Angle        LJ (SR)   Coulomb (SR)      Potential
    1.99122e+05    5.11348e+04   -5.81984e+06   -2.82986e+04   -5.59789e+06
    Kinetic En.   Total Energy    Temperature Pressure (bar)
    9.51920e+05   -4.64597e+06    3.12998e+02    1.39983e+01

Writing checkpoint, step 110168280 at Thu Sep 28 23:56:52 2023


Writing checkpoint, step 110389110 at Fri Sep 29 00:11:52 2023


DD  step 110399999 load imb.: force 14.4%

           Step           Time
      110400000   2760000.00000

   Energies (kJ/mol)
           Bond       G96Angle        LJ (SR)   Coulomb (SR)      Potential
    1.98316e+05    5.16978e+04   -5.82224e+06   -2.76213e+04   -5.59985e+06
    Kinetic En.   Total Energy    Temperature Pressure (bar)
    9.51249e+05   -4.64860e+06    3.12777e+02    4.30615e+00

Writing checkpoint, step 110609490 at Fri Sep 29 00:26:52 2023


DD  step 110799999 load imb.: force 15.2%

           Step           Time
      110800000   2770000.00000

   Energies (kJ/mol)
           Bond       G96Angle        LJ (SR)   Coulomb (SR)      Potential
    1.98110e+05    5.08188e+04   -5.82501e+06   -2.80652e+04   -5.60415e+06
    Kinetic En.   Total Energy    Temperature Pressure (bar)
    9.47590e+05   -4.65656e+06    3.11574e+02   -2.20189e-01

Writing checkpoint, step 110828870 at Fri Sep 29 00:41:52 2023


Writing checkpoint, step 111047860 at Fri Sep 29 00:56:52 2023


DD  step 111199999 load imb.: force 15.4%

           Step           Time
      111200000   2780000.00000

   Energies (kJ/mol)
           Bond       G96Angle        LJ (SR)   Coulomb (SR)      Potential
    1.97560e+05    5.13431e+04   -5.82069e+06   -2.79966e+04   -5.59978e+06
    Kinetic En.   Total Energy    Temperature Pressure (bar)
    9.51649e+05   -4.64813e+06    3.12909e+02    8.44029e+00

Writing checkpoint, step 111263940 at Fri Sep 29 01:11:52 2023


Writing checkpoint, step 111482730 at Fri Sep 29 01:26:52 2023


DD  step 111599999 load imb.: force 15.3%

           Step           Time
      111600000   2790000.00000

   Energies (kJ/mol)
           Bond       G96Angle        LJ (SR)   Coulomb (SR)      Potential
    1.98047e+05    5.11724e+04   -5.82465e+06   -2.80138e+04   -5.60344e+06
    Kinetic En.   Total Energy    Temperature Pressure (bar)
    9.46028e+05   -4.65741e+06    3.11061e+02   -8.58092e+00

Writing checkpoint, step 111691780 at Fri Sep 29 01:41:52 2023


Writing checkpoint, step 111905780 at Fri Sep 29 01:56:52 2023


DD  step 111999999 load imb.: force 11.9%

           Step           Time
      112000000   2800000.00000

   Energies (kJ/mol)
           Bond       G96Angle        LJ (SR)   Coulomb (SR)      Potential
    1.98588e+05    5.17522e+04   -5.82270e+06   -2.78798e+04   -5.60024e+06
    Kinetic En.   Total Energy    Temperature Pressure (bar)
    9.50861e+05   -4.64938e+06    3.12650e+02   -1.59046e+00

Writing checkpoint, step 112125300 at Fri Sep 29 02:11:52 2023


Writing checkpoint, step 112342540 at Fri Sep 29 02:26:52 2023


DD  step 112399999 load imb.: force 14.1%

           Step           Time
      112400000   2810000.00000

   Energies (kJ/mol)
           Bond       G96Angle        LJ (SR)   Coulomb (SR)      Potential
    1.99015e+05    5.13293e+04   -5.82333e+06   -2.80119e+04   -5.60099e+06
    Kinetic En.   Total Energy    Temperature Pressure (bar)
    9.48369e+05   -4.65262e+06    3.11830e+02   -4.87874e+00

Writing checkpoint, step 112558020 at Fri Sep 29 02:41:52 2023


Writing checkpoint, step 112780600 at Fri Sep 29 02:56:52 2023


DD  step 112799999 load imb.: force 13.0%

           Step           Time
      112800000   2820000.00000

   Energies (kJ/mol)
           Bond       G96Angle        LJ (SR)   Coulomb (SR)      Potential
    1.97080e+05    5.13292e+04   -5.82742e+06   -2.76636e+04   -5.60667e+06
    Kinetic En.   Total Energy    Temperature Pressure (bar)
    9.45204e+05   -4.66146e+06    3.10790e+02   -3.61611e+00

Writing checkpoint, step 112999080 at Fri Sep 29 03:11:52 2023


DD  step 113199999 load imb.: force 14.8%

           Step           Time
      113200000   2830000.00000

   Energies (kJ/mol)
           Bond       G96Angle        LJ (SR)   Coulomb (SR)      Potential
    1.97713e+05    5.13051e+04   -5.82148e+06   -2.76591e+04   -5.60012e+06
    Kinetic En.   Total Energy    Temperature Pressure (bar)
    9.51510e+05   -4.64861e+06    3.12863e+02    7.60759e+00

Writing checkpoint, step 113213840 at Fri Sep 29 03:26:52 2023


Writing checkpoint, step 113432800 at Fri Sep 29 03:41:52 2023


DD  step 113599999 load imb.: force 14.3%

           Step           Time
      113600000   2840000.00000

   Energies (kJ/mol)
           Bond       G96Angle        LJ (SR)   Coulomb (SR)      Potential
    1.97595e+05    5.15456e+04   -5.82531e+06   -2.78113e+04   -5.60398e+06
    Kinetic En.   Total Energy    Temperature Pressure (bar)
    9.47402e+05   -4.65657e+06    3.11513e+02    3.84351e+00

Writing checkpoint, step 113650990 at Fri Sep 29 03:56:52 2023


Writing checkpoint, step 113869200 at Fri Sep 29 04:11:52 2023


DD  step 113999999 load imb.: force 15.2%

           Step           Time
      114000000   2850000.00000

   Energies (kJ/mol)
           Bond       G96Angle        LJ (SR)   Coulomb (SR)      Potential
    1.99055e+05    5.11043e+04   -5.82251e+06   -2.75232e+04   -5.59988e+06
    Kinetic En.   Total Energy    Temperature Pressure (bar)
    9.50153e+05   -4.64972e+06    3.12417e+02   -7.84814e+00

Writing checkpoint, step 114088090 at Fri Sep 29 04:26:52 2023


Writing checkpoint, step 114304090 at Fri Sep 29 04:41:52 2023


DD  step 114399999 load imb.: force 13.6%

           Step           Time
      114400000   2860000.00000

   Energies (kJ/mol)
           Bond       G96Angle        LJ (SR)   Coulomb (SR)      Potential
    1.96474e+05    5.17662e+04   -5.82431e+06   -2.80032e+04   -5.60408e+06
    Kinetic En.   Total Energy    Temperature Pressure (bar)
    9.49747e+05   -4.65433e+06    3.12284e+02   -7.46336e+00

Writing checkpoint, step 114523090 at Fri Sep 29 04:56:52 2023


Writing checkpoint, step 114737930 at Fri Sep 29 05:11:52 2023


DD  step 114799999 load imb.: force 15.0%

           Step           Time
      114800000   2870000.00000

   Energies (kJ/mol)
           Bond       G96Angle        LJ (SR)   Coulomb (SR)      Potential
    1.98247e+05    5.14662e+04   -5.81962e+06   -2.77191e+04   -5.59762e+06
    Kinetic En.   Total Energy    Temperature Pressure (bar)
    9.50363e+05   -4.64726e+06    3.12486e+02    1.53106e+01

Writing checkpoint, step 114956610 at Fri Sep 29 05:26:52 2023


Writing checkpoint, step 115175780 at Fri Sep 29 05:41:52 2023


DD  step 115199999 load imb.: force 13.2%

           Step           Time
      115200000   2880000.00000

   Energies (kJ/mol)
           Bond       G96Angle        LJ (SR)   Coulomb (SR)      Potential
    1.98683e+05    5.11706e+04   -5.82102e+06   -2.78340e+04   -5.59901e+06
    Kinetic En.   Total Energy    Temperature Pressure (bar)
    9.52280e+05   -4.64673e+06    3.13117e+02   -5.09406e-01

Writing checkpoint, step 115395670 at Fri Sep 29 05:56:52 2023


DD  step 115599999 load imb.: force 14.6%

           Step           Time
      115600000   2890000.00000

   Energies (kJ/mol)
           Bond       G96Angle        LJ (SR)   Coulomb (SR)      Potential
    1.97301e+05    5.14565e+04   -5.82155e+06   -2.76242e+04   -5.60042e+06
    Kinetic En.   Total Energy    Temperature Pressure (bar)
    9.51027e+05   -4.64939e+06    3.12704e+02    3.58798e-01

Writing checkpoint, step 115615140 at Fri Sep 29 06:11:52 2023


Writing checkpoint, step 115834130 at Fri Sep 29 06:26:52 2023


DD  step 115999999 load imb.: force 14.3%

           Step           Time
      116000000   2900000.00000

   Energies (kJ/mol)
           Bond       G96Angle        LJ (SR)   Coulomb (SR)      Potential
    1.98020e+05    5.12484e+04   -5.82525e+06   -2.79254e+04   -5.60391e+06
    Kinetic En.   Total Energy    Temperature Pressure (bar)
    9.49433e+05   -4.65448e+06    3.12180e+02   -2.72166e+00

Writing checkpoint, step 116054430 at Fri Sep 29 06:41:52 2023


Writing checkpoint, step 116273200 at Fri Sep 29 06:56:52 2023


DD  step 116399999 load imb.: force 14.9%

           Step           Time
      116400000   2910000.00000

   Energies (kJ/mol)
           Bond       G96Angle        LJ (SR)   Coulomb (SR)      Potential
    1.99409e+05    5.12900e+04   -5.82186e+06   -2.77682e+04   -5.59893e+06
    Kinetic En.   Total Energy    Temperature Pressure (bar)
    9.47728e+05   -4.65120e+06    3.11619e+02    2.59334e+00

Writing checkpoint, step 116491460 at Fri Sep 29 07:11:52 2023


Writing checkpoint, step 116705590 at Fri Sep 29 07:26:52 2023


DD  step 116799999 load imb.: force 14.9%

           Step           Time
      116800000   2920000.00000

   Energies (kJ/mol)
           Bond       G96Angle        LJ (SR)   Coulomb (SR)      Potential
    1.98463e+05    5.12799e+04   -5.82221e+06   -2.81649e+04   -5.60063e+06
    Kinetic En.   Total Energy    Temperature Pressure (bar)
    9.52162e+05   -4.64847e+06    3.13077e+02    7.48288e+00

Writing checkpoint, step 116924570 at Fri Sep 29 07:41:52 2023


Writing checkpoint, step 117144030 at Fri Sep 29 07:56:52 2023


DD  step 117199999 load imb.: force 15.4%

           Step           Time
      117200000   2930000.00000

   Energies (kJ/mol)
           Bond       G96Angle        LJ (SR)   Coulomb (SR)      Potential
    1.99096e+05    5.22486e+04   -5.82033e+06   -2.77290e+04   -5.59672e+06
    Kinetic En.   Total Energy    Temperature Pressure (bar)
    9.49473e+05   -4.64725e+06    3.12193e+02    7.02661e+00

Writing checkpoint, step 117360060 at Fri Sep 29 08:11:52 2023


Writing checkpoint, step 117551400 at Fri Sep 29 08:26:52 2023


DD  step 117599999 load imb.: force 14.0%

           Step           Time
      117600000   2940000.00000

   Energies (kJ/mol)
           Bond       G96Angle        LJ (SR)   Coulomb (SR)      Potential
    1.97675e+05    5.11150e+04   -5.82429e+06   -2.82511e+04   -5.60375e+06
    Kinetic En.   Total Energy    Temperature Pressure (bar)
    9.50378e+05   -4.65338e+06    3.12491e+02    8.60846e+00

Writing checkpoint, step 117772000 at Fri Sep 29 08:41:52 2023


Writing checkpoint, step 117992790 at Fri Sep 29 08:56:52 2023


DD  step 117999999 load imb.: force 12.8%

           Step           Time
      118000000   2950000.00000

   Energies (kJ/mol)
           Bond       G96Angle        LJ (SR)   Coulomb (SR)      Potential
    1.98407e+05    5.08797e+04   -5.82105e+06   -2.78881e+04   -5.59965e+06
    Kinetic En.   Total Energy    Temperature Pressure (bar)
    9.50891e+05   -4.64876e+06    3.12660e+02    4.46663e+00

Writing checkpoint, step 118216980 at Fri Sep 29 09:11:52 2023


DD  step 118399999 load imb.: force 11.3%

           Step           Time
      118400000   2960000.00000

   Energies (kJ/mol)
           Bond       G96Angle        LJ (SR)   Coulomb (SR)      Potential
    1.98555e+05    5.16027e+04   -5.82428e+06   -2.78044e+04   -5.60193e+06
    Kinetic En.   Total Energy    Temperature Pressure (bar)
    9.50282e+05   -4.65165e+06    3.12459e+02   -3.06708e+00

Writing checkpoint, step 118441580 at Fri Sep 29 09:26:52 2023


Writing checkpoint, step 118664940 at Fri Sep 29 09:41:52 2023


DD  step 118799999 load imb.: force 14.4%

           Step           Time
      118800000   2970000.00000

   Energies (kJ/mol)
           Bond       G96Angle        LJ (SR)   Coulomb (SR)      Potential
    1.97519e+05    5.16781e+04   -5.82252e+06   -2.78987e+04   -5.60122e+06
    Kinetic En.   Total Energy    Temperature Pressure (bar)
    9.50066e+05   -4.65115e+06    3.12388e+02    1.05955e+01

Writing checkpoint, step 118884620 at Fri Sep 29 09:56:52 2023


Writing checkpoint, step 119103050 at Fri Sep 29 10:11:52 2023


DD  step 119199999 load imb.: force 13.4%

           Step           Time
      119200000   2980000.00000

   Energies (kJ/mol)
           Bond       G96Angle        LJ (SR)   Coulomb (SR)      Potential
    1.98631e+05    5.18849e+04   -5.82503e+06   -2.80421e+04   -5.60255e+06
    Kinetic En.   Total Energy    Temperature Pressure (bar)
    9.49067e+05   -4.65348e+06    3.12060e+02   -3.80088e+00

Writing checkpoint, step 119325700 at Fri Sep 29 10:26:52 2023


Writing checkpoint, step 119549020 at Fri Sep 29 10:41:52 2023


DD  step 119599999 load imb.: force 13.7%

           Step           Time
      119600000   2990000.00000

   Energies (kJ/mol)
           Bond       G96Angle        LJ (SR)   Coulomb (SR)      Potential
    1.98320e+05    5.11179e+04   -5.82011e+06   -2.75100e+04   -5.59818e+06
    Kinetic En.   Total Energy    Temperature Pressure (bar)
    9.51326e+05   -4.64686e+06    3.12803e+02    5.64504e+00

Writing checkpoint, step 119763940 at Fri Sep 29 10:56:52 2023


Writing checkpoint, step 119987430 at Fri Sep 29 11:11:52 2023


DD  step 119999999 load imb.: force 10.8%

           Step           Time
      120000000   3000000.00000

   Energies (kJ/mol)
           Bond       G96Angle        LJ (SR)   Coulomb (SR)      Potential
    1.98243e+05    5.21601e+04   -5.82404e+06   -2.74568e+04   -5.60109e+06
    Kinetic En.   Total Energy    Temperature Pressure (bar)
    9.48573e+05   -4.65252e+06    3.11897e+02    6.86805e+00

Writing checkpoint, step 120212840 at Fri Sep 29 11:26:52 2023


DD  step 120399999 load imb.: force 10.2%

           Step           Time
      120400000   3010000.00000

   Energies (kJ/mol)
           Bond       G96Angle        LJ (SR)   Coulomb (SR)      Potential
    1.99519e+05    5.07871e+04   -5.82857e+06   -2.71697e+04   -5.60543e+06
    Kinetic En.   Total Energy    Temperature Pressure (bar)
    9.47228e+05   -4.65820e+06    3.11455e+02   -6.78616e+00

Writing checkpoint, step 120436160 at Fri Sep 29 11:41:52 2023


Writing checkpoint, step 120661440 at Fri Sep 29 11:56:52 2023


DD  step 120799999 load imb.: force  9.7%

           Step           Time
      120800000   3020000.00000

   Energies (kJ/mol)
           Bond       G96Angle        LJ (SR)   Coulomb (SR)      Potential
    1.98675e+05    5.17485e+04   -5.82576e+06   -2.77495e+04   -5.60308e+06
    Kinetic En.   Total Energy    Temperature Pressure (bar)
    9.50557e+05   -4.65253e+06    3.12550e+02   -5.16491e+00

Writing checkpoint, step 120884820 at Fri Sep 29 12:11:52 2023


Writing checkpoint, step 121112040 at Fri Sep 29 12:26:52 2023


DD  step 121199999 load imb.: force  9.7%

           Step           Time
      121200000   3030000.00000

   Energies (kJ/mol)
           Bond       G96Angle        LJ (SR)   Coulomb (SR)      Potential
    1.98048e+05    5.14244e+04   -5.82437e+06   -2.77849e+04   -5.60268e+06
    Kinetic En.   Total Energy    Temperature Pressure (bar)
    9.48129e+05   -4.65455e+06    3.11751e+02   -3.76978e+00

Writing checkpoint, step 121339250 at Fri Sep 29 12:41:52 2023


Writing checkpoint, step 121564910 at Fri Sep 29 12:56:52 2023


DD  step 121599999 load imb.: force 12.7%

           Step           Time
      121600000   3040000.00000

   Energies (kJ/mol)
           Bond       G96Angle        LJ (SR)   Coulomb (SR)      Potential
    1.98240e+05    5.13029e+04   -5.82117e+06   -2.77860e+04   -5.59941e+06
    Kinetic En.   Total Energy    Temperature Pressure (bar)
    9.52142e+05   -4.64727e+06    3.13071e+02    3.68430e+00

Writing checkpoint, step 121789760 at Fri Sep 29 13:11:52 2023


DD  step 121999999 load imb.: force 10.8%

           Step           Time
      122000000   3050000.00000

   Energies (kJ/mol)
           Bond       G96Angle        LJ (SR)   Coulomb (SR)      Potential
    1.98288e+05    5.14775e+04   -5.82628e+06   -2.74030e+04   -5.60392e+06
    Kinetic En.   Total Energy    Temperature Pressure (bar)
    9.49290e+05   -4.65463e+06    3.12133e+02   -9.75599e+00

Writing checkpoint, step 122014510 at Fri Sep 29 13:26:52 2023


Writing checkpoint, step 122241230 at Fri Sep 29 13:41:52 2023


DD  step 122399999 load imb.: force  9.7%

           Step           Time
      122400000   3060000.00000

   Energies (kJ/mol)
           Bond       G96Angle        LJ (SR)   Coulomb (SR)      Potential
    1.99216e+05    5.12687e+04   -5.82328e+06   -2.78007e+04   -5.60060e+06
    Kinetic En.   Total Energy    Temperature Pressure (bar)
    9.47660e+05   -4.65294e+06    3.11597e+02   -1.24045e+01

Writing checkpoint, step 122466670 at Fri Sep 29 13:56:52 2023


Writing checkpoint, step 122693130 at Fri Sep 29 14:11:52 2023


DD  step 122799999 load imb.: force 11.1%

           Step           Time
      122800000   3070000.00000

   Energies (kJ/mol)
           Bond       G96Angle        LJ (SR)   Coulomb (SR)      Potential
    1.98727e+05    5.20528e+04   -5.81856e+06   -2.73956e+04   -5.59518e+06
    Kinetic En.   Total Energy    Temperature Pressure (bar)
    9.52944e+05   -4.64224e+06    3.13335e+02    8.57909e+00

Writing checkpoint, step 122919800 at Fri Sep 29 14:26:52 2023


Writing checkpoint, step 123146170 at Fri Sep 29 14:41:52 2023


DD  step 123199999 load imb.: force  9.9%

           Step           Time
      123200000   3080000.00000

   Energies (kJ/mol)
           Bond       G96Angle        LJ (SR)   Coulomb (SR)      Potential
    1.98005e+05    5.12735e+04   -5.82174e+06   -2.78251e+04   -5.60029e+06
    Kinetic En.   Total Energy    Temperature Pressure (bar)
    9.48852e+05   -4.65144e+06    3.11989e+02   -5.47848e+00

Writing checkpoint, step 123370710 at Fri Sep 29 14:56:52 2023


Writing checkpoint, step 123592280 at Fri Sep 29 15:11:52 2023


DD  step 123599999 load imb.: force 14.2%

           Step           Time
      123600000   3090000.00000

   Energies (kJ/mol)
           Bond       G96Angle        LJ (SR)   Coulomb (SR)      Potential
    1.98361e+05    5.12878e+04   -5.82252e+06   -2.79383e+04   -5.60081e+06
    Kinetic En.   Total Energy    Temperature Pressure (bar)
    9.48578e+05   -4.65223e+06    3.11899e+02   -1.78074e+00

Writing checkpoint, step 123814490 at Fri Sep 29 15:26:52 2023


DD  step 123999999 load imb.: force 10.4%

           Step           Time
      124000000   3100000.00000

   Energies (kJ/mol)
           Bond       G96Angle        LJ (SR)   Coulomb (SR)      Potential
    1.97457e+05    5.14911e+04   -5.82025e+06   -2.78491e+04   -5.59916e+06
    Kinetic En.   Total Energy    Temperature Pressure (bar)
    9.49740e+05   -4.64942e+06    3.12281e+02    3.90911e+00

Writing checkpoint, step 124039520 at Fri Sep 29 15:41:52 2023


Writing checkpoint, step 124264200 at Fri Sep 29 15:56:52 2023


DD  step 124399999 load imb.: force 10.3%

           Step           Time
      124400000   3110000.00000

   Energies (kJ/mol)
           Bond       G96Angle        LJ (SR)   Coulomb (SR)      Potential
    1.98494e+05    5.17465e+04   -5.82248e+06   -2.76592e+04   -5.59990e+06
    Kinetic En.   Total Energy    Temperature Pressure (bar)
    9.50596e+05   -4.64930e+06    3.12563e+02    1.34128e+00

Writing checkpoint, step 124490870 at Fri Sep 29 16:11:52 2023


Writing checkpoint, step 124716360 at Fri Sep 29 16:26:52 2023


DD  step 124799999 load imb.: force 10.5%

           Step           Time
      124800000   3120000.00000

   Energies (kJ/mol)
           Bond       G96Angle        LJ (SR)   Coulomb (SR)      Potential
    1.98038e+05    5.18099e+04   -5.82505e+06   -2.83840e+04   -5.60359e+06
    Kinetic En.   Total Energy    Temperature Pressure (bar)
    9.52514e+05   -4.65108e+06    3.13193e+02    4.03008e+00

Writing checkpoint, step 124943240 at Fri Sep 29 16:41:52 2023


Writing checkpoint, step 125169680 at Fri Sep 29 16:56:52 2023


DD  step 125199999 load imb.: force 10.4%

           Step           Time
      125200000   3130000.00000

   Energies (kJ/mol)
           Bond       G96Angle        LJ (SR)   Coulomb (SR)      Potential
    1.98807e+05    5.15651e+04   -5.81996e+06   -2.75014e+04   -5.59709e+06
    Kinetic En.   Total Energy    Temperature Pressure (bar)
    9.48533e+05   -4.64856e+06    3.11884e+02   -3.72580e+00

Writing checkpoint, step 125397610 at Fri Sep 29 17:11:52 2023


DD  step 125599999 load imb.: force 13.6%

           Step           Time
      125600000   3140000.00000

   Energies (kJ/mol)
           Bond       G96Angle        LJ (SR)   Coulomb (SR)      Potential
    1.98820e+05    5.18086e+04   -5.81786e+06   -2.79387e+04   -5.59517e+06
    Kinetic En.   Total Energy    Temperature Pressure (bar)
    9.51117e+05   -4.64406e+06    3.12734e+02    5.12325e+00

Writing checkpoint, step 125621510 at Fri Sep 29 17:26:52 2023


Writing checkpoint, step 125846470 at Fri Sep 29 17:41:52 2023


DD  step 125999999 load imb.: force 13.6%

           Step           Time
      126000000   3150000.00000

   Energies (kJ/mol)
           Bond       G96Angle        LJ (SR)   Coulomb (SR)      Potential
    1.97632e+05    5.12292e+04   -5.82272e+06   -2.77761e+04   -5.60164e+06
    Kinetic En.   Total Energy    Temperature Pressure (bar)
    9.47916e+05   -4.65372e+06    3.11682e+02    1.43074e+00

Writing checkpoint, step 126062560 at Fri Sep 29 17:56:52 2023


Writing checkpoint, step 126287660 at Fri Sep 29 18:11:52 2023


DD  step 126399999 load imb.: force 12.4%

           Step           Time
      126400000   3160000.00000

   Energies (kJ/mol)
           Bond       G96Angle        LJ (SR)   Coulomb (SR)      Potential
    1.98734e+05    5.10657e+04   -5.82403e+06   -2.83979e+04   -5.60262e+06
    Kinetic En.   Total Energy    Temperature Pressure (bar)
    9.49342e+05   -4.65328e+06    3.12150e+02   -4.11776e+00

Writing checkpoint, step 126510010 at Fri Sep 29 18:26:52 2023


Writing checkpoint, step 126729820 at Fri Sep 29 18:41:52 2023


DD  step 126799999 load imb.: force 12.4%

           Step           Time
      126800000   3170000.00000

   Energies (kJ/mol)
           Bond       G96Angle        LJ (SR)   Coulomb (SR)      Potential
    1.99081e+05    5.18357e+04   -5.82181e+06   -2.75275e+04   -5.59842e+06
    Kinetic En.   Total Energy    Temperature Pressure (bar)
    9.54056e+05   -4.64436e+06    3.13700e+02   -3.84107e+00

Writing checkpoint, step 126951340 at Fri Sep 29 18:56:52 2023


Writing checkpoint, step 127173920 at Fri Sep 29 19:11:52 2023


DD  step 127199999 load imb.: force 15.9%

           Step           Time
      127200000   3180000.00000

   Energies (kJ/mol)
           Bond       G96Angle        LJ (SR)   Coulomb (SR)      Potential
    1.98480e+05    5.10147e+04   -5.82066e+06   -2.76722e+04   -5.59883e+06
    Kinetic En.   Total Energy    Temperature Pressure (bar)
    9.52719e+05   -4.64611e+06    3.13261e+02    4.05031e+00

Writing checkpoint, step 127395060 at Fri Sep 29 19:26:52 2023


DD  step 127599999 load imb.: force 13.2%

           Step           Time
      127600000   3190000.00000

   Energies (kJ/mol)
           Bond       G96Angle        LJ (SR)   Coulomb (SR)      Potential
    1.98810e+05    5.14086e+04   -5.82569e+06   -2.72427e+04   -5.60271e+06
    Kinetic En.   Total Energy    Temperature Pressure (bar)
    9.47327e+05   -4.65538e+06    3.11488e+02   -7.50300e+00

Writing checkpoint, step 127616670 at Fri Sep 29 19:41:52 2023


Writing checkpoint, step 127831410 at Fri Sep 29 19:56:52 2023


DD  step 127999999 load imb.: force 15.1%

           Step           Time
      128000000   3200000.00000

   Energies (kJ/mol)
           Bond       G96Angle        LJ (SR)   Coulomb (SR)      Potential
    1.97813e+05    5.10302e+04   -5.82374e+06   -2.76012e+04   -5.60249e+06
    Kinetic En.   Total Energy    Temperature Pressure (bar)
    9.49011e+05   -4.65348e+06    3.12041e+02   -7.11388e+00

Writing checkpoint, step 128053000 at Fri Sep 29 20:11:52 2023


Writing checkpoint, step 128274650 at Fri Sep 29 20:26:52 2023


DD  step 128399999 load imb.: force 13.7%

           Step           Time
      128400000   3210000.00000

   Energies (kJ/mol)
           Bond       G96Angle        LJ (SR)   Coulomb (SR)      Potential
    1.99071e+05    5.20770e+04   -5.81953e+06   -2.79061e+04   -5.59629e+06
    Kinetic En.   Total Energy    Temperature Pressure (bar)
    9.47524e+05   -4.64876e+06    3.11553e+02   -3.76558e+00

Writing checkpoint, step 128496220 at Fri Sep 29 20:41:52 2023


Writing checkpoint, step 128713840 at Fri Sep 29 20:56:52 2023


DD  step 128799999 load imb.: force 17.6%

           Step           Time
      128800000   3220000.00000

   Energies (kJ/mol)
           Bond       G96Angle        LJ (SR)   Coulomb (SR)      Potential
    1.99160e+05    5.16327e+04   -5.82131e+06   -2.80161e+04   -5.59854e+06
    Kinetic En.   Total Energy    Temperature Pressure (bar)
    9.50389e+05   -4.64815e+06    3.12495e+02    1.29243e+01

Writing checkpoint, step 128927450 at Fri Sep 29 21:11:52 2023


Writing checkpoint, step 129146110 at Fri Sep 29 21:26:52 2023


DD  step 129199999 load imb.: force 17.4%

           Step           Time
      129200000   3230000.00000

   Energies (kJ/mol)
           Bond       G96Angle        LJ (SR)   Coulomb (SR)      Potential
    1.98966e+05    5.13574e+04   -5.82235e+06   -2.80073e+04   -5.60003e+06
    Kinetic En.   Total Energy    Temperature Pressure (bar)
    9.48815e+05   -4.65122e+06    3.11977e+02   -1.61481e+00

Writing checkpoint, step 129364470 at Fri Sep 29 21:41:52 2023


Writing checkpoint, step 129581670 at Fri Sep 29 21:56:52 2023


DD  step 129599999 load imb.: force 18.0%

           Step           Time
      129600000   3240000.00000

   Energies (kJ/mol)
           Bond       G96Angle        LJ (SR)   Coulomb (SR)      Potential
    1.99408e+05    5.14026e+04   -5.82220e+06   -2.76140e+04   -5.59900e+06
    Kinetic En.   Total Energy    Temperature Pressure (bar)
    9.48935e+05   -4.65007e+06    3.12016e+02    8.23261e+00

Writing checkpoint, step 129799880 at Fri Sep 29 22:11:52 2023


DD  step 129999999 load imb.: force 16.3%

           Step           Time
      130000000   3250000.00000

   Energies (kJ/mol)
           Bond       G96Angle        LJ (SR)   Coulomb (SR)      Potential
    1.99159e+05    5.17554e+04   -5.82260e+06   -2.76762e+04   -5.59936e+06
    Kinetic En.   Total Energy    Temperature Pressure (bar)
    9.51143e+05   -4.64822e+06    3.12742e+02   -2.24337e+00

Writing checkpoint, step 130018860 at Fri Sep 29 22:26:52 2023


Writing checkpoint, step 130239200 at Fri Sep 29 22:41:52 2023


DD  step 130399999 load imb.: force 16.3%

           Step           Time
      130400000   3260000.00000

   Energies (kJ/mol)
           Bond       G96Angle        LJ (SR)   Coulomb (SR)      Potential
    1.97324e+05    5.19986e+04   -5.82193e+06   -2.78532e+04   -5.60046e+06
    Kinetic En.   Total Energy    Temperature Pressure (bar)
    9.53548e+05   -4.64691e+06    3.13533e+02   -5.60846e-01

Writing checkpoint, step 130458630 at Fri Sep 29 22:56:52 2023


Writing checkpoint, step 130677340 at Fri Sep 29 23:11:52 2023


DD  step 130799999 load imb.: force 13.5%

           Step           Time
      130800000   3270000.00000

   Energies (kJ/mol)
           Bond       G96Angle        LJ (SR)   Coulomb (SR)      Potential
    1.98679e+05    5.20278e+04   -5.82070e+06   -2.76364e+04   -5.59763e+06
    Kinetic En.   Total Energy    Temperature Pressure (bar)
    9.49219e+05   -4.64841e+06    3.12110e+02    4.11850e+00

Writing checkpoint, step 130893470 at Fri Sep 29 23:26:52 2023


Writing checkpoint, step 131111760 at Fri Sep 29 23:41:52 2023


DD  step 131199999 load imb.: force 16.5%

           Step           Time
      131200000   3280000.00000

   Energies (kJ/mol)
           Bond       G96Angle        LJ (SR)   Coulomb (SR)      Potential
    1.98218e+05    5.13671e+04   -5.82492e+06   -2.77083e+04   -5.60305e+06
    Kinetic En.   Total Energy    Temperature Pressure (bar)
    9.46220e+05   -4.65683e+06    3.11124e+02   -6.14864e+00

Writing checkpoint, step 131331040 at Fri Sep 29 23:56:52 2023


Writing checkpoint, step 131548360 at Sat Sep 30 00:11:52 2023


DD  step 131599999 load imb.: force 15.9%

           Step           Time
      131600000   3290000.00000

   Energies (kJ/mol)
           Bond       G96Angle        LJ (SR)   Coulomb (SR)      Potential
    1.99137e+05    5.17458e+04   -5.82234e+06   -2.80793e+04   -5.59954e+06
    Kinetic En.   Total Energy    Temperature Pressure (bar)
    9.47863e+05   -4.65167e+06    3.11664e+02    2.08748e+00

Writing checkpoint, step 131766360 at Sat Sep 30 00:26:52 2023


Writing checkpoint, step 131984580 at Sat Sep 30 00:41:52 2023


DD  step 131999999 load imb.: force 17.5%

           Step           Time
      132000000   3300000.00000

   Energies (kJ/mol)
           Bond       G96Angle        LJ (SR)   Coulomb (SR)      Potential
    1.97354e+05    5.18373e+04   -5.82859e+06   -2.76136e+04   -5.60701e+06
    Kinetic En.   Total Energy    Temperature Pressure (bar)
    9.46684e+05   -4.66033e+06    3.11277e+02   -1.28227e+01

Writing checkpoint, step 132196760 at Sat Sep 30 00:56:52 2023


DD  step 132399999 load imb.: force 16.1%

           Step           Time
      132400000   3310000.00000

   Energies (kJ/mol)
           Bond       G96Angle        LJ (SR)   Coulomb (SR)      Potential
    1.97975e+05    5.13480e+04   -5.82462e+06   -2.80265e+04   -5.60332e+06
    Kinetic En.   Total Energy    Temperature Pressure (bar)
    9.49195e+05   -4.65413e+06    3.12102e+02   -8.62440e-01

Writing checkpoint, step 132413960 at Sat Sep 30 01:11:52 2023


Writing checkpoint, step 132634890 at Sat Sep 30 01:26:52 2023


DD  step 132799999 load imb.: force 13.5%

           Step           Time
      132800000   3320000.00000

   Energies (kJ/mol)
           Bond       G96Angle        LJ (SR)   Coulomb (SR)      Potential
    1.98908e+05    5.19135e+04   -5.82653e+06   -2.79030e+04   -5.60361e+06
    Kinetic En.   Total Energy    Temperature Pressure (bar)
    9.46851e+05   -4.65676e+06    3.11331e+02   -2.15560e+00

Writing checkpoint, step 132855910 at Sat Sep 30 01:41:52 2023


Writing checkpoint, step 133078860 at Sat Sep 30 01:56:52 2023


DD  step 133199999 load imb.: force 15.4%

           Step           Time
      133200000   3330000.00000

   Energies (kJ/mol)
           Bond       G96Angle        LJ (SR)   Coulomb (SR)      Potential
    1.98799e+05    5.12803e+04   -5.82668e+06   -2.72551e+04   -5.60386e+06
    Kinetic En.   Total Energy    Temperature Pressure (bar)
    9.49105e+05   -4.65475e+06    3.12072e+02   -7.17337e+00

Writing checkpoint, step 133300140 at Sat Sep 30 02:11:52 2023


Writing checkpoint, step 133523120 at Sat Sep 30 02:26:52 2023


DD  step 133599999 load imb.: force 10.6%

           Step           Time
      133600000   3340000.00000

   Energies (kJ/mol)
           Bond       G96Angle        LJ (SR)   Coulomb (SR)      Potential
    2.00824e+05    5.16550e+04   -5.82438e+06   -2.81588e+04   -5.60006e+06
    Kinetic En.   Total Energy    Temperature Pressure (bar)
    9.52684e+05   -4.64738e+06    3.13249e+02   -7.33824e+00

Writing checkpoint, step 133747630 at Sat Sep 30 02:41:52 2023


Writing checkpoint, step 133972630 at Sat Sep 30 02:56:52 2023


DD  step 133999999 load imb.: force 10.2%

           Step           Time
      134000000   3350000.00000

   Energies (kJ/mol)
           Bond       G96Angle        LJ (SR)   Coulomb (SR)      Potential
    1.98906e+05    5.16879e+04   -5.82483e+06   -2.78066e+04   -5.60204e+06
    Kinetic En.   Total Energy    Temperature Pressure (bar)
    9.48994e+05   -4.65305e+06    3.12036e+02   -1.41404e+01

Writing checkpoint, step 134199250 at Sat Sep 30 03:11:52 2023


DD  step 134399999 load imb.: force 11.0%

           Step           Time
      134400000   3360000.00000

   Energies (kJ/mol)
           Bond       G96Angle        LJ (SR)   Coulomb (SR)      Potential
    1.99009e+05    5.17540e+04   -5.81985e+06   -2.81427e+04   -5.59723e+06
    Kinetic En.   Total Energy    Temperature Pressure (bar)
    9.48195e+05   -4.64904e+06    3.11773e+02    5.63586e+00

Writing checkpoint, step 134425100 at Sat Sep 30 03:26:52 2023


Writing checkpoint, step 134649760 at Sat Sep 30 03:41:52 2023


DD  step 134799999 load imb.: force 14.3%

           Step           Time
      134800000   3370000.00000

   Energies (kJ/mol)
           Bond       G96Angle        LJ (SR)   Coulomb (SR)      Potential
    1.98310e+05    5.09987e+04   -5.82274e+06   -2.82681e+04   -5.60170e+06
    Kinetic En.   Total Energy    Temperature Pressure (bar)
    9.48839e+05   -4.65286e+06    3.11985e+02   -2.89021e+00

Writing checkpoint, step 134866570 at Sat Sep 30 03:56:52 2023


Writing checkpoint, step 135091920 at Sat Sep 30 04:11:52 2023


DD  step 135199999 load imb.: force 11.2%

           Step           Time
      135200000   3380000.00000

   Energies (kJ/mol)
           Bond       G96Angle        LJ (SR)   Coulomb (SR)      Potential
    1.98223e+05    5.13122e+04   -5.82209e+06   -2.78575e+04   -5.60041e+06
    Kinetic En.   Total Energy    Temperature Pressure (bar)
    9.49310e+05   -4.65110e+06    3.12140e+02    5.32153e+00

Writing checkpoint, step 135316910 at Sat Sep 30 04:26:52 2023


Writing checkpoint, step 135543840 at Sat Sep 30 04:41:52 2023


DD  step 135599999 load imb.: force 10.4%

           Step           Time
      135600000   3390000.00000

   Energies (kJ/mol)
           Bond       G96Angle        LJ (SR)   Coulomb (SR)      Potential
    1.97750e+05    5.17428e+04   -5.82388e+06   -2.78073e+04   -5.60219e+06
    Kinetic En.   Total Energy    Temperature Pressure (bar)
    9.52787e+05   -4.64941e+06    3.13283e+02    9.21268e-01

Writing checkpoint, step 135769730 at Sat Sep 30 04:56:52 2023


Writing checkpoint, step 135996970 at Sat Sep 30 05:11:52 2023


DD  step 135999999 load imb.: force 10.4%

           Step           Time
      136000000   3400000.00000

   Energies (kJ/mol)
           Bond       G96Angle        LJ (SR)   Coulomb (SR)      Potential
    1.97886e+05    5.10187e+04   -5.82626e+06   -2.76716e+04   -5.60502e+06
    Kinetic En.   Total Energy    Temperature Pressure (bar)
    9.48902e+05   -4.65612e+06    3.12006e+02   -5.47898e-01

Writing checkpoint, step 136222700 at Sat Sep 30 05:26:52 2023


DD  step 136399999 load imb.: force 11.3%

           Step           Time
      136400000   3410000.00000

   Energies (kJ/mol)
           Bond       G96Angle        LJ (SR)   Coulomb (SR)      Potential
    1.98239e+05    5.15476e+04   -5.82252e+06   -2.76972e+04   -5.60044e+06
    Kinetic En.   Total Energy    Temperature Pressure (bar)
    9.50941e+05   -4.64949e+06    3.12676e+02   -6.20628e+00

Writing checkpoint, step 136449480 at Sat Sep 30 05:41:52 2023


Writing checkpoint, step 136675560 at Sat Sep 30 05:56:52 2023


DD  step 136799999 load imb.: force 13.3%

           Step           Time
      136800000   3420000.00000

   Energies (kJ/mol)
           Bond       G96Angle        LJ (SR)   Coulomb (SR)      Potential
    1.98572e+05    5.13886e+04   -5.81922e+06   -2.76568e+04   -5.59691e+06
    Kinetic En.   Total Energy    Temperature Pressure (bar)
    9.50496e+05   -4.64642e+06    3.12530e+02    1.37370e+01

Writing checkpoint, step 136897920 at Sat Sep 30 06:11:52 2023


Writing checkpoint, step 137121100 at Sat Sep 30 06:26:52 2023


DD  step 137199999 load imb.: force 13.6%

           Step           Time
      137200000   3430000.00000

   Energies (kJ/mol)
           Bond       G96Angle        LJ (SR)   Coulomb (SR)      Potential
    1.98170e+05    5.08523e+04   -5.82670e+06   -2.78373e+04   -5.60552e+06
    Kinetic En.   Total Energy    Temperature Pressure (bar)
    9.48223e+05   -4.65729e+06    3.11782e+02   -3.43195e+00

Writing checkpoint, step 137340200 at Sat Sep 30 06:41:52 2023


Writing checkpoint, step 137558670 at Sat Sep 30 06:56:52 2023


DD  step 137599999 load imb.: force 15.1%

           Step           Time
      137600000   3440000.00000

   Energies (kJ/mol)
           Bond       G96Angle        LJ (SR)   Coulomb (SR)      Potential
    1.98109e+05    5.24076e+04   -5.82519e+06   -2.76243e+04   -5.60230e+06
    Kinetic En.   Total Energy    Temperature Pressure (bar)
    9.50791e+05   -4.65151e+06    3.12627e+02   -9.24635e+00

Writing checkpoint, step 137780150 at Sat Sep 30 07:11:52 2023


DD  step 137999999 load imb.: force 11.7%

           Step           Time
      138000000   3450000.00000

   Energies (kJ/mol)
           Bond       G96Angle        LJ (SR)   Coulomb (SR)      Potential
    1.98546e+05    5.13064e+04   -5.82272e+06   -2.75820e+04   -5.60045e+06
    Kinetic En.   Total Energy    Temperature Pressure (bar)
    9.50419e+05   -4.65003e+06    3.12504e+02    3.78020e+00

Writing checkpoint, step 138005740 at Sat Sep 30 07:26:52 2023


Writing checkpoint, step 138227940 at Sat Sep 30 07:41:52 2023


DD  step 138399999 load imb.: force 11.2%

           Step           Time
      138400000   3460000.00000

   Energies (kJ/mol)
           Bond       G96Angle        LJ (SR)   Coulomb (SR)      Potential
    1.98964e+05    5.12737e+04   -5.82612e+06   -2.73090e+04   -5.60319e+06
    Kinetic En.   Total Energy    Temperature Pressure (bar)
    9.48370e+05   -4.65482e+06    3.11831e+02   -2.36816e+00

Writing checkpoint, step 138454500 at Sat Sep 30 07:56:52 2023


Writing checkpoint, step 138680690 at Sat Sep 30 08:11:52 2023


DD  step 138799999 load imb.: force 11.5%

           Step           Time
      138800000   3470000.00000

   Energies (kJ/mol)
           Bond       G96Angle        LJ (SR)   Coulomb (SR)      Potential
    2.00101e+05    5.20573e+04   -5.81965e+06   -2.79068e+04   -5.59540e+06
    Kinetic En.   Total Energy    Temperature Pressure (bar)
    9.50172e+05   -4.64523e+06    3.12423e+02    4.94589e+00

Writing checkpoint, step 138907830 at Sat Sep 30 08:26:52 2023


Writing checkpoint, step 139131450 at Sat Sep 30 08:41:52 2023


DD  step 139199999 load imb.: force 11.6%

           Step           Time
      139200000   3480000.00000

   Energies (kJ/mol)
           Bond       G96Angle        LJ (SR)   Coulomb (SR)      Potential
    1.97999e+05    5.20246e+04   -5.81858e+06   -2.75352e+04   -5.59610e+06
    Kinetic En.   Total Energy    Temperature Pressure (bar)
    9.52016e+05   -4.64408e+06    3.13030e+02    7.75122e+00

Writing checkpoint, step 139357500 at Sat Sep 30 08:56:52 2023


Writing checkpoint, step 139583340 at Sat Sep 30 09:11:52 2023


DD  step 139599999 load imb.: force 12.0%

           Step           Time
      139600000   3490000.00000

   Energies (kJ/mol)
           Bond       G96Angle        LJ (SR)   Coulomb (SR)      Potential
    1.98959e+05    5.10122e+04   -5.82108e+06   -2.79277e+04   -5.59903e+06
    Kinetic En.   Total Energy    Temperature Pressure (bar)
    9.49201e+05   -4.64983e+06    3.12104e+02    5.15120e-02

Writing checkpoint, step 139806830 at Sat Sep 30 09:26:52 2023


DD  step 139999999 load imb.: force 10.4%

           Step           Time
      140000000   3500000.00000

   Energies (kJ/mol)
           Bond       G96Angle        LJ (SR)   Coulomb (SR)      Potential
    1.98302e+05    5.04988e+04   -5.82360e+06   -2.79739e+04   -5.60277e+06
    Kinetic En.   Total Energy    Temperature Pressure (bar)
    9.50097e+05   -4.65268e+06    3.12399e+02    4.37898e+00

Writing checkpoint, step 140031520 at Sat Sep 30 09:41:52 2023


Writing checkpoint, step 140257150 at Sat Sep 30 09:56:52 2023


DD  step 140399999 load imb.: force 11.5%

           Step           Time
      140400000   3510000.00000

   Energies (kJ/mol)
           Bond       G96Angle        LJ (SR)   Coulomb (SR)      Potential
    1.98228e+05    5.08561e+04   -5.82090e+06   -2.80102e+04   -5.59982e+06
    Kinetic En.   Total Energy    Temperature Pressure (bar)
    9.47916e+05   -4.65191e+06    3.11681e+02    3.12982e-01

Writing checkpoint, step 140483330 at Sat Sep 30 10:11:52 2023


Writing checkpoint, step 140708180 at Sat Sep 30 10:26:52 2023


DD  step 140799999 load imb.: force 17.2%

           Step           Time
      140800000   3520000.00000

   Energies (kJ/mol)
           Bond       G96Angle        LJ (SR)   Coulomb (SR)      Potential
    1.99024e+05    5.14255e+04   -5.82373e+06   -2.77098e+04   -5.60099e+06
    Kinetic En.   Total Energy    Temperature Pressure (bar)
    9.50606e+05   -4.65039e+06    3.12566e+02   -1.04161e+00

Writing checkpoint, step 140927630 at Sat Sep 30 10:41:52 2023


Writing checkpoint, step 141145960 at Sat Sep 30 10:56:52 2023


DD  step 141199999 load imb.: force 14.6%

           Step           Time
      141200000   3530000.00000

   Energies (kJ/mol)
           Bond       G96Angle        LJ (SR)   Coulomb (SR)      Potential
    1.98857e+05    5.13547e+04   -5.82305e+06   -2.72632e+04   -5.60010e+06
    Kinetic En.   Total Energy    Temperature Pressure (bar)
    9.54442e+05   -4.64566e+06    3.13827e+02   -1.62829e+00

Writing checkpoint, step 141365430 at Sat Sep 30 11:11:52 2023




Received the TERM signal, stopping within 10 steps



Received the second INT/TERM signal, stopping within 2 steps

           Step           Time
      141368557   3534213.92500

Writing checkpoint, step 141368557 at Sat Sep 30 11:12:05 2023




-----------------------------------------------------------
Restarting from checkpoint, appending to previous log file.

Log file opened on Mon Oct  2 09:44:10 2023
Host: halc067.amarel.rutgers.edu  pid: 123547  rank ID: 0  number of ranks:  32
                      :-) GROMACS - gmx mdrun, 2016.1 (-:

Executable:   /opt/sw/packages/intel-17.0.1/mvapich2-2.2/gromacs/2016.1/bin/gmx_mpi
Data prefix:  /opt/sw/packages/intel-17.0.1/mvapich2-2.2/gromacs/2016.1
Working dir:  /scratch/jje63/heat_lig_multinano/Common_Nanoparticle_4/Hexadecanethiol
Command line:
  gmx_mpi mdrun -s md2.tpr -cpi md.cpt -ntomp 1 -deffnm md -v -rdd 1.4

GROMACS version:    2016.1
Precision:          single
Memory model:       64 bit
MPI library:        MPI
OpenMP support:     enabled (GMX_OPENMP_MAX_THREADS = 32)
GPU support:        disabled
SIMD instructions:  AVX_256
FFT library:        Intel MKL
RDTSCP usage:       enabled
TNG support:        enabled
Hwloc support:      disabled
Tracing support:    disabled
Built on:           Wed Nov 23 15:27:26 EST 2016
Built by:           novosirj@perceval2.hpc.rutgers.edu [CMAKE]
Build OS/arch:      Linux 3.10.0-229.20.1.el7.x86_64 x86_64
Build CPU vendor:   Intel
Build CPU brand:    Intel(R) Xeon(R) CPU E5-2650 v3 @ 2.30GHz
Build CPU family:   6   Model: 63   Stepping: 2
Build CPU features: aes apic avx avx2 clfsh cmov cx8 cx16 f16c fma htt lahf mmx msr nonstop_tsc pcid pclmuldq pdcm pdpe1gb popcnt pse rdrnd rdtscp sse2 sse3 sse4.1 sse4.2 ssse3 tdt x2apic
C compiler:         /opt/sw/packages/intel/17.0.1/compilers_and_libraries/linux/bin/intel64/icc Intel 17.0.0.20161005
C compiler flags:    -mavx   -mkl=sequential  -std=gnu99  -O3 -DNDEBUG -ip -funroll-all-loops -alias-const -ansi-alias  
C++ compiler:       /opt/sw/packages/intel/17.0.1/compilers_and_libraries/linux/bin/intel64/icpc Intel 17.0.0.20161005
C++ compiler flags:  -mavx    -std=c++0x   -O3 -DNDEBUG -ip -funroll-all-loops -alias-const -ansi-alias  


Initializing Domain Decomposition on 32 ranks
Dynamic load balancing: auto
Minimum cell size due to bonded interactions: 1.400 nm
Domain decomposition grid 8 x 4 x 1, separate PME ranks 0
Domain decomposition rank 0, coordinates 0 0 0

The initial number of communication pulses is: X 1 Y 1
The initial domain decomposition cell size is: X 5.45 nm Y 10.90 nm

The maximum allowed distance for charge groups involved in interactions is:
                 non-bonded interactions           1.200 nm
(the following are initial values, they could change due to box deformation)
            two-body bonded interactions  (-rdd)   1.400 nm
          multi-body bonded interactions  (-rdd)   1.400 nm

When dynamic load balancing gets turned on, these settings will change to:
The maximum number of communication pulses is: X 1 Y 1
The minimum size for domain decomposition cells is 1.400 nm
The requested allowed shrink of DD cells (option -dds) is: 0.80
The allowed shrink of domain decomposition cells is: X 0.26 Y 0.13
The maximum allowed distance for charge groups involved in interactions is:
                 non-bonded interactions           1.200 nm
            two-body bonded interactions  (-rdd)   1.400 nm
          multi-body bonded interactions  (-rdd)   1.400 nm

Using 32 MPI processes


NOTE: This file uses the deprecated 'group' cutoff_scheme. This will be
removed in a future release when 'verlet' supports all interaction forms.

Table routines are used for coulomb: true
Table routines are used for vdw:     true
Using shifted Lennard-Jones, switch between 0.9 and 1.2 nm
Cut-off's:   NS: 1.2   Coulomb: 1.2   LJ: 1.2
System total charge: 0.000
Generated table with 1100 data points for Shift.
Tabscale = 500 points/nm
Generated table with 1100 data points for LJ6Shift.
Tabscale = 500 points/nm
Generated table with 1100 data points for LJ12Shift.
Tabscale = 500 points/nm
Potential shift: LJ r^-12: 0.000e+00 r^-6: 0.000e+00

Non-default thread affinity set probably by the OpenMP library,
disabling internal thread affinity

Linking all bonded interactions to atoms

Intra-simulation communication will occur every 1 steps.
Center of mass motion removal mode is Linear
We have the following groups for center of mass motion removal:
  0:  rest
There are: 243857 Atoms
Atom distribution over 32 domains: av 7620 stddev 118 min 7550 max 7877
Grid: 7 x 12 x 14 cells
Initial temperature: 625.922 K

Started mdrun on rank 0 Mon Oct  2 09:44:11 2023

DD  step 141368559 load imb.: force 91.0%


step 141368580 Turning on dynamic load balancing, because the performance loss due to load imbalance is 9.3 %.


step 141371950 Turning off dynamic load balancing, because it is degrading performance.

Atom distribution over 32 domains: av 7620 stddev 110 min 7542 max 7816

step 141380550 Turning on dynamic load balancing, because the performance loss due to load imbalance is 2.0 %.


step 141395350 Turning off dynamic load balancing, because it is degrading performance.

Atom distribution over 32 domains: av 7620 stddev 108 min 7562 max 7809

step 141443550 Turning on dynamic load balancing, because the performance loss due to load imbalance is 2.0 %.


step 141443750 Turning off dynamic load balancing, because it is degrading performance.

Atom distribution over 32 domains: av 7620 stddev 108 min 7541 max 7832

step 141445550 Turning on dynamic load balancing, because the performance loss due to load imbalance is 2.0 %.


step 141458350 Turning off dynamic load balancing, because it is degrading performance.

Atom distribution over 32 domains: av 7620 stddev 113 min 7503 max 7868

step 141503550 Turning on dynamic load balancing, because the performance loss due to load imbalance is 2.0 %.


step 141508550 Turning off dynamic load balancing, because it is degrading performance.

Atom distribution over 32 domains: av 7620 stddev 108 min 7537 max 7833

step 141526550 Turning on dynamic load balancing, because the performance loss due to load imbalance is 2.0 %.


step 141526750 Turning off dynamic load balancing, because it is degrading performance.

Atom distribution over 32 domains: av 7620 stddev 108 min 7541 max 7851

step 141528550 Turning on dynamic load balancing, because the performance loss due to load imbalance is 2.0 %.


step 141551550 Turning off dynamic load balancing, because it is degrading performance.

Atom distribution over 32 domains: av 7620 stddev 109 min 7531 max 7829
Writing checkpoint, step 141563350 at Mon Oct  2 09:59:11 2023


DD  step 141599999 load imb.: force 13.7%

           Step           Time
      141600000   3540000.00000

   Energies (kJ/mol)
           Bond       G96Angle        LJ (SR)   Coulomb (SR)      Potential
    1.99152e+05    5.13933e+04   -5.82115e+06   -2.75005e+04   -5.59811e+06
    Kinetic En.   Total Energy    Temperature Pressure (bar)
    9.49024e+05   -4.64909e+06    3.12046e+02    3.04810e+00


step 141634550 Turning on dynamic load balancing, because the performance loss due to load imbalance is 2.0 %.


step 141634750 Turning off dynamic load balancing, because it is degrading performance.

Atom distribution over 32 domains: av 7620 stddev 107 min 7547 max 7786

step 141636550 Turning on dynamic load balancing, because the performance loss due to load imbalance is 2.0 %.


step 141662950 Turning off dynamic load balancing, because it is degrading performance.

Atom distribution over 32 domains: av 7620 stddev 109 min 7514 max 7748

step 141770550 Turning on dynamic load balancing, because the performance loss due to load imbalance is 2.0 %.

Writing checkpoint, step 141770570 at Mon Oct  2 10:14:11 2023



step 141849950 Turning off dynamic load balancing, because it is degrading performance.

Atom distribution over 32 domains: av 7620 stddev 108 min 7541 max 7780
Writing checkpoint, step 141984870 at Mon Oct  2 10:29:11 2023


DD  step 141999999 load imb.: force 10.8%

           Step           Time
      142000000   3550000.00000

   Energies (kJ/mol)
           Bond       G96Angle        LJ (SR)   Coulomb (SR)      Potential
    1.98178e+05    5.16649e+04   -5.81948e+06   -2.75786e+04   -5.59721e+06
    Kinetic En.   Total Energy    Temperature Pressure (bar)
    9.50196e+05   -4.64702e+06    3.12431e+02    1.17956e+01

Writing checkpoint, step 142192850 at Mon Oct  2 10:44:11 2023



step 142265550 Turning on dynamic load balancing, because the performance loss due to load imbalance is 2.0 %.


step 142265750 Turning off dynamic load balancing, because it is degrading performance.

Atom distribution over 32 domains: av 7620 stddev 110 min 7540 max 7792

step 142267550 Turning on dynamic load balancing, because the performance loss due to load imbalance is 2.0 %.


step 142267750 Turning off dynamic load balancing, because it is degrading performance.

Atom distribution over 32 domains: av 7620 stddev 105 min 7544 max 7758

step 142268550 Will no longer try dynamic load balancing, as it degraded performance.

Writing checkpoint, step 142394700 at Mon Oct  2 10:59:11 2023


DD  step 142399999 load imb.: force 11.7%

           Step           Time
      142400000   3560000.00000

   Energies (kJ/mol)
           Bond       G96Angle        LJ (SR)   Coulomb (SR)      Potential
    1.97783e+05    5.11320e+04   -5.82686e+06   -2.79223e+04   -5.60587e+06
    Kinetic En.   Total Energy    Temperature Pressure (bar)
    9.46929e+05   -4.65894e+06    3.11357e+02   -5.74877e+00

Writing checkpoint, step 142603200 at Mon Oct  2 11:14:11 2023


DD  step 142799999 load imb.: force 13.8%

           Step           Time
      142800000   3570000.00000

   Energies (kJ/mol)
           Bond       G96Angle        LJ (SR)   Coulomb (SR)      Potential
    1.98055e+05    5.16973e+04   -5.82251e+06   -2.75967e+04   -5.60036e+06
    Kinetic En.   Total Energy    Temperature Pressure (bar)
    9.50360e+05   -4.65000e+06    3.12485e+02   -4.47652e+00

Writing checkpoint, step 142808020 at Mon Oct  2 11:29:11 2023


Writing checkpoint, step 143009620 at Mon Oct  2 11:44:11 2023


DD  step 143199999 load imb.: force 13.4%

           Step           Time
      143200000   3580000.00000

   Energies (kJ/mol)
           Bond       G96Angle        LJ (SR)   Coulomb (SR)      Potential
    1.98079e+05    5.20964e+04   -5.82170e+06   -2.73376e+04   -5.59887e+06
    Kinetic En.   Total Energy    Temperature Pressure (bar)
    9.49691e+05   -4.64917e+06    3.12265e+02    6.53225e+00

Writing checkpoint, step 143214740 at Mon Oct  2 11:59:11 2023


Writing checkpoint, step 143418340 at Mon Oct  2 12:14:11 2023


DD  step 143599999 load imb.: force 12.9%

           Step           Time
      143600000   3590000.00000

   Energies (kJ/mol)
           Bond       G96Angle        LJ (SR)   Coulomb (SR)      Potential
    1.98756e+05    5.13992e+04   -5.81858e+06   -2.81598e+04   -5.59659e+06
    Kinetic En.   Total Energy    Temperature Pressure (bar)
    9.47966e+05   -4.64862e+06    3.11698e+02    1.09927e+01

Writing checkpoint, step 143628470 at Mon Oct  2 12:29:11 2023


Writing checkpoint, step 143805850 at Mon Oct  2 12:44:11 2023


DD  step 143999999 load imb.: force 14.2%

           Step           Time
      144000000   3600000.00000

   Energies (kJ/mol)
           Bond       G96Angle        LJ (SR)   Coulomb (SR)      Potential
    1.98659e+05    5.15677e+04   -5.82147e+06   -2.74499e+04   -5.59870e+06
    Kinetic En.   Total Energy    Temperature Pressure (bar)
    9.51609e+05   -4.64709e+06    3.12896e+02    2.47063e+00

Writing checkpoint, step 144007280 at Mon Oct  2 12:59:11 2023


Writing checkpoint, step 144208010 at Mon Oct  2 13:14:11 2023


Writing checkpoint, step 144398900 at Mon Oct  2 13:29:11 2023


DD  step 144399999 load imb.: force 13.4%

           Step           Time
      144400000   3610000.00000

   Energies (kJ/mol)
           Bond       G96Angle        LJ (SR)   Coulomb (SR)      Potential
    1.97526e+05    5.21376e+04   -5.82187e+06   -2.79382e+04   -5.60014e+06
    Kinetic En.   Total Energy    Temperature Pressure (bar)
    9.48946e+05   -4.65120e+06    3.12020e+02   -5.56235e+00

Writing checkpoint, step 144601070 at Mon Oct  2 13:44:11 2023


DD  step 144799999 load imb.: force 15.1%

           Step           Time
      144800000   3620000.00000

   Energies (kJ/mol)
           Bond       G96Angle        LJ (SR)   Coulomb (SR)      Potential
    1.98320e+05    5.14896e+04   -5.82328e+06   -2.81030e+04   -5.60157e+06
    Kinetic En.   Total Energy    Temperature Pressure (bar)
    9.47366e+05   -4.65420e+06    3.11501e+02    5.21573e+00

Writing checkpoint, step 144803220 at Mon Oct  2 13:59:11 2023


Writing checkpoint, step 144999930 at Mon Oct  2 14:14:11 2023


Writing checkpoint, step 145198710 at Mon Oct  2 14:29:11 2023


DD  step 145199999 load imb.: force 14.5%

           Step           Time
      145200000   3630000.00000

   Energies (kJ/mol)
           Bond       G96Angle        LJ (SR)   Coulomb (SR)      Potential
    1.97846e+05    5.15596e+04   -5.82552e+06   -2.81779e+04   -5.60430e+06
    Kinetic En.   Total Energy    Temperature Pressure (bar)
    9.48566e+05   -4.65573e+06    3.11895e+02   -8.80158e+00

Writing checkpoint, step 145389260 at Mon Oct  2 14:44:11 2023


Writing checkpoint, step 145581900 at Mon Oct  2 14:59:11 2023


DD  step 145599999 load imb.: force 14.5%

           Step           Time
      145600000   3640000.00000

   Energies (kJ/mol)
           Bond       G96Angle        LJ (SR)   Coulomb (SR)      Potential
    1.98606e+05    5.15283e+04   -5.81979e+06   -2.80139e+04   -5.59766e+06
    Kinetic En.   Total Energy    Temperature Pressure (bar)
    9.49213e+05   -4.64845e+06    3.12108e+02   -7.24047e+00

Writing checkpoint, step 145783700 at Mon Oct  2 15:14:11 2023


Writing checkpoint, step 145986390 at Mon Oct  2 15:29:11 2023


DD  step 145999999 load imb.: force 14.8%

           Step           Time
      146000000   3650000.00000

   Energies (kJ/mol)
           Bond       G96Angle        LJ (SR)   Coulomb (SR)      Potential
    1.98336e+05    5.14306e+04   -5.82386e+06   -2.80049e+04   -5.60210e+06
    Kinetic En.   Total Energy    Temperature Pressure (bar)
    9.49682e+05   -4.65242e+06    3.12262e+02   -6.83088e-01

Writing checkpoint, step 146190980 at Mon Oct  2 15:44:11 2023


Writing checkpoint, step 146393780 at Mon Oct  2 15:59:11 2023


DD  step 146399999 load imb.: force 14.9%

           Step           Time
      146400000   3660000.00000

   Energies (kJ/mol)
           Bond       G96Angle        LJ (SR)   Coulomb (SR)      Potential
    1.96978e+05    5.17618e+04   -5.81938e+06   -2.77952e+04   -5.59843e+06
    Kinetic En.   Total Energy    Temperature Pressure (bar)
    9.47603e+05   -4.65083e+06    3.11578e+02    1.48665e+01

Writing checkpoint, step 146596240 at Mon Oct  2 16:14:11 2023


Writing checkpoint, step 146797950 at Mon Oct  2 16:29:11 2023


DD  step 146799999 load imb.: force 14.5%

           Step           Time
      146800000   3670000.00000

   Energies (kJ/mol)
           Bond       G96Angle        LJ (SR)   Coulomb (SR)      Potential
    1.98081e+05    5.07448e+04   -5.82390e+06   -2.79026e+04   -5.60298e+06
    Kinetic En.   Total Energy    Temperature Pressure (bar)
    9.48015e+05   -4.65496e+06    3.11714e+02   -2.90036e+00

Writing checkpoint, step 147001440 at Mon Oct  2 16:44:11 2023


DD  step 147199999 load imb.: force 14.5%

           Step           Time
      147200000   3680000.00000

   Energies (kJ/mol)
           Bond       G96Angle        LJ (SR)   Coulomb (SR)      Potential
    1.98594e+05    5.12293e+04   -5.82363e+06   -2.75141e+04   -5.60132e+06
    Kinetic En.   Total Energy    Temperature Pressure (bar)
    9.48078e+05   -4.65324e+06    3.11735e+02   -3.95721e+00

Writing checkpoint, step 147202580 at Mon Oct  2 16:59:11 2023


Writing checkpoint, step 147405770 at Mon Oct  2 17:14:11 2023


DD  step 147599999 load imb.: force 15.1%

           Step           Time
      147600000   3690000.00000

   Energies (kJ/mol)
           Bond       G96Angle        LJ (SR)   Coulomb (SR)      Potential
    1.97965e+05    5.12268e+04   -5.82038e+06   -2.80083e+04   -5.59919e+06
    Kinetic En.   Total Energy    Temperature Pressure (bar)
    9.49587e+05   -4.64960e+06    3.12231e+02    7.57077e+00

Writing checkpoint, step 147604790 at Mon Oct  2 17:29:11 2023


Writing checkpoint, step 147804860 at Mon Oct  2 17:44:11 2023


DD  step 147999999 load imb.: force 13.8%

           Step           Time
      148000000   3700000.00000

   Energies (kJ/mol)
           Bond       G96Angle        LJ (SR)   Coulomb (SR)      Potential
    1.97529e+05    5.13529e+04   -5.81736e+06   -2.78434e+04   -5.59632e+06
    Kinetic En.   Total Energy    Temperature Pressure (bar)
    9.54474e+05   -4.64185e+06    3.13838e+02    1.14191e+01

Writing checkpoint, step 148007150 at Mon Oct  2 17:59:11 2023


Writing checkpoint, step 148209210 at Mon Oct  2 18:14:11 2023


DD  step 148399999 load imb.: force 14.3%

           Step           Time
      148400000   3710000.00000

   Energies (kJ/mol)
           Bond       G96Angle        LJ (SR)   Coulomb (SR)      Potential
    1.98162e+05    5.14772e+04   -5.82157e+06   -2.72925e+04   -5.59923e+06
    Kinetic En.   Total Energy    Temperature Pressure (bar)
    9.52480e+05   -4.64675e+06    3.13182e+02    3.74171e-01

Writing checkpoint, step 148408020 at Mon Oct  2 18:29:11 2023


Writing checkpoint, step 148605600 at Mon Oct  2 18:44:11 2023


DD  step 148799999 load imb.: force  9.4%

           Step           Time
      148800000   3720000.00000

   Energies (kJ/mol)
           Bond       G96Angle        LJ (SR)   Coulomb (SR)      Potential
    1.97541e+05    5.13328e+04   -5.82240e+06   -2.77186e+04   -5.60124e+06
    Kinetic En.   Total Energy    Temperature Pressure (bar)
    9.48914e+05   -4.65232e+06    3.12010e+02   -6.27254e-01

Writing checkpoint, step 148809670 at Mon Oct  2 18:59:11 2023


Writing checkpoint, step 149023450 at Mon Oct  2 19:14:11 2023


DD  step 149199999 load imb.: force 12.3%

           Step           Time
      149200000   3730000.00000

   Energies (kJ/mol)
           Bond       G96Angle        LJ (SR)   Coulomb (SR)      Potential
    1.97345e+05    5.12882e+04   -5.82129e+06   -2.73915e+04   -5.60005e+06
    Kinetic En.   Total Energy    Temperature Pressure (bar)
    9.48126e+05   -4.65192e+06    3.11750e+02    4.64930e+00

Writing checkpoint, step 149229860 at Mon Oct  2 19:29:11 2023


Writing checkpoint, step 149433690 at Mon Oct  2 19:44:11 2023


DD  step 149599999 load imb.: force  9.7%

           Step           Time
      149600000   3740000.00000

   Energies (kJ/mol)
           Bond       G96Angle        LJ (SR)   Coulomb (SR)      Potential
    1.97065e+05    5.14124e+04   -5.82113e+06   -2.80245e+04   -5.60068e+06
    Kinetic En.   Total Energy    Temperature Pressure (bar)
    9.54272e+05   -4.64641e+06    3.13771e+02    1.40972e+00

Writing checkpoint, step 149637340 at Mon Oct  2 19:59:11 2023


Writing checkpoint, step 149840080 at Mon Oct  2 20:14:11 2023


DD  step 149999999 load imb.: force  9.6%

           Step           Time
      150000000   3750000.00000

   Energies (kJ/mol)
           Bond       G96Angle        LJ (SR)   Coulomb (SR)      Potential
    1.98351e+05    5.14549e+04   -5.82209e+06   -2.80361e+04   -5.60032e+06
    Kinetic En.   Total Energy    Temperature Pressure (bar)
    9.49831e+05   -4.65049e+06    3.12311e+02    1.83092e+00

Writing checkpoint, step 150032190 at Mon Oct  2 20:29:11 2023


Writing checkpoint, step 150244220 at Mon Oct  2 20:44:11 2023


DD  step 150399999 load imb.: force  9.8%

           Step           Time
      150400000   3760000.00000

   Energies (kJ/mol)
           Bond       G96Angle        LJ (SR)   Coulomb (SR)      Potential
    1.97428e+05    5.15139e+04   -5.81899e+06   -2.79524e+04   -5.59800e+06
    Kinetic En.   Total Energy    Temperature Pressure (bar)
    9.50132e+05   -4.64787e+06    3.12410e+02    9.28385e+00

Writing checkpoint, step 150449120 at Mon Oct  2 20:59:11 2023


Writing checkpoint, step 150656060 at Mon Oct  2 21:14:11 2023


DD  step 150799999 load imb.: force  9.5%

           Step           Time
      150800000   3770000.00000

   Energies (kJ/mol)
           Bond       G96Angle        LJ (SR)   Coulomb (SR)      Potential
    1.99517e+05    5.12834e+04   -5.82421e+06   -2.77116e+04   -5.60112e+06
    Kinetic En.   Total Energy    Temperature Pressure (bar)
    9.48946e+05   -4.65217e+06    3.12020e+02   -1.19761e+00

Writing checkpoint, step 150869270 at Mon Oct  2 21:29:11 2023


Writing checkpoint, step 151076500 at Mon Oct  2 21:44:11 2023


DD  step 151199999 load imb.: force  9.4%

           Step           Time
      151200000   3780000.00000

   Energies (kJ/mol)
           Bond       G96Angle        LJ (SR)   Coulomb (SR)      Potential
    1.99891e+05    5.15757e+04   -5.82232e+06   -2.76425e+04   -5.59850e+06
    Kinetic En.   Total Energy    Temperature Pressure (bar)
    9.51772e+05   -4.64672e+06    3.12949e+02    5.68888e-01

Writing checkpoint, step 151282550 at Mon Oct  2 21:59:11 2023


Writing checkpoint, step 151494240 at Mon Oct  2 22:14:11 2023


DD  step 151599999 load imb.: force 11.3%

           Step           Time
      151600000   3790000.00000

   Energies (kJ/mol)
           Bond       G96Angle        LJ (SR)   Coulomb (SR)      Potential
    1.98302e+05    5.07953e+04   -5.82467e+06   -2.73330e+04   -5.60290e+06
    Kinetic En.   Total Energy    Temperature Pressure (bar)
    9.49361e+05   -4.65354e+06    3.12157e+02    7.33512e+00

Writing checkpoint, step 151703200 at Mon Oct  2 22:29:11 2023


Writing checkpoint, step 151905620 at Mon Oct  2 22:44:11 2023


DD  step 151999999 load imb.: force 10.3%

           Step           Time
      152000000   3800000.00000

   Energies (kJ/mol)
           Bond       G96Angle        LJ (SR)   Coulomb (SR)      Potential
    1.97388e+05    5.16481e+04   -5.82141e+06   -2.78787e+04   -5.60025e+06
    Kinetic En.   Total Energy    Temperature Pressure (bar)
    9.52338e+05   -4.64791e+06    3.13135e+02    6.87830e+00

Writing checkpoint, step 152109750 at Mon Oct  2 22:59:11 2023


Writing checkpoint, step 152309150 at Mon Oct  2 23:14:11 2023


DD  step 152399999 load imb.: force 11.3%

           Step           Time
      152400000   3810000.00000

   Energies (kJ/mol)
           Bond       G96Angle        LJ (SR)   Coulomb (SR)      Potential
    1.98458e+05    5.12034e+04   -5.82177e+06   -2.77332e+04   -5.59985e+06
    Kinetic En.   Total Energy    Temperature Pressure (bar)
    9.53073e+05   -4.64677e+06    3.13377e+02    6.33684e+00

Writing checkpoint, step 152514330 at Mon Oct  2 23:29:11 2023


Writing checkpoint, step 152719520 at Mon Oct  2 23:44:11 2023


DD  step 152799999 load imb.: force 11.3%

           Step           Time
      152800000   3820000.00000

   Energies (kJ/mol)
           Bond       G96Angle        LJ (SR)   Coulomb (SR)      Potential
    1.97291e+05    5.17175e+04   -5.82297e+06   -2.79343e+04   -5.60189e+06
    Kinetic En.   Total Energy    Temperature Pressure (bar)
    9.44770e+05   -4.65712e+06    3.10647e+02   -2.72745e+00

Writing checkpoint, step 152925540 at Mon Oct  2 23:59:11 2023


Writing checkpoint, step 153130820 at Tue Oct  3 00:14:11 2023


DD  step 153199999 load imb.: force  9.9%

           Step           Time
      153200000   3830000.00000

   Energies (kJ/mol)
           Bond       G96Angle        LJ (SR)   Coulomb (SR)      Potential
    2.00647e+05    5.12636e+04   -5.82238e+06   -2.69819e+04   -5.59745e+06
    Kinetic En.   Total Energy    Temperature Pressure (bar)
    9.50875e+05   -4.64658e+06    3.12654e+02    7.06527e+00

Writing checkpoint, step 153339700 at Tue Oct  3 00:29:11 2023


Writing checkpoint, step 153549690 at Tue Oct  3 00:44:11 2023


DD  step 153599999 load imb.: force 12.0%

           Step           Time
      153600000   3840000.00000

   Energies (kJ/mol)
           Bond       G96Angle        LJ (SR)   Coulomb (SR)      Potential
    1.98357e+05    5.17290e+04   -5.82509e+06   -2.78184e+04   -5.60282e+06
    Kinetic En.   Total Energy    Temperature Pressure (bar)
    9.52082e+05   -4.65074e+06    3.13051e+02   -6.47421e-01

Writing checkpoint, step 153753000 at Tue Oct  3 00:59:11 2023


Writing checkpoint, step 153956880 at Tue Oct  3 01:14:11 2023


DD  step 153999999 load imb.: force 11.6%

           Step           Time
      154000000   3850000.00000

   Energies (kJ/mol)
           Bond       G96Angle        LJ (SR)   Coulomb (SR)      Potential
    1.97256e+05    5.08059e+04   -5.82184e+06   -2.77327e+04   -5.60151e+06
    Kinetic En.   Total Energy    Temperature Pressure (bar)
    9.47250e+05   -4.65426e+06    3.11463e+02    2.81010e+00

Writing checkpoint, step 154160910 at Tue Oct  3 01:29:11 2023


Writing checkpoint, step 154370420 at Tue Oct  3 01:44:11 2023


DD  step 154399999 load imb.: force  9.9%

           Step           Time
      154400000   3860000.00000

   Energies (kJ/mol)
           Bond       G96Angle        LJ (SR)   Coulomb (SR)      Potential
    1.97886e+05    5.10088e+04   -5.82222e+06   -2.76624e+04   -5.60099e+06
    Kinetic En.   Total Energy    Temperature Pressure (bar)
    9.49759e+05   -4.65123e+06    3.12287e+02    5.50368e+00

Writing checkpoint, step 154571890 at Tue Oct  3 01:59:11 2023


Writing checkpoint, step 154777760 at Tue Oct  3 02:14:11 2023


DD  step 154799999 load imb.: force 13.3%

           Step           Time
      154800000   3870000.00000

   Energies (kJ/mol)
           Bond       G96Angle        LJ (SR)   Coulomb (SR)      Potential
    1.98015e+05    5.23748e+04   -5.81737e+06   -2.77716e+04   -5.59475e+06
    Kinetic En.   Total Energy    Temperature Pressure (bar)
    9.52952e+05   -4.64180e+06    3.13337e+02    4.98216e+00

Writing checkpoint, step 154977430 at Tue Oct  3 02:29:11 2023


Writing checkpoint, step 155167120 at Tue Oct  3 02:44:11 2023


DD  step 155199999 load imb.: force 15.0%

           Step           Time
      155200000   3880000.00000

   Energies (kJ/mol)
           Bond       G96Angle        LJ (SR)   Coulomb (SR)      Potential
    1.98722e+05    5.10190e+04   -5.82208e+06   -2.78842e+04   -5.60022e+06
    Kinetic En.   Total Energy    Temperature Pressure (bar)
    9.47663e+05   -4.65256e+06    3.11598e+02    4.00839e+00

Writing checkpoint, step 155366090 at Tue Oct  3 02:59:11 2023


Writing checkpoint, step 155569740 at Tue Oct  3 03:14:11 2023


DD  step 155599999 load imb.: force 14.7%

           Step           Time
      155600000   3890000.00000

   Energies (kJ/mol)
           Bond       G96Angle        LJ (SR)   Coulomb (SR)      Potential
    1.98910e+05    5.11938e+04   -5.82490e+06   -2.81138e+04   -5.60291e+06
    Kinetic En.   Total Energy    Temperature Pressure (bar)
    9.50948e+05   -4.65196e+06    3.12679e+02   -1.51904e+00

Writing checkpoint, step 155767630 at Tue Oct  3 03:29:11 2023


Writing checkpoint, step 155956290 at Tue Oct  3 03:44:11 2023


DD  step 155999999 load imb.: force 14.8%

           Step           Time
      156000000   3900000.00000

   Energies (kJ/mol)
           Bond       G96Angle        LJ (SR)   Coulomb (SR)      Potential
    1.99760e+05    5.12232e+04   -5.82123e+06   -2.78223e+04   -5.59807e+06
    Kinetic En.   Total Energy    Temperature Pressure (bar)
    9.49505e+05   -4.64857e+06    3.12204e+02    5.11595e+00

Writing checkpoint, step 156150370 at Tue Oct  3 03:59:11 2023


Writing checkpoint, step 156340590 at Tue Oct  3 04:14:11 2023


DD  step 156399999 load imb.: force 15.5%

           Step           Time
      156400000   3910000.00000

   Energies (kJ/mol)
           Bond       G96Angle        LJ (SR)   Coulomb (SR)      Potential
    1.99050e+05    5.11101e+04   -5.81949e+06   -2.74799e+04   -5.59681e+06
    Kinetic En.   Total Energy    Temperature Pressure (bar)
    9.53188e+05   -4.64362e+06    3.13415e+02    2.10579e-01

Writing checkpoint, step 156542700 at Tue Oct  3 04:29:11 2023


Writing checkpoint, step 156733200 at Tue Oct  3 04:44:11 2023


DD  step 156799999 load imb.: force 14.3%

           Step           Time
      156800000   3920000.00000

   Energies (kJ/mol)
           Bond       G96Angle        LJ (SR)   Coulomb (SR)      Potential
    1.96527e+05    5.17120e+04   -5.82254e+06   -2.78413e+04   -5.60214e+06
    Kinetic En.   Total Energy    Temperature Pressure (bar)
    9.47673e+05   -4.65447e+06    3.11602e+02   -2.79615e+00

Writing checkpoint, step 156934050 at Tue Oct  3 04:59:11 2023


Writing checkpoint, step 157122030 at Tue Oct  3 05:14:11 2023


DD  step 157199999 load imb.: force  9.8%

           Step           Time
      157200000   3930000.00000

   Energies (kJ/mol)
           Bond       G96Angle        LJ (SR)   Coulomb (SR)      Potential
    1.98003e+05    5.16809e+04   -5.82247e+06   -2.82803e+04   -5.60106e+06
    Kinetic En.   Total Energy    Temperature Pressure (bar)
    9.51365e+05   -4.64970e+06    3.12816e+02    1.14830e+01

Writing checkpoint, step 157332880 at Tue Oct  3 05:29:11 2023


Writing checkpoint, step 157537660 at Tue Oct  3 05:44:11 2023


DD  step 157599999 load imb.: force 12.2%

           Step           Time
      157600000   3940000.00000

   Energies (kJ/mol)
           Bond       G96Angle        LJ (SR)   Coulomb (SR)      Potential
    1.99053e+05    5.13551e+04   -5.82228e+06   -2.76010e+04   -5.59947e+06
    Kinetic En.   Total Energy    Temperature Pressure (bar)
    9.51514e+05   -4.64796e+06    3.12864e+02    3.14715e+00

Writing checkpoint, step 157738250 at Tue Oct  3 05:59:11 2023


Writing checkpoint, step 157933240 at Tue Oct  3 06:14:11 2023


DD  step 157999999 load imb.: force  9.2%

           Step           Time
      158000000   3950000.00000

   Energies (kJ/mol)
           Bond       G96Angle        LJ (SR)   Coulomb (SR)      Potential
    1.97738e+05    5.19384e+04   -5.82342e+06   -2.80257e+04   -5.60177e+06
    Kinetic En.   Total Energy    Temperature Pressure (bar)
    9.49188e+05   -4.65258e+06    3.12100e+02    4.36901e-01

Writing checkpoint, step 158132210 at Tue Oct  3 06:29:11 2023


Writing checkpoint, step 158333670 at Tue Oct  3 06:44:11 2023


DD  step 158399999 load imb.: force 14.5%

           Step           Time
      158400000   3960000.00000

   Energies (kJ/mol)
           Bond       G96Angle        LJ (SR)   Coulomb (SR)      Potential
    1.98644e+05    5.12524e+04   -5.81976e+06   -2.80499e+04   -5.59792e+06
    Kinetic En.   Total Energy    Temperature Pressure (bar)
    9.49254e+05   -4.64866e+06    3.12122e+02   -3.17798e+00

Writing checkpoint, step 158533560 at Tue Oct  3 06:59:11 2023


Writing checkpoint, step 158730990 at Tue Oct  3 07:14:11 2023


DD  step 158799999 load imb.: force 14.4%

           Step           Time
      158800000   3970000.00000

   Energies (kJ/mol)
           Bond       G96Angle        LJ (SR)   Coulomb (SR)      Potential
    1.97738e+05    5.15846e+04   -5.82544e+06   -2.76166e+04   -5.60374e+06
    Kinetic En.   Total Energy    Temperature Pressure (bar)
    9.50896e+05   -4.65284e+06    3.12661e+02    1.42702e+00

Writing checkpoint, step 158933420 at Tue Oct  3 07:29:11 2023


Writing checkpoint, step 159128540 at Tue Oct  3 07:44:11 2023


DD  step 159199999 load imb.: force 14.6%

           Step           Time
      159200000   3980000.00000

   Energies (kJ/mol)
           Bond       G96Angle        LJ (SR)   Coulomb (SR)      Potential
    1.97115e+05    5.13674e+04   -5.82054e+06   -2.75010e+04   -5.59956e+06
    Kinetic En.   Total Energy    Temperature Pressure (bar)
    9.49290e+05   -4.65027e+06    3.12133e+02   -5.85967e-01

Writing checkpoint, step 159332400 at Tue Oct  3 07:59:11 2023


Writing checkpoint, step 159531430 at Tue Oct  3 08:14:11 2023


DD  step 159599999 load imb.: force 14.2%

           Step           Time
      159600000   3990000.00000

   Energies (kJ/mol)
           Bond       G96Angle        LJ (SR)   Coulomb (SR)      Potential
    1.98630e+05    5.14466e+04   -5.81797e+06   -2.75466e+04   -5.59544e+06
    Kinetic En.   Total Energy    Temperature Pressure (bar)
    9.52523e+05   -4.64292e+06    3.13196e+02    1.87539e+01

Writing checkpoint, step 159730500 at Tue Oct  3 08:29:11 2023


Writing checkpoint, step 159910600 at Tue Oct  3 08:44:11 2023


DD  step 159999999 load imb.: force 14.8%

           Step           Time
      160000000   4000000.00000

   Energies (kJ/mol)
           Bond       G96Angle        LJ (SR)   Coulomb (SR)      Potential
    1.98390e+05    5.14542e+04   -5.81747e+06   -2.79708e+04   -5.59559e+06
    Kinetic En.   Total Energy    Temperature Pressure (bar)
    9.56302e+05   -4.63929e+06    3.14439e+02    8.39864e+00

Writing checkpoint, step 160111000 at Tue Oct  3 08:59:11 2023


Writing checkpoint, step 160310900 at Tue Oct  3 09:14:11 2023


DD  step 160399999 load imb.: force 14.6%

           Step           Time
      160400000   4010000.00000

   Energies (kJ/mol)
           Bond       G96Angle        LJ (SR)   Coulomb (SR)      Potential
    1.98966e+05    5.14034e+04   -5.82035e+06   -2.76232e+04   -5.59760e+06
    Kinetic En.   Total Energy    Temperature Pressure (bar)
    9.54648e+05   -4.64296e+06    3.13895e+02    1.68565e+01

Writing checkpoint, step 160497490 at Tue Oct  3 09:29:11 2023


Writing checkpoint, step 160701420 at Tue Oct  3 09:44:11 2023


DD  step 160799999 load imb.: force 15.0%

           Step           Time
      160800000   4020000.00000

   Energies (kJ/mol)
           Bond       G96Angle        LJ (SR)   Coulomb (SR)      Potential
    1.96601e+05    5.13362e+04   -5.82613e+06   -2.79793e+04   -5.60617e+06
    Kinetic En.   Total Energy    Temperature Pressure (bar)
    9.49040e+05   -4.65713e+06    3.12051e+02   -3.30831e+00

Writing checkpoint, step 160900570 at Tue Oct  3 09:59:11 2023


Writing checkpoint, step 161097030 at Tue Oct  3 10:14:11 2023


DD  step 161199999 load imb.: force 13.7%

           Step           Time
      161200000   4030000.00000

   Energies (kJ/mol)
           Bond       G96Angle        LJ (SR)   Coulomb (SR)      Potential
    1.98354e+05    5.11958e+04   -5.82424e+06   -2.79896e+04   -5.60268e+06
    Kinetic En.   Total Energy    Temperature Pressure (bar)
    9.47839e+05   -4.65485e+06    3.11656e+02    2.22764e+00

Writing checkpoint, step 161295990 at Tue Oct  3 10:29:11 2023


Writing checkpoint, step 161492960 at Tue Oct  3 10:44:11 2023


DD  step 161599999 load imb.: force 13.8%

           Step           Time
      161600000   4040000.00000

   Energies (kJ/mol)
           Bond       G96Angle        LJ (SR)   Coulomb (SR)      Potential
    1.99073e+05    5.11805e+04   -5.82358e+06   -2.78130e+04   -5.60114e+06
    Kinetic En.   Total Energy    Temperature Pressure (bar)
    9.49671e+05   -4.65147e+06    3.12259e+02   -8.64276e+00

Writing checkpoint, step 161696940 at Tue Oct  3 10:59:11 2023


Writing checkpoint, step 161899050 at Tue Oct  3 11:14:11 2023


DD  step 161999999 load imb.: force 15.7%

           Step           Time
      162000000   4050000.00000

   Energies (kJ/mol)
           Bond       G96Angle        LJ (SR)   Coulomb (SR)      Potential
    1.98349e+05    5.17996e+04   -5.82394e+06   -2.78787e+04   -5.60168e+06
    Kinetic En.   Total Energy    Temperature Pressure (bar)
    9.49771e+05   -4.65190e+06    3.12291e+02   -8.98437e+00

Writing checkpoint, step 162098600 at Tue Oct  3 11:29:11 2023


Writing checkpoint, step 162301180 at Tue Oct  3 11:44:11 2023


DD  step 162399999 load imb.: force 13.8%

           Step           Time
      162400000   4060000.00000

   Energies (kJ/mol)
           Bond       G96Angle        LJ (SR)   Coulomb (SR)      Potential
    1.99149e+05    5.09876e+04   -5.82308e+06   -2.77936e+04   -5.60074e+06
    Kinetic En.   Total Energy    Temperature Pressure (bar)
    9.49212e+05   -4.65152e+06    3.12107e+02   -2.95167e+00

Writing checkpoint, step 162495750 at Tue Oct  3 11:59:11 2023


Writing checkpoint, step 162695700 at Tue Oct  3 12:14:11 2023


DD  step 162799999 load imb.: force 12.4%

           Step           Time
      162800000   4070000.00000

   Energies (kJ/mol)
           Bond       G96Angle        LJ (SR)   Coulomb (SR)      Potential
    1.97657e+05    5.12191e+04   -5.82117e+06   -2.79290e+04   -5.60022e+06
    Kinetic En.   Total Energy    Temperature Pressure (bar)
    9.52902e+05   -4.64732e+06    3.13321e+02    2.12289e+00

Writing checkpoint, step 162898780 at Tue Oct  3 12:29:11 2023


Writing checkpoint, step 163102670 at Tue Oct  3 12:44:11 2023


DD  step 163199999 load imb.: force 13.9%

           Step           Time
      163200000   4080000.00000

   Energies (kJ/mol)
           Bond       G96Angle        LJ (SR)   Coulomb (SR)      Potential
    1.97422e+05    5.10846e+04   -5.82272e+06   -2.76145e+04   -5.60182e+06
    Kinetic En.   Total Energy    Temperature Pressure (bar)
    9.48706e+05   -4.65312e+06    3.11941e+02   -2.19029e+00

Writing checkpoint, step 163299260 at Tue Oct  3 12:59:11 2023


Writing checkpoint, step 163501400 at Tue Oct  3 13:14:11 2023


DD  step 163599999 load imb.: force 14.3%

           Step           Time
      163600000   4090000.00000

   Energies (kJ/mol)
           Bond       G96Angle        LJ (SR)   Coulomb (SR)      Potential
    1.98979e+05    5.18198e+04   -5.82385e+06   -2.75249e+04   -5.60058e+06
    Kinetic En.   Total Energy    Temperature Pressure (bar)
    9.52170e+05   -4.64841e+06    3.13080e+02   -7.09382e+00

Writing checkpoint, step 163706590 at Tue Oct  3 13:29:11 2023


Writing checkpoint, step 163902230 at Tue Oct  3 13:44:11 2023


DD  step 163999999 load imb.: force 14.8%

           Step           Time
      164000000   4100000.00000

   Energies (kJ/mol)
           Bond       G96Angle        LJ (SR)   Coulomb (SR)      Potential
    1.97418e+05    5.21893e+04   -5.82306e+06   -2.76988e+04   -5.60115e+06
    Kinetic En.   Total Energy    Temperature Pressure (bar)
    9.47427e+05   -4.65372e+06    3.11521e+02    1.41612e+00

Writing checkpoint, step 164109270 at Tue Oct  3 13:59:11 2023


Writing checkpoint, step 164311330 at Tue Oct  3 14:14:11 2023


DD  step 164399999 load imb.: force 14.4%

           Step           Time
      164400000   4110000.00000

   Energies (kJ/mol)
           Bond       G96Angle        LJ (SR)   Coulomb (SR)      Potential
    1.97953e+05    5.09748e+04   -5.82089e+06   -2.76390e+04   -5.59960e+06
    Kinetic En.   Total Energy    Temperature Pressure (bar)
    9.52459e+05   -4.64714e+06    3.13175e+02    7.17271e+00

Writing checkpoint, step 164514650 at Tue Oct  3 14:29:11 2023


Writing checkpoint, step 164711720 at Tue Oct  3 14:44:11 2023


DD  step 164799999 load imb.: force 14.8%

           Step           Time
      164800000   4120000.00000

   Energies (kJ/mol)
           Bond       G96Angle        LJ (SR)   Coulomb (SR)      Potential
    1.97203e+05    5.13806e+04   -5.82258e+06   -2.78829e+04   -5.60187e+06
    Kinetic En.   Total Energy    Temperature Pressure (bar)
    9.46465e+05   -4.65541e+06    3.11204e+02    6.24407e+00

Writing checkpoint, step 164912490 at Tue Oct  3 14:59:11 2023


Writing checkpoint, step 165117610 at Tue Oct  3 15:14:11 2023


DD  step 165199999 load imb.: force 13.9%

           Step           Time
      165200000   4130000.00000

   Energies (kJ/mol)
           Bond       G96Angle        LJ (SR)   Coulomb (SR)      Potential
    1.98492e+05    5.12274e+04   -5.82344e+06   -2.75556e+04   -5.60128e+06
    Kinetic En.   Total Energy    Temperature Pressure (bar)
    9.52017e+05   -4.64926e+06    3.13030e+02    1.38457e+00

Writing checkpoint, step 165301130 at Tue Oct  3 15:29:11 2023


Writing checkpoint, step 165496970 at Tue Oct  3 15:44:11 2023


DD  step 165599999 load imb.: force 14.6%

           Step           Time
      165600000   4140000.00000

   Energies (kJ/mol)
           Bond       G96Angle        LJ (SR)   Coulomb (SR)      Potential
    1.98193e+05    5.13268e+04   -5.82040e+06   -2.78452e+04   -5.59873e+06
    Kinetic En.   Total Energy    Temperature Pressure (bar)
    9.52448e+05   -4.64628e+06    3.13171e+02    4.14961e+00

Writing checkpoint, step 165686920 at Tue Oct  3 15:59:11 2023


Writing checkpoint, step 165892480 at Tue Oct  3 16:14:11 2023


DD  step 165999999 load imb.: force 13.9%

           Step           Time
      166000000   4150000.00000

   Energies (kJ/mol)
           Bond       G96Angle        LJ (SR)   Coulomb (SR)      Potential
    1.98534e+05    5.07347e+04   -5.82086e+06   -2.81416e+04   -5.59974e+06
    Kinetic En.   Total Energy    Temperature Pressure (bar)
    9.52079e+05   -4.64766e+06    3.13050e+02    1.04741e+00

Writing checkpoint, step 166098330 at Tue Oct  3 16:29:11 2023


Writing checkpoint, step 166294270 at Tue Oct  3 16:44:11 2023


DD  step 166399999 load imb.: force 15.4%

           Step           Time
      166400000   4160000.00000

   Energies (kJ/mol)
           Bond       G96Angle        LJ (SR)   Coulomb (SR)      Potential
    1.99079e+05    5.14425e+04   -5.82242e+06   -2.77082e+04   -5.59960e+06
    Kinetic En.   Total Energy    Temperature Pressure (bar)
    9.51128e+05   -4.64847e+06    3.12738e+02    6.90046e+00

Writing checkpoint, step 166495860 at Tue Oct  3 16:59:11 2023


Writing checkpoint, step 166691200 at Tue Oct  3 17:14:11 2023


DD  step 166799999 load imb.: force 14.9%

           Step           Time
      166800000   4170000.00000

   Energies (kJ/mol)
           Bond       G96Angle        LJ (SR)   Coulomb (SR)      Potential
    1.98119e+05    5.16635e+04   -5.81892e+06   -2.78221e+04   -5.59696e+06
    Kinetic En.   Total Energy    Temperature Pressure (bar)
    9.51131e+05   -4.64583e+06    3.12739e+02    1.25115e+01

Writing checkpoint, step 166881800 at Tue Oct  3 17:29:11 2023


Writing checkpoint, step 167068890 at Tue Oct  3 17:44:11 2023


DD  step 167199999 load imb.: force 15.0%

           Step           Time
      167200000   4180000.00000

   Energies (kJ/mol)
           Bond       G96Angle        LJ (SR)   Coulomb (SR)      Potential
    1.98202e+05    5.06861e+04   -5.82229e+06   -2.78341e+04   -5.60123e+06
    Kinetic En.   Total Energy    Temperature Pressure (bar)
    9.52684e+05   -4.64855e+06    3.13249e+02    3.69007e+00

Writing checkpoint, step 167269880 at Tue Oct  3 17:59:11 2023


Writing checkpoint, step 167459180 at Tue Oct  3 18:14:11 2023


DD  step 167599999 load imb.: force 15.4%

           Step           Time
      167600000   4190000.00000

   Energies (kJ/mol)
           Bond       G96Angle        LJ (SR)   Coulomb (SR)      Potential
    1.98723e+05    5.16614e+04   -5.81907e+06   -2.76889e+04   -5.59637e+06
    Kinetic En.   Total Energy    Temperature Pressure (bar)
    9.50448e+05   -4.64592e+06    3.12514e+02    5.39116e+00

Writing checkpoint, step 167662150 at Tue Oct  3 18:29:11 2023


Writing checkpoint, step 167860140 at Tue Oct  3 18:44:11 2023


DD  step 167999999 load imb.: force 14.7%

           Step           Time
      168000000   4200000.00000

   Energies (kJ/mol)
           Bond       G96Angle        LJ (SR)   Coulomb (SR)      Potential
    1.97533e+05    5.15355e+04   -5.82487e+06   -2.80189e+04   -5.60382e+06
    Kinetic En.   Total Energy    Temperature Pressure (bar)
    9.48643e+05   -4.65518e+06    3.11920e+02   -6.15462e+00

Writing checkpoint, step 168060540 at Tue Oct  3 18:59:11 2023


Writing checkpoint, step 168259350 at Tue Oct  3 19:14:11 2023


DD  step 168399999 load imb.: force 14.2%

           Step           Time
      168400000   4210000.00000

   Energies (kJ/mol)
           Bond       G96Angle        LJ (SR)   Coulomb (SR)      Potential
    1.97678e+05    5.13772e+04   -5.82483e+06   -2.79027e+04   -5.60368e+06
    Kinetic En.   Total Energy    Temperature Pressure (bar)
    9.47210e+05   -4.65647e+06    3.11449e+02   -2.21148e+00

Writing checkpoint, step 168434160 at Tue Oct  3 19:29:11 2023


Writing checkpoint, step 168631890 at Tue Oct  3 19:44:11 2023


DD  step 168799999 load imb.: force 14.7%

           Step           Time
      168800000   4220000.00000

   Energies (kJ/mol)
           Bond       G96Angle        LJ (SR)   Coulomb (SR)      Potential
    1.98332e+05    5.13536e+04   -5.82096e+06   -2.81090e+04   -5.59938e+06
    Kinetic En.   Total Energy    Temperature Pressure (bar)
    9.50388e+05   -4.64899e+06    3.12494e+02    1.98090e+00

Writing checkpoint, step 168835510 at Tue Oct  3 19:59:11 2023


Writing checkpoint, step 169034280 at Tue Oct  3 20:14:11 2023


DD  step 169199999 load imb.: force 14.6%

           Step           Time
      169200000   4230000.00000

   Energies (kJ/mol)
           Bond       G96Angle        LJ (SR)   Coulomb (SR)      Potential
    1.99621e+05    5.13184e+04   -5.81442e+06   -2.78204e+04   -5.59130e+06
    Kinetic En.   Total Energy    Temperature Pressure (bar)
    9.52242e+05   -4.63906e+06    3.13104e+02    7.94744e+00

Writing checkpoint, step 169232380 at Tue Oct  3 20:29:11 2023


Writing checkpoint, step 169436290 at Tue Oct  3 20:44:11 2023


DD  step 169599999 load imb.: force 12.8%

           Step           Time
      169600000   4240000.00000

   Energies (kJ/mol)
           Bond       G96Angle        LJ (SR)   Coulomb (SR)      Potential
    1.97795e+05    5.13621e+04   -5.81991e+06   -2.78319e+04   -5.59859e+06
    Kinetic En.   Total Energy    Temperature Pressure (bar)
    9.51581e+05   -4.64700e+06    3.12886e+02    1.80078e+00

Writing checkpoint, step 169632330 at Tue Oct  3 20:59:11 2023


Writing checkpoint, step 169833810 at Tue Oct  3 21:14:11 2023


DD  step 169999999 load imb.: force 13.9%

           Step           Time
      170000000   4250000.00000

   Energies (kJ/mol)
           Bond       G96Angle        LJ (SR)   Coulomb (SR)      Potential
    1.98948e+05    5.08412e+04   -5.82434e+06   -2.76728e+04   -5.60222e+06
    Kinetic En.   Total Energy    Temperature Pressure (bar)
    9.51282e+05   -4.65094e+06    3.12788e+02   -3.90863e+00

Writing checkpoint, step 170019510 at Tue Oct  3 21:29:11 2023


Writing checkpoint, step 170223110 at Tue Oct  3 21:44:11 2023


DD  step 170399999 load imb.: force 14.4%

           Step           Time
      170400000   4260000.00000

   Energies (kJ/mol)
           Bond       G96Angle        LJ (SR)   Coulomb (SR)      Potential
    1.98162e+05    5.16292e+04   -5.81919e+06   -2.74058e+04   -5.59680e+06
    Kinetic En.   Total Energy    Temperature Pressure (bar)
    9.51054e+05   -4.64575e+06    3.12713e+02    3.74986e+00

Writing checkpoint, step 170426310 at Tue Oct  3 21:59:11 2023


Writing checkpoint, step 170629050 at Tue Oct  3 22:14:11 2023


DD  step 170799999 load imb.: force 15.1%

           Step           Time
      170800000   4270000.00000

   Energies (kJ/mol)
           Bond       G96Angle        LJ (SR)   Coulomb (SR)      Potential
    1.99133e+05    5.11330e+04   -5.82200e+06   -2.79987e+04   -5.59974e+06
    Kinetic En.   Total Energy    Temperature Pressure (bar)
    9.50823e+05   -4.64891e+06    3.12637e+02    4.22433e-01

Writing checkpoint, step 170833600 at Tue Oct  3 22:29:11 2023


Writing checkpoint, step 171037400 at Tue Oct  3 22:44:11 2023


DD  step 171199999 load imb.: force 14.9%

           Step           Time
      171200000   4280000.00000

   Energies (kJ/mol)
           Bond       G96Angle        LJ (SR)   Coulomb (SR)      Potential
    1.98943e+05    5.13756e+04   -5.82589e+06   -2.78495e+04   -5.60342e+06
    Kinetic En.   Total Energy    Temperature Pressure (bar)
    9.51122e+05   -4.65230e+06    3.12736e+02   -6.72693e+00

Writing checkpoint, step 171237540 at Tue Oct  3 22:59:11 2023


Writing checkpoint, step 171439530 at Tue Oct  3 23:14:11 2023


DD  step 171599999 load imb.: force 14.6%

           Step           Time
      171600000   4290000.00000

   Energies (kJ/mol)
           Bond       G96Angle        LJ (SR)   Coulomb (SR)      Potential
    1.97767e+05    5.10612e+04   -5.82155e+06   -2.77902e+04   -5.60051e+06
    Kinetic En.   Total Energy    Temperature Pressure (bar)
    9.51400e+05   -4.64911e+06    3.12827e+02    1.08065e+01

Writing checkpoint, step 171640910 at Tue Oct  3 23:29:11 2023


Writing checkpoint, step 171846090 at Tue Oct  3 23:44:11 2023


DD  step 171999999 load imb.: force 15.2%

           Step           Time
      172000000   4300000.00000

   Energies (kJ/mol)
           Bond       G96Angle        LJ (SR)   Coulomb (SR)      Potential
    1.98383e+05    5.15756e+04   -5.82132e+06   -2.74647e+04   -5.59883e+06
    Kinetic En.   Total Energy    Temperature Pressure (bar)
    9.46723e+05   -4.65211e+06    3.11289e+02    3.68897e+00

Writing checkpoint, step 172032430 at Tue Oct  3 23:59:11 2023


Writing checkpoint, step 172231010 at Wed Oct  4 00:14:11 2023


DD  step 172399999 load imb.: force 14.0%

           Step           Time
      172400000   4310000.00000

   Energies (kJ/mol)
           Bond       G96Angle        LJ (SR)   Coulomb (SR)      Potential
    1.98934e+05    5.10874e+04   -5.82426e+06   -2.77574e+04   -5.60199e+06
    Kinetic En.   Total Energy    Temperature Pressure (bar)
    9.48371e+05   -4.65362e+06    3.11831e+02   -1.55157e+00

Writing checkpoint, step 172435630 at Wed Oct  4 00:29:11 2023


Writing checkpoint, step 172639160 at Wed Oct  4 00:44:11 2023


DD  step 172799999 load imb.: force 16.5%

           Step           Time
      172800000   4320000.00000

   Energies (kJ/mol)
           Bond       G96Angle        LJ (SR)   Coulomb (SR)      Potential
    1.98240e+05    5.11872e+04   -5.82264e+06   -2.74299e+04   -5.60065e+06
    Kinetic En.   Total Energy    Temperature Pressure (bar)
    9.49319e+05   -4.65133e+06    3.12143e+02   -1.63733e-01

Writing checkpoint, step 172843970 at Wed Oct  4 00:59:11 2023


Writing checkpoint, step 173031580 at Wed Oct  4 01:14:11 2023


DD  step 173199999 load imb.: force 14.2%

           Step           Time
      173200000   4330000.00000

   Energies (kJ/mol)
           Bond       G96Angle        LJ (SR)   Coulomb (SR)      Potential
    1.98365e+05    5.19150e+04   -5.82124e+06   -2.78833e+04   -5.59885e+06
    Kinetic En.   Total Energy    Temperature Pressure (bar)
    9.50608e+05   -4.64824e+06    3.12567e+02   -6.48775e+00

Writing checkpoint, step 173234100 at Wed Oct  4 01:29:11 2023


Writing checkpoint, step 173437160 at Wed Oct  4 01:44:11 2023


DD  step 173599999 load imb.: force 15.3%

           Step           Time
      173600000   4340000.00000

   Energies (kJ/mol)
           Bond       G96Angle        LJ (SR)   Coulomb (SR)      Potential
    1.98170e+05    5.15791e+04   -5.82107e+06   -2.81532e+04   -5.59947e+06
    Kinetic En.   Total Energy    Temperature Pressure (bar)
    9.48368e+05   -4.65110e+06    3.11830e+02    2.97450e+00

Writing checkpoint, step 173641210 at Wed Oct  4 01:59:11 2023


Writing checkpoint, step 173839710 at Wed Oct  4 02:14:11 2023


DD  step 173999999 load imb.: force 14.3%

           Step           Time
      174000000   4350000.00000

   Energies (kJ/mol)
           Bond       G96Angle        LJ (SR)   Coulomb (SR)      Potential
    1.97740e+05    5.13744e+04   -5.81803e+06   -2.79794e+04   -5.59689e+06
    Kinetic En.   Total Energy    Temperature Pressure (bar)
    9.51251e+05   -4.64564e+06    3.12778e+02    9.19064e+00

Writing checkpoint, step 174028440 at Wed Oct  4 02:29:11 2023


Writing checkpoint, step 174205270 at Wed Oct  4 02:44:11 2023


DD  step 174399999 load imb.: force 15.0%

           Step           Time
      174400000   4360000.00000

   Energies (kJ/mol)
           Bond       G96Angle        LJ (SR)   Coulomb (SR)      Potential
    1.98428e+05    5.15738e+04   -5.82540e+06   -2.78581e+04   -5.60326e+06
    Kinetic En.   Total Energy    Temperature Pressure (bar)
    9.51046e+05   -4.65222e+06    3.12711e+02    1.12487e+00

Writing checkpoint, step 174411470 at Wed Oct  4 02:59:11 2023


Writing checkpoint, step 174605260 at Wed Oct  4 03:14:11 2023


DD  step 174799999 load imb.: force 14.9%

           Step           Time
      174800000   4370000.00000

   Energies (kJ/mol)
           Bond       G96Angle        LJ (SR)   Coulomb (SR)      Potential
    1.96350e+05    5.15500e+04   -5.82264e+06   -2.80543e+04   -5.60279e+06
    Kinetic En.   Total Energy    Temperature Pressure (bar)
    9.46780e+05   -4.65601e+06    3.11308e+02    1.07180e+01

Writing checkpoint, step 174803810 at Wed Oct  4 03:29:11 2023


Writing checkpoint, step 175007860 at Wed Oct  4 03:44:11 2023


DD  step 175199999 load imb.: force 14.6%

           Step           Time
      175200000   4380000.00000

   Energies (kJ/mol)
           Bond       G96Angle        LJ (SR)   Coulomb (SR)      Potential
    1.98185e+05    5.12260e+04   -5.82504e+06   -2.77929e+04   -5.60342e+06
    Kinetic En.   Total Energy    Temperature Pressure (bar)
    9.50424e+05   -4.65300e+06    3.12506e+02   -3.02345e+00

Writing checkpoint, step 175207640 at Wed Oct  4 03:59:11 2023


Writing checkpoint, step 175402130 at Wed Oct  4 04:14:11 2023


DD  step 175599999 load imb.: force 13.8%

           Step           Time
      175600000   4390000.00000

   Energies (kJ/mol)
           Bond       G96Angle        LJ (SR)   Coulomb (SR)      Potential
    1.99179e+05    5.11263e+04   -5.82415e+06   -2.81274e+04   -5.60197e+06
    Kinetic En.   Total Energy    Temperature Pressure (bar)
    9.50743e+05   -4.65123e+06    3.12611e+02    6.61335e+00

Writing checkpoint, step 175606840 at Wed Oct  4 04:29:11 2023


Writing checkpoint, step 175806540 at Wed Oct  4 04:44:11 2023


DD  step 175999999 load imb.: force 15.4%

           Step           Time
      176000000   4400000.00000

   Energies (kJ/mol)
           Bond       G96Angle        LJ (SR)   Coulomb (SR)      Potential
    1.98860e+05    5.11801e+04   -5.82351e+06   -2.80599e+04   -5.60153e+06
    Kinetic En.   Total Energy    Temperature Pressure (bar)
    9.52481e+05   -4.64905e+06    3.13183e+02    3.22659e+00

Writing checkpoint, step 176009330 at Wed Oct  4 04:59:11 2023


Writing checkpoint, step 176204990 at Wed Oct  4 05:14:11 2023


Writing checkpoint, step 176393950 at Wed Oct  4 05:29:11 2023


DD  step 176399999 load imb.: force 14.6%

           Step           Time
      176400000   4410000.00000

   Energies (kJ/mol)
           Bond       G96Angle        LJ (SR)   Coulomb (SR)      Potential
    1.98246e+05    5.15749e+04   -5.82191e+06   -2.79035e+04   -5.59999e+06
    Kinetic En.   Total Energy    Temperature Pressure (bar)
    9.48327e+05   -4.65167e+06    3.11817e+02    4.65250e+00

Writing checkpoint, step 176593490 at Wed Oct  4 05:44:11 2023


Writing checkpoint, step 176796330 at Wed Oct  4 05:59:11 2023


DD  step 176799999 load imb.: force 14.8%

           Step           Time
      176800000   4420000.00000

   Energies (kJ/mol)
           Bond       G96Angle        LJ (SR)   Coulomb (SR)      Potential
    1.97552e+05    5.11013e+04   -5.82519e+06   -2.79515e+04   -5.60449e+06
    Kinetic En.   Total Energy    Temperature Pressure (bar)
    9.48579e+05   -4.65591e+06    3.11899e+02   -2.82192e+00

Writing checkpoint, step 176998830 at Wed Oct  4 06:14:11 2023


Writing checkpoint, step 177188450 at Wed Oct  4 06:29:11 2023


DD  step 177199999 load imb.: force 14.4%

           Step           Time
      177200000   4430000.00000

   Energies (kJ/mol)
           Bond       G96Angle        LJ (SR)   Coulomb (SR)      Potential
    1.97354e+05    5.11966e+04   -5.82307e+06   -2.79184e+04   -5.60244e+06
    Kinetic En.   Total Energy    Temperature Pressure (bar)
    9.49367e+05   -4.65307e+06    3.12159e+02    5.61931e+00

Writing checkpoint, step 177385430 at Wed Oct  4 06:44:11 2023


Writing checkpoint, step 177583500 at Wed Oct  4 06:59:11 2023


DD  step 177599999 load imb.: force 15.2%

           Step           Time
      177600000   4440000.00000

   Energies (kJ/mol)
           Bond       G96Angle        LJ (SR)   Coulomb (SR)      Potential
    1.98733e+05    5.15086e+04   -5.82321e+06   -2.76523e+04   -5.60062e+06
    Kinetic En.   Total Energy    Temperature Pressure (bar)
    9.50061e+05   -4.65056e+06    3.12387e+02    9.37714e-01

Writing checkpoint, step 177780000 at Wed Oct  4 07:14:11 2023


Writing checkpoint, step 177981340 at Wed Oct  4 07:29:11 2023


DD  step 177999999 load imb.: force 15.1%

           Step           Time
      178000000   4450000.00000

   Energies (kJ/mol)
           Bond       G96Angle        LJ (SR)   Coulomb (SR)      Potential
    1.98767e+05    5.15287e+04   -5.82101e+06   -2.78778e+04   -5.59859e+06
    Kinetic En.   Total Energy    Temperature Pressure (bar)
    9.48129e+05   -4.65046e+06    3.11752e+02    8.97163e+00

Writing checkpoint, step 178186350 at Wed Oct  4 07:44:11 2023


Writing checkpoint, step 178384960 at Wed Oct  4 07:59:11 2023


DD  step 178399999 load imb.: force 13.2%

           Step           Time
      178400000   4460000.00000

   Energies (kJ/mol)
           Bond       G96Angle        LJ (SR)   Coulomb (SR)      Potential
    1.97905e+05    5.11010e+04   -5.82155e+06   -2.79001e+04   -5.60044e+06
    Kinetic En.   Total Energy    Temperature Pressure (bar)
    9.54542e+05   -4.64590e+06    3.13860e+02    3.16828e+00

Writing checkpoint, step 178589810 at Wed Oct  4 08:14:11 2023


Writing checkpoint, step 178793270 at Wed Oct  4 08:29:11 2023


DD  step 178799999 load imb.: force 15.0%

           Step           Time
      178800000   4470000.00000

   Energies (kJ/mol)
           Bond       G96Angle        LJ (SR)   Coulomb (SR)      Potential
    1.99428e+05    5.08272e+04   -5.82167e+06   -2.77686e+04   -5.59918e+06
    Kinetic En.   Total Energy    Temperature Pressure (bar)
    9.48821e+05   -4.65036e+06    3.11979e+02    1.99874e+00

Writing checkpoint, step 178986640 at Wed Oct  4 08:44:11 2023


Writing checkpoint, step 179192790 at Wed Oct  4 08:59:11 2023


DD  step 179199999 load imb.: force 14.4%

           Step           Time
      179200000   4480000.00000

   Energies (kJ/mol)
           Bond       G96Angle        LJ (SR)   Coulomb (SR)      Potential
    1.98398e+05    5.20098e+04   -5.82241e+06   -2.76222e+04   -5.59962e+06
    Kinetic En.   Total Energy    Temperature Pressure (bar)
    9.51129e+05   -4.64849e+06    3.12738e+02    2.85087e+00

Writing checkpoint, step 179397740 at Wed Oct  4 09:14:11 2023


DD  step 179599999 load imb.: force 14.1%

           Step           Time
      179600000   4490000.00000

   Energies (kJ/mol)
           Bond       G96Angle        LJ (SR)   Coulomb (SR)      Potential
    1.98729e+05    5.21528e+04   -5.82208e+06   -2.74726e+04   -5.59867e+06
    Kinetic En.   Total Energy    Temperature Pressure (bar)
    9.51318e+05   -4.64735e+06    3.12800e+02    6.26181e+00

Writing checkpoint, step 179600350 at Wed Oct  4 09:29:11 2023


Writing checkpoint, step 179803530 at Wed Oct  4 09:44:11 2023


DD  step 179999999 load imb.: force 13.5%

           Step           Time
      180000000   4500000.00000

   Energies (kJ/mol)
           Bond       G96Angle        LJ (SR)   Coulomb (SR)      Potential
    1.97827e+05    5.12721e+04   -5.82360e+06   -2.78135e+04   -5.60232e+06
    Kinetic En.   Total Energy    Temperature Pressure (bar)
    9.46630e+05   -4.65569e+06    3.11259e+02   -1.57463e+00

Writing checkpoint, step 180011570 at Wed Oct  4 09:59:11 2023


Writing checkpoint, step 180203590 at Wed Oct  4 10:14:11 2023


DD  step 180399999 load imb.: force 13.4%

           Step           Time
      180400000   4510000.00000

   Energies (kJ/mol)
           Bond       G96Angle        LJ (SR)   Coulomb (SR)      Potential
    1.97914e+05    5.15476e+04   -5.82051e+06   -2.75664e+04   -5.59862e+06
    Kinetic En.   Total Energy    Temperature Pressure (bar)
    9.47959e+05   -4.65066e+06    3.11696e+02   -1.97081e+00

Writing checkpoint, step 180404640 at Wed Oct  4 10:29:11 2023


Writing checkpoint, step 180611480 at Wed Oct  4 10:44:11 2023


DD  step 180799999 load imb.: force 14.1%

           Step           Time
      180800000   4520000.00000

   Energies (kJ/mol)
           Bond       G96Angle        LJ (SR)   Coulomb (SR)      Potential
    1.98255e+05    5.11708e+04   -5.82346e+06   -2.80334e+04   -5.60207e+06
    Kinetic En.   Total Energy    Temperature Pressure (bar)
    9.50846e+05   -4.65122e+06    3.12645e+02   -4.82707e+00

Writing checkpoint, step 180814200 at Wed Oct  4 10:59:11 2023


Writing checkpoint, step 181019370 at Wed Oct  4 11:14:11 2023


DD  step 181199999 load imb.: force 13.8%

           Step           Time
      181200000   4530000.00000

   Energies (kJ/mol)
           Bond       G96Angle        LJ (SR)   Coulomb (SR)      Potential
    1.98610e+05    5.16099e+04   -5.82092e+06   -2.81506e+04   -5.59885e+06
    Kinetic En.   Total Energy    Temperature Pressure (bar)
    9.50818e+05   -4.64803e+06    3.12636e+02    8.73317e+00

Writing checkpoint, step 181223970 at Wed Oct  4 11:29:11 2023


Writing checkpoint, step 181421130 at Wed Oct  4 11:44:11 2023


DD  step 181599999 load imb.: force 14.2%

           Step           Time
      181600000   4540000.00000

   Energies (kJ/mol)
           Bond       G96Angle        LJ (SR)   Coulomb (SR)      Potential
    1.98024e+05    5.13926e+04   -5.82467e+06   -2.76065e+04   -5.60286e+06
    Kinetic En.   Total Energy    Temperature Pressure (bar)
    9.51212e+05   -4.65165e+06    3.12765e+02    3.33800e+00

Writing checkpoint, step 181624320 at Wed Oct  4 11:59:11 2023


Writing checkpoint, step 181829880 at Wed Oct  4 12:14:11 2023


DD  step 181999999 load imb.: force 14.5%

           Step           Time
      182000000   4550000.00000

   Energies (kJ/mol)
           Bond       G96Angle        LJ (SR)   Coulomb (SR)      Potential
    1.98881e+05    5.18140e+04   -5.82293e+06   -2.74952e+04   -5.59973e+06
    Kinetic En.   Total Energy    Temperature Pressure (bar)
    9.48504e+05   -4.65123e+06    3.11875e+02   -2.66975e+00

Writing checkpoint, step 182029640 at Wed Oct  4 12:29:11 2023


Writing checkpoint, step 182229680 at Wed Oct  4 12:44:11 2023


DD  step 182399999 load imb.: force 14.3%

           Step           Time
      182400000   4560000.00000

   Energies (kJ/mol)
           Bond       G96Angle        LJ (SR)   Coulomb (SR)      Potential
    1.98728e+05    5.16627e+04   -5.82181e+06   -2.82640e+04   -5.59968e+06
    Kinetic En.   Total Energy    Temperature Pressure (bar)
    9.48055e+05   -4.65163e+06    3.11727e+02   -4.56337e+00

Writing checkpoint, step 182418800 at Wed Oct  4 12:59:11 2023


Writing checkpoint, step 182615210 at Wed Oct  4 13:14:11 2023


DD  step 182799999 load imb.: force 14.6%

           Step           Time
      182800000   4570000.00000

   Energies (kJ/mol)
           Bond       G96Angle        LJ (SR)   Coulomb (SR)      Potential
    1.97948e+05    5.14113e+04   -5.81968e+06   -2.74914e+04   -5.59781e+06
    Kinetic En.   Total Energy    Temperature Pressure (bar)
    9.50793e+05   -4.64702e+06    3.12628e+02   -2.92218e+00

Writing checkpoint, step 182813520 at Wed Oct  4 13:29:11 2023


Writing checkpoint, step 183013400 at Wed Oct  4 13:44:11 2023


DD  step 183199999 load imb.: force 14.0%

           Step           Time
      183200000   4580000.00000

   Energies (kJ/mol)
           Bond       G96Angle        LJ (SR)   Coulomb (SR)      Potential
    1.98332e+05    5.11485e+04   -5.82730e+06   -2.77860e+04   -5.60560e+06
    Kinetic En.   Total Energy    Temperature Pressure (bar)
    9.52363e+05   -4.65324e+06    3.13144e+02   -5.60193e+00

Writing checkpoint, step 183215780 at Wed Oct  4 13:59:11 2023


Writing checkpoint, step 183419900 at Wed Oct  4 14:14:11 2023


DD  step 183599999 load imb.: force 14.5%

           Step           Time
      183600000   4590000.00000

   Energies (kJ/mol)
           Bond       G96Angle        LJ (SR)   Coulomb (SR)      Potential
    1.98782e+05    5.14205e+04   -5.82248e+06   -2.75604e+04   -5.59983e+06
    Kinetic En.   Total Energy    Temperature Pressure (bar)
    9.49028e+05   -4.65081e+06    3.12047e+02    9.43206e+00

Writing checkpoint, step 183619440 at Wed Oct  4 14:29:11 2023


Writing checkpoint, step 183822980 at Wed Oct  4 14:44:11 2023


DD  step 183999999 load imb.: force 15.3%

           Step           Time
      184000000   4600000.00000

   Energies (kJ/mol)
           Bond       G96Angle        LJ (SR)   Coulomb (SR)      Potential
    1.97068e+05    5.15460e+04   -5.82735e+06   -2.77284e+04   -5.60646e+06
    Kinetic En.   Total Energy    Temperature Pressure (bar)
    9.42894e+05   -4.66357e+06    3.10030e+02   -4.16949e+00

Writing checkpoint, step 184027170 at Wed Oct  4 14:59:11 2023


Writing checkpoint, step 184230910 at Wed Oct  4 15:14:11 2023


DD  step 184399999 load imb.: force 14.4%

           Step           Time
      184400000   4610000.00000

   Energies (kJ/mol)
           Bond       G96Angle        LJ (SR)   Coulomb (SR)      Potential
    1.97564e+05    5.20319e+04   -5.82671e+06   -2.80413e+04   -5.60515e+06
    Kinetic En.   Total Energy    Temperature Pressure (bar)
    9.49095e+05   -4.65606e+06    3.12069e+02   -1.14626e+01

Writing checkpoint, step 184430900 at Wed Oct  4 15:29:11 2023


Writing checkpoint, step 184604030 at Wed Oct  4 15:44:11 2023


DD  step 184799999 load imb.: force 15.5%

           Step           Time
      184800000   4620000.00000

   Energies (kJ/mol)
           Bond       G96Angle        LJ (SR)   Coulomb (SR)      Potential
    1.98308e+05    5.08280e+04   -5.82324e+06   -2.77998e+04   -5.60191e+06
    Kinetic En.   Total Energy    Temperature Pressure (bar)
    9.49537e+05   -4.65237e+06    3.12214e+02   -2.54559e-01

Writing checkpoint, step 184801520 at Wed Oct  4 15:59:11 2023


Writing checkpoint, step 184989480 at Wed Oct  4 16:14:11 2023


Writing checkpoint, step 185190690 at Wed Oct  4 16:29:11 2023


DD  step 185199999 load imb.: force 15.5%

           Step           Time
      185200000   4630000.00000

   Energies (kJ/mol)
           Bond       G96Angle        LJ (SR)   Coulomb (SR)      Potential
    1.98941e+05    5.14355e+04   -5.82105e+06   -2.80811e+04   -5.59875e+06
    Kinetic En.   Total Energy    Temperature Pressure (bar)
    9.53214e+05   -4.64554e+06    3.13423e+02    1.38973e+00

Writing checkpoint, step 185392430 at Wed Oct  4 16:44:11 2023


Writing checkpoint, step 185595480 at Wed Oct  4 16:59:11 2023


DD  step 185599999 load imb.: force 15.3%

           Step           Time
      185600000   4640000.00000

   Energies (kJ/mol)
           Bond       G96Angle        LJ (SR)   Coulomb (SR)      Potential
    1.97807e+05    5.17368e+04   -5.82356e+06   -2.71895e+04   -5.60120e+06
    Kinetic En.   Total Energy    Temperature Pressure (bar)
    9.48667e+05   -4.65254e+06    3.11929e+02    1.77279e+00

Writing checkpoint, step 185799740 at Wed Oct  4 17:14:11 2023


Writing checkpoint, step 185994960 at Wed Oct  4 17:29:11 2023


DD  step 185999999 load imb.: force 15.3%

           Step           Time
      186000000   4650000.00000

   Energies (kJ/mol)
           Bond       G96Angle        LJ (SR)   Coulomb (SR)      Potential
    1.99107e+05    5.10019e+04   -5.82435e+06   -2.81324e+04   -5.60238e+06
    Kinetic En.   Total Energy    Temperature Pressure (bar)
    9.49225e+05   -4.65315e+06    3.12112e+02   -6.28174e-01

Writing checkpoint, step 186197640 at Wed Oct  4 17:44:11 2023


DD  step 186399999 load imb.: force 14.7%

           Step           Time
      186400000   4660000.00000

   Energies (kJ/mol)
           Bond       G96Angle        LJ (SR)   Coulomb (SR)      Potential
    1.98890e+05    5.20425e+04   -5.82203e+06   -2.79080e+04   -5.59900e+06
    Kinetic En.   Total Energy    Temperature Pressure (bar)
    9.50476e+05   -4.64853e+06    3.12523e+02    6.82242e+00

Writing checkpoint, step 186403290 at Wed Oct  4 17:59:11 2023


Writing checkpoint, step 186596170 at Wed Oct  4 18:14:11 2023


Writing checkpoint, step 186784660 at Wed Oct  4 18:29:11 2023


DD  step 186799999 load imb.: force 14.4%

           Step           Time
      186800000   4670000.00000

   Energies (kJ/mol)
           Bond       G96Angle        LJ (SR)   Coulomb (SR)      Potential
    1.98857e+05    5.19630e+04   -5.82056e+06   -2.75330e+04   -5.59728e+06
    Kinetic En.   Total Energy    Temperature Pressure (bar)
    9.53337e+05   -4.64394e+06    3.13464e+02   -1.77393e+00

Writing checkpoint, step 186981790 at Wed Oct  4 18:44:11 2023


Writing checkpoint, step 187180880 at Wed Oct  4 18:59:11 2023


DD  step 187199999 load imb.: force 14.3%

           Step           Time
      187200000   4680000.00000

   Energies (kJ/mol)
           Bond       G96Angle        LJ (SR)   Coulomb (SR)      Potential
    1.96754e+05    5.14078e+04   -5.82406e+06   -2.72372e+04   -5.60314e+06
    Kinetic En.   Total Energy    Temperature Pressure (bar)
    9.50741e+05   -4.65240e+06    3.12610e+02   -1.31309e+01

Writing checkpoint, step 187378140 at Wed Oct  4 19:14:11 2023


Writing checkpoint, step 187579700 at Wed Oct  4 19:29:11 2023


DD  step 187599999 load imb.: force 14.2%

           Step           Time
      187600000   4690000.00000

   Energies (kJ/mol)
           Bond       G96Angle        LJ (SR)   Coulomb (SR)      Potential
    1.99258e+05    5.13866e+04   -5.82056e+06   -2.76864e+04   -5.59760e+06
    Kinetic En.   Total Energy    Temperature Pressure (bar)
    9.49859e+05   -4.64774e+06    3.12320e+02    9.77277e+00

Writing checkpoint, step 187781220 at Wed Oct  4 19:44:11 2023


Writing checkpoint, step 187982340 at Wed Oct  4 19:59:11 2023


DD  step 187999999 load imb.: force 13.0%

           Step           Time
      188000000   4700000.00000

   Energies (kJ/mol)
           Bond       G96Angle        LJ (SR)   Coulomb (SR)      Potential
    1.97784e+05    5.10951e+04   -5.82605e+06   -2.77377e+04   -5.60491e+06
    Kinetic En.   Total Energy    Temperature Pressure (bar)
    9.48135e+05   -4.65677e+06    3.11753e+02   -3.95992e+00

Writing checkpoint, step 188185850 at Wed Oct  4 20:14:11 2023


Writing checkpoint, step 188382720 at Wed Oct  4 20:29:11 2023


DD  step 188399999 load imb.: force 15.1%

           Step           Time
      188400000   4710000.00000

   Energies (kJ/mol)
           Bond       G96Angle        LJ (SR)   Coulomb (SR)      Potential
    1.98547e+05    5.18170e+04   -5.82265e+06   -2.80205e+04   -5.60031e+06
    Kinetic En.   Total Energy    Temperature Pressure (bar)
    9.51038e+05   -4.64927e+06    3.12708e+02    2.17501e+00

Writing checkpoint, step 188580590 at Wed Oct  4 20:44:11 2023


Writing checkpoint, step 188787230 at Wed Oct  4 20:59:11 2023


DD  step 188799999 load imb.: force 14.7%

           Step           Time
      188800000   4720000.00000

   Energies (kJ/mol)
           Bond       G96Angle        LJ (SR)   Coulomb (SR)      Potential
    1.97793e+05    5.15070e+04   -5.82518e+06   -2.75095e+04   -5.60339e+06
    Kinetic En.   Total Energy    Temperature Pressure (bar)
    9.44331e+05   -4.65906e+06    3.10503e+02   -2.44564e+00

Writing checkpoint, step 188990190 at Wed Oct  4 21:14:11 2023


Writing checkpoint, step 189193750 at Wed Oct  4 21:29:11 2023


DD  step 189199999 load imb.: force 13.4%

           Step           Time
      189200000   4730000.00000

   Energies (kJ/mol)
           Bond       G96Angle        LJ (SR)   Coulomb (SR)      Potential
    1.98990e+05    5.12658e+04   -5.82003e+06   -2.80670e+04   -5.59784e+06
    Kinetic En.   Total Energy    Temperature Pressure (bar)
    9.52848e+05   -4.64499e+06    3.13303e+02   -3.61236e+00

Writing checkpoint, step 189394770 at Wed Oct  4 21:44:11 2023


Writing checkpoint, step 189580320 at Wed Oct  4 21:59:11 2023


DD  step 189599999 load imb.: force 14.5%

           Step           Time
      189600000   4740000.00000

   Energies (kJ/mol)
           Bond       G96Angle        LJ (SR)   Coulomb (SR)      Potential
    1.98915e+05    5.17049e+04   -5.81927e+06   -2.76217e+04   -5.59628e+06
    Kinetic En.   Total Energy    Temperature Pressure (bar)
    9.52724e+05   -4.64355e+06    3.13263e+02    2.50178e+00

Writing checkpoint, step 189771350 at Wed Oct  4 22:14:11 2023


Writing checkpoint, step 189966780 at Wed Oct  4 22:29:11 2023


DD  step 189999999 load imb.: force 15.4%

           Step           Time
      190000000   4750000.00000

   Energies (kJ/mol)
           Bond       G96Angle        LJ (SR)   Coulomb (SR)      Potential
    1.98076e+05    5.05884e+04   -5.81772e+06   -2.77457e+04   -5.59680e+06
    Kinetic En.   Total Energy    Temperature Pressure (bar)
    9.51800e+05   -4.64500e+06    3.12958e+02    6.12427e+00

Writing checkpoint, step 190168460 at Wed Oct  4 22:44:11 2023


Writing checkpoint, step 190367630 at Wed Oct  4 22:59:11 2023


DD  step 190399999 load imb.: force 15.0%

           Step           Time
      190400000   4760000.00000

   Energies (kJ/mol)
           Bond       G96Angle        LJ (SR)   Coulomb (SR)      Potential
    1.98081e+05    5.15562e+04   -5.82329e+06   -2.75953e+04   -5.60125e+06
    Kinetic En.   Total Energy    Temperature Pressure (bar)
    9.48955e+05   -4.65229e+06    3.12023e+02    4.62833e+00

Writing checkpoint, step 190570000 at Wed Oct  4 23:14:11 2023


Writing checkpoint, step 190774950 at Wed Oct  4 23:29:11 2023


DD  step 190799999 load imb.: force 15.0%

           Step           Time
      190800000   4770000.00000

   Energies (kJ/mol)
           Bond       G96Angle        LJ (SR)   Coulomb (SR)      Potential
    1.98169e+05    5.14316e+04   -5.82580e+06   -2.76303e+04   -5.60383e+06
    Kinetic En.   Total Energy    Temperature Pressure (bar)
    9.48052e+05   -4.65577e+06    3.11726e+02   -1.21101e+01

Writing checkpoint, step 190980000 at Wed Oct  4 23:44:11 2023


Writing checkpoint, step 191182210 at Wed Oct  4 23:59:11 2023


DD  step 191199999 load imb.: force 14.6%

           Step           Time
      191200000   4780000.00000

   Energies (kJ/mol)
           Bond       G96Angle        LJ (SR)   Coulomb (SR)      Potential
    1.96806e+05    5.19140e+04   -5.82127e+06   -2.71817e+04   -5.59973e+06
    Kinetic En.   Total Energy    Temperature Pressure (bar)
    9.49774e+05   -4.64996e+06    3.12292e+02    5.82778e+00

Writing checkpoint, step 191381660 at Thu Oct  5 00:14:11 2023


Writing checkpoint, step 191587110 at Thu Oct  5 00:29:11 2023


DD  step 191599999 load imb.: force 15.6%

           Step           Time
      191600000   4790000.00000

   Energies (kJ/mol)
           Bond       G96Angle        LJ (SR)   Coulomb (SR)      Potential
    1.98434e+05    5.21222e+04   -5.81913e+06   -2.75696e+04   -5.59614e+06
    Kinetic En.   Total Energy    Temperature Pressure (bar)
    9.51442e+05   -4.64470e+06    3.12841e+02    3.72174e+00

Writing checkpoint, step 191793180 at Thu Oct  5 00:44:11 2023


Writing checkpoint, step 191990190 at Thu Oct  5 00:59:11 2023


DD  step 191999999 load imb.: force 14.6%

           Step           Time
      192000000   4800000.00000

   Energies (kJ/mol)
           Bond       G96Angle        LJ (SR)   Coulomb (SR)      Potential
    1.97966e+05    5.18794e+04   -5.82666e+06   -2.74775e+04   -5.60429e+06
    Kinetic En.   Total Energy    Temperature Pressure (bar)
    9.47977e+05   -4.65631e+06    3.11702e+02   -5.31034e+00

Writing checkpoint, step 192196290 at Thu Oct  5 01:14:11 2023


Writing checkpoint, step 192390310 at Thu Oct  5 01:29:11 2023


DD  step 192399999 load imb.: force 14.9%

           Step           Time
      192400000   4810000.00000

   Energies (kJ/mol)
           Bond       G96Angle        LJ (SR)   Coulomb (SR)      Potential
    1.99758e+05    5.14497e+04   -5.82218e+06   -2.79803e+04   -5.59895e+06
    Kinetic En.   Total Energy    Temperature Pressure (bar)
    9.52455e+05   -4.64650e+06    3.13174e+02   -3.23269e+00

Writing checkpoint, step 192595530 at Thu Oct  5 01:44:11 2023


DD  step 192799999 load imb.: force 14.3%

           Step           Time
      192800000   4820000.00000

   Energies (kJ/mol)
           Bond       G96Angle        LJ (SR)   Coulomb (SR)      Potential
    1.98258e+05    5.13703e+04   -5.82449e+06   -2.75435e+04   -5.60241e+06
    Kinetic En.   Total Energy    Temperature Pressure (bar)
    9.51524e+05   -4.65088e+06    3.12868e+02   -4.60027e+00

Writing checkpoint, step 192800290 at Thu Oct  5 01:59:11 2023


Writing checkpoint, step 193006070 at Thu Oct  5 02:14:11 2023


DD  step 193199999 load imb.: force 14.4%

           Step           Time
      193200000   4830000.00000

   Energies (kJ/mol)
           Bond       G96Angle        LJ (SR)   Coulomb (SR)      Potential
    1.99143e+05    5.12999e+04   -5.82030e+06   -2.78690e+04   -5.59773e+06
    Kinetic En.   Total Energy    Temperature Pressure (bar)
    9.51508e+05   -4.64622e+06    3.12863e+02    8.86690e-01

Writing checkpoint, step 193212830 at Thu Oct  5 02:29:11 2023


Writing checkpoint, step 193414240 at Thu Oct  5 02:44:11 2023


DD  step 193599999 load imb.: force 15.7%

           Step           Time
      193600000   4840000.00000

   Energies (kJ/mol)
           Bond       G96Angle        LJ (SR)   Coulomb (SR)      Potential
    1.98877e+05    5.10561e+04   -5.82165e+06   -2.78156e+04   -5.59953e+06
    Kinetic En.   Total Energy    Temperature Pressure (bar)
    9.51845e+05   -4.64768e+06    3.12973e+02   -3.39967e+00

Writing checkpoint, step 193621240 at Thu Oct  5 02:59:11 2023


Writing checkpoint, step 193827030 at Thu Oct  5 03:14:11 2023


DD  step 193999999 load imb.: force 14.9%

           Step           Time
      194000000   4850000.00000

   Energies (kJ/mol)
           Bond       G96Angle        LJ (SR)   Coulomb (SR)      Potential
    1.98224e+05    5.20842e+04   -5.82175e+06   -2.75180e+04   -5.59896e+06
    Kinetic En.   Total Energy    Temperature Pressure (bar)
    9.54266e+05   -4.64470e+06    3.13769e+02    1.36374e+01

Writing checkpoint, step 194030880 at Thu Oct  5 03:29:11 2023


Writing checkpoint, step 194238520 at Thu Oct  5 03:44:11 2023


DD  step 194399999 load imb.: force 11.7%

           Step           Time
      194400000   4860000.00000

   Energies (kJ/mol)
           Bond       G96Angle        LJ (SR)   Coulomb (SR)      Potential
    1.98441e+05    5.18555e+04   -5.81771e+06   -2.75910e+04   -5.59501e+06
    Kinetic En.   Total Energy    Temperature Pressure (bar)
    9.51086e+05   -4.64392e+06    3.12724e+02    1.36424e+01

Writing checkpoint, step 194446770 at Thu Oct  5 03:59:11 2023


Writing checkpoint, step 194652170 at Thu Oct  5 04:14:11 2023


DD  step 194799999 load imb.: force 13.0%

           Step           Time
      194800000   4870000.00000

   Energies (kJ/mol)
           Bond       G96Angle        LJ (SR)   Coulomb (SR)      Potential
    1.97261e+05    5.16445e+04   -5.82368e+06   -2.77273e+04   -5.60250e+06
    Kinetic En.   Total Energy    Temperature Pressure (bar)
    9.49270e+05   -4.65323e+06    3.12127e+02   -6.17387e-01

Writing checkpoint, step 194861490 at Thu Oct  5 04:29:11 2023


Writing checkpoint, step 195071740 at Thu Oct  5 04:44:11 2023


DD  step 195199999 load imb.: force 10.4%

           Step           Time
      195200000   4880000.00000

   Energies (kJ/mol)
           Bond       G96Angle        LJ (SR)   Coulomb (SR)      Potential
    2.00259e+05    5.18459e+04   -5.82240e+06   -2.79412e+04   -5.59824e+06
    Kinetic En.   Total Energy    Temperature Pressure (bar)
    9.50978e+05   -4.64726e+06    3.12688e+02    1.53844e-01

Writing checkpoint, step 195284710 at Thu Oct  5 04:59:11 2023


Writing checkpoint, step 195488450 at Thu Oct  5 05:14:11 2023


DD  step 195599999 load imb.: force 11.6%

           Step           Time
      195600000   4890000.00000

   Energies (kJ/mol)
           Bond       G96Angle        LJ (SR)   Coulomb (SR)      Potential
    1.99796e+05    5.14198e+04   -5.82269e+06   -2.75741e+04   -5.59905e+06
    Kinetic En.   Total Energy    Temperature Pressure (bar)
    9.52594e+05   -4.64646e+06    3.13220e+02   -7.06697e+00

Writing checkpoint, step 195675950 at Thu Oct  5 05:29:11 2023


Writing checkpoint, step 195883680 at Thu Oct  5 05:44:11 2023


DD  step 195999999 load imb.: force 12.8%

           Step           Time
      196000000   4900000.00000

   Energies (kJ/mol)
           Bond       G96Angle        LJ (SR)   Coulomb (SR)      Potential
    1.97870e+05    5.16351e+04   -5.82152e+06   -2.76744e+04   -5.59968e+06
    Kinetic En.   Total Energy    Temperature Pressure (bar)
    9.52425e+05   -4.64726e+06    3.13164e+02    5.52146e+00

Writing checkpoint, step 196077570 at Thu Oct  5 05:59:11 2023


Writing checkpoint, step 196279860 at Thu Oct  5 06:14:11 2023


DD  step 196399999 load imb.: force  9.7%

           Step           Time
      196400000   4910000.00000

   Energies (kJ/mol)
           Bond       G96Angle        LJ (SR)   Coulomb (SR)      Potential
    1.98456e+05    5.10668e+04   -5.81695e+06   -2.74382e+04   -5.59487e+06
    Kinetic En.   Total Energy    Temperature Pressure (bar)
    9.51448e+05   -4.64342e+06    3.12843e+02    1.30288e+01

Writing checkpoint, step 196485550 at Thu Oct  5 06:29:11 2023


Writing checkpoint, step 196695280 at Thu Oct  5 06:44:11 2023


DD  step 196799999 load imb.: force 11.2%

           Step           Time
      196800000   4920000.00000

   Energies (kJ/mol)
           Bond       G96Angle        LJ (SR)   Coulomb (SR)      Potential
    1.98004e+05    5.12393e+04   -5.81629e+06   -2.76865e+04   -5.59473e+06
    Kinetic En.   Total Energy    Temperature Pressure (bar)
    9.50851e+05   -4.64388e+06    3.12646e+02    1.68629e+01

Writing checkpoint, step 196907160 at Thu Oct  5 06:59:11 2023


Writing checkpoint, step 197117620 at Thu Oct  5 07:14:11 2023


DD  step 197199999 load imb.: force 11.0%

           Step           Time
      197200000   4930000.00000

   Energies (kJ/mol)
           Bond       G96Angle        LJ (SR)   Coulomb (SR)      Potential
    1.98107e+05    5.16432e+04   -5.82516e+06   -2.75691e+04   -5.60298e+06
    Kinetic En.   Total Energy    Temperature Pressure (bar)
    9.46431e+05   -4.65655e+06    3.11193e+02   -1.17930e+01

Writing checkpoint, step 197317340 at Thu Oct  5 07:29:11 2023


Writing checkpoint, step 197526890 at Thu Oct  5 07:44:11 2023


DD  step 197599999 load imb.: force  9.5%

           Step           Time
      197600000   4940000.00000

   Energies (kJ/mol)
           Bond       G96Angle        LJ (SR)   Coulomb (SR)      Potential
    1.98877e+05    5.14554e+04   -5.82106e+06   -2.74128e+04   -5.59815e+06
    Kinetic En.   Total Energy    Temperature Pressure (bar)
    9.52447e+05   -4.64570e+06    3.13171e+02    7.83203e+00

Writing checkpoint, step 197733460 at Thu Oct  5 07:59:11 2023


Writing checkpoint, step 197933010 at Thu Oct  5 08:14:11 2023


DD  step 197999999 load imb.: force 13.9%

           Step           Time
      198000000   4950000.00000

   Energies (kJ/mol)
           Bond       G96Angle        LJ (SR)   Coulomb (SR)      Potential
    1.99768e+05    5.17004e+04   -5.82136e+06   -2.79987e+04   -5.59789e+06
    Kinetic En.   Total Energy    Temperature Pressure (bar)
    9.50911e+05   -4.64698e+06    3.12666e+02    8.01784e+00

Writing checkpoint, step 198135380 at Thu Oct  5 08:29:11 2023


Writing checkpoint, step 198335350 at Thu Oct  5 08:44:11 2023


DD  step 198399999 load imb.: force 14.8%

           Step           Time
      198400000   4960000.00000

   Energies (kJ/mol)
           Bond       G96Angle        LJ (SR)   Coulomb (SR)      Potential
    1.97904e+05    5.11852e+04   -5.82569e+06   -2.70123e+04   -5.60362e+06
    Kinetic En.   Total Energy    Temperature Pressure (bar)
    9.48114e+05   -4.65550e+06    3.11747e+02   -7.86573e-01

Writing checkpoint, step 198536930 at Thu Oct  5 08:59:11 2023


Writing checkpoint, step 198739310 at Thu Oct  5 09:14:11 2023


DD  step 198799999 load imb.: force 12.8%

           Step           Time
      198800000   4970000.00000

   Energies (kJ/mol)
           Bond       G96Angle        LJ (SR)   Coulomb (SR)      Potential
    1.98544e+05    5.12994e+04   -5.82212e+06   -2.81921e+04   -5.60047e+06
    Kinetic En.   Total Energy    Temperature Pressure (bar)
    9.49526e+05   -4.65094e+06    3.12211e+02    6.38374e-01

Writing checkpoint, step 198945850 at Thu Oct  5 09:29:11 2023


Writing checkpoint, step 199150570 at Thu Oct  5 09:44:11 2023




Received the second INT/TERM signal, stopping within 2 steps

           Step           Time
      199158841   4978971.02500

Writing checkpoint, step 199158841 at Thu Oct  5 09:44:46 2023




-----------------------------------------------------------
Restarting from checkpoint, appending to previous log file.

Log file opened on Thu Oct  5 17:17:02 2023
Host: halc067.amarel.rutgers.edu  pid: 71535  rank ID: 0  number of ranks:  32
                      :-) GROMACS - gmx mdrun, 2016.1 (-:

Executable:   /opt/sw/packages/intel-17.0.1/mvapich2-2.2/gromacs/2016.1/bin/gmx_mpi
Data prefix:  /opt/sw/packages/intel-17.0.1/mvapich2-2.2/gromacs/2016.1
Working dir:  /scratch/jje63/heat_lig_multinano/Common_Nanoparticle_4/Hexadecanethiol
Command line:
  gmx_mpi mdrun -s md2.tpr -cpi md.cpt -ntomp 1 -deffnm md -v -rdd 1.4

GROMACS version:    2016.1
Precision:          single
Memory model:       64 bit
MPI library:        MPI
OpenMP support:     enabled (GMX_OPENMP_MAX_THREADS = 32)
GPU support:        disabled
SIMD instructions:  AVX_256
FFT library:        Intel MKL
RDTSCP usage:       enabled
TNG support:        enabled
Hwloc support:      disabled
Tracing support:    disabled
Built on:           Wed Nov 23 15:27:26 EST 2016
Built by:           novosirj@perceval2.hpc.rutgers.edu [CMAKE]
Build OS/arch:      Linux 3.10.0-229.20.1.el7.x86_64 x86_64
Build CPU vendor:   Intel
Build CPU brand:    Intel(R) Xeon(R) CPU E5-2650 v3 @ 2.30GHz
Build CPU family:   6   Model: 63   Stepping: 2
Build CPU features: aes apic avx avx2 clfsh cmov cx8 cx16 f16c fma htt lahf mmx msr nonstop_tsc pcid pclmuldq pdcm pdpe1gb popcnt pse rdrnd rdtscp sse2 sse3 sse4.1 sse4.2 ssse3 tdt x2apic
C compiler:         /opt/sw/packages/intel/17.0.1/compilers_and_libraries/linux/bin/intel64/icc Intel 17.0.0.20161005
C compiler flags:    -mavx   -mkl=sequential  -std=gnu99  -O3 -DNDEBUG -ip -funroll-all-loops -alias-const -ansi-alias  
C++ compiler:       /opt/sw/packages/intel/17.0.1/compilers_and_libraries/linux/bin/intel64/icpc Intel 17.0.0.20161005
C++ compiler flags:  -mavx    -std=c++0x   -O3 -DNDEBUG -ip -funroll-all-loops -alias-const -ansi-alias  


Initializing Domain Decomposition on 32 ranks
Dynamic load balancing: auto
Minimum cell size due to bonded interactions: 1.400 nm
Domain decomposition grid 8 x 4 x 1, separate PME ranks 0
Domain decomposition rank 0, coordinates 0 0 0

The initial number of communication pulses is: X 1 Y 1
The initial domain decomposition cell size is: X 5.46 nm Y 10.93 nm

The maximum allowed distance for charge groups involved in interactions is:
                 non-bonded interactions           1.200 nm
(the following are initial values, they could change due to box deformation)
            two-body bonded interactions  (-rdd)   1.400 nm
          multi-body bonded interactions  (-rdd)   1.400 nm

When dynamic load balancing gets turned on, these settings will change to:
The maximum number of communication pulses is: X 1 Y 1
The minimum size for domain decomposition cells is 1.400 nm
The requested allowed shrink of DD cells (option -dds) is: 0.80
The allowed shrink of domain decomposition cells is: X 0.26 Y 0.13
The maximum allowed distance for charge groups involved in interactions is:
                 non-bonded interactions           1.200 nm
            two-body bonded interactions  (-rdd)   1.400 nm
          multi-body bonded interactions  (-rdd)   1.400 nm

Using 32 MPI processes


NOTE: This file uses the deprecated 'group' cutoff_scheme. This will be
removed in a future release when 'verlet' supports all interaction forms.

Table routines are used for coulomb: true
Table routines are used for vdw:     true
Using shifted Lennard-Jones, switch between 0.9 and 1.2 nm
Cut-off's:   NS: 1.2   Coulomb: 1.2   LJ: 1.2
System total charge: 0.000
Generated table with 1100 data points for Shift.
Tabscale = 500 points/nm
Generated table with 1100 data points for LJ6Shift.
Tabscale = 500 points/nm
Generated table with 1100 data points for LJ12Shift.
Tabscale = 500 points/nm
Potential shift: LJ r^-12: 0.000e+00 r^-6: 0.000e+00

Non-default thread affinity set probably by the OpenMP library,
disabling internal thread affinity

Linking all bonded interactions to atoms

Intra-simulation communication will occur every 1 steps.
Center of mass motion removal mode is Linear
We have the following groups for center of mass motion removal:
  0:  rest
There are: 243857 Atoms
Atom distribution over 32 domains: av 7620 stddev 109 min 7541 max 7777
Grid: 7 x 12 x 14 cells
Initial temperature: 625.753 K

Started mdrun on rank 0 Thu Oct  5 17:17:02 2023

DD  step 199158849 load imb.: force 16.3%


step 199158870 Turning on dynamic load balancing, because the performance loss due to load imbalance is 2.8 %.


step 199159040 Turning off dynamic load balancing, because it is degrading performance.

Atom distribution over 32 domains: av 7620 stddev 106 min 7553 max 7761

step 199160840 Turning on dynamic load balancing, because the performance loss due to load imbalance is 3.6 %.

DD  step 199199999  vol min/aver 0.866  load imb.: force  0.4%

           Step           Time
      199200000   4980000.00000

   Energies (kJ/mol)
           Bond       G96Angle        LJ (SR)   Coulomb (SR)      Potential
    1.98587e+05    5.11118e+04   -5.82568e+06   -2.73677e+04   -5.60335e+06
    Kinetic En.   Total Energy    Temperature Pressure (bar)
    9.47366e+05   -4.65599e+06    3.11501e+02   -1.17375e+01


step 199204840 Turning off dynamic load balancing, because it is degrading performance.

Atom distribution over 32 domains: av 7620 stddev 109 min 7545 max 7772
Writing checkpoint, step 199353890 at Thu Oct  5 17:32:02 2023



step 199397840 Turning on dynamic load balancing, because the performance loss due to load imbalance is 2.0 %.


step 199398040 Turning off dynamic load balancing, because it is degrading performance.

Atom distribution over 32 domains: av 7620 stddev 113 min 7538 max 7798

step 199399840 Turning on dynamic load balancing, because the performance loss due to load imbalance is 2.0 %.


step 199400040 Turning off dynamic load balancing, because it is degrading performance.

Atom distribution over 32 domains: av 7620 stddev 110 min 7553 max 7768

step 199400840 Will no longer try dynamic load balancing, as it degraded performance.

Writing checkpoint, step 199559760 at Thu Oct  5 17:47:02 2023


DD  step 199599999 load imb.: force 10.6%

           Step           Time
      199600000   4990000.00000

   Energies (kJ/mol)
           Bond       G96Angle        LJ (SR)   Coulomb (SR)      Potential
    1.98396e+05    5.12858e+04   -5.82025e+06   -2.78492e+04   -5.59842e+06
    Kinetic En.   Total Energy    Temperature Pressure (bar)
    9.49399e+05   -4.64902e+06    3.12169e+02    5.84792e+00

Writing checkpoint, step 199765340 at Thu Oct  5 18:02:02 2023


Writing checkpoint, step 199973560 at Thu Oct  5 18:17:02 2023


DD  step 199999999 load imb.: force 10.7%

           Step           Time
      200000000   5000000.00000

Writing checkpoint, step 200000000 at Thu Oct  5 18:20:14 2023


   Energies (kJ/mol)
           Bond       G96Angle        LJ (SR)   Coulomb (SR)      Potential
    1.97311e+05    5.11966e+04   -5.82374e+06   -2.78025e+04   -5.60303e+06
    Kinetic En.   Total Energy    Temperature Pressure (bar)
    9.48049e+05   -4.65498e+06    3.11725e+02   -1.89969e+00

	<======  ###############  ==>
	<====  A V E R A G E S  ====>
	<==  ###############  ======>

	Statistics over 200000001 steps using 2000001 frames

   Energies (kJ/mol)
           Bond       G96Angle        LJ (SR)   Coulomb (SR)      Potential
    1.98306e+05    5.14265e+04   -5.82254e+06   -2.77477e+04   -5.60055e+06
    Kinetic En.   Total Energy    Temperature Pressure (bar)
    9.49875e+05   -4.65068e+06    3.12326e+02    1.00701e+00

          Box-X          Box-Y          Box-Z
    4.36405e+01    4.36405e+01    1.48505e+01

   Total Virial (kJ/mol)
    3.15780e+05    2.97762e+00    9.03813e+00
    2.97808e+00    3.15772e+05   -1.83571e+00
    9.03755e+00   -1.83578e+00    3.15750e+05

   Pressure (bar)
    1.00261e+00   -3.58795e-03   -1.10989e-02
   -3.58850e-03    1.01282e+00    2.30138e-03
   -1.10982e-02    2.30146e-03    1.00561e+00

           T-AU         T-POPC            T-W          T-ION
    3.12625e+02    3.12247e+02    3.12348e+02    3.12465e+02


	M E G A - F L O P S   A C C O U N T I N G

 NB=Group-cutoff nonbonded kernels    NxN=N-by-N cluster Verlet kernels
 RF=Reaction-Field  VdW=Van der Waals  QSTab=quadratic-spline table
 W3=SPC/TIP3p  W4=TIP4p (single or pairs)
 V&F=Potential and force  V=Potential only  F=Force only

 Computing:                               M-Number         M-Flops  % Flops
-----------------------------------------------------------------------------
 NB VdW [V&F]                       4017892.843610     4017892.844     0.9
 NB VdW [F]                       341923490.410472   341923490.410    79.9
 NB VdW & Elec. [V&F]                 80366.641825       80366.642     0.0
 NB VdW & Elec. [F]                 6659493.483924     6659493.484     1.6
 NS-Pairs                           2794126.023261    58676646.488    13.7
 Reset In Box                         20511.299984       61533.900     0.0
 CG-CoM                               20512.519269       61537.558     0.0
 Bonds                                60881.478480     3592007.230     0.8
 Angles                               40530.453440     6809116.178     1.6
 Virial                               20633.402452      371401.244     0.1
 Stop-CM                               2051.325084       20513.251     0.0
 P-Coupling                           20512.275412      123073.652     0.0
 Calc-Ekin                           205122.754120     5538314.361     1.3
-----------------------------------------------------------------------------
 Total                                               427935387.243   100.0
-----------------------------------------------------------------------------


    D O M A I N   D E C O M P O S I T I O N   S T A T I S T I C S

 av. #atoms communicated per step for force:  2 x 86440.9

 Average load imbalance: 8.1 %
 Part of the total run time spent waiting due to load imbalance: 3.5 %


     R E A L   C Y C L E   A N D   T I M E   A C C O U N T I N G

On 32 MPI ranks

 Computing:          Num   Num      Call    Wall time         Giga-Cycles
                     Ranks Threads  Count      (s)         total sum    %
-----------------------------------------------------------------------------
 Domain decomp.        32    1      84116     195.606      13113.852   5.2
 DD comm. load         32    1      12623       0.963         64.544   0.0
 DD comm. bounds       32    1       4457       0.948         63.525   0.0
 Neighbor search       32    1      84117    1071.208      71816.182  28.2
 Comm. coord.          32    1     841160      78.101       5236.046   2.1
 Force                 32    1     841160    1806.409     121105.698  47.6
 Wait + Comm. F        32    1     841160     262.904      17625.670   6.9
 Write traj.           32    1        110       0.270         18.090   0.0
 Update                32    1     841160      68.630       4601.122   1.8
 Comm. energies        32    1     841160     263.344      17655.169   6.9
 Rest                                          44.341       2972.737   1.2
-----------------------------------------------------------------------------
 Total                                       3792.724     254272.635 100.0
-----------------------------------------------------------------------------

NOTE: 7 % of the run time was spent communicating energies,
      you might want to use the -gcom option of mdrun


               Core t (s)   Wall t (s)        (%)
       Time:   121367.156     3792.724     3200.0
                         1h03:12
                 (ns/day)    (hour/ns)
Performance:      479.050        0.050
Finished mdrun on rank 0 Thu Oct  5 18:20:15 2023
