Log file opened on Wed Sep 20 19:00:48 2023
Host: halc009.amarel.rutgers.edu  pid: 15626  rank ID: 0  number of ranks:  1
                      :-) GROMACS - gmx mdrun, 2016.1 (-:

                            GROMACS is written by:
     Emile Apol      Rossen Apostolov  Herman J.C. Berendsen    Par Bjelkmar   
 Aldert van Buuren   Rudi van Drunen     Anton Feenstra    Gerrit Groenhof  
 Christoph Junghans   Anca Hamuraru    Vincent Hindriksen Dimitrios Karkoulis
    Peter Kasson        Jiri Kraus      Carsten Kutzner      Per Larsson    
  Justin A. Lemkul   Magnus Lundborg   Pieter Meulenhoff    Erik Marklund   
   Teemu Murtola       Szilard Pall       Sander Pronk      Roland Schulz   
  Alexey Shvetsov     Michael Shirts     Alfons Sijbers     Peter Tieleman  
  Teemu Virolainen  Christian Wennberg    Maarten Wolf   
                           and the project leaders:
        Mark Abraham, Berk Hess, Erik Lindahl, and David van der Spoel

Copyright (c) 1991-2000, University of Groningen, The Netherlands.
Copyright (c) 2001-2015, The GROMACS development team at
Uppsala University, Stockholm University and
the Royal Institute of Technology, Sweden.
check out http://www.gromacs.org for more information.

GROMACS is free software; you can redistribute it and/or modify it
under the terms of the GNU Lesser General Public License
as published by the Free Software Foundation; either version 2.1
of the License, or (at your option) any later version.

GROMACS:      gmx mdrun, version 2016.1
Executable:   /opt/sw/packages/intel-17.0.1/mvapich2-2.2/gromacs/2016.1/bin/gmx_mpi
Data prefix:  /opt/sw/packages/intel-17.0.1/mvapich2-2.2/gromacs/2016.1
Working dir:  /scratch/jje63/heat_lig_multinano/Common_Nanoparticle_3/Icosanethiol
Command line:
  gmx_mpi mdrun -ntomp 1 -deffnm em -v

GROMACS version:    2016.1
Precision:          single
Memory model:       64 bit
MPI library:        MPI
OpenMP support:     enabled (GMX_OPENMP_MAX_THREADS = 32)
GPU support:        disabled
SIMD instructions:  AVX_256
FFT library:        Intel MKL
RDTSCP usage:       enabled
TNG support:        enabled
Hwloc support:      disabled
Tracing support:    disabled
Built on:           Wed Nov 23 15:27:26 EST 2016
Built by:           novosirj@perceval2.hpc.rutgers.edu [CMAKE]
Build OS/arch:      Linux 3.10.0-229.20.1.el7.x86_64 x86_64
Build CPU vendor:   Intel
Build CPU brand:    Intel(R) Xeon(R) CPU E5-2650 v3 @ 2.30GHz
Build CPU family:   6   Model: 63   Stepping: 2
Build CPU features: aes apic avx avx2 clfsh cmov cx8 cx16 f16c fma htt lahf mmx msr nonstop_tsc pcid pclmuldq pdcm pdpe1gb popcnt pse rdrnd rdtscp sse2 sse3 sse4.1 sse4.2 ssse3 tdt x2apic
C compiler:         /opt/sw/packages/intel/17.0.1/compilers_and_libraries/linux/bin/intel64/icc Intel 17.0.0.20161005
C compiler flags:    -mavx   -mkl=sequential  -std=gnu99  -O3 -DNDEBUG -ip -funroll-all-loops -alias-const -ansi-alias  
C++ compiler:       /opt/sw/packages/intel/17.0.1/compilers_and_libraries/linux/bin/intel64/icpc Intel 17.0.0.20161005
C++ compiler flags:  -mavx    -std=c++0x   -O3 -DNDEBUG -ip -funroll-all-loops -alias-const -ansi-alias  


Running on 1 node with total 32 cores, 32 logical cores
Hardware detected on host halc009.amarel.rutgers.edu (the node of MPI rank 0):
  CPU info:
    Vendor: Intel
    Brand:  Intel(R) Xeon(R) Gold 6130 CPU @ 2.10GHz
    Family: 6   Model: 85   Stepping: 4
    Features: aes apic avx avx2 avx512f avx512cd avx512bw avx512vl clfsh cmov cx8 cx16 f16c fma hle htt lahf mmx msr nonstop_tsc pcid pclmuldq pdcm pdpe1gb popcnt pse rdrnd rdtscp rtm sse2 sse3 sse4.1 sse4.2 ssse3 tdt x2apic
    SIMD instructions most likely to fit this hardware: AVX_512
    SIMD instructions selected at GROMACS compile time: AVX_256

  Hardware topology: Basic
    Sockets, cores, and logical processors:
      Socket  0: [   0] [   4] [   8] [  12] [  14] [  10] [   6] [   2] [  16] [  20] [  24] [  28] [  30] [  26] [  22] [  18]
      Socket  1: [   1] [   5] [   9] [  13] [  15] [  11] [   7] [   3] [  17] [  21] [  25] [  29] [  31] [  27] [  23] [  19]


Binary not matching hardware - you might be losing performance.
SIMD instructions most likely to fit this hardware: AVX_512
SIMD instructions selected at GROMACS compile time: AVX_256


++++ PLEASE READ AND CITE THE FOLLOWING REFERENCE ++++
M. J. Abraham, T. Murtola, R. Schulz, S. Páll, J. C. Smith, B. Hess, E.
Lindahl
GROMACS: High performance molecular simulations through multi-level
parallelism from laptops to supercomputers
SoftwareX 1 (2015) pp. 19-25
-------- -------- --- Thank You --- -------- --------


++++ PLEASE READ AND CITE THE FOLLOWING REFERENCE ++++
S. Páll, M. J. Abraham, C. Kutzner, B. Hess, E. Lindahl
Tackling Exascale Software Challenges in Molecular Dynamics Simulations with
GROMACS
In S. Markidis & E. Laure (Eds.), Solving Software Challenges for Exascale 8759 (2015) pp. 3-27
-------- -------- --- Thank You --- -------- --------


++++ PLEASE READ AND CITE THE FOLLOWING REFERENCE ++++
S. Pronk, S. Páll, R. Schulz, P. Larsson, P. Bjelkmar, R. Apostolov, M. R.
Shirts, J. C. Smith, P. M. Kasson, D. van der Spoel, B. Hess, and E. Lindahl
GROMACS 4.5: a high-throughput and highly parallel open source molecular
simulation toolkit
Bioinformatics 29 (2013) pp. 845-54
-------- -------- --- Thank You --- -------- --------


++++ PLEASE READ AND CITE THE FOLLOWING REFERENCE ++++
B. Hess and C. Kutzner and D. van der Spoel and E. Lindahl
GROMACS 4: Algorithms for highly efficient, load-balanced, and scalable
molecular simulation
J. Chem. Theory Comput. 4 (2008) pp. 435-447
-------- -------- --- Thank You --- -------- --------


++++ PLEASE READ AND CITE THE FOLLOWING REFERENCE ++++
D. van der Spoel, E. Lindahl, B. Hess, G. Groenhof, A. E. Mark and H. J. C.
Berendsen
GROMACS: Fast, Flexible and Free
J. Comp. Chem. 26 (2005) pp. 1701-1719
-------- -------- --- Thank You --- -------- --------


++++ PLEASE READ AND CITE THE FOLLOWING REFERENCE ++++
E. Lindahl and B. Hess and D. van der Spoel
GROMACS 3.0: A package for molecular simulation and trajectory analysis
J. Mol. Mod. 7 (2001) pp. 306-317
-------- -------- --- Thank You --- -------- --------


++++ PLEASE READ AND CITE THE FOLLOWING REFERENCE ++++
H. J. C. Berendsen, D. van der Spoel and R. van Drunen
GROMACS: A message-passing parallel molecular dynamics implementation
Comp. Phys. Comm. 91 (1995) pp. 43-56
-------- -------- --- Thank You --- -------- --------

Input Parameters:
   integrator                     = steep
   tinit                          = 0
   dt                             = 0.01
   nsteps                         = 50000
   init-step                      = 0
   simulation-part                = 1
   comm-mode                      = Linear
   nstcomm                        = 100
   bd-fric                        = 0
   ld-seed                        = -1509825718
   emtol                          = 10
   emstep                         = 0.01
   niter                          = 20
   fcstep                         = 0
   nstcgsteep                     = 1000
   nbfgscorr                      = 10
   rtpi                           = 0.05
   nstxout                        = 0
   nstvout                        = 0
   nstfout                        = 0
   nstlog                         = 100
   nstcalcenergy                  = 100
   nstenergy                      = 1000
   nstxout-compressed             = 100
   compressed-x-precision         = 10
   cutoff-scheme                  = Verlet
   nstlist                        = 10
   ns-type                        = Grid
   pbc                            = xyz
   periodic-molecules             = false
   verlet-buffer-tolerance        = 0.005
   rlist                          = 1.05
   coulombtype                    = Cut-off
   coulomb-modifier               = Potential-shift
   rcoulomb-switch                = 0
   rcoulomb                       = 1
   epsilon-r                      = 1
   epsilon-rf                     = inf
   vdw-type                       = Cut-off
   vdw-modifier                   = Potential-shift
   rvdw-switch                    = 0
   rvdw                           = 1
   DispCorr                       = No
   table-extension                = 1
   fourierspacing                 = 0.12
   fourier-nx                     = 0
   fourier-ny                     = 0
   fourier-nz                     = 0
   pme-order                      = 4
   ewald-rtol                     = 1e-05
   ewald-rtol-lj                  = 0.001
   lj-pme-comb-rule               = Geometric
   ewald-geometry                 = 0
   epsilon-surface                = 0
   implicit-solvent               = No
   gb-algorithm                   = Still
   nstgbradii                     = 1
   rgbradii                       = 1
   gb-epsilon-solvent             = 80
   gb-saltconc                    = 0
   gb-obc-alpha                   = 1
   gb-obc-beta                    = 0.8
   gb-obc-gamma                   = 4.85
   gb-dielectric-offset           = 0.009
   sa-algorithm                   = Ace-approximation
   sa-surface-tension             = 2.05016
   tcoupl                         = No
   nsttcouple                     = -1
   nh-chain-length                = 0
   print-nose-hoover-chain-variables = false
   pcoupl                         = No
   pcoupltype                     = Isotropic
   nstpcouple                     = -1
   tau-p                          = 1
   compressibility (3x3):
      compressibility[    0]={ 0.00000e+00,  0.00000e+00,  0.00000e+00}
      compressibility[    1]={ 0.00000e+00,  0.00000e+00,  0.00000e+00}
      compressibility[    2]={ 0.00000e+00,  0.00000e+00,  0.00000e+00}
   ref-p (3x3):
      ref-p[    0]={ 0.00000e+00,  0.00000e+00,  0.00000e+00}
      ref-p[    1]={ 0.00000e+00,  0.00000e+00,  0.00000e+00}
      ref-p[    2]={ 0.00000e+00,  0.00000e+00,  0.00000e+00}
   refcoord-scaling               = No
   posres-com (3):
      posres-com[0]= 0.00000e+00
      posres-com[1]= 0.00000e+00
      posres-com[2]= 0.00000e+00
   posres-comB (3):
      posres-comB[0]= 0.00000e+00
      posres-comB[1]= 0.00000e+00
      posres-comB[2]= 0.00000e+00
   QMMM                           = false
   QMconstraints                  = 0
   QMMMscheme                     = 0
   MMChargeScaleFactor            = 1
qm-opts:
   ngQM                           = 0
   constraint-algorithm           = Lincs
   continuation                   = false
   Shake-SOR                      = false
   shake-tol                      = 0.0001
   lincs-order                    = 4
   lincs-iter                     = 1
   lincs-warnangle                = 30
   nwall                          = 0
   wall-type                      = 9-3
   wall-r-linpot                  = -1
   wall-atomtype[0]               = -1
   wall-atomtype[1]               = -1
   wall-density[0]                = 0
   wall-density[1]                = 0
   wall-ewald-zfac                = 3
   pull                           = false
   rotation                       = false
   interactiveMD                  = false
   disre                          = No
   disre-weighting                = Conservative
   disre-mixed                    = false
   dr-fc                          = 1000
   dr-tau                         = 0
   nstdisreout                    = 100
   orire-fc                       = 0
   orire-tau                      = 0
   nstorireout                    = 100
   free-energy                    = no
   cos-acceleration               = 0
   deform (3x3):
      deform[    0]={ 0.00000e+00,  0.00000e+00,  0.00000e+00}
      deform[    1]={ 0.00000e+00,  0.00000e+00,  0.00000e+00}
      deform[    2]={ 0.00000e+00,  0.00000e+00,  0.00000e+00}
   simulated-tempering            = false
   E-x:
      n = 0
   E-xt:
      n = 0
   E-y:
      n = 0
   E-yt:
      n = 0
   E-z:
      n = 0
   E-zt:
      n = 0
   swapcoords                     = no
   userint1                       = 0
   userint2                       = 0
   userint3                       = 0
   userint4                       = 0
   userreal1                      = 0
   userreal2                      = 0
   userreal3                      = 0
   userreal4                      = 0
grpopts:
   nrdf:      724575
   ref-t:           0
   tau-t:           0
annealing:          No
annealing-npoints:           0
   acc:	           0           0           0
   nfreeze:           N           N           N
   energygrp-flags[  0]: 0

Using 1 MPI process
Using 1 OpenMP thread 

Cut-off's:   NS: 1.05   Coulomb: 1   LJ: 1
System total charge: 0.000
Potential shift: LJ r^-12: -1.000e+00 r^-6: -1.000e+00, Coulomb -1e+00

Using SIMD 4x8 non-bonded kernels

Using full Lennard-Jones parameter combination matrix

Removing pbc first time

NOTE: Thread affinity setting failed. This can cause performance degradation.
      If you think your settings are correct, ask on the gmx-users list.

Initiating Steepest Descents
Started Steepest Descents on rank 0 Wed Sep 20 19:00:48 2023

Steepest Descents:
   Tolerance (Fmax)   =  1.00000e+01
   Number of steps    =        50000
           Step           Time
              0        0.00000

   Energies (kJ/mol)
           Bond       G96Angle        LJ (SR)   Coulomb (SR)      Potential
    1.13162e+06    4.89972e+04    2.98301e+16    7.67584e+03    2.98301e+16
 Pressure (bar)
    0.00000e+00

           Step           Time
              1        1.00000

   Energies (kJ/mol)
           Bond       G96Angle        LJ (SR)   Coulomb (SR)      Potential
    1.13163e+06    4.89973e+04    9.18799e+14    7.67584e+03    9.18799e+14
 Pressure (bar)
    0.00000e+00

           Step           Time
              2        2.00000

   Energies (kJ/mol)
           Bond       G96Angle        LJ (SR)   Coulomb (SR)      Potential
    1.13163e+06    4.89973e+04    4.88562e+13    7.67584e+03    4.88562e+13
 Pressure (bar)
    0.00000e+00

           Step           Time
              3        3.00000

   Energies (kJ/mol)
           Bond       G96Angle        LJ (SR)   Coulomb (SR)      Potential
    1.13164e+06    4.89976e+04    2.64688e+12    7.67584e+03    2.64688e+12
 Pressure (bar)
    0.00000e+00

           Step           Time
              4        4.00000

   Energies (kJ/mol)
           Bond       G96Angle        LJ (SR)   Coulomb (SR)      Potential
    1.13164e+06    4.89978e+04    2.17745e+11    7.67584e+03    2.17746e+11
 Pressure (bar)
    0.00000e+00

           Step           Time
              5        5.00000

   Energies (kJ/mol)
           Bond       G96Angle        LJ (SR)   Coulomb (SR)      Potential
    1.13166e+06    4.89989e+04    2.89357e+10    7.67584e+03    2.89369e+10
 Pressure (bar)
    0.00000e+00

           Step           Time
              6        6.00000

   Energies (kJ/mol)
           Bond       G96Angle        LJ (SR)   Coulomb (SR)      Potential
    1.13168e+06    4.90013e+04    7.10132e+09    7.67585e+03    7.10251e+09
 Pressure (bar)
    0.00000e+00

           Step           Time
              7        7.00000

   Energies (kJ/mol)
           Bond       G96Angle        LJ (SR)   Coulomb (SR)      Potential
    1.13179e+06    4.90103e+04    4.86764e+09    7.67584e+03    4.86883e+09
 Pressure (bar)
    0.00000e+00

           Step           Time
              8        8.00000

   Energies (kJ/mol)
           Bond       G96Angle        LJ (SR)   Coulomb (SR)      Potential
    1.13259e+06    4.90712e+04    2.28419e+09    7.67275e+03    2.28538e+09
 Pressure (bar)
    0.00000e+00

           Step           Time
              9        9.00000

   Energies (kJ/mol)
           Bond       G96Angle        LJ (SR)   Coulomb (SR)      Potential
    1.13408e+06    4.92782e+04    7.16050e+08    7.61859e+03    7.17241e+08
 Pressure (bar)
    0.00000e+00

           Step           Time
             10       10.00000

   Energies (kJ/mol)
           Bond       G96Angle        LJ (SR)   Coulomb (SR)      Potential
    1.13411e+06    4.93604e+04    4.28729e+08    7.40800e+03    4.29920e+08
 Pressure (bar)
    0.00000e+00

           Step           Time
             11       11.00000

   Energies (kJ/mol)
           Bond       G96Angle        LJ (SR)   Coulomb (SR)      Potential
    1.13322e+06    4.93566e+04    2.44757e+08    6.71407e+03    2.45946e+08
 Pressure (bar)
    0.00000e+00

           Step           Time
             12       12.00000

   Energies (kJ/mol)
           Bond       G96Angle        LJ (SR)   Coulomb (SR)      Potential
    1.13218e+06    4.89809e+04    1.38789e+08    4.59533e+03    1.39974e+08
 Pressure (bar)
    0.00000e+00

           Step           Time
             13       13.00000

   Energies (kJ/mol)
           Bond       G96Angle        LJ (SR)   Coulomb (SR)      Potential
    1.13251e+06    4.86165e+04    1.16694e+08    3.07832e+03    1.17878e+08
 Pressure (bar)
    0.00000e+00

           Step           Time
             14       14.00000

   Energies (kJ/mol)
           Bond       G96Angle        LJ (SR)   Coulomb (SR)      Potential
    1.13268e+06    4.84514e+04    1.09332e+08    2.40974e+03    1.10515e+08
 Pressure (bar)
    0.00000e+00

           Step           Time
             15       15.00000

   Energies (kJ/mol)
           Bond       G96Angle        LJ (SR)   Coulomb (SR)      Potential
    1.13756e+06    4.49458e+04    3.37791e+07   -1.71289e+04    3.49445e+07
 Pressure (bar)
    0.00000e+00

           Step           Time
             16       16.00000

   Energies (kJ/mol)
           Bond       G96Angle        LJ (SR)   Coulomb (SR)      Potential
    1.13757e+06    4.49429e+04    3.13638e+07   -1.71578e+04    3.25292e+07
 Pressure (bar)
    0.00000e+00

           Step           Time
             17       17.00000

   Energies (kJ/mol)
           Bond       G96Angle        LJ (SR)   Coulomb (SR)      Potential
    1.13866e+06    4.45592e+04    2.79106e+07   -1.93408e+04    2.90745e+07
 Pressure (bar)
    0.00000e+00

           Step           Time
             18       18.00000

           Step           Time
             19       19.00000

   Energies (kJ/mol)
           Bond       G96Angle        LJ (SR)   Coulomb (SR)      Potential
    1.15603e+06    4.23421e+04    1.75604e+07   -3.47894e+04    1.87239e+07
 Pressure (bar)
    0.00000e+00

           Step           Time
             20       20.00000

   Energies (kJ/mol)
           Bond       G96Angle        LJ (SR)   Coulomb (SR)      Potential
    1.15890e+06    4.22484e+04    1.55791e+07   -3.56204e+04    1.67446e+07
 Pressure (bar)
    0.00000e+00

           Step           Time
             21       21.00000

   Energies (kJ/mol)
           Bond       G96Angle        LJ (SR)   Coulomb (SR)      Potential
    1.16751e+06    4.18158e+04    1.29632e+07   -3.97431e+04    1.41328e+07
 Pressure (bar)
    0.00000e+00

           Step           Time
             22       22.00000

   Energies (kJ/mol)
           Bond       G96Angle        LJ (SR)   Coulomb (SR)      Potential
    1.19251e+06    4.03803e+04    7.00888e+06   -5.61330e+04    8.18563e+06
 Pressure (bar)
    0.00000e+00

           Step           Time
             23       23.00000

           Step           Time
             24       24.00000

   Energies (kJ/mol)
           Bond       G96Angle        LJ (SR)   Coulomb (SR)      Potential
    1.19953e+06    4.01691e+04    6.23216e+06   -5.90016e+04    7.41286e+06
 Pressure (bar)
    0.00000e+00

           Step           Time
             25       25.00000

   Energies (kJ/mol)
           Bond       G96Angle        LJ (SR)   Coulomb (SR)      Potential
    1.20277e+06    4.01110e+04    5.41792e+06   -5.98378e+04    6.60096e+06
 Pressure (bar)
    0.00000e+00

           Step           Time
             26       26.00000

   Energies (kJ/mol)
           Bond       G96Angle        LJ (SR)   Coulomb (SR)      Potential
    1.20819e+06    3.99324e+04    4.70392e+06   -6.24737e+04    5.88957e+06
 Pressure (bar)
    0.00000e+00

           Step           Time
             27       27.00000

           Step           Time
             28       28.00000

   Energies (kJ/mol)
           Bond       G96Angle        LJ (SR)   Coulomb (SR)      Potential
    1.20875e+06    3.99136e+04    4.46655e+06   -6.27658e+04    5.65246e+06
 Pressure (bar)
    0.00000e+00

           Step           Time
             29       29.00000

   Energies (kJ/mol)
           Bond       G96Angle        LJ (SR)   Coulomb (SR)      Potential
    1.21003e+06    3.97994e+04    3.96343e+06   -6.45984e+04    5.14866e+06
 Pressure (bar)
    0.00000e+00

           Step           Time
             30       30.00000

   Energies (kJ/mol)
           Bond       G96Angle        LJ (SR)   Coulomb (SR)      Potential
    1.21688e+06    3.94932e+04    2.76391e+06   -6.99659e+04    3.95031e+06
 Pressure (bar)
    0.00000e+00

           Step           Time
             31       31.00000

   Energies (kJ/mol)
           Bond       G96Angle        LJ (SR)   Coulomb (SR)      Potential
    1.21736e+06    3.94646e+04    2.72468e+06   -7.05044e+04    3.91100e+06
 Pressure (bar)
    0.00000e+00

           Step           Time
             32       32.00000

   Energies (kJ/mol)
           Bond       G96Angle        LJ (SR)   Coulomb (SR)      Potential
    1.21727e+06    3.94619e+04    2.59545e+06   -7.05766e+04    3.78160e+06
 Pressure (bar)
    0.00000e+00

           Step           Time
             33       33.00000

           Step           Time
             34       34.00000

   Energies (kJ/mol)
           Bond       G96Angle        LJ (SR)   Coulomb (SR)      Potential
    1.22998e+06    3.89710e+04    7.03584e+05   -8.17271e+04    1.89081e+06
 Pressure (bar)
    0.00000e+00

           Step           Time
             35       35.00000

   Energies (kJ/mol)
           Bond       G96Angle        LJ (SR)   Coulomb (SR)      Potential
    1.23137e+06    3.89478e+04    5.31113e+05   -8.23937e+04    1.71903e+06
 Pressure (bar)
    0.00000e+00

           Step           Time
             36       36.00000

   Energies (kJ/mol)
           Bond       G96Angle        LJ (SR)   Coulomb (SR)      Potential
    1.24231e+06    3.86759e+04   -7.28476e+05   -9.24091e+04    4.60097e+05
 Pressure (bar)
    0.00000e+00

           Step           Time
             37       37.00000

   Energies (kJ/mol)
           Bond       G96Angle        LJ (SR)   Coulomb (SR)      Potential
    1.25498e+06    3.85760e+04   -7.76193e+05   -9.98354e+04    4.17531e+05
 Pressure (bar)
    0.00000e+00

           Step           Time
             38       38.00000

   Energies (kJ/mol)
           Bond       G96Angle        LJ (SR)   Coulomb (SR)      Potential
    1.25547e+06    3.85757e+04   -1.28000e+06   -9.98590e+04   -8.58097e+04
 Pressure (bar)
    0.00000e+00

           Step           Time
             39       39.00000

   Energies (kJ/mol)
           Bond       G96Angle        LJ (SR)   Coulomb (SR)      Potential
    1.25821e+06    3.85741e+04   -1.39754e+06   -1.00471e+05   -2.01225e+05
 Pressure (bar)
    0.00000e+00

           Step           Time
             40       40.00000

           Step           Time
             41       41.00000

           Step           Time
             42       42.00000

   Energies (kJ/mol)
           Bond       G96Angle        LJ (SR)   Coulomb (SR)      Potential
    1.25813e+06    3.85738e+04   -1.49143e+06   -1.00490e+05   -2.95220e+05
 Pressure (bar)
    0.00000e+00

           Step           Time
             43       43.00000

   Energies (kJ/mol)
           Bond       G96Angle        LJ (SR)   Coulomb (SR)      Potential
    1.25765e+06    3.85713e+04   -1.58153e+06   -1.01013e+05   -3.86318e+05
 Pressure (bar)
    0.00000e+00

           Step           Time
             44       44.00000

   Energies (kJ/mol)
           Bond       G96Angle        LJ (SR)   Coulomb (SR)      Potential
    1.25666e+06    3.85644e+04   -1.76319e+06   -1.02974e+05   -5.70941e+05
 Pressure (bar)
    0.00000e+00

           Step           Time
             45       45.00000

   Energies (kJ/mol)
           Bond       G96Angle        LJ (SR)   Coulomb (SR)      Potential
    1.25573e+06    3.85640e+04   -1.88058e+06   -1.04410e+05   -6.90704e+05
 Pressure (bar)
    0.00000e+00

           Step           Time
             46       46.00000

   Energies (kJ/mol)
           Bond       G96Angle        LJ (SR)   Coulomb (SR)      Potential
    1.25429e+06    3.85690e+04   -2.04424e+06   -1.06563e+05   -8.57951e+05
 Pressure (bar)
    0.00000e+00

           Step           Time
             47       47.00000

   Energies (kJ/mol)
           Bond       G96Angle        LJ (SR)   Coulomb (SR)      Potential
    1.25262e+06    3.85872e+04   -2.23216e+06   -1.09376e+05   -1.05033e+06
 Pressure (bar)
    0.00000e+00

           Step           Time
             48       48.00000

   Energies (kJ/mol)
           Bond       G96Angle        LJ (SR)   Coulomb (SR)      Potential
    1.25268e+06    3.85905e+04   -2.26434e+06   -1.09723e+05   -1.08280e+06
 Pressure (bar)
    0.00000e+00

           Step           Time
             49       49.00000

           Step           Time
             50       50.00000

   Energies (kJ/mol)
           Bond       G96Angle        LJ (SR)   Coulomb (SR)      Potential
    1.25208e+06    3.86015e+04   -2.33879e+06   -1.10802e+05   -1.15891e+06
 Pressure (bar)
    0.00000e+00

           Step           Time
             51       51.00000

   Energies (kJ/mol)
           Bond       G96Angle        LJ (SR)   Coulomb (SR)      Potential
    1.24939e+06    3.86417e+04   -2.51676e+06   -1.13629e+05   -1.34236e+06
 Pressure (bar)
    0.00000e+00

           Step           Time
             52       52.00000

   Energies (kJ/mol)
           Bond       G96Angle        LJ (SR)   Coulomb (SR)      Potential
    1.24228e+06    3.88333e+04   -2.92241e+06   -1.21911e+05   -1.76321e+06
 Pressure (bar)
    0.00000e+00

           Step           Time
             53       53.00000

   Energies (kJ/mol)
           Bond       G96Angle        LJ (SR)   Coulomb (SR)      Potential
    1.24231e+06    3.88375e+04   -2.94761e+06   -1.22054e+05   -1.78851e+06
 Pressure (bar)
    0.00000e+00

           Step           Time
             54       54.00000

           Step           Time
             55       55.00000

   Energies (kJ/mol)
           Bond       G96Angle        LJ (SR)   Coulomb (SR)      Potential
    1.24223e+06    3.88409e+04   -2.96595e+06   -1.22178e+05   -1.80706e+06
 Pressure (bar)
    0.00000e+00

           Step           Time
             56       56.00000

   Energies (kJ/mol)
           Bond       G96Angle        LJ (SR)   Coulomb (SR)      Potential
    1.24147e+06    3.88600e+04   -2.99879e+06   -1.22822e+05   -1.84128e+06
 Pressure (bar)
    0.00000e+00

           Step           Time
             57       57.00000

           Step           Time
             58       58.00000

   Energies (kJ/mol)
           Bond       G96Angle        LJ (SR)   Coulomb (SR)      Potential
    1.23959e+06    3.89070e+04   -3.06332e+06   -1.24320e+05   -1.90914e+06
 Pressure (bar)
    0.00000e+00

           Step           Time
             59       59.00000

   Energies (kJ/mol)
           Bond       G96Angle        LJ (SR)   Coulomb (SR)      Potential
    1.23870e+06    3.89264e+04   -3.09191e+06   -1.24913e+05   -1.93919e+06
 Pressure (bar)
    0.00000e+00

           Step           Time
             60       60.00000

   Energies (kJ/mol)
           Bond       G96Angle        LJ (SR)   Coulomb (SR)      Potential
    1.22969e+06    3.91939e+04   -3.34937e+06   -1.31594e+05   -2.21207e+06
 Pressure (bar)
    0.00000e+00

           Step           Time
             61       61.00000

   Energies (kJ/mol)
           Bond       G96Angle        LJ (SR)   Coulomb (SR)      Potential
    1.22800e+06    3.92441e+04   -3.38538e+06   -1.32720e+05   -2.25086e+06
 Pressure (bar)
    0.00000e+00

           Step           Time
             62       62.00000

   Energies (kJ/mol)
           Bond       G96Angle        LJ (SR)   Coulomb (SR)      Potential
    1.22700e+06    3.92723e+04   -3.40562e+06   -1.33194e+05   -2.27254e+06
 Pressure (bar)
    0.00000e+00

           Step           Time
             63       63.00000

   Energies (kJ/mol)
           Bond       G96Angle        LJ (SR)   Coulomb (SR)      Potential
    1.22134e+06    3.94505e+04   -3.50492e+06   -1.36504e+05   -2.38064e+06
 Pressure (bar)
    0.00000e+00

           Step           Time
             64       64.00000

           Step           Time
             65       65.00000

   Energies (kJ/mol)
           Bond       G96Angle        LJ (SR)   Coulomb (SR)      Potential
    1.22102e+06    3.94667e+04   -3.51610e+06   -1.36820e+05   -2.39244e+06
 Pressure (bar)
    0.00000e+00

           Step           Time
             66       66.00000

   Energies (kJ/mol)
           Bond       G96Angle        LJ (SR)   Coulomb (SR)      Potential
    1.22012e+06    3.94969e+04   -3.53473e+06   -1.37408e+05   -2.41252e+06
 Pressure (bar)
    0.00000e+00

           Step           Time
             67       67.00000

   Energies (kJ/mol)
           Bond       G96Angle        LJ (SR)   Coulomb (SR)      Potential
    1.21770e+06    3.95737e+04   -3.57281e+06   -1.38850e+05   -2.45438e+06
 Pressure (bar)
    0.00000e+00

           Step           Time
             68       68.00000

           Step           Time
             69       69.00000

   Energies (kJ/mol)
           Bond       G96Angle        LJ (SR)   Coulomb (SR)      Potential
    1.21678e+06    3.96083e+04   -3.59346e+06   -1.39493e+05   -2.47656e+06
 Pressure (bar)
    0.00000e+00

           Step           Time
             70       70.00000

   Energies (kJ/mol)
           Bond       G96Angle        LJ (SR)   Coulomb (SR)      Potential
    1.21383e+06    3.96993e+04   -3.61951e+06   -1.41110e+05   -2.50709e+06
 Pressure (bar)
    0.00000e+00

           Step           Time
             71       71.00000

   Energies (kJ/mol)
           Bond       G96Angle        LJ (SR)   Coulomb (SR)      Potential
    1.21404e+06    3.97058e+04   -3.63499e+06   -1.41228e+05   -2.52247e+06
 Pressure (bar)
    0.00000e+00

           Step           Time
             72       72.00000

           Step           Time
             73       73.00000

   Energies (kJ/mol)
           Bond       G96Angle        LJ (SR)   Coulomb (SR)      Potential
    1.21336e+06    3.97259e+04   -3.64815e+06   -1.41579e+05   -2.53665e+06
 Pressure (bar)
    0.00000e+00

           Step           Time
             74       74.00000

   Energies (kJ/mol)
           Bond       G96Angle        LJ (SR)   Coulomb (SR)      Potential
    1.21010e+06    3.98265e+04   -3.69171e+06   -1.43291e+05   -2.58508e+06
 Pressure (bar)
    0.00000e+00

           Step           Time
             75       75.00000

   Energies (kJ/mol)
           Bond       G96Angle        LJ (SR)   Coulomb (SR)      Potential
    1.19095e+06    4.05241e+04   -3.89886e+06   -1.53305e+05   -2.82069e+06
 Pressure (bar)
    0.00000e+00

           Step           Time
             76       76.00000

   Energies (kJ/mol)
           Bond       G96Angle        LJ (SR)   Coulomb (SR)      Potential
    1.19019e+06    4.05451e+04   -3.91531e+06   -1.53626e+05   -2.83819e+06
 Pressure (bar)
    0.00000e+00

           Step           Time
             77       77.00000

   Energies (kJ/mol)
           Bond       G96Angle        LJ (SR)   Coulomb (SR)      Potential
    1.15782e+06    4.18645e+04   -4.01490e+06   -1.69741e+05   -2.98496e+06
 Pressure (bar)
    0.00000e+00

           Step           Time
             78       78.00000

   Energies (kJ/mol)
           Bond       G96Angle        LJ (SR)   Coulomb (SR)      Potential
    1.15927e+06    4.18692e+04   -4.06212e+06   -1.69805e+05   -3.03078e+06
 Pressure (bar)
    0.00000e+00

           Step           Time
             79       79.00000

   Energies (kJ/mol)
           Bond       G96Angle        LJ (SR)   Coulomb (SR)      Potential
    1.16080e+06    4.18746e+04   -4.14348e+06   -1.69883e+05   -3.11069e+06
 Pressure (bar)
    0.00000e+00

           Step           Time
             80       80.00000

           Step           Time
             81       81.00000

   Energies (kJ/mol)
           Bond       G96Angle        LJ (SR)   Coulomb (SR)      Potential
    1.16010e+06    4.19112e+04   -4.15144e+06   -1.70402e+05   -3.11983e+06
 Pressure (bar)
    0.00000e+00

           Step           Time
             82       82.00000

           Step           Time
             83       83.00000

   Energies (kJ/mol)
           Bond       G96Angle        LJ (SR)   Coulomb (SR)      Potential
    1.15970e+06    4.19294e+04   -4.16102e+06   -1.70602e+05   -3.12999e+06
 Pressure (bar)
    0.00000e+00

           Step           Time
             84       84.00000

   Energies (kJ/mol)
           Bond       G96Angle        LJ (SR)   Coulomb (SR)      Potential
    1.14987e+06    4.22405e+04   -4.20480e+06   -1.74933e+05   -3.18762e+06
 Pressure (bar)
    0.00000e+00

           Step           Time
             85       85.00000

   Energies (kJ/mol)
           Bond       G96Angle        LJ (SR)   Coulomb (SR)      Potential
    1.11026e+06    4.38067e+04   -4.33261e+06   -1.94406e+05   -3.37294e+06
 Pressure (bar)
    0.00000e+00

           Step           Time
             86       86.00000

   Energies (kJ/mol)
           Bond       G96Angle        LJ (SR)   Coulomb (SR)      Potential
    1.11042e+06    4.38198e+04   -4.35353e+06   -1.94607e+05   -3.39391e+06
 Pressure (bar)
    0.00000e+00

           Step           Time
             87       87.00000

           Step           Time
             88       88.00000

   Energies (kJ/mol)
           Bond       G96Angle        LJ (SR)   Coulomb (SR)      Potential
    1.10627e+06    4.40008e+04   -4.36799e+06   -1.97367e+05   -3.41509e+06
 Pressure (bar)
    0.00000e+00

           Step           Time
             89       89.00000

   Energies (kJ/mol)
           Bond       G96Angle        LJ (SR)   Coulomb (SR)      Potential
    1.10497e+06    4.40650e+04   -4.37732e+06   -1.98385e+05   -3.42668e+06
 Pressure (bar)
    0.00000e+00

           Step           Time
             90       90.00000

   Energies (kJ/mol)
           Bond       G96Angle        LJ (SR)   Coulomb (SR)      Potential
    1.05394e+06    4.64076e+04   -4.49818e+06   -2.30695e+05   -3.62854e+06
 Pressure (bar)
    0.00000e+00

           Step           Time
             91       91.00000

   Energies (kJ/mol)
           Bond       G96Angle        LJ (SR)   Coulomb (SR)      Potential
    1.05407e+06    4.64835e+04   -4.51595e+06   -2.32124e+05   -3.64752e+06
 Pressure (bar)
    0.00000e+00

           Step           Time
             92       92.00000

           Step           Time
             93       93.00000

   Energies (kJ/mol)
           Bond       G96Angle        LJ (SR)   Coulomb (SR)      Potential
    1.05000e+06    4.66232e+04   -4.52574e+06   -2.34758e+05   -3.66387e+06
 Pressure (bar)
    0.00000e+00

           Step           Time
             94       94.00000

   Energies (kJ/mol)
           Bond       G96Angle        LJ (SR)   Coulomb (SR)      Potential
    1.04670e+06    4.67717e+04   -4.53411e+06   -2.37585e+05   -3.67822e+06
 Pressure (bar)
    0.00000e+00

           Step           Time
             95       95.00000

   Energies (kJ/mol)
           Bond       G96Angle        LJ (SR)   Coulomb (SR)      Potential
    1.03657e+06    4.71970e+04   -4.55449e+06   -2.45713e+05   -3.71644e+06
 Pressure (bar)
    0.00000e+00

           Step           Time
             96       96.00000

   Energies (kJ/mol)
           Bond       G96Angle        LJ (SR)   Coulomb (SR)      Potential
    1.02423e+06    4.77371e+04   -4.57561e+06   -2.56339e+05   -3.75998e+06
 Pressure (bar)
    0.00000e+00

           Step           Time
             97       97.00000

   Energies (kJ/mol)
           Bond       G96Angle        LJ (SR)   Coulomb (SR)      Potential
    1.01884e+06    4.80051e+04   -4.58569e+06   -2.61920e+05   -3.78076e+06
 Pressure (bar)
    0.00000e+00

           Step           Time
             98       98.00000

           Step           Time
             99       99.00000

   Energies (kJ/mol)
           Bond       G96Angle        LJ (SR)   Coulomb (SR)      Potential
    1.01284e+06    4.82647e+04   -4.59778e+06   -2.67468e+05   -3.80414e+06
 Pressure (bar)
    0.00000e+00

           Step           Time
            100      100.00000

   Energies (kJ/mol)
           Bond       G96Angle        LJ (SR)   Coulomb (SR)      Potential
    1.00734e+06    4.85249e+04   -4.60820e+06   -2.73145e+05   -3.82547e+06
 Pressure (bar)
    0.00000e+00

           Step           Time
            101      101.00000

   Energies (kJ/mol)
           Bond       G96Angle        LJ (SR)   Coulomb (SR)      Potential
    1.00326e+06    4.87004e+04   -4.60971e+06   -2.77074e+05   -3.83483e+06
 Pressure (bar)
    0.00000e+00

           Step           Time
            102      102.00000

   Energies (kJ/mol)
           Bond       G96Angle        LJ (SR)   Coulomb (SR)      Potential
    1.00218e+06    4.87614e+04   -4.60869e+06   -2.78419e+05   -3.83617e+06
 Pressure (bar)
    0.00000e+00

           Step           Time
            103      103.00000

           Step           Time
            104      104.00000

   Energies (kJ/mol)
           Bond       G96Angle        LJ (SR)   Coulomb (SR)      Potential
    1.00161e+06    4.87899e+04   -4.61937e+06   -2.79138e+05   -3.84811e+06
 Pressure (bar)
    0.00000e+00

           Step           Time
            105      105.00000

   Energies (kJ/mol)
           Bond       G96Angle        LJ (SR)   Coulomb (SR)      Potential
    9.91324e+05    4.92391e+04   -4.63606e+06   -2.89286e+05   -3.88479e+06
 Pressure (bar)
    0.00000e+00

           Step           Time
            106      106.00000

   Energies (kJ/mol)
           Bond       G96Angle        LJ (SR)   Coulomb (SR)      Potential
    9.48493e+05    5.13076e+04   -4.69200e+06   -3.35726e+05   -4.02792e+06
 Pressure (bar)
    0.00000e+00

           Step           Time
            107      107.00000

           Step           Time
            108      108.00000

   Energies (kJ/mol)
           Bond       G96Angle        LJ (SR)   Coulomb (SR)      Potential
    9.47511e+05    5.13699e+04   -4.69766e+06   -3.37383e+05   -4.03616e+06
 Pressure (bar)
    0.00000e+00

           Step           Time
            109      109.00000

   Energies (kJ/mol)
           Bond       G96Angle        LJ (SR)   Coulomb (SR)      Potential
    9.21726e+05    5.26730e+04   -4.73040e+06   -3.70592e+05   -4.12659e+06
 Pressure (bar)
    0.00000e+00

           Step           Time
            110      110.00000

   Energies (kJ/mol)
           Bond       G96Angle        LJ (SR)   Coulomb (SR)      Potential
    9.12897e+05    5.31383e+04   -4.73212e+06   -3.83378e+05   -4.14946e+06
 Pressure (bar)
    0.00000e+00

           Step           Time
            111      111.00000

           Step           Time
            112      112.00000

   Energies (kJ/mol)
           Bond       G96Angle        LJ (SR)   Coulomb (SR)      Potential
    9.12470e+05    5.31625e+04   -4.73958e+06   -3.84069e+05   -4.15801e+06
 Pressure (bar)
    0.00000e+00

           Step           Time
            113      113.00000

   Energies (kJ/mol)
           Bond       G96Angle        LJ (SR)   Coulomb (SR)      Potential
    9.11021e+05    5.32412e+04   -4.74414e+06   -3.86283e+05   -4.16616e+06
 Pressure (bar)
    0.00000e+00

           Step           Time
            114      114.00000

   Energies (kJ/mol)
           Bond       G96Angle        LJ (SR)   Coulomb (SR)      Potential
    8.97062e+05    5.39699e+04   -4.75835e+06   -4.06584e+05   -4.21391e+06
 Pressure (bar)
    0.00000e+00

           Step           Time
            115      115.00000

   Energies (kJ/mol)
           Bond       G96Angle        LJ (SR)   Coulomb (SR)      Potential
    8.92813e+05    5.42191e+04   -4.75878e+06   -4.13654e+05   -4.22540e+06
 Pressure (bar)
    0.00000e+00

           Step           Time
            116      116.00000

           Step           Time
            117      117.00000

   Energies (kJ/mol)
           Bond       G96Angle        LJ (SR)   Coulomb (SR)      Potential
    8.92102e+05    5.42538e+04   -4.76650e+06   -4.14654e+05   -4.23480e+06
 Pressure (bar)
    0.00000e+00

           Step           Time
            118      118.00000

   Energies (kJ/mol)
           Bond       G96Angle        LJ (SR)   Coulomb (SR)      Potential
    8.75845e+05    5.51136e+04   -4.78140e+06   -4.38883e+05   -4.28932e+06
 Pressure (bar)
    0.00000e+00

           Step           Time
            119      119.00000

   Energies (kJ/mol)
           Bond       G96Angle        LJ (SR)   Coulomb (SR)      Potential
    8.72815e+05    5.52981e+04   -4.78737e+06   -4.44218e+05   -4.30347e+06
 Pressure (bar)
    0.00000e+00

           Step           Time
            120      120.00000

   Energies (kJ/mol)
           Bond       G96Angle        LJ (SR)   Coulomb (SR)      Potential
    8.23726e+05    5.82619e+04   -4.82284e+06   -5.26360e+05   -4.46721e+06
 Pressure (bar)
    0.00000e+00

           Step           Time
            121      121.00000

   Energies (kJ/mol)
           Bond       G96Angle        LJ (SR)   Coulomb (SR)      Potential
    8.22268e+05    5.84705e+04   -4.82068e+06   -5.31504e+05   -4.47145e+06
 Pressure (bar)
    0.00000e+00

           Step           Time
            122      122.00000

   Energies (kJ/mol)
           Bond       G96Angle        LJ (SR)   Coulomb (SR)      Potential
    8.22285e+05    5.85174e+04   -4.83357e+06   -5.32734e+05   -4.48550e+06
 Pressure (bar)
    0.00000e+00

           Step           Time
            123      123.00000

           Step           Time
            124      124.00000

   Energies (kJ/mol)
           Bond       G96Angle        LJ (SR)   Coulomb (SR)      Potential
    8.04778e+05    5.96002e+04   -4.84381e+06   -5.60485e+05   -4.53992e+06
 Pressure (bar)
    0.00000e+00

           Step           Time
            125      125.00000

   Energies (kJ/mol)
           Bond       G96Angle        LJ (SR)   Coulomb (SR)      Potential
    8.04773e+05    5.96382e+04   -4.84697e+06   -5.61613e+05   -4.54417e+06
 Pressure (bar)
    0.00000e+00

           Step           Time
            126      126.00000

   Energies (kJ/mol)
           Bond       G96Angle        LJ (SR)   Coulomb (SR)      Potential
    8.03141e+05    5.97113e+04   -4.85500e+06   -5.63612e+05   -4.55576e+06
 Pressure (bar)
    0.00000e+00

           Step           Time
            127      127.00000

           Step           Time
            128      128.00000

   Energies (kJ/mol)
           Bond       G96Angle        LJ (SR)   Coulomb (SR)      Potential
    7.67420e+05    6.22379e+04   -4.87248e+06   -6.32796e+05   -4.67562e+06
 Pressure (bar)
    0.00000e+00

           Step           Time
            129      129.00000

           Step           Time
            130      130.00000

   Energies (kJ/mol)
           Bond       G96Angle        LJ (SR)   Coulomb (SR)      Potential
    7.67152e+05    6.22632e+04   -4.88087e+06   -6.33445e+05   -4.68490e+06
 Pressure (bar)
    0.00000e+00

           Step           Time
            131      131.00000

   Energies (kJ/mol)
           Bond       G96Angle        LJ (SR)   Coulomb (SR)      Potential
    7.65341e+05    6.24084e+04   -4.88536e+06   -6.37147e+05   -4.69475e+06
 Pressure (bar)
    0.00000e+00

           Step           Time
            132      132.00000

   Energies (kJ/mol)
           Bond       G96Angle        LJ (SR)   Coulomb (SR)      Potential
    7.62269e+05    6.26492e+04   -4.88892e+06   -6.43336e+05   -4.70733e+06
 Pressure (bar)
    0.00000e+00

           Step           Time
            133      133.00000

   Energies (kJ/mol)
           Bond       G96Angle        LJ (SR)   Coulomb (SR)      Potential
    7.59985e+05    6.28447e+04   -4.89299e+06   -6.48416e+05   -4.71858e+06
 Pressure (bar)
    0.00000e+00

           Step           Time
            134      134.00000

   Energies (kJ/mol)
           Bond       G96Angle        LJ (SR)   Coulomb (SR)      Potential
    7.41012e+05    6.43071e+04   -4.90996e+06   -6.85917e+05   -4.79056e+06
 Pressure (bar)
    0.00000e+00

           Step           Time
            135      135.00000

   Energies (kJ/mol)
           Bond       G96Angle        LJ (SR)   Coulomb (SR)      Potential
    7.34132e+05    6.48859e+04   -4.91199e+06   -7.01042e+05   -4.81401e+06
 Pressure (bar)
    0.00000e+00

           Step           Time
            136      136.00000

           Step           Time
            137      137.00000

   Energies (kJ/mol)
           Bond       G96Angle        LJ (SR)   Coulomb (SR)      Potential
    7.33282e+05    6.49705e+04   -4.91732e+06   -7.03258e+05   -4.82233e+06
 Pressure (bar)
    0.00000e+00

           Step           Time
            138      138.00000

   Energies (kJ/mol)
           Bond       G96Angle        LJ (SR)   Coulomb (SR)      Potential
    7.30341e+05    6.52209e+04   -4.91755e+06   -7.09815e+05   -4.83180e+06
 Pressure (bar)
    0.00000e+00

           Step           Time
            139      139.00000

   Energies (kJ/mol)
           Bond       G96Angle        LJ (SR)   Coulomb (SR)      Potential
    7.29211e+05    6.53723e+04   -4.92074e+06   -7.13763e+05   -4.83992e+06
 Pressure (bar)
    0.00000e+00

           Step           Time
            140      140.00000

           Step           Time
            141      141.00000

   Energies (kJ/mol)
           Bond       G96Angle        LJ (SR)   Coulomb (SR)      Potential
    7.27764e+05    6.54810e+04   -4.92129e+06   -7.16597e+05   -4.84464e+06
 Pressure (bar)
    0.00000e+00

           Step           Time
            142      142.00000

   Energies (kJ/mol)
           Bond       G96Angle        LJ (SR)   Coulomb (SR)      Potential
    7.26881e+05    6.55602e+04   -4.92139e+06   -7.18652e+05   -4.84760e+06
 Pressure (bar)
    0.00000e+00

           Step           Time
            143      143.00000

   Energies (kJ/mol)
           Bond       G96Angle        LJ (SR)   Coulomb (SR)      Potential
    7.26149e+05    6.56399e+04   -4.92571e+06   -7.20731e+05   -4.85465e+06
 Pressure (bar)
    0.00000e+00

           Step           Time
            144      144.00000

           Step           Time
            145      145.00000

   Energies (kJ/mol)
           Bond       G96Angle        LJ (SR)   Coulomb (SR)      Potential
    7.20955e+05    6.60963e+04   -4.92887e+06   -7.32485e+05   -4.87431e+06
 Pressure (bar)
    0.00000e+00

           Step           Time
            146      146.00000

   Energies (kJ/mol)
           Bond       G96Angle        LJ (SR)   Coulomb (SR)      Potential
    7.19086e+05    6.62464e+04   -4.93334e+06   -7.36356e+05   -4.88436e+06
 Pressure (bar)
    0.00000e+00

           Step           Time
            147      147.00000

   Energies (kJ/mol)
           Bond       G96Angle        LJ (SR)   Coulomb (SR)      Potential
    6.99913e+05    6.79702e+04   -4.94201e+06   -7.79652e+05   -4.95378e+06
 Pressure (bar)
    0.00000e+00

           Step           Time
            148      148.00000

   Energies (kJ/mol)
           Bond       G96Angle        LJ (SR)   Coulomb (SR)      Potential
    6.99734e+05    6.80128e+04   -4.94542e+06   -7.80691e+05   -4.95836e+06
 Pressure (bar)
    0.00000e+00

           Step           Time
            149      149.00000

   Energies (kJ/mol)
           Bond       G96Angle        LJ (SR)   Coulomb (SR)      Potential
    6.99352e+05    6.81095e+04   -4.95031e+06   -7.83075e+05   -4.96592e+06
 Pressure (bar)
    0.00000e+00

           Step           Time
            150      150.00000

           Step           Time
            151      151.00000

   Energies (kJ/mol)
           Bond       G96Angle        LJ (SR)   Coulomb (SR)      Potential
    6.95964e+05    6.84413e+04   -4.95454e+06   -7.91127e+05   -4.98127e+06
 Pressure (bar)
    0.00000e+00

           Step           Time
            152      152.00000

   Energies (kJ/mol)
           Bond       G96Angle        LJ (SR)   Coulomb (SR)      Potential
    6.87895e+05    6.91734e+04   -4.96209e+06   -8.08677e+05   -5.01370e+06
 Pressure (bar)
    0.00000e+00

           Step           Time
            153      153.00000

           Step           Time
            154      154.00000

   Energies (kJ/mol)
           Bond       G96Angle        LJ (SR)   Coulomb (SR)      Potential
    6.82814e+05    6.96606e+04   -4.96452e+06   -8.20387e+05   -5.03243e+06
 Pressure (bar)
    0.00000e+00

           Step           Time
            155      155.00000

   Energies (kJ/mol)
           Bond       G96Angle        LJ (SR)   Coulomb (SR)      Potential
    6.82569e+05    6.97240e+04   -4.96825e+06   -8.21916e+05   -5.03787e+06
 Pressure (bar)
    0.00000e+00

           Step           Time
            156      156.00000

   Energies (kJ/mol)
           Bond       G96Angle        LJ (SR)   Coulomb (SR)      Potential
    6.66061e+05    7.14623e+04   -4.98327e+06   -8.62283e+05   -5.10803e+06
 Pressure (bar)
    0.00000e+00

           Step           Time
            157      157.00000

   Energies (kJ/mol)
           Bond       G96Angle        LJ (SR)   Coulomb (SR)      Potential
    6.59357e+05    7.22662e+04   -4.99102e+06   -8.80227e+05   -5.13962e+06
 Pressure (bar)
    0.00000e+00

           Step           Time
            158      158.00000

           Step           Time
            159      159.00000

   Energies (kJ/mol)
           Bond       G96Angle        LJ (SR)   Coulomb (SR)      Potential
    6.56622e+05    7.25562e+04   -4.99247e+06   -8.86721e+05   -5.15001e+06
 Pressure (bar)
    0.00000e+00

           Step           Time
            160      160.00000

   Energies (kJ/mol)
           Bond       G96Angle        LJ (SR)   Coulomb (SR)      Potential
    6.55997e+05    7.26332e+04   -4.99534e+06   -8.88457e+05   -5.15516e+06
 Pressure (bar)
    0.00000e+00

           Step           Time
            161      161.00000

   Energies (kJ/mol)
           Bond       G96Angle        LJ (SR)   Coulomb (SR)      Potential
    6.51251e+05    7.31607e+04   -5.00033e+06   -9.00134e+05   -5.17606e+06
 Pressure (bar)
    0.00000e+00

           Step           Time
            162      162.00000

   Energies (kJ/mol)
           Bond       G96Angle        LJ (SR)   Coulomb (SR)      Potential
    6.46654e+05    7.37315e+04   -5.00558e+06   -9.12688e+05   -5.19788e+06
 Pressure (bar)
    0.00000e+00

           Step           Time
            163      163.00000

   Energies (kJ/mol)
           Bond       G96Angle        LJ (SR)   Coulomb (SR)      Potential
    6.41162e+05    7.44634e+04   -5.01157e+06   -9.28568e+05   -5.22451e+06
 Pressure (bar)
    0.00000e+00

           Step           Time
            164      164.00000

   Energies (kJ/mol)
           Bond       G96Angle        LJ (SR)   Coulomb (SR)      Potential
    6.37093e+05    7.49952e+04   -5.00280e+06   -9.39887e+05   -5.23060e+06
 Pressure (bar)
    0.00000e+00

           Step           Time
            165      165.00000

           Step           Time
            166      166.00000

   Energies (kJ/mol)
           Bond       G96Angle        LJ (SR)   Coulomb (SR)      Potential
    6.37066e+05    7.50197e+04   -5.01592e+06   -9.40412e+05   -5.24425e+06
 Pressure (bar)
    0.00000e+00

           Step           Time
            167      167.00000

   Energies (kJ/mol)
           Bond       G96Angle        LJ (SR)   Coulomb (SR)      Potential
    6.33422e+05    7.54812e+04   -5.01970e+06   -9.50257e+05   -5.26106e+06
 Pressure (bar)
    0.00000e+00

           Step           Time
            168      168.00000

           Step           Time
            169      169.00000

   Energies (kJ/mol)
           Bond       G96Angle        LJ (SR)   Coulomb (SR)      Potential
    6.33099e+05    7.55538e+04   -5.02102e+06   -9.51813e+05   -5.26418e+06
 Pressure (bar)
    0.00000e+00

           Step           Time
            170      170.00000

   Energies (kJ/mol)
           Bond       G96Angle        LJ (SR)   Coulomb (SR)      Potential
    6.32483e+05    7.56373e+04   -5.02438e+06   -9.53621e+05   -5.26988e+06
 Pressure (bar)
    0.00000e+00

           Step           Time
            171      171.00000

   Energies (kJ/mol)
           Bond       G96Angle        LJ (SR)   Coulomb (SR)      Potential
    6.16685e+05    7.76397e+04   -5.03987e+06   -9.94620e+05   -5.34017e+06
 Pressure (bar)
    0.00000e+00

           Step           Time
            172      172.00000

   Energies (kJ/mol)
           Bond       G96Angle        LJ (SR)   Coulomb (SR)      Potential
    6.12393e+05    7.83434e+04   -5.03844e+06   -1.00872e+06   -5.35643e+06
 Pressure (bar)
    0.00000e+00

           Step           Time
            173      173.00000

   Energies (kJ/mol)
           Bond       G96Angle        LJ (SR)   Coulomb (SR)      Potential
    6.13179e+05    7.83789e+04   -5.04417e+06   -1.00942e+06   -5.36203e+06
 Pressure (bar)
    0.00000e+00

           Step           Time
            174      174.00000

   Energies (kJ/mol)
           Bond       G96Angle        LJ (SR)   Coulomb (SR)      Potential
    6.12880e+05    7.85446e+04   -5.05034e+06   -1.01265e+06   -5.37157e+06
 Pressure (bar)
    0.00000e+00

           Step           Time
            175      175.00000

   Energies (kJ/mol)
           Bond       G96Angle        LJ (SR)   Coulomb (SR)      Potential
    6.00037e+05    8.02142e+04   -5.05929e+06   -1.04507e+06   -5.42411e+06
 Pressure (bar)
    0.00000e+00

           Step           Time
            176      176.00000

           Step           Time
            177      177.00000

   Energies (kJ/mol)
           Bond       G96Angle        LJ (SR)   Coulomb (SR)      Potential
    5.99129e+05    8.03406e+04   -5.06199e+06   -1.04758e+06   -5.43010e+06
 Pressure (bar)
    0.00000e+00

           Step           Time
            178      178.00000

   Energies (kJ/mol)
           Bond       G96Angle        LJ (SR)   Coulomb (SR)      Potential
    5.98523e+05    8.04167e+04   -5.06713e+06   -1.04907e+06   -5.43727e+06
 Pressure (bar)
    0.00000e+00

           Step           Time
            179      179.00000

   Energies (kJ/mol)
           Bond       G96Angle        LJ (SR)   Coulomb (SR)      Potential
    5.86930e+05    8.23384e+04   -5.07067e+06   -1.08489e+06   -5.48629e+06
 Pressure (bar)
    0.00000e+00

           Step           Time
            180      180.00000

           Step           Time
            181      181.00000

           Step           Time
            182      182.00000

   Energies (kJ/mol)
           Bond       G96Angle        LJ (SR)   Coulomb (SR)      Potential
    5.86838e+05    8.23640e+04   -5.08167e+06   -1.08539e+06   -5.49786e+06
 Pressure (bar)
    0.00000e+00

           Step           Time
            183      183.00000

   Energies (kJ/mol)
           Bond       G96Angle        LJ (SR)   Coulomb (SR)      Potential
    5.84590e+05    8.26699e+04   -5.08738e+06   -1.09125e+06   -5.51137e+06
 Pressure (bar)
    0.00000e+00

           Step           Time
            184      184.00000

   Energies (kJ/mol)
           Bond       G96Angle        LJ (SR)   Coulomb (SR)      Potential
    5.81902e+05    8.30636e+04   -5.09066e+06   -1.09869e+06   -5.52439e+06
 Pressure (bar)
    0.00000e+00

           Step           Time
            185      185.00000

   Energies (kJ/mol)
           Bond       G96Angle        LJ (SR)   Coulomb (SR)      Potential
    5.80541e+05    8.32817e+04   -5.09375e+06   -1.10283e+06   -5.53276e+06
 Pressure (bar)
    0.00000e+00

           Step           Time
            186      186.00000

   Energies (kJ/mol)
           Bond       G96Angle        LJ (SR)   Coulomb (SR)      Potential
    5.74082e+05    8.42598e+04   -5.10233e+06   -1.12072e+06   -5.56471e+06
 Pressure (bar)
    0.00000e+00

           Step           Time
            187      187.00000

   Energies (kJ/mol)
           Bond       G96Angle        LJ (SR)   Coulomb (SR)      Potential
    5.68417e+05    8.52802e+04   -5.09119e+06   -1.13922e+06   -5.57671e+06
 Pressure (bar)
    0.00000e+00

           Step           Time
            188      188.00000

   Energies (kJ/mol)
           Bond       G96Angle        LJ (SR)   Coulomb (SR)      Potential
    5.67969e+05    8.53052e+04   -5.10820e+06   -1.13949e+06   -5.59442e+06
 Pressure (bar)
    0.00000e+00

           Step           Time
            189      189.00000

           Step           Time
            190      190.00000

   Energies (kJ/mol)
           Bond       G96Angle        LJ (SR)   Coulomb (SR)      Potential
    5.67929e+05    8.53548e+04   -5.11094e+06   -1.14043e+06   -5.59808e+06
 Pressure (bar)
    0.00000e+00

           Step           Time
            191      191.00000

   Energies (kJ/mol)
           Bond       G96Angle        LJ (SR)   Coulomb (SR)      Potential
    5.66647e+05    8.56307e+04   -5.11395e+06   -1.14552e+06   -5.60719e+06
 Pressure (bar)
    0.00000e+00

           Step           Time
            192      192.00000

           Step           Time
            193      193.00000

   Energies (kJ/mol)
           Bond       G96Angle        LJ (SR)   Coulomb (SR)      Potential
    5.66031e+05    8.57250e+04   -5.11550e+06   -1.14727e+06   -5.61102e+06
 Pressure (bar)
    0.00000e+00

           Step           Time
            194      194.00000

   Energies (kJ/mol)
           Bond       G96Angle        LJ (SR)   Coulomb (SR)      Potential
    5.65015e+05    8.58778e+04   -5.11537e+06   -1.15008e+06   -5.61456e+06
 Pressure (bar)
    0.00000e+00

           Step           Time
            195      195.00000

   Energies (kJ/mol)
           Bond       G96Angle        LJ (SR)   Coulomb (SR)      Potential
    5.64545e+05    8.59711e+04   -5.11884e+06   -1.15179e+06   -5.62012e+06
 Pressure (bar)
    0.00000e+00

           Step           Time
            196      196.00000

   Energies (kJ/mol)
           Bond       G96Angle        LJ (SR)   Coulomb (SR)      Potential
    5.51000e+05    8.83964e+04   -5.10892e+06   -1.19319e+06   -5.66272e+06
 Pressure (bar)
    0.00000e+00

           Step           Time
            197      197.00000

           Step           Time
            198      198.00000

   Energies (kJ/mol)
           Bond       G96Angle        LJ (SR)   Coulomb (SR)      Potential
    5.51152e+05    8.84070e+04   -5.13220e+06   -1.19343e+06   -5.68607e+06
 Pressure (bar)
    0.00000e+00

           Step           Time
            199      199.00000

   Energies (kJ/mol)
           Bond       G96Angle        LJ (SR)   Coulomb (SR)      Potential
    5.51028e+05    8.84745e+04   -5.13738e+06   -1.19458e+06   -5.69246e+06
 Pressure (bar)
    0.00000e+00

           Step           Time
            200      200.00000

   Energies (kJ/mol)
           Bond       G96Angle        LJ (SR)   Coulomb (SR)      Potential
    5.49694e+05    8.86941e+04   -5.14117e+06   -1.19852e+06   -5.70130e+06
 Pressure (bar)
    0.00000e+00

           Step           Time
            201      201.00000

           Step           Time
            202      202.00000

   Energies (kJ/mol)
           Bond       G96Angle        LJ (SR)   Coulomb (SR)      Potential
    5.48847e+05    8.88105e+04   -5.14308e+06   -1.20060e+06   -5.70603e+06
 Pressure (bar)
    0.00000e+00

           Step           Time
            203      203.00000

   Energies (kJ/mol)
           Bond       G96Angle        LJ (SR)   Coulomb (SR)      Potential
    5.47358e+05    8.90268e+04   -5.14525e+06   -1.20441e+06   -5.71328e+06
 Pressure (bar)
    0.00000e+00

           Step           Time
            204      204.00000

   Energies (kJ/mol)
           Bond       G96Angle        LJ (SR)   Coulomb (SR)      Potential
    5.46758e+05    8.91533e+04   -5.14303e+06   -1.20665e+06   -5.71377e+06
 Pressure (bar)
    0.00000e+00

           Step           Time
            205      205.00000

   Energies (kJ/mol)
           Bond       G96Angle        LJ (SR)   Coulomb (SR)      Potential
    5.46534e+05    8.91894e+04   -5.14756e+06   -1.20728e+06   -5.71912e+06
 Pressure (bar)
    0.00000e+00

           Step           Time
            206      206.00000

           Step           Time
            207      207.00000

   Energies (kJ/mol)
           Bond       G96Angle        LJ (SR)   Coulomb (SR)      Potential
    5.45032e+05    8.94309e+04   -5.14997e+06   -1.21149e+06   -5.72700e+06
 Pressure (bar)
    0.00000e+00

           Step           Time
            208      208.00000

   Energies (kJ/mol)
           Bond       G96Angle        LJ (SR)   Coulomb (SR)      Potential
    5.43795e+05    8.96336e+04   -5.15285e+06   -1.21504e+06   -5.73446e+06
 Pressure (bar)
    0.00000e+00

           Step           Time
            209      209.00000

   Energies (kJ/mol)
           Bond       G96Angle        LJ (SR)   Coulomb (SR)      Potential
    5.29168e+05    9.23051e+04   -5.14073e+06   -1.25752e+06   -5.77677e+06
 Pressure (bar)
    0.00000e+00

           Step           Time
            210      210.00000

   Energies (kJ/mol)
           Bond       G96Angle        LJ (SR)   Coulomb (SR)      Potential
    5.29426e+05    9.23092e+04   -5.16896e+06   -1.25759e+06   -5.80482e+06
 Pressure (bar)
    0.00000e+00

           Step           Time
            211      211.00000

           Step           Time
            212      212.00000

   Energies (kJ/mol)
           Bond       G96Angle        LJ (SR)   Coulomb (SR)      Potential
    5.29095e+05    9.24091e+04   -5.17504e+06   -1.25924e+06   -5.81278e+06
 Pressure (bar)
    0.00000e+00

           Step           Time
            213      213.00000

   Energies (kJ/mol)
           Bond       G96Angle        LJ (SR)   Coulomb (SR)      Potential
    5.27753e+05    9.26495e+04   -5.17857e+06   -1.26330e+06   -5.82147e+06
 Pressure (bar)
    0.00000e+00

           Step           Time
            214      214.00000

   Energies (kJ/mol)
           Bond       G96Angle        LJ (SR)   Coulomb (SR)      Potential
    5.26876e+05    9.28530e+04   -5.18076e+06   -1.26691e+06   -5.82794e+06
 Pressure (bar)
    0.00000e+00

           Step           Time
            215      215.00000

           Step           Time
            216      216.00000

   Energies (kJ/mol)
           Bond       G96Angle        LJ (SR)   Coulomb (SR)      Potential
    5.26247e+05    9.29231e+04   -5.18357e+06   -1.26816e+06   -5.83256e+06
 Pressure (bar)
    0.00000e+00

           Step           Time
            217      217.00000

   Energies (kJ/mol)
           Bond       G96Angle        LJ (SR)   Coulomb (SR)      Potential
    5.20008e+05    9.38981e+04   -5.19305e+06   -1.28423e+06   -5.86337e+06
 Pressure (bar)
    0.00000e+00

           Step           Time
            218      218.00000

   Energies (kJ/mol)
           Bond       G96Angle        LJ (SR)   Coulomb (SR)      Potential
    5.18582e+05    9.42123e+04   -5.19636e+06   -1.28978e+06   -5.87335e+06
 Pressure (bar)
    0.00000e+00

           Step           Time
            219      219.00000

   Energies (kJ/mol)
           Bond       G96Angle        LJ (SR)   Coulomb (SR)      Potential
    5.17648e+05    9.43689e+04   -5.19505e+06   -1.29254e+06   -5.87558e+06
 Pressure (bar)
    0.00000e+00

           Step           Time
            220      220.00000

   Energies (kJ/mol)
           Bond       G96Angle        LJ (SR)   Coulomb (SR)      Potential
    5.17980e+05    9.43972e+04   -5.19852e+06   -1.29305e+06   -5.87919e+06
 Pressure (bar)
    0.00000e+00

           Step           Time
            221      221.00000

   Energies (kJ/mol)
           Bond       G96Angle        LJ (SR)   Coulomb (SR)      Potential
    5.17631e+05    9.45346e+04   -5.20066e+06   -1.29544e+06   -5.88393e+06
 Pressure (bar)
    0.00000e+00

           Step           Time
            222      222.00000

   Energies (kJ/mol)
           Bond       G96Angle        LJ (SR)   Coulomb (SR)      Potential
    5.16457e+05    9.48247e+04   -5.19634e+06   -1.30039e+06   -5.88545e+06
 Pressure (bar)
    0.00000e+00

           Step           Time
            223      223.00000

           Step           Time
            224      224.00000

   Energies (kJ/mol)
           Bond       G96Angle        LJ (SR)   Coulomb (SR)      Potential
    5.16541e+05    9.48403e+04   -5.20386e+06   -1.30067e+06   -5.89315e+06
 Pressure (bar)
    0.00000e+00

           Step           Time
            225      225.00000

   Energies (kJ/mol)
           Bond       G96Angle        LJ (SR)   Coulomb (SR)      Potential
    5.13210e+05    9.52482e+04   -5.20857e+06   -1.30760e+06   -5.90771e+06
 Pressure (bar)
    0.00000e+00

           Step           Time
            226      226.00000

   Energies (kJ/mol)
           Bond       G96Angle        LJ (SR)   Coulomb (SR)      Potential
    5.09832e+05    9.57325e+04   -5.21058e+06   -1.31582e+06   -5.92084e+06
 Pressure (bar)
    0.00000e+00

           Step           Time
            227      227.00000

   Energies (kJ/mol)
           Bond       G96Angle        LJ (SR)   Coulomb (SR)      Potential
    5.09722e+05    9.58354e+04   -5.21398e+06   -1.31775e+06   -5.92618e+06
 Pressure (bar)
    0.00000e+00

           Step           Time
            228      228.00000

           Step           Time
            229      229.00000

   Energies (kJ/mol)
           Bond       G96Angle        LJ (SR)   Coulomb (SR)      Potential
    5.09105e+05    9.59276e+04   -5.21443e+06   -1.31939e+06   -5.92879e+06
 Pressure (bar)
    0.00000e+00

           Step           Time
            230      230.00000

           Step           Time
            231      231.00000

   Energies (kJ/mol)
           Bond       G96Angle        LJ (SR)   Coulomb (SR)      Potential
    5.08977e+05    9.59632e+04   -5.21671e+06   -1.32004e+06   -5.93181e+06
 Pressure (bar)
    0.00000e+00

           Step           Time
            232      232.00000

   Energies (kJ/mol)
           Bond       G96Angle        LJ (SR)   Coulomb (SR)      Potential
    5.07545e+05    9.61296e+04   -5.21918e+06   -1.32291e+06   -5.93841e+06
 Pressure (bar)
    0.00000e+00

           Step           Time
            233      233.00000

   Energies (kJ/mol)
           Bond       G96Angle        LJ (SR)   Coulomb (SR)      Potential
    5.02885e+05    9.67772e+04   -5.22450e+06   -1.33340e+06   -5.95824e+06
 Pressure (bar)
    0.00000e+00

           Step           Time
            234      234.00000

   Energies (kJ/mol)
           Bond       G96Angle        LJ (SR)   Coulomb (SR)      Potential
    5.03129e+05    9.68457e+04   -5.22475e+06   -1.33469e+06   -5.95946e+06
 Pressure (bar)
    0.00000e+00

           Step           Time
            235      235.00000

   Energies (kJ/mol)
           Bond       G96Angle        LJ (SR)   Coulomb (SR)      Potential
    5.03212e+05    9.69028e+04   -5.22706e+06   -1.33573e+06   -5.96268e+06
 Pressure (bar)
    0.00000e+00

           Step           Time
            236      236.00000

   Energies (kJ/mol)
           Bond       G96Angle        LJ (SR)   Coulomb (SR)      Potential
    5.02481e+05    9.70607e+04   -5.22712e+06   -1.33854e+06   -5.96612e+06
 Pressure (bar)
    0.00000e+00

           Step           Time
            237      237.00000

   Energies (kJ/mol)
           Bond       G96Angle        LJ (SR)   Coulomb (SR)      Potential
    5.02355e+05    9.71260e+04   -5.22754e+06   -1.33971e+06   -5.96776e+06
 Pressure (bar)
    0.00000e+00

           Step           Time
            238      238.00000

   Energies (kJ/mol)
           Bond       G96Angle        LJ (SR)   Coulomb (SR)      Potential
    5.02672e+05    9.72016e+04   -5.22805e+06   -1.34101e+06   -5.96919e+06
 Pressure (bar)
    0.00000e+00

           Step           Time
            239      239.00000

           Step           Time
            240      240.00000

   Energies (kJ/mol)
           Bond       G96Angle        LJ (SR)   Coulomb (SR)      Potential
    5.02897e+05    9.72417e+04   -5.23182e+06   -1.34179e+06   -5.97346e+06
 Pressure (bar)
    0.00000e+00

           Step           Time
            241      241.00000

           Step           Time
            242      242.00000

   Energies (kJ/mol)
           Bond       G96Angle        LJ (SR)   Coulomb (SR)      Potential
    5.00424e+05    9.74926e+04   -5.23457e+06   -1.34599e+06   -5.98264e+06
 Pressure (bar)
    0.00000e+00

           Step           Time
            243      243.00000

           Step           Time
            244      244.00000

   Energies (kJ/mol)
           Bond       G96Angle        LJ (SR)   Coulomb (SR)      Potential
    4.99584e+05    9.75767e+04   -5.23578e+06   -1.34750e+06   -5.98612e+06
 Pressure (bar)
    0.00000e+00

           Step           Time
            245      245.00000

   Energies (kJ/mol)
           Bond       G96Angle        LJ (SR)   Coulomb (SR)      Potential
    4.98674e+05    9.76627e+04   -5.23714e+06   -1.34900e+06   -5.98980e+06
 Pressure (bar)
    0.00000e+00

           Step           Time
            246      246.00000

   Energies (kJ/mol)
           Bond       G96Angle        LJ (SR)   Coulomb (SR)      Potential
    4.95477e+05    9.80359e+04   -5.24081e+06   -1.35509e+06   -6.00239e+06
 Pressure (bar)
    0.00000e+00

           Step           Time
            247      247.00000

   Energies (kJ/mol)
           Bond       G96Angle        LJ (SR)   Coulomb (SR)      Potential
    4.94754e+05    9.81819e+04   -5.24139e+06   -1.35772e+06   -6.00617e+06
 Pressure (bar)
    0.00000e+00

           Step           Time
            248      248.00000

   Energies (kJ/mol)
           Bond       G96Angle        LJ (SR)   Coulomb (SR)      Potential
    4.94580e+05    9.82325e+04   -5.24266e+06   -1.35861e+06   -6.00846e+06
 Pressure (bar)
    0.00000e+00

           Step           Time
            249      249.00000

           Step           Time
            250      250.00000

   Energies (kJ/mol)
           Bond       G96Angle        LJ (SR)   Coulomb (SR)      Potential
    4.94308e+05    9.82626e+04   -5.24309e+06   -1.35912e+06   -6.00964e+06
 Pressure (bar)
    0.00000e+00

           Step           Time
            251      251.00000

   Energies (kJ/mol)
           Bond       G96Angle        LJ (SR)   Coulomb (SR)      Potential
    4.94199e+05    9.82956e+04   -5.24524e+06   -1.35973e+06   -6.01248e+06
 Pressure (bar)
    0.00000e+00

           Step           Time
            252      252.00000

   Energies (kJ/mol)
           Bond       G96Angle        LJ (SR)   Coulomb (SR)      Potential
    4.87359e+05    9.92583e+04   -5.25256e+06   -1.37470e+06   -6.04064e+06
 Pressure (bar)
    0.00000e+00

           Step           Time
            253      253.00000

   Energies (kJ/mol)
           Bond       G96Angle        LJ (SR)   Coulomb (SR)      Potential
    4.87399e+05    9.92916e+04   -5.25366e+06   -1.37538e+06   -6.04235e+06
 Pressure (bar)
    0.00000e+00

           Step           Time
            254      254.00000

   Energies (kJ/mol)
           Bond       G96Angle        LJ (SR)   Coulomb (SR)      Potential
    4.87315e+05    9.93487e+04   -5.25588e+06   -1.37653e+06   -6.04575e+06
 Pressure (bar)
    0.00000e+00

           Step           Time
            255      255.00000

           Step           Time
            256      256.00000

   Energies (kJ/mol)
           Bond       G96Angle        LJ (SR)   Coulomb (SR)      Potential
    4.87052e+05    9.94033e+04   -5.25719e+06   -1.37760e+06   -6.04834e+06
 Pressure (bar)
    0.00000e+00

           Step           Time
            257      257.00000

   Energies (kJ/mol)
           Bond       G96Angle        LJ (SR)   Coulomb (SR)      Potential
    4.86815e+05    9.94500e+04   -5.25949e+06   -1.37848e+06   -6.05171e+06
 Pressure (bar)
    0.00000e+00

           Step           Time
            258      258.00000

   Energies (kJ/mol)
           Bond       G96Angle        LJ (SR)   Coulomb (SR)      Potential
    4.79939e+05    1.00426e+05   -5.24323e+06   -1.39374e+06   -6.05660e+06
 Pressure (bar)
    0.00000e+00

           Step           Time
            259      259.00000

           Step           Time
            260      260.00000

   Energies (kJ/mol)
           Bond       G96Angle        LJ (SR)   Coulomb (SR)      Potential
    4.79865e+05    1.00428e+05   -5.26762e+06   -1.39377e+06   -6.08110e+06
 Pressure (bar)
    0.00000e+00

           Step           Time
            261      261.00000

   Energies (kJ/mol)
           Bond       G96Angle        LJ (SR)   Coulomb (SR)      Potential
    4.79697e+05    1.00466e+05   -5.27169e+06   -1.39456e+06   -6.08609e+06
 Pressure (bar)
    0.00000e+00

           Step           Time
            262      262.00000

   Energies (kJ/mol)
           Bond       G96Angle        LJ (SR)   Coulomb (SR)      Potential
    4.78070e+05    1.00692e+05   -5.27493e+06   -1.39880e+06   -6.09497e+06
 Pressure (bar)
    0.00000e+00

           Step           Time
            263      263.00000

   Energies (kJ/mol)
           Bond       G96Angle        LJ (SR)   Coulomb (SR)      Potential
    4.77758e+05    1.00762e+05   -5.27696e+06   -1.40022e+06   -6.09867e+06
 Pressure (bar)
    0.00000e+00

           Step           Time
            264      264.00000

   Energies (kJ/mol)
           Bond       G96Angle        LJ (SR)   Coulomb (SR)      Potential
    4.74208e+05    1.01281e+05   -5.27178e+06   -1.40923e+06   -6.10552e+06
 Pressure (bar)
    0.00000e+00

           Step           Time
            265      265.00000

   Energies (kJ/mol)
           Bond       G96Angle        LJ (SR)   Coulomb (SR)      Potential
    4.75065e+05    1.01292e+05   -5.27635e+06   -1.40948e+06   -6.10948e+06
 Pressure (bar)
    0.00000e+00

           Step           Time
            266      266.00000

           Step           Time
            267      267.00000

           Step           Time
            268      268.00000

   Energies (kJ/mol)
           Bond       G96Angle        LJ (SR)   Coulomb (SR)      Potential
    4.74949e+05    1.01298e+05   -5.28306e+06   -1.40960e+06   -6.11642e+06
 Pressure (bar)
    0.00000e+00

           Step           Time
            269      269.00000

   Energies (kJ/mol)
           Bond       G96Angle        LJ (SR)   Coulomb (SR)      Potential
    4.74230e+05    1.01358e+05   -5.28166e+06   -1.41082e+06   -6.11689e+06
 Pressure (bar)
    0.00000e+00

           Step           Time
            270      270.00000

   Energies (kJ/mol)
           Bond       G96Angle        LJ (SR)   Coulomb (SR)      Potential
    4.74225e+05    1.01368e+05   -5.28465e+06   -1.41104e+06   -6.12010e+06
 Pressure (bar)
    0.00000e+00

           Step           Time
            271      271.00000

   Energies (kJ/mol)
           Bond       G96Angle        LJ (SR)   Coulomb (SR)      Potential
    4.73561e+05    1.01425e+05   -5.28667e+06   -1.41214e+06   -6.12383e+06
 Pressure (bar)
    0.00000e+00

           Step           Time
            272      272.00000

   Energies (kJ/mol)
           Bond       G96Angle        LJ (SR)   Coulomb (SR)      Potential
    4.68159e+05    1.02045e+05   -5.28493e+06   -1.42210e+06   -6.13682e+06
 Pressure (bar)
    0.00000e+00

           Step           Time
            273      273.00000

           Step           Time
            274      274.00000

   Energies (kJ/mol)
           Bond       G96Angle        LJ (SR)   Coulomb (SR)      Potential
    4.68055e+05    1.02051e+05   -5.29395e+06   -1.42223e+06   -6.14608e+06
 Pressure (bar)
    0.00000e+00

           Step           Time
            275      275.00000

   Energies (kJ/mol)
           Bond       G96Angle        LJ (SR)   Coulomb (SR)      Potential
    4.67729e+05    1.02109e+05   -5.29610e+06   -1.42354e+06   -6.14980e+06
 Pressure (bar)
    0.00000e+00

           Step           Time
            276      276.00000

   Energies (kJ/mol)
           Bond       G96Angle        LJ (SR)   Coulomb (SR)      Potential
    4.67242e+05    1.02168e+05   -5.29768e+06   -1.42483e+06   -6.15311e+06
 Pressure (bar)
    0.00000e+00

           Step           Time
            277      277.00000

           Step           Time
            278      278.00000

   Energies (kJ/mol)
           Bond       G96Angle        LJ (SR)   Coulomb (SR)      Potential
    4.66900e+05    1.02205e+05   -5.29844e+06   -1.42563e+06   -6.15497e+06
 Pressure (bar)
    0.00000e+00

           Step           Time
            279      279.00000

   Energies (kJ/mol)
           Bond       G96Angle        LJ (SR)   Coulomb (SR)      Potential
    4.66347e+05    1.02275e+05   -5.30018e+06   -1.42706e+06   -6.15862e+06
 Pressure (bar)
    0.00000e+00

           Step           Time
            280      280.00000

   Energies (kJ/mol)
           Bond       G96Angle        LJ (SR)   Coulomb (SR)      Potential
    4.64243e+05    1.02484e+05   -5.30311e+06   -1.43097e+06   -6.16735e+06
 Pressure (bar)
    0.00000e+00

           Step           Time
            281      281.00000

   Energies (kJ/mol)
           Bond       G96Angle        LJ (SR)   Coulomb (SR)      Potential
    4.63267e+05    1.02601e+05   -5.30461e+06   -1.43327e+06   -6.17201e+06
 Pressure (bar)
    0.00000e+00

           Step           Time
            282      282.00000

           Step           Time
            283      283.00000

   Energies (kJ/mol)
           Bond       G96Angle        LJ (SR)   Coulomb (SR)      Potential
    4.63165e+05    1.02627e+05   -5.30612e+06   -1.43381e+06   -6.17414e+06
 Pressure (bar)
    0.00000e+00

           Step           Time
            284      284.00000

   Energies (kJ/mol)
           Bond       G96Angle        LJ (SR)   Coulomb (SR)      Potential
    4.61466e+05    1.02785e+05   -5.30886e+06   -1.43668e+06   -6.18129e+06
 Pressure (bar)
    0.00000e+00

           Step           Time
            285      285.00000

   Energies (kJ/mol)
           Bond       G96Angle        LJ (SR)   Coulomb (SR)      Potential
    4.59435e+05    1.02990e+05   -5.31233e+06   -1.44044e+06   -6.19034e+06
 Pressure (bar)
    0.00000e+00

           Step           Time
            286      286.00000

   Energies (kJ/mol)
           Bond       G96Angle        LJ (SR)   Coulomb (SR)      Potential
    4.58031e+05    1.03185e+05   -5.31240e+06   -1.44420e+06   -6.19538e+06
 Pressure (bar)
    0.00000e+00

           Step           Time
            287      287.00000

   Energies (kJ/mol)
           Bond       G96Angle        LJ (SR)   Coulomb (SR)      Potential
    4.58229e+05    1.03205e+05   -5.31252e+06   -1.44469e+06   -6.19577e+06
 Pressure (bar)
    0.00000e+00

           Step           Time
            288      288.00000

           Step           Time
            289      289.00000

   Energies (kJ/mol)
           Bond       G96Angle        LJ (SR)   Coulomb (SR)      Potential
    4.58434e+05    1.03212e+05   -5.31618e+06   -1.44485e+06   -6.19939e+06
 Pressure (bar)
    0.00000e+00

           Step           Time
            290      290.00000

   Energies (kJ/mol)
           Bond       G96Angle        LJ (SR)   Coulomb (SR)      Potential
    4.57377e+05    1.03287e+05   -5.31821e+06   -1.44641e+06   -6.20396e+06
 Pressure (bar)
    0.00000e+00

           Step           Time
            291      291.00000

   Energies (kJ/mol)
           Bond       G96Angle        LJ (SR)   Coulomb (SR)      Potential
    4.53651e+05    1.03637e+05   -5.32328e+06   -1.45268e+06   -6.21867e+06
 Pressure (bar)
    0.00000e+00

           Step           Time
            292      292.00000

           Step           Time
            293      293.00000

   Energies (kJ/mol)
           Bond       G96Angle        LJ (SR)   Coulomb (SR)      Potential
    4.53208e+05    1.03705e+05   -5.32534e+06   -1.45433e+06   -6.22275e+06
 Pressure (bar)
    0.00000e+00

           Step           Time
            294      294.00000

   Energies (kJ/mol)
           Bond       G96Angle        LJ (SR)   Coulomb (SR)      Potential
    4.52740e+05    1.03745e+05   -5.32530e+06   -1.45529e+06   -6.22410e+06
 Pressure (bar)
    0.00000e+00

           Step           Time
            295      295.00000

   Energies (kJ/mol)
           Bond       G96Angle        LJ (SR)   Coulomb (SR)      Potential
    4.52812e+05    1.03760e+05   -5.32713e+06   -1.45565e+06   -6.22620e+06
 Pressure (bar)
    0.00000e+00

           Step           Time
            296      296.00000

   Energies (kJ/mol)
           Bond       G96Angle        LJ (SR)   Coulomb (SR)      Potential
    4.51165e+05    1.03875e+05   -5.32975e+06   -1.45811e+06   -6.23282e+06
 Pressure (bar)
    0.00000e+00

           Step           Time
            297      297.00000

   Energies (kJ/mol)
           Bond       G96Angle        LJ (SR)   Coulomb (SR)      Potential
    4.47607e+05    1.04218e+05   -5.33358e+06   -1.46442e+06   -6.24618e+06
 Pressure (bar)
    0.00000e+00

           Step           Time
            298      298.00000

   Energies (kJ/mol)
           Bond       G96Angle        LJ (SR)   Coulomb (SR)      Potential
    4.47960e+05    1.04242e+05   -5.33358e+06   -1.46518e+06   -6.24655e+06
 Pressure (bar)
    0.00000e+00

           Step           Time
            299      299.00000

   Energies (kJ/mol)
           Bond       G96Angle        LJ (SR)   Coulomb (SR)      Potential
    4.47453e+05    1.04263e+05   -5.33293e+06   -1.46563e+06   -6.24684e+06
 Pressure (bar)
    0.00000e+00

           Step           Time
            300      300.00000

           Step           Time
            301      301.00000

           Step           Time
            302      302.00000

   Energies (kJ/mol)
           Bond       G96Angle        LJ (SR)   Coulomb (SR)      Potential
    4.47480e+05    1.04266e+05   -5.33686e+06   -1.46572e+06   -6.25083e+06
 Pressure (bar)
    0.00000e+00

           Step           Time
            303      303.00000

   Energies (kJ/mol)
           Bond       G96Angle        LJ (SR)   Coulomb (SR)      Potential
    4.47227e+05    1.04289e+05   -5.33828e+06   -1.46636e+06   -6.25312e+06
 Pressure (bar)
    0.00000e+00

           Step           Time
            304      304.00000

   Energies (kJ/mol)
           Bond       G96Angle        LJ (SR)   Coulomb (SR)      Potential
    4.43585e+05    1.04620e+05   -5.34357e+06   -1.47288e+06   -6.26825e+06
 Pressure (bar)
    0.00000e+00

           Step           Time
            305      305.00000

   Energies (kJ/mol)
           Bond       G96Angle        LJ (SR)   Coulomb (SR)      Potential
    4.43621e+05    1.04642e+05   -5.34565e+06   -1.47361e+06   -6.27100e+06
 Pressure (bar)
    0.00000e+00

           Step           Time
            306      306.00000

   Energies (kJ/mol)
           Bond       G96Angle        LJ (SR)   Coulomb (SR)      Potential
    4.42764e+05    1.04728e+05   -5.34819e+06   -1.47596e+06   -6.27666e+06
 Pressure (bar)
    0.00000e+00

           Step           Time
            307      307.00000

           Step           Time
            308      308.00000

   Energies (kJ/mol)
           Bond       G96Angle        LJ (SR)   Coulomb (SR)      Potential
    4.42007e+05    1.04770e+05   -5.34894e+06   -1.47720e+06   -6.27936e+06
 Pressure (bar)
    0.00000e+00

           Step           Time
            309      309.00000

   Energies (kJ/mol)
           Bond       G96Angle        LJ (SR)   Coulomb (SR)      Potential
    4.41852e+05    1.04785e+05   -5.34980e+06   -1.47764e+06   -6.28080e+06
 Pressure (bar)
    0.00000e+00

           Step           Time
            310      310.00000

   Energies (kJ/mol)
           Bond       G96Angle        LJ (SR)   Coulomb (SR)      Potential
    4.41412e+05    1.04818e+05   -5.35117e+06   -1.47853e+06   -6.28347e+06
 Pressure (bar)
    0.00000e+00

           Step           Time
            311      311.00000

           Step           Time
            312      312.00000

   Energies (kJ/mol)
           Bond       G96Angle        LJ (SR)   Coulomb (SR)      Potential
    4.40652e+05    1.04863e+05   -5.35230e+06   -1.47976e+06   -6.28654e+06
 Pressure (bar)
    0.00000e+00

           Step           Time
            313      313.00000

   Energies (kJ/mol)
           Bond       G96Angle        LJ (SR)   Coulomb (SR)      Potential
    4.40065e+05    1.04901e+05   -5.35371e+06   -1.48079e+06   -6.28954e+06
 Pressure (bar)
    0.00000e+00

           Step           Time
            314      314.00000

   Energies (kJ/mol)
           Bond       G96Angle        LJ (SR)   Coulomb (SR)      Potential
    4.37071e+05    1.05107e+05   -5.35750e+06   -1.48515e+06   -6.30047e+06
 Pressure (bar)
    0.00000e+00

           Step           Time
            315      315.00000

   Energies (kJ/mol)
           Bond       G96Angle        LJ (SR)   Coulomb (SR)      Potential
    4.36933e+05    1.05134e+05   -5.35908e+06   -1.48625e+06   -6.30327e+06
 Pressure (bar)
    0.00000e+00

           Step           Time
            316      316.00000

           Step           Time
            317      317.00000

   Energies (kJ/mol)
           Bond       G96Angle        LJ (SR)   Coulomb (SR)      Potential
    4.36335e+05    1.05174e+05   -5.36019e+06   -1.48759e+06   -6.30627e+06
 Pressure (bar)
    0.00000e+00

           Step           Time
            318      318.00000

   Energies (kJ/mol)
           Bond       G96Angle        LJ (SR)   Coulomb (SR)      Potential
    4.36288e+05    1.05187e+05   -5.36155e+06   -1.48802e+06   -6.30810e+06
 Pressure (bar)
    0.00000e+00

           Step           Time
            319      319.00000

   Energies (kJ/mol)
           Bond       G96Angle        LJ (SR)   Coulomb (SR)      Potential
    4.34683e+05    1.05281e+05   -5.36271e+06   -1.49052e+06   -6.31327e+06
 Pressure (bar)
    0.00000e+00

           Step           Time
            320      320.00000

   Energies (kJ/mol)
           Bond       G96Angle        LJ (SR)   Coulomb (SR)      Potential
    4.34581e+05    1.05296e+05   -5.36401e+06   -1.49115e+06   -6.31528e+06
 Pressure (bar)
    0.00000e+00

           Step           Time
            321      321.00000

   Energies (kJ/mol)
           Bond       G96Angle        LJ (SR)   Coulomb (SR)      Potential
    4.34743e+05    1.05325e+05   -5.36543e+06   -1.49212e+06   -6.31748e+06
 Pressure (bar)
    0.00000e+00

           Step           Time
            322      322.00000

   Energies (kJ/mol)
           Bond       G96Angle        LJ (SR)   Coulomb (SR)      Potential
    4.33311e+05    1.05410e+05   -5.36700e+06   -1.49431e+06   -6.32258e+06
 Pressure (bar)
    0.00000e+00

           Step           Time
            323      323.00000

           Step           Time
            324      324.00000

   Energies (kJ/mol)
           Bond       G96Angle        LJ (SR)   Coulomb (SR)      Potential
    4.33457e+05    1.05425e+05   -5.36815e+06   -1.49506e+06   -6.32432e+06
 Pressure (bar)
    0.00000e+00

           Step           Time
            325      325.00000

   Energies (kJ/mol)
           Bond       G96Angle        LJ (SR)   Coulomb (SR)      Potential
    4.33049e+05    1.05446e+05   -5.36969e+06   -1.49577e+06   -6.32697e+06
 Pressure (bar)
    0.00000e+00

           Step           Time
            326      326.00000

   Energies (kJ/mol)
           Bond       G96Angle        LJ (SR)   Coulomb (SR)      Potential
    4.31720e+05    1.05489e+05   -5.36995e+06   -1.49716e+06   -6.32990e+06
 Pressure (bar)
    0.00000e+00

           Step           Time
            327      327.00000

           Step           Time
            328      328.00000

   Energies (kJ/mol)
           Bond       G96Angle        LJ (SR)   Coulomb (SR)      Potential
    4.31577e+05    1.05501e+05   -5.37157e+06   -1.49762e+06   -6.33211e+06
 Pressure (bar)
    0.00000e+00

           Step           Time
            329      329.00000

   Energies (kJ/mol)
           Bond       G96Angle        LJ (SR)   Coulomb (SR)      Potential
    4.31211e+05    1.05521e+05   -5.37199e+06   -1.49830e+06   -6.33356e+06
 Pressure (bar)
    0.00000e+00

           Step           Time
            330      330.00000

   Energies (kJ/mol)
           Bond       G96Angle        LJ (SR)   Coulomb (SR)      Potential
    4.30972e+05    1.05537e+05   -5.37340e+06   -1.49890e+06   -6.33579e+06
 Pressure (bar)
    0.00000e+00

           Step           Time
            331      331.00000

           Step           Time
            332      332.00000

   Energies (kJ/mol)
           Bond       G96Angle        LJ (SR)   Coulomb (SR)      Potential
    4.30247e+05    1.05566e+05   -5.37430e+06   -1.49982e+06   -6.33831e+06
 Pressure (bar)
    0.00000e+00

           Step           Time
            333      333.00000

   Energies (kJ/mol)
           Bond       G96Angle        LJ (SR)   Coulomb (SR)      Potential
    4.29816e+05    1.05583e+05   -5.37546e+06   -1.50047e+06   -6.34053e+06
 Pressure (bar)
    0.00000e+00

           Step           Time
            334      334.00000

   Energies (kJ/mol)
           Bond       G96Angle        LJ (SR)   Coulomb (SR)      Potential
    4.28100e+05    1.05649e+05   -5.37762e+06   -1.50234e+06   -6.34621e+06
 Pressure (bar)
    0.00000e+00

           Step           Time
            335      335.00000

   Energies (kJ/mol)
           Bond       G96Angle        LJ (SR)   Coulomb (SR)      Potential
    4.27474e+05    1.05707e+05   -5.37983e+06   -1.50433e+06   -6.35098e+06
 Pressure (bar)
    0.00000e+00

           Step           Time
            336      336.00000

   Energies (kJ/mol)
           Bond       G96Angle        LJ (SR)   Coulomb (SR)      Potential
    4.26343e+05    1.05751e+05   -5.38174e+06   -1.50620e+06   -6.35585e+06
 Pressure (bar)
    0.00000e+00

           Step           Time
            337      337.00000

           Step           Time
            338      338.00000

   Energies (kJ/mol)
           Bond       G96Angle        LJ (SR)   Coulomb (SR)      Potential
    4.25133e+05    1.05796e+05   -5.38373e+06   -1.50797e+06   -6.36077e+06
 Pressure (bar)
    0.00000e+00

           Step           Time
            339      339.00000

   Energies (kJ/mol)
           Bond       G96Angle        LJ (SR)   Coulomb (SR)      Potential
    4.24253e+05    1.05843e+05   -5.38418e+06   -1.50996e+06   -6.36405e+06
 Pressure (bar)
    0.00000e+00

           Step           Time
            340      340.00000

   Energies (kJ/mol)
           Bond       G96Angle        LJ (SR)   Coulomb (SR)      Potential
    4.24434e+05    1.05853e+05   -5.38546e+06   -1.51054e+06   -6.36571e+06
 Pressure (bar)
    0.00000e+00

           Step           Time
            341      341.00000

   Energies (kJ/mol)
           Bond       G96Angle        LJ (SR)   Coulomb (SR)      Potential
    4.23956e+05    1.05868e+05   -5.38626e+06   -1.51116e+06   -6.36760e+06
 Pressure (bar)
    0.00000e+00

           Step           Time
            342      342.00000

           Step           Time
            343      343.00000

   Energies (kJ/mol)
           Bond       G96Angle        LJ (SR)   Coulomb (SR)      Potential
    4.23842e+05    1.05875e+05   -5.38808e+06   -1.51159e+06   -6.36995e+06
 Pressure (bar)
    0.00000e+00

           Step           Time
            344      344.00000

   Energies (kJ/mol)
           Bond       G96Angle        LJ (SR)   Coulomb (SR)      Potential
    4.22295e+05    1.05922e+05   -5.38948e+06   -1.51358e+06   -6.37484e+06
 Pressure (bar)
    0.00000e+00

           Step           Time
            345      345.00000

   Energies (kJ/mol)
           Bond       G96Angle        LJ (SR)   Coulomb (SR)      Potential
    4.22016e+05    1.05938e+05   -5.39170e+06   -1.51469e+06   -6.37843e+06
 Pressure (bar)
    0.00000e+00

           Step           Time
            346      346.00000

   Energies (kJ/mol)
           Bond       G96Angle        LJ (SR)   Coulomb (SR)      Potential
    4.20981e+05    1.05965e+05   -5.39201e+06   -1.51615e+06   -6.38121e+06
 Pressure (bar)
    0.00000e+00

           Step           Time
            347      347.00000

           Step           Time
            348      348.00000

   Energies (kJ/mol)
           Bond       G96Angle        LJ (SR)   Coulomb (SR)      Potential
    4.20795e+05    1.05971e+05   -5.39334e+06   -1.51652e+06   -6.38310e+06
 Pressure (bar)
    0.00000e+00

           Step           Time
            349      349.00000

   Energies (kJ/mol)
           Bond       G96Angle        LJ (SR)   Coulomb (SR)      Potential
    4.20620e+05    1.05986e+05   -5.39410e+06   -1.51747e+06   -6.38496e+06
 Pressure (bar)
    0.00000e+00

           Step           Time
            350      350.00000

           Step           Time
            351      351.00000

   Energies (kJ/mol)
           Bond       G96Angle        LJ (SR)   Coulomb (SR)      Potential
    4.20195e+05    1.05993e+05   -5.39502e+06   -1.51787e+06   -6.38670e+06
 Pressure (bar)
    0.00000e+00

           Step           Time
            352      352.00000

   Energies (kJ/mol)
           Bond       G96Angle        LJ (SR)   Coulomb (SR)      Potential
    4.19806e+05    1.06000e+05   -5.39613e+06   -1.51840e+06   -6.38872e+06
 Pressure (bar)
    0.00000e+00

           Step           Time
            353      353.00000

   Energies (kJ/mol)
           Bond       G96Angle        LJ (SR)   Coulomb (SR)      Potential
    4.18492e+05    1.06025e+05   -5.39808e+06   -1.51963e+06   -6.39319e+06
 Pressure (bar)
    0.00000e+00

           Step           Time
            354      354.00000

           Step           Time
            355      355.00000

   Energies (kJ/mol)
           Bond       G96Angle        LJ (SR)   Coulomb (SR)      Potential
    4.17392e+05    1.06051e+05   -5.39957e+06   -1.52127e+06   -6.39740e+06
 Pressure (bar)
    0.00000e+00

           Step           Time
            356      356.00000

   Energies (kJ/mol)
           Bond       G96Angle        LJ (SR)   Coulomb (SR)      Potential
    4.16990e+05    1.06059e+05   -5.40123e+06   -1.52205e+06   -6.40023e+06
 Pressure (bar)
    0.00000e+00

           Step           Time
            357      357.00000

           Step           Time
            358      358.00000

   Energies (kJ/mol)
           Bond       G96Angle        LJ (SR)   Coulomb (SR)      Potential
    4.14698e+05    1.06097e+05   -5.40377e+06   -1.52437e+06   -6.40735e+06
 Pressure (bar)
    0.00000e+00

           Step           Time
            359      359.00000

   Energies (kJ/mol)
           Bond       G96Angle        LJ (SR)   Coulomb (SR)      Potential
    4.14513e+05    1.06104e+05   -5.40494e+06   -1.52523e+06   -6.40956e+06
 Pressure (bar)
    0.00000e+00

           Step           Time
            360      360.00000

   Energies (kJ/mol)
           Bond       G96Angle        LJ (SR)   Coulomb (SR)      Potential
    4.13758e+05    1.06117e+05   -5.40668e+06   -1.52651e+06   -6.41332e+06
 Pressure (bar)
    0.00000e+00

           Step           Time
            361      361.00000

   Energies (kJ/mol)
           Bond       G96Angle        LJ (SR)   Coulomb (SR)      Potential
    4.12033e+05    1.06140e+05   -5.40935e+06   -1.52848e+06   -6.41966e+06
 Pressure (bar)
    0.00000e+00

           Step           Time
            362      362.00000

   Energies (kJ/mol)
           Bond       G96Angle        LJ (SR)   Coulomb (SR)      Potential
    4.11241e+05    1.06156e+05   -5.40778e+06   -1.53044e+06   -6.42082e+06
 Pressure (bar)
    0.00000e+00

           Step           Time
            363      363.00000

   Energies (kJ/mol)
           Bond       G96Angle        LJ (SR)   Coulomb (SR)      Potential
    4.11785e+05    1.06156e+05   -5.41143e+06   -1.53057e+06   -6.42406e+06
 Pressure (bar)
    0.00000e+00

           Step           Time
            364      364.00000

           Step           Time
            365      365.00000

   Energies (kJ/mol)
           Bond       G96Angle        LJ (SR)   Coulomb (SR)      Potential
    4.11083e+05    1.06159e+05   -5.41280e+06   -1.53116e+06   -6.42671e+06
 Pressure (bar)
    0.00000e+00

           Step           Time
            366      366.00000

   Energies (kJ/mol)
           Bond       G96Angle        LJ (SR)   Coulomb (SR)      Potential
    4.10174e+05    1.06162e+05   -5.41387e+06   -1.53238e+06   -6.42992e+06
 Pressure (bar)
    0.00000e+00

           Step           Time
            367      367.00000

   Energies (kJ/mol)
           Bond       G96Angle        LJ (SR)   Coulomb (SR)      Potential
    4.09425e+05    1.06165e+05   -5.41440e+06   -1.53337e+06   -6.43218e+06
 Pressure (bar)
    0.00000e+00

           Step           Time
            368      368.00000

           Step           Time
            369      369.00000

   Energies (kJ/mol)
           Bond       G96Angle        LJ (SR)   Coulomb (SR)      Potential
    4.09268e+05    1.06165e+05   -5.41564e+06   -1.53365e+06   -6.43385e+06
 Pressure (bar)
    0.00000e+00

           Step           Time
            370      370.00000

   Energies (kJ/mol)
           Bond       G96Angle        LJ (SR)   Coulomb (SR)      Potential
    4.08778e+05    1.06166e+05   -5.41599e+06   -1.53432e+06   -6.43536e+06
 Pressure (bar)
    0.00000e+00

           Step           Time
            371      371.00000

   Energies (kJ/mol)
           Bond       G96Angle        LJ (SR)   Coulomb (SR)      Potential
    4.08520e+05    1.06165e+05   -5.41704e+06   -1.53471e+06   -6.43707e+06
 Pressure (bar)
    0.00000e+00

           Step           Time
            372      372.00000

   Energies (kJ/mol)
           Bond       G96Angle        LJ (SR)   Coulomb (SR)      Potential
    4.07396e+05    1.06165e+05   -5.41778e+06   -1.53578e+06   -6.44000e+06
 Pressure (bar)
    0.00000e+00

           Step           Time
            373      373.00000

   Energies (kJ/mol)
           Bond       G96Angle        LJ (SR)   Coulomb (SR)      Potential
    4.07368e+05    1.06165e+05   -5.41904e+06   -1.53628e+06   -6.44179e+06
 Pressure (bar)
    0.00000e+00

           Step           Time
            374      374.00000

   Energies (kJ/mol)
           Bond       G96Angle        LJ (SR)   Coulomb (SR)      Potential
    4.06346e+05    1.06167e+05   -5.42048e+06   -1.53753e+06   -6.44549e+06
 Pressure (bar)
    0.00000e+00

           Step           Time
            375      375.00000

           Step           Time
            376      376.00000

   Energies (kJ/mol)
           Bond       G96Angle        LJ (SR)   Coulomb (SR)      Potential
    4.06104e+05    1.06163e+05   -5.42063e+06   -1.53834e+06   -6.44671e+06
 Pressure (bar)
    0.00000e+00

           Step           Time
            377      377.00000

           Step           Time
            378      378.00000

   Energies (kJ/mol)
           Bond       G96Angle        LJ (SR)   Coulomb (SR)      Potential
    4.06054e+05    1.06163e+05   -5.42192e+06   -1.53848e+06   -6.44819e+06
 Pressure (bar)
    0.00000e+00

           Step           Time
            379      379.00000

   Energies (kJ/mol)
           Bond       G96Angle        LJ (SR)   Coulomb (SR)      Potential
    4.05629e+05    1.06160e+05   -5.42280e+06   -1.53911e+06   -6.45012e+06
 Pressure (bar)
    0.00000e+00

           Step           Time
            380      380.00000

   Energies (kJ/mol)
           Bond       G96Angle        LJ (SR)   Coulomb (SR)      Potential
    4.05185e+05    1.06156e+05   -5.42351e+06   -1.53966e+06   -6.45183e+06
 Pressure (bar)
    0.00000e+00

           Step           Time
            381      381.00000

   Energies (kJ/mol)
           Bond       G96Angle        LJ (SR)   Coulomb (SR)      Potential
    4.04757e+05    1.06153e+05   -5.42410e+06   -1.54031e+06   -6.45350e+06
 Pressure (bar)
    0.00000e+00

           Step           Time
            382      382.00000

           Step           Time
            383      383.00000

   Energies (kJ/mol)
           Bond       G96Angle        LJ (SR)   Coulomb (SR)      Potential
    4.04556e+05    1.06151e+05   -5.42471e+06   -1.54065e+06   -6.45465e+06
 Pressure (bar)
    0.00000e+00

           Step           Time
            384      384.00000

   Energies (kJ/mol)
           Bond       G96Angle        LJ (SR)   Coulomb (SR)      Potential
    4.04092e+05    1.06147e+05   -5.42596e+06   -1.54127e+06   -6.45700e+06
 Pressure (bar)
    0.00000e+00

           Step           Time
            385      385.00000

   Energies (kJ/mol)
           Bond       G96Angle        LJ (SR)   Coulomb (SR)      Potential
    4.02587e+05    1.06134e+05   -5.42705e+06   -1.54280e+06   -6.46113e+06
 Pressure (bar)
    0.00000e+00

           Step           Time
            386      386.00000

   Energies (kJ/mol)
           Bond       G96Angle        LJ (SR)   Coulomb (SR)      Potential
    4.02558e+05    1.06132e+05   -5.42932e+06   -1.54317e+06   -6.46380e+06
 Pressure (bar)
    0.00000e+00

           Step           Time
            387      387.00000

           Step           Time
            388      388.00000

   Energies (kJ/mol)
           Bond       G96Angle        LJ (SR)   Coulomb (SR)      Potential
    4.01192e+05    1.06116e+05   -5.43161e+06   -1.54508e+06   -6.46938e+06
 Pressure (bar)
    0.00000e+00

           Step           Time
            389      389.00000

   Energies (kJ/mol)
           Bond       G96Angle        LJ (SR)   Coulomb (SR)      Potential
    4.00869e+05    1.06109e+05   -5.43298e+06   -1.54597e+06   -6.47198e+06
 Pressure (bar)
    0.00000e+00

           Step           Time
            390      390.00000

   Energies (kJ/mol)
           Bond       G96Angle        LJ (SR)   Coulomb (SR)      Potential
    3.98959e+05    1.06079e+05   -5.43461e+06   -1.54801e+06   -6.47758e+06
 Pressure (bar)
    0.00000e+00

           Step           Time
            391      391.00000

   Energies (kJ/mol)
           Bond       G96Angle        LJ (SR)   Coulomb (SR)      Potential
    3.99151e+05    1.06067e+05   -5.43524e+06   -1.54915e+06   -6.47917e+06
 Pressure (bar)
    0.00000e+00

           Step           Time
            392      392.00000

   Energies (kJ/mol)
           Bond       G96Angle        LJ (SR)   Coulomb (SR)      Potential
    3.98887e+05    1.06058e+05   -5.43727e+06   -1.54974e+06   -6.48206e+06
 Pressure (bar)
    0.00000e+00

           Step           Time
            393      393.00000

           Step           Time
            394      394.00000

   Energies (kJ/mol)
           Bond       G96Angle        LJ (SR)   Coulomb (SR)      Potential
    3.98446e+05    1.06050e+05   -5.43781e+06   -1.55030e+06   -6.48362e+06
 Pressure (bar)
    0.00000e+00

           Step           Time
            395      395.00000

   Energies (kJ/mol)
           Bond       G96Angle        LJ (SR)   Coulomb (SR)      Potential
    3.98014e+05    1.06041e+05   -5.43884e+06   -1.55080e+06   -6.48559e+06
 Pressure (bar)
    0.00000e+00

           Step           Time
            396      396.00000

   Energies (kJ/mol)
           Bond       G96Angle        LJ (SR)   Coulomb (SR)      Potential
    3.97179e+05    1.06018e+05   -5.44034e+06   -1.55162e+06   -6.48876e+06
 Pressure (bar)
    0.00000e+00

           Step           Time
            397      397.00000

           Step           Time
            398      398.00000

   Energies (kJ/mol)
           Bond       G96Angle        LJ (SR)   Coulomb (SR)      Potential
    3.96724e+05    1.06007e+05   -5.44093e+06   -1.55236e+06   -6.49057e+06
 Pressure (bar)
    0.00000e+00

           Step           Time
            399      399.00000

   Energies (kJ/mol)
           Bond       G96Angle        LJ (SR)   Coulomb (SR)      Potential
    3.96538e+05    1.06000e+05   -5.44199e+06   -1.55280e+06   -6.49225e+06
 Pressure (bar)
    0.00000e+00

           Step           Time
            400      400.00000

   Energies (kJ/mol)
           Bond       G96Angle        LJ (SR)   Coulomb (SR)      Potential
    3.93813e+05    1.05946e+05   -5.44040e+06   -1.55431e+06   -6.49495e+06
 Pressure (bar)
    0.00000e+00

           Step           Time
            401      401.00000

   Energies (kJ/mol)
           Bond       G96Angle        LJ (SR)   Coulomb (SR)      Potential
    3.94079e+05    1.05945e+05   -5.44368e+06   -1.55446e+06   -6.49811e+06
 Pressure (bar)
    0.00000e+00

           Step           Time
            402      402.00000

   Energies (kJ/mol)
           Bond       G96Angle        LJ (SR)   Coulomb (SR)      Potential
    3.94318e+05    1.05936e+05   -5.44517e+06   -1.55503e+06   -6.49995e+06
 Pressure (bar)
    0.00000e+00

           Step           Time
            403      403.00000

           Step           Time
            404      404.00000

   Energies (kJ/mol)
           Bond       G96Angle        LJ (SR)   Coulomb (SR)      Potential
    3.94237e+05    1.05925e+05   -5.44615e+06   -1.55573e+06   -6.50172e+06
 Pressure (bar)
    0.00000e+00

           Step           Time
            405      405.00000

   Energies (kJ/mol)
           Bond       G96Angle        LJ (SR)   Coulomb (SR)      Potential
    3.93456e+05    1.05900e+05   -5.44756e+06   -1.55683e+06   -6.50503e+06
 Pressure (bar)
    0.00000e+00

           Step           Time
            406      406.00000

           Step           Time
            407      407.00000

   Energies (kJ/mol)
           Bond       G96Angle        LJ (SR)   Coulomb (SR)      Potential
    3.92891e+05    1.05878e+05   -5.44876e+06   -1.55766e+06   -6.50765e+06
 Pressure (bar)
    0.00000e+00

           Step           Time
            408      408.00000

   Energies (kJ/mol)
           Bond       G96Angle        LJ (SR)   Coulomb (SR)      Potential
    3.92283e+05    1.05854e+05   -5.44985e+06   -1.55849e+06   -6.51021e+06
 Pressure (bar)
    0.00000e+00

           Step           Time
            409      409.00000

   Energies (kJ/mol)
           Bond       G96Angle        LJ (SR)   Coulomb (SR)      Potential
    3.91593e+05    1.05820e+05   -5.45097e+06   -1.55936e+06   -6.51292e+06
 Pressure (bar)
    0.00000e+00

           Step           Time
            410      410.00000

   Energies (kJ/mol)
           Bond       G96Angle        LJ (SR)   Coulomb (SR)      Potential
    3.91522e+05    1.05803e+05   -5.45237e+06   -1.56004e+06   -6.51508e+06
 Pressure (bar)
    0.00000e+00

           Step           Time
            411      411.00000

   Energies (kJ/mol)
           Bond       G96Angle        LJ (SR)   Coulomb (SR)      Potential
    3.89785e+05    1.05745e+05   -5.45077e+06   -1.56125e+06   -6.51648e+06
 Pressure (bar)
    0.00000e+00

           Step           Time
            412      412.00000

           Step           Time
            413      413.00000

   Energies (kJ/mol)
           Bond       G96Angle        LJ (SR)   Coulomb (SR)      Potential
    3.90045e+05    1.05740e+05   -5.45398e+06   -1.56148e+06   -6.51968e+06
 Pressure (bar)
    0.00000e+00

           Step           Time
            414      414.00000

   Energies (kJ/mol)
           Bond       G96Angle        LJ (SR)   Coulomb (SR)      Potential
    3.90031e+05    1.05731e+05   -5.45531e+06   -1.56191e+06   -6.52145e+06
 Pressure (bar)
    0.00000e+00

           Step           Time
            415      415.00000

   Energies (kJ/mol)
           Bond       G96Angle        LJ (SR)   Coulomb (SR)      Potential
    3.88828e+05    1.05686e+05   -5.45678e+06   -1.56296e+06   -6.52523e+06
 Pressure (bar)
    0.00000e+00

           Step           Time
            416      416.00000

           Step           Time
            417      417.00000

   Energies (kJ/mol)
           Bond       G96Angle        LJ (SR)   Coulomb (SR)      Potential
    3.88370e+05    1.05662e+05   -5.45788e+06   -1.56373e+06   -6.52758e+06
 Pressure (bar)
    0.00000e+00

           Step           Time
            418      418.00000

   Energies (kJ/mol)
           Bond       G96Angle        LJ (SR)   Coulomb (SR)      Potential
    3.87644e+05    1.05629e+05   -5.45866e+06   -1.56464e+06   -6.53003e+06
 Pressure (bar)
    0.00000e+00

           Step           Time
            419      419.00000

   Energies (kJ/mol)
           Bond       G96Angle        LJ (SR)   Coulomb (SR)      Potential
    3.87298e+05    1.05609e+05   -5.45992e+06   -1.56520e+06   -6.53221e+06
 Pressure (bar)
    0.00000e+00

           Step           Time
            420      420.00000

           Step           Time
            421      421.00000

   Energies (kJ/mol)
           Bond       G96Angle        LJ (SR)   Coulomb (SR)      Potential
    3.86248e+05    1.05550e+05   -5.46137e+06   -1.56619e+06   -6.53576e+06
 Pressure (bar)
    0.00000e+00

           Step           Time
            422      422.00000

   Energies (kJ/mol)
           Bond       G96Angle        LJ (SR)   Coulomb (SR)      Potential
    3.86098e+05    1.05524e+05   -5.46245e+06   -1.56707e+06   -6.53789e+06
 Pressure (bar)
    0.00000e+00

           Step           Time
            423      423.00000

   Energies (kJ/mol)
           Bond       G96Angle        LJ (SR)   Coulomb (SR)      Potential
    3.85660e+05    1.05496e+05   -5.46305e+06   -1.56770e+06   -6.53960e+06
 Pressure (bar)
    0.00000e+00

           Step           Time
            424      424.00000

   Energies (kJ/mol)
           Bond       G96Angle        LJ (SR)   Coulomb (SR)      Potential
    3.85680e+05    1.05484e+05   -5.46398e+06   -1.56806e+06   -6.54087e+06
 Pressure (bar)
    0.00000e+00

           Step           Time
            425      425.00000

   Energies (kJ/mol)
           Bond       G96Angle        LJ (SR)   Coulomb (SR)      Potential
    3.84521e+05    1.05420e+05   -5.46513e+06   -1.56890e+06   -6.54408e+06
 Pressure (bar)
    0.00000e+00

           Step           Time
            426      426.00000

   Energies (kJ/mol)
           Bond       G96Angle        LJ (SR)   Coulomb (SR)      Potential
    3.84555e+05    1.05389e+05   -5.46467e+06   -1.56979e+06   -6.54452e+06
 Pressure (bar)
    0.00000e+00

           Step           Time
            427      427.00000

           Step           Time
            428      428.00000

   Energies (kJ/mol)
           Bond       G96Angle        LJ (SR)   Coulomb (SR)      Potential
    3.84452e+05    1.05381e+05   -5.46614e+06   -1.57001e+06   -6.54631e+06
 Pressure (bar)
    0.00000e+00

           Step           Time
            429      429.00000

   Energies (kJ/mol)
           Bond       G96Angle        LJ (SR)   Coulomb (SR)      Potential
    3.84575e+05    1.05372e+05   -5.46715e+06   -1.57024e+06   -6.54744e+06
 Pressure (bar)
    0.00000e+00

           Step           Time
            430      430.00000

   Energies (kJ/mol)
           Bond       G96Angle        LJ (SR)   Coulomb (SR)      Potential
    3.83410e+05    1.05322e+05   -5.46838e+06   -1.57093e+06   -6.55058e+06
 Pressure (bar)
    0.00000e+00

           Step           Time
            431      431.00000

   Energies (kJ/mol)
           Bond       G96Angle        LJ (SR)   Coulomb (SR)      Potential
    3.82790e+05    1.05266e+05   -5.46826e+06   -1.57173e+06   -6.55194e+06
 Pressure (bar)
    0.00000e+00

           Step           Time
            432      432.00000

           Step           Time
            433      433.00000

   Energies (kJ/mol)
           Bond       G96Angle        LJ (SR)   Coulomb (SR)      Potential
    3.82969e+05    1.05261e+05   -5.47006e+06   -1.57193e+06   -6.55375e+06
 Pressure (bar)
    0.00000e+00

           Step           Time
            434      434.00000

   Energies (kJ/mol)
           Bond       G96Angle        LJ (SR)   Coulomb (SR)      Potential
    3.82414e+05    1.05224e+05   -5.47158e+06   -1.57277e+06   -6.55670e+06
 Pressure (bar)
    0.00000e+00

           Step           Time
            435      435.00000

           Step           Time
            436      436.00000

   Energies (kJ/mol)
           Bond       G96Angle        LJ (SR)   Coulomb (SR)      Potential
    3.81315e+05    1.05168e+05   -5.47263e+06   -1.57361e+06   -6.55975e+06
 Pressure (bar)
    0.00000e+00

           Step           Time
            437      437.00000

   Energies (kJ/mol)
           Bond       G96Angle        LJ (SR)   Coulomb (SR)      Potential
    3.81054e+05    1.05133e+05   -5.47348e+06   -1.57437e+06   -6.56167e+06
 Pressure (bar)
    0.00000e+00

           Step           Time
            438      438.00000

   Energies (kJ/mol)
           Bond       G96Angle        LJ (SR)   Coulomb (SR)      Potential
    3.80748e+05    1.05104e+05   -5.47473e+06   -1.57491e+06   -6.56378e+06
 Pressure (bar)
    0.00000e+00

           Step           Time
            439      439.00000

           Step           Time
            440      440.00000

   Energies (kJ/mol)
           Bond       G96Angle        LJ (SR)   Coulomb (SR)      Potential
    3.80045e+05    1.05060e+05   -5.47554e+06   -1.57549e+06   -6.56592e+06
 Pressure (bar)
    0.00000e+00

           Step           Time
            441      441.00000

   Energies (kJ/mol)
           Bond       G96Angle        LJ (SR)   Coulomb (SR)      Potential
    3.79580e+05    1.05019e+05   -5.47475e+06   -1.57616e+06   -6.56632e+06
 Pressure (bar)
    0.00000e+00

           Step           Time
            442      442.00000

   Energies (kJ/mol)
           Bond       G96Angle        LJ (SR)   Coulomb (SR)      Potential
    3.79665e+05    1.05014e+05   -5.47682e+06   -1.57629e+06   -6.56843e+06
 Pressure (bar)
    0.00000e+00

           Step           Time
            443      443.00000

   Energies (kJ/mol)
           Bond       G96Angle        LJ (SR)   Coulomb (SR)      Potential
    3.78791e+05    1.04951e+05   -5.47680e+06   -1.57704e+06   -6.57010e+06
 Pressure (bar)
    0.00000e+00

           Step           Time
            444      444.00000

           Step           Time
            445      445.00000

   Energies (kJ/mol)
           Bond       G96Angle        LJ (SR)   Coulomb (SR)      Potential
    3.78780e+05    1.04936e+05   -5.47873e+06   -1.57744e+06   -6.57246e+06
 Pressure (bar)
    0.00000e+00

           Step           Time
            446      446.00000

   Energies (kJ/mol)
           Bond       G96Angle        LJ (SR)   Coulomb (SR)      Potential
    3.78205e+05    1.04902e+05   -5.47943e+06   -1.57804e+06   -6.57436e+06
 Pressure (bar)
    0.00000e+00

           Step           Time
            447      447.00000

   Energies (kJ/mol)
           Bond       G96Angle        LJ (SR)   Coulomb (SR)      Potential
    3.77826e+05    1.04867e+05   -5.48045e+06   -1.57856e+06   -6.57631e+06
 Pressure (bar)
    0.00000e+00

           Step           Time
            448      448.00000

   Energies (kJ/mol)
           Bond       G96Angle        LJ (SR)   Coulomb (SR)      Potential
    3.76491e+05    1.04757e+05   -5.47891e+06   -1.57931e+06   -6.57697e+06
 Pressure (bar)
    0.00000e+00

           Step           Time
            449      449.00000

   Energies (kJ/mol)
           Bond       G96Angle        LJ (SR)   Coulomb (SR)      Potential
    3.76638e+05    1.04750e+05   -5.48105e+06   -1.57957e+06   -6.57923e+06
 Pressure (bar)
    0.00000e+00

           Step           Time
            450      450.00000

   Energies (kJ/mol)
           Bond       G96Angle        LJ (SR)   Coulomb (SR)      Potential
    3.76649e+05    1.04735e+05   -5.48271e+06   -1.58007e+06   -6.58139e+06
 Pressure (bar)
    0.00000e+00

           Step           Time
            451      451.00000

   Energies (kJ/mol)
           Bond       G96Angle        LJ (SR)   Coulomb (SR)      Potential
    3.76242e+05    1.04686e+05   -5.48215e+06   -1.58102e+06   -6.58224e+06
 Pressure (bar)
    0.00000e+00

           Step           Time
            452      452.00000

           Step           Time
            453      453.00000

   Energies (kJ/mol)
           Bond       G96Angle        LJ (SR)   Coulomb (SR)      Potential
    3.76209e+05    1.04674e+05   -5.48453e+06   -1.58128e+06   -6.58493e+06
 Pressure (bar)
    0.00000e+00

           Step           Time
            454      454.00000

   Energies (kJ/mol)
           Bond       G96Angle        LJ (SR)   Coulomb (SR)      Potential
    3.74742e+05    1.04578e+05   -5.48599e+06   -1.58237e+06   -6.58904e+06
 Pressure (bar)
    0.00000e+00

           Step           Time
            455      455.00000

   Energies (kJ/mol)
           Bond       G96Angle        LJ (SR)   Coulomb (SR)      Potential
    3.74896e+05    1.04521e+05   -5.48518e+06   -1.58338e+06   -6.58914e+06
 Pressure (bar)
    0.00000e+00

           Step           Time
            456      456.00000

   Energies (kJ/mol)
           Bond       G96Angle        LJ (SR)   Coulomb (SR)      Potential
    3.75499e+05    1.04503e+05   -5.48631e+06   -1.58374e+06   -6.59005e+06
 Pressure (bar)
    0.00000e+00

           Step           Time
            457      457.00000

           Step           Time
            458      458.00000

   Energies (kJ/mol)
           Bond       G96Angle        LJ (SR)   Coulomb (SR)      Potential
    3.75183e+05    1.04495e+05   -5.48871e+06   -1.58390e+06   -6.59293e+06
 Pressure (bar)
    0.00000e+00

           Step           Time
            459      459.00000

   Energies (kJ/mol)
           Bond       G96Angle        LJ (SR)   Coulomb (SR)      Potential
    3.72597e+05    1.04377e+05   -5.48805e+06   -1.58502e+06   -6.59609e+06
 Pressure (bar)
    0.00000e+00

           Step           Time
            460      460.00000

           Step           Time
            461      461.00000

   Energies (kJ/mol)
           Bond       G96Angle        LJ (SR)   Coulomb (SR)      Potential
    3.72773e+05    1.04368e+05   -5.49042e+06   -1.58529e+06   -6.59858e+06
 Pressure (bar)
    0.00000e+00

           Step           Time
            462      462.00000

   Energies (kJ/mol)
           Bond       G96Angle        LJ (SR)   Coulomb (SR)      Potential
    3.72114e+05    1.04296e+05   -5.49099e+06   -1.58618e+06   -6.60076e+06
 Pressure (bar)
    0.00000e+00

           Step           Time
            463      463.00000

   Energies (kJ/mol)
           Bond       G96Angle        LJ (SR)   Coulomb (SR)      Potential
    3.72292e+05    1.04280e+05   -5.49264e+06   -1.58654e+06   -6.60261e+06
 Pressure (bar)
    0.00000e+00

           Step           Time
            464      464.00000

   Energies (kJ/mol)
           Bond       G96Angle        LJ (SR)   Coulomb (SR)      Potential
    3.71058e+05    1.04170e+05   -5.49265e+06   -1.58760e+06   -6.60501e+06
 Pressure (bar)
    0.00000e+00

           Step           Time
            465      465.00000

           Step           Time
            466      466.00000

   Energies (kJ/mol)
           Bond       G96Angle        LJ (SR)   Coulomb (SR)      Potential
    3.71347e+05    1.04147e+05   -5.49498e+06   -1.58816e+06   -6.60765e+06
 Pressure (bar)
    0.00000e+00

           Step           Time
            467      467.00000

   Energies (kJ/mol)
           Bond       G96Angle        LJ (SR)   Coulomb (SR)      Potential
    3.70347e+05    1.04070e+05   -5.49551e+06   -1.58897e+06   -6.61006e+06
 Pressure (bar)
    0.00000e+00

           Step           Time
            468      468.00000

   Energies (kJ/mol)
           Bond       G96Angle        LJ (SR)   Coulomb (SR)      Potential
    3.70754e+05    1.04030e+05   -5.49535e+06   -1.58962e+06   -6.61018e+06
 Pressure (bar)
    0.00000e+00

           Step           Time
            469      469.00000

           Step           Time
            470      470.00000

   Energies (kJ/mol)
           Bond       G96Angle        LJ (SR)   Coulomb (SR)      Potential
    3.70615e+05    1.04025e+05   -5.49717e+06   -1.58972e+06   -6.61226e+06
 Pressure (bar)
    0.00000e+00

           Step           Time
            471      471.00000

   Energies (kJ/mol)
           Bond       G96Angle        LJ (SR)   Coulomb (SR)      Potential
    3.70387e+05    1.03999e+05   -5.49812e+06   -1.59009e+06   -6.61383e+06
 Pressure (bar)
    0.00000e+00

           Step           Time
            472      472.00000

   Energies (kJ/mol)
           Bond       G96Angle        LJ (SR)   Coulomb (SR)      Potential
    3.69306e+05    1.03931e+05   -5.49898e+06   -1.59059e+06   -6.61633e+06
 Pressure (bar)
    0.00000e+00

           Step           Time
            473      473.00000

   Energies (kJ/mol)
           Bond       G96Angle        LJ (SR)   Coulomb (SR)      Potential
    3.68738e+05    1.03834e+05   -5.49867e+06   -1.59123e+06   -6.61732e+06
 Pressure (bar)
    0.00000e+00

           Step           Time
            474      474.00000

           Step           Time
            475      475.00000

   Energies (kJ/mol)
           Bond       G96Angle        LJ (SR)   Coulomb (SR)      Potential
    3.68787e+05    1.03824e+05   -5.50097e+06   -1.59151e+06   -6.61987e+06
 Pressure (bar)
    0.00000e+00

           Step           Time
            476      476.00000

   Energies (kJ/mol)
           Bond       G96Angle        LJ (SR)   Coulomb (SR)      Potential
    3.67227e+05    1.03722e+05   -5.50035e+06   -1.59243e+06   -6.62183e+06
 Pressure (bar)
    0.00000e+00

           Step           Time
            477      477.00000

   Energies (kJ/mol)
           Bond       G96Angle        LJ (SR)   Coulomb (SR)      Potential
    3.67632e+05    1.03707e+05   -5.50225e+06   -1.59280e+06   -6.62372e+06
 Pressure (bar)
    0.00000e+00

           Step           Time
            478      478.00000

   Energies (kJ/mol)
           Bond       G96Angle        LJ (SR)   Coulomb (SR)      Potential
    3.67560e+05    1.03669e+05   -5.50346e+06   -1.59343e+06   -6.62565e+06
 Pressure (bar)
    0.00000e+00

           Step           Time
            479      479.00000

           Step           Time
            480      480.00000

   Energies (kJ/mol)
           Bond       G96Angle        LJ (SR)   Coulomb (SR)      Potential
    3.67094e+05    1.03636e+05   -5.50424e+06   -1.59386e+06   -6.62737e+06
 Pressure (bar)
    0.00000e+00

           Step           Time
            481      481.00000

   Energies (kJ/mol)
           Bond       G96Angle        LJ (SR)   Coulomb (SR)      Potential
    3.66132e+05    1.03558e+05   -5.50398e+06   -1.59445e+06   -6.62873e+06
 Pressure (bar)
    0.00000e+00

           Step           Time
            482      482.00000

   Energies (kJ/mol)
           Bond       G96Angle        LJ (SR)   Coulomb (SR)      Potential
    3.66369e+05    1.03527e+05   -5.50480e+06   -1.59494e+06   -6.62984e+06
 Pressure (bar)
    0.00000e+00

           Step           Time
            483      483.00000

           Step           Time
            484      484.00000

   Energies (kJ/mol)
           Bond       G96Angle        LJ (SR)   Coulomb (SR)      Potential
    3.66253e+05    1.03519e+05   -5.50582e+06   -1.59509e+06   -6.63114e+06
 Pressure (bar)
    0.00000e+00

           Step           Time
            485      485.00000

   Energies (kJ/mol)
           Bond       G96Angle        LJ (SR)   Coulomb (SR)      Potential
    3.65909e+05    1.03486e+05   -5.50668e+06   -1.59546e+06   -6.63274e+06
 Pressure (bar)
    0.00000e+00

           Step           Time
            486      486.00000

   Energies (kJ/mol)
           Bond       G96Angle        LJ (SR)   Coulomb (SR)      Potential
    3.64866e+05    1.03379e+05   -5.50584e+06   -1.59580e+06   -6.63339e+06
 Pressure (bar)
    0.00000e+00

           Step           Time
            487      487.00000

   Energies (kJ/mol)
           Bond       G96Angle        LJ (SR)   Coulomb (SR)      Potential
    3.65069e+05    1.03371e+05   -5.50750e+06   -1.59602e+06   -6.63507e+06
 Pressure (bar)
    0.00000e+00

           Step           Time
            488      488.00000

   Energies (kJ/mol)
           Bond       G96Angle        LJ (SR)   Coulomb (SR)      Potential
    3.65171e+05    1.03331e+05   -5.50696e+06   -1.59672e+06   -6.63518e+06
 Pressure (bar)
    0.00000e+00

           Step           Time
            489      489.00000

           Step           Time
            490      490.00000

   Energies (kJ/mol)
           Bond       G96Angle        LJ (SR)   Coulomb (SR)      Potential
    3.65072e+05    1.03324e+05   -5.50929e+06   -1.59685e+06   -6.63774e+06
 Pressure (bar)
    0.00000e+00

           Step           Time
            491      491.00000

   Energies (kJ/mol)
           Bond       G96Angle        LJ (SR)   Coulomb (SR)      Potential
    3.64082e+05    1.03248e+05   -5.51028e+06   -1.59750e+06   -6.64045e+06
 Pressure (bar)
    0.00000e+00

           Step           Time
            492      492.00000

   Energies (kJ/mol)
           Bond       G96Angle        LJ (SR)   Coulomb (SR)      Potential
    3.63582e+05    1.03174e+05   -5.50943e+06   -1.59808e+06   -6.64075e+06
 Pressure (bar)
    0.00000e+00

           Step           Time
            493      493.00000

   Energies (kJ/mol)
           Bond       G96Angle        LJ (SR)   Coulomb (SR)      Potential
    3.63669e+05    1.03159e+05   -5.51181e+06   -1.59835e+06   -6.64333e+06
 Pressure (bar)
    0.00000e+00

           Step           Time
            494      494.00000

           Step           Time
            495      495.00000

   Energies (kJ/mol)
           Bond       G96Angle        LJ (SR)   Coulomb (SR)      Potential
    3.63018e+05    1.03099e+05   -5.51197e+06   -1.59887e+06   -6.64473e+06
 Pressure (bar)
    0.00000e+00

           Step           Time
            496      496.00000

   Energies (kJ/mol)
           Bond       G96Angle        LJ (SR)   Coulomb (SR)      Potential
    3.62936e+05    1.03079e+05   -5.51322e+06   -1.59918e+06   -6.64639e+06
 Pressure (bar)
    0.00000e+00

           Step           Time
            497      497.00000

   Energies (kJ/mol)
           Bond       G96Angle        LJ (SR)   Coulomb (SR)      Potential
    3.61890e+05    1.02951e+05   -5.51320e+06   -1.59958e+06   -6.64794e+06
 Pressure (bar)
    0.00000e+00

           Step           Time
            498      498.00000

   Energies (kJ/mol)
           Bond       G96Angle        LJ (SR)   Coulomb (SR)      Potential
    3.62008e+05    1.02933e+05   -5.51435e+06   -1.60003e+06   -6.64945e+06
 Pressure (bar)
    0.00000e+00

           Step           Time
            499      499.00000

           Step           Time
            500      500.00000

           Step           Time
            501      501.00000

   Energies (kJ/mol)
           Bond       G96Angle        LJ (SR)   Coulomb (SR)      Potential
    3.61976e+05    1.02925e+05   -5.51480e+06   -1.60021e+06   -6.65011e+06
 Pressure (bar)
    0.00000e+00

           Step           Time
            502      502.00000

   Energies (kJ/mol)
           Bond       G96Angle        LJ (SR)   Coulomb (SR)      Potential
    3.61732e+05    1.02910e+05   -5.51553e+06   -1.60046e+06   -6.65135e+06
 Pressure (bar)
    0.00000e+00

           Step           Time
            503      503.00000

   Energies (kJ/mol)
           Bond       G96Angle        LJ (SR)   Coulomb (SR)      Potential
    3.61350e+05    1.02866e+05   -5.51605e+06   -1.60086e+06   -6.65270e+06
 Pressure (bar)
    0.00000e+00

           Step           Time
            504      504.00000

   Energies (kJ/mol)
           Bond       G96Angle        LJ (SR)   Coulomb (SR)      Potential
    3.61142e+05    1.02832e+05   -5.51679e+06   -1.60123e+06   -6.65405e+06
 Pressure (bar)
    0.00000e+00

           Step           Time
            505      505.00000

   Energies (kJ/mol)
           Bond       G96Angle        LJ (SR)   Coulomb (SR)      Potential
    3.60566e+05    1.02750e+05   -5.51732e+06   -1.60166e+06   -6.65567e+06
 Pressure (bar)
    0.00000e+00

           Step           Time
            506      506.00000

   Energies (kJ/mol)
           Bond       G96Angle        LJ (SR)   Coulomb (SR)      Potential
    3.60306e+05    1.02713e+05   -5.51710e+06   -1.60217e+06   -6.65625e+06
 Pressure (bar)
    0.00000e+00

           Step           Time
            507      507.00000

   Energies (kJ/mol)
           Bond       G96Angle        LJ (SR)   Coulomb (SR)      Potential
    3.60646e+05    1.02699e+05   -5.51792e+06   -1.60236e+06   -6.65694e+06
 Pressure (bar)
    0.00000e+00

           Step           Time
            508      508.00000

           Step           Time
            509      509.00000

   Energies (kJ/mol)
           Bond       G96Angle        LJ (SR)   Coulomb (SR)      Potential
    3.60647e+05    1.02686e+05   -5.51892e+06   -1.60251e+06   -6.65810e+06
 Pressure (bar)
    0.00000e+00

           Step           Time
            510      510.00000

   Energies (kJ/mol)
           Bond       G96Angle        LJ (SR)   Coulomb (SR)      Potential
    3.59498e+05    1.02581e+05   -5.51967e+06   -1.60276e+06   -6.66035e+06
 Pressure (bar)
    0.00000e+00

           Step           Time
            511      511.00000

   Energies (kJ/mol)
           Bond       G96Angle        LJ (SR)   Coulomb (SR)      Potential
    3.59534e+05    1.02550e+05   -5.52025e+06   -1.60336e+06   -6.66152e+06
 Pressure (bar)
    0.00000e+00

           Step           Time
            512      512.00000

   Energies (kJ/mol)
           Bond       G96Angle        LJ (SR)   Coulomb (SR)      Potential
    3.59442e+05    1.02513e+05   -5.52100e+06   -1.60378e+06   -6.66283e+06
 Pressure (bar)
    0.00000e+00

           Step           Time
            513      513.00000

   Energies (kJ/mol)
           Bond       G96Angle        LJ (SR)   Coulomb (SR)      Potential
    3.58582e+05    1.02448e+05   -5.52199e+06   -1.60413e+06   -6.66509e+06
 Pressure (bar)
    0.00000e+00

           Step           Time
            514      514.00000

           Step           Time
            515      515.00000

   Energies (kJ/mol)
           Bond       G96Angle        LJ (SR)   Coulomb (SR)      Potential
    3.57452e+05    1.02308e+05   -5.52282e+06   -1.60419e+06   -6.66725e+06
 Pressure (bar)
    0.00000e+00

           Step           Time
            516      516.00000

   Energies (kJ/mol)
           Bond       G96Angle        LJ (SR)   Coulomb (SR)      Potential
    3.57725e+05    1.02280e+05   -5.52264e+06   -1.60483e+06   -6.66747e+06
 Pressure (bar)
    0.00000e+00

           Step           Time
            517      517.00000

           Step           Time
            518      518.00000

   Energies (kJ/mol)
           Bond       G96Angle        LJ (SR)   Coulomb (SR)      Potential
    3.57671e+05    1.02271e+05   -5.52415e+06   -1.60501e+06   -6.66922e+06
 Pressure (bar)
    0.00000e+00

           Step           Time
            519      519.00000

   Energies (kJ/mol)
           Bond       G96Angle        LJ (SR)   Coulomb (SR)      Potential
    3.57564e+05    1.02238e+05   -5.52487e+06   -1.60557e+06   -6.67064e+06
 Pressure (bar)
    0.00000e+00

           Step           Time
            520      520.00000

   Energies (kJ/mol)
           Bond       G96Angle        LJ (SR)   Coulomb (SR)      Potential
    3.56767e+05    1.02148e+05   -5.52515e+06   -1.60633e+06   -6.67256e+06
 Pressure (bar)
    0.00000e+00

           Step           Time
            521      521.00000

   Energies (kJ/mol)
           Bond       G96Angle        LJ (SR)   Coulomb (SR)      Potential
    3.57076e+05    1.02126e+05   -5.52637e+06   -1.60668e+06   -6.67384e+06
 Pressure (bar)
    0.00000e+00

           Step           Time
            522      522.00000

           Step           Time
            523      523.00000

   Energies (kJ/mol)
           Bond       G96Angle        LJ (SR)   Coulomb (SR)      Potential
    3.56044e+05    1.02035e+05   -5.52730e+06   -1.60712e+06   -6.67634e+06
 Pressure (bar)
    0.00000e+00

           Step           Time
            524      524.00000

   Energies (kJ/mol)
           Bond       G96Angle        LJ (SR)   Coulomb (SR)      Potential
    3.55852e+05    1.01964e+05   -5.52802e+06   -1.60773e+06   -6.67793e+06
 Pressure (bar)
    0.00000e+00

           Step           Time
            525      525.00000

   Energies (kJ/mol)
           Bond       G96Angle        LJ (SR)   Coulomb (SR)      Potential
    3.55595e+05    1.01891e+05   -5.52780e+06   -1.60822e+06   -6.67854e+06
 Pressure (bar)
    0.00000e+00

           Step           Time
            526      526.00000

   Energies (kJ/mol)
           Bond       G96Angle        LJ (SR)   Coulomb (SR)      Potential
    3.55938e+05    1.01859e+05   -5.52972e+06   -1.60862e+06   -6.68055e+06
 Pressure (bar)
    0.00000e+00

           Step           Time
            527      527.00000

           Step           Time
            528      528.00000

   Energies (kJ/mol)
           Bond       G96Angle        LJ (SR)   Coulomb (SR)      Potential
    3.54864e+05    1.01785e+05   -5.53052e+06   -1.60906e+06   -6.68293e+06
 Pressure (bar)
    0.00000e+00

           Step           Time
            529      529.00000

           Step           Time
            530      530.00000

   Energies (kJ/mol)
           Bond       G96Angle        LJ (SR)   Coulomb (SR)      Potential
    3.54480e+05    1.01715e+05   -5.53144e+06   -1.60947e+06   -6.68472e+06
 Pressure (bar)
    0.00000e+00

           Step           Time
            531      531.00000

   Energies (kJ/mol)
           Bond       G96Angle        LJ (SR)   Coulomb (SR)      Potential
    3.54025e+05    1.01641e+05   -5.53176e+06   -1.61003e+06   -6.68612e+06
 Pressure (bar)
    0.00000e+00

           Step           Time
            532      532.00000

   Energies (kJ/mol)
           Bond       G96Angle        LJ (SR)   Coulomb (SR)      Potential
    3.54039e+05    1.01607e+05   -5.53288e+06   -1.61041e+06   -6.68764e+06
 Pressure (bar)
    0.00000e+00

           Step           Time
            533      533.00000

   Energies (kJ/mol)
           Bond       G96Angle        LJ (SR)   Coulomb (SR)      Potential
    3.53186e+05    1.01512e+05   -5.53325e+06   -1.61075e+06   -6.68931e+06
 Pressure (bar)
    0.00000e+00

           Step           Time
            534      534.00000

   Energies (kJ/mol)
           Bond       G96Angle        LJ (SR)   Coulomb (SR)      Potential
    3.53670e+05    1.01449e+05   -5.53345e+06   -1.61137e+06   -6.68970e+06
 Pressure (bar)
    0.00000e+00

           Step           Time
            535      535.00000

   Energies (kJ/mol)
           Bond       G96Angle        LJ (SR)   Coulomb (SR)      Potential
    3.53593e+05    1.01410e+05   -5.53529e+06   -1.61176e+06   -6.69205e+06
 Pressure (bar)
    0.00000e+00

           Step           Time
            536      536.00000

           Step           Time
            537      537.00000

   Energies (kJ/mol)
           Bond       G96Angle        LJ (SR)   Coulomb (SR)      Potential
    3.52230e+05    1.01319e+05   -5.53548e+06   -1.61205e+06   -6.69399e+06
 Pressure (bar)
    0.00000e+00

           Step           Time
            538      538.00000

   Energies (kJ/mol)
           Bond       G96Angle        LJ (SR)   Coulomb (SR)      Potential
    3.52362e+05    1.01256e+05   -5.53541e+06   -1.61259e+06   -6.69438e+06
 Pressure (bar)
    0.00000e+00

           Step           Time
            539      539.00000

   Energies (kJ/mol)
           Bond       G96Angle        LJ (SR)   Coulomb (SR)      Potential
    3.52356e+05    1.01240e+05   -5.53694e+06   -1.61280e+06   -6.69614e+06
 Pressure (bar)
    0.00000e+00

           Step           Time
            540      540.00000

   Energies (kJ/mol)
           Bond       G96Angle        LJ (SR)   Coulomb (SR)      Potential
    3.51723e+05    1.01173e+05   -5.53764e+06   -1.61316e+06   -6.69790e+06
 Pressure (bar)
    0.00000e+00

           Step           Time
            541      541.00000

           Step           Time
            542      542.00000

   Energies (kJ/mol)
           Bond       G96Angle        LJ (SR)   Coulomb (SR)      Potential
    3.51389e+05    1.01075e+05   -5.53768e+06   -1.61335e+06   -6.69857e+06
 Pressure (bar)
    0.00000e+00

           Step           Time
            543      543.00000

   Energies (kJ/mol)
           Bond       G96Angle        LJ (SR)   Coulomb (SR)      Potential
    3.51264e+05    1.01041e+05   -5.53933e+06   -1.61386e+06   -6.70089e+06
 Pressure (bar)
    0.00000e+00

           Step           Time
            544      544.00000

           Step           Time
            545      545.00000

   Energies (kJ/mol)
           Bond       G96Angle        LJ (SR)   Coulomb (SR)      Potential
    3.50636e+05    1.00962e+05   -5.54000e+06   -1.61438e+06   -6.70278e+06
 Pressure (bar)
    0.00000e+00

           Step           Time
            546      546.00000

   Energies (kJ/mol)
           Bond       G96Angle        LJ (SR)   Coulomb (SR)      Potential
    3.50422e+05    1.00876e+05   -5.53953e+06   -1.61472e+06   -6.70295e+06
 Pressure (bar)
    0.00000e+00

           Step           Time
            547      547.00000

   Energies (kJ/mol)
           Bond       G96Angle        LJ (SR)   Coulomb (SR)      Potential
    3.50568e+05    1.00844e+05   -5.54148e+06   -1.61515e+06   -6.70522e+06
 Pressure (bar)
    0.00000e+00

           Step           Time
            548      548.00000

   Energies (kJ/mol)
           Bond       G96Angle        LJ (SR)   Coulomb (SR)      Potential
    3.50018e+05    1.00788e+05   -5.54221e+06   -1.61552e+06   -6.70692e+06
 Pressure (bar)
    0.00000e+00

           Step           Time
            549      549.00000

           Step           Time
            550      550.00000

   Energies (kJ/mol)
           Bond       G96Angle        LJ (SR)   Coulomb (SR)      Potential
    3.49506e+05    1.00714e+05   -5.54257e+06   -1.61585e+06   -6.70820e+06
 Pressure (bar)
    0.00000e+00

           Step           Time
            551      551.00000

           Step           Time
            552      552.00000

   Energies (kJ/mol)
           Bond       G96Angle        LJ (SR)   Coulomb (SR)      Potential
    3.49267e+05    1.00673e+05   -5.54350e+06   -1.61627e+06   -6.70984e+06
 Pressure (bar)
    0.00000e+00

           Step           Time
            553      553.00000

   Energies (kJ/mol)
           Bond       G96Angle        LJ (SR)   Coulomb (SR)      Potential
    3.48534e+05    1.00561e+05   -5.54281e+06   -1.61646e+06   -6.71017e+06
 Pressure (bar)
    0.00000e+00

           Step           Time
            554      554.00000

   Energies (kJ/mol)
           Bond       G96Angle        LJ (SR)   Coulomb (SR)      Potential
    3.48535e+05    1.00543e+05   -5.54474e+06   -1.61679e+06   -6.71246e+06
 Pressure (bar)
    0.00000e+00

           Step           Time
            555      555.00000

           Step           Time
            556      556.00000

   Energies (kJ/mol)
           Bond       G96Angle        LJ (SR)   Coulomb (SR)      Potential
    3.48037e+05    1.00469e+05   -5.54539e+06   -1.61719e+06   -6.71408e+06
 Pressure (bar)
    0.00000e+00

           Step           Time
            557      557.00000

   Energies (kJ/mol)
           Bond       G96Angle        LJ (SR)   Coulomb (SR)      Potential
    3.47896e+05    1.00410e+05   -5.54591e+06   -1.61764e+06   -6.71525e+06
 Pressure (bar)
    0.00000e+00

           Step           Time
            558      558.00000

   Energies (kJ/mol)
           Bond       G96Angle        LJ (SR)   Coulomb (SR)      Potential
    3.47619e+05    1.00353e+05   -5.54662e+06   -1.61797e+06   -6.71662e+06
 Pressure (bar)
    0.00000e+00

           Step           Time
            559      559.00000

   Energies (kJ/mol)
           Bond       G96Angle        LJ (SR)   Coulomb (SR)      Potential
    3.47503e+05    1.00281e+05   -5.54662e+06   -1.61833e+06   -6.71716e+06
 Pressure (bar)
    0.00000e+00

           Step           Time
            560      560.00000

   Energies (kJ/mol)
           Bond       G96Angle        LJ (SR)   Coulomb (SR)      Potential
    3.47490e+05    1.00220e+05   -5.54709e+06   -1.61864e+06   -6.71802e+06
 Pressure (bar)
    0.00000e+00

           Step           Time
            561      561.00000

   Energies (kJ/mol)
           Bond       G96Angle        LJ (SR)   Coulomb (SR)      Potential
    3.47781e+05    1.00159e+05   -5.54706e+06   -1.61906e+06   -6.71818e+06
 Pressure (bar)
    0.00000e+00

           Step           Time
            562      562.00000

           Step           Time
            563      563.00000

   Energies (kJ/mol)
           Bond       G96Angle        LJ (SR)   Coulomb (SR)      Potential
    3.47693e+05    1.00124e+05   -5.54970e+06   -1.61937e+06   -6.72125e+06
 Pressure (bar)
    0.00000e+00

           Step           Time
            564      564.00000

           Step           Time
            565      565.00000

   Energies (kJ/mol)
           Bond       G96Angle        LJ (SR)   Coulomb (SR)      Potential
    3.46404e+05    1.00057e+05   -5.54985e+06   -1.61957e+06   -6.72296e+06
 Pressure (bar)
    0.00000e+00

           Step           Time
            566      566.00000

   Energies (kJ/mol)
           Bond       G96Angle        LJ (SR)   Coulomb (SR)      Potential
    3.46133e+05    9.99867e+04   -5.55034e+06   -1.61983e+06   -6.72405e+06
 Pressure (bar)
    0.00000e+00

           Step           Time
            567      567.00000

   Energies (kJ/mol)
           Bond       G96Angle        LJ (SR)   Coulomb (SR)      Potential
    3.45798e+05    9.99306e+04   -5.55082e+06   -1.62025e+06   -6.72533e+06
 Pressure (bar)
    0.00000e+00

           Step           Time
            568      568.00000

   Energies (kJ/mol)
           Bond       G96Angle        LJ (SR)   Coulomb (SR)      Potential
    3.45808e+05    9.98705e+04   -5.55101e+06   -1.62059e+06   -6.72592e+06
 Pressure (bar)
    0.00000e+00

           Step           Time
            569      569.00000

   Energies (kJ/mol)
           Bond       G96Angle        LJ (SR)   Coulomb (SR)      Potential
    3.45643e+05    9.98296e+04   -5.55229e+06   -1.62088e+06   -6.72770e+06
 Pressure (bar)
    0.00000e+00

           Step           Time
            570      570.00000

           Step           Time
            571      571.00000

   Energies (kJ/mol)
           Bond       G96Angle        LJ (SR)   Coulomb (SR)      Potential
    3.45182e+05    9.97860e+04   -5.55278e+06   -1.62113e+06   -6.72894e+06
 Pressure (bar)
    0.00000e+00

           Step           Time
            572      572.00000

           Step           Time
            573      573.00000

   Energies (kJ/mol)
           Bond       G96Angle        LJ (SR)   Coulomb (SR)      Potential
    3.44630e+05    9.97161e+04   -5.55311e+06   -1.62121e+06   -6.72998e+06
 Pressure (bar)
    0.00000e+00

           Step           Time
            574      574.00000

   Energies (kJ/mol)
           Bond       G96Angle        LJ (SR)   Coulomb (SR)      Potential
    3.44424e+05    9.96546e+04   -5.55355e+06   -1.62164e+06   -6.73111e+06
 Pressure (bar)
    0.00000e+00

           Step           Time
            575      575.00000

   Energies (kJ/mol)
           Bond       G96Angle        LJ (SR)   Coulomb (SR)      Potential
    3.44301e+05    9.95996e+04   -5.55403e+06   -1.62197e+06   -6.73210e+06
 Pressure (bar)
    0.00000e+00

           Step           Time
            576      576.00000

   Energies (kJ/mol)
           Bond       G96Angle        LJ (SR)   Coulomb (SR)      Potential
    3.44125e+05    9.95496e+04   -5.55463e+06   -1.62228e+06   -6.73324e+06
 Pressure (bar)
    0.00000e+00

           Step           Time
            577      577.00000

   Energies (kJ/mol)
           Bond       G96Angle        LJ (SR)   Coulomb (SR)      Potential
    3.43892e+05    9.94895e+04   -5.55492e+06   -1.62252e+06   -6.73406e+06
 Pressure (bar)
    0.00000e+00

           Step           Time
            578      578.00000

   Energies (kJ/mol)
           Bond       G96Angle        LJ (SR)   Coulomb (SR)      Potential
    3.43812e+05    9.94326e+04   -5.55527e+06   -1.62282e+06   -6.73485e+06
 Pressure (bar)
    0.00000e+00

           Step           Time
            579      579.00000

   Energies (kJ/mol)
           Bond       G96Angle        LJ (SR)   Coulomb (SR)      Potential
    3.43812e+05    9.93776e+04   -5.55576e+06   -1.62310e+06   -6.73566e+06
 Pressure (bar)
    0.00000e+00

           Step           Time
            580      580.00000

           Step           Time
            581      581.00000

   Energies (kJ/mol)
           Bond       G96Angle        LJ (SR)   Coulomb (SR)      Potential
    3.43632e+05    9.93426e+04   -5.55735e+06   -1.62339e+06   -6.73776e+06
 Pressure (bar)
    0.00000e+00

           Step           Time
            582      582.00000

           Step           Time
            583      583.00000

   Energies (kJ/mol)
           Bond       G96Angle        LJ (SR)   Coulomb (SR)      Potential
    3.42708e+05    9.92753e+04   -5.55727e+06   -1.62357e+06   -6.73886e+06
 Pressure (bar)
    0.00000e+00

           Step           Time
            584      584.00000

   Energies (kJ/mol)
           Bond       G96Angle        LJ (SR)   Coulomb (SR)      Potential
    3.42668e+05    9.91935e+04   -5.55743e+06   -1.62368e+06   -6.73926e+06
 Pressure (bar)
    0.00000e+00

           Step           Time
            585      585.00000

   Energies (kJ/mol)
           Bond       G96Angle        LJ (SR)   Coulomb (SR)      Potential
    3.42585e+05    9.91410e+04   -5.55826e+06   -1.62424e+06   -6.74077e+06
 Pressure (bar)
    0.00000e+00

           Step           Time
            586      586.00000

   Energies (kJ/mol)
           Bond       G96Angle        LJ (SR)   Coulomb (SR)      Potential
    3.42547e+05    9.90822e+04   -5.55836e+06   -1.62458e+06   -6.74130e+06
 Pressure (bar)
    0.00000e+00

           Step           Time
            587      587.00000

   Energies (kJ/mol)
           Bond       G96Angle        LJ (SR)   Coulomb (SR)      Potential
    3.42556e+05    9.90218e+04   -5.55822e+06   -1.62483e+06   -6.74148e+06
 Pressure (bar)
    0.00000e+00

           Step           Time
            588      588.00000

   Energies (kJ/mol)
           Bond       G96Angle        LJ (SR)   Coulomb (SR)      Potential
    3.42955e+05    9.89660e+04   -5.55897e+06   -1.62514e+06   -6.74219e+06
 Pressure (bar)
    0.00000e+00

           Step           Time
            589      589.00000

           Step           Time
            590      590.00000

   Energies (kJ/mol)
           Bond       G96Angle        LJ (SR)   Coulomb (SR)      Potential
    3.42667e+05    9.89292e+04   -5.56169e+06   -1.62539e+06   -6.74548e+06
 Pressure (bar)
    0.00000e+00

           Step           Time
            591      591.00000

           Step           Time
            592      592.00000

   Energies (kJ/mol)
           Bond       G96Angle        LJ (SR)   Coulomb (SR)      Potential
    3.41358e+05    9.88690e+04   -5.56133e+06   -1.62561e+06   -6.74672e+06
 Pressure (bar)
    0.00000e+00

           Step           Time
            593      593.00000

   Energies (kJ/mol)
           Bond       G96Angle        LJ (SR)   Coulomb (SR)      Potential
    3.41163e+05    9.88033e+04   -5.56157e+06   -1.62583e+06   -6.74743e+06
 Pressure (bar)
    0.00000e+00

           Step           Time
            594      594.00000

   Energies (kJ/mol)
           Bond       G96Angle        LJ (SR)   Coulomb (SR)      Potential
    3.40902e+05    9.87506e+04   -5.56216e+06   -1.62616e+06   -6.74867e+06
 Pressure (bar)
    0.00000e+00

           Step           Time
            595      595.00000

   Energies (kJ/mol)
           Bond       G96Angle        LJ (SR)   Coulomb (SR)      Potential
    3.40767e+05    9.86898e+04   -5.56226e+06   -1.62647e+06   -6.74928e+06
 Pressure (bar)
    0.00000e+00

           Step           Time
            596      596.00000

   Energies (kJ/mol)
           Bond       G96Angle        LJ (SR)   Coulomb (SR)      Potential
    3.40700e+05    9.86313e+04   -5.56250e+06   -1.62670e+06   -6.74987e+06
 Pressure (bar)
    0.00000e+00

           Step           Time
            597      597.00000

   Energies (kJ/mol)
           Bond       G96Angle        LJ (SR)   Coulomb (SR)      Potential
    3.40828e+05    9.85787e+04   -5.56324e+06   -1.62700e+06   -6.75083e+06
 Pressure (bar)
    0.00000e+00

           Step           Time
            598      598.00000

           Step           Time
            599      599.00000

   Energies (kJ/mol)
           Bond       G96Angle        LJ (SR)   Coulomb (SR)      Potential
    3.40543e+05    9.85411e+04   -5.56502e+06   -1.62724e+06   -6.75318e+06
 Pressure (bar)
    0.00000e+00

           Step           Time
            600      600.00000

           Step           Time
            601      601.00000

   Energies (kJ/mol)
           Bond       G96Angle        LJ (SR)   Coulomb (SR)      Potential
    3.39431e+05    9.84700e+04   -5.56455e+06   -1.62739e+06   -6.75403e+06
 Pressure (bar)
    0.00000e+00

           Step           Time
            602      602.00000

   Energies (kJ/mol)
           Bond       G96Angle        LJ (SR)   Coulomb (SR)      Potential
    3.39558e+05    9.84085e+04   -5.56504e+06   -1.62769e+06   -6.75476e+06
 Pressure (bar)
    0.00000e+00

           Step           Time
            603      603.00000

   Energies (kJ/mol)
           Bond       G96Angle        LJ (SR)   Coulomb (SR)      Potential
    3.39346e+05    9.83541e+04   -5.56555e+06   -1.62801e+06   -6.75586e+06
 Pressure (bar)
    0.00000e+00

           Step           Time
            604      604.00000

   Energies (kJ/mol)
           Bond       G96Angle        LJ (SR)   Coulomb (SR)      Potential
    3.39332e+05    9.82911e+04   -5.56550e+06   -1.62825e+06   -6.75613e+06
 Pressure (bar)
    0.00000e+00

           Step           Time
            605      605.00000

   Energies (kJ/mol)
           Bond       G96Angle        LJ (SR)   Coulomb (SR)      Potential
    3.39464e+05    9.82330e+04   -5.56561e+06   -1.62854e+06   -6.75646e+06
 Pressure (bar)
    0.00000e+00

           Step           Time
            606      606.00000

   Energies (kJ/mol)
           Bond       G96Angle        LJ (SR)   Coulomb (SR)      Potential
    3.39832e+05    9.81760e+04   -5.56575e+06   -1.62880e+06   -6.75654e+06
 Pressure (bar)
    0.00000e+00

           Step           Time
            607      607.00000

           Step           Time
            608      608.00000

   Energies (kJ/mol)
           Bond       G96Angle        LJ (SR)   Coulomb (SR)      Potential
    3.39705e+05    9.81423e+04   -5.56927e+06   -1.62907e+06   -6.76050e+06
 Pressure (bar)
    0.00000e+00

           Step           Time
            609      609.00000

           Step           Time
            610      610.00000

   Energies (kJ/mol)
           Bond       G96Angle        LJ (SR)   Coulomb (SR)      Potential
    3.37869e+05    9.80749e+04   -5.56836e+06   -1.62921e+06   -6.76163e+06
 Pressure (bar)
    0.00000e+00

           Step           Time
            611      611.00000

   Energies (kJ/mol)
           Bond       G96Angle        LJ (SR)   Coulomb (SR)      Potential
    3.38009e+05    9.80094e+04   -5.56912e+06   -1.62945e+06   -6.76255e+06
 Pressure (bar)
    0.00000e+00

           Step           Time
            612      612.00000

   Energies (kJ/mol)
           Bond       G96Angle        LJ (SR)   Coulomb (SR)      Potential
    3.37441e+05    9.79535e+04   -5.56927e+06   -1.62976e+06   -6.76363e+06
 Pressure (bar)
    0.00000e+00

           Step           Time
            613      613.00000

   Energies (kJ/mol)
           Bond       G96Angle        LJ (SR)   Coulomb (SR)      Potential
    3.37548e+05    9.78961e+04   -5.56978e+06   -1.62999e+06   -6.76433e+06
 Pressure (bar)
    0.00000e+00

           Step           Time
            614      614.00000

   Energies (kJ/mol)
           Bond       G96Angle        LJ (SR)   Coulomb (SR)      Potential
    3.37176e+05    9.78307e+04   -5.56948e+06   -1.63028e+06   -6.76476e+06
 Pressure (bar)
    0.00000e+00

           Step           Time
            615      615.00000

   Energies (kJ/mol)
           Bond       G96Angle        LJ (SR)   Coulomb (SR)      Potential
    3.37535e+05    9.77840e+04   -5.57087e+06   -1.63053e+06   -6.76608e+06
 Pressure (bar)
    0.00000e+00

           Step           Time
            616      616.00000

           Step           Time
            617      617.00000

   Energies (kJ/mol)
           Bond       G96Angle        LJ (SR)   Coulomb (SR)      Potential
    3.37050e+05    9.77406e+04   -5.57174e+06   -1.63077e+06   -6.76773e+06
 Pressure (bar)
    0.00000e+00

           Step           Time
            618      618.00000

           Step           Time
            619      619.00000

   Energies (kJ/mol)
           Bond       G96Angle        LJ (SR)   Coulomb (SR)      Potential
    3.36431e+05    9.76704e+04   -5.57172e+06   -1.63085e+06   -6.76848e+06
 Pressure (bar)
    0.00000e+00

           Step           Time
            620      620.00000

   Energies (kJ/mol)
           Bond       G96Angle        LJ (SR)   Coulomb (SR)      Potential
    3.36313e+05    9.76203e+04   -5.57230e+06   -1.63118e+06   -6.76955e+06
 Pressure (bar)
    0.00000e+00

           Step           Time
            621      621.00000

   Energies (kJ/mol)
           Bond       G96Angle        LJ (SR)   Coulomb (SR)      Potential
    3.36106e+05    9.75562e+04   -5.57246e+06   -1.63141e+06   -6.77020e+06
 Pressure (bar)
    0.00000e+00

           Step           Time
            622      622.00000

   Energies (kJ/mol)
           Bond       G96Angle        LJ (SR)   Coulomb (SR)      Potential
    3.36074e+05    9.75020e+04   -5.57305e+06   -1.63164e+06   -6.77112e+06
 Pressure (bar)
    0.00000e+00

           Step           Time
            623      623.00000

   Energies (kJ/mol)
           Bond       G96Angle        LJ (SR)   Coulomb (SR)      Potential
    3.35965e+05    9.74440e+04   -5.57319e+06   -1.63190e+06   -6.77169e+06
 Pressure (bar)
    0.00000e+00

           Step           Time
            624      624.00000

   Energies (kJ/mol)
           Bond       G96Angle        LJ (SR)   Coulomb (SR)      Potential
    3.36044e+05    9.73844e+04   -5.57322e+06   -1.63210e+06   -6.77189e+06
 Pressure (bar)
    0.00000e+00

           Step           Time
            625      625.00000

   Energies (kJ/mol)
           Bond       G96Angle        LJ (SR)   Coulomb (SR)      Potential
    3.36224e+05    9.73299e+04   -5.57408e+06   -1.63236e+06   -6.77289e+06
 Pressure (bar)
    0.00000e+00

           Step           Time
            626      626.00000

           Step           Time
            627      627.00000

   Energies (kJ/mol)
           Bond       G96Angle        LJ (SR)   Coulomb (SR)      Potential
    3.36002e+05    9.72928e+04   -5.57611e+06   -1.63263e+06   -6.77545e+06
 Pressure (bar)
    0.00000e+00

           Step           Time
            628      628.00000

           Step           Time
            629      629.00000

   Energies (kJ/mol)
           Bond       G96Angle        LJ (SR)   Coulomb (SR)      Potential
    3.34584e+05    9.72155e+04   -5.57526e+06   -1.63275e+06   -6.77621e+06
 Pressure (bar)
    0.00000e+00

           Step           Time
            630      630.00000

   Energies (kJ/mol)
           Bond       G96Angle        LJ (SR)   Coulomb (SR)      Potential
    3.34839e+05    9.71652e+04   -5.57623e+06   -1.63302e+06   -6.77725e+06
 Pressure (bar)
    0.00000e+00

           Step           Time
            631      631.00000

   Energies (kJ/mol)
           Bond       G96Angle        LJ (SR)   Coulomb (SR)      Potential
    3.34433e+05    9.71020e+04   -5.57614e+06   -1.63324e+06   -6.77784e+06
 Pressure (bar)
    0.00000e+00

           Step           Time
            632      632.00000

   Energies (kJ/mol)
           Bond       G96Angle        LJ (SR)   Coulomb (SR)      Potential
    3.34634e+05    9.70470e+04   -5.57682e+06   -1.63349e+06   -6.77863e+06
 Pressure (bar)
    0.00000e+00

           Step           Time
            633      633.00000

           Step           Time
            634      634.00000

   Energies (kJ/mol)
           Bond       G96Angle        LJ (SR)   Coulomb (SR)      Potential
    3.34404e+05    9.70146e+04   -5.57817e+06   -1.63373e+06   -6.78048e+06
 Pressure (bar)
    0.00000e+00

           Step           Time
            635      635.00000

   Energies (kJ/mol)
           Bond       G96Angle        LJ (SR)   Coulomb (SR)      Potential
    3.32663e+05    9.68661e+04   -5.57662e+06   -1.63356e+06   -6.78065e+06
 Pressure (bar)
    0.00000e+00

           Step           Time
            636      636.00000

   Energies (kJ/mol)
           Bond       G96Angle        LJ (SR)   Coulomb (SR)      Potential
    3.33249e+05    9.68382e+04   -5.57896e+06   -1.63408e+06   -6.78295e+06
 Pressure (bar)
    0.00000e+00

           Step           Time
            637      637.00000

   Energies (kJ/mol)
           Bond       G96Angle        LJ (SR)   Coulomb (SR)      Potential
    3.32786e+05    9.67309e+04   -5.57916e+06   -1.63431e+06   -6.78395e+06
 Pressure (bar)
    0.00000e+00

           Step           Time
            638      638.00000

   Energies (kJ/mol)
           Bond       G96Angle        LJ (SR)   Coulomb (SR)      Potential
    3.32972e+05    9.67019e+04   -5.58034e+06   -1.63473e+06   -6.78539e+06
 Pressure (bar)
    0.00000e+00

           Step           Time
            639      639.00000

   Energies (kJ/mol)
           Bond       G96Angle        LJ (SR)   Coulomb (SR)      Potential
    3.32157e+05    9.65915e+04   -5.57977e+06   -1.63506e+06   -6.78608e+06
 Pressure (bar)
    0.00000e+00

           Step           Time
            640      640.00000

   Energies (kJ/mol)
           Bond       G96Angle        LJ (SR)   Coulomb (SR)      Potential
    3.32459e+05    9.65665e+04   -5.58132e+06   -1.63538e+06   -6.78768e+06
 Pressure (bar)
    0.00000e+00

           Step           Time
            641      641.00000

           Step           Time
            642      642.00000

   Energies (kJ/mol)
           Bond       G96Angle        LJ (SR)   Coulomb (SR)      Potential
    3.32038e+05    9.64965e+04   -5.58175e+06   -1.63568e+06   -6.78889e+06
 Pressure (bar)
    0.00000e+00

           Step           Time
            643      643.00000

   Energies (kJ/mol)
           Bond       G96Angle        LJ (SR)   Coulomb (SR)      Potential
    3.31821e+05    9.64172e+04   -5.58212e+06   -1.63582e+06   -6.78970e+06
 Pressure (bar)
    0.00000e+00

           Step           Time
            644      644.00000

   Energies (kJ/mol)
           Bond       G96Angle        LJ (SR)   Coulomb (SR)      Potential
    3.31825e+05    9.63680e+04   -5.58290e+06   -1.63622e+06   -6.79092e+06
 Pressure (bar)
    0.00000e+00

           Step           Time
            645      645.00000

   Energies (kJ/mol)
           Bond       G96Angle        LJ (SR)   Coulomb (SR)      Potential
    3.31375e+05    9.62890e+04   -5.58241e+06   -1.63646e+06   -6.79121e+06
 Pressure (bar)
    0.00000e+00

           Step           Time
            646      646.00000

   Energies (kJ/mol)
           Bond       G96Angle        LJ (SR)   Coulomb (SR)      Potential
    3.31885e+05    9.62425e+04   -5.58356e+06   -1.63685e+06   -6.79227e+06
 Pressure (bar)
    0.00000e+00

           Step           Time
            647      647.00000

           Step           Time
            648      648.00000

   Energies (kJ/mol)
           Bond       G96Angle        LJ (SR)   Coulomb (SR)      Potential
    3.31484e+05    9.62046e+04   -5.58446e+06   -1.63706e+06   -6.79383e+06
 Pressure (bar)
    0.00000e+00

           Step           Time
            649      649.00000

           Step           Time
            650      650.00000

   Energies (kJ/mol)
           Bond       G96Angle        LJ (SR)   Coulomb (SR)      Potential
    3.30873e+05    9.61242e+04   -5.58463e+06   -1.63712e+06   -6.79476e+06
 Pressure (bar)
    0.00000e+00

           Step           Time
            651      651.00000

   Energies (kJ/mol)
           Bond       G96Angle        LJ (SR)   Coulomb (SR)      Potential
    3.30753e+05    9.60698e+04   -5.58506e+06   -1.63746e+06   -6.79570e+06
 Pressure (bar)
    0.00000e+00

           Step           Time
            652      652.00000

   Energies (kJ/mol)
           Bond       G96Angle        LJ (SR)   Coulomb (SR)      Potential
    3.30648e+05    9.60075e+04   -5.58547e+06   -1.63771e+06   -6.79652e+06
 Pressure (bar)
    0.00000e+00

           Step           Time
            653      653.00000

   Energies (kJ/mol)
           Bond       G96Angle        LJ (SR)   Coulomb (SR)      Potential
    3.30521e+05    9.59440e+04   -5.58549e+06   -1.63797e+06   -6.79699e+06
 Pressure (bar)
    0.00000e+00

           Step           Time
            654      654.00000

   Energies (kJ/mol)
           Bond       G96Angle        LJ (SR)   Coulomb (SR)      Potential
    3.30773e+05    9.58870e+04   -5.58621e+06   -1.63823e+06   -6.79777e+06
 Pressure (bar)
    0.00000e+00

           Step           Time
            655      655.00000

   Energies (kJ/mol)
           Bond       G96Angle        LJ (SR)   Coulomb (SR)      Potential
    3.30531e+05    9.58254e+04   -5.58573e+06   -1.63845e+06   -6.79782e+06
 Pressure (bar)
    0.00000e+00

           Step           Time
            656      656.00000

   Energies (kJ/mol)
           Bond       G96Angle        LJ (SR)   Coulomb (SR)      Potential
    3.31040e+05    9.57755e+04   -5.58726e+06   -1.63872e+06   -6.79916e+06
 Pressure (bar)
    0.00000e+00

           Step           Time
            657      657.00000

           Step           Time
            658      658.00000

   Energies (kJ/mol)
           Bond       G96Angle        LJ (SR)   Coulomb (SR)      Potential
    3.30532e+05    9.57384e+04   -5.58854e+06   -1.63893e+06   -6.80120e+06
 Pressure (bar)
    0.00000e+00

           Step           Time
            659      659.00000

           Step           Time
            660      660.00000

   Energies (kJ/mol)
           Bond       G96Angle        LJ (SR)   Coulomb (SR)      Potential
    3.29479e+05    9.56668e+04   -5.58831e+06   -1.63905e+06   -6.80221e+06
 Pressure (bar)
    0.00000e+00

           Step           Time
            661      661.00000

   Energies (kJ/mol)
           Bond       G96Angle        LJ (SR)   Coulomb (SR)      Potential
    3.29419e+05    9.55642e+04   -5.58841e+06   -1.63902e+06   -6.80245e+06
 Pressure (bar)
    0.00000e+00

           Step           Time
            662      662.00000

   Energies (kJ/mol)
           Bond       G96Angle        LJ (SR)   Coulomb (SR)      Potential
    3.29336e+05    9.55309e+04   -5.58978e+06   -1.63947e+06   -6.80438e+06
 Pressure (bar)
    0.00000e+00

           Step           Time
            663      663.00000

   Energies (kJ/mol)
           Bond       G96Angle        LJ (SR)   Coulomb (SR)      Potential
    3.28426e+05    9.54233e+04   -5.58910e+06   -1.63976e+06   -6.80501e+06
 Pressure (bar)
    0.00000e+00

           Step           Time
            664      664.00000

   Energies (kJ/mol)
           Bond       G96Angle        LJ (SR)   Coulomb (SR)      Potential
    3.28650e+05    9.53992e+04   -5.59046e+06   -1.64010e+06   -6.80651e+06
 Pressure (bar)
    0.00000e+00

           Step           Time
            665      665.00000

   Energies (kJ/mol)
           Bond       G96Angle        LJ (SR)   Coulomb (SR)      Potential
    3.28110e+05    9.52517e+04   -5.59014e+06   -1.63989e+06   -6.80667e+06
 Pressure (bar)
    0.00000e+00

           Step           Time
            666      666.00000

   Energies (kJ/mol)
           Bond       G96Angle        LJ (SR)   Coulomb (SR)      Potential
    3.28263e+05    9.52403e+04   -5.59157e+06   -1.64015e+06   -6.80822e+06
 Pressure (bar)
    0.00000e+00

           Step           Time
            667      667.00000

           Step           Time
            668      668.00000

   Energies (kJ/mol)
           Bond       G96Angle        LJ (SR)   Coulomb (SR)      Potential
    3.27724e+05    9.51534e+04   -5.59204e+06   -1.64076e+06   -6.80992e+06
 Pressure (bar)
    0.00000e+00

           Step           Time
            669      669.00000

   Energies (kJ/mol)
           Bond       G96Angle        LJ (SR)   Coulomb (SR)      Potential
    3.27874e+05    9.50628e+04   -5.59200e+06   -1.64119e+06   -6.81025e+06
 Pressure (bar)
    0.00000e+00

           Step           Time
            670      670.00000

   Energies (kJ/mol)
           Bond       G96Angle        LJ (SR)   Coulomb (SR)      Potential
    3.27943e+05    9.50232e+04   -5.59326e+06   -1.64156e+06   -6.81186e+06
 Pressure (bar)
    0.00000e+00

           Step           Time
            671      671.00000

   Energies (kJ/mol)
           Bond       G96Angle        LJ (SR)   Coulomb (SR)      Potential
    3.27436e+05    9.49503e+04   -5.59254e+06   -1.64180e+06   -6.81196e+06
 Pressure (bar)
    0.00000e+00

           Step           Time
            672      672.00000

   Energies (kJ/mol)
           Bond       G96Angle        LJ (SR)   Coulomb (SR)      Potential
    3.27740e+05    9.49253e+04   -5.59421e+06   -1.64204e+06   -6.81359e+06
 Pressure (bar)
    0.00000e+00

           Step           Time
            673      673.00000

   Energies (kJ/mol)
           Bond       G96Angle        LJ (SR)   Coulomb (SR)      Potential
    3.26787e+05    9.48185e+04   -5.59332e+06   -1.64195e+06   -6.81367e+06
 Pressure (bar)
    0.00000e+00

           Step           Time
            674      674.00000

   Energies (kJ/mol)
           Bond       G96Angle        LJ (SR)   Coulomb (SR)      Potential
    3.27364e+05    9.47962e+04   -5.59426e+06   -1.64232e+06   -6.81442e+06
 Pressure (bar)
    0.00000e+00

           Step           Time
            675      675.00000

   Energies (kJ/mol)
           Bond       G96Angle        LJ (SR)   Coulomb (SR)      Potential
    3.27186e+05    9.47644e+04   -5.59490e+06   -1.64260e+06   -6.81555e+06
 Pressure (bar)
    0.00000e+00

           Step           Time
            676      676.00000

           Step           Time
            677      677.00000

   Energies (kJ/mol)
           Bond       G96Angle        LJ (SR)   Coulomb (SR)      Potential
    3.27115e+05    9.47080e+04   -5.59582e+06   -1.64276e+06   -6.81676e+06
 Pressure (bar)
    0.00000e+00

           Step           Time
            678      678.00000

           Step           Time
            679      679.00000

   Energies (kJ/mol)
           Bond       G96Angle        LJ (SR)   Coulomb (SR)      Potential
    3.26413e+05    9.46251e+04   -5.59628e+06   -1.64280e+06   -6.81804e+06
 Pressure (bar)
    0.00000e+00

           Step           Time
            680      680.00000

           Step           Time
            681      681.00000

   Energies (kJ/mol)
           Bond       G96Angle        LJ (SR)   Coulomb (SR)      Potential
    3.26003e+05    9.45217e+04   -5.59676e+06   -1.64303e+06   -6.81926e+06
 Pressure (bar)
    0.00000e+00

           Step           Time
            682      682.00000

   Energies (kJ/mol)
           Bond       G96Angle        LJ (SR)   Coulomb (SR)      Potential
    3.25926e+05    9.44834e+04   -5.59736e+06   -1.64345e+06   -6.82040e+06
 Pressure (bar)
    0.00000e+00

           Step           Time
            683      683.00000

   Energies (kJ/mol)
           Bond       G96Angle        LJ (SR)   Coulomb (SR)      Potential
    3.25536e+05    9.43682e+04   -5.59764e+06   -1.64359e+06   -6.82132e+06
 Pressure (bar)
    0.00000e+00

           Step           Time
            684      684.00000

   Energies (kJ/mol)
           Bond       G96Angle        LJ (SR)   Coulomb (SR)      Potential
    3.25568e+05    9.43307e+04   -5.59841e+06   -1.64406e+06   -6.82257e+06
 Pressure (bar)
    0.00000e+00

           Step           Time
            685      685.00000

           Step           Time
            686      686.00000

   Energies (kJ/mol)
           Bond       G96Angle        LJ (SR)   Coulomb (SR)      Potential
    3.25283e+05    9.42655e+04   -5.59889e+06   -1.64425e+06   -6.82359e+06
 Pressure (bar)
    0.00000e+00

           Step           Time
            687      687.00000

   Energies (kJ/mol)
           Bond       G96Angle        LJ (SR)   Coulomb (SR)      Potential
    3.24945e+05    9.41559e+04   -5.59920e+06   -1.64412e+06   -6.82421e+06
 Pressure (bar)
    0.00000e+00

           Step           Time
            688      688.00000

   Energies (kJ/mol)
           Bond       G96Angle        LJ (SR)   Coulomb (SR)      Potential
    3.24947e+05    9.41213e+04   -5.60010e+06   -1.64458e+06   -6.82561e+06
 Pressure (bar)
    0.00000e+00

           Step           Time
            689      689.00000

   Energies (kJ/mol)
           Bond       G96Angle        LJ (SR)   Coulomb (SR)      Potential
    3.24400e+05    9.40037e+04   -5.60005e+06   -1.64472e+06   -6.82636e+06
 Pressure (bar)
    0.00000e+00

           Step           Time
            690      690.00000

   Energies (kJ/mol)
           Bond       G96Angle        LJ (SR)   Coulomb (SR)      Potential
    3.24550e+05    9.39758e+04   -5.60108e+06   -1.64513e+06   -6.82768e+06
 Pressure (bar)
    0.00000e+00

           Step           Time
            691      691.00000

           Step           Time
            692      692.00000

   Energies (kJ/mol)
           Bond       G96Angle        LJ (SR)   Coulomb (SR)      Potential
    3.24231e+05    9.39054e+04   -5.60159e+06   -1.64534e+06   -6.82879e+06
 Pressure (bar)
    0.00000e+00

           Step           Time
            693      693.00000

   Energies (kJ/mol)
           Bond       G96Angle        LJ (SR)   Coulomb (SR)      Potential
    3.24016e+05    9.37945e+04   -5.60161e+06   -1.64528e+06   -6.82908e+06
 Pressure (bar)
    0.00000e+00

           Step           Time
            694      694.00000

   Energies (kJ/mol)
           Bond       G96Angle        LJ (SR)   Coulomb (SR)      Potential
    3.24087e+05    9.37713e+04   -5.60276e+06   -1.64565e+06   -6.83055e+06
 Pressure (bar)
    0.00000e+00

           Step           Time
            695      695.00000

           Step           Time
            696      696.00000

   Energies (kJ/mol)
           Bond       G96Angle        LJ (SR)   Coulomb (SR)      Potential
    3.23602e+05    9.36934e+04   -5.60317e+06   -1.64595e+06   -6.83182e+06
 Pressure (bar)
    0.00000e+00

           Step           Time
            697      697.00000

   Energies (kJ/mol)
           Bond       G96Angle        LJ (SR)   Coulomb (SR)      Potential
    3.23400e+05    9.35262e+04   -5.60338e+06   -1.64568e+06   -6.83214e+06
 Pressure (bar)
    0.00000e+00

           Step           Time
            698      698.00000

   Energies (kJ/mol)
           Bond       G96Angle        LJ (SR)   Coulomb (SR)      Potential
    3.23305e+05    9.34887e+04   -5.60474e+06   -1.64629e+06   -6.83424e+06
 Pressure (bar)
    0.00000e+00

           Step           Time
            699      699.00000

   Energies (kJ/mol)
           Bond       G96Angle        LJ (SR)   Coulomb (SR)      Potential
    3.22699e+05    9.33762e+04   -5.60477e+06   -1.64665e+06   -6.83534e+06
 Pressure (bar)
    0.00000e+00

           Step           Time
            700      700.00000

   Energies (kJ/mol)
           Bond       G96Angle        LJ (SR)   Coulomb (SR)      Potential
    3.22888e+05    9.33341e+04   -5.60573e+06   -1.64708e+06   -6.83659e+06
 Pressure (bar)
    0.00000e+00

           Step           Time
            701      701.00000

   Energies (kJ/mol)
           Bond       G96Angle        LJ (SR)   Coulomb (SR)      Potential
    3.22662e+05    9.32510e+04   -5.60516e+06   -1.64740e+06   -6.83665e+06
 Pressure (bar)
    0.00000e+00

           Step           Time
            702      702.00000

   Energies (kJ/mol)
           Bond       G96Angle        LJ (SR)   Coulomb (SR)      Potential
    3.23029e+05    9.32167e+04   -5.60663e+06   -1.64766e+06   -6.83805e+06
 Pressure (bar)
    0.00000e+00

           Step           Time
            703      703.00000

           Step           Time
            704      704.00000

   Energies (kJ/mol)
           Bond       G96Angle        LJ (SR)   Coulomb (SR)      Potential
    3.22495e+05    9.31444e+04   -5.60706e+06   -1.64779e+06   -6.83920e+06
 Pressure (bar)
    0.00000e+00

           Step           Time
            705      705.00000

           Step           Time
            706      706.00000

   Energies (kJ/mol)
           Bond       G96Angle        LJ (SR)   Coulomb (SR)      Potential
    3.22250e+05    9.30915e+04   -5.60762e+06   -1.64798e+06   -6.84026e+06
 Pressure (bar)
    0.00000e+00

           Step           Time
            707      707.00000

   Energies (kJ/mol)
           Bond       G96Angle        LJ (SR)   Coulomb (SR)      Potential
    3.21976e+05    9.30130e+04   -5.60758e+06   -1.64811e+06   -6.84070e+06
 Pressure (bar)
    0.00000e+00

           Step           Time
            708      708.00000

   Energies (kJ/mol)
           Bond       G96Angle        LJ (SR)   Coulomb (SR)      Potential
    3.21949e+05    9.29828e+04   -5.60851e+06   -1.64839e+06   -6.84196e+06
 Pressure (bar)
    0.00000e+00

           Step           Time
            709      709.00000

   Energies (kJ/mol)
           Bond       G96Angle        LJ (SR)   Coulomb (SR)      Potential
    3.21407e+05    9.28787e+04   -5.60834e+06   -1.64828e+06   -6.84233e+06
 Pressure (bar)
    0.00000e+00

           Step           Time
            710      710.00000

   Energies (kJ/mol)
           Bond       G96Angle        LJ (SR)   Coulomb (SR)      Potential
    3.21586e+05    9.28503e+04   -5.60928e+06   -1.64867e+06   -6.84351e+06
 Pressure (bar)
    0.00000e+00

           Step           Time
            711      711.00000

   Energies (kJ/mol)
           Bond       G96Angle        LJ (SR)   Coulomb (SR)      Potential
    3.21140e+05    9.27200e+04   -5.60918e+06   -1.64841e+06   -6.84373e+06
 Pressure (bar)
    0.00000e+00

           Step           Time
            712      712.00000

   Energies (kJ/mol)
           Bond       G96Angle        LJ (SR)   Coulomb (SR)      Potential
    3.21564e+05    9.26886e+04   -5.61019e+06   -1.64893e+06   -6.84486e+06
 Pressure (bar)
    0.00000e+00

           Step           Time
            713      713.00000

   Energies (kJ/mol)
           Bond       G96Angle        LJ (SR)   Coulomb (SR)      Potential
    3.21485e+05    9.26366e+04   -5.61000e+06   -1.64926e+06   -6.84513e+06
 Pressure (bar)
    0.00000e+00

           Step           Time
            714      714.00000

           Step           Time
            715      715.00000

   Energies (kJ/mol)
           Bond       G96Angle        LJ (SR)   Coulomb (SR)      Potential
    3.21258e+05    9.26099e+04   -5.61080e+06   -1.64949e+06   -6.84641e+06
 Pressure (bar)
    0.00000e+00

           Step           Time
            716      716.00000

   Energies (kJ/mol)
           Bond       G96Angle        LJ (SR)   Coulomb (SR)      Potential
    3.21291e+05    9.25762e+04   -5.61119e+06   -1.64963e+06   -6.84695e+06
 Pressure (bar)
    0.00000e+00

           Step           Time
            717      717.00000

   Energies (kJ/mol)
           Bond       G96Angle        LJ (SR)   Coulomb (SR)      Potential
    3.20692e+05    9.24856e+04   -5.61129e+06   -1.64945e+06   -6.84756e+06
 Pressure (bar)
    0.00000e+00

           Step           Time
            718      718.00000

   Energies (kJ/mol)
           Bond       G96Angle        LJ (SR)   Coulomb (SR)      Potential
    3.21101e+05    9.24370e+04   -5.61164e+06   -1.64986e+06   -6.84796e+06
 Pressure (bar)
    0.00000e+00

           Step           Time
            719      719.00000

           Step           Time
            720      720.00000

   Energies (kJ/mol)
           Bond       G96Angle        LJ (SR)   Coulomb (SR)      Potential
    3.20928e+05    9.24188e+04   -5.61245e+06   -1.65003e+06   -6.84914e+06
 Pressure (bar)
    0.00000e+00

           Step           Time
            721      721.00000

   Energies (kJ/mol)
           Bond       G96Angle        LJ (SR)   Coulomb (SR)      Potential
    3.20163e+05    9.22970e+04   -5.61281e+06   -1.64989e+06   -6.85024e+06
 Pressure (bar)
    0.00000e+00

           Step           Time
            722      722.00000

   Energies (kJ/mol)
           Bond       G96Angle        LJ (SR)   Coulomb (SR)      Potential
    3.20324e+05    9.22290e+04   -5.61307e+06   -1.65036e+06   -6.85087e+06
 Pressure (bar)
    0.00000e+00

           Step           Time
            723      723.00000

   Energies (kJ/mol)
           Bond       G96Angle        LJ (SR)   Coulomb (SR)      Potential
    3.20486e+05    9.21728e+04   -5.61321e+06   -1.65064e+06   -6.85119e+06
 Pressure (bar)
    0.00000e+00

           Step           Time
            724      724.00000

   Energies (kJ/mol)
           Bond       G96Angle        LJ (SR)   Coulomb (SR)      Potential
    3.20435e+05    9.21404e+04   -5.61439e+06   -1.65085e+06   -6.85266e+06
 Pressure (bar)
    0.00000e+00

           Step           Time
            725      725.00000

           Step           Time
            726      726.00000

           Step           Time
            727      727.00000

   Energies (kJ/mol)
           Bond       G96Angle        LJ (SR)   Coulomb (SR)      Potential
    3.19648e+05    9.20617e+04   -5.61472e+06   -1.65081e+06   -6.85382e+06
 Pressure (bar)
    0.00000e+00

           Step           Time
            728      728.00000

   Energies (kJ/mol)
           Bond       G96Angle        LJ (SR)   Coulomb (SR)      Potential
    3.19329e+05    9.19767e+04   -5.61499e+06   -1.65095e+06   -6.85464e+06
 Pressure (bar)
    0.00000e+00

           Step           Time
            729      729.00000

   Energies (kJ/mol)
           Bond       G96Angle        LJ (SR)   Coulomb (SR)      Potential
    3.19229e+05    9.19374e+04   -5.61563e+06   -1.65133e+06   -6.85579e+06
 Pressure (bar)
    0.00000e+00

           Step           Time
            730      730.00000

   Energies (kJ/mol)
           Bond       G96Angle        LJ (SR)   Coulomb (SR)      Potential
    3.18954e+05    9.18158e+04   -5.61575e+06   -1.65124e+06   -6.85622e+06
 Pressure (bar)
    0.00000e+00

           Step           Time
            731      731.00000

           Step           Time
            732      732.00000

   Energies (kJ/mol)
           Bond       G96Angle        LJ (SR)   Coulomb (SR)      Potential
    3.18996e+05    9.17778e+04   -5.61679e+06   -1.65173e+06   -6.85774e+06
 Pressure (bar)
    0.00000e+00

           Step           Time
            733      733.00000

   Energies (kJ/mol)
           Bond       G96Angle        LJ (SR)   Coulomb (SR)      Potential
    3.18580e+05    9.16947e+04   -5.61659e+06   -1.65184e+06   -6.85815e+06
 Pressure (bar)
    0.00000e+00

           Step           Time
            734      734.00000

           Step           Time
            735      735.00000

   Energies (kJ/mol)
           Bond       G96Angle        LJ (SR)   Coulomb (SR)      Potential
    3.18727e+05    9.16696e+04   -5.61767e+06   -1.65212e+06   -6.85939e+06
 Pressure (bar)
    0.00000e+00

           Step           Time
            736      736.00000

   Energies (kJ/mol)
           Bond       G96Angle        LJ (SR)   Coulomb (SR)      Potential
    3.18056e+05    9.15664e+04   -5.61704e+06   -1.65203e+06   -6.85945e+06
 Pressure (bar)
    0.00000e+00

           Step           Time
            737      737.00000

   Energies (kJ/mol)
           Bond       G96Angle        LJ (SR)   Coulomb (SR)      Potential
    3.18332e+05    9.15499e+04   -5.61836e+06   -1.65235e+06   -6.86082e+06
 Pressure (bar)
    0.00000e+00

           Step           Time
            738      738.00000

           Step           Time
            739      739.00000

   Energies (kJ/mol)
           Bond       G96Angle        LJ (SR)   Coulomb (SR)      Potential
    3.18019e+05    9.14905e+04   -5.61876e+06   -1.65254e+06   -6.86179e+06
 Pressure (bar)
    0.00000e+00

           Step           Time
            740      740.00000

   Energies (kJ/mol)
           Bond       G96Angle        LJ (SR)   Coulomb (SR)      Potential
    3.17886e+05    9.13966e+04   -5.61899e+06   -1.65260e+06   -6.86230e+06
 Pressure (bar)
    0.00000e+00

           Step           Time
            741      741.00000

   Energies (kJ/mol)
           Bond       G96Angle        LJ (SR)   Coulomb (SR)      Potential
    3.17820e+05    9.13590e+04   -5.61956e+06   -1.65294e+06   -6.86333e+06
 Pressure (bar)
    0.00000e+00

           Step           Time
            742      742.00000

   Energies (kJ/mol)
           Bond       G96Angle        LJ (SR)   Coulomb (SR)      Potential
    3.17654e+05    9.12764e+04   -5.61959e+06   -1.65300e+06   -6.86366e+06
 Pressure (bar)
    0.00000e+00

           Step           Time
            743      743.00000

   Energies (kJ/mol)
           Bond       G96Angle        LJ (SR)   Coulomb (SR)      Potential
    3.17740e+05    9.12418e+04   -5.62040e+06   -1.65332e+06   -6.86474e+06
 Pressure (bar)
    0.00000e+00

           Step           Time
            744      744.00000

   Energies (kJ/mol)
           Bond       G96Angle        LJ (SR)   Coulomb (SR)      Potential
    3.17438e+05    9.11427e+04   -5.62042e+06   -1.65329e+06   -6.86513e+06
 Pressure (bar)
    0.00000e+00

           Step           Time
            745      745.00000

   Energies (kJ/mol)
           Bond       G96Angle        LJ (SR)   Coulomb (SR)      Potential
    3.17342e+05    9.10922e+04   -5.62030e+06   -1.65368e+06   -6.86554e+06
 Pressure (bar)
    0.00000e+00

           Step           Time
            746      746.00000

   Energies (kJ/mol)
           Bond       G96Angle        LJ (SR)   Coulomb (SR)      Potential
    3.17758e+05    9.10730e+04   -5.62126e+06   -1.65384e+06   -6.86627e+06
 Pressure (bar)
    0.00000e+00

           Step           Time
            747      747.00000

   Energies (kJ/mol)
           Bond       G96Angle        LJ (SR)   Coulomb (SR)      Potential
    3.17497e+05    9.10103e+04   -5.62099e+06   -1.65387e+06   -6.86636e+06
 Pressure (bar)
    0.00000e+00

           Step           Time
            748      748.00000

           Step           Time
            749      749.00000

   Energies (kJ/mol)
           Bond       G96Angle        LJ (SR)   Coulomb (SR)      Potential
    3.17502e+05    9.09986e+04   -5.62147e+06   -1.65404e+06   -6.86701e+06
 Pressure (bar)
    0.00000e+00

           Step           Time
            750      750.00000

   Energies (kJ/mol)
           Bond       G96Angle        LJ (SR)   Coulomb (SR)      Potential
    3.17443e+05    9.09681e+04   -5.62224e+06   -1.65418e+06   -6.86801e+06
 Pressure (bar)
    0.00000e+00

           Step           Time
            751      751.00000

           Step           Time
            752      752.00000

   Energies (kJ/mol)
           Bond       G96Angle        LJ (SR)   Coulomb (SR)      Potential
    3.16761e+05    9.08734e+04   -5.62268e+06   -1.65388e+06   -6.86892e+06
 Pressure (bar)
    0.00000e+00

           Step           Time
            753      753.00000

           Step           Time
            754      754.00000

   Energies (kJ/mol)
           Bond       G96Angle        LJ (SR)   Coulomb (SR)      Potential
    3.16438e+05    9.07864e+04   -5.62321e+06   -1.65408e+06   -6.87006e+06
 Pressure (bar)
    0.00000e+00

           Step           Time
            755      755.00000

   Energies (kJ/mol)
           Bond       G96Angle        LJ (SR)   Coulomb (SR)      Potential
    3.16405e+05    9.07197e+04   -5.62358e+06   -1.65452e+06   -6.87098e+06
 Pressure (bar)
    0.00000e+00

           Step           Time
            756      756.00000

   Energies (kJ/mol)
           Bond       G96Angle        LJ (SR)   Coulomb (SR)      Potential
    3.16325e+05    9.06850e+04   -5.62410e+06   -1.65478e+06   -6.87187e+06
 Pressure (bar)
    0.00000e+00

           Step           Time
            757      757.00000

   Energies (kJ/mol)
           Bond       G96Angle        LJ (SR)   Coulomb (SR)      Potential
    3.16042e+05    9.06152e+04   -5.62433e+06   -1.65483e+06   -6.87251e+06
 Pressure (bar)
    0.00000e+00

           Step           Time
            758      758.00000

   Energies (kJ/mol)
           Bond       G96Angle        LJ (SR)   Coulomb (SR)      Potential
    3.16032e+05    9.05516e+04   -5.62457e+06   -1.65507e+06   -6.87305e+06
 Pressure (bar)
    0.00000e+00

           Step           Time
            759      759.00000

   Energies (kJ/mol)
           Bond       G96Angle        LJ (SR)   Coulomb (SR)      Potential
    3.15982e+05    9.04889e+04   -5.62475e+06   -1.65525e+06   -6.87353e+06
 Pressure (bar)
    0.00000e+00

           Step           Time
            760      760.00000

           Step           Time
            761      761.00000

   Energies (kJ/mol)
           Bond       G96Angle        LJ (SR)   Coulomb (SR)      Potential
    3.16076e+05    9.04465e+04   -5.62559e+06   -1.65545e+06   -6.87452e+06
 Pressure (bar)
    0.00000e+00

           Step           Time
            762      762.00000

           Step           Time
            763      763.00000

   Energies (kJ/mol)
           Bond       G96Angle        LJ (SR)   Coulomb (SR)      Potential
    3.15745e+05    9.04017e+04   -5.62591e+06   -1.65560e+06   -6.87536e+06
 Pressure (bar)
    0.00000e+00

           Step           Time
            764      764.00000

           Step           Time
            765      765.00000

   Energies (kJ/mol)
           Bond       G96Angle        LJ (SR)   Coulomb (SR)      Potential
    3.15552e+05    9.03593e+04   -5.62622e+06   -1.65569e+06   -6.87600e+06
 Pressure (bar)
    0.00000e+00

           Step           Time
            766      766.00000

   Energies (kJ/mol)
           Bond       G96Angle        LJ (SR)   Coulomb (SR)      Potential
    3.15183e+05    9.02743e+04   -5.62613e+06   -1.65558e+06   -6.87625e+06
 Pressure (bar)
    0.00000e+00

           Step           Time
            767      767.00000

   Energies (kJ/mol)
           Bond       G96Angle        LJ (SR)   Coulomb (SR)      Potential
    3.15303e+05    9.02424e+04   -5.62693e+06   -1.65596e+06   -6.87734e+06
 Pressure (bar)
    0.00000e+00

           Step           Time
            768      768.00000

   Energies (kJ/mol)
           Bond       G96Angle        LJ (SR)   Coulomb (SR)      Potential
    3.14901e+05    9.01643e+04   -5.62668e+06   -1.65594e+06   -6.87755e+06
 Pressure (bar)
    0.00000e+00

           Step           Time
            769      769.00000

   Energies (kJ/mol)
           Bond       G96Angle        LJ (SR)   Coulomb (SR)      Potential
    3.15156e+05    9.01314e+04   -5.62760e+06   -1.65627e+06   -6.87858e+06
 Pressure (bar)
    0.00000e+00

           Step           Time
            770      770.00000

   Energies (kJ/mol)
           Bond       G96Angle        LJ (SR)   Coulomb (SR)      Potential
    3.14786e+05    9.00602e+04   -5.62730e+06   -1.65628e+06   -6.87874e+06
 Pressure (bar)
    0.00000e+00

           Step           Time
            771      771.00000

   Energies (kJ/mol)
           Bond       G96Angle        LJ (SR)   Coulomb (SR)      Potential
    3.15087e+05    9.00251e+04   -5.62817e+06   -1.65655e+06   -6.87960e+06
 Pressure (bar)
    0.00000e+00

           Step           Time
            772      772.00000

   Energies (kJ/mol)
           Bond       G96Angle        LJ (SR)   Coulomb (SR)      Potential
    3.14703e+05    8.99613e+04   -5.62784e+06   -1.65662e+06   -6.87980e+06
 Pressure (bar)
    0.00000e+00

           Step           Time
            773      773.00000

           Step           Time
            774      774.00000

   Energies (kJ/mol)
           Bond       G96Angle        LJ (SR)   Coulomb (SR)      Potential
    3.14899e+05    8.99377e+04   -5.62913e+06   -1.65687e+06   -6.88117e+06
 Pressure (bar)
    0.00000e+00

           Step           Time
            775      775.00000

   Energies (kJ/mol)
           Bond       G96Angle        LJ (SR)   Coulomb (SR)      Potential
    3.13808e+05    8.98137e+04   -5.62857e+06   -1.65634e+06   -6.88128e+06
 Pressure (bar)
    0.00000e+00

           Step           Time
            776      776.00000

   Energies (kJ/mol)
           Bond       G96Angle        LJ (SR)   Coulomb (SR)      Potential
    3.14327e+05    8.97776e+04   -5.62957e+06   -1.65694e+06   -6.88241e+06
 Pressure (bar)
    0.00000e+00

           Step           Time
            777      777.00000

   Energies (kJ/mol)
           Bond       G96Angle        LJ (SR)   Coulomb (SR)      Potential
    3.14152e+05    8.97192e+04   -5.62963e+06   -1.65724e+06   -6.88300e+06
 Pressure (bar)
    0.00000e+00

           Step           Time
            778      778.00000

   Energies (kJ/mol)
           Bond       G96Angle        LJ (SR)   Coulomb (SR)      Potential
    3.14495e+05    8.96716e+04   -5.62997e+06   -1.65741e+06   -6.88321e+06
 Pressure (bar)
    0.00000e+00

           Step           Time
            779      779.00000

   Energies (kJ/mol)
           Bond       G96Angle        LJ (SR)   Coulomb (SR)      Potential
    3.14340e+05    8.96179e+04   -5.62971e+06   -1.65754e+06   -6.88329e+06
 Pressure (bar)
    0.00000e+00

           Step           Time
            780      780.00000

           Step           Time
            781      781.00000

   Energies (kJ/mol)
           Bond       G96Angle        LJ (SR)   Coulomb (SR)      Potential
    3.14669e+05    8.95861e+04   -5.63128e+06   -1.65774e+06   -6.88476e+06
 Pressure (bar)
    0.00000e+00

           Step           Time
            782      782.00000

   Energies (kJ/mol)
           Bond       G96Angle        LJ (SR)   Coulomb (SR)      Potential
    3.13501e+05    8.94855e+04   -5.63049e+06   -1.65745e+06   -6.88495e+06
 Pressure (bar)
    0.00000e+00

           Step           Time
            783      783.00000

   Energies (kJ/mol)
           Bond       G96Angle        LJ (SR)   Coulomb (SR)      Potential
    3.14226e+05    8.94380e+04   -5.63072e+06   -1.65792e+06   -6.88498e+06
 Pressure (bar)
    0.00000e+00

           Step           Time
            784      784.00000

   Energies (kJ/mol)
           Bond       G96Angle        LJ (SR)   Coulomb (SR)      Potential
    3.14131e+05    8.94203e+04   -5.63195e+06   -1.65810e+06   -6.88650e+06
 Pressure (bar)
    0.00000e+00

           Step           Time
            785      785.00000

           Step           Time
            786      786.00000

   Energies (kJ/mol)
           Bond       G96Angle        LJ (SR)   Coulomb (SR)      Potential
    3.14065e+05    8.94023e+04   -5.63250e+06   -1.65820e+06   -6.88724e+06
 Pressure (bar)
    0.00000e+00

           Step           Time
            787      787.00000

   Energies (kJ/mol)
           Bond       G96Angle        LJ (SR)   Coulomb (SR)      Potential
    3.13350e+05    8.93415e+04   -5.63259e+06   -1.65819e+06   -6.88808e+06
 Pressure (bar)
    0.00000e+00

           Step           Time
            788      788.00000

           Step           Time
            789      789.00000

   Energies (kJ/mol)
           Bond       G96Angle        LJ (SR)   Coulomb (SR)      Potential
    3.13225e+05    8.92660e+04   -5.63294e+06   -1.65818e+06   -6.88863e+06
 Pressure (bar)
    0.00000e+00

           Step           Time
            790      790.00000

   Energies (kJ/mol)
           Bond       G96Angle        LJ (SR)   Coulomb (SR)      Potential
    3.13051e+05    8.92109e+04   -5.63330e+06   -1.65852e+06   -6.88956e+06
 Pressure (bar)
    0.00000e+00

           Step           Time
            791      791.00000

           Step           Time
            792      792.00000

   Energies (kJ/mol)
           Bond       G96Angle        LJ (SR)   Coulomb (SR)      Potential
    3.13016e+05    8.91479e+04   -5.63359e+06   -1.65868e+06   -6.89011e+06
 Pressure (bar)
    0.00000e+00

           Step           Time
            793      793.00000

   Energies (kJ/mol)
           Bond       G96Angle        LJ (SR)   Coulomb (SR)      Potential
    3.12960e+05    8.91002e+04   -5.63401e+06   -1.65889e+06   -6.89084e+06
 Pressure (bar)
    0.00000e+00

           Step           Time
            794      794.00000

   Energies (kJ/mol)
           Bond       G96Angle        LJ (SR)   Coulomb (SR)      Potential
    3.12781e+05    8.90395e+04   -5.63405e+06   -1.65890e+06   -6.89114e+06
 Pressure (bar)
    0.00000e+00

           Step           Time
            795      795.00000

   Energies (kJ/mol)
           Bond       G96Angle        LJ (SR)   Coulomb (SR)      Potential
    3.12955e+05    8.89901e+04   -5.63431e+06   -1.65909e+06   -6.89146e+06
 Pressure (bar)
    0.00000e+00

           Step           Time
            796      796.00000

   Energies (kJ/mol)
           Bond       G96Angle        LJ (SR)   Coulomb (SR)      Potential
    3.12800e+05    8.89454e+04   -5.63483e+06   -1.65922e+06   -6.89231e+06
 Pressure (bar)
    0.00000e+00

           Step           Time
            797      797.00000

           Step           Time
            798      798.00000

   Energies (kJ/mol)
           Bond       G96Angle        LJ (SR)   Coulomb (SR)      Potential
    3.12807e+05    8.89138e+04   -5.63561e+06   -1.65939e+06   -6.89327e+06
 Pressure (bar)
    0.00000e+00

           Step           Time
            799      799.00000

           Step           Time
            800      800.00000

   Energies (kJ/mol)
           Bond       G96Angle        LJ (SR)   Coulomb (SR)      Potential
    3.12304e+05    8.88612e+04   -5.63572e+06   -1.65935e+06   -6.89391e+06
 Pressure (bar)
    0.00000e+00

           Step           Time
            801      801.00000

           Step           Time
            802      802.00000

   Energies (kJ/mol)
           Bond       G96Angle        LJ (SR)   Coulomb (SR)      Potential
    3.12080e+05    8.87889e+04   -5.63598e+06   -1.65929e+06   -6.89440e+06
 Pressure (bar)
    0.00000e+00

           Step           Time
            803      803.00000

   Energies (kJ/mol)
           Bond       G96Angle        LJ (SR)   Coulomb (SR)      Potential
    3.11997e+05    8.87528e+04   -5.63636e+06   -1.65964e+06   -6.89525e+06
 Pressure (bar)
    0.00000e+00

           Step           Time
            804      804.00000

   Energies (kJ/mol)
           Bond       G96Angle        LJ (SR)   Coulomb (SR)      Potential
    3.11830e+05    8.86848e+04   -5.63656e+06   -1.65970e+06   -6.89575e+06
 Pressure (bar)
    0.00000e+00

           Step           Time
            805      805.00000

   Energies (kJ/mol)
           Bond       G96Angle        LJ (SR)   Coulomb (SR)      Potential
    3.11800e+05    8.86464e+04   -5.63694e+06   -1.65997e+06   -6.89646e+06
 Pressure (bar)
    0.00000e+00

           Step           Time
            806      806.00000

   Energies (kJ/mol)
           Bond       G96Angle        LJ (SR)   Coulomb (SR)      Potential
    3.11651e+05    8.85830e+04   -5.63705e+06   -1.65991e+06   -6.89673e+06
 Pressure (bar)
    0.00000e+00

           Step           Time
            807      807.00000

   Energies (kJ/mol)
           Bond       G96Angle        LJ (SR)   Coulomb (SR)      Potential
    3.11676e+05    8.85420e+04   -5.63752e+06   -1.66015e+06   -6.89745e+06
 Pressure (bar)
    0.00000e+00

           Step           Time
            808      808.00000

   Energies (kJ/mol)
           Bond       G96Angle        LJ (SR)   Coulomb (SR)      Potential
    3.11535e+05    8.84808e+04   -5.63742e+06   -1.66019e+06   -6.89759e+06
 Pressure (bar)
    0.00000e+00

           Step           Time
            809      809.00000

   Energies (kJ/mol)
           Bond       G96Angle        LJ (SR)   Coulomb (SR)      Potential
    3.11742e+05    8.84355e+04   -5.63789e+06   -1.66039e+06   -6.89810e+06
 Pressure (bar)
    0.00000e+00

           Step           Time
            810      810.00000

   Energies (kJ/mol)
           Bond       G96Angle        LJ (SR)   Coulomb (SR)      Potential
    3.11617e+05    8.83866e+04   -5.63804e+06   -1.66044e+06   -6.89848e+06
 Pressure (bar)
    0.00000e+00

           Step           Time
            811      811.00000

           Step           Time
            812      812.00000

   Energies (kJ/mol)
           Bond       G96Angle        LJ (SR)   Coulomb (SR)      Potential
    3.11707e+05    8.83556e+04   -5.63913e+06   -1.66064e+06   -6.89970e+06
 Pressure (bar)
    0.00000e+00

           Step           Time
            813      813.00000

           Step           Time
            814      814.00000

   Energies (kJ/mol)
           Bond       G96Angle        LJ (SR)   Coulomb (SR)      Potential
    3.11147e+05    8.83008e+04   -5.63913e+06   -1.66060e+06   -6.90028e+06
 Pressure (bar)
    0.00000e+00

           Step           Time
            815      815.00000

           Step           Time
            816      816.00000

   Energies (kJ/mol)
           Bond       G96Angle        LJ (SR)   Coulomb (SR)      Potential
    3.11066e+05    8.82546e+04   -5.63944e+06   -1.66076e+06   -6.90088e+06
 Pressure (bar)
    0.00000e+00

           Step           Time
            817      817.00000

   Energies (kJ/mol)
           Bond       G96Angle        LJ (SR)   Coulomb (SR)      Potential
    3.10835e+05    8.81876e+04   -5.63952e+06   -1.66070e+06   -6.90120e+06
 Pressure (bar)
    0.00000e+00

           Step           Time
            818      818.00000

   Energies (kJ/mol)
           Bond       G96Angle        LJ (SR)   Coulomb (SR)      Potential
    3.10888e+05    8.81499e+04   -5.64007e+06   -1.66096e+06   -6.90199e+06
 Pressure (bar)
    0.00000e+00

           Step           Time
            819      819.00000

   Energies (kJ/mol)
           Bond       G96Angle        LJ (SR)   Coulomb (SR)      Potential
    3.10735e+05    8.80887e+04   -5.63994e+06   -1.66101e+06   -6.90212e+06
 Pressure (bar)
    0.00000e+00

           Step           Time
            820      820.00000

   Energies (kJ/mol)
           Bond       G96Angle        LJ (SR)   Coulomb (SR)      Potential
    3.10830e+05    8.80499e+04   -5.64058e+06   -1.66124e+06   -6.90293e+06
 Pressure (bar)
    0.00000e+00

           Step           Time
            821      821.00000

           Step           Time
            822      822.00000

   Energies (kJ/mol)
           Bond       G96Angle        LJ (SR)   Coulomb (SR)      Potential
    3.10714e+05    8.80176e+04   -5.64107e+06   -1.66135e+06   -6.90369e+06
 Pressure (bar)
    0.00000e+00

           Step           Time
            823      823.00000

           Step           Time
            824      824.00000

   Energies (kJ/mol)
           Bond       G96Angle        LJ (SR)   Coulomb (SR)      Potential
    3.10389e+05    8.79631e+04   -5.64119e+06   -1.66129e+06   -6.90412e+06
 Pressure (bar)
    0.00000e+00

           Step           Time
            825      825.00000

   Energies (kJ/mol)
           Bond       G96Angle        LJ (SR)   Coulomb (SR)      Potential
    3.10334e+05    8.79172e+04   -5.64146e+06   -1.66146e+06   -6.90466e+06
 Pressure (bar)
    0.00000e+00

           Step           Time
            826      826.00000

   Energies (kJ/mol)
           Bond       G96Angle        LJ (SR)   Coulomb (SR)      Potential
    3.10198e+05    8.78701e+04   -5.64168e+06   -1.66155e+06   -6.90516e+06
 Pressure (bar)
    0.00000e+00

           Step           Time
            827      827.00000

   Energies (kJ/mol)
           Bond       G96Angle        LJ (SR)   Coulomb (SR)      Potential
    3.10148e+05    8.78189e+04   -5.64193e+06   -1.66167e+06   -6.90563e+06
 Pressure (bar)
    0.00000e+00

           Step           Time
            828      828.00000

   Energies (kJ/mol)
           Bond       G96Angle        LJ (SR)   Coulomb (SR)      Potential
    3.10059e+05    8.77746e+04   -5.64224e+06   -1.66176e+06   -6.90617e+06
 Pressure (bar)
    0.00000e+00

           Step           Time
            829      829.00000

   Energies (kJ/mol)
           Bond       G96Angle        LJ (SR)   Coulomb (SR)      Potential
    3.10023e+05    8.77213e+04   -5.64236e+06   -1.66183e+06   -6.90644e+06
 Pressure (bar)
    0.00000e+00

           Step           Time
            830      830.00000

   Energies (kJ/mol)
           Bond       G96Angle        LJ (SR)   Coulomb (SR)      Potential
    3.10008e+05    8.76748e+04   -5.64270e+06   -1.66191e+06   -6.90693e+06
 Pressure (bar)
    0.00000e+00

           Step           Time
            831      831.00000

   Energies (kJ/mol)
           Bond       G96Angle        LJ (SR)   Coulomb (SR)      Potential
    3.10043e+05    8.76222e+04   -5.64260e+06   -1.66202e+06   -6.90695e+06
 Pressure (bar)
    0.00000e+00

           Step           Time
            832      832.00000

   Energies (kJ/mol)
           Bond       G96Angle        LJ (SR)   Coulomb (SR)      Potential
    3.10220e+05    8.75738e+04   -5.64286e+06   -1.66212e+06   -6.90719e+06
 Pressure (bar)
    0.00000e+00

           Step           Time
            833      833.00000

           Step           Time
            834      834.00000

   Energies (kJ/mol)
           Bond       G96Angle        LJ (SR)   Coulomb (SR)      Potential
    3.10220e+05    8.75476e+04   -5.64430e+06   -1.66233e+06   -6.90886e+06
 Pressure (bar)
    0.00000e+00

           Step           Time
            835      835.00000

           Step           Time
            836      836.00000

   Energies (kJ/mol)
           Bond       G96Angle        LJ (SR)   Coulomb (SR)      Potential
    3.09271e+05    8.74733e+04   -5.64393e+06   -1.66217e+06   -6.90935e+06
 Pressure (bar)
    0.00000e+00

           Step           Time
            837      837.00000

   Energies (kJ/mol)
           Bond       G96Angle        LJ (SR)   Coulomb (SR)      Potential
    3.09432e+05    8.74289e+04   -5.64454e+06   -1.66242e+06   -6.91011e+06
 Pressure (bar)
    0.00000e+00

           Step           Time
            838      838.00000

   Energies (kJ/mol)
           Bond       G96Angle        LJ (SR)   Coulomb (SR)      Potential
    3.09194e+05    8.73645e+04   -5.64443e+06   -1.66252e+06   -6.91039e+06
 Pressure (bar)
    0.00000e+00

           Step           Time
            839      839.00000

   Energies (kJ/mol)
           Bond       G96Angle        LJ (SR)   Coulomb (SR)      Potential
    3.09338e+05    8.73280e+04   -5.64508e+06   -1.66273e+06   -6.91115e+06
 Pressure (bar)
    0.00000e+00

           Step           Time
            840      840.00000

           Step           Time
            841      841.00000

   Energies (kJ/mol)
           Bond       G96Angle        LJ (SR)   Coulomb (SR)      Potential
    3.09183e+05    8.72956e+04   -5.64542e+06   -1.66284e+06   -6.91178e+06
 Pressure (bar)
    0.00000e+00

           Step           Time
            842      842.00000

           Step           Time
            843      843.00000

   Energies (kJ/mol)
           Bond       G96Angle        LJ (SR)   Coulomb (SR)      Potential
    3.08966e+05    8.72424e+04   -5.64554e+06   -1.66282e+06   -6.91215e+06
 Pressure (bar)
    0.00000e+00

           Step           Time
            844      844.00000

   Energies (kJ/mol)
           Bond       G96Angle        LJ (SR)   Coulomb (SR)      Potential
    3.08875e+05    8.71932e+04   -5.64584e+06   -1.66295e+06   -6.91272e+06
 Pressure (bar)
    0.00000e+00

           Step           Time
            845      845.00000

   Energies (kJ/mol)
           Bond       G96Angle        LJ (SR)   Coulomb (SR)      Potential
    3.08804e+05    8.71467e+04   -5.64608e+06   -1.66308e+06   -6.91321e+06
 Pressure (bar)
    0.00000e+00

           Step           Time
            846      846.00000

   Energies (kJ/mol)
           Bond       G96Angle        LJ (SR)   Coulomb (SR)      Potential
    3.08725e+05    8.70931e+04   -5.64628e+06   -1.66315e+06   -6.91361e+06
 Pressure (bar)
    0.00000e+00

           Step           Time
            847      847.00000

   Energies (kJ/mol)
           Bond       G96Angle        LJ (SR)   Coulomb (SR)      Potential
    3.08713e+05    8.70524e+04   -5.64663e+06   -1.66328e+06   -6.91415e+06
 Pressure (bar)
    0.00000e+00

           Step           Time
            848      848.00000

   Energies (kJ/mol)
           Bond       G96Angle        LJ (SR)   Coulomb (SR)      Potential
    3.08653e+05    8.69989e+04   -5.64671e+06   -1.66336e+06   -6.91441e+06
 Pressure (bar)
    0.00000e+00

           Step           Time
            849      849.00000

   Energies (kJ/mol)
           Bond       G96Angle        LJ (SR)   Coulomb (SR)      Potential
    3.08715e+05    8.69557e+04   -5.64705e+06   -1.66347e+06   -6.91486e+06
 Pressure (bar)
    0.00000e+00

           Step           Time
            850      850.00000

   Energies (kJ/mol)
           Bond       G96Angle        LJ (SR)   Coulomb (SR)      Potential
    3.08651e+05    8.69025e+04   -5.64694e+06   -1.66353e+06   -6.91491e+06
 Pressure (bar)
    0.00000e+00

           Step           Time
            851      851.00000

   Energies (kJ/mol)
           Bond       G96Angle        LJ (SR)   Coulomb (SR)      Potential
    3.08882e+05    8.68580e+04   -5.64731e+06   -1.66367e+06   -6.91523e+06
 Pressure (bar)
    0.00000e+00

           Step           Time
            852      852.00000

           Step           Time
            853      853.00000

   Energies (kJ/mol)
           Bond       G96Angle        LJ (SR)   Coulomb (SR)      Potential
    3.08831e+05    8.68289e+04   -5.64862e+06   -1.66384e+06   -6.91680e+06
 Pressure (bar)
    0.00000e+00

           Step           Time
            854      854.00000

           Step           Time
            855      855.00000

   Energies (kJ/mol)
           Bond       G96Angle        LJ (SR)   Coulomb (SR)      Potential
    3.08008e+05    8.67599e+04   -5.64819e+06   -1.66372e+06   -6.91714e+06
 Pressure (bar)
    0.00000e+00

           Step           Time
            856      856.00000

   Energies (kJ/mol)
           Bond       G96Angle        LJ (SR)   Coulomb (SR)      Potential
    3.08119e+05    8.67149e+04   -5.64874e+06   -1.66393e+06   -6.91784e+06
 Pressure (bar)
    0.00000e+00

           Step           Time
            857      857.00000

   Energies (kJ/mol)
           Bond       G96Angle        LJ (SR)   Coulomb (SR)      Potential
    3.08011e+05    8.66665e+04   -5.64886e+06   -1.66409e+06   -6.91828e+06
 Pressure (bar)
    0.00000e+00

           Step           Time
            858      858.00000

   Energies (kJ/mol)
           Bond       G96Angle        LJ (SR)   Coulomb (SR)      Potential
    3.07986e+05    8.66137e+04   -5.64893e+06   -1.66411e+06   -6.91844e+06
 Pressure (bar)
    0.00000e+00

           Step           Time
            859      859.00000

   Energies (kJ/mol)
           Bond       G96Angle        LJ (SR)   Coulomb (SR)      Potential
    3.08083e+05    8.65687e+04   -5.64928e+06   -1.66429e+06   -6.91892e+06
 Pressure (bar)
    0.00000e+00

           Step           Time
            860      860.00000

           Step           Time
            861      861.00000

   Energies (kJ/mol)
           Bond       G96Angle        LJ (SR)   Coulomb (SR)      Potential
    3.08027e+05    8.65414e+04   -5.65021e+06   -1.66442e+06   -6.92006e+06
 Pressure (bar)
    0.00000e+00

           Step           Time
            862      862.00000

           Step           Time
            863      863.00000

   Energies (kJ/mol)
           Bond       G96Angle        LJ (SR)   Coulomb (SR)      Potential
    3.07496e+05    8.64755e+04   -5.65008e+06   -1.66433e+06   -6.92043e+06
 Pressure (bar)
    0.00000e+00

           Step           Time
            864      864.00000

   Energies (kJ/mol)
           Bond       G96Angle        LJ (SR)   Coulomb (SR)      Potential
    3.07509e+05    8.64237e+04   -5.65044e+06   -1.66446e+06   -6.92097e+06
 Pressure (bar)
    0.00000e+00

           Step           Time
            865      865.00000

   Energies (kJ/mol)
           Bond       G96Angle        LJ (SR)   Coulomb (SR)      Potential
    3.07466e+05    8.63836e+04   -5.65076e+06   -1.66469e+06   -6.92160e+06
 Pressure (bar)
    0.00000e+00

           Step           Time
            866      866.00000

   Energies (kJ/mol)
           Bond       G96Angle        LJ (SR)   Coulomb (SR)      Potential
    3.07349e+05    8.63277e+04   -5.65076e+06   -1.66468e+06   -6.92176e+06
 Pressure (bar)
    0.00000e+00

           Step           Time
            867      867.00000

   Energies (kJ/mol)
           Bond       G96Angle        LJ (SR)   Coulomb (SR)      Potential
    3.07386e+05    8.62899e+04   -5.65128e+06   -1.66487e+06   -6.92247e+06
 Pressure (bar)
    0.00000e+00

           Step           Time
            868      868.00000

           Step           Time
            869      869.00000

   Energies (kJ/mol)
           Bond       G96Angle        LJ (SR)   Coulomb (SR)      Potential
    3.07290e+05    8.62611e+04   -5.65166e+06   -1.66500e+06   -6.92310e+06
 Pressure (bar)
    0.00000e+00

           Step           Time
            870      870.00000

           Step           Time
            871      871.00000

   Energies (kJ/mol)
           Bond       G96Angle        LJ (SR)   Coulomb (SR)      Potential
    3.06936e+05    8.61869e+04   -5.65174e+06   -1.66473e+06   -6.92335e+06
 Pressure (bar)
    0.00000e+00

           Step           Time
            872      872.00000

   Energies (kJ/mol)
           Bond       G96Angle        LJ (SR)   Coulomb (SR)      Potential
    3.06953e+05    8.61536e+04   -5.65217e+06   -1.66509e+06   -6.92415e+06
 Pressure (bar)
    0.00000e+00

           Step           Time
            873      873.00000

   Energies (kJ/mol)
           Bond       G96Angle        LJ (SR)   Coulomb (SR)      Potential
    3.06854e+05    8.61001e+04   -5.65235e+06   -1.66516e+06   -6.92456e+06
 Pressure (bar)
    0.00000e+00

           Step           Time
            874      874.00000

   Energies (kJ/mol)
           Bond       G96Angle        LJ (SR)   Coulomb (SR)      Potential
    3.06806e+05    8.60592e+04   -5.65266e+06   -1.66531e+06   -6.92511e+06
 Pressure (bar)
    0.00000e+00

           Step           Time
            875      875.00000

   Energies (kJ/mol)
           Bond       G96Angle        LJ (SR)   Coulomb (SR)      Potential
    3.06726e+05    8.60101e+04   -5.65283e+06   -1.66535e+06   -6.92545e+06
 Pressure (bar)
    0.00000e+00

           Step           Time
            876      876.00000

   Energies (kJ/mol)
           Bond       G96Angle        LJ (SR)   Coulomb (SR)      Potential
    3.06714e+05    8.59666e+04   -5.65312e+06   -1.66545e+06   -6.92589e+06
 Pressure (bar)
    0.00000e+00

           Step           Time
            877      877.00000

   Energies (kJ/mol)
           Bond       G96Angle        LJ (SR)   Coulomb (SR)      Potential
    3.06676e+05    8.59171e+04   -5.65321e+06   -1.66554e+06   -6.92615e+06
 Pressure (bar)
    0.00000e+00

           Step           Time
            878      878.00000

   Energies (kJ/mol)
           Bond       G96Angle        LJ (SR)   Coulomb (SR)      Potential
    3.06722e+05    8.58712e+04   -5.65340e+06   -1.66566e+06   -6.92647e+06
 Pressure (bar)
    0.00000e+00

           Step           Time
            879      879.00000

   Energies (kJ/mol)
           Bond       G96Angle        LJ (SR)   Coulomb (SR)      Potential
    3.06776e+05    8.58224e+04   -5.65349e+06   -1.66573e+06   -6.92662e+06
 Pressure (bar)
    0.00000e+00

           Step           Time
            880      880.00000

   Energies (kJ/mol)
           Bond       G96Angle        LJ (SR)   Coulomb (SR)      Potential
    3.06909e+05    8.57765e+04   -5.65359e+06   -1.66578e+06   -6.92668e+06
 Pressure (bar)
    0.00000e+00

           Step           Time
            881      881.00000

           Step           Time
            882      882.00000

   Energies (kJ/mol)
           Bond       G96Angle        LJ (SR)   Coulomb (SR)      Potential
    3.06924e+05    8.57502e+04   -5.65506e+06   -1.66600e+06   -6.92838e+06
 Pressure (bar)
    0.00000e+00

           Step           Time
            883      883.00000

           Step           Time
            884      884.00000

   Energies (kJ/mol)
           Bond       G96Angle        LJ (SR)   Coulomb (SR)      Potential
    3.06042e+05    8.56827e+04   -5.65471e+06   -1.66586e+06   -6.92884e+06
 Pressure (bar)
    0.00000e+00

           Step           Time
            885      885.00000

   Energies (kJ/mol)
           Bond       G96Angle        LJ (SR)   Coulomb (SR)      Potential
    3.06187e+05    8.56222e+04   -5.65514e+06   -1.66587e+06   -6.92921e+06
 Pressure (bar)
    0.00000e+00

           Step           Time
            886      886.00000

   Energies (kJ/mol)
           Bond       G96Angle        LJ (SR)   Coulomb (SR)      Potential
    3.06047e+05    8.55719e+04   -5.65526e+06   -1.66617e+06   -6.92981e+06
 Pressure (bar)
    0.00000e+00

           Step           Time
            887      887.00000

   Energies (kJ/mol)
           Bond       G96Angle        LJ (SR)   Coulomb (SR)      Potential
    3.06145e+05    8.55274e+04   -5.65546e+06   -1.66634e+06   -6.93013e+06
 Pressure (bar)
    0.00000e+00

           Step           Time
            888      888.00000

   Energies (kJ/mol)
           Bond       G96Angle        LJ (SR)   Coulomb (SR)      Potential
    3.06120e+05    8.54804e+04   -5.65562e+06   -1.66638e+06   -6.93040e+06
 Pressure (bar)
    0.00000e+00

           Step           Time
            889      889.00000

           Step           Time
            890      890.00000

   Energies (kJ/mol)
           Bond       G96Angle        LJ (SR)   Coulomb (SR)      Potential
    3.06110e+05    8.54560e+04   -5.65663e+06   -1.66655e+06   -6.93161e+06
 Pressure (bar)
    0.00000e+00

           Step           Time
            891      891.00000

           Step           Time
            892      892.00000

   Energies (kJ/mol)
           Bond       G96Angle        LJ (SR)   Coulomb (SR)      Potential
    3.05553e+05    8.53902e+04   -5.65643e+06   -1.66642e+06   -6.93190e+06
 Pressure (bar)
    0.00000e+00

           Step           Time
            893      893.00000

   Energies (kJ/mol)
           Bond       G96Angle        LJ (SR)   Coulomb (SR)      Potential
    3.05608e+05    8.53346e+04   -5.65683e+06   -1.66649e+06   -6.93237e+06
 Pressure (bar)
    0.00000e+00

           Step           Time
            894      894.00000

   Energies (kJ/mol)
           Bond       G96Angle        LJ (SR)   Coulomb (SR)      Potential
    3.05522e+05    8.52975e+04   -5.65712e+06   -1.66676e+06   -6.93306e+06
 Pressure (bar)
    0.00000e+00

           Step           Time
            895      895.00000

   Energies (kJ/mol)
           Bond       G96Angle        LJ (SR)   Coulomb (SR)      Potential
    3.05434e+05    8.52396e+04   -5.65713e+06   -1.66680e+06   -6.93326e+06
 Pressure (bar)
    0.00000e+00

           Step           Time
            896      896.00000

   Energies (kJ/mol)
           Bond       G96Angle        LJ (SR)   Coulomb (SR)      Potential
    3.05452e+05    8.52038e+04   -5.65768e+06   -1.66697e+06   -6.93399e+06
 Pressure (bar)
    0.00000e+00

           Step           Time
            897      897.00000

           Step           Time
            898      898.00000

   Energies (kJ/mol)
           Bond       G96Angle        LJ (SR)   Coulomb (SR)      Potential
    3.05358e+05    8.51754e+04   -5.65804e+06   -1.66707e+06   -6.93458e+06
 Pressure (bar)
    0.00000e+00

           Step           Time
            899      899.00000

           Step           Time
            900      900.00000

   Energies (kJ/mol)
           Bond       G96Angle        LJ (SR)   Coulomb (SR)      Potential
    3.05065e+05    8.51144e+04   -5.65808e+06   -1.66690e+06   -6.93481e+06
 Pressure (bar)
    0.00000e+00

           Step           Time
            901      901.00000

   Energies (kJ/mol)
           Bond       G96Angle        LJ (SR)   Coulomb (SR)      Potential
    3.05054e+05    8.50786e+04   -5.65846e+06   -1.66717e+06   -6.93550e+06
 Pressure (bar)
    0.00000e+00

           Step           Time
            902      902.00000

   Energies (kJ/mol)
           Bond       G96Angle        LJ (SR)   Coulomb (SR)      Potential
    3.04957e+05    8.50281e+04   -5.65861e+06   -1.66722e+06   -6.93585e+06
 Pressure (bar)
    0.00000e+00

           Step           Time
            903      903.00000

   Energies (kJ/mol)
           Bond       G96Angle        LJ (SR)   Coulomb (SR)      Potential
    3.04937e+05    8.49881e+04   -5.65885e+06   -1.66738e+06   -6.93630e+06
 Pressure (bar)
    0.00000e+00

           Step           Time
            904      904.00000

   Energies (kJ/mol)
           Bond       G96Angle        LJ (SR)   Coulomb (SR)      Potential
    3.04850e+05    8.49406e+04   -5.65905e+06   -1.66738e+06   -6.93665e+06
 Pressure (bar)
    0.00000e+00

           Step           Time
            905      905.00000

   Energies (kJ/mol)
           Bond       G96Angle        LJ (SR)   Coulomb (SR)      Potential
    3.04844e+05    8.48976e+04   -5.65931e+06   -1.66749e+06   -6.93705e+06
 Pressure (bar)
    0.00000e+00

           Step           Time
            906      906.00000

   Energies (kJ/mol)
           Bond       G96Angle        LJ (SR)   Coulomb (SR)      Potential
    3.04813e+05    8.48519e+04   -5.65939e+06   -1.66757e+06   -6.93729e+06
 Pressure (bar)
    0.00000e+00

           Step           Time
            907      907.00000

   Energies (kJ/mol)
           Bond       G96Angle        LJ (SR)   Coulomb (SR)      Potential
    3.04843e+05    8.48067e+04   -5.65962e+06   -1.66762e+06   -6.93760e+06
 Pressure (bar)
    0.00000e+00

           Step           Time
            908      908.00000

   Energies (kJ/mol)
           Bond       G96Angle        LJ (SR)   Coulomb (SR)      Potential
    3.04906e+05    8.47600e+04   -5.65964e+06   -1.66773e+06   -6.93770e+06
 Pressure (bar)
    0.00000e+00

           Step           Time
            909      909.00000

           Step           Time
            910      910.00000

   Energies (kJ/mol)
           Bond       G96Angle        LJ (SR)   Coulomb (SR)      Potential
    3.04917e+05    8.47364e+04   -5.66082e+06   -1.66790e+06   -6.93907e+06
 Pressure (bar)
    0.00000e+00

           Step           Time
            911      911.00000

           Step           Time
            912      912.00000

   Energies (kJ/mol)
           Bond       G96Angle        LJ (SR)   Coulomb (SR)      Potential
    3.04301e+05    8.46713e+04   -5.66062e+06   -1.66775e+06   -6.93940e+06
 Pressure (bar)
    0.00000e+00

           Step           Time
            913      913.00000

   Energies (kJ/mol)
           Bond       G96Angle        LJ (SR)   Coulomb (SR)      Potential
    3.04369e+05    8.45993e+04   -5.66094e+06   -1.66756e+06   -6.93953e+06
 Pressure (bar)
    0.00000e+00

           Step           Time
            914      914.00000

   Energies (kJ/mol)
           Bond       G96Angle        LJ (SR)   Coulomb (SR)      Potential
    3.04286e+05    8.45653e+04   -5.66150e+06   -1.66796e+06   -6.94062e+06
 Pressure (bar)
    0.00000e+00

           Step           Time
            915      915.00000

           Step           Time
            916      916.00000

   Energies (kJ/mol)
           Bond       G96Angle        LJ (SR)   Coulomb (SR)      Potential
    3.04146e+05    8.45248e+04   -5.66168e+06   -1.66817e+06   -6.94119e+06
 Pressure (bar)
    0.00000e+00

           Step           Time
            917      917.00000

   Energies (kJ/mol)
           Bond       G96Angle        LJ (SR)   Coulomb (SR)      Potential
    3.04013e+05    8.44699e+04   -5.66175e+06   -1.66815e+06   -6.94141e+06
 Pressure (bar)
    0.00000e+00

           Step           Time
            918      918.00000

   Energies (kJ/mol)
           Bond       G96Angle        LJ (SR)   Coulomb (SR)      Potential
    3.04021e+05    8.44348e+04   -5.66213e+06   -1.66837e+06   -6.94205e+06
 Pressure (bar)
    0.00000e+00

           Step           Time
            919      919.00000

   Energies (kJ/mol)
           Bond       G96Angle        LJ (SR)   Coulomb (SR)      Potential
    3.03900e+05    8.43810e+04   -5.66216e+06   -1.66835e+06   -6.94222e+06
 Pressure (bar)
    0.00000e+00

           Step           Time
            920      920.00000

   Energies (kJ/mol)
           Bond       G96Angle        LJ (SR)   Coulomb (SR)      Potential
    3.03977e+05    8.43454e+04   -5.66253e+06   -1.66855e+06   -6.94276e+06
 Pressure (bar)
    0.00000e+00

           Step           Time
            921      921.00000

   Energies (kJ/mol)
           Bond       G96Angle        LJ (SR)   Coulomb (SR)      Potential
    3.03874e+05    8.42924e+04   -5.66242e+06   -1.66854e+06   -6.94279e+06
 Pressure (bar)
    0.00000e+00

           Step           Time
            922      922.00000

   Energies (kJ/mol)
           Bond       G96Angle        LJ (SR)   Coulomb (SR)      Potential
    3.04040e+05    8.42530e+04   -5.66287e+06   -1.66867e+06   -6.94325e+06
 Pressure (bar)
    0.00000e+00

           Step           Time
            923      923.00000

           Step           Time
            924      924.00000

   Energies (kJ/mol)
           Bond       G96Angle        LJ (SR)   Coulomb (SR)      Potential
    3.03970e+05    8.42263e+04   -5.66369e+06   -1.66882e+06   -6.94431e+06
 Pressure (bar)
    0.00000e+00

           Step           Time
            925      925.00000

           Step           Time
            926      926.00000

   Energies (kJ/mol)
           Bond       G96Angle        LJ (SR)   Coulomb (SR)      Potential
    3.03410e+05    8.41640e+04   -5.66349e+06   -1.66868e+06   -6.94460e+06
 Pressure (bar)
    0.00000e+00

           Step           Time
            927      927.00000

   Energies (kJ/mol)
           Bond       G96Angle        LJ (SR)   Coulomb (SR)      Potential
    3.03451e+05    8.41242e+04   -5.66390e+06   -1.66891e+06   -6.94523e+06
 Pressure (bar)
    0.00000e+00

           Step           Time
            928      928.00000

   Energies (kJ/mol)
           Bond       G96Angle        LJ (SR)   Coulomb (SR)      Potential
    3.03370e+05    8.40803e+04   -5.66410e+06   -1.66899e+06   -6.94564e+06
 Pressure (bar)
    0.00000e+00

           Step           Time
            929      929.00000

   Energies (kJ/mol)
           Bond       G96Angle        LJ (SR)   Coulomb (SR)      Potential
    3.03358e+05    8.40376e+04   -5.66430e+06   -1.66907e+06   -6.94598e+06
 Pressure (bar)
    0.00000e+00

           Step           Time
            930      930.00000

   Energies (kJ/mol)
           Bond       G96Angle        LJ (SR)   Coulomb (SR)      Potential
    3.03319e+05    8.39928e+04   -5.66450e+06   -1.66917e+06   -6.94636e+06
 Pressure (bar)
    0.00000e+00

           Step           Time
            931      931.00000

   Energies (kJ/mol)
           Bond       G96Angle        LJ (SR)   Coulomb (SR)      Potential
    3.03321e+05    8.39460e+04   -5.66453e+06   -1.66921e+06   -6.94647e+06
 Pressure (bar)
    0.00000e+00

           Step           Time
            932      932.00000

   Energies (kJ/mol)
           Bond       G96Angle        LJ (SR)   Coulomb (SR)      Potential
    3.03447e+05    8.39041e+04   -5.66473e+06   -1.66932e+06   -6.94670e+06
 Pressure (bar)
    0.00000e+00

           Step           Time
            933      933.00000

           Step           Time
            934      934.00000

   Energies (kJ/mol)
           Bond       G96Angle        LJ (SR)   Coulomb (SR)      Potential
    3.03403e+05    8.38790e+04   -5.66572e+06   -1.66947e+06   -6.94790e+06
 Pressure (bar)
    0.00000e+00

           Step           Time
            935      935.00000

           Step           Time
            936      936.00000

   Energies (kJ/mol)
           Bond       G96Angle        LJ (SR)   Coulomb (SR)      Potential
    3.02870e+05    8.38189e+04   -5.66557e+06   -1.66933e+06   -6.94821e+06
 Pressure (bar)
    0.00000e+00

           Step           Time
            937      937.00000

   Energies (kJ/mol)
           Bond       G96Angle        LJ (SR)   Coulomb (SR)      Potential
    3.02886e+05    8.37603e+04   -5.66573e+06   -1.66935e+06   -6.94844e+06
 Pressure (bar)
    0.00000e+00

           Step           Time
            938      938.00000

   Energies (kJ/mol)
           Bond       G96Angle        LJ (SR)   Coulomb (SR)      Potential
    3.02884e+05    8.37253e+04   -5.66622e+06   -1.66961e+06   -6.94922e+06
 Pressure (bar)
    0.00000e+00

           Step           Time
            939      939.00000

   Energies (kJ/mol)
           Bond       G96Angle        LJ (SR)   Coulomb (SR)      Potential
    3.02751e+05    8.36750e+04   -5.66609e+06   -1.66968e+06   -6.94934e+06
 Pressure (bar)
    0.00000e+00

           Step           Time
            940      940.00000

   Energies (kJ/mol)
           Bond       G96Angle        LJ (SR)   Coulomb (SR)      Potential
    3.02849e+05    8.36392e+04   -5.66662e+06   -1.66983e+06   -6.94997e+06
 Pressure (bar)
    0.00000e+00

           Step           Time
            941      941.00000

           Step           Time
            942      942.00000

   Energies (kJ/mol)
           Bond       G96Angle        LJ (SR)   Coulomb (SR)      Potential
    3.02757e+05    8.36120e+04   -5.66711e+06   -1.66994e+06   -6.95067e+06
 Pressure (bar)
    0.00000e+00

           Step           Time
            943      943.00000

           Step           Time
            944      944.00000

   Energies (kJ/mol)
           Bond       G96Angle        LJ (SR)   Coulomb (SR)      Potential
    3.02332e+05    8.35428e+04   -5.66701e+06   -1.66966e+06   -6.95080e+06
 Pressure (bar)
    0.00000e+00

           Step           Time
            945      945.00000

   Energies (kJ/mol)
           Bond       G96Angle        LJ (SR)   Coulomb (SR)      Potential
    3.02376e+05    8.35120e+04   -5.66744e+06   -1.67001e+06   -6.95156e+06
 Pressure (bar)
    0.00000e+00

           Step           Time
            946      946.00000

   Energies (kJ/mol)
           Bond       G96Angle        LJ (SR)   Coulomb (SR)      Potential
    3.02290e+05    8.34603e+04   -5.66755e+06   -1.67005e+06   -6.95186e+06
 Pressure (bar)
    0.00000e+00

           Step           Time
            947      947.00000

   Energies (kJ/mol)
           Bond       G96Angle        LJ (SR)   Coulomb (SR)      Potential
    3.02269e+05    8.34244e+04   -5.66790e+06   -1.67017e+06   -6.95237e+06
 Pressure (bar)
    0.00000e+00

           Step           Time
            948      948.00000

   Energies (kJ/mol)
           Bond       G96Angle        LJ (SR)   Coulomb (SR)      Potential
    3.02218e+05    8.33757e+04   -5.66796e+06   -1.67023e+06   -6.95260e+06
 Pressure (bar)
    0.00000e+00

           Step           Time
            949      949.00000

   Energies (kJ/mol)
           Bond       G96Angle        LJ (SR)   Coulomb (SR)      Potential
    3.02228e+05    8.33360e+04   -5.66827e+06   -1.67032e+06   -6.95303e+06
 Pressure (bar)
    0.00000e+00

           Step           Time
            950      950.00000

   Energies (kJ/mol)
           Bond       G96Angle        LJ (SR)   Coulomb (SR)      Potential
    3.02200e+05    8.32891e+04   -5.66826e+06   -1.67033e+06   -6.95310e+06
 Pressure (bar)
    0.00000e+00

           Step           Time
            951      951.00000

   Energies (kJ/mol)
           Bond       G96Angle        LJ (SR)   Coulomb (SR)      Potential
    3.02291e+05    8.32484e+04   -5.66842e+06   -1.67043e+06   -6.95331e+06
 Pressure (bar)
    0.00000e+00

           Step           Time
            952      952.00000

           Step           Time
            953      953.00000

   Energies (kJ/mol)
           Bond       G96Angle        LJ (SR)   Coulomb (SR)      Potential
    3.02294e+05    8.32246e+04   -5.66942e+06   -1.67059e+06   -6.95449e+06
 Pressure (bar)
    0.00000e+00

           Step           Time
            954      954.00000

           Step           Time
            955      955.00000

   Energies (kJ/mol)
           Bond       G96Angle        LJ (SR)   Coulomb (SR)      Potential
    3.01716e+05    8.31633e+04   -5.66926e+06   -1.67045e+06   -6.95483e+06
 Pressure (bar)
    0.00000e+00

           Step           Time
            956      956.00000

   Energies (kJ/mol)
           Bond       G96Angle        LJ (SR)   Coulomb (SR)      Potential
    3.01796e+05    8.31138e+04   -5.66963e+06   -1.67055e+06   -6.95527e+06
 Pressure (bar)
    0.00000e+00

           Step           Time
            957      957.00000

   Energies (kJ/mol)
           Bond       G96Angle        LJ (SR)   Coulomb (SR)      Potential
    3.01720e+05    8.30784e+04   -5.66990e+06   -1.67078e+06   -6.95588e+06
 Pressure (bar)
    0.00000e+00

           Step           Time
            958      958.00000

   Energies (kJ/mol)
           Bond       G96Angle        LJ (SR)   Coulomb (SR)      Potential
    3.01631e+05    8.30223e+04   -5.66982e+06   -1.67076e+06   -6.95593e+06
 Pressure (bar)
    0.00000e+00

           Step           Time
            959      959.00000

   Energies (kJ/mol)
           Bond       G96Angle        LJ (SR)   Coulomb (SR)      Potential
    3.01659e+05    8.29893e+04   -5.67037e+06   -1.67093e+06   -6.95666e+06
 Pressure (bar)
    0.00000e+00

           Step           Time
            960      960.00000

           Step           Time
            961      961.00000

   Energies (kJ/mol)
           Bond       G96Angle        LJ (SR)   Coulomb (SR)      Potential
    3.01583e+05    8.29613e+04   -5.67073e+06   -1.67104e+06   -6.95722e+06
 Pressure (bar)
    0.00000e+00

           Step           Time
            962      962.00000

           Step           Time
            963      963.00000

   Energies (kJ/mol)
           Bond       G96Angle        LJ (SR)   Coulomb (SR)      Potential
    3.01354e+05    8.29104e+04   -5.67078e+06   -1.67089e+06   -6.95741e+06
 Pressure (bar)
    0.00000e+00

           Step           Time
            964      964.00000

   Energies (kJ/mol)
           Bond       G96Angle        LJ (SR)   Coulomb (SR)      Potential
    3.01300e+05    8.28726e+04   -5.67104e+06   -1.67109e+06   -6.95796e+06
 Pressure (bar)
    0.00000e+00

           Step           Time
            965      965.00000

   Energies (kJ/mol)
           Bond       G96Angle        LJ (SR)   Coulomb (SR)      Potential
    3.01236e+05    8.28292e+04   -5.67121e+06   -1.67114e+06   -6.95828e+06
 Pressure (bar)
    0.00000e+00

           Step           Time
            966      966.00000

   Energies (kJ/mol)
           Bond       G96Angle        LJ (SR)   Coulomb (SR)      Potential
    3.01205e+05    8.27894e+04   -5.67145e+06   -1.67122e+06   -6.95867e+06
 Pressure (bar)
    0.00000e+00

           Step           Time
            967      967.00000

   Energies (kJ/mol)
           Bond       G96Angle        LJ (SR)   Coulomb (SR)      Potential
    3.01160e+05    8.27476e+04   -5.67162e+06   -1.67128e+06   -6.95899e+06
 Pressure (bar)
    0.00000e+00

           Step           Time
            968      968.00000

   Energies (kJ/mol)
           Bond       G96Angle        LJ (SR)   Coulomb (SR)      Potential
    3.01149e+05    8.27057e+04   -5.67177e+06   -1.67132e+06   -6.95924e+06
 Pressure (bar)
    0.00000e+00

           Step           Time
            969      969.00000

   Energies (kJ/mol)
           Bond       G96Angle        LJ (SR)   Coulomb (SR)      Potential
    3.01185e+05    8.26624e+04   -5.67192e+06   -1.67141e+06   -6.95948e+06
 Pressure (bar)
    0.00000e+00

           Step           Time
            970      970.00000

   Energies (kJ/mol)
           Bond       G96Angle        LJ (SR)   Coulomb (SR)      Potential
    3.01234e+05    8.26189e+04   -5.67187e+06   -1.67148e+06   -6.95950e+06
 Pressure (bar)
    0.00000e+00

           Step           Time
            971      971.00000

   Energies (kJ/mol)
           Bond       G96Angle        LJ (SR)   Coulomb (SR)      Potential
    3.01404e+05    8.25748e+04   -5.67207e+06   -1.67154e+06   -6.95964e+06
 Pressure (bar)
    0.00000e+00

           Step           Time
            972      972.00000

           Step           Time
            973      973.00000

   Energies (kJ/mol)
           Bond       G96Angle        LJ (SR)   Coulomb (SR)      Potential
    3.01413e+05    8.25524e+04   -5.67335e+06   -1.67173e+06   -6.96112e+06
 Pressure (bar)
    0.00000e+00

           Step           Time
            974      974.00000

           Step           Time
            975      975.00000

   Energies (kJ/mol)
           Bond       G96Angle        LJ (SR)   Coulomb (SR)      Potential
    3.00636e+05    8.24925e+04   -5.67310e+06   -1.67150e+06   -6.96147e+06
 Pressure (bar)
    0.00000e+00

           Step           Time
            976      976.00000

           Step           Time
            977      977.00000

   Energies (kJ/mol)
           Bond       G96Angle        LJ (SR)   Coulomb (SR)      Potential
    3.00698e+05    8.24472e+04   -5.67350e+06   -1.67170e+06   -6.96206e+06
 Pressure (bar)
    0.00000e+00

           Step           Time
            978      978.00000

   Energies (kJ/mol)
           Bond       G96Angle        LJ (SR)   Coulomb (SR)      Potential
    3.00579e+05    8.24122e+04   -5.67367e+06   -1.67188e+06   -6.96257e+06
 Pressure (bar)
    0.00000e+00

           Step           Time
            979      979.00000

   Energies (kJ/mol)
           Bond       G96Angle        LJ (SR)   Coulomb (SR)      Potential
    3.00528e+05    8.23614e+04   -5.67378e+06   -1.67189e+06   -6.96278e+06
 Pressure (bar)
    0.00000e+00

           Step           Time
            980      980.00000

   Energies (kJ/mol)
           Bond       G96Angle        LJ (SR)   Coulomb (SR)      Potential
    3.00490e+05    8.23265e+04   -5.67412e+06   -1.67202e+06   -6.96333e+06
 Pressure (bar)
    0.00000e+00

           Step           Time
            981      981.00000

   Energies (kJ/mol)
           Bond       G96Angle        LJ (SR)   Coulomb (SR)      Potential
    3.00416e+05    8.22798e+04   -5.67408e+06   -1.67200e+06   -6.96339e+06
 Pressure (bar)
    0.00000e+00

           Step           Time
            982      982.00000

   Energies (kJ/mol)
           Bond       G96Angle        LJ (SR)   Coulomb (SR)      Potential
    3.00452e+05    8.22433e+04   -5.67449e+06   -1.67215e+06   -6.96395e+06
 Pressure (bar)
    0.00000e+00

           Step           Time
            983      983.00000

           Step           Time
            984      984.00000

   Energies (kJ/mol)
           Bond       G96Angle        LJ (SR)   Coulomb (SR)      Potential
    3.00399e+05    8.22191e+04   -5.67491e+06   -1.67228e+06   -6.96458e+06
 Pressure (bar)
    0.00000e+00

           Step           Time
            985      985.00000

           Step           Time
            986      986.00000

   Energies (kJ/mol)
           Bond       G96Angle        LJ (SR)   Coulomb (SR)      Potential
    3.00117e+05    8.21575e+04   -5.67490e+06   -1.67212e+06   -6.96474e+06
 Pressure (bar)
    0.00000e+00

           Step           Time
            987      987.00000

   Energies (kJ/mol)
           Bond       G96Angle        LJ (SR)   Coulomb (SR)      Potential
    3.00102e+05    8.21265e+04   -5.67528e+06   -1.67235e+06   -6.96540e+06
 Pressure (bar)
    0.00000e+00

           Step           Time
            988      988.00000

   Energies (kJ/mol)
           Bond       G96Angle        LJ (SR)   Coulomb (SR)      Potential
    3.00022e+05    8.20787e+04   -5.67545e+06   -1.67233e+06   -6.96568e+06
 Pressure (bar)
    0.00000e+00

           Step           Time
            989      989.00000

   Energies (kJ/mol)
           Bond       G96Angle        LJ (SR)   Coulomb (SR)      Potential
    2.99992e+05    8.20442e+04   -5.67572e+06   -1.67246e+06   -6.96615e+06
 Pressure (bar)
    0.00000e+00

           Step           Time
            990      990.00000

   Energies (kJ/mol)
           Bond       G96Angle        LJ (SR)   Coulomb (SR)      Potential
    2.99921e+05    8.19989e+04   -5.67584e+06   -1.67251e+06   -6.96643e+06
 Pressure (bar)
    0.00000e+00

           Step           Time
            991      991.00000

   Energies (kJ/mol)
           Bond       G96Angle        LJ (SR)   Coulomb (SR)      Potential
    2.99910e+05    8.19619e+04   -5.67611e+06   -1.67258e+06   -6.96682e+06
 Pressure (bar)
    0.00000e+00

           Step           Time
            992      992.00000

   Energies (kJ/mol)
           Bond       G96Angle        LJ (SR)   Coulomb (SR)      Potential
    2.99876e+05    8.19170e+04   -5.67620e+06   -1.67263e+06   -6.96704e+06
 Pressure (bar)
    0.00000e+00

           Step           Time
            993      993.00000

   Energies (kJ/mol)
           Bond       G96Angle        LJ (SR)   Coulomb (SR)      Potential
    2.99926e+05    8.18784e+04   -5.67638e+06   -1.67271e+06   -6.96728e+06
 Pressure (bar)
    0.00000e+00

           Step           Time
            994      994.00000

   Energies (kJ/mol)
           Bond       G96Angle        LJ (SR)   Coulomb (SR)      Potential
    2.99956e+05    8.18355e+04   -5.67640e+06   -1.67276e+06   -6.96737e+06
 Pressure (bar)
    0.00000e+00

           Step           Time
            995      995.00000

           Step           Time
            996      996.00000

   Energies (kJ/mol)
           Bond       G96Angle        LJ (SR)   Coulomb (SR)      Potential
    2.99983e+05    8.18143e+04   -5.67738e+06   -1.67293e+06   -6.96851e+06
 Pressure (bar)
    0.00000e+00

           Step           Time
            997      997.00000

           Step           Time
            998      998.00000

   Energies (kJ/mol)
           Bond       G96Angle        LJ (SR)   Coulomb (SR)      Potential
    2.99489e+05    8.17559e+04   -5.67724e+06   -1.67279e+06   -6.96878e+06
 Pressure (bar)
    0.00000e+00

           Step           Time
            999      999.00000

   Energies (kJ/mol)
           Bond       G96Angle        LJ (SR)   Coulomb (SR)      Potential
    2.99470e+05    8.16882e+04   -5.67757e+06   -1.67245e+06   -6.96886e+06
 Pressure (bar)
    0.00000e+00

           Step           Time
           1000     1000.00000

   Energies (kJ/mol)
           Bond       G96Angle        LJ (SR)   Coulomb (SR)      Potential
    2.99447e+05    8.16582e+04   -5.67800e+06   -1.67289e+06   -6.96979e+06
 Pressure (bar)
    0.00000e+00

           Step           Time
           1001     1001.00000

           Step           Time
           1002     1002.00000

   Energies (kJ/mol)
           Bond       G96Angle        LJ (SR)   Coulomb (SR)      Potential
    2.99351e+05    8.16243e+04   -5.67815e+06   -1.67312e+06   -6.97029e+06
 Pressure (bar)
    0.00000e+00

           Step           Time
           1003     1003.00000

   Energies (kJ/mol)
           Bond       G96Angle        LJ (SR)   Coulomb (SR)      Potential
    2.99256e+05    8.15744e+04   -5.67820e+06   -1.67312e+06   -6.97049e+06
 Pressure (bar)
    0.00000e+00

           Step           Time
           1004     1004.00000

   Energies (kJ/mol)
           Bond       G96Angle        LJ (SR)   Coulomb (SR)      Potential
    2.99256e+05    8.15417e+04   -5.67854e+06   -1.67331e+06   -6.97105e+06
 Pressure (bar)
    0.00000e+00

           Step           Time
           1005     1005.00000

   Energies (kJ/mol)
           Bond       G96Angle        LJ (SR)   Coulomb (SR)      Potential
    2.99164e+05    8.14942e+04   -5.67852e+06   -1.67326e+06   -6.97113e+06
 Pressure (bar)
    0.00000e+00

           Step           Time
           1006     1006.00000

   Energies (kJ/mol)
           Bond       G96Angle        LJ (SR)   Coulomb (SR)      Potential
    2.99224e+05    8.14599e+04   -5.67890e+06   -1.67346e+06   -6.97167e+06
 Pressure (bar)
    0.00000e+00

           Step           Time
           1007     1007.00000

           Step           Time
           1008     1008.00000

   Energies (kJ/mol)
           Bond       G96Angle        LJ (SR)   Coulomb (SR)      Potential
    2.99158e+05    8.14357e+04   -5.67929e+06   -1.67355e+06   -6.97224e+06
 Pressure (bar)
    0.00000e+00

           Step           Time
           1009     1009.00000

           Step           Time
           1010     1010.00000

   Energies (kJ/mol)
           Bond       G96Angle        LJ (SR)   Coulomb (SR)      Potential
    2.98878e+05    8.13764e+04   -5.67929e+06   -1.67337e+06   -6.97240e+06
 Pressure (bar)
    0.00000e+00

           Step           Time
           1011     1011.00000

   Energies (kJ/mol)
           Bond       G96Angle        LJ (SR)   Coulomb (SR)      Potential
    2.98871e+05    8.13455e+04   -5.67965e+06   -1.67359e+06   -6.97303e+06
 Pressure (bar)
    0.00000e+00

           Step           Time
           1012     1012.00000

   Energies (kJ/mol)
           Bond       G96Angle        LJ (SR)   Coulomb (SR)      Potential
    2.98788e+05    8.13014e+04   -5.67981e+06   -1.67359e+06   -6.97331e+06
 Pressure (bar)
    0.00000e+00

           Step           Time
           1013     1013.00000

   Energies (kJ/mol)
           Bond       G96Angle        LJ (SR)   Coulomb (SR)      Potential
    2.98769e+05    8.12653e+04   -5.68004e+06   -1.67373e+06   -6.97373e+06
 Pressure (bar)
    0.00000e+00

           Step           Time
           1014     1014.00000

   Energies (kJ/mol)
           Bond       G96Angle        LJ (SR)   Coulomb (SR)      Potential
    2.98722e+05    8.12225e+04   -5.68022e+06   -1.67374e+06   -6.97401e+06
 Pressure (bar)
    0.00000e+00

           Step           Time
           1015     1015.00000

   Energies (kJ/mol)
           Bond       G96Angle        LJ (SR)   Coulomb (SR)      Potential
    2.98694e+05    8.11862e+04   -5.68041e+06   -1.67381e+06   -6.97434e+06
 Pressure (bar)
    0.00000e+00

           Step           Time
           1016     1016.00000

   Energies (kJ/mol)
           Bond       G96Angle        LJ (SR)   Coulomb (SR)      Potential
    2.98681e+05    8.11451e+04   -5.68052e+06   -1.67386e+06   -6.97456e+06
 Pressure (bar)
    0.00000e+00

           Step           Time
           1017     1017.00000

   Energies (kJ/mol)
           Bond       G96Angle        LJ (SR)   Coulomb (SR)      Potential
    2.98687e+05    8.11054e+04   -5.68064e+06   -1.67393e+06   -6.97478e+06
 Pressure (bar)
    0.00000e+00

           Step           Time
           1018     1018.00000

   Energies (kJ/mol)
           Bond       G96Angle        LJ (SR)   Coulomb (SR)      Potential
    2.98776e+05    8.10649e+04   -5.68072e+06   -1.67399e+06   -6.97486e+06
 Pressure (bar)
    0.00000e+00

           Step           Time
           1019     1019.00000

           Step           Time
           1020     1020.00000

   Energies (kJ/mol)
           Bond       G96Angle        LJ (SR)   Coulomb (SR)      Potential
    2.98763e+05    8.10441e+04   -5.68162e+06   -1.67415e+06   -6.97596e+06
 Pressure (bar)
    0.00000e+00

           Step           Time
           1021     1021.00000

           Step           Time
           1022     1022.00000

   Energies (kJ/mol)
           Bond       G96Angle        LJ (SR)   Coulomb (SR)      Potential
    2.98324e+05    8.09894e+04   -5.68153e+06   -1.67404e+06   -6.97626e+06
 Pressure (bar)
    0.00000e+00

           Step           Time
           1023     1023.00000

   Energies (kJ/mol)
           Bond       G96Angle        LJ (SR)   Coulomb (SR)      Potential
    2.98283e+05    8.09316e+04   -5.68181e+06   -1.67382e+06   -6.97641e+06
 Pressure (bar)
    0.00000e+00

           Step           Time
           1024     1024.00000

   Energies (kJ/mol)
           Bond       G96Angle        LJ (SR)   Coulomb (SR)      Potential
    2.98280e+05    8.08996e+04   -5.68219e+06   -1.67419e+06   -6.97720e+06
 Pressure (bar)
    0.00000e+00

           Step           Time
           1025     1025.00000

           Step           Time
           1026     1026.00000

   Energies (kJ/mol)
           Bond       G96Angle        LJ (SR)   Coulomb (SR)      Potential
    2.98209e+05    8.08701e+04   -5.68238e+06   -1.67437e+06   -6.97767e+06
 Pressure (bar)
    0.00000e+00

           Step           Time
           1027     1027.00000

   Energies (kJ/mol)
           Bond       G96Angle        LJ (SR)   Coulomb (SR)      Potential
    2.98046e+05    8.08122e+04   -5.68240e+06   -1.67420e+06   -6.97774e+06
 Pressure (bar)
    0.00000e+00

           Step           Time
           1028     1028.00000

   Energies (kJ/mol)
           Bond       G96Angle        LJ (SR)   Coulomb (SR)      Potential
    2.98072e+05    8.07816e+04   -5.68281e+06   -1.67450e+06   -6.97846e+06
 Pressure (bar)
    0.00000e+00

           Step           Time
           1029     1029.00000

           Step           Time
           1030     1030.00000

   Energies (kJ/mol)
           Bond       G96Angle        LJ (SR)   Coulomb (SR)      Potential
    2.98023e+05    8.07551e+04   -5.68302e+06   -1.67462e+06   -6.97886e+06
 Pressure (bar)
    0.00000e+00

           Step           Time
           1031     1031.00000

           Step           Time
           1032     1032.00000

   Energies (kJ/mol)
           Bond       G96Angle        LJ (SR)   Coulomb (SR)      Potential
    2.97910e+05    8.07203e+04   -5.68316e+06   -1.67457e+06   -6.97910e+06
 Pressure (bar)
    0.00000e+00

           Step           Time
           1033     1033.00000

   Energies (kJ/mol)
           Bond       G96Angle        LJ (SR)   Coulomb (SR)      Potential
    2.97840e+05    8.06786e+04   -5.68338e+06   -1.67456e+06   -6.97942e+06
 Pressure (bar)
    0.00000e+00

           Step           Time
           1034     1034.00000

   Energies (kJ/mol)
           Bond       G96Angle        LJ (SR)   Coulomb (SR)      Potential
    2.97794e+05    8.06434e+04   -5.68359e+06   -1.67471e+06   -6.97986e+06
 Pressure (bar)
    0.00000e+00

           Step           Time
           1035     1035.00000

   Energies (kJ/mol)
           Bond       G96Angle        LJ (SR)   Coulomb (SR)      Potential
    2.97712e+05    8.06014e+04   -5.68379e+06   -1.67469e+06   -6.98017e+06
 Pressure (bar)
    0.00000e+00

           Step           Time
           1036     1036.00000

   Energies (kJ/mol)
           Bond       G96Angle        LJ (SR)   Coulomb (SR)      Potential
    2.97681e+05    8.05672e+04   -5.68402e+06   -1.67480e+06   -6.98057e+06
 Pressure (bar)
    0.00000e+00

           Step           Time
           1037     1037.00000

   Energies (kJ/mol)
           Bond       G96Angle        LJ (SR)   Coulomb (SR)      Potential
    2.97638e+05    8.05242e+04   -5.68414e+06   -1.67482e+06   -6.98080e+06
 Pressure (bar)
    0.00000e+00

           Step           Time
           1038     1038.00000

   Energies (kJ/mol)
           Bond       G96Angle        LJ (SR)   Coulomb (SR)      Potential
    2.97625e+05    8.04907e+04   -5.68439e+06   -1.67494e+06   -6.98121e+06
 Pressure (bar)
    0.00000e+00

           Step           Time
           1039     1039.00000

   Energies (kJ/mol)
           Bond       G96Angle        LJ (SR)   Coulomb (SR)      Potential
    2.97595e+05    8.04472e+04   -5.68446e+06   -1.67495e+06   -6.98137e+06
 Pressure (bar)
    0.00000e+00

           Step           Time
           1040     1040.00000

   Energies (kJ/mol)
           Bond       G96Angle        LJ (SR)   Coulomb (SR)      Potential
    2.97611e+05    8.04125e+04   -5.68471e+06   -1.67504e+06   -6.98172e+06
 Pressure (bar)
    0.00000e+00

           Step           Time
           1041     1041.00000

           Step           Time
           1042     1042.00000

   Energies (kJ/mol)
           Bond       G96Angle        LJ (SR)   Coulomb (SR)      Potential
    2.97590e+05    8.03911e+04   -5.68517e+06   -1.67518e+06   -6.98237e+06
 Pressure (bar)
    0.00000e+00

           Step           Time
           1043     1043.00000

           Step           Time
           1044     1044.00000

   Energies (kJ/mol)
           Bond       G96Angle        LJ (SR)   Coulomb (SR)      Potential
    2.97294e+05    8.03384e+04   -5.68516e+06   -1.67500e+06   -6.98253e+06
 Pressure (bar)
    0.00000e+00

           Step           Time
           1045     1045.00000

   Energies (kJ/mol)
           Bond       G96Angle        LJ (SR)   Coulomb (SR)      Potential
    2.97312e+05    8.03029e+04   -5.68547e+06   -1.67522e+06   -6.98308e+06
 Pressure (bar)
    0.00000e+00

           Step           Time
           1046     1046.00000

   Energies (kJ/mol)
           Bond       G96Angle        LJ (SR)   Coulomb (SR)      Potential
    2.97234e+05    8.02646e+04   -5.68564e+06   -1.67524e+06   -6.98338e+06
 Pressure (bar)
    0.00000e+00

           Step           Time
           1047     1047.00000

   Energies (kJ/mol)
           Bond       G96Angle        LJ (SR)   Coulomb (SR)      Potential
    2.97199e+05    8.02275e+04   -5.68583e+06   -1.67530e+06   -6.98371e+06
 Pressure (bar)
    0.00000e+00

           Step           Time
           1048     1048.00000

   Energies (kJ/mol)
           Bond       G96Angle        LJ (SR)   Coulomb (SR)      Potential
    2.97173e+05    8.01890e+04   -5.68601e+06   -1.67538e+06   -6.98403e+06
 Pressure (bar)
    0.00000e+00

           Step           Time
           1049     1049.00000

   Energies (kJ/mol)
           Bond       G96Angle        LJ (SR)   Coulomb (SR)      Potential
    2.97149e+05    8.01503e+04   -5.68612e+06   -1.67540e+06   -6.98422e+06
 Pressure (bar)
    0.00000e+00

           Step           Time
           1050     1050.00000

   Energies (kJ/mol)
           Bond       G96Angle        LJ (SR)   Coulomb (SR)      Potential
    2.97152e+05    8.01118e+04   -5.68629e+06   -1.67547e+06   -6.98449e+06
 Pressure (bar)
    0.00000e+00

           Step           Time
           1051     1051.00000

   Energies (kJ/mol)
           Bond       G96Angle        LJ (SR)   Coulomb (SR)      Potential
    2.97191e+05    8.00724e+04   -5.68627e+06   -1.67550e+06   -6.98450e+06
 Pressure (bar)
    0.00000e+00

           Step           Time
           1052     1052.00000

   Energies (kJ/mol)
           Bond       G96Angle        LJ (SR)   Coulomb (SR)      Potential
    2.97317e+05    8.00344e+04   -5.68644e+06   -1.67560e+06   -6.98470e+06
 Pressure (bar)
    0.00000e+00

           Step           Time
           1053     1053.00000

           Step           Time
           1054     1054.00000

   Energies (kJ/mol)
           Bond       G96Angle        LJ (SR)   Coulomb (SR)      Potential
    2.97319e+05    8.00134e+04   -5.68745e+06   -1.67575e+06   -6.98587e+06
 Pressure (bar)
    0.00000e+00

           Step           Time
           1055     1055.00000

           Step           Time
           1056     1056.00000

   Energies (kJ/mol)
           Bond       G96Angle        LJ (SR)   Coulomb (SR)      Potential
    2.96796e+05    7.99613e+04   -5.68728e+06   -1.67560e+06   -6.98613e+06
 Pressure (bar)
    0.00000e+00

           Step           Time
           1057     1057.00000

           Step           Time
           1058     1058.00000

   Energies (kJ/mol)
           Bond       G96Angle        LJ (SR)   Coulomb (SR)      Potential
    2.96770e+05    7.99295e+04   -5.68764e+06   -1.67575e+06   -6.98669e+06
 Pressure (bar)
    0.00000e+00

           Step           Time
           1059     1059.00000

   Energies (kJ/mol)
           Bond       G96Angle        LJ (SR)   Coulomb (SR)      Potential
    2.96689e+05    7.98886e+04   -5.68774e+06   -1.67579e+06   -6.98695e+06
 Pressure (bar)
    0.00000e+00

           Step           Time
           1060     1060.00000

   Energies (kJ/mol)
           Bond       G96Angle        LJ (SR)   Coulomb (SR)      Potential
    2.96666e+05    7.98523e+04   -5.68795e+06   -1.67590e+06   -6.98733e+06
 Pressure (bar)
    0.00000e+00

           Step           Time
           1061     1061.00000

   Energies (kJ/mol)
           Bond       G96Angle        LJ (SR)   Coulomb (SR)      Potential
    2.96614e+05    7.98118e+04   -5.68807e+06   -1.67595e+06   -6.98759e+06
 Pressure (bar)
    0.00000e+00

           Step           Time
           1062     1062.00000

   Energies (kJ/mol)
           Bond       G96Angle        LJ (SR)   Coulomb (SR)      Potential
    2.96604e+05    7.97776e+04   -5.68832e+06   -1.67602e+06   -6.98796e+06
 Pressure (bar)
    0.00000e+00

           Step           Time
           1063     1063.00000

   Energies (kJ/mol)
           Bond       G96Angle        LJ (SR)   Coulomb (SR)      Potential
    2.96541e+05    7.97368e+04   -5.68840e+06   -1.67602e+06   -6.98814e+06
 Pressure (bar)
    0.00000e+00

           Step           Time
           1064     1064.00000

   Energies (kJ/mol)
           Bond       G96Angle        LJ (SR)   Coulomb (SR)      Potential
    2.96594e+05    7.97017e+04   -5.68866e+06   -1.67610e+06   -6.98847e+06
 Pressure (bar)
    0.00000e+00

           Step           Time
           1065     1065.00000

           Step           Time
           1066     1066.00000

   Energies (kJ/mol)
           Bond       G96Angle        LJ (SR)   Coulomb (SR)      Potential
    2.96554e+05    7.96815e+04   -5.68915e+06   -1.67626e+06   -6.98917e+06
 Pressure (bar)
    0.00000e+00

           Step           Time
           1067     1067.00000

           Step           Time
           1068     1068.00000

   Energies (kJ/mol)
           Bond       G96Angle        LJ (SR)   Coulomb (SR)      Potential
    2.96252e+05    7.96262e+04   -5.68914e+06   -1.67604e+06   -6.98930e+06
 Pressure (bar)
    0.00000e+00

           Step           Time
           1069     1069.00000

   Energies (kJ/mol)
           Bond       G96Angle        LJ (SR)   Coulomb (SR)      Potential
    2.96237e+05    7.95909e+04   -5.68945e+06   -1.67623e+06   -6.98986e+06
 Pressure (bar)
    0.00000e+00

           Step           Time
           1070     1070.00000

   Energies (kJ/mol)
           Bond       G96Angle        LJ (SR)   Coulomb (SR)      Potential
    2.96184e+05    7.95544e+04   -5.68958e+06   -1.67632e+06   -6.99016e+06
 Pressure (bar)
    0.00000e+00

           Step           Time
           1071     1071.00000

   Energies (kJ/mol)
           Bond       G96Angle        LJ (SR)   Coulomb (SR)      Potential
    2.96139e+05    7.95163e+04   -5.68974e+06   -1.67638e+06   -6.99046e+06
 Pressure (bar)
    0.00000e+00

           Step           Time
           1072     1072.00000

   Energies (kJ/mol)
           Bond       G96Angle        LJ (SR)   Coulomb (SR)      Potential
    2.96132e+05    7.94799e+04   -5.68993e+06   -1.67647e+06   -6.99079e+06
 Pressure (bar)
    0.00000e+00

           Step           Time
           1073     1073.00000

   Energies (kJ/mol)
           Bond       G96Angle        LJ (SR)   Coulomb (SR)      Potential
    2.96103e+05    7.94406e+04   -5.69004e+06   -1.67648e+06   -6.99097e+06
 Pressure (bar)
    0.00000e+00

           Step           Time
           1074     1074.00000

   Energies (kJ/mol)
           Bond       G96Angle        LJ (SR)   Coulomb (SR)      Potential
    2.96123e+05    7.94047e+04   -5.69025e+06   -1.67657e+06   -6.99129e+06
 Pressure (bar)
    0.00000e+00

           Step           Time
           1075     1075.00000

           Step           Time
           1076     1076.00000

   Energies (kJ/mol)
           Bond       G96Angle        LJ (SR)   Coulomb (SR)      Potential
    2.96097e+05    7.93841e+04   -5.69075e+06   -1.67673e+06   -6.99200e+06
 Pressure (bar)
    0.00000e+00

           Step           Time
           1077     1077.00000

           Step           Time
           1078     1078.00000

   Energies (kJ/mol)
           Bond       G96Angle        LJ (SR)   Coulomb (SR)      Potential
    2.95852e+05    7.93321e+04   -5.69077e+06   -1.67653e+06   -6.99212e+06
 Pressure (bar)
    0.00000e+00

           Step           Time
           1079     1079.00000

   Energies (kJ/mol)
           Bond       G96Angle        LJ (SR)   Coulomb (SR)      Potential
    2.95798e+05    7.92911e+04   -5.69104e+06   -1.67665e+06   -6.99260e+06
 Pressure (bar)
    0.00000e+00

           Step           Time
           1080     1080.00000

   Energies (kJ/mol)
           Bond       G96Angle        LJ (SR)   Coulomb (SR)      Potential
    2.95771e+05    7.92583e+04   -5.69124e+06   -1.67682e+06   -6.99303e+06
 Pressure (bar)
    0.00000e+00

           Step           Time
           1081     1081.00000

   Energies (kJ/mol)
           Bond       G96Angle        LJ (SR)   Coulomb (SR)      Potential
    2.95734e+05    7.92154e+04   -5.69133e+06   -1.67684e+06   -6.99322e+06
 Pressure (bar)
    0.00000e+00

           Step           Time
           1082     1082.00000

   Energies (kJ/mol)
           Bond       G96Angle        LJ (SR)   Coulomb (SR)      Potential
    2.95737e+05    7.91835e+04   -5.69158e+06   -1.67695e+06   -6.99362e+06
 Pressure (bar)
    0.00000e+00

           Step           Time
           1083     1083.00000

   Energies (kJ/mol)
           Bond       G96Angle        LJ (SR)   Coulomb (SR)      Potential
    2.95701e+05    7.91418e+04   -5.69151e+06   -1.67697e+06   -6.99363e+06
 Pressure (bar)
    0.00000e+00

           Step           Time
           1084     1084.00000

   Energies (kJ/mol)
           Bond       G96Angle        LJ (SR)   Coulomb (SR)      Potential
    2.95788e+05    7.91082e+04   -5.69183e+06   -1.67709e+06   -6.99403e+06
 Pressure (bar)
    0.00000e+00

           Step           Time
           1085     1085.00000

           Step           Time
           1086     1086.00000

   Energies (kJ/mol)
           Bond       G96Angle        LJ (SR)   Coulomb (SR)      Potential
    2.95736e+05    7.90868e+04   -5.69240e+06   -1.67720e+06   -6.99478e+06
 Pressure (bar)
    0.00000e+00

           Step           Time
           1087     1087.00000

           Step           Time
           1088     1088.00000

   Energies (kJ/mol)
           Bond       G96Angle        LJ (SR)   Coulomb (SR)      Potential
    2.95423e+05    7.90361e+04   -5.69238e+06   -1.67702e+06   -6.99495e+06
 Pressure (bar)
    0.00000e+00

           Step           Time
           1089     1089.00000

   Energies (kJ/mol)
           Bond       G96Angle        LJ (SR)   Coulomb (SR)      Potential
    2.95407e+05    7.90009e+04   -5.69262e+06   -1.67718e+06   -6.99540e+06
 Pressure (bar)
    0.00000e+00

           Step           Time
           1090     1090.00000

   Energies (kJ/mol)
           Bond       G96Angle        LJ (SR)   Coulomb (SR)      Potential
    2.95370e+05    7.89647e+04   -5.69280e+06   -1.67727e+06   -6.99574e+06
 Pressure (bar)
    0.00000e+00

           Step           Time
           1091     1091.00000

   Energies (kJ/mol)
           Bond       G96Angle        LJ (SR)   Coulomb (SR)      Potential
    2.95337e+05    7.89263e+04   -5.69287e+06   -1.67733e+06   -6.99594e+06
 Pressure (bar)
    0.00000e+00

           Step           Time
           1092     1092.00000

   Energies (kJ/mol)
           Bond       G96Angle        LJ (SR)   Coulomb (SR)      Potential
    2.95341e+05    7.88918e+04   -5.69314e+06   -1.67742e+06   -6.99633e+06
 Pressure (bar)
    0.00000e+00

           Step           Time
           1093     1093.00000

   Energies (kJ/mol)
           Bond       G96Angle        LJ (SR)   Coulomb (SR)      Potential
    2.95326e+05    7.88523e+04   -5.69310e+06   -1.67743e+06   -6.99635e+06
 Pressure (bar)
    0.00000e+00

           Step           Time
           1094     1094.00000

   Energies (kJ/mol)
           Bond       G96Angle        LJ (SR)   Coulomb (SR)      Potential
    2.95415e+05    7.88180e+04   -5.69335e+06   -1.67754e+06   -6.99666e+06
 Pressure (bar)
    0.00000e+00

           Step           Time
           1095     1095.00000

           Step           Time
           1096     1096.00000

   Energies (kJ/mol)
           Bond       G96Angle        LJ (SR)   Coulomb (SR)      Potential
    2.95388e+05    7.87976e+04   -5.69403e+06   -1.67770e+06   -6.99755e+06
 Pressure (bar)
    0.00000e+00

           Step           Time
           1097     1097.00000

           Step           Time
           1098     1098.00000

   Energies (kJ/mol)
           Bond       G96Angle        LJ (SR)   Coulomb (SR)      Potential
    2.95002e+05    7.87457e+04   -5.69394e+06   -1.67750e+06   -6.99770e+06
 Pressure (bar)
    0.00000e+00

           Step           Time
           1099     1099.00000

   Energies (kJ/mol)
           Bond       G96Angle        LJ (SR)   Coulomb (SR)      Potential
    2.94989e+05    7.87003e+04   -5.69420e+06   -1.67756e+06   -6.99807e+06
 Pressure (bar)
    0.00000e+00

           Step           Time
           1100     1100.00000

   Energies (kJ/mol)
           Bond       G96Angle        LJ (SR)   Coulomb (SR)      Potential
    2.94971e+05    7.86706e+04   -5.69444e+06   -1.67780e+06   -6.99860e+06
 Pressure (bar)
    0.00000e+00

           Step           Time
           1101     1101.00000

   Energies (kJ/mol)
           Bond       G96Angle        LJ (SR)   Coulomb (SR)      Potential
    2.94920e+05    7.86229e+04   -5.69437e+06   -1.67783e+06   -6.99865e+06
 Pressure (bar)
    0.00000e+00

           Step           Time
           1102     1102.00000

   Energies (kJ/mol)
           Bond       G96Angle        LJ (SR)   Coulomb (SR)      Potential
    2.94973e+05    7.85938e+04   -5.69477e+06   -1.67800e+06   -6.99920e+06
 Pressure (bar)
    0.00000e+00

           Step           Time
           1103     1103.00000

           Step           Time
           1104     1104.00000

   Energies (kJ/mol)
           Bond       G96Angle        LJ (SR)   Coulomb (SR)      Potential
    2.94911e+05    7.85714e+04   -5.69510e+06   -1.67811e+06   -6.99973e+06
 Pressure (bar)
    0.00000e+00

           Step           Time
           1105     1105.00000

           Step           Time
           1106     1106.00000

   Energies (kJ/mol)
           Bond       G96Angle        LJ (SR)   Coulomb (SR)      Potential
    2.94745e+05    7.85281e+04   -5.69514e+06   -1.67800e+06   -6.99987e+06
 Pressure (bar)
    0.00000e+00

           Step           Time
           1107     1107.00000

   Energies (kJ/mol)
           Bond       G96Angle        LJ (SR)   Coulomb (SR)      Potential
    2.94690e+05    7.84964e+04   -5.69537e+06   -1.67815e+06   -7.00034e+06
 Pressure (bar)
    0.00000e+00

           Step           Time
           1108     1108.00000

   Energies (kJ/mol)
           Bond       G96Angle        LJ (SR)   Coulomb (SR)      Potential
    2.94646e+05    7.84578e+04   -5.69548e+06   -1.67817e+06   -7.00055e+06
 Pressure (bar)
    0.00000e+00

           Step           Time
           1109     1109.00000

   Energies (kJ/mol)
           Bond       G96Angle        LJ (SR)   Coulomb (SR)      Potential
    2.94586e+05    7.84235e+04   -5.69570e+06   -1.67826e+06   -7.00095e+06
 Pressure (bar)
    0.00000e+00

           Step           Time
           1110     1110.00000

   Energies (kJ/mol)
           Bond       G96Angle        LJ (SR)   Coulomb (SR)      Potential
    2.94582e+05    7.83864e+04   -5.69582e+06   -1.67834e+06   -7.00118e+06
 Pressure (bar)
    0.00000e+00

           Step           Time
           1111     1111.00000

   Energies (kJ/mol)
           Bond       G96Angle        LJ (SR)   Coulomb (SR)      Potential
    2.94556e+05    7.83521e+04   -5.69603e+06   -1.67835e+06   -7.00147e+06
 Pressure (bar)
    0.00000e+00

           Step           Time
           1112     1112.00000

   Energies (kJ/mol)
           Bond       G96Angle        LJ (SR)   Coulomb (SR)      Potential
    2.94549e+05    7.83144e+04   -5.69612e+06   -1.67842e+06   -7.00167e+06
 Pressure (bar)
    0.00000e+00

           Step           Time
           1113     1113.00000

   Energies (kJ/mol)
           Bond       G96Angle        LJ (SR)   Coulomb (SR)      Potential
    2.94575e+05    7.82778e+04   -5.69621e+06   -1.67846e+06   -7.00181e+06
 Pressure (bar)
    0.00000e+00

           Step           Time
           1114     1114.00000

   Energies (kJ/mol)
           Bond       G96Angle        LJ (SR)   Coulomb (SR)      Potential
    2.94688e+05    7.82418e+04   -5.69628e+06   -1.67856e+06   -7.00191e+06
 Pressure (bar)
    0.00000e+00

           Step           Time
           1115     1115.00000

           Step           Time
           1116     1116.00000

   Energies (kJ/mol)
           Bond       G96Angle        LJ (SR)   Coulomb (SR)      Potential
    2.94681e+05    7.82217e+04   -5.69722e+06   -1.67872e+06   -7.00304e+06
 Pressure (bar)
    0.00000e+00

           Step           Time
           1117     1117.00000

           Step           Time
           1118     1118.00000

   Energies (kJ/mol)
           Bond       G96Angle        LJ (SR)   Coulomb (SR)      Potential
    2.94244e+05    7.81731e+04   -5.69709e+06   -1.67856e+06   -7.00324e+06
 Pressure (bar)
    0.00000e+00

           Step           Time
           1119     1119.00000

   Energies (kJ/mol)
           Bond       G96Angle        LJ (SR)   Coulomb (SR)      Potential
    2.94190e+05    7.81185e+04   -5.69722e+06   -1.67840e+06   -7.00331e+06
 Pressure (bar)
    0.00000e+00

           Step           Time
           1120     1120.00000

   Energies (kJ/mol)
           Bond       G96Angle        LJ (SR)   Coulomb (SR)      Potential
    2.94191e+05    7.80906e+04   -5.69762e+06   -1.67875e+06   -7.00409e+06
 Pressure (bar)
    0.00000e+00

           Step           Time
           1121     1121.00000

           Step           Time
           1122     1122.00000

   Energies (kJ/mol)
           Bond       G96Angle        LJ (SR)   Coulomb (SR)      Potential
    2.94138e+05    7.80646e+04   -5.69776e+06   -1.67893e+06   -7.00449e+06
 Pressure (bar)
    0.00000e+00

           Step           Time
           1123     1123.00000

           Step           Time
           1124     1124.00000

   Energies (kJ/mol)
           Bond       G96Angle        LJ (SR)   Coulomb (SR)      Potential
    2.94045e+05    7.80339e+04   -5.69789e+06   -1.67896e+06   -7.00477e+06
 Pressure (bar)
    0.00000e+00

           Step           Time
           1125     1125.00000

   Energies (kJ/mol)
           Bond       G96Angle        LJ (SR)   Coulomb (SR)      Potential
    2.93951e+05    7.79910e+04   -5.69801e+06   -1.67887e+06   -7.00494e+06
 Pressure (bar)
    0.00000e+00

           Step           Time
           1126     1126.00000

   Energies (kJ/mol)
           Bond       G96Angle        LJ (SR)   Coulomb (SR)      Potential
    2.93913e+05    7.79602e+04   -5.69824e+06   -1.67906e+06   -7.00543e+06
 Pressure (bar)
    0.00000e+00

           Step           Time
           1127     1127.00000

   Energies (kJ/mol)
           Bond       G96Angle        LJ (SR)   Coulomb (SR)      Potential
    2.93884e+05    7.79210e+04   -5.69831e+06   -1.67912e+06   -7.00562e+06
 Pressure (bar)
    0.00000e+00

           Step           Time
           1128     1128.00000

   Energies (kJ/mol)
           Bond       G96Angle        LJ (SR)   Coulomb (SR)      Potential
    2.93870e+05    7.78872e+04   -5.69854e+06   -1.67921e+06   -7.00600e+06
 Pressure (bar)
    0.00000e+00

           Step           Time
           1129     1129.00000

   Energies (kJ/mol)
           Bond       G96Angle        LJ (SR)   Coulomb (SR)      Potential
    2.93825e+05    7.78503e+04   -5.69866e+06   -1.67923e+06   -7.00621e+06
 Pressure (bar)
    0.00000e+00

           Step           Time
           1130     1130.00000

   Energies (kJ/mol)
           Bond       G96Angle        LJ (SR)   Coulomb (SR)      Potential
    2.93827e+05    7.78170e+04   -5.69887e+06   -1.67928e+06   -7.00650e+06
 Pressure (bar)
    0.00000e+00

           Step           Time
           1131     1131.00000

   Energies (kJ/mol)
           Bond       G96Angle        LJ (SR)   Coulomb (SR)      Potential
    2.93823e+05    7.77794e+04   -5.69894e+06   -1.67935e+06   -7.00668e+06
 Pressure (bar)
    0.00000e+00

           Step           Time
           1132     1132.00000

   Energies (kJ/mol)
           Bond       G96Angle        LJ (SR)   Coulomb (SR)      Potential
    2.93875e+05    7.77447e+04   -5.69908e+06   -1.67940e+06   -7.00686e+06
 Pressure (bar)
    0.00000e+00

           Step           Time
           1133     1133.00000

   Energies (kJ/mol)
           Bond       G96Angle        LJ (SR)   Coulomb (SR)      Potential
    2.93945e+05    7.77073e+04   -5.69907e+06   -1.67949e+06   -7.00690e+06
 Pressure (bar)
    0.00000e+00

           Step           Time
           1134     1134.00000

           Step           Time
           1135     1135.00000

   Energies (kJ/mol)
           Bond       G96Angle        LJ (SR)   Coulomb (SR)      Potential
    2.93962e+05    7.76895e+04   -5.70007e+06   -1.67965e+06   -7.00807e+06
 Pressure (bar)
    0.00000e+00

           Step           Time
           1136     1136.00000

           Step           Time
           1137     1137.00000

   Energies (kJ/mol)
           Bond       G96Angle        LJ (SR)   Coulomb (SR)      Potential
    2.93452e+05    7.76390e+04   -5.69993e+06   -1.67941e+06   -7.00824e+06
 Pressure (bar)
    0.00000e+00

           Step           Time
           1138     1138.00000

           Step           Time
           1139     1139.00000

   Energies (kJ/mol)
           Bond       G96Angle        LJ (SR)   Coulomb (SR)      Potential
    2.93462e+05    7.76065e+04   -5.70023e+06   -1.67961e+06   -7.00878e+06
 Pressure (bar)
    0.00000e+00

           Step           Time
           1140     1140.00000

   Energies (kJ/mol)
           Bond       G96Angle        LJ (SR)   Coulomb (SR)      Potential
    2.93406e+05    7.75708e+04   -5.70034e+06   -1.67970e+06   -7.00907e+06
 Pressure (bar)
    0.00000e+00

           Step           Time
           1141     1141.00000

   Energies (kJ/mol)
           Bond       G96Angle        LJ (SR)   Coulomb (SR)      Potential
    2.93366e+05    7.75351e+04   -5.70053e+06   -1.67977e+06   -7.00939e+06
 Pressure (bar)
    0.00000e+00

           Step           Time
           1142     1142.00000

   Energies (kJ/mol)
           Bond       G96Angle        LJ (SR)   Coulomb (SR)      Potential
    2.93305e+05    7.75015e+04   -5.70068e+06   -1.67982e+06   -7.00969e+06
 Pressure (bar)
    0.00000e+00

           Step           Time
           1143     1143.00000

   Energies (kJ/mol)
           Bond       G96Angle        LJ (SR)   Coulomb (SR)      Potential
    2.93277e+05    7.74660e+04   -5.70082e+06   -1.67987e+06   -7.00995e+06
 Pressure (bar)
    0.00000e+00

           Step           Time
           1144     1144.00000

   Energies (kJ/mol)
           Bond       G96Angle        LJ (SR)   Coulomb (SR)      Potential
    2.93260e+05    7.74319e+04   -5.70098e+06   -1.67993e+06   -7.01022e+06
 Pressure (bar)
    0.00000e+00

           Step           Time
           1145     1145.00000

   Energies (kJ/mol)
           Bond       G96Angle        LJ (SR)   Coulomb (SR)      Potential
    2.93247e+05    7.73955e+04   -5.70104e+06   -1.67998e+06   -7.01038e+06
 Pressure (bar)
    0.00000e+00

           Step           Time
           1146     1146.00000

   Energies (kJ/mol)
           Bond       G96Angle        LJ (SR)   Coulomb (SR)      Potential
    2.93274e+05    7.73616e+04   -5.70123e+06   -1.68005e+06   -7.01064e+06
 Pressure (bar)
    0.00000e+00

           Step           Time
           1147     1147.00000

           Step           Time
           1148     1148.00000

   Energies (kJ/mol)
           Bond       G96Angle        LJ (SR)   Coulomb (SR)      Potential
    2.93275e+05    7.73430e+04   -5.70178e+06   -1.68021e+06   -7.01137e+06
 Pressure (bar)
    0.00000e+00

           Step           Time
           1149     1149.00000

           Step           Time
           1150     1150.00000

   Energies (kJ/mol)
           Bond       G96Angle        LJ (SR)   Coulomb (SR)      Potential
    2.92979e+05    7.72931e+04   -5.70173e+06   -1.67998e+06   -7.01143e+06
 Pressure (bar)
    0.00000e+00

           Step           Time
           1151     1151.00000

   Energies (kJ/mol)
           Bond       G96Angle        LJ (SR)   Coulomb (SR)      Potential
    2.92980e+05    7.72554e+04   -5.70201e+06   -1.68011e+06   -7.01188e+06
 Pressure (bar)
    0.00000e+00

           Step           Time
           1152     1152.00000

   Energies (kJ/mol)
           Bond       G96Angle        LJ (SR)   Coulomb (SR)      Potential
    2.92935e+05    7.72242e+04   -5.70217e+06   -1.68027e+06   -7.01228e+06
 Pressure (bar)
    0.00000e+00

           Step           Time
           1153     1153.00000

   Energies (kJ/mol)
           Bond       G96Angle        LJ (SR)   Coulomb (SR)      Potential
    2.92904e+05    7.71838e+04   -5.70222e+06   -1.68026e+06   -7.01240e+06
 Pressure (bar)
    0.00000e+00

           Step           Time
           1154     1154.00000

   Energies (kJ/mol)
           Bond       G96Angle        LJ (SR)   Coulomb (SR)      Potential
    2.92919e+05    7.71539e+04   -5.70245e+06   -1.68042e+06   -7.01280e+06
 Pressure (bar)
    0.00000e+00

           Step           Time
           1155     1155.00000

   Energies (kJ/mol)
           Bond       G96Angle        LJ (SR)   Coulomb (SR)      Potential
    2.92878e+05    7.71160e+04   -5.70249e+06   -1.68036e+06   -7.01285e+06
 Pressure (bar)
    0.00000e+00

           Step           Time
           1156     1156.00000

   Energies (kJ/mol)
           Bond       G96Angle        LJ (SR)   Coulomb (SR)      Potential
    2.92938e+05    7.70837e+04   -5.70267e+06   -1.68049e+06   -7.01314e+06
 Pressure (bar)
    0.00000e+00

           Step           Time
           1157     1157.00000

           Step           Time
           1158     1158.00000

   Energies (kJ/mol)
           Bond       G96Angle        LJ (SR)   Coulomb (SR)      Potential
    2.92935e+05    7.70651e+04   -5.70330e+06   -1.68064e+06   -7.01394e+06
 Pressure (bar)
    0.00000e+00

           Step           Time
           1159     1159.00000

           Step           Time
           1160     1160.00000

   Energies (kJ/mol)
           Bond       G96Angle        LJ (SR)   Coulomb (SR)      Potential
    2.92520e+05    7.70074e+04   -5.70318e+06   -1.68034e+06   -7.01399e+06
 Pressure (bar)
    0.00000e+00

           Step           Time
           1161     1161.00000

   Energies (kJ/mol)
           Bond       G96Angle        LJ (SR)   Coulomb (SR)      Potential
    2.92593e+05    7.69685e+04   -5.70355e+06   -1.68050e+06   -7.01449e+06
 Pressure (bar)
    0.00000e+00

           Step           Time
           1162     1162.00000

   Energies (kJ/mol)
           Bond       G96Angle        LJ (SR)   Coulomb (SR)      Potential
    2.92540e+05    7.69393e+04   -5.70374e+06   -1.68068e+06   -7.01494e+06
 Pressure (bar)
    0.00000e+00

           Step           Time
           1163     1163.00000

   Energies (kJ/mol)
           Bond       G96Angle        LJ (SR)   Coulomb (SR)      Potential
    2.92527e+05    7.68969e+04   -5.70371e+06   -1.68069e+06   -7.01498e+06
 Pressure (bar)
    0.00000e+00

           Step           Time
           1164     1164.00000

   Energies (kJ/mol)
           Bond       G96Angle        LJ (SR)   Coulomb (SR)      Potential
    2.92545e+05    7.68694e+04   -5.70404e+06   -1.68086e+06   -7.01549e+06
 Pressure (bar)
    0.00000e+00

           Step           Time
           1165     1165.00000

           Step           Time
           1166     1166.00000

   Energies (kJ/mol)
           Bond       G96Angle        LJ (SR)   Coulomb (SR)      Potential
    2.92511e+05    7.68476e+04   -5.70436e+06   -1.68096e+06   -7.01596e+06
 Pressure (bar)
    0.00000e+00

           Step           Time
           1167     1167.00000

           Step           Time
           1168     1168.00000

   Energies (kJ/mol)
           Bond       G96Angle        LJ (SR)   Coulomb (SR)      Potential
    2.92347e+05    7.68054e+04   -5.70439e+06   -1.68080e+06   -7.01603e+06
 Pressure (bar)
    0.00000e+00

           Step           Time
           1169     1169.00000

   Energies (kJ/mol)
           Bond       G96Angle        LJ (SR)   Coulomb (SR)      Potential
    2.92299e+05    7.67753e+04   -5.70464e+06   -1.68096e+06   -7.01653e+06
 Pressure (bar)
    0.00000e+00

           Step           Time
           1170     1170.00000

   Energies (kJ/mol)
           Bond       G96Angle        LJ (SR)   Coulomb (SR)      Potential
    2.92246e+05    7.67367e+04   -5.70470e+06   -1.68095e+06   -7.01667e+06
 Pressure (bar)
    0.00000e+00

           Step           Time
           1171     1171.00000

   Energies (kJ/mol)
           Bond       G96Angle        LJ (SR)   Coulomb (SR)      Potential
    2.92242e+05    7.67065e+04   -5.70490e+06   -1.68109e+06   -7.01705e+06
 Pressure (bar)
    0.00000e+00

           Step           Time
           1172     1172.00000

   Energies (kJ/mol)
           Bond       G96Angle        LJ (SR)   Coulomb (SR)      Potential
    2.92187e+05    7.66704e+04   -5.70498e+06   -1.68108e+06   -7.01720e+06
 Pressure (bar)
    0.00000e+00

           Step           Time
           1173     1173.00000

   Energies (kJ/mol)
           Bond       G96Angle        LJ (SR)   Coulomb (SR)      Potential
    2.92208e+05    7.66387e+04   -5.70523e+06   -1.68117e+06   -7.01755e+06
 Pressure (bar)
    0.00000e+00

           Step           Time
           1174     1174.00000

   Energies (kJ/mol)
           Bond       G96Angle        LJ (SR)   Coulomb (SR)      Potential
    2.92148e+05    7.66008e+04   -5.70518e+06   -1.68114e+06   -7.01758e+06
 Pressure (bar)
    0.00000e+00

           Step           Time
           1175     1175.00000

   Energies (kJ/mol)
           Bond       G96Angle        LJ (SR)   Coulomb (SR)      Potential
    2.92226e+05    7.65715e+04   -5.70547e+06   -1.68124e+06   -7.01791e+06
 Pressure (bar)
    0.00000e+00

           Step           Time
           1176     1176.00000

           Step           Time
           1177     1177.00000

   Energies (kJ/mol)
           Bond       G96Angle        LJ (SR)   Coulomb (SR)      Potential
    2.92195e+05    7.65517e+04   -5.70601e+06   -1.68137e+06   -7.01862e+06
 Pressure (bar)
    0.00000e+00

           Step           Time
           1178     1178.00000

           Step           Time
           1179     1179.00000

   Energies (kJ/mol)
           Bond       G96Angle        LJ (SR)   Coulomb (SR)      Potential
    2.91914e+05    7.65057e+04   -5.70594e+06   -1.68119e+06   -7.01871e+06
 Pressure (bar)
    0.00000e+00

           Step           Time
           1180     1180.00000

   Energies (kJ/mol)
           Bond       G96Angle        LJ (SR)   Coulomb (SR)      Potential
    2.91884e+05    7.64711e+04   -5.70620e+06   -1.68132e+06   -7.01917e+06
 Pressure (bar)
    0.00000e+00

           Step           Time
           1181     1181.00000

   Energies (kJ/mol)
           Bond       G96Angle        LJ (SR)   Coulomb (SR)      Potential
    2.91868e+05    7.64406e+04   -5.70635e+06   -1.68144e+06   -7.01949e+06
 Pressure (bar)
    0.00000e+00

           Step           Time
           1182     1182.00000

   Energies (kJ/mol)
           Bond       G96Angle        LJ (SR)   Coulomb (SR)      Potential
    2.91830e+05    7.64034e+04   -5.70645e+06   -1.68147e+06   -7.01969e+06
 Pressure (bar)
    0.00000e+00

           Step           Time
           1183     1183.00000

   Energies (kJ/mol)
           Bond       G96Angle        LJ (SR)   Coulomb (SR)      Potential
    2.91829e+05    7.63731e+04   -5.70665e+06   -1.68153e+06   -7.01998e+06
 Pressure (bar)
    0.00000e+00

           Step           Time
           1184     1184.00000

   Energies (kJ/mol)
           Bond       G96Angle        LJ (SR)   Coulomb (SR)      Potential
    2.91782e+05    7.63355e+04   -5.70665e+06   -1.68151e+06   -7.02004e+06
 Pressure (bar)
    0.00000e+00

           Step           Time
           1185     1185.00000

   Energies (kJ/mol)
           Bond       G96Angle        LJ (SR)   Coulomb (SR)      Potential
    2.91867e+05    7.63050e+04   -5.70683e+06   -1.68160e+06   -7.02026e+06
 Pressure (bar)
    0.00000e+00

           Step           Time
           1186     1186.00000

           Step           Time
           1187     1187.00000

   Energies (kJ/mol)
           Bond       G96Angle        LJ (SR)   Coulomb (SR)      Potential
    2.91832e+05    7.62864e+04   -5.70737e+06   -1.68175e+06   -7.02100e+06
 Pressure (bar)
    0.00000e+00

           Step           Time
           1188     1188.00000

           Step           Time
           1189     1189.00000

   Energies (kJ/mol)
           Bond       G96Angle        LJ (SR)   Coulomb (SR)      Potential
    2.91536e+05    7.62377e+04   -5.70732e+06   -1.68153e+06   -7.02107e+06
 Pressure (bar)
    0.00000e+00

           Step           Time
           1190     1190.00000

   Energies (kJ/mol)
           Bond       G96Angle        LJ (SR)   Coulomb (SR)      Potential
    2.91541e+05    7.61995e+04   -5.70757e+06   -1.68162e+06   -7.02144e+06
 Pressure (bar)
    0.00000e+00

           Step           Time
           1191     1191.00000

   Energies (kJ/mol)
           Bond       G96Angle        LJ (SR)   Coulomb (SR)      Potential
    2.91509e+05    7.61707e+04   -5.70777e+06   -1.68179e+06   -7.02188e+06
 Pressure (bar)
    0.00000e+00

           Step           Time
           1192     1192.00000

   Energies (kJ/mol)
           Bond       G96Angle        LJ (SR)   Coulomb (SR)      Potential
    2.91453e+05    7.61308e+04   -5.70777e+06   -1.68180e+06   -7.02198e+06
 Pressure (bar)
    0.00000e+00

           Step           Time
           1193     1193.00000

   Energies (kJ/mol)
           Bond       G96Angle        LJ (SR)   Coulomb (SR)      Potential
    2.91495e+05    7.61024e+04   -5.70808e+06   -1.68193e+06   -7.02241e+06
 Pressure (bar)
    0.00000e+00

           Step           Time
           1194     1194.00000

           Step           Time
           1195     1195.00000

   Energies (kJ/mol)
           Bond       G96Angle        LJ (SR)   Coulomb (SR)      Potential
    2.91452e+05    7.60827e+04   -5.70843e+06   -1.68202e+06   -7.02292e+06
 Pressure (bar)
    0.00000e+00

           Step           Time
           1196     1196.00000

           Step           Time
           1197     1197.00000

   Energies (kJ/mol)
           Bond       G96Angle        LJ (SR)   Coulomb (SR)      Potential
    2.91293e+05    7.60366e+04   -5.70846e+06   -1.68185e+06   -7.02298e+06
 Pressure (bar)
    0.00000e+00

           Step           Time
           1198     1198.00000

   Energies (kJ/mol)
           Bond       G96Angle        LJ (SR)   Coulomb (SR)      Potential
    2.91264e+05    7.60114e+04   -5.70870e+06   -1.68207e+06   -7.02350e+06
 Pressure (bar)
    0.00000e+00

           Step           Time
           1199     1199.00000

   Energies (kJ/mol)
           Bond       G96Angle        LJ (SR)   Coulomb (SR)      Potential
    2.91172e+05    7.59718e+04   -5.70882e+06   -1.68196e+06   -7.02364e+06
 Pressure (bar)
    0.00000e+00

           Step           Time
           1200     1200.00000

   Energies (kJ/mol)
           Bond       G96Angle        LJ (SR)   Coulomb (SR)      Potential
    2.91173e+05    7.59441e+04   -5.70900e+06   -1.68215e+06   -7.02403e+06
 Pressure (bar)
    0.00000e+00

           Step           Time
           1201     1201.00000

   Energies (kJ/mol)
           Bond       G96Angle        LJ (SR)   Coulomb (SR)      Potential
    2.91124e+05    7.59058e+04   -5.70911e+06   -1.68212e+06   -7.02420e+06
 Pressure (bar)
    0.00000e+00

           Step           Time
           1202     1202.00000

   Energies (kJ/mol)
           Bond       G96Angle        LJ (SR)   Coulomb (SR)      Potential
    2.91125e+05    7.58762e+04   -5.70930e+06   -1.68225e+06   -7.02455e+06
 Pressure (bar)
    0.00000e+00

           Step           Time
           1203     1203.00000

   Energies (kJ/mol)
           Bond       G96Angle        LJ (SR)   Coulomb (SR)      Potential
    2.91120e+05    7.58405e+04   -5.70934e+06   -1.68226e+06   -7.02464e+06
 Pressure (bar)
    0.00000e+00

           Step           Time
           1204     1204.00000

   Energies (kJ/mol)
           Bond       G96Angle        LJ (SR)   Coulomb (SR)      Potential
    2.91150e+05    7.58087e+04   -5.70955e+06   -1.68234e+06   -7.02494e+06
 Pressure (bar)
    0.00000e+00

           Step           Time
           1205     1205.00000

           Step           Time
           1206     1206.00000

   Energies (kJ/mol)
           Bond       G96Angle        LJ (SR)   Coulomb (SR)      Potential
    2.91125e+05    7.57906e+04   -5.71004e+06   -1.68246e+06   -7.02559e+06
 Pressure (bar)
    0.00000e+00

           Step           Time
           1207     1207.00000

           Step           Time
           1208     1208.00000

           Step           Time
           1209     1209.00000

   Energies (kJ/mol)
           Bond       G96Angle        LJ (SR)   Coulomb (SR)      Potential
    2.90952e+05    7.57598e+04   -5.71007e+06   -1.68243e+06   -7.02579e+06
 Pressure (bar)
    0.00000e+00

           Step           Time
           1210     1210.00000

   Energies (kJ/mol)
           Bond       G96Angle        LJ (SR)   Coulomb (SR)      Potential
    2.90885e+05    7.57184e+04   -5.71022e+06   -1.68230e+06   -7.02592e+06
 Pressure (bar)
    0.00000e+00

           Step           Time
           1211     1211.00000

   Energies (kJ/mol)
           Bond       G96Angle        LJ (SR)   Coulomb (SR)      Potential
    2.90805e+05    7.56900e+04   -5.71041e+06   -1.68252e+06   -7.02643e+06
 Pressure (bar)
    0.00000e+00

           Step           Time
           1212     1212.00000

   Energies (kJ/mol)
           Bond       G96Angle        LJ (SR)   Coulomb (SR)      Potential
    2.90788e+05    7.56541e+04   -5.71054e+06   -1.68258e+06   -7.02667e+06
 Pressure (bar)
    0.00000e+00

           Step           Time
           1213     1213.00000

   Energies (kJ/mol)
           Bond       G96Angle        LJ (SR)   Coulomb (SR)      Potential
    2.90732e+05    7.56227e+04   -5.71071e+06   -1.68263e+06   -7.02698e+06
 Pressure (bar)
    0.00000e+00

           Step           Time
           1214     1214.00000

   Energies (kJ/mol)
           Bond       G96Angle        LJ (SR)   Coulomb (SR)      Potential
    2.90713e+05    7.55883e+04   -5.71084e+06   -1.68261e+06   -7.02716e+06
 Pressure (bar)
    0.00000e+00

           Step           Time
           1215     1215.00000

   Energies (kJ/mol)
           Bond       G96Angle        LJ (SR)   Coulomb (SR)      Potential
    2.90678e+05    7.55586e+04   -5.71103e+06   -1.68271e+06   -7.02750e+06
 Pressure (bar)
    0.00000e+00

           Step           Time
           1216     1216.00000

   Energies (kJ/mol)
           Bond       G96Angle        LJ (SR)   Coulomb (SR)      Potential
    2.90667e+05    7.55225e+04   -5.71108e+06   -1.68274e+06   -7.02763e+06
 Pressure (bar)
    0.00000e+00

           Step           Time
           1217     1217.00000

   Energies (kJ/mol)
           Bond       G96Angle        LJ (SR)   Coulomb (SR)      Potential
    2.90665e+05    7.54936e+04   -5.71129e+06   -1.68280e+06   -7.02794e+06
 Pressure (bar)
    0.00000e+00

           Step           Time
           1218     1218.00000

           Step           Time
           1219     1219.00000

   Energies (kJ/mol)
           Bond       G96Angle        LJ (SR)   Coulomb (SR)      Potential
    2.90663e+05    7.54750e+04   -5.71169e+06   -1.68295e+06   -7.02850e+06
 Pressure (bar)
    0.00000e+00

           Step           Time
           1220     1220.00000

           Step           Time
           1221     1221.00000

   Energies (kJ/mol)
           Bond       G96Angle        LJ (SR)   Coulomb (SR)      Potential
    2.90427e+05    7.54275e+04   -5.71168e+06   -1.68269e+06   -7.02852e+06
 Pressure (bar)
    0.00000e+00

           Step           Time
           1222     1222.00000

   Energies (kJ/mol)
           Bond       G96Angle        LJ (SR)   Coulomb (SR)      Potential
    2.90444e+05    7.54005e+04   -5.71194e+06   -1.68296e+06   -7.02905e+06
 Pressure (bar)
    0.00000e+00

           Step           Time
           1223     1223.00000

   Energies (kJ/mol)
           Bond       G96Angle        LJ (SR)   Coulomb (SR)      Potential
    2.90384e+05    7.53640e+04   -5.71204e+06   -1.68295e+06   -7.02924e+06
 Pressure (bar)
    0.00000e+00

           Step           Time
           1224     1224.00000

   Energies (kJ/mol)
           Bond       G96Angle        LJ (SR)   Coulomb (SR)      Potential
    2.90379e+05    7.53355e+04   -5.71225e+06   -1.68306e+06   -7.02959e+06
 Pressure (bar)
    0.00000e+00

           Step           Time
           1225     1225.00000

   Energies (kJ/mol)
           Bond       G96Angle        LJ (SR)   Coulomb (SR)      Potential
    2.90354e+05    7.52994e+04   -5.71231e+06   -1.68306e+06   -7.02972e+06
 Pressure (bar)
    0.00000e+00

           Step           Time
           1226     1226.00000

   Energies (kJ/mol)
           Bond       G96Angle        LJ (SR)   Coulomb (SR)      Potential
    2.90384e+05    7.52709e+04   -5.71249e+06   -1.68316e+06   -7.03000e+06
 Pressure (bar)
    0.00000e+00

           Step           Time
           1227     1227.00000

   Energies (kJ/mol)
           Bond       G96Angle        LJ (SR)   Coulomb (SR)      Potential
    2.90376e+05    7.52370e+04   -5.71252e+06   -1.68321e+06   -7.03012e+06
 Pressure (bar)
    0.00000e+00

           Step           Time
           1228     1228.00000

   Energies (kJ/mol)
           Bond       G96Angle        LJ (SR)   Coulomb (SR)      Potential
    2.90424e+05    7.52049e+04   -5.71264e+06   -1.68324e+06   -7.03025e+06
 Pressure (bar)
    0.00000e+00

           Step           Time
           1229     1229.00000

           Step           Time
           1230     1230.00000

   Energies (kJ/mol)
           Bond       G96Angle        LJ (SR)   Coulomb (SR)      Potential
    2.90398e+05    7.51877e+04   -5.71329e+06   -1.68338e+06   -7.03108e+06
 Pressure (bar)
    0.00000e+00

           Step           Time
           1231     1231.00000

           Step           Time
           1232     1232.00000

   Energies (kJ/mol)
           Bond       G96Angle        LJ (SR)   Coulomb (SR)      Potential
    2.90117e+05    7.51424e+04   -5.71319e+06   -1.68319e+06   -7.03113e+06
 Pressure (bar)
    0.00000e+00

           Step           Time
           1233     1233.00000

   Energies (kJ/mol)
           Bond       G96Angle        LJ (SR)   Coulomb (SR)      Potential
    2.90073e+05    7.51037e+04   -5.71348e+06   -1.68320e+06   -7.03151e+06
 Pressure (bar)
    0.00000e+00

           Step           Time
           1234     1234.00000

   Energies (kJ/mol)
           Bond       G96Angle        LJ (SR)   Coulomb (SR)      Potential
    2.90058e+05    7.50754e+04   -5.71365e+06   -1.68344e+06   -7.03196e+06
 Pressure (bar)
    0.00000e+00

           Step           Time
           1235     1235.00000

   Energies (kJ/mol)
           Bond       G96Angle        LJ (SR)   Coulomb (SR)      Potential
    2.89990e+05    7.50369e+04   -5.71371e+06   -1.68338e+06   -7.03206e+06
 Pressure (bar)
    0.00000e+00

           Step           Time
           1236     1236.00000

   Energies (kJ/mol)
           Bond       G96Angle        LJ (SR)   Coulomb (SR)      Potential
    2.90027e+05    7.50107e+04   -5.71398e+06   -1.68355e+06   -7.03249e+06
 Pressure (bar)
    0.00000e+00

           Step           Time
           1237     1237.00000

           Step           Time
           1238     1238.00000

   Energies (kJ/mol)
           Bond       G96Angle        LJ (SR)   Coulomb (SR)      Potential
    2.89988e+05    7.49913e+04   -5.71421e+06   -1.68366e+06   -7.03289e+06
 Pressure (bar)
    0.00000e+00

           Step           Time
           1239     1239.00000

           Step           Time
           1240     1240.00000

   Energies (kJ/mol)
           Bond       G96Angle        LJ (SR)   Coulomb (SR)      Potential
    2.89850e+05    7.49511e+04   -5.71425e+06   -1.68346e+06   -7.03291e+06
 Pressure (bar)
    0.00000e+00

           Step           Time
           1241     1241.00000

   Energies (kJ/mol)
           Bond       G96Angle        LJ (SR)   Coulomb (SR)      Potential
    2.89819e+05    7.49259e+04   -5.71448e+06   -1.68366e+06   -7.03339e+06
 Pressure (bar)
    0.00000e+00

           Step           Time
           1242     1242.00000

   Energies (kJ/mol)
           Bond       G96Angle        LJ (SR)   Coulomb (SR)      Potential
    2.89782e+05    7.48875e+04   -5.71457e+06   -1.68364e+06   -7.03354e+06
 Pressure (bar)
    0.00000e+00

           Step           Time
           1243     1243.00000

   Energies (kJ/mol)
           Bond       G96Angle        LJ (SR)   Coulomb (SR)      Potential
    2.89761e+05    7.48595e+04   -5.71480e+06   -1.68376e+06   -7.03394e+06
 Pressure (bar)
    0.00000e+00

           Step           Time
           1244     1244.00000

   Energies (kJ/mol)
           Bond       G96Angle        LJ (SR)   Coulomb (SR)      Potential
    2.89719e+05    7.48253e+04   -5.71490e+06   -1.68372e+06   -7.03407e+06
 Pressure (bar)
    0.00000e+00

           Step           Time
           1245     1245.00000

   Energies (kJ/mol)
           Bond       G96Angle        LJ (SR)   Coulomb (SR)      Potential
    2.89683e+05    7.47964e+04   -5.71509e+06   -1.68380e+06   -7.03441e+06
 Pressure (bar)
    0.00000e+00

           Step           Time
           1246     1246.00000

   Energies (kJ/mol)
           Bond       G96Angle        LJ (SR)   Coulomb (SR)      Potential
    2.89689e+05    7.47625e+04   -5.71514e+06   -1.68383e+06   -7.03453e+06
 Pressure (bar)
    0.00000e+00

           Step           Time
           1247     1247.00000

   Energies (kJ/mol)
           Bond       G96Angle        LJ (SR)   Coulomb (SR)      Potential
    2.89693e+05    7.47325e+04   -5.71532e+06   -1.68389e+06   -7.03479e+06
 Pressure (bar)
    0.00000e+00

           Step           Time
           1248     1248.00000

           Step           Time
           1249     1249.00000

   Energies (kJ/mol)
           Bond       G96Angle        LJ (SR)   Coulomb (SR)      Potential
    2.89688e+05    7.47150e+04   -5.71575e+06   -1.68402e+06   -7.03537e+06
 Pressure (bar)
    0.00000e+00

           Step           Time
           1250     1250.00000

           Step           Time
           1251     1251.00000

           Step           Time
           1252     1252.00000

   Energies (kJ/mol)
           Bond       G96Angle        LJ (SR)   Coulomb (SR)      Potential
    2.89533e+05    7.46835e+04   -5.71572e+06   -1.68402e+06   -7.03552e+06
 Pressure (bar)
    0.00000e+00

           Step           Time
           1253     1253.00000

   Energies (kJ/mol)
           Bond       G96Angle        LJ (SR)   Coulomb (SR)      Potential
    2.89456e+05    7.46430e+04   -5.71597e+06   -1.68377e+06   -7.03564e+06
 Pressure (bar)
    0.00000e+00

           Step           Time
           1254     1254.00000

   Energies (kJ/mol)
           Bond       G96Angle        LJ (SR)   Coulomb (SR)      Potential
    2.89404e+05    7.46169e+04   -5.71612e+06   -1.68403e+06   -7.03613e+06
 Pressure (bar)
    0.00000e+00

           Step           Time
           1255     1255.00000

   Energies (kJ/mol)
           Bond       G96Angle        LJ (SR)   Coulomb (SR)      Potential
    2.89384e+05    7.45796e+04   -5.71623e+06   -1.68405e+06   -7.03632e+06
 Pressure (bar)
    0.00000e+00

           Step           Time
           1256     1256.00000

   Energies (kJ/mol)
           Bond       G96Angle        LJ (SR)   Coulomb (SR)      Potential
    2.89344e+05    7.45530e+04   -5.71645e+06   -1.68412e+06   -7.03668e+06
 Pressure (bar)
    0.00000e+00

           Step           Time
           1257     1257.00000

   Energies (kJ/mol)
           Bond       G96Angle        LJ (SR)   Coulomb (SR)      Potential
    2.89310e+05    7.45179e+04   -5.71656e+06   -1.68408e+06   -7.03681e+06
 Pressure (bar)
    0.00000e+00

           Step           Time
           1258     1258.00000

   Energies (kJ/mol)
           Bond       G96Angle        LJ (SR)   Coulomb (SR)      Potential
    2.89300e+05    7.44890e+04   -5.71675e+06   -1.68421e+06   -7.03717e+06
 Pressure (bar)
    0.00000e+00

           Step           Time
           1259     1259.00000

   Energies (kJ/mol)
           Bond       G96Angle        LJ (SR)   Coulomb (SR)      Potential
    2.89282e+05    7.44549e+04   -5.71677e+06   -1.68424e+06   -7.03727e+06
 Pressure (bar)
    0.00000e+00

           Step           Time
           1260     1260.00000

   Energies (kJ/mol)
           Bond       G96Angle        LJ (SR)   Coulomb (SR)      Potential
    2.89281e+05    7.44269e+04   -5.71700e+06   -1.68430e+06   -7.03759e+06
 Pressure (bar)
    0.00000e+00

           Step           Time
           1261     1261.00000

           Step           Time
           1262     1262.00000

   Energies (kJ/mol)
           Bond       G96Angle        LJ (SR)   Coulomb (SR)      Potential
    2.89275e+05    7.44101e+04   -5.71736e+06   -1.68443e+06   -7.03811e+06
 Pressure (bar)
    0.00000e+00

           Step           Time
           1263     1263.00000

           Step           Time
           1264     1264.00000

           Step           Time
           1265     1265.00000

   Energies (kJ/mol)
           Bond       G96Angle        LJ (SR)   Coulomb (SR)      Potential
    2.89151e+05    7.43849e+04   -5.71740e+06   -1.68441e+06   -7.03827e+06
 Pressure (bar)
    0.00000e+00

           Step           Time
           1266     1266.00000

           Step           Time
           1267     1267.00000

   Energies (kJ/mol)
           Bond       G96Angle        LJ (SR)   Coulomb (SR)      Potential
    2.89100e+05    7.43624e+04   -5.71753e+06   -1.68446e+06   -7.03852e+06
 Pressure (bar)
    0.00000e+00

           Step           Time
           1268     1268.00000

   Energies (kJ/mol)
           Bond       G96Angle        LJ (SR)   Coulomb (SR)      Potential
    2.89054e+05    7.43364e+04   -5.71762e+06   -1.68447e+06   -7.03870e+06
 Pressure (bar)
    0.00000e+00

           Step           Time
           1269     1269.00000

   Energies (kJ/mol)
           Bond       G96Angle        LJ (SR)   Coulomb (SR)      Potential
    2.88988e+05    7.43078e+04   -5.71777e+06   -1.68445e+06   -7.03892e+06
 Pressure (bar)
    0.00000e+00

           Step           Time
           1270     1270.00000

   Energies (kJ/mol)
           Bond       G96Angle        LJ (SR)   Coulomb (SR)      Potential
    2.88986e+05    7.42694e+04   -5.71795e+06   -1.68437e+06   -7.03907e+06
 Pressure (bar)
    0.00000e+00

           Step           Time
           1271     1271.00000

   Energies (kJ/mol)
           Bond       G96Angle        LJ (SR)   Coulomb (SR)      Potential
    2.88869e+05    7.42272e+04   -5.71824e+06   -1.68429e+06   -7.03943e+06
 Pressure (bar)
    0.00000e+00

           Step           Time
           1272     1272.00000

   Energies (kJ/mol)
           Bond       G96Angle        LJ (SR)   Coulomb (SR)      Potential
    2.88844e+05    7.41921e+04   -5.71840e+06   -1.68452e+06   -7.03989e+06
 Pressure (bar)
    0.00000e+00

           Step           Time
           1273     1273.00000

   Energies (kJ/mol)
           Bond       G96Angle        LJ (SR)   Coulomb (SR)      Potential
    2.88819e+05    7.41658e+04   -5.71858e+06   -1.68464e+06   -7.04024e+06
 Pressure (bar)
    0.00000e+00

           Step           Time
           1274     1274.00000

   Energies (kJ/mol)
           Bond       G96Angle        LJ (SR)   Coulomb (SR)      Potential
    2.88780e+05    7.41319e+04   -5.71866e+06   -1.68464e+06   -7.04039e+06
 Pressure (bar)
    0.00000e+00

           Step           Time
           1275     1275.00000

   Energies (kJ/mol)
           Bond       G96Angle        LJ (SR)   Coulomb (SR)      Potential
    2.88760e+05    7.41050e+04   -5.71885e+06   -1.68473e+06   -7.04071e+06
 Pressure (bar)
    0.00000e+00

           Step           Time
           1276     1276.00000

   Energies (kJ/mol)
           Bond       G96Angle        LJ (SR)   Coulomb (SR)      Potential
    2.88730e+05    7.40716e+04   -5.71894e+06   -1.68474e+06   -7.04088e+06
 Pressure (bar)
    0.00000e+00

           Step           Time
           1277     1277.00000

   Energies (kJ/mol)
           Bond       G96Angle        LJ (SR)   Coulomb (SR)      Potential
    2.88713e+05    7.40441e+04   -5.71913e+06   -1.68481e+06   -7.04118e+06
 Pressure (bar)
    0.00000e+00

           Step           Time
           1278     1278.00000

   Energies (kJ/mol)
           Bond       G96Angle        LJ (SR)   Coulomb (SR)      Potential
    2.88674e+05    7.40107e+04   -5.71919e+06   -1.68481e+06   -7.04132e+06
 Pressure (bar)
    0.00000e+00

           Step           Time
           1279     1279.00000

   Energies (kJ/mol)
           Bond       G96Angle        LJ (SR)   Coulomb (SR)      Potential
    2.88693e+05    7.39835e+04   -5.71941e+06   -1.68487e+06   -7.04161e+06
 Pressure (bar)
    0.00000e+00

           Step           Time
           1280     1280.00000

   Energies (kJ/mol)
           Bond       G96Angle        LJ (SR)   Coulomb (SR)      Potential
    2.88703e+05    7.39498e+04   -5.71939e+06   -1.68494e+06   -7.04167e+06
 Pressure (bar)
    0.00000e+00

           Step           Time
           1281     1281.00000

   Energies (kJ/mol)
           Bond       G96Angle        LJ (SR)   Coulomb (SR)      Potential
    2.88737e+05    7.39215e+04   -5.71964e+06   -1.68494e+06   -7.04192e+06
 Pressure (bar)
    0.00000e+00

           Step           Time
           1282     1282.00000

           Step           Time
           1283     1283.00000

   Energies (kJ/mol)
           Bond       G96Angle        LJ (SR)   Coulomb (SR)      Potential
    2.88727e+05    7.39040e+04   -5.72015e+06   -1.68511e+06   -7.04263e+06
 Pressure (bar)
    0.00000e+00

           Step           Time
           1284     1284.00000

           Step           Time
           1285     1285.00000

   Energies (kJ/mol)
           Bond       G96Angle        LJ (SR)   Coulomb (SR)      Potential
    2.88509e+05    7.38637e+04   -5.72008e+06   -1.68495e+06   -7.04266e+06
 Pressure (bar)
    0.00000e+00

           Step           Time
           1286     1286.00000

   Energies (kJ/mol)
           Bond       G96Angle        LJ (SR)   Coulomb (SR)      Potential
    2.88459e+05    7.38304e+04   -5.72029e+06   -1.68499e+06   -7.04299e+06
 Pressure (bar)
    0.00000e+00

           Step           Time
           1287     1287.00000

   Energies (kJ/mol)
           Bond       G96Angle        LJ (SR)   Coulomb (SR)      Potential
    2.88446e+05    7.38012e+04   -5.72045e+06   -1.68513e+06   -7.04334e+06
 Pressure (bar)
    0.00000e+00

           Step           Time
           1288     1288.00000

   Energies (kJ/mol)
           Bond       G96Angle        LJ (SR)   Coulomb (SR)      Potential
    2.88399e+05    7.37674e+04   -5.72047e+06   -1.68512e+06   -7.04342e+06
 Pressure (bar)
    0.00000e+00

           Step           Time
           1289     1289.00000

   Energies (kJ/mol)
           Bond       G96Angle        LJ (SR)   Coulomb (SR)      Potential
    2.88446e+05    7.37408e+04   -5.72071e+06   -1.68523e+06   -7.04376e+06
 Pressure (bar)
    0.00000e+00

           Step           Time
           1290     1290.00000

           Step           Time
           1291     1291.00000

   Energies (kJ/mol)
           Bond       G96Angle        LJ (SR)   Coulomb (SR)      Potential
    2.88412e+05    7.37238e+04   -5.72102e+06   -1.68536e+06   -7.04424e+06
 Pressure (bar)
    0.00000e+00

           Step           Time
           1292     1292.00000

           Step           Time
           1293     1293.00000

           Step           Time
           1294     1294.00000

   Energies (kJ/mol)
           Bond       G96Angle        LJ (SR)   Coulomb (SR)      Potential
    2.88320e+05    7.37017e+04   -5.72107e+06   -1.68538e+06   -7.04443e+06
 Pressure (bar)
    0.00000e+00

           Step           Time
           1295     1295.00000

           Step           Time
           1296     1296.00000

   Energies (kJ/mol)
           Bond       G96Angle        LJ (SR)   Coulomb (SR)      Potential
    2.88260e+05    7.36788e+04   -5.72116e+06   -1.68540e+06   -7.04462e+06
 Pressure (bar)
    0.00000e+00

           Step           Time
           1297     1297.00000

   Energies (kJ/mol)
           Bond       G96Angle        LJ (SR)   Coulomb (SR)      Potential
    2.88201e+05    7.36505e+04   -5.72130e+06   -1.68532e+06   -7.04477e+06
 Pressure (bar)
    0.00000e+00

           Step           Time
           1298     1298.00000

   Energies (kJ/mol)
           Bond       G96Angle        LJ (SR)   Coulomb (SR)      Potential
    2.88136e+05    7.36183e+04   -5.72145e+06   -1.68531e+06   -7.04501e+06
 Pressure (bar)
    0.00000e+00

           Step           Time
           1299     1299.00000

   Energies (kJ/mol)
           Bond       G96Angle        LJ (SR)   Coulomb (SR)      Potential
    2.88092e+05    7.35795e+04   -5.72159e+06   -1.68527e+06   -7.04519e+06
 Pressure (bar)
    0.00000e+00

           Step           Time
           1300     1300.00000

   Energies (kJ/mol)
           Bond       G96Angle        LJ (SR)   Coulomb (SR)      Potential
    2.88051e+05    7.35482e+04   -5.72180e+06   -1.68540e+06   -7.04560e+06
 Pressure (bar)
    0.00000e+00

           Step           Time
           1301     1301.00000

   Energies (kJ/mol)
           Bond       G96Angle        LJ (SR)   Coulomb (SR)      Potential
    2.88025e+05    7.35205e+04   -5.72192e+06   -1.68551e+06   -7.04589e+06
 Pressure (bar)
    0.00000e+00

           Step           Time
           1302     1302.00000

   Energies (kJ/mol)
           Bond       G96Angle        LJ (SR)   Coulomb (SR)      Potential
    2.87976e+05    7.34903e+04   -5.72207e+06   -1.68548e+06   -7.04608e+06
 Pressure (bar)
    0.00000e+00

           Step           Time
           1303     1303.00000

   Energies (kJ/mol)
           Bond       G96Angle        LJ (SR)   Coulomb (SR)      Potential
    2.87974e+05    7.34616e+04   -5.72223e+06   -1.68559e+06   -7.04638e+06
 Pressure (bar)
    0.00000e+00

           Step           Time
           1304     1304.00000

   Energies (kJ/mol)
           Bond       G96Angle        LJ (SR)   Coulomb (SR)      Potential
    2.87925e+05    7.34324e+04   -5.72236e+06   -1.68556e+06   -7.04656e+06
 Pressure (bar)
    0.00000e+00

           Step           Time
           1305     1305.00000

   Energies (kJ/mol)
           Bond       G96Angle        LJ (SR)   Coulomb (SR)      Potential
    2.87904e+05    7.34024e+04   -5.72250e+06   -1.68564e+06   -7.04684e+06
 Pressure (bar)
    0.00000e+00

           Step           Time
           1306     1306.00000

   Energies (kJ/mol)
           Bond       G96Angle        LJ (SR)   Coulomb (SR)      Potential
    2.87874e+05    7.33725e+04   -5.72261e+06   -1.68566e+06   -7.04703e+06
 Pressure (bar)
    0.00000e+00

           Step           Time
           1307     1307.00000

   Energies (kJ/mol)
           Bond       G96Angle        LJ (SR)   Coulomb (SR)      Potential
    2.87884e+05    7.33443e+04   -5.72276e+06   -1.68574e+06   -7.04728e+06
 Pressure (bar)
    0.00000e+00

           Step           Time
           1308     1308.00000

   Energies (kJ/mol)
           Bond       G96Angle        LJ (SR)   Coulomb (SR)      Potential
    2.87860e+05    7.33135e+04   -5.72285e+06   -1.68571e+06   -7.04738e+06
 Pressure (bar)
    0.00000e+00

           Step           Time
           1309     1309.00000

   Energies (kJ/mol)
           Bond       G96Angle        LJ (SR)   Coulomb (SR)      Potential
    2.87884e+05    7.32851e+04   -5.72299e+06   -1.68579e+06   -7.04761e+06
 Pressure (bar)
    0.00000e+00

           Step           Time
           1310     1310.00000

           Step           Time
           1311     1311.00000

   Energies (kJ/mol)
           Bond       G96Angle        LJ (SR)   Coulomb (SR)      Potential
    2.87863e+05    7.32693e+04   -5.72340e+06   -1.68594e+06   -7.04821e+06
 Pressure (bar)
    0.00000e+00

           Step           Time
           1312     1312.00000

           Step           Time
           1313     1313.00000

           Step           Time
           1314     1314.00000

   Energies (kJ/mol)
           Bond       G96Angle        LJ (SR)   Coulomb (SR)      Potential
    2.87763e+05    7.32472e+04   -5.72346e+06   -1.68592e+06   -7.04838e+06
 Pressure (bar)
    0.00000e+00

           Step           Time
           1315     1315.00000

           Step           Time
           1316     1316.00000

   Energies (kJ/mol)
           Bond       G96Angle        LJ (SR)   Coulomb (SR)      Potential
    2.87680e+05    7.32223e+04   -5.72354e+06   -1.68589e+06   -7.04853e+06
 Pressure (bar)
    0.00000e+00

           Step           Time
           1317     1317.00000

   Energies (kJ/mol)
           Bond       G96Angle        LJ (SR)   Coulomb (SR)      Potential
    2.87625e+05    7.31912e+04   -5.72369e+06   -1.68584e+06   -7.04871e+06
 Pressure (bar)
    0.00000e+00

           Step           Time
           1318     1318.00000

   Energies (kJ/mol)
           Bond       G96Angle        LJ (SR)   Coulomb (SR)      Potential
    2.87566e+05    7.31538e+04   -5.72387e+06   -1.68574e+06   -7.04889e+06
 Pressure (bar)
    0.00000e+00

           Step           Time
           1319     1319.00000

   Energies (kJ/mol)
           Bond       G96Angle        LJ (SR)   Coulomb (SR)      Potential
    2.87515e+05    7.31210e+04   -5.72405e+06   -1.68587e+06   -7.04928e+06
 Pressure (bar)
    0.00000e+00

           Step           Time
           1320     1320.00000

   Energies (kJ/mol)
           Bond       G96Angle        LJ (SR)   Coulomb (SR)      Potential
    2.87495e+05    7.30950e+04   -5.72414e+06   -1.68600e+06   -7.04956e+06
 Pressure (bar)
    0.00000e+00

           Step           Time
           1321     1321.00000

   Energies (kJ/mol)
           Bond       G96Angle        LJ (SR)   Coulomb (SR)      Potential
    2.87468e+05    7.30631e+04   -5.72431e+06   -1.68601e+06   -7.04979e+06
 Pressure (bar)
    0.00000e+00

           Step           Time
           1322     1322.00000

   Energies (kJ/mol)
           Bond       G96Angle        LJ (SR)   Coulomb (SR)      Potential
    2.87445e+05    7.30367e+04   -5.72446e+06   -1.68607e+06   -7.05005e+06
 Pressure (bar)
    0.00000e+00

           Step           Time
           1323     1323.00000

   Energies (kJ/mol)
           Bond       G96Angle        LJ (SR)   Coulomb (SR)      Potential
    2.87424e+05    7.30055e+04   -5.72460e+06   -1.68611e+06   -7.05028e+06
 Pressure (bar)
    0.00000e+00

           Step           Time
           1324     1324.00000

   Energies (kJ/mol)
           Bond       G96Angle        LJ (SR)   Coulomb (SR)      Potential
    2.87379e+05    7.29783e+04   -5.72473e+06   -1.68614e+06   -7.05051e+06
 Pressure (bar)
    0.00000e+00

           Step           Time
           1325     1325.00000

   Energies (kJ/mol)
           Bond       G96Angle        LJ (SR)   Coulomb (SR)      Potential
    2.87353e+05    7.29490e+04   -5.72490e+06   -1.68615e+06   -7.05075e+06
 Pressure (bar)
    0.00000e+00

           Step           Time
           1326     1326.00000

   Energies (kJ/mol)
           Bond       G96Angle        LJ (SR)   Coulomb (SR)      Potential
    2.87355e+05    7.29199e+04   -5.72499e+06   -1.68620e+06   -7.05091e+06
 Pressure (bar)
    0.00000e+00

           Step           Time
           1327     1327.00000

   Energies (kJ/mol)
           Bond       G96Angle        LJ (SR)   Coulomb (SR)      Potential
    2.87337e+05    7.28914e+04   -5.72514e+06   -1.68622e+06   -7.05114e+06
 Pressure (bar)
    0.00000e+00

           Step           Time
           1328     1328.00000

   Energies (kJ/mol)
           Bond       G96Angle        LJ (SR)   Coulomb (SR)      Potential
    2.87335e+05    7.28612e+04   -5.72517e+06   -1.68624e+06   -7.05122e+06
 Pressure (bar)
    0.00000e+00

           Step           Time
           1329     1329.00000

   Energies (kJ/mol)
           Bond       G96Angle        LJ (SR)   Coulomb (SR)      Potential
    2.87382e+05    7.28329e+04   -5.72532e+06   -1.68627e+06   -7.05138e+06
 Pressure (bar)
    0.00000e+00

           Step           Time
           1330     1330.00000

           Step           Time
           1331     1331.00000

   Energies (kJ/mol)
           Bond       G96Angle        LJ (SR)   Coulomb (SR)      Potential
    2.87370e+05    7.28165e+04   -5.72588e+06   -1.68642e+06   -7.05211e+06
 Pressure (bar)
    0.00000e+00

           Step           Time
           1332     1332.00000

           Step           Time
           1333     1333.00000

   Energies (kJ/mol)
           Bond       G96Angle        LJ (SR)   Coulomb (SR)      Potential
    2.87105e+05    7.27765e+04   -5.72585e+06   -1.68618e+06   -7.05216e+06
 Pressure (bar)
    0.00000e+00

           Step           Time
           1334     1334.00000

   Energies (kJ/mol)
           Bond       G96Angle        LJ (SR)   Coulomb (SR)      Potential
    2.87102e+05    7.27428e+04   -5.72605e+06   -1.68626e+06   -7.05247e+06
 Pressure (bar)
    0.00000e+00

           Step           Time
           1335     1335.00000

   Energies (kJ/mol)
           Bond       G96Angle        LJ (SR)   Coulomb (SR)      Potential
    2.87091e+05    7.27164e+04   -5.72621e+06   -1.68643e+06   -7.05284e+06
 Pressure (bar)
    0.00000e+00

           Step           Time
           1336     1336.00000

   Energies (kJ/mol)
           Bond       G96Angle        LJ (SR)   Coulomb (SR)      Potential
    2.87053e+05    7.26821e+04   -5.72619e+06   -1.68641e+06   -7.05286e+06
 Pressure (bar)
    0.00000e+00

           Step           Time
           1337     1337.00000

   Energies (kJ/mol)
           Bond       G96Angle        LJ (SR)   Coulomb (SR)      Potential
    2.87109e+05    7.26565e+04   -5.72644e+06   -1.68658e+06   -7.05325e+06
 Pressure (bar)
    0.00000e+00

           Step           Time
           1338     1338.00000

           Step           Time
           1339     1339.00000

   Energies (kJ/mol)
           Bond       G96Angle        LJ (SR)   Coulomb (SR)      Potential
    2.87081e+05    7.26404e+04   -5.72673e+06   -1.68667e+06   -7.05368e+06
 Pressure (bar)
    0.00000e+00

           Step           Time
           1340     1340.00000

           Step           Time
           1341     1341.00000

           Step           Time
           1342     1342.00000

   Energies (kJ/mol)
           Bond       G96Angle        LJ (SR)   Coulomb (SR)      Potential
    2.86988e+05    7.26201e+04   -5.72681e+06   -1.68667e+06   -7.05387e+06
 Pressure (bar)
    0.00000e+00

           Step           Time
           1343     1343.00000

           Step           Time
           1344     1344.00000

   Energies (kJ/mol)
           Bond       G96Angle        LJ (SR)   Coulomb (SR)      Potential
    2.86909e+05    7.25947e+04   -5.72688e+06   -1.68664e+06   -7.05402e+06
 Pressure (bar)
    0.00000e+00

           Step           Time
           1345     1345.00000

   Energies (kJ/mol)
           Bond       G96Angle        LJ (SR)   Coulomb (SR)      Potential
    2.86867e+05    7.25654e+04   -5.72705e+06   -1.68656e+06   -7.05418e+06
 Pressure (bar)
    0.00000e+00

           Step           Time
           1346     1346.00000

   Energies (kJ/mol)
           Bond       G96Angle        LJ (SR)   Coulomb (SR)      Potential
    2.86785e+05    7.25358e+04   -5.72717e+06   -1.68659e+06   -7.05444e+06
 Pressure (bar)
    0.00000e+00

           Step           Time
           1347     1347.00000

   Energies (kJ/mol)
           Bond       G96Angle        LJ (SR)   Coulomb (SR)      Potential
    2.86775e+05    7.25008e+04   -5.72735e+06   -1.68662e+06   -7.05470e+06
 Pressure (bar)
    0.00000e+00

           Step           Time
           1348     1348.00000

   Energies (kJ/mol)
           Bond       G96Angle        LJ (SR)   Coulomb (SR)      Potential
    2.86737e+05    7.24770e+04   -5.72749e+06   -1.68677e+06   -7.05504e+06
 Pressure (bar)
    0.00000e+00

           Step           Time
           1349     1349.00000

   Energies (kJ/mol)
           Bond       G96Angle        LJ (SR)   Coulomb (SR)      Potential
    2.86702e+05    7.24462e+04   -5.72762e+06   -1.68675e+06   -7.05522e+06
 Pressure (bar)
    0.00000e+00

           Step           Time
           1350     1350.00000

   Energies (kJ/mol)
           Bond       G96Angle        LJ (SR)   Coulomb (SR)      Potential
    2.86669e+05    7.24191e+04   -5.72780e+06   -1.68680e+06   -7.05551e+06
 Pressure (bar)
    0.00000e+00

           Step           Time
           1351     1351.00000

   Energies (kJ/mol)
           Bond       G96Angle        LJ (SR)   Coulomb (SR)      Potential
    2.86660e+05    7.23905e+04   -5.72791e+06   -1.68684e+06   -7.05569e+06
 Pressure (bar)
    0.00000e+00

           Step           Time
           1352     1352.00000

   Energies (kJ/mol)
           Bond       G96Angle        LJ (SR)   Coulomb (SR)      Potential
    2.86594e+05    7.23633e+04   -5.72805e+06   -1.68684e+06   -7.05593e+06
 Pressure (bar)
    0.00000e+00

           Step           Time
           1353     1353.00000

   Energies (kJ/mol)
           Bond       G96Angle        LJ (SR)   Coulomb (SR)      Potential
    2.86580e+05    7.23329e+04   -5.72818e+06   -1.68691e+06   -7.05618e+06
 Pressure (bar)
    0.00000e+00

           Step           Time
           1354     1354.00000

   Energies (kJ/mol)
           Bond       G96Angle        LJ (SR)   Coulomb (SR)      Potential
    2.86542e+05    7.23065e+04   -5.72834e+06   -1.68688e+06   -7.05637e+06
 Pressure (bar)
    0.00000e+00

           Step           Time
           1355     1355.00000

   Energies (kJ/mol)
           Bond       G96Angle        LJ (SR)   Coulomb (SR)      Potential
    2.86551e+05    7.22775e+04   -5.72844e+06   -1.68697e+06   -7.05658e+06
 Pressure (bar)
    0.00000e+00

           Step           Time
           1356     1356.00000

   Energies (kJ/mol)
           Bond       G96Angle        LJ (SR)   Coulomb (SR)      Potential
    2.86557e+05    7.22516e+04   -5.72854e+06   -1.68699e+06   -7.05672e+06
 Pressure (bar)
    0.00000e+00

           Step           Time
           1357     1357.00000

   Energies (kJ/mol)
           Bond       G96Angle        LJ (SR)   Coulomb (SR)      Potential
    2.86547e+05    7.22215e+04   -5.72864e+06   -1.68703e+06   -7.05690e+06
 Pressure (bar)
    0.00000e+00

           Step           Time
           1358     1358.00000

   Energies (kJ/mol)
           Bond       G96Angle        LJ (SR)   Coulomb (SR)      Potential
    2.86565e+05    7.21930e+04   -5.72866e+06   -1.68702e+06   -7.05693e+06
 Pressure (bar)
    0.00000e+00

           Step           Time
           1359     1359.00000

   Energies (kJ/mol)
           Bond       G96Angle        LJ (SR)   Coulomb (SR)      Potential
    2.86657e+05    7.21657e+04   -5.72880e+06   -1.68709e+06   -7.05706e+06
 Pressure (bar)
    0.00000e+00

           Step           Time
           1360     1360.00000

           Step           Time
           1361     1361.00000

   Energies (kJ/mol)
           Bond       G96Angle        LJ (SR)   Coulomb (SR)      Potential
    2.86647e+05    7.21495e+04   -5.72954e+06   -1.68721e+06   -7.05795e+06
 Pressure (bar)
    0.00000e+00

           Step           Time
           1362     1362.00000

           Step           Time
           1363     1363.00000

   Energies (kJ/mol)
           Bond       G96Angle        LJ (SR)   Coulomb (SR)      Potential
    2.86340e+05    7.21119e+04   -5.72939e+06   -1.68703e+06   -7.05797e+06
 Pressure (bar)
    0.00000e+00

           Step           Time
           1364     1364.00000

   Energies (kJ/mol)
           Bond       G96Angle        LJ (SR)   Coulomb (SR)      Potential
    2.86295e+05    7.20777e+04   -5.72958e+06   -1.68700e+06   -7.05820e+06
 Pressure (bar)
    0.00000e+00

           Step           Time
           1365     1365.00000

   Energies (kJ/mol)
           Bond       G96Angle        LJ (SR)   Coulomb (SR)      Potential
    2.86312e+05    7.20525e+04   -5.72976e+06   -1.68722e+06   -7.05861e+06
 Pressure (bar)
    0.00000e+00

           Step           Time
           1366     1366.00000

           Step           Time
           1367     1367.00000

   Energies (kJ/mol)
           Bond       G96Angle        LJ (SR)   Coulomb (SR)      Potential
    2.86284e+05    7.20366e+04   -5.72998e+06   -1.68734e+06   -7.05900e+06
 Pressure (bar)
    0.00000e+00

           Step           Time
           1368     1368.00000

           Step           Time
           1369     1369.00000

           Step           Time
           1370     1370.00000

   Energies (kJ/mol)
           Bond       G96Angle        LJ (SR)   Coulomb (SR)      Potential
    2.86222e+05    7.20156e+04   -5.73001e+06   -1.68737e+06   -7.05914e+06
 Pressure (bar)
    0.00000e+00

           Step           Time
           1371     1371.00000

           Step           Time
           1372     1372.00000

   Energies (kJ/mol)
           Bond       G96Angle        LJ (SR)   Coulomb (SR)      Potential
    2.86166e+05    7.19975e+04   -5.73009e+06   -1.68739e+06   -7.05932e+06
 Pressure (bar)
    0.00000e+00

           Step           Time
           1373     1373.00000

   Energies (kJ/mol)
           Bond       G96Angle        LJ (SR)   Coulomb (SR)      Potential
    2.86129e+05    7.19745e+04   -5.73020e+06   -1.68738e+06   -7.05947e+06
 Pressure (bar)
    0.00000e+00

           Step           Time
           1374     1374.00000

   Energies (kJ/mol)
           Bond       G96Angle        LJ (SR)   Coulomb (SR)      Potential
    2.86073e+05    7.19496e+04   -5.73031e+06   -1.68734e+06   -7.05962e+06
 Pressure (bar)
    0.00000e+00

           Step           Time
           1375     1375.00000

   Energies (kJ/mol)
           Bond       G96Angle        LJ (SR)   Coulomb (SR)      Potential
    2.86050e+05    7.19185e+04   -5.73048e+06   -1.68731e+06   -7.05982e+06
 Pressure (bar)
    0.00000e+00

           Step           Time
           1376     1376.00000

   Energies (kJ/mol)
           Bond       G96Angle        LJ (SR)   Coulomb (SR)      Potential
    2.86016e+05    7.18859e+04   -5.73065e+06   -1.68729e+06   -7.06005e+06
 Pressure (bar)
    0.00000e+00

           Step           Time
           1377     1377.00000

   Energies (kJ/mol)
           Bond       G96Angle        LJ (SR)   Coulomb (SR)      Potential
    2.85928e+05    7.18451e+04   -5.73086e+06   -1.68724e+06   -7.06033e+06
 Pressure (bar)
    0.00000e+00

           Step           Time
           1378     1378.00000

   Energies (kJ/mol)
           Bond       G96Angle        LJ (SR)   Coulomb (SR)      Potential
    2.85893e+05    7.18026e+04   -5.73102e+06   -1.68720e+06   -7.06053e+06
 Pressure (bar)
    0.00000e+00

           Step           Time
           1379     1379.00000

   Energies (kJ/mol)
           Bond       G96Angle        LJ (SR)   Coulomb (SR)      Potential
    2.85881e+05    7.17823e+04   -5.73124e+06   -1.68746e+06   -7.06104e+06
 Pressure (bar)
    0.00000e+00

           Step           Time
           1380     1380.00000

   Energies (kJ/mol)
           Bond       G96Angle        LJ (SR)   Coulomb (SR)      Potential
    2.85844e+05    7.17438e+04   -5.73132e+06   -1.68747e+06   -7.06121e+06
 Pressure (bar)
    0.00000e+00

           Step           Time
           1381     1381.00000

   Energies (kJ/mol)
           Bond       G96Angle        LJ (SR)   Coulomb (SR)      Potential
    2.85845e+05    7.17221e+04   -5.73151e+06   -1.68766e+06   -7.06160e+06
 Pressure (bar)
    0.00000e+00

           Step           Time
           1382     1382.00000

   Energies (kJ/mol)
           Bond       G96Angle        LJ (SR)   Coulomb (SR)      Potential
    2.85808e+05    7.16879e+04   -5.73157e+06   -1.68757e+06   -7.06164e+06
 Pressure (bar)
    0.00000e+00

           Step           Time
           1383     1383.00000

   Energies (kJ/mol)
           Bond       G96Angle        LJ (SR)   Coulomb (SR)      Potential
    2.85806e+05    7.16650e+04   -5.73180e+06   -1.68773e+06   -7.06205e+06
 Pressure (bar)
    0.00000e+00

           Step           Time
           1384     1384.00000

           Step           Time
           1385     1385.00000

   Energies (kJ/mol)
           Bond       G96Angle        LJ (SR)   Coulomb (SR)      Potential
    2.85786e+05    7.16484e+04   -5.73196e+06   -1.68785e+06   -7.06238e+06
 Pressure (bar)
    0.00000e+00

           Step           Time
           1386     1386.00000

           Step           Time
           1387     1387.00000

   Energies (kJ/mol)
           Bond       G96Angle        LJ (SR)   Coulomb (SR)      Potential
    2.85717e+05    7.16154e+04   -5.73204e+06   -1.68772e+06   -7.06243e+06
 Pressure (bar)
    0.00000e+00

           Step           Time
           1388     1388.00000

   Energies (kJ/mol)
           Bond       G96Angle        LJ (SR)   Coulomb (SR)      Potential
    2.85676e+05    7.15921e+04   -5.73222e+06   -1.68783e+06   -7.06277e+06
 Pressure (bar)
    0.00000e+00

           Step           Time
           1389     1389.00000

   Energies (kJ/mol)
           Bond       G96Angle        LJ (SR)   Coulomb (SR)      Potential
    2.85647e+05    7.15606e+04   -5.73235e+06   -1.68779e+06   -7.06293e+06
 Pressure (bar)
    0.00000e+00

           Step           Time
           1390     1390.00000

   Energies (kJ/mol)
           Bond       G96Angle        LJ (SR)   Coulomb (SR)      Potential
    2.85614e+05    7.15377e+04   -5.73250e+06   -1.68788e+06   -7.06323e+06
 Pressure (bar)
    0.00000e+00

           Step           Time
           1391     1391.00000

   Energies (kJ/mol)
           Bond       G96Angle        LJ (SR)   Coulomb (SR)      Potential
    2.85560e+05    7.15082e+04   -5.73263e+06   -1.68784e+06   -7.06340e+06
 Pressure (bar)
    0.00000e+00

           Step           Time
           1392     1392.00000

   Energies (kJ/mol)
           Bond       G96Angle        LJ (SR)   Coulomb (SR)      Potential
    2.85549e+05    7.14831e+04   -5.73279e+06   -1.68792e+06   -7.06368e+06
 Pressure (bar)
    0.00000e+00

           Step           Time
           1393     1393.00000

   Energies (kJ/mol)
           Bond       G96Angle        LJ (SR)   Coulomb (SR)      Potential
    2.85547e+05    7.14535e+04   -5.73288e+06   -1.68795e+06   -7.06383e+06
 Pressure (bar)
    0.00000e+00

           Step           Time
           1394     1394.00000

   Energies (kJ/mol)
           Bond       G96Angle        LJ (SR)   Coulomb (SR)      Potential
    2.85548e+05    7.14284e+04   -5.73303e+06   -1.68799e+06   -7.06405e+06
 Pressure (bar)
    0.00000e+00

           Step           Time
           1395     1395.00000

   Energies (kJ/mol)
           Bond       G96Angle        LJ (SR)   Coulomb (SR)      Potential
    2.85527e+05    7.13990e+04   -5.73311e+06   -1.68801e+06   -7.06419e+06
 Pressure (bar)
    0.00000e+00

           Step           Time
           1396     1396.00000

   Energies (kJ/mol)
           Bond       G96Angle        LJ (SR)   Coulomb (SR)      Potential
    2.85540e+05    7.13724e+04   -5.73319e+06   -1.68804e+06   -7.06432e+06
 Pressure (bar)
    0.00000e+00

           Step           Time
           1397     1397.00000

   Energies (kJ/mol)
           Bond       G96Angle        LJ (SR)   Coulomb (SR)      Potential
    2.85602e+05    7.13443e+04   -5.73322e+06   -1.68809e+06   -7.06436e+06
 Pressure (bar)
    0.00000e+00

           Step           Time
           1398     1398.00000

           Step           Time
           1399     1399.00000

   Energies (kJ/mol)
           Bond       G96Angle        LJ (SR)   Coulomb (SR)      Potential
    2.85601e+05    7.13297e+04   -5.73385e+06   -1.68823e+06   -7.06516e+06
 Pressure (bar)
    0.00000e+00

           Step           Time
           1400     1400.00000

           Step           Time
           1401     1401.00000

           Step           Time
           1402     1402.00000

   Energies (kJ/mol)
           Bond       G96Angle        LJ (SR)   Coulomb (SR)      Potential
    2.85475e+05    7.13109e+04   -5.73385e+06   -1.68828e+06   -7.06534e+06
 Pressure (bar)
    0.00000e+00

           Step           Time
           1403     1403.00000

           Step           Time
           1404     1404.00000

   Energies (kJ/mol)
           Bond       G96Angle        LJ (SR)   Coulomb (SR)      Potential
    2.85346e+05    7.12795e+04   -5.73393e+06   -1.68807e+06   -7.06538e+06
 Pressure (bar)
    0.00000e+00

           Step           Time
           1405     1405.00000

   Energies (kJ/mol)
           Bond       G96Angle        LJ (SR)   Coulomb (SR)      Potential
    2.85253e+05    7.12443e+04   -5.73409e+06   -1.68806e+06   -7.06565e+06
 Pressure (bar)
    0.00000e+00

           Step           Time
           1406     1406.00000

   Energies (kJ/mol)
           Bond       G96Angle        LJ (SR)   Coulomb (SR)      Potential
    2.85231e+05    7.12147e+04   -5.73427e+06   -1.68817e+06   -7.06600e+06
 Pressure (bar)
    0.00000e+00

           Step           Time
           1407     1407.00000

   Energies (kJ/mol)
           Bond       G96Angle        LJ (SR)   Coulomb (SR)      Potential
    2.85203e+05    7.11883e+04   -5.73440e+06   -1.68831e+06   -7.06632e+06
 Pressure (bar)
    0.00000e+00

           Step           Time
           1408     1408.00000

   Energies (kJ/mol)
           Bond       G96Angle        LJ (SR)   Coulomb (SR)      Potential
    2.85170e+05    7.11605e+04   -5.73449e+06   -1.68832e+06   -7.06648e+06
 Pressure (bar)
    0.00000e+00

           Step           Time
           1409     1409.00000

   Energies (kJ/mol)
           Bond       G96Angle        LJ (SR)   Coulomb (SR)      Potential
    2.85158e+05    7.11346e+04   -5.73466e+06   -1.68838e+06   -7.06675e+06
 Pressure (bar)
    0.00000e+00

           Step           Time
           1410     1410.00000

   Energies (kJ/mol)
           Bond       G96Angle        LJ (SR)   Coulomb (SR)      Potential
    2.85117e+05    7.11061e+04   -5.73474e+06   -1.68839e+06   -7.06691e+06
 Pressure (bar)
    0.00000e+00

           Step           Time
           1411     1411.00000

   Energies (kJ/mol)
           Bond       G96Angle        LJ (SR)   Coulomb (SR)      Potential
    2.85114e+05    7.10802e+04   -5.73490e+06   -1.68844e+06   -7.06715e+06
 Pressure (bar)
    0.00000e+00

           Step           Time
           1412     1412.00000

   Energies (kJ/mol)
           Bond       G96Angle        LJ (SR)   Coulomb (SR)      Potential
    2.85106e+05    7.10528e+04   -5.73492e+06   -1.68847e+06   -7.06723e+06
 Pressure (bar)
    0.00000e+00

           Step           Time
           1413     1413.00000

   Energies (kJ/mol)
           Bond       G96Angle        LJ (SR)   Coulomb (SR)      Potential
    2.85112e+05    7.10278e+04   -5.73511e+06   -1.68852e+06   -7.06749e+06
 Pressure (bar)
    0.00000e+00

           Step           Time
           1414     1414.00000

           Step           Time
           1415     1415.00000

   Energies (kJ/mol)
           Bond       G96Angle        LJ (SR)   Coulomb (SR)      Potential
    2.85100e+05    7.10128e+04   -5.73539e+06   -1.68867e+06   -7.06795e+06
 Pressure (bar)
    0.00000e+00

           Step           Time
           1416     1416.00000

           Step           Time
           1417     1417.00000

           Step           Time
           1418     1418.00000

   Energies (kJ/mol)
           Bond       G96Angle        LJ (SR)   Coulomb (SR)      Potential
    2.85024e+05    7.09916e+04   -5.73547e+06   -1.68866e+06   -7.06811e+06
 Pressure (bar)
    0.00000e+00

           Step           Time
           1419     1419.00000

           Step           Time
           1420     1420.00000

   Energies (kJ/mol)
           Bond       G96Angle        LJ (SR)   Coulomb (SR)      Potential
    2.84977e+05    7.09738e+04   -5.73555e+06   -1.68870e+06   -7.06831e+06
 Pressure (bar)
    0.00000e+00

           Step           Time
           1421     1421.00000

   Energies (kJ/mol)
           Bond       G96Angle        LJ (SR)   Coulomb (SR)      Potential
    2.84942e+05    7.09535e+04   -5.73563e+06   -1.68873e+06   -7.06846e+06
 Pressure (bar)
    0.00000e+00

           Step           Time
           1422     1422.00000

   Energies (kJ/mol)
           Bond       G96Angle        LJ (SR)   Coulomb (SR)      Potential
    2.84893e+05    7.09250e+04   -5.73578e+06   -1.68860e+06   -7.06856e+06
 Pressure (bar)
    0.00000e+00

           Step           Time
           1423     1423.00000

   Energies (kJ/mol)
           Bond       G96Angle        LJ (SR)   Coulomb (SR)      Potential
    2.84838e+05    7.08976e+04   -5.73594e+06   -1.68860e+06   -7.06881e+06
 Pressure (bar)
    0.00000e+00

           Step           Time
           1424     1424.00000

   Energies (kJ/mol)
           Bond       G96Angle        LJ (SR)   Coulomb (SR)      Potential
    2.84820e+05    7.08623e+04   -5.73612e+06   -1.68859e+06   -7.06904e+06
 Pressure (bar)
    0.00000e+00

           Step           Time
           1425     1425.00000

   Energies (kJ/mol)
           Bond       G96Angle        LJ (SR)   Coulomb (SR)      Potential
    2.84750e+05    7.08265e+04   -5.73634e+06   -1.68852e+06   -7.06929e+06
 Pressure (bar)
    0.00000e+00

           Step           Time
           1426     1426.00000

   Energies (kJ/mol)
           Bond       G96Angle        LJ (SR)   Coulomb (SR)      Potential
    2.84736e+05    7.07970e+04   -5.73648e+06   -1.68875e+06   -7.06970e+06
 Pressure (bar)
    0.00000e+00

           Step           Time
           1427     1427.00000

   Energies (kJ/mol)
           Bond       G96Angle        LJ (SR)   Coulomb (SR)      Potential
    2.84720e+05    7.07742e+04   -5.73663e+06   -1.68886e+06   -7.07000e+06
 Pressure (bar)
    0.00000e+00

           Step           Time
           1428     1428.00000

   Energies (kJ/mol)
           Bond       G96Angle        LJ (SR)   Coulomb (SR)      Potential
    2.84683e+05    7.07436e+04   -5.73669e+06   -1.68890e+06   -7.07016e+06
 Pressure (bar)
    0.00000e+00

           Step           Time
           1429     1429.00000

   Energies (kJ/mol)
           Bond       G96Angle        LJ (SR)   Coulomb (SR)      Potential
    2.84655e+05    7.07205e+04   -5.73687e+06   -1.68894e+06   -7.07044e+06
 Pressure (bar)
    0.00000e+00

           Step           Time
           1430     1430.00000

   Energies (kJ/mol)
           Bond       G96Angle        LJ (SR)   Coulomb (SR)      Potential
    2.84636e+05    7.06926e+04   -5.73696e+06   -1.68896e+06   -7.07060e+06
 Pressure (bar)
    0.00000e+00

           Step           Time
           1431     1431.00000

   Energies (kJ/mol)
           Bond       G96Angle        LJ (SR)   Coulomb (SR)      Potential
    2.84633e+05    7.06687e+04   -5.73713e+06   -1.68901e+06   -7.07084e+06
 Pressure (bar)
    0.00000e+00

           Step           Time
           1432     1432.00000

   Energies (kJ/mol)
           Bond       G96Angle        LJ (SR)   Coulomb (SR)      Potential
    2.84606e+05    7.06404e+04   -5.73717e+06   -1.68903e+06   -7.07096e+06
 Pressure (bar)
    0.00000e+00

           Step           Time
           1433     1433.00000

   Energies (kJ/mol)
           Bond       G96Angle        LJ (SR)   Coulomb (SR)      Potential
    2.84621e+05    7.06158e+04   -5.73733e+06   -1.68910e+06   -7.07119e+06
 Pressure (bar)
    0.00000e+00

           Step           Time
           1434     1434.00000

   Energies (kJ/mol)
           Bond       G96Angle        LJ (SR)   Coulomb (SR)      Potential
    2.84618e+05    7.05879e+04   -5.73731e+06   -1.68910e+06   -7.07121e+06
 Pressure (bar)
    0.00000e+00

           Step           Time
           1435     1435.00000

   Energies (kJ/mol)
           Bond       G96Angle        LJ (SR)   Coulomb (SR)      Potential
    2.84670e+05    7.05628e+04   -5.73752e+06   -1.68917e+06   -7.07146e+06
 Pressure (bar)
    0.00000e+00

           Step           Time
           1436     1436.00000

           Step           Time
           1437     1437.00000

   Energies (kJ/mol)
           Bond       G96Angle        LJ (SR)   Coulomb (SR)      Potential
    2.84649e+05    7.05474e+04   -5.73797e+06   -1.68930e+06   -7.07208e+06
 Pressure (bar)
    0.00000e+00

           Step           Time
           1438     1438.00000

           Step           Time
           1439     1439.00000

           Step           Time
           1440     1440.00000

   Energies (kJ/mol)
           Bond       G96Angle        LJ (SR)   Coulomb (SR)      Potential
    2.84565e+05    7.05299e+04   -5.73800e+06   -1.68937e+06   -7.07227e+06
 Pressure (bar)
    0.00000e+00

           Step           Time
           1441     1441.00000

           Step           Time
           1442     1442.00000

   Energies (kJ/mol)
           Bond       G96Angle        LJ (SR)   Coulomb (SR)      Potential
    2.84433e+05    7.05008e+04   -5.73805e+06   -1.68918e+06   -7.07229e+06
 Pressure (bar)
    0.00000e+00

           Step           Time
           1443     1443.00000

   Energies (kJ/mol)
           Bond       G96Angle        LJ (SR)   Coulomb (SR)      Potential
    2.84393e+05    7.04661e+04   -5.73818e+06   -1.68916e+06   -7.07248e+06
 Pressure (bar)
    0.00000e+00

           Step           Time
           1444     1444.00000

   Energies (kJ/mol)
           Bond       G96Angle        LJ (SR)   Coulomb (SR)      Potential
    2.84335e+05    7.04419e+04   -5.73838e+06   -1.68928e+06   -7.07288e+06
 Pressure (bar)
    0.00000e+00

           Step           Time
           1445     1445.00000

   Energies (kJ/mol)
           Bond       G96Angle        LJ (SR)   Coulomb (SR)      Potential
    2.84321e+05    7.04140e+04   -5.73849e+06   -1.68941e+06   -7.07316e+06
 Pressure (bar)
    0.00000e+00

           Step           Time
           1446     1446.00000

   Energies (kJ/mol)
           Bond       G96Angle        LJ (SR)   Coulomb (SR)      Potential
    2.84307e+05    7.03896e+04   -5.73861e+06   -1.68947e+06   -7.07338e+06
 Pressure (bar)
    0.00000e+00

           Step           Time
           1447     1447.00000

   Energies (kJ/mol)
           Bond       G96Angle        LJ (SR)   Coulomb (SR)      Potential
    2.84284e+05    7.03626e+04   -5.73875e+06   -1.68947e+06   -7.07357e+06
 Pressure (bar)
    0.00000e+00

           Step           Time
           1448     1448.00000

   Energies (kJ/mol)
           Bond       G96Angle        LJ (SR)   Coulomb (SR)      Potential
    2.84268e+05    7.03371e+04   -5.73888e+06   -1.68951e+06   -7.07379e+06
 Pressure (bar)
    0.00000e+00

           Step           Time
           1449     1449.00000

   Energies (kJ/mol)
           Bond       G96Angle        LJ (SR)   Coulomb (SR)      Potential
    2.84238e+05    7.03109e+04   -5.73898e+06   -1.68953e+06   -7.07397e+06
 Pressure (bar)
    0.00000e+00

           Step           Time
           1450     1450.00000

   Energies (kJ/mol)
           Bond       G96Angle        LJ (SR)   Coulomb (SR)      Potential
    2.84246e+05    7.02847e+04   -5.73905e+06   -1.68961e+06   -7.07413e+06
 Pressure (bar)
    0.00000e+00

           Step           Time
           1451     1451.00000

   Energies (kJ/mol)
           Bond       G96Angle        LJ (SR)   Coulomb (SR)      Potential
    2.84241e+05    7.02587e+04   -5.73916e+06   -1.68960e+06   -7.07426e+06
 Pressure (bar)
    0.00000e+00

           Step           Time
           1452     1452.00000

   Energies (kJ/mol)
           Bond       G96Angle        LJ (SR)   Coulomb (SR)      Potential
    2.84262e+05    7.02322e+04   -5.73925e+06   -1.68968e+06   -7.07443e+06
 Pressure (bar)
    0.00000e+00

           Step           Time
           1453     1453.00000

           Step           Time
           1454     1454.00000

   Energies (kJ/mol)
           Bond       G96Angle        LJ (SR)   Coulomb (SR)      Potential
    2.84260e+05    7.02197e+04   -5.73968e+06   -1.68981e+06   -7.07501e+06
 Pressure (bar)
    0.00000e+00

           Step           Time
           1455     1455.00000

           Step           Time
           1456     1456.00000

           Step           Time
           1457     1457.00000

   Energies (kJ/mol)
           Bond       G96Angle        LJ (SR)   Coulomb (SR)      Potential
    2.84163e+05    7.01984e+04   -5.73971e+06   -1.68983e+06   -7.07518e+06
 Pressure (bar)
    0.00000e+00

           Step           Time
           1458     1458.00000

           Step           Time
           1459     1459.00000

   Energies (kJ/mol)
           Bond       G96Angle        LJ (SR)   Coulomb (SR)      Potential
    2.84104e+05    7.01804e+04   -5.73979e+06   -1.68986e+06   -7.07537e+06
 Pressure (bar)
    0.00000e+00

           Step           Time
           1460     1460.00000

   Energies (kJ/mol)
           Bond       G96Angle        LJ (SR)   Coulomb (SR)      Potential
    2.84072e+05    7.01584e+04   -5.73990e+06   -1.68982e+06   -7.07549e+06
 Pressure (bar)
    0.00000e+00

           Step           Time
           1461     1461.00000

   Energies (kJ/mol)
           Bond       G96Angle        LJ (SR)   Coulomb (SR)      Potential
    2.83992e+05    7.01287e+04   -5.74005e+06   -1.68969e+06   -7.07561e+06
 Pressure (bar)
    0.00000e+00

           Step           Time
           1462     1462.00000

   Energies (kJ/mol)
           Bond       G96Angle        LJ (SR)   Coulomb (SR)      Potential
    2.83975e+05    7.00948e+04   -5.74018e+06   -1.68975e+06   -7.07586e+06
 Pressure (bar)
    0.00000e+00

           Step           Time
           1463     1463.00000

   Energies (kJ/mol)
           Bond       G96Angle        LJ (SR)   Coulomb (SR)      Potential
    2.83911e+05    7.00625e+04   -5.74040e+06   -1.68967e+06   -7.07610e+06
 Pressure (bar)
    0.00000e+00

           Step           Time
           1464     1464.00000

   Energies (kJ/mol)
           Bond       G96Angle        LJ (SR)   Coulomb (SR)      Potential
    2.83899e+05    7.00385e+04   -5.74056e+06   -1.68992e+06   -7.07655e+06
 Pressure (bar)
    0.00000e+00

           Step           Time
           1465     1465.00000

   Energies (kJ/mol)
           Bond       G96Angle        LJ (SR)   Coulomb (SR)      Potential
    2.83876e+05    7.00121e+04   -5.74062e+06   -1.69000e+06   -7.07673e+06
 Pressure (bar)
    0.00000e+00

           Step           Time
           1466     1466.00000

   Energies (kJ/mol)
           Bond       G96Angle        LJ (SR)   Coulomb (SR)      Potential
    2.83855e+05    6.99874e+04   -5.74080e+06   -1.69003e+06   -7.07699e+06
 Pressure (bar)
    0.00000e+00

           Step           Time
           1467     1467.00000

   Energies (kJ/mol)
           Bond       G96Angle        LJ (SR)   Coulomb (SR)      Potential
    2.83831e+05    6.99610e+04   -5.74093e+06   -1.69007e+06   -7.07721e+06
 Pressure (bar)
    0.00000e+00

           Step           Time
           1468     1468.00000

   Energies (kJ/mol)
           Bond       G96Angle        LJ (SR)   Coulomb (SR)      Potential
    2.83831e+05    6.99375e+04   -5.74106e+06   -1.69012e+06   -7.07741e+06
 Pressure (bar)
    0.00000e+00

           Step           Time
           1469     1469.00000

   Energies (kJ/mol)
           Bond       G96Angle        LJ (SR)   Coulomb (SR)      Potential
    2.83804e+05    6.99113e+04   -5.74116e+06   -1.69013e+06   -7.07758e+06
 Pressure (bar)
    0.00000e+00

           Step           Time
           1470     1470.00000

   Energies (kJ/mol)
           Bond       G96Angle        LJ (SR)   Coulomb (SR)      Potential
    2.83776e+05    6.98862e+04   -5.74125e+06   -1.69017e+06   -7.07776e+06
 Pressure (bar)
    0.00000e+00

           Step           Time
           1471     1471.00000

   Energies (kJ/mol)
           Bond       G96Angle        LJ (SR)   Coulomb (SR)      Potential
    2.83781e+05    6.98608e+04   -5.74135e+06   -1.69020e+06   -7.07791e+06
 Pressure (bar)
    0.00000e+00

           Step           Time
           1472     1472.00000

   Energies (kJ/mol)
           Bond       G96Angle        LJ (SR)   Coulomb (SR)      Potential
    2.83774e+05    6.98352e+04   -5.74145e+06   -1.69024e+06   -7.07808e+06
 Pressure (bar)
    0.00000e+00

           Step           Time
           1473     1473.00000

   Energies (kJ/mol)
           Bond       G96Angle        LJ (SR)   Coulomb (SR)      Potential
    2.83802e+05    6.98095e+04   -5.74156e+06   -1.69029e+06   -7.07823e+06
 Pressure (bar)
    0.00000e+00

           Step           Time
           1474     1474.00000

           Step           Time
           1475     1475.00000

   Energies (kJ/mol)
           Bond       G96Angle        LJ (SR)   Coulomb (SR)      Potential
    2.83784e+05    6.97956e+04   -5.74196e+06   -1.69043e+06   -7.07881e+06
 Pressure (bar)
    0.00000e+00

           Step           Time
           1476     1476.00000

           Step           Time
           1477     1477.00000

           Step           Time
           1478     1478.00000

   Energies (kJ/mol)
           Bond       G96Angle        LJ (SR)   Coulomb (SR)      Potential
    2.83714e+05    6.97777e+04   -5.74199e+06   -1.69047e+06   -7.07897e+06
 Pressure (bar)
    0.00000e+00

           Step           Time
           1479     1479.00000

           Step           Time
           1480     1480.00000

   Energies (kJ/mol)
           Bond       G96Angle        LJ (SR)   Coulomb (SR)      Potential
    2.83622e+05    6.97517e+04   -5.74208e+06   -1.69033e+06   -7.07904e+06
 Pressure (bar)
    0.00000e+00

           Step           Time
           1481     1481.00000

   Energies (kJ/mol)
           Bond       G96Angle        LJ (SR)   Coulomb (SR)      Potential
    2.83577e+05    6.97233e+04   -5.74222e+06   -1.69034e+06   -7.07927e+06
 Pressure (bar)
    0.00000e+00

           Step           Time
           1482     1482.00000

   Energies (kJ/mol)
           Bond       G96Angle        LJ (SR)   Coulomb (SR)      Potential
    2.83507e+05    6.96888e+04   -5.74239e+06   -1.69024e+06   -7.07944e+06
 Pressure (bar)
    0.00000e+00

           Step           Time
           1483     1483.00000

   Energies (kJ/mol)
           Bond       G96Angle        LJ (SR)   Coulomb (SR)      Potential
    2.83507e+05    6.96665e+04   -5.74253e+06   -1.69049e+06   -7.07984e+06
 Pressure (bar)
    0.00000e+00

           Step           Time
           1484     1484.00000

   Energies (kJ/mol)
           Bond       G96Angle        LJ (SR)   Coulomb (SR)      Potential
    2.83478e+05    6.96375e+04   -5.74266e+06   -1.69048e+06   -7.08002e+06
 Pressure (bar)
    0.00000e+00

           Step           Time
           1485     1485.00000

   Energies (kJ/mol)
           Bond       G96Angle        LJ (SR)   Coulomb (SR)      Potential
    2.83464e+05    6.96154e+04   -5.74280e+06   -1.69058e+06   -7.08030e+06
 Pressure (bar)
    0.00000e+00

           Step           Time
           1486     1486.00000

   Energies (kJ/mol)
           Bond       G96Angle        LJ (SR)   Coulomb (SR)      Potential
    2.83435e+05    6.95882e+04   -5.74289e+06   -1.69058e+06   -7.08045e+06
 Pressure (bar)
    0.00000e+00

           Step           Time
           1487     1487.00000

   Energies (kJ/mol)
           Bond       G96Angle        LJ (SR)   Coulomb (SR)      Potential
    2.83436e+05    6.95653e+04   -5.74303e+06   -1.69066e+06   -7.08069e+06
 Pressure (bar)
    0.00000e+00

           Step           Time
           1488     1488.00000

   Energies (kJ/mol)
           Bond       G96Angle        LJ (SR)   Coulomb (SR)      Potential
    2.83420e+05    6.95371e+04   -5.74305e+06   -1.69070e+06   -7.08079e+06
 Pressure (bar)
    0.00000e+00

           Step           Time
           1489     1489.00000

   Energies (kJ/mol)
           Bond       G96Angle        LJ (SR)   Coulomb (SR)      Potential
    2.83417e+05    6.95151e+04   -5.74321e+06   -1.69071e+06   -7.08099e+06
 Pressure (bar)
    0.00000e+00

           Step           Time
           1490     1490.00000

   Energies (kJ/mol)
           Bond       G96Angle        LJ (SR)   Coulomb (SR)      Potential
    2.83416e+05    6.94874e+04   -5.74318e+06   -1.69077e+06   -7.08105e+06
 Pressure (bar)
    0.00000e+00

           Step           Time
           1491     1491.00000

   Energies (kJ/mol)
           Bond       G96Angle        LJ (SR)   Coulomb (SR)      Potential
    2.83456e+05    6.94645e+04   -5.74340e+06   -1.69078e+06   -7.08126e+06
 Pressure (bar)
    0.00000e+00

           Step           Time
           1492     1492.00000

           Step           Time
           1493     1493.00000

   Energies (kJ/mol)
           Bond       G96Angle        LJ (SR)   Coulomb (SR)      Potential
    2.83440e+05    6.94506e+04   -5.74382e+06   -1.69093e+06   -7.08186e+06
 Pressure (bar)
    0.00000e+00

           Step           Time
           1494     1494.00000

           Step           Time
           1495     1495.00000

           Step           Time
           1496     1496.00000

   Energies (kJ/mol)
           Bond       G96Angle        LJ (SR)   Coulomb (SR)      Potential
    2.83342e+05    6.94315e+04   -5.74382e+06   -1.69097e+06   -7.08201e+06
 Pressure (bar)
    0.00000e+00

           Step           Time
           1497     1497.00000

           Step           Time
           1498     1498.00000

   Energies (kJ/mol)
           Bond       G96Angle        LJ (SR)   Coulomb (SR)      Potential
    2.83261e+05    6.94108e+04   -5.74390e+06   -1.69090e+06   -7.08213e+06
 Pressure (bar)
    0.00000e+00

           Step           Time
           1499     1499.00000

   Energies (kJ/mol)
           Bond       G96Angle        LJ (SR)   Coulomb (SR)      Potential
    2.83235e+05    6.93857e+04   -5.74400e+06   -1.69090e+06   -7.08228e+06
 Pressure (bar)
    0.00000e+00

           Step           Time
           1500     1500.00000

   Energies (kJ/mol)
           Bond       G96Angle        LJ (SR)   Coulomb (SR)      Potential
    2.83173e+05    6.93551e+04   -5.74414e+06   -1.69082e+06   -7.08243e+06
 Pressure (bar)
    0.00000e+00

           Step           Time
           1501     1501.00000

   Energies (kJ/mol)
           Bond       G96Angle        LJ (SR)   Coulomb (SR)      Potential
    2.83112e+05    6.93273e+04   -5.74435e+06   -1.69086e+06   -7.08277e+06
 Pressure (bar)
    0.00000e+00

           Step           Time
           1502     1502.00000

   Energies (kJ/mol)
           Bond       G96Angle        LJ (SR)   Coulomb (SR)      Potential
    2.83114e+05    6.93058e+04   -5.74444e+06   -1.69103e+06   -7.08305e+06
 Pressure (bar)
    0.00000e+00

           Step           Time
           1503     1503.00000

   Energies (kJ/mol)
           Bond       G96Angle        LJ (SR)   Coulomb (SR)      Potential
    2.83105e+05    6.92797e+04   -5.74456e+06   -1.69105e+06   -7.08323e+06
 Pressure (bar)
    0.00000e+00

           Step           Time
           1504     1504.00000

   Energies (kJ/mol)
           Bond       G96Angle        LJ (SR)   Coulomb (SR)      Potential
    2.83064e+05    6.92563e+04   -5.74469e+06   -1.69110e+06   -7.08347e+06
 Pressure (bar)
    0.00000e+00

           Step           Time
           1505     1505.00000

   Energies (kJ/mol)
           Bond       G96Angle        LJ (SR)   Coulomb (SR)      Potential
    2.83049e+05    6.92310e+04   -5.74479e+06   -1.69112e+06   -7.08363e+06
 Pressure (bar)
    0.00000e+00

           Step           Time
           1506     1506.00000

   Energies (kJ/mol)
           Bond       G96Angle        LJ (SR)   Coulomb (SR)      Potential
    2.83012e+05    6.92080e+04   -5.74492e+06   -1.69114e+06   -7.08384e+06
 Pressure (bar)
    0.00000e+00

           Step           Time
           1507     1507.00000

   Energies (kJ/mol)
           Bond       G96Angle        LJ (SR)   Coulomb (SR)      Potential
    2.83011e+05    6.91820e+04   -5.74501e+06   -1.69121e+06   -7.08402e+06
 Pressure (bar)
    0.00000e+00

           Step           Time
           1508     1508.00000

   Energies (kJ/mol)
           Bond       G96Angle        LJ (SR)   Coulomb (SR)      Potential
    2.82992e+05    6.91587e+04   -5.74516e+06   -1.69122e+06   -7.08422e+06
 Pressure (bar)
    0.00000e+00

           Step           Time
           1509     1509.00000

   Energies (kJ/mol)
           Bond       G96Angle        LJ (SR)   Coulomb (SR)      Potential
    2.82994e+05    6.91341e+04   -5.74526e+06   -1.69125e+06   -7.08438e+06
 Pressure (bar)
    0.00000e+00

           Step           Time
           1510     1510.00000

   Energies (kJ/mol)
           Bond       G96Angle        LJ (SR)   Coulomb (SR)      Potential
    2.82967e+05    6.91097e+04   -5.74532e+06   -1.69128e+06   -7.08453e+06
 Pressure (bar)
    0.00000e+00

           Step           Time
           1511     1511.00000

   Energies (kJ/mol)
           Bond       G96Angle        LJ (SR)   Coulomb (SR)      Potential
    2.83000e+05    6.90855e+04   -5.74545e+06   -1.69131e+06   -7.08468e+06
 Pressure (bar)
    0.00000e+00

           Step           Time
           1512     1512.00000

           Step           Time
           1513     1513.00000

   Energies (kJ/mol)
           Bond       G96Angle        LJ (SR)   Coulomb (SR)      Potential
    2.82991e+05    6.90726e+04   -5.74579e+06   -1.69147e+06   -7.08519e+06
 Pressure (bar)
    0.00000e+00

           Step           Time
           1514     1514.00000

           Step           Time
           1515     1515.00000

           Step           Time
           1516     1516.00000

   Energies (kJ/mol)
           Bond       G96Angle        LJ (SR)   Coulomb (SR)      Potential
    2.82904e+05    6.90541e+04   -5.74581e+06   -1.69147e+06   -7.08532e+06
 Pressure (bar)
    0.00000e+00

           Step           Time
           1517     1517.00000

           Step           Time
           1518     1518.00000

   Energies (kJ/mol)
           Bond       G96Angle        LJ (SR)   Coulomb (SR)      Potential
    2.82834e+05    6.90259e+04   -5.74594e+06   -1.69126e+06   -7.08533e+06
 Pressure (bar)
    0.00000e+00

           Step           Time
           1519     1519.00000

   Energies (kJ/mol)
           Bond       G96Angle        LJ (SR)   Coulomb (SR)      Potential
    2.82773e+05    6.89973e+04   -5.74602e+06   -1.69132e+06   -7.08557e+06
 Pressure (bar)
    0.00000e+00

           Step           Time
           1520     1520.00000

   Energies (kJ/mol)
           Bond       G96Angle        LJ (SR)   Coulomb (SR)      Potential
    2.82747e+05    6.89715e+04   -5.74623e+06   -1.69137e+06   -7.08588e+06
 Pressure (bar)
    0.00000e+00

           Step           Time
           1521     1521.00000

   Energies (kJ/mol)
           Bond       G96Angle        LJ (SR)   Coulomb (SR)      Potential
    2.82723e+05    6.89483e+04   -5.74630e+06   -1.69151e+06   -7.08614e+06
 Pressure (bar)
    0.00000e+00

           Step           Time
           1522     1522.00000

   Energies (kJ/mol)
           Bond       G96Angle        LJ (SR)   Coulomb (SR)      Potential
    2.82712e+05    6.89235e+04   -5.74644e+06   -1.69153e+06   -7.08633e+06
 Pressure (bar)
    0.00000e+00

           Step           Time
           1523     1523.00000

   Energies (kJ/mol)
           Bond       G96Angle        LJ (SR)   Coulomb (SR)      Potential
    2.82689e+05    6.89008e+04   -5.74656e+06   -1.69156e+06   -7.08654e+06
 Pressure (bar)
    0.00000e+00

           Step           Time
           1524     1524.00000

   Energies (kJ/mol)
           Bond       G96Angle        LJ (SR)   Coulomb (SR)      Potential
    2.82660e+05    6.88749e+04   -5.74669e+06   -1.69156e+06   -7.08671e+06
 Pressure (bar)
    0.00000e+00

           Step           Time
           1525     1525.00000

   Energies (kJ/mol)
           Bond       G96Angle        LJ (SR)   Coulomb (SR)      Potential
    2.82650e+05    6.88516e+04   -5.74677e+06   -1.69163e+06   -7.08691e+06
 Pressure (bar)
    0.00000e+00

           Step           Time
           1526     1526.00000

   Energies (kJ/mol)
           Bond       G96Angle        LJ (SR)   Coulomb (SR)      Potential
    2.82632e+05    6.88286e+04   -5.74692e+06   -1.69163e+06   -7.08709e+06
 Pressure (bar)
    0.00000e+00

           Step           Time
           1527     1527.00000

   Energies (kJ/mol)
           Bond       G96Angle        LJ (SR)   Coulomb (SR)      Potential
    2.82642e+05    6.88051e+04   -5.74704e+06   -1.69170e+06   -7.08729e+06
 Pressure (bar)
    0.00000e+00

           Step           Time
           1528     1528.00000

   Energies (kJ/mol)
           Bond       G96Angle        LJ (SR)   Coulomb (SR)      Potential
    2.82604e+05    6.87798e+04   -5.74710e+06   -1.69168e+06   -7.08740e+06
 Pressure (bar)
    0.00000e+00

           Step           Time
           1529     1529.00000

   Energies (kJ/mol)
           Bond       G96Angle        LJ (SR)   Coulomb (SR)      Potential
    2.82614e+05    6.87558e+04   -5.74725e+06   -1.69171e+06   -7.08759e+06
 Pressure (bar)
    0.00000e+00

           Step           Time
           1530     1530.00000

   Energies (kJ/mol)
           Bond       G96Angle        LJ (SR)   Coulomb (SR)      Potential
    2.82615e+05    6.87307e+04   -5.74723e+06   -1.69172e+06   -7.08760e+06
 Pressure (bar)
    0.00000e+00

           Step           Time
           1531     1531.00000

   Energies (kJ/mol)
           Bond       G96Angle        LJ (SR)   Coulomb (SR)      Potential
    2.82706e+05    6.87070e+04   -5.74735e+06   -1.69180e+06   -7.08773e+06
 Pressure (bar)
    0.00000e+00

           Step           Time
           1532     1532.00000

           Step           Time
           1533     1533.00000

   Energies (kJ/mol)
           Bond       G96Angle        LJ (SR)   Coulomb (SR)      Potential
    2.82691e+05    6.86939e+04   -5.74789e+06   -1.69194e+06   -7.08844e+06
 Pressure (bar)
    0.00000e+00

           Step           Time
           1534     1534.00000

           Step           Time
           1535     1535.00000

           Step           Time
           1536     1536.00000

   Energies (kJ/mol)
           Bond       G96Angle        LJ (SR)   Coulomb (SR)      Potential
    2.82577e+05    6.86777e+04   -5.74791e+06   -1.69197e+06   -7.08862e+06
 Pressure (bar)
    0.00000e+00

           Step           Time
           1537     1537.00000

           Step           Time
           1538     1538.00000

   Energies (kJ/mol)
           Bond       G96Angle        LJ (SR)   Coulomb (SR)      Potential
    2.82457e+05    6.86523e+04   -5.74793e+06   -1.69184e+06   -7.08866e+06
 Pressure (bar)
    0.00000e+00

           Step           Time
           1539     1539.00000

   Energies (kJ/mol)
           Bond       G96Angle        LJ (SR)   Coulomb (SR)      Potential
    2.82404e+05    6.86201e+04   -5.74811e+06   -1.69167e+06   -7.08876e+06
 Pressure (bar)
    0.00000e+00

           Step           Time
           1540     1540.00000

   Energies (kJ/mol)
           Bond       G96Angle        LJ (SR)   Coulomb (SR)      Potential
    2.82329e+05    6.85911e+04   -5.74824e+06   -1.69176e+06   -7.08908e+06
 Pressure (bar)
    0.00000e+00

           Step           Time
           1541     1541.00000

   Energies (kJ/mol)
           Bond       G96Angle        LJ (SR)   Coulomb (SR)      Potential
    2.82327e+05    6.85693e+04   -5.74840e+06   -1.69195e+06   -7.08946e+06
 Pressure (bar)
    0.00000e+00

           Step           Time
           1542     1542.00000

   Energies (kJ/mol)
           Bond       G96Angle        LJ (SR)   Coulomb (SR)      Potential
    2.82302e+05    6.85426e+04   -5.74847e+06   -1.69198e+06   -7.08961e+06
 Pressure (bar)
    0.00000e+00

           Step           Time
           1543     1543.00000

   Energies (kJ/mol)
           Bond       G96Angle        LJ (SR)   Coulomb (SR)      Potential
    2.82295e+05    6.85205e+04   -5.74864e+06   -1.69204e+06   -7.08987e+06
 Pressure (bar)
    0.00000e+00

           Step           Time
           1544     1544.00000

   Energies (kJ/mol)
           Bond       G96Angle        LJ (SR)   Coulomb (SR)      Potential
    2.82277e+05    6.84947e+04   -5.74868e+06   -1.69207e+06   -7.08999e+06
 Pressure (bar)
    0.00000e+00

           Step           Time
           1545     1545.00000

   Energies (kJ/mol)
           Bond       G96Angle        LJ (SR)   Coulomb (SR)      Potential
    2.82262e+05    6.84717e+04   -5.74885e+06   -1.69207e+06   -7.09020e+06
 Pressure (bar)
    0.00000e+00

           Step           Time
           1546     1546.00000

   Energies (kJ/mol)
           Bond       G96Angle        LJ (SR)   Coulomb (SR)      Potential
    2.82255e+05    6.84472e+04   -5.74887e+06   -1.69214e+06   -7.09031e+06
 Pressure (bar)
    0.00000e+00

           Step           Time
           1547     1547.00000

   Energies (kJ/mol)
           Bond       G96Angle        LJ (SR)   Coulomb (SR)      Potential
    2.82281e+05    6.84238e+04   -5.74901e+06   -1.69216e+06   -7.09046e+06
 Pressure (bar)
    0.00000e+00

           Step           Time
           1548     1548.00000

   Energies (kJ/mol)
           Bond       G96Angle        LJ (SR)   Coulomb (SR)      Potential
    2.82297e+05    6.83995e+04   -5.74906e+06   -1.69224e+06   -7.09060e+06
 Pressure (bar)
    0.00000e+00

           Step           Time
           1549     1549.00000

           Step           Time
           1550     1550.00000

   Energies (kJ/mol)
           Bond       G96Angle        LJ (SR)   Coulomb (SR)      Potential
    2.82305e+05    6.83875e+04   -5.74952e+06   -1.69236e+06   -7.09119e+06
 Pressure (bar)
    0.00000e+00

           Step           Time
           1551     1551.00000

           Step           Time
           1552     1552.00000

           Step           Time
           1553     1553.00000

   Energies (kJ/mol)
           Bond       G96Angle        LJ (SR)   Coulomb (SR)      Potential
    2.82207e+05    6.83679e+04   -5.74956e+06   -1.69234e+06   -7.09132e+06
 Pressure (bar)
    0.00000e+00

           Step           Time
           1554     1554.00000

           Step           Time
           1555     1555.00000

   Energies (kJ/mol)
           Bond       G96Angle        LJ (SR)   Coulomb (SR)      Potential
    2.82159e+05    6.83504e+04   -5.74960e+06   -1.69238e+06   -7.09148e+06
 Pressure (bar)
    0.00000e+00

           Step           Time
           1556     1556.00000

   Energies (kJ/mol)
           Bond       G96Angle        LJ (SR)   Coulomb (SR)      Potential
    2.82124e+05    6.83294e+04   -5.74967e+06   -1.69238e+06   -7.09159e+06
 Pressure (bar)
    0.00000e+00

           Step           Time
           1557     1557.00000

   Energies (kJ/mol)
           Bond       G96Angle        LJ (SR)   Coulomb (SR)      Potential
    2.82076e+05    6.83057e+04   -5.74979e+06   -1.69232e+06   -7.09173e+06
 Pressure (bar)
    0.00000e+00

           Step           Time
           1558     1558.00000

   Energies (kJ/mol)
           Bond       G96Angle        LJ (SR)   Coulomb (SR)      Potential
    2.82053e+05    6.82797e+04   -5.74994e+06   -1.69233e+06   -7.09194e+06
 Pressure (bar)
    0.00000e+00

           Step           Time
           1559     1559.00000

           Step           Time
           1560     1560.00000

   Energies (kJ/mol)
           Bond       G96Angle        LJ (SR)   Coulomb (SR)      Potential
    2.82008e+05    6.82592e+04   -5.75007e+06   -1.69243e+06   -7.09223e+06
 Pressure (bar)
    0.00000e+00

           Step           Time
           1561     1561.00000

   Energies (kJ/mol)
           Bond       G96Angle        LJ (SR)   Coulomb (SR)      Potential
    2.82006e+05    6.82338e+04   -5.75015e+06   -1.69248e+06   -7.09239e+06
 Pressure (bar)
    0.00000e+00

           Step           Time
           1562     1562.00000

   Energies (kJ/mol)
           Bond       G96Angle        LJ (SR)   Coulomb (SR)      Potential
    2.81958e+05    6.82096e+04   -5.75031e+06   -1.69242e+06   -7.09257e+06
 Pressure (bar)
    0.00000e+00

           Step           Time
           1563     1563.00000

   Energies (kJ/mol)
           Bond       G96Angle        LJ (SR)   Coulomb (SR)      Potential
    2.81954e+05    6.81848e+04   -5.75044e+06   -1.69251e+06   -7.09281e+06
 Pressure (bar)
    0.00000e+00

           Step           Time
           1564     1564.00000

   Energies (kJ/mol)
           Bond       G96Angle        LJ (SR)   Coulomb (SR)      Potential
    2.81928e+05    6.81635e+04   -5.75059e+06   -1.69257e+06   -7.09307e+06
 Pressure (bar)
    0.00000e+00

           Step           Time
           1565     1565.00000

   Energies (kJ/mol)
           Bond       G96Angle        LJ (SR)   Coulomb (SR)      Potential
    2.81901e+05    6.81379e+04   -5.75069e+06   -1.69257e+06   -7.09322e+06
 Pressure (bar)
    0.00000e+00

           Step           Time
           1566     1566.00000

   Energies (kJ/mol)
           Bond       G96Angle        LJ (SR)   Coulomb (SR)      Potential
    2.81881e+05    6.81162e+04   -5.75081e+06   -1.69263e+06   -7.09344e+06
 Pressure (bar)
    0.00000e+00

           Step           Time
           1567     1567.00000

   Energies (kJ/mol)
           Bond       G96Angle        LJ (SR)   Coulomb (SR)      Potential
    2.81858e+05    6.80919e+04   -5.75090e+06   -1.69265e+06   -7.09360e+06
 Pressure (bar)
    0.00000e+00

           Step           Time
           1568     1568.00000

   Energies (kJ/mol)
           Bond       G96Angle        LJ (SR)   Coulomb (SR)      Potential
    2.81849e+05    6.80698e+04   -5.75105e+06   -1.69267e+06   -7.09379e+06
 Pressure (bar)
    0.00000e+00

           Step           Time
           1569     1569.00000

   Energies (kJ/mol)
           Bond       G96Angle        LJ (SR)   Coulomb (SR)      Potential
    2.81818e+05    6.80465e+04   -5.75111e+06   -1.69272e+06   -7.09396e+06
 Pressure (bar)
    0.00000e+00

           Step           Time
           1570     1570.00000

   Energies (kJ/mol)
           Bond       G96Angle        LJ (SR)   Coulomb (SR)      Potential
    2.81793e+05    6.80243e+04   -5.75128e+06   -1.69271e+06   -7.09417e+06
 Pressure (bar)
    0.00000e+00

           Step           Time
           1571     1571.00000

   Energies (kJ/mol)
           Bond       G96Angle        LJ (SR)   Coulomb (SR)      Potential
    2.81805e+05    6.80005e+04   -5.75134e+06   -1.69278e+06   -7.09432e+06
 Pressure (bar)
    0.00000e+00

           Step           Time
           1572     1572.00000

   Energies (kJ/mol)
           Bond       G96Angle        LJ (SR)   Coulomb (SR)      Potential
    2.81806e+05    6.79784e+04   -5.75152e+06   -1.69279e+06   -7.09452e+06
 Pressure (bar)
    0.00000e+00

           Step           Time
           1573     1573.00000

   Energies (kJ/mol)
           Bond       G96Angle        LJ (SR)   Coulomb (SR)      Potential
    2.81789e+05    6.79524e+04   -5.75151e+06   -1.69282e+06   -7.09459e+06
 Pressure (bar)
    0.00000e+00

           Step           Time
           1574     1574.00000

   Energies (kJ/mol)
           Bond       G96Angle        LJ (SR)   Coulomb (SR)      Potential
    2.81811e+05    6.79297e+04   -5.75171e+06   -1.69281e+06   -7.09477e+06
 Pressure (bar)
    0.00000e+00

           Step           Time
           1575     1575.00000

           Step           Time
           1576     1576.00000

   Energies (kJ/mol)
           Bond       G96Angle        LJ (SR)   Coulomb (SR)      Potential
    2.81795e+05    6.79170e+04   -5.75204e+06   -1.69295e+06   -7.09529e+06
 Pressure (bar)
    0.00000e+00

           Step           Time
           1577     1577.00000

           Step           Time
           1578     1578.00000

           Step           Time
           1579     1579.00000

   Energies (kJ/mol)
           Bond       G96Angle        LJ (SR)   Coulomb (SR)      Potential
    2.81731e+05    6.79014e+04   -5.75207e+06   -1.69300e+06   -7.09544e+06
 Pressure (bar)
    0.00000e+00

           Step           Time
           1580     1580.00000

           Step           Time
           1581     1581.00000

   Energies (kJ/mol)
           Bond       G96Angle        LJ (SR)   Coulomb (SR)      Potential
    2.81666e+05    6.78767e+04   -5.75211e+06   -1.69288e+06   -7.09544e+06
 Pressure (bar)
    0.00000e+00

           Step           Time
           1582     1582.00000

   Energies (kJ/mol)
           Bond       G96Angle        LJ (SR)   Coulomb (SR)      Potential
    2.81610e+05    6.78507e+04   -5.75228e+06   -1.69283e+06   -7.09565e+06
 Pressure (bar)
    0.00000e+00

           Step           Time
           1583     1583.00000

   Energies (kJ/mol)
           Bond       G96Angle        LJ (SR)   Coulomb (SR)      Potential
    2.81590e+05    6.78195e+04   -5.75239e+06   -1.69280e+06   -7.09578e+06
 Pressure (bar)
    0.00000e+00

           Step           Time
           1584     1584.00000

   Energies (kJ/mol)
           Bond       G96Angle        LJ (SR)   Coulomb (SR)      Potential
    2.81547e+05    6.78002e+04   -5.75259e+06   -1.69296e+06   -7.09620e+06
 Pressure (bar)
    0.00000e+00

           Step           Time
           1585     1585.00000

   Energies (kJ/mol)
           Bond       G96Angle        LJ (SR)   Coulomb (SR)      Potential
    2.81524e+05    6.77708e+04   -5.75265e+06   -1.69294e+06   -7.09629e+06
 Pressure (bar)
    0.00000e+00

           Step           Time
           1586     1586.00000

   Energies (kJ/mol)
           Bond       G96Angle        LJ (SR)   Coulomb (SR)      Potential
    2.81517e+05    6.77517e+04   -5.75282e+06   -1.69307e+06   -7.09662e+06
 Pressure (bar)
    0.00000e+00

           Step           Time
           1587     1587.00000

   Energies (kJ/mol)
           Bond       G96Angle        LJ (SR)   Coulomb (SR)      Potential
    2.81502e+05    6.77250e+04   -5.75289e+06   -1.69307e+06   -7.09673e+06
 Pressure (bar)
    0.00000e+00

           Step           Time
           1588     1588.00000

   Energies (kJ/mol)
           Bond       G96Angle        LJ (SR)   Coulomb (SR)      Potential
    2.81489e+05    6.77042e+04   -5.75307e+06   -1.69311e+06   -7.09699e+06
 Pressure (bar)
    0.00000e+00

           Step           Time
           1589     1589.00000

   Energies (kJ/mol)
           Bond       G96Angle        LJ (SR)   Coulomb (SR)      Potential
    2.81459e+05    6.76803e+04   -5.75307e+06   -1.69312e+06   -7.09706e+06
 Pressure (bar)
    0.00000e+00

           Step           Time
           1590     1590.00000

   Energies (kJ/mol)
           Bond       G96Angle        LJ (SR)   Coulomb (SR)      Potential
    2.81481e+05    6.76578e+04   -5.75327e+06   -1.69313e+06   -7.09726e+06
 Pressure (bar)
    0.00000e+00

           Step           Time
           1591     1591.00000

   Energies (kJ/mol)
           Bond       G96Angle        LJ (SR)   Coulomb (SR)      Potential
    2.81477e+05    6.76344e+04   -5.75326e+06   -1.69323e+06   -7.09738e+06
 Pressure (bar)
    0.00000e+00

           Step           Time
           1592     1592.00000

   Energies (kJ/mol)
           Bond       G96Angle        LJ (SR)   Coulomb (SR)      Potential
    2.81516e+05    6.76112e+04   -5.75339e+06   -1.69319e+06   -7.09745e+06
 Pressure (bar)
    0.00000e+00

           Step           Time
           1593     1593.00000

   Energies (kJ/mol)
           Bond       G96Angle        LJ (SR)   Coulomb (SR)      Potential
    2.81524e+05    6.75885e+04   -5.75344e+06   -1.69325e+06   -7.09758e+06
 Pressure (bar)
    0.00000e+00

           Step           Time
           1594     1594.00000

           Step           Time
           1595     1595.00000

   Energies (kJ/mol)
           Bond       G96Angle        LJ (SR)   Coulomb (SR)      Potential
    2.81541e+05    6.75767e+04   -5.75398e+06   -1.69338e+06   -7.09824e+06
 Pressure (bar)
    0.00000e+00

           Step           Time
           1596     1596.00000

           Step           Time
           1597     1597.00000

           Step           Time
           1598     1598.00000

   Energies (kJ/mol)
           Bond       G96Angle        LJ (SR)   Coulomb (SR)      Potential
    2.81439e+05    6.75597e+04   -5.75398e+06   -1.69342e+06   -7.09839e+06
 Pressure (bar)
    0.00000e+00

           Step           Time
           1599     1599.00000

           Step           Time
           1600     1600.00000

   Energies (kJ/mol)
           Bond       G96Angle        LJ (SR)   Coulomb (SR)      Potential
    2.81342e+05    6.75371e+04   -5.75401e+06   -1.69330e+06   -7.09843e+06
 Pressure (bar)
    0.00000e+00

           Step           Time
           1601     1601.00000

   Energies (kJ/mol)
           Bond       G96Angle        LJ (SR)   Coulomb (SR)      Potential
    2.81301e+05    6.75107e+04   -5.75415e+06   -1.69329e+06   -7.09863e+06
 Pressure (bar)
    0.00000e+00

           Step           Time
           1602     1602.00000

   Energies (kJ/mol)
           Bond       G96Angle        LJ (SR)   Coulomb (SR)      Potential
    2.81246e+05    6.74811e+04   -5.75431e+06   -1.69319e+06   -7.09877e+06
 Pressure (bar)
    0.00000e+00

           Step           Time
           1603     1603.00000

   Energies (kJ/mol)
           Bond       G96Angle        LJ (SR)   Coulomb (SR)      Potential
    2.81217e+05    6.74595e+04   -5.75443e+06   -1.69339e+06   -7.09915e+06
 Pressure (bar)
    0.00000e+00

           Step           Time
           1604     1604.00000

   Energies (kJ/mol)
           Bond       G96Angle        LJ (SR)   Coulomb (SR)      Potential
    2.81222e+05    6.74369e+04   -5.75454e+06   -1.69346e+06   -7.09935e+06
 Pressure (bar)
    0.00000e+00

           Step           Time
           1605     1605.00000

   Energies (kJ/mol)
           Bond       G96Angle        LJ (SR)   Coulomb (SR)      Potential
    2.81188e+05    6.74144e+04   -5.75467e+06   -1.69348e+06   -7.09954e+06
 Pressure (bar)
    0.00000e+00

           Step           Time
           1606     1606.00000

   Energies (kJ/mol)
           Bond       G96Angle        LJ (SR)   Coulomb (SR)      Potential
    2.81194e+05    6.73922e+04   -5.75473e+06   -1.69356e+06   -7.09971e+06
 Pressure (bar)
    0.00000e+00

           Step           Time
           1607     1607.00000

   Energies (kJ/mol)
           Bond       G96Angle        LJ (SR)   Coulomb (SR)      Potential
    2.81159e+05    6.73693e+04   -5.75489e+06   -1.69353e+06   -7.09988e+06
 Pressure (bar)
    0.00000e+00

           Step           Time
           1608     1608.00000

   Energies (kJ/mol)
           Bond       G96Angle        LJ (SR)   Coulomb (SR)      Potential
    2.81152e+05    6.73472e+04   -5.75500e+06   -1.69357e+06   -7.10008e+06
 Pressure (bar)
    0.00000e+00

           Step           Time
           1609     1609.00000

   Energies (kJ/mol)
           Bond       G96Angle        LJ (SR)   Coulomb (SR)      Potential
    2.81141e+05    6.73244e+04   -5.75507e+06   -1.69362e+06   -7.10023e+06
 Pressure (bar)
    0.00000e+00

           Step           Time
           1610     1610.00000

   Energies (kJ/mol)
           Bond       G96Angle        LJ (SR)   Coulomb (SR)      Potential
    2.81154e+05    6.73023e+04   -5.75519e+06   -1.69366e+06   -7.10039e+06
 Pressure (bar)
    0.00000e+00

           Step           Time
           1611     1611.00000

   Energies (kJ/mol)
           Bond       G96Angle        LJ (SR)   Coulomb (SR)      Potential
    2.81142e+05    6.72794e+04   -5.75526e+06   -1.69368e+06   -7.10052e+06
 Pressure (bar)
    0.00000e+00

           Step           Time
           1612     1612.00000

   Energies (kJ/mol)
           Bond       G96Angle        LJ (SR)   Coulomb (SR)      Potential
    2.81160e+05    6.72571e+04   -5.75538e+06   -1.69370e+06   -7.10066e+06
 Pressure (bar)
    0.00000e+00

           Step           Time
           1613     1613.00000

           Step           Time
           1614     1614.00000

   Energies (kJ/mol)
           Bond       G96Angle        LJ (SR)   Coulomb (SR)      Potential
    2.81146e+05    6.72450e+04   -5.75571e+06   -1.69384e+06   -7.10116e+06
 Pressure (bar)
    0.00000e+00

           Step           Time
           1615     1615.00000

           Step           Time
           1616     1616.00000

           Step           Time
           1617     1617.00000

   Energies (kJ/mol)
           Bond       G96Angle        LJ (SR)   Coulomb (SR)      Potential
    2.81079e+05    6.72284e+04   -5.75575e+06   -1.69385e+06   -7.10129e+06
 Pressure (bar)
    0.00000e+00

           Step           Time
           1618     1618.00000

           Step           Time
           1619     1619.00000

   Energies (kJ/mol)
           Bond       G96Angle        LJ (SR)   Coulomb (SR)      Potential
    2.81025e+05    6.72065e+04   -5.75581e+06   -1.69377e+06   -7.10135e+06
 Pressure (bar)
    0.00000e+00

           Step           Time
           1620     1620.00000

   Energies (kJ/mol)
           Bond       G96Angle        LJ (SR)   Coulomb (SR)      Potential
    2.80978e+05    6.71803e+04   -5.75594e+06   -1.69371e+06   -7.10149e+06
 Pressure (bar)
    0.00000e+00

           Step           Time
           1621     1621.00000

   Energies (kJ/mol)
           Bond       G96Angle        LJ (SR)   Coulomb (SR)      Potential
    2.80940e+05    6.71527e+04   -5.75608e+06   -1.69369e+06   -7.10168e+06
 Pressure (bar)
    0.00000e+00

           Step           Time
           1622     1622.00000

   Energies (kJ/mol)
           Bond       G96Angle        LJ (SR)   Coulomb (SR)      Potential
    2.80905e+05    6.71319e+04   -5.75626e+06   -1.69383e+06   -7.10205e+06
 Pressure (bar)
    0.00000e+00

           Step           Time
           1623     1623.00000

   Energies (kJ/mol)
           Bond       G96Angle        LJ (SR)   Coulomb (SR)      Potential
    2.80890e+05    6.71080e+04   -5.75631e+06   -1.69389e+06   -7.10221e+06
 Pressure (bar)
    0.00000e+00

           Step           Time
           1624     1624.00000

   Energies (kJ/mol)
           Bond       G96Angle        LJ (SR)   Coulomb (SR)      Potential
    2.80888e+05    6.70857e+04   -5.75643e+06   -1.69395e+06   -7.10240e+06
 Pressure (bar)
    0.00000e+00

           Step           Time
           1625     1625.00000

   Energies (kJ/mol)
           Bond       G96Angle        LJ (SR)   Coulomb (SR)      Potential
    2.80876e+05    6.70633e+04   -5.75650e+06   -1.69399e+06   -7.10254e+06
 Pressure (bar)
    0.00000e+00

           Step           Time
           1626     1626.00000

   Energies (kJ/mol)
           Bond       G96Angle        LJ (SR)   Coulomb (SR)      Potential
    2.80872e+05    6.70408e+04   -5.75662e+06   -1.69402e+06   -7.10273e+06
 Pressure (bar)
    0.00000e+00

           Step           Time
           1627     1627.00000

   Energies (kJ/mol)
           Bond       G96Angle        LJ (SR)   Coulomb (SR)      Potential
    2.80839e+05    6.70195e+04   -5.75673e+06   -1.69404e+06   -7.10291e+06
 Pressure (bar)
    0.00000e+00

           Step           Time
           1628     1628.00000

   Energies (kJ/mol)
           Bond       G96Angle        LJ (SR)   Coulomb (SR)      Potential
    2.80829e+05    6.69972e+04   -5.75682e+06   -1.69405e+06   -7.10304e+06
 Pressure (bar)
    0.00000e+00

           Step           Time
           1629     1629.00000

   Energies (kJ/mol)
           Bond       G96Angle        LJ (SR)   Coulomb (SR)      Potential
    2.80831e+05    6.69747e+04   -5.75693e+06   -1.69409e+06   -7.10321e+06
 Pressure (bar)
    0.00000e+00

           Step           Time
           1630     1630.00000

   Energies (kJ/mol)
           Bond       G96Angle        LJ (SR)   Coulomb (SR)      Potential
    2.80847e+05    6.69526e+04   -5.75696e+06   -1.69410e+06   -7.10326e+06
 Pressure (bar)
    0.00000e+00

           Step           Time
           1631     1631.00000

   Energies (kJ/mol)
           Bond       G96Angle        LJ (SR)   Coulomb (SR)      Potential
    2.80864e+05    6.69317e+04   -5.75709e+06   -1.69417e+06   -7.10346e+06
 Pressure (bar)
    0.00000e+00

           Step           Time
           1632     1632.00000

           Step           Time
           1633     1633.00000

   Energies (kJ/mol)
           Bond       G96Angle        LJ (SR)   Coulomb (SR)      Potential
    2.80876e+05    6.69190e+04   -5.75748e+06   -1.69432e+06   -7.10400e+06
 Pressure (bar)
    0.00000e+00

           Step           Time
           1634     1634.00000

           Step           Time
           1635     1635.00000

           Step           Time
           1636     1636.00000

   Energies (kJ/mol)
           Bond       G96Angle        LJ (SR)   Coulomb (SR)      Potential
    2.80776e+05    6.69028e+04   -5.75746e+06   -1.69433e+06   -7.10411e+06
 Pressure (bar)
    0.00000e+00

           Step           Time
           1637     1637.00000

           Step           Time
           1638     1638.00000

   Energies (kJ/mol)
           Bond       G96Angle        LJ (SR)   Coulomb (SR)      Potential
    2.80731e+05    6.68819e+04   -5.75756e+06   -1.69426e+06   -7.10421e+06
 Pressure (bar)
    0.00000e+00

           Step           Time
           1639     1639.00000

   Energies (kJ/mol)
           Bond       G96Angle        LJ (SR)   Coulomb (SR)      Potential
    2.80671e+05    6.68565e+04   -5.75765e+06   -1.69421e+06   -7.10434e+06
 Pressure (bar)
    0.00000e+00

           Step           Time
           1640     1640.00000

   Energies (kJ/mol)
           Bond       G96Angle        LJ (SR)   Coulomb (SR)      Potential
    2.80646e+05    6.68294e+04   -5.75781e+06   -1.69414e+06   -7.10448e+06
 Pressure (bar)
    0.00000e+00

           Step           Time
           1641     1641.00000

   Energies (kJ/mol)
           Bond       G96Angle        LJ (SR)   Coulomb (SR)      Potential
    2.80597e+05    6.68056e+04   -5.75795e+06   -1.69431e+06   -7.10486e+06
 Pressure (bar)
    0.00000e+00

           Step           Time
           1642     1642.00000

   Energies (kJ/mol)
           Bond       G96Angle        LJ (SR)   Coulomb (SR)      Potential
    2.80600e+05    6.67848e+04   -5.75806e+06   -1.69441e+06   -7.10508e+06
 Pressure (bar)
    0.00000e+00

           Step           Time
           1643     1643.00000

   Energies (kJ/mol)
           Bond       G96Angle        LJ (SR)   Coulomb (SR)      Potential
    2.80574e+05    6.67614e+04   -5.75816e+06   -1.69442e+06   -7.10524e+06
 Pressure (bar)
    0.00000e+00

           Step           Time
           1644     1644.00000

   Energies (kJ/mol)
           Bond       G96Angle        LJ (SR)   Coulomb (SR)      Potential
    2.80582e+05    6.67409e+04   -5.75826e+06   -1.69451e+06   -7.10544e+06
 Pressure (bar)
    0.00000e+00

           Step           Time
           1645     1645.00000

   Energies (kJ/mol)
           Bond       G96Angle        LJ (SR)   Coulomb (SR)      Potential
    2.80548e+05    6.67177e+04   -5.75832e+06   -1.69451e+06   -7.10557e+06
 Pressure (bar)
    0.00000e+00

           Step           Time
           1646     1646.00000

   Energies (kJ/mol)
           Bond       G96Angle        LJ (SR)   Coulomb (SR)      Potential
    2.80554e+05    6.66974e+04   -5.75847e+06   -1.69454e+06   -7.10576e+06
 Pressure (bar)
    0.00000e+00

           Step           Time
           1647     1647.00000

   Energies (kJ/mol)
           Bond       G96Angle        LJ (SR)   Coulomb (SR)      Potential
    2.80531e+05    6.66745e+04   -5.75854e+06   -1.69457e+06   -7.10590e+06
 Pressure (bar)
    0.00000e+00

           Step           Time
           1648     1648.00000

   Energies (kJ/mol)
           Bond       G96Angle        LJ (SR)   Coulomb (SR)      Potential
    2.80559e+05    6.66541e+04   -5.75866e+06   -1.69463e+06   -7.10607e+06
 Pressure (bar)
    0.00000e+00

           Step           Time
           1649     1649.00000

   Energies (kJ/mol)
           Bond       G96Angle        LJ (SR)   Coulomb (SR)      Potential
    2.80529e+05    6.66312e+04   -5.75867e+06   -1.69463e+06   -7.10614e+06
 Pressure (bar)
    0.00000e+00

           Step           Time
           1650     1650.00000

   Energies (kJ/mol)
           Bond       G96Angle        LJ (SR)   Coulomb (SR)      Potential
    2.80579e+05    6.66096e+04   -5.75881e+06   -1.69470e+06   -7.10632e+06
 Pressure (bar)
    0.00000e+00

           Step           Time
           1651     1651.00000

           Step           Time
           1652     1652.00000

   Energies (kJ/mol)
           Bond       G96Angle        LJ (SR)   Coulomb (SR)      Potential
    2.80562e+05    6.65987e+04   -5.75916e+06   -1.69483e+06   -7.10684e+06
 Pressure (bar)
    0.00000e+00

           Step           Time
           1653     1653.00000

           Step           Time
           1654     1654.00000

           Step           Time
           1655     1655.00000

   Energies (kJ/mol)
           Bond       G96Angle        LJ (SR)   Coulomb (SR)      Potential
    2.80488e+05    6.65822e+04   -5.75918e+06   -1.69485e+06   -7.10696e+06
 Pressure (bar)
    0.00000e+00

           Step           Time
           1656     1656.00000

           Step           Time
           1657     1657.00000

   Energies (kJ/mol)
           Bond       G96Angle        LJ (SR)   Coulomb (SR)      Potential
    2.80441e+05    6.65637e+04   -5.75923e+06   -1.69482e+06   -7.10705e+06
 Pressure (bar)
    0.00000e+00

           Step           Time
           1658     1658.00000

   Energies (kJ/mol)
           Bond       G96Angle        LJ (SR)   Coulomb (SR)      Potential
    2.80377e+05    6.65392e+04   -5.75933e+06   -1.69468e+06   -7.10709e+06
 Pressure (bar)
    0.00000e+00

           Step           Time
           1659     1659.00000

   Energies (kJ/mol)
           Bond       G96Angle        LJ (SR)   Coulomb (SR)      Potential
    2.80355e+05    6.65119e+04   -5.75948e+06   -1.69472e+06   -7.10733e+06
 Pressure (bar)
    0.00000e+00

           Step           Time
           1660     1660.00000

   Energies (kJ/mol)
           Bond       G96Angle        LJ (SR)   Coulomb (SR)      Potential
    2.80317e+05    6.64839e+04   -5.75965e+06   -1.69474e+06   -7.10759e+06
 Pressure (bar)
    0.00000e+00

           Step           Time
           1661     1661.00000

   Energies (kJ/mol)
           Bond       G96Angle        LJ (SR)   Coulomb (SR)      Potential
    2.80306e+05    6.64661e+04   -5.75978e+06   -1.69489e+06   -7.10790e+06
 Pressure (bar)
    0.00000e+00

           Step           Time
           1662     1662.00000

   Energies (kJ/mol)
           Bond       G96Angle        LJ (SR)   Coulomb (SR)      Potential
    2.80292e+05    6.64401e+04   -5.75985e+06   -1.69488e+06   -7.10800e+06
 Pressure (bar)
    0.00000e+00

           Step           Time
           1663     1663.00000

   Energies (kJ/mol)
           Bond       G96Angle        LJ (SR)   Coulomb (SR)      Potential
    2.80276e+05    6.64208e+04   -5.75996e+06   -1.69501e+06   -7.10827e+06
 Pressure (bar)
    0.00000e+00

           Step           Time
           1664     1664.00000

   Energies (kJ/mol)
           Bond       G96Angle        LJ (SR)   Coulomb (SR)      Potential
    2.80250e+05    6.63974e+04   -5.76007e+06   -1.69497e+06   -7.10838e+06
 Pressure (bar)
    0.00000e+00

           Step           Time
           1665     1665.00000

   Energies (kJ/mol)
           Bond       G96Angle        LJ (SR)   Coulomb (SR)      Potential
    2.80217e+05    6.63778e+04   -5.76020e+06   -1.69503e+06   -7.10864e+06
 Pressure (bar)
    0.00000e+00

           Step           Time
           1666     1666.00000

   Energies (kJ/mol)
           Bond       G96Angle        LJ (SR)   Coulomb (SR)      Potential
    2.80226e+05    6.63545e+04   -5.76028e+06   -1.69505e+06   -7.10876e+06
 Pressure (bar)
    0.00000e+00

           Step           Time
           1667     1667.00000

   Energies (kJ/mol)
           Bond       G96Angle        LJ (SR)   Coulomb (SR)      Potential
    2.80215e+05    6.63333e+04   -5.76040e+06   -1.69510e+06   -7.10895e+06
 Pressure (bar)
    0.00000e+00

           Step           Time
           1668     1668.00000

   Energies (kJ/mol)
           Bond       G96Angle        LJ (SR)   Coulomb (SR)      Potential
    2.80226e+05    6.63111e+04   -5.76051e+06   -1.69514e+06   -7.10911e+06
 Pressure (bar)
    0.00000e+00

           Step           Time
           1669     1669.00000

   Energies (kJ/mol)
           Bond       G96Angle        LJ (SR)   Coulomb (SR)      Potential
    2.80224e+05    6.62896e+04   -5.76059e+06   -1.69519e+06   -7.10927e+06
 Pressure (bar)
    0.00000e+00

           Step           Time
           1670     1670.00000

   Energies (kJ/mol)
           Bond       G96Angle        LJ (SR)   Coulomb (SR)      Potential
    2.80249e+05    6.62682e+04   -5.76066e+06   -1.69520e+06   -7.10934e+06
 Pressure (bar)
    0.00000e+00

           Step           Time
           1671     1671.00000

           Step           Time
           1672     1672.00000

   Energies (kJ/mol)
           Bond       G96Angle        LJ (SR)   Coulomb (SR)      Potential
    2.80237e+05    6.62561e+04   -5.76104e+06   -1.69534e+06   -7.10988e+06
 Pressure (bar)
    0.00000e+00

           Step           Time
           1673     1673.00000

           Step           Time
           1674     1674.00000

           Step           Time
           1675     1675.00000

   Energies (kJ/mol)
           Bond       G96Angle        LJ (SR)   Coulomb (SR)      Potential
    2.80172e+05    6.62415e+04   -5.76106e+06   -1.69538e+06   -7.11002e+06
 Pressure (bar)
    0.00000e+00

           Step           Time
           1676     1676.00000

           Step           Time
           1677     1677.00000

           Step           Time
           1678     1678.00000

   Energies (kJ/mol)
           Bond       G96Angle        LJ (SR)   Coulomb (SR)      Potential
    2.80131e+05    6.62273e+04   -5.76111e+06   -1.69542e+06   -7.11017e+06
 Pressure (bar)
    0.00000e+00

           Step           Time
           1679     1679.00000

   Energies (kJ/mol)
           Bond       G96Angle        LJ (SR)   Coulomb (SR)      Potential
    2.80087e+05    6.62134e+04   -5.76116e+06   -1.69540e+06   -7.11026e+06
 Pressure (bar)
    0.00000e+00

           Step           Time
           1680     1680.00000

   Energies (kJ/mol)
           Bond       G96Angle        LJ (SR)   Coulomb (SR)      Potential
    2.80079e+05    6.61970e+04   -5.76122e+06   -1.69543e+06   -7.11037e+06
 Pressure (bar)
    0.00000e+00

           Step           Time
           1681     1681.00000

   Energies (kJ/mol)
           Bond       G96Angle        LJ (SR)   Coulomb (SR)      Potential
    2.80047e+05    6.61807e+04   -5.76131e+06   -1.69540e+06   -7.11048e+06
 Pressure (bar)
    0.00000e+00

           Step           Time
           1682     1682.00000

   Energies (kJ/mol)
           Bond       G96Angle        LJ (SR)   Coulomb (SR)      Potential
    2.80029e+05    6.61582e+04   -5.76143e+06   -1.69533e+06   -7.11057e+06
 Pressure (bar)
    0.00000e+00

           Step           Time
           1683     1683.00000

   Energies (kJ/mol)
           Bond       G96Angle        LJ (SR)   Coulomb (SR)      Potential
    2.79985e+05    6.61310e+04   -5.76156e+06   -1.69518e+06   -7.11063e+06
 Pressure (bar)
    0.00000e+00

           Step           Time
           1684     1684.00000

   Energies (kJ/mol)
           Bond       G96Angle        LJ (SR)   Coulomb (SR)      Potential
    2.79985e+05    6.60964e+04   -5.76176e+06   -1.69514e+06   -7.11082e+06
 Pressure (bar)
    0.00000e+00

           Step           Time
           1685     1685.00000

   Energies (kJ/mol)
           Bond       G96Angle        LJ (SR)   Coulomb (SR)      Potential
    2.79924e+05    6.60681e+04   -5.76198e+06   -1.69527e+06   -7.11126e+06
 Pressure (bar)
    0.00000e+00

           Step           Time
           1686     1686.00000

           Step           Time
           1687     1687.00000

   Energies (kJ/mol)
           Bond       G96Angle        LJ (SR)   Coulomb (SR)      Potential
    2.79917e+05    6.60419e+04   -5.76203e+06   -1.69544e+06   -7.11151e+06
 Pressure (bar)
    0.00000e+00

           Step           Time
           1688     1688.00000

   Energies (kJ/mol)
           Bond       G96Angle        LJ (SR)   Coulomb (SR)      Potential
    2.79864e+05    6.60144e+04   -5.76223e+06   -1.69537e+06   -7.11172e+06
 Pressure (bar)
    0.00000e+00

           Step           Time
           1689     1689.00000

   Energies (kJ/mol)
           Bond       G96Angle        LJ (SR)   Coulomb (SR)      Potential
    2.79889e+05    6.59819e+04   -5.76236e+06   -1.69544e+06   -7.11193e+06
 Pressure (bar)
    0.00000e+00

           Step           Time
           1690     1690.00000

   Energies (kJ/mol)
           Bond       G96Angle        LJ (SR)   Coulomb (SR)      Potential
    2.79846e+05    6.59616e+04   -5.76254e+06   -1.69559e+06   -7.11232e+06
 Pressure (bar)
    0.00000e+00

           Step           Time
           1691     1691.00000

   Energies (kJ/mol)
           Bond       G96Angle        LJ (SR)   Coulomb (SR)      Potential
    2.79838e+05    6.59405e+04   -5.76261e+06   -1.69570e+06   -7.11253e+06
 Pressure (bar)
    0.00000e+00

           Step           Time
           1692     1692.00000

   Energies (kJ/mol)
           Bond       G96Angle        LJ (SR)   Coulomb (SR)      Potential
    2.79833e+05    6.59203e+04   -5.76272e+06   -1.69569e+06   -7.11266e+06
 Pressure (bar)
    0.00000e+00

           Step           Time
           1693     1693.00000

   Energies (kJ/mol)
           Bond       G96Angle        LJ (SR)   Coulomb (SR)      Potential
    2.79830e+05    6.58995e+04   -5.76281e+06   -1.69577e+06   -7.11285e+06
 Pressure (bar)
    0.00000e+00

           Step           Time
           1694     1694.00000

   Energies (kJ/mol)
           Bond       G96Angle        LJ (SR)   Coulomb (SR)      Potential
    2.79813e+05    6.58770e+04   -5.76293e+06   -1.69573e+06   -7.11297e+06
 Pressure (bar)
    0.00000e+00

           Step           Time
           1695     1695.00000

   Energies (kJ/mol)
           Bond       G96Angle        LJ (SR)   Coulomb (SR)      Potential
    2.79793e+05    6.58569e+04   -5.76302e+06   -1.69580e+06   -7.11317e+06
 Pressure (bar)
    0.00000e+00

           Step           Time
           1696     1696.00000

   Energies (kJ/mol)
           Bond       G96Angle        LJ (SR)   Coulomb (SR)      Potential
    2.79796e+05    6.58362e+04   -5.76310e+06   -1.69579e+06   -7.11325e+06
 Pressure (bar)
    0.00000e+00

           Step           Time
           1697     1697.00000

   Energies (kJ/mol)
           Bond       G96Angle        LJ (SR)   Coulomb (SR)      Potential
    2.79791e+05    6.58145e+04   -5.76321e+06   -1.69583e+06   -7.11343e+06
 Pressure (bar)
    0.00000e+00

           Step           Time
           1698     1698.00000

   Energies (kJ/mol)
           Bond       G96Angle        LJ (SR)   Coulomb (SR)      Potential
    2.79815e+05    6.57931e+04   -5.76323e+06   -1.69584e+06   -7.11346e+06
 Pressure (bar)
    0.00000e+00

           Step           Time
           1699     1699.00000

   Energies (kJ/mol)
           Bond       G96Angle        LJ (SR)   Coulomb (SR)      Potential
    2.79846e+05    6.57712e+04   -5.76329e+06   -1.69590e+06   -7.11357e+06
 Pressure (bar)
    0.00000e+00

           Step           Time
           1700     1700.00000

           Step           Time
           1701     1701.00000

   Energies (kJ/mol)
           Bond       G96Angle        LJ (SR)   Coulomb (SR)      Potential
    2.79857e+05    6.57605e+04   -5.76374e+06   -1.69604e+06   -7.11417e+06
 Pressure (bar)
    0.00000e+00

           Step           Time
           1702     1702.00000

           Step           Time
           1703     1703.00000

           Step           Time
           1704     1704.00000

   Energies (kJ/mol)
           Bond       G96Angle        LJ (SR)   Coulomb (SR)      Potential
    2.79762e+05    6.57450e+04   -5.76372e+06   -1.69606e+06   -7.11428e+06
 Pressure (bar)
    0.00000e+00

           Step           Time
           1705     1705.00000

           Step           Time
           1706     1706.00000

           Step           Time
           1707     1707.00000

   Energies (kJ/mol)
           Bond       G96Angle        LJ (SR)   Coulomb (SR)      Potential
    2.79718e+05    6.57317e+04   -5.76376e+06   -1.69612e+06   -7.11443e+06
 Pressure (bar)
    0.00000e+00

           Step           Time
           1708     1708.00000

   Energies (kJ/mol)
           Bond       G96Angle        LJ (SR)   Coulomb (SR)      Potential
    2.79684e+05    6.57202e+04   -5.76384e+06   -1.69614e+06   -7.11458e+06
 Pressure (bar)
    0.00000e+00

           Step           Time
           1709     1709.00000

           Step           Time
           1710     1710.00000

   Energies (kJ/mol)
           Bond       G96Angle        LJ (SR)   Coulomb (SR)      Potential
    2.79666e+05    6.57104e+04   -5.76386e+06   -1.69619e+06   -7.11467e+06
 Pressure (bar)
    0.00000e+00

           Step           Time
           1711     1711.00000

   Energies (kJ/mol)
           Bond       G96Angle        LJ (SR)   Coulomb (SR)      Potential
    2.79660e+05    6.57001e+04   -5.76391e+06   -1.69621e+06   -7.11476e+06
 Pressure (bar)
    0.00000e+00

           Step           Time
           1712     1712.00000

   Energies (kJ/mol)
           Bond       G96Angle        LJ (SR)   Coulomb (SR)      Potential
    2.79641e+05    6.56859e+04   -5.76397e+06   -1.69615e+06   -7.11479e+06
 Pressure (bar)
    0.00000e+00

           Step           Time
           1713     1713.00000

   Energies (kJ/mol)
           Bond       G96Angle        LJ (SR)   Coulomb (SR)      Potential
    2.79622e+05    6.56724e+04   -5.76405e+06   -1.69620e+06   -7.11496e+06
 Pressure (bar)
    0.00000e+00

           Step           Time
           1714     1714.00000

   Energies (kJ/mol)
           Bond       G96Angle        LJ (SR)   Coulomb (SR)      Potential
    2.79619e+05    6.56558e+04   -5.76412e+06   -1.69618e+06   -7.11503e+06
 Pressure (bar)
    0.00000e+00

           Step           Time
           1715     1715.00000

   Energies (kJ/mol)
           Bond       G96Angle        LJ (SR)   Coulomb (SR)      Potential
    2.79569e+05    6.56359e+04   -5.76426e+06   -1.69606e+06   -7.11511e+06
 Pressure (bar)
    0.00000e+00

           Step           Time
           1716     1716.00000

   Energies (kJ/mol)
           Bond       G96Angle        LJ (SR)   Coulomb (SR)      Potential
    2.79571e+05    6.56108e+04   -5.76439e+06   -1.69603e+06   -7.11523e+06
 Pressure (bar)
    0.00000e+00

           Step           Time
           1717     1717.00000

   Energies (kJ/mol)
           Bond       G96Angle        LJ (SR)   Coulomb (SR)      Potential
    2.79517e+05    6.55845e+04   -5.76455e+06   -1.69600e+06   -7.11545e+06
 Pressure (bar)
    0.00000e+00

           Step           Time
           1718     1718.00000

   Energies (kJ/mol)
           Bond       G96Angle        LJ (SR)   Coulomb (SR)      Potential
    2.79517e+05    6.55517e+04   -5.76474e+06   -1.69589e+06   -7.11557e+06
 Pressure (bar)
    0.00000e+00

           Step           Time
           1719     1719.00000

   Energies (kJ/mol)
           Bond       G96Angle        LJ (SR)   Coulomb (SR)      Potential
    2.79466e+05    6.55112e+04   -5.76494e+06   -1.69581e+06   -7.11576e+06
 Pressure (bar)
    0.00000e+00

           Step           Time
           1720     1720.00000

   Energies (kJ/mol)
           Bond       G96Angle        LJ (SR)   Coulomb (SR)      Potential
    2.79416e+05    6.54640e+04   -5.76519e+06   -1.69555e+06   -7.11586e+06
 Pressure (bar)
    0.00000e+00

           Step           Time
           1721     1721.00000

   Energies (kJ/mol)
           Bond       G96Angle        LJ (SR)   Coulomb (SR)      Potential
    2.79345e+05    6.54063e+04   -5.76540e+06   -1.69543e+06   -7.11608e+06
 Pressure (bar)
    0.00000e+00

           Step           Time
           1722     1722.00000

   Energies (kJ/mol)
           Bond       G96Angle        LJ (SR)   Coulomb (SR)      Potential
    2.79348e+05    6.53519e+04   -5.76581e+06   -1.69544e+06   -7.11655e+06
 Pressure (bar)
    0.00000e+00

           Step           Time
           1723     1723.00000

           Step           Time
           1724     1724.00000

   Energies (kJ/mol)
           Bond       G96Angle        LJ (SR)   Coulomb (SR)      Potential
    2.79274e+05    6.53151e+04   -5.76618e+06   -1.69591e+06   -7.11750e+06
 Pressure (bar)
    0.00000e+00

           Step           Time
           1725     1725.00000

   Energies (kJ/mol)
           Bond       G96Angle        LJ (SR)   Coulomb (SR)      Potential
    2.79280e+05    6.52976e+04   -5.76628e+06   -1.69624e+06   -7.11793e+06
 Pressure (bar)
    0.00000e+00

           Step           Time
           1726     1726.00000

   Energies (kJ/mol)
           Bond       G96Angle        LJ (SR)   Coulomb (SR)      Potential
    2.79289e+05    6.52737e+04   -5.76629e+06   -1.69644e+06   -7.11817e+06
 Pressure (bar)
    0.00000e+00

           Step           Time
           1727     1727.00000

   Energies (kJ/mol)
           Bond       G96Angle        LJ (SR)   Coulomb (SR)      Potential
    2.79274e+05    6.52561e+04   -5.76644e+06   -1.69652e+06   -7.11843e+06
 Pressure (bar)
    0.00000e+00

           Step           Time
           1728     1728.00000

   Energies (kJ/mol)
           Bond       G96Angle        LJ (SR)   Coulomb (SR)      Potential
    2.79261e+05    6.52333e+04   -5.76646e+06   -1.69655e+06   -7.11851e+06
 Pressure (bar)
    0.00000e+00

           Step           Time
           1729     1729.00000

   Energies (kJ/mol)
           Bond       G96Angle        LJ (SR)   Coulomb (SR)      Potential
    2.79279e+05    6.52135e+04   -5.76661e+06   -1.69663e+06   -7.11875e+06
 Pressure (bar)
    0.00000e+00

           Step           Time
           1730     1730.00000

   Energies (kJ/mol)
           Bond       G96Angle        LJ (SR)   Coulomb (SR)      Potential
    2.79238e+05    6.51906e+04   -5.76662e+06   -1.69662e+06   -7.11881e+06
 Pressure (bar)
    0.00000e+00

           Step           Time
           1731     1731.00000

   Energies (kJ/mol)
           Bond       G96Angle        LJ (SR)   Coulomb (SR)      Potential
    2.79275e+05    6.51714e+04   -5.76679e+06   -1.69669e+06   -7.11903e+06
 Pressure (bar)
    0.00000e+00

           Step           Time
           1732     1732.00000

           Step           Time
           1733     1733.00000

   Energies (kJ/mol)
           Bond       G96Angle        LJ (SR)   Coulomb (SR)      Potential
    2.79251e+05    6.51592e+04   -5.76699e+06   -1.69681e+06   -7.11939e+06
 Pressure (bar)
    0.00000e+00

           Step           Time
           1734     1734.00000

           Step           Time
           1735     1735.00000

           Step           Time
           1736     1736.00000

   Energies (kJ/mol)
           Bond       G96Angle        LJ (SR)   Coulomb (SR)      Potential
    2.79206e+05    6.51423e+04   -5.76703e+06   -1.69683e+06   -7.11950e+06
 Pressure (bar)
    0.00000e+00

           Step           Time
           1737     1737.00000

           Step           Time
           1738     1738.00000

   Energies (kJ/mol)
           Bond       G96Angle        LJ (SR)   Coulomb (SR)      Potential
    2.79169e+05    6.51286e+04   -5.76709e+06   -1.69686e+06   -7.11965e+06
 Pressure (bar)
    0.00000e+00

           Step           Time
           1739     1739.00000

   Energies (kJ/mol)
           Bond       G96Angle        LJ (SR)   Coulomb (SR)      Potential
    2.79137e+05    6.51069e+04   -5.76718e+06   -1.69674e+06   -7.11967e+06
 Pressure (bar)
    0.00000e+00

           Step           Time
           1740     1740.00000

   Energies (kJ/mol)
           Bond       G96Angle        LJ (SR)   Coulomb (SR)      Potential
    2.79109e+05    6.50828e+04   -5.76733e+06   -1.69671e+06   -7.11985e+06
 Pressure (bar)
    0.00000e+00

           Step           Time
           1741     1741.00000

   Energies (kJ/mol)
           Bond       G96Angle        LJ (SR)   Coulomb (SR)      Potential
    2.79084e+05    6.50629e+04   -5.76745e+06   -1.69682e+06   -7.12013e+06
 Pressure (bar)
    0.00000e+00

           Step           Time
           1742     1742.00000

   Energies (kJ/mol)
           Bond       G96Angle        LJ (SR)   Coulomb (SR)      Potential
    2.79081e+05    6.50430e+04   -5.76754e+06   -1.69689e+06   -7.12030e+06
 Pressure (bar)
    0.00000e+00

           Step           Time
           1743     1743.00000

   Energies (kJ/mol)
           Bond       G96Angle        LJ (SR)   Coulomb (SR)      Potential
    2.79058e+05    6.50229e+04   -5.76764e+06   -1.69689e+06   -7.12045e+06
 Pressure (bar)
    0.00000e+00

           Step           Time
           1744     1744.00000

   Energies (kJ/mol)
           Bond       G96Angle        LJ (SR)   Coulomb (SR)      Potential
    2.79033e+05    6.50032e+04   -5.76774e+06   -1.69694e+06   -7.12064e+06
 Pressure (bar)
    0.00000e+00

           Step           Time
           1745     1745.00000

   Energies (kJ/mol)
           Bond       G96Angle        LJ (SR)   Coulomb (SR)      Potential
    2.79019e+05    6.49834e+04   -5.76788e+06   -1.69692e+06   -7.12079e+06
 Pressure (bar)
    0.00000e+00

           Step           Time
           1746     1746.00000

   Energies (kJ/mol)
           Bond       G96Angle        LJ (SR)   Coulomb (SR)      Potential
    2.78994e+05    6.49637e+04   -5.76797e+06   -1.69697e+06   -7.12098e+06
 Pressure (bar)
    0.00000e+00

           Step           Time
           1747     1747.00000

   Energies (kJ/mol)
           Bond       G96Angle        LJ (SR)   Coulomb (SR)      Potential
    2.78985e+05    6.49423e+04   -5.76808e+06   -1.69698e+06   -7.12113e+06
 Pressure (bar)
    0.00000e+00

           Step           Time
           1748     1748.00000

   Energies (kJ/mol)
           Bond       G96Angle        LJ (SR)   Coulomb (SR)      Potential
    2.78983e+05    6.49230e+04   -5.76816e+06   -1.69703e+06   -7.12129e+06
 Pressure (bar)
    0.00000e+00

           Step           Time
           1749     1749.00000

   Energies (kJ/mol)
           Bond       G96Angle        LJ (SR)   Coulomb (SR)      Potential
    2.78977e+05    6.49035e+04   -5.76827e+06   -1.69705e+06   -7.12143e+06
 Pressure (bar)
    0.00000e+00

           Step           Time
           1750     1750.00000

   Energies (kJ/mol)
           Bond       G96Angle        LJ (SR)   Coulomb (SR)      Potential
    2.78957e+05    6.48834e+04   -5.76839e+06   -1.69708e+06   -7.12163e+06
 Pressure (bar)
    0.00000e+00

           Step           Time
           1751     1751.00000

   Energies (kJ/mol)
           Bond       G96Angle        LJ (SR)   Coulomb (SR)      Potential
    2.78945e+05    6.48614e+04   -5.76847e+06   -1.69704e+06   -7.12170e+06
 Pressure (bar)
    0.00000e+00

           Step           Time
           1752     1752.00000

   Energies (kJ/mol)
           Bond       G96Angle        LJ (SR)   Coulomb (SR)      Potential
    2.78930e+05    6.48427e+04   -5.76854e+06   -1.69712e+06   -7.12188e+06
 Pressure (bar)
    0.00000e+00

           Step           Time
           1753     1753.00000

   Energies (kJ/mol)
           Bond       G96Angle        LJ (SR)   Coulomb (SR)      Potential
    2.78953e+05    6.48198e+04   -5.76862e+06   -1.69705e+06   -7.12189e+06
 Pressure (bar)
    0.00000e+00

           Step           Time
           1754     1754.00000

   Energies (kJ/mol)
           Bond       G96Angle        LJ (SR)   Coulomb (SR)      Potential
    2.78978e+05    6.48018e+04   -5.76878e+06   -1.69717e+06   -7.12217e+06
 Pressure (bar)
    0.00000e+00

           Step           Time
           1755     1755.00000

           Step           Time
           1756     1756.00000

   Energies (kJ/mol)
           Bond       G96Angle        LJ (SR)   Coulomb (SR)      Potential
    2.78961e+05    6.47880e+04   -5.76902e+06   -1.69727e+06   -7.12254e+06
 Pressure (bar)
    0.00000e+00

           Step           Time
           1757     1757.00000

           Step           Time
           1758     1758.00000

           Step           Time
           1759     1759.00000

   Energies (kJ/mol)
           Bond       G96Angle        LJ (SR)   Coulomb (SR)      Potential
    2.78907e+05    6.47755e+04   -5.76909e+06   -1.69731e+06   -7.12272e+06
 Pressure (bar)
    0.00000e+00

           Step           Time
           1760     1760.00000

           Step           Time
           1761     1761.00000

   Energies (kJ/mol)
           Bond       G96Angle        LJ (SR)   Coulomb (SR)      Potential
    2.78853e+05    6.47592e+04   -5.76915e+06   -1.69729e+06   -7.12283e+06
 Pressure (bar)
    0.00000e+00

           Step           Time
           1762     1762.00000

           Step           Time
           1763     1763.00000

   Energies (kJ/mol)
           Bond       G96Angle        LJ (SR)   Coulomb (SR)      Potential
    2.78805e+05    6.47418e+04   -5.76923e+06   -1.69719e+06   -7.12288e+06
 Pressure (bar)
    0.00000e+00

           Step           Time
           1764     1764.00000

   Energies (kJ/mol)
           Bond       G96Angle        LJ (SR)   Coulomb (SR)      Potential
    2.78759e+05    6.47159e+04   -5.76934e+06   -1.69714e+06   -7.12300e+06
 Pressure (bar)
    0.00000e+00

           Step           Time
           1765     1765.00000

   Energies (kJ/mol)
           Bond       G96Angle        LJ (SR)   Coulomb (SR)      Potential
    2.78726e+05    6.46919e+04   -5.76951e+06   -1.69704e+06   -7.12313e+06
 Pressure (bar)
    0.00000e+00

           Step           Time
           1766     1766.00000

   Energies (kJ/mol)
           Bond       G96Angle        LJ (SR)   Coulomb (SR)      Potential
    2.78712e+05    6.46652e+04   -5.76962e+06   -1.69715e+06   -7.12339e+06
 Pressure (bar)
    0.00000e+00

           Step           Time
           1767     1767.00000

   Energies (kJ/mol)
           Bond       G96Angle        LJ (SR)   Coulomb (SR)      Potential
    2.78697e+05    6.46485e+04   -5.76974e+06   -1.69729e+06   -7.12368e+06
 Pressure (bar)
    0.00000e+00

           Step           Time
           1768     1768.00000

   Energies (kJ/mol)
           Bond       G96Angle        LJ (SR)   Coulomb (SR)      Potential
    2.78692e+05    6.46264e+04   -5.76984e+06   -1.69726e+06   -7.12378e+06
 Pressure (bar)
    0.00000e+00

           Step           Time
           1769     1769.00000

   Energies (kJ/mol)
           Bond       G96Angle        LJ (SR)   Coulomb (SR)      Potential
    2.78673e+05    6.46068e+04   -5.76994e+06   -1.69736e+06   -7.12402e+06
 Pressure (bar)
    0.00000e+00

           Step           Time
           1770     1770.00000

   Energies (kJ/mol)
           Bond       G96Angle        LJ (SR)   Coulomb (SR)      Potential
    2.78692e+05    6.45850e+04   -5.77000e+06   -1.69739e+06   -7.12411e+06
 Pressure (bar)
    0.00000e+00

           Step           Time
           1771     1771.00000

   Energies (kJ/mol)
           Bond       G96Angle        LJ (SR)   Coulomb (SR)      Potential
    2.78665e+05    6.45668e+04   -5.77013e+06   -1.69741e+06   -7.12431e+06
 Pressure (bar)
    0.00000e+00

           Step           Time
           1772     1772.00000

   Energies (kJ/mol)
           Bond       G96Angle        LJ (SR)   Coulomb (SR)      Potential
    2.78661e+05    6.45441e+04   -5.77023e+06   -1.69739e+06   -7.12442e+06
 Pressure (bar)
    0.00000e+00

           Step           Time
           1773     1773.00000

   Energies (kJ/mol)
           Bond       G96Angle        LJ (SR)   Coulomb (SR)      Potential
    2.78667e+05    6.45251e+04   -5.77034e+06   -1.69747e+06   -7.12462e+06
 Pressure (bar)
    0.00000e+00

           Step           Time
           1774     1774.00000

   Energies (kJ/mol)
           Bond       G96Angle        LJ (SR)   Coulomb (SR)      Potential
    2.78658e+05    6.45032e+04   -5.77038e+06   -1.69743e+06   -7.12466e+06
 Pressure (bar)
    0.00000e+00

           Step           Time
           1775     1775.00000

   Energies (kJ/mol)
           Bond       G96Angle        LJ (SR)   Coulomb (SR)      Potential
    2.78680e+05    6.44846e+04   -5.77054e+06   -1.69751e+06   -7.12489e+06
 Pressure (bar)
    0.00000e+00

           Step           Time
           1776     1776.00000

           Step           Time
           1777     1777.00000

   Energies (kJ/mol)
           Bond       G96Angle        LJ (SR)   Coulomb (SR)      Potential
    2.78672e+05    6.44733e+04   -5.77080e+06   -1.69764e+06   -7.12530e+06
 Pressure (bar)
    0.00000e+00

           Step           Time
           1778     1778.00000

           Step           Time
           1779     1779.00000

           Step           Time
           1780     1780.00000

   Energies (kJ/mol)
           Bond       G96Angle        LJ (SR)   Coulomb (SR)      Potential
    2.78604e+05    6.44599e+04   -5.77083e+06   -1.69767e+06   -7.12544e+06
 Pressure (bar)
    0.00000e+00

           Step           Time
           1781     1781.00000

           Step           Time
           1782     1782.00000

           Step           Time
           1783     1783.00000

   Energies (kJ/mol)
           Bond       G96Angle        LJ (SR)   Coulomb (SR)      Potential
    2.78566e+05    6.44485e+04   -5.77088e+06   -1.69770e+06   -7.12556e+06
 Pressure (bar)
    0.00000e+00

           Step           Time
           1784     1784.00000

   Energies (kJ/mol)
           Bond       G96Angle        LJ (SR)   Coulomb (SR)      Potential
    2.78553e+05    6.44377e+04   -5.77094e+06   -1.69774e+06   -7.12569e+06
 Pressure (bar)
    0.00000e+00

           Step           Time
           1785     1785.00000

   Energies (kJ/mol)
           Bond       G96Angle        LJ (SR)   Coulomb (SR)      Potential
    2.78538e+05    6.44211e+04   -5.77100e+06   -1.69766e+06   -7.12570e+06
 Pressure (bar)
    0.00000e+00

           Step           Time
           1786     1786.00000

   Energies (kJ/mol)
           Bond       G96Angle        LJ (SR)   Coulomb (SR)      Potential
    2.78510e+05    6.44061e+04   -5.77111e+06   -1.69766e+06   -7.12586e+06
 Pressure (bar)
    0.00000e+00

           Step           Time
           1787     1787.00000

   Energies (kJ/mol)
           Bond       G96Angle        LJ (SR)   Coulomb (SR)      Potential
    2.78493e+05    6.43878e+04   -5.77118e+06   -1.69768e+06   -7.12598e+06
 Pressure (bar)
    0.00000e+00

           Step           Time
           1788     1788.00000

   Energies (kJ/mol)
           Bond       G96Angle        LJ (SR)   Coulomb (SR)      Potential
    2.78458e+05    6.43665e+04   -5.77135e+06   -1.69755e+06   -7.12608e+06
 Pressure (bar)
    0.00000e+00

           Step           Time
           1789     1789.00000

   Energies (kJ/mol)
           Bond       G96Angle        LJ (SR)   Coulomb (SR)      Potential
    2.78445e+05    6.43370e+04   -5.77147e+06   -1.69751e+06   -7.12620e+06
 Pressure (bar)
    0.00000e+00

           Step           Time
           1790     1790.00000

   Energies (kJ/mol)
           Bond       G96Angle        LJ (SR)   Coulomb (SR)      Potential
    2.78410e+05    6.43051e+04   -5.77168e+06   -1.69729e+06   -7.12625e+06
 Pressure (bar)
    0.00000e+00

           Step           Time
           1791     1791.00000

   Energies (kJ/mol)
           Bond       G96Angle        LJ (SR)   Coulomb (SR)      Potential
    2.78367e+05    6.42683e+04   -5.77186e+06   -1.69736e+06   -7.12659e+06
 Pressure (bar)
    0.00000e+00

           Step           Time
           1792     1792.00000

   Energies (kJ/mol)
           Bond       G96Angle        LJ (SR)   Coulomb (SR)      Potential
    2.78336e+05    6.42241e+04   -5.77207e+06   -1.69714e+06   -7.12665e+06
 Pressure (bar)
    0.00000e+00

           Step           Time
           1793     1793.00000

   Energies (kJ/mol)
           Bond       G96Angle        LJ (SR)   Coulomb (SR)      Potential
    2.78307e+05    6.41705e+04   -5.77229e+06   -1.69692e+06   -7.12673e+06
 Pressure (bar)
    0.00000e+00

           Step           Time
           1794     1794.00000

   Energies (kJ/mol)
           Bond       G96Angle        LJ (SR)   Coulomb (SR)      Potential
    2.78282e+05    6.41551e+04   -5.77256e+06   -1.69742e+06   -7.12754e+06
 Pressure (bar)
    0.00000e+00

           Step           Time
           1795     1795.00000

   Energies (kJ/mol)
           Bond       G96Angle        LJ (SR)   Coulomb (SR)      Potential
    2.78274e+05    6.41319e+04   -5.77260e+06   -1.69773e+06   -7.12792e+06
 Pressure (bar)
    0.00000e+00

           Step           Time
           1796     1796.00000

   Energies (kJ/mol)
           Bond       G96Angle        LJ (SR)   Coulomb (SR)      Potential
    2.78279e+05    6.41151e+04   -5.77273e+06   -1.69787e+06   -7.12821e+06
 Pressure (bar)
    0.00000e+00

           Step           Time
           1797     1797.00000

   Energies (kJ/mol)
           Bond       G96Angle        LJ (SR)   Coulomb (SR)      Potential
    2.78272e+05    6.40916e+04   -5.77270e+06   -1.69791e+06   -7.12824e+06
 Pressure (bar)
    0.00000e+00

           Step           Time
           1798     1798.00000

   Energies (kJ/mol)
           Bond       G96Angle        LJ (SR)   Coulomb (SR)      Potential
    2.78274e+05    6.40739e+04   -5.77289e+06   -1.69794e+06   -7.12849e+06
 Pressure (bar)
    0.00000e+00

           Step           Time
           1799     1799.00000

           Step           Time
           1800     1800.00000

   Energies (kJ/mol)
           Bond       G96Angle        LJ (SR)   Coulomb (SR)      Potential
    2.78276e+05    6.40621e+04   -5.77306e+06   -1.69809e+06   -7.12882e+06
 Pressure (bar)
    0.00000e+00

           Step           Time
           1801     1801.00000

           Step           Time
           1802     1802.00000

           Step           Time
           1803     1803.00000

   Energies (kJ/mol)
           Bond       G96Angle        LJ (SR)   Coulomb (SR)      Potential
    2.78233e+05    6.40477e+04   -5.77310e+06   -1.69813e+06   -7.12895e+06
 Pressure (bar)
    0.00000e+00

           Step           Time
           1804     1804.00000

           Step           Time
           1805     1805.00000

   Energies (kJ/mol)
           Bond       G96Angle        LJ (SR)   Coulomb (SR)      Potential
    2.78207e+05    6.40326e+04   -5.77314e+06   -1.69815e+06   -7.12905e+06
 Pressure (bar)
    0.00000e+00

           Step           Time
           1806     1806.00000

   Energies (kJ/mol)
           Bond       G96Angle        LJ (SR)   Coulomb (SR)      Potential
    2.78175e+05    6.40133e+04   -5.77322e+06   -1.69809e+06   -7.12912e+06
 Pressure (bar)
    0.00000e+00

           Step           Time
           1807     1807.00000

   Energies (kJ/mol)
           Bond       G96Angle        LJ (SR)   Coulomb (SR)      Potential
    2.78149e+05    6.39933e+04   -5.77333e+06   -1.69811e+06   -7.12930e+06
 Pressure (bar)
    0.00000e+00

           Step           Time
           1808     1808.00000

   Energies (kJ/mol)
           Bond       G96Angle        LJ (SR)   Coulomb (SR)      Potential
    2.78151e+05    6.39669e+04   -5.77347e+06   -1.69800e+06   -7.12935e+06
 Pressure (bar)
    0.00000e+00

           Step           Time
           1809     1809.00000

   Energies (kJ/mol)
           Bond       G96Angle        LJ (SR)   Coulomb (SR)      Potential
    2.78109e+05    6.39469e+04   -5.77362e+06   -1.69813e+06   -7.12969e+06
 Pressure (bar)
    0.00000e+00

           Step           Time
           1810     1810.00000

   Energies (kJ/mol)
           Bond       G96Angle        LJ (SR)   Coulomb (SR)      Potential
    2.78101e+05    6.39261e+04   -5.77370e+06   -1.69825e+06   -7.12992e+06
 Pressure (bar)
    0.00000e+00

           Step           Time
           1811     1811.00000

   Energies (kJ/mol)
           Bond       G96Angle        LJ (SR)   Coulomb (SR)      Potential
    2.78100e+05    6.39082e+04   -5.77381e+06   -1.69828e+06   -7.13008e+06
 Pressure (bar)
    0.00000e+00

           Step           Time
           1812     1812.00000

   Energies (kJ/mol)
           Bond       G96Angle        LJ (SR)   Coulomb (SR)      Potential
    2.78084e+05    6.38897e+04   -5.77388e+06   -1.69828e+06   -7.13019e+06
 Pressure (bar)
    0.00000e+00

           Step           Time
           1813     1813.00000

   Energies (kJ/mol)
           Bond       G96Angle        LJ (SR)   Coulomb (SR)      Potential
    2.78068e+05    6.38718e+04   -5.77398e+06   -1.69833e+06   -7.13037e+06
 Pressure (bar)
    0.00000e+00

           Step           Time
           1814     1814.00000

   Energies (kJ/mol)
           Bond       G96Angle        LJ (SR)   Coulomb (SR)      Potential
    2.78062e+05    6.38520e+04   -5.77409e+06   -1.69833e+06   -7.13050e+06
 Pressure (bar)
    0.00000e+00

           Step           Time
           1815     1815.00000

   Energies (kJ/mol)
           Bond       G96Angle        LJ (SR)   Coulomb (SR)      Potential
    2.78050e+05    6.38336e+04   -5.77420e+06   -1.69835e+06   -7.13067e+06
 Pressure (bar)
    0.00000e+00

           Step           Time
           1816     1816.00000

   Energies (kJ/mol)
           Bond       G96Angle        LJ (SR)   Coulomb (SR)      Potential
    2.78063e+05    6.38136e+04   -5.77427e+06   -1.69840e+06   -7.13080e+06
 Pressure (bar)
    0.00000e+00

           Step           Time
           1817     1817.00000

   Energies (kJ/mol)
           Bond       G96Angle        LJ (SR)   Coulomb (SR)      Potential
    2.78050e+05    6.37955e+04   -5.77439e+06   -1.69841e+06   -7.13096e+06
 Pressure (bar)
    0.00000e+00

           Step           Time
           1818     1818.00000

   Energies (kJ/mol)
           Bond       G96Angle        LJ (SR)   Coulomb (SR)      Potential
    2.78035e+05    6.37759e+04   -5.77446e+06   -1.69839e+06   -7.13104e+06
 Pressure (bar)
    0.00000e+00

           Step           Time
           1819     1819.00000

   Energies (kJ/mol)
           Bond       G96Angle        LJ (SR)   Coulomb (SR)      Potential
    2.78054e+05    6.37579e+04   -5.77457e+06   -1.69844e+06   -7.13120e+06
 Pressure (bar)
    0.00000e+00

           Step           Time
           1820     1820.00000

           Step           Time
           1821     1821.00000

   Energies (kJ/mol)
           Bond       G96Angle        LJ (SR)   Coulomb (SR)      Potential
    2.78054e+05    6.37467e+04   -5.77481e+06   -1.69859e+06   -7.13160e+06
 Pressure (bar)
    0.00000e+00

           Step           Time
           1822     1822.00000

           Step           Time
           1823     1823.00000

           Step           Time
           1824     1824.00000

   Energies (kJ/mol)
           Bond       G96Angle        LJ (SR)   Coulomb (SR)      Potential
    2.78004e+05    6.37335e+04   -5.77483e+06   -1.69864e+06   -7.13173e+06
 Pressure (bar)
    0.00000e+00

           Step           Time
           1825     1825.00000

           Step           Time
           1826     1826.00000

           Step           Time
           1827     1827.00000

   Energies (kJ/mol)
           Bond       G96Angle        LJ (SR)   Coulomb (SR)      Potential
    2.77979e+05    6.37215e+04   -5.77488e+06   -1.69866e+06   -7.13184e+06
 Pressure (bar)
    0.00000e+00

           Step           Time
           1828     1828.00000

   Energies (kJ/mol)
           Bond       G96Angle        LJ (SR)   Coulomb (SR)      Potential
    2.77962e+05    6.37091e+04   -5.77494e+06   -1.69869e+06   -7.13196e+06
 Pressure (bar)
    0.00000e+00

           Step           Time
           1829     1829.00000

   Energies (kJ/mol)
           Bond       G96Angle        LJ (SR)   Coulomb (SR)      Potential
    2.77933e+05    6.36943e+04   -5.77500e+06   -1.69862e+06   -7.13200e+06
 Pressure (bar)
    0.00000e+00

           Step           Time
           1830     1830.00000

   Energies (kJ/mol)
           Bond       G96Angle        LJ (SR)   Coulomb (SR)      Potential
    2.77926e+05    6.36752e+04   -5.77509e+06   -1.69859e+06   -7.13208e+06
 Pressure (bar)
    0.00000e+00

           Step           Time
           1831     1831.00000

   Energies (kJ/mol)
           Bond       G96Angle        LJ (SR)   Coulomb (SR)      Potential
    2.77890e+05    6.36554e+04   -5.77521e+06   -1.69857e+06   -7.13224e+06
 Pressure (bar)
    0.00000e+00

           Step           Time
           1832     1832.00000

   Energies (kJ/mol)
           Bond       G96Angle        LJ (SR)   Coulomb (SR)      Potential
    2.77860e+05    6.36308e+04   -5.77533e+06   -1.69851e+06   -7.13236e+06
 Pressure (bar)
    0.00000e+00

           Step           Time
           1833     1833.00000

   Energies (kJ/mol)
           Bond       G96Angle        LJ (SR)   Coulomb (SR)      Potential
    2.77853e+05    6.36029e+04   -5.77556e+06   -1.69830e+06   -7.13240e+06
 Pressure (bar)
    0.00000e+00

           Step           Time
           1834     1834.00000

   Energies (kJ/mol)
           Bond       G96Angle        LJ (SR)   Coulomb (SR)      Potential
    2.77808e+05    6.35657e+04   -5.77570e+06   -1.69832e+06   -7.13264e+06
 Pressure (bar)
    0.00000e+00

           Step           Time
           1835     1835.00000

   Energies (kJ/mol)
           Bond       G96Angle        LJ (SR)   Coulomb (SR)      Potential
    2.77802e+05    6.35296e+04   -5.77586e+06   -1.69833e+06   -7.13286e+06
 Pressure (bar)
    0.00000e+00

           Step           Time
           1836     1836.00000

   Energies (kJ/mol)
           Bond       G96Angle        LJ (SR)   Coulomb (SR)      Potential
    2.77797e+05    6.35148e+04   -5.77602e+06   -1.69868e+06   -7.13339e+06
 Pressure (bar)
    0.00000e+00

           Step           Time
           1837     1837.00000

   Energies (kJ/mol)
           Bond       G96Angle        LJ (SR)   Coulomb (SR)      Potential
    2.77798e+05    6.34856e+04   -5.77605e+06   -1.69870e+06   -7.13347e+06
 Pressure (bar)
    0.00000e+00

           Step           Time
           1838     1838.00000

   Energies (kJ/mol)
           Bond       G96Angle        LJ (SR)   Coulomb (SR)      Potential
    2.77786e+05    6.34710e+04   -5.77622e+06   -1.69890e+06   -7.13386e+06
 Pressure (bar)
    0.00000e+00

           Step           Time
           1839     1839.00000

           Step           Time
           1840     1840.00000

   Energies (kJ/mol)
           Bond       G96Angle        LJ (SR)   Coulomb (SR)      Potential
    2.77779e+05    6.34584e+04   -5.77634e+06   -1.69899e+06   -7.13409e+06
 Pressure (bar)
    0.00000e+00

           Step           Time
           1841     1841.00000

           Step           Time
           1842     1842.00000

   Energies (kJ/mol)
           Bond       G96Angle        LJ (SR)   Coulomb (SR)      Potential
    2.77745e+05    6.34419e+04   -5.77641e+06   -1.69897e+06   -7.13420e+06
 Pressure (bar)
    0.00000e+00

           Step           Time
           1843     1843.00000

   Energies (kJ/mol)
           Bond       G96Angle        LJ (SR)   Coulomb (SR)      Potential
    2.77753e+05    6.34217e+04   -5.77648e+06   -1.69891e+06   -7.13421e+06
 Pressure (bar)
    0.00000e+00

           Step           Time
           1844     1844.00000

   Energies (kJ/mol)
           Bond       G96Angle        LJ (SR)   Coulomb (SR)      Potential
    2.77719e+05    6.34044e+04   -5.77663e+06   -1.69902e+06   -7.13453e+06
 Pressure (bar)
    0.00000e+00

           Step           Time
           1845     1845.00000

   Energies (kJ/mol)
           Bond       G96Angle        LJ (SR)   Coulomb (SR)      Potential
    2.77711e+05    6.33833e+04   -5.77671e+06   -1.69901e+06   -7.13463e+06
 Pressure (bar)
    0.00000e+00

           Step           Time
           1846     1846.00000

   Energies (kJ/mol)
           Bond       G96Angle        LJ (SR)   Coulomb (SR)      Potential
    2.77697e+05    6.33661e+04   -5.77683e+06   -1.69906e+06   -7.13483e+06
 Pressure (bar)
    0.00000e+00

           Step           Time
           1847     1847.00000

   Energies (kJ/mol)
           Bond       G96Angle        LJ (SR)   Coulomb (SR)      Potential
    2.77683e+05    6.33467e+04   -5.77689e+06   -1.69905e+06   -7.13492e+06
 Pressure (bar)
    0.00000e+00

           Step           Time
           1848     1848.00000

   Energies (kJ/mol)
           Bond       G96Angle        LJ (SR)   Coulomb (SR)      Potential
    2.77664e+05    6.33295e+04   -5.77702e+06   -1.69910e+06   -7.13513e+06
 Pressure (bar)
    0.00000e+00

           Step           Time
           1849     1849.00000

   Energies (kJ/mol)
           Bond       G96Angle        LJ (SR)   Coulomb (SR)      Potential
    2.77663e+05    6.33093e+04   -5.77708e+06   -1.69913e+06   -7.13524e+06
 Pressure (bar)
    0.00000e+00

           Step           Time
           1850     1850.00000

   Energies (kJ/mol)
           Bond       G96Angle        LJ (SR)   Coulomb (SR)      Potential
    2.77649e+05    6.32928e+04   -5.77721e+06   -1.69915e+06   -7.13542e+06
 Pressure (bar)
    0.00000e+00

           Step           Time
           1851     1851.00000

   Energies (kJ/mol)
           Bond       G96Angle        LJ (SR)   Coulomb (SR)      Potential
    2.77658e+05    6.32720e+04   -5.77725e+06   -1.69918e+06   -7.13550e+06
 Pressure (bar)
    0.00000e+00

           Step           Time
           1852     1852.00000

   Energies (kJ/mol)
           Bond       G96Angle        LJ (SR)   Coulomb (SR)      Potential
    2.77658e+05    6.32540e+04   -5.77739e+06   -1.69922e+06   -7.13570e+06
 Pressure (bar)
    0.00000e+00

           Step           Time
           1853     1853.00000

           Step           Time
           1854     1854.00000

   Energies (kJ/mol)
           Bond       G96Angle        LJ (SR)   Coulomb (SR)      Potential
    2.77664e+05    6.32441e+04   -5.77756e+06   -1.69936e+06   -7.13601e+06
 Pressure (bar)
    0.00000e+00

           Step           Time
           1855     1855.00000

           Step           Time
           1856     1856.00000

           Step           Time
           1857     1857.00000

   Energies (kJ/mol)
           Bond       G96Angle        LJ (SR)   Coulomb (SR)      Potential
    2.77621e+05    6.32314e+04   -5.77761e+06   -1.69937e+06   -7.13613e+06
 Pressure (bar)
    0.00000e+00

           Step           Time
           1858     1858.00000

           Step           Time
           1859     1859.00000

   Energies (kJ/mol)
           Bond       G96Angle        LJ (SR)   Coulomb (SR)      Potential
    2.77564e+05    6.32138e+04   -5.77767e+06   -1.69924e+06   -7.13613e+06
 Pressure (bar)
    0.00000e+00

           Step           Time
           1860     1860.00000

   Energies (kJ/mol)
           Bond       G96Angle        LJ (SR)   Coulomb (SR)      Potential
    2.77557e+05    6.31916e+04   -5.77780e+06   -1.69914e+06   -7.13619e+06
 Pressure (bar)
    0.00000e+00

           Step           Time
           1861     1861.00000

   Energies (kJ/mol)
           Bond       G96Angle        LJ (SR)   Coulomb (SR)      Potential
    2.77517e+05    6.31669e+04   -5.77796e+06   -1.69913e+06   -7.13640e+06
 Pressure (bar)
    0.00000e+00

           Step           Time
           1862     1862.00000

   Energies (kJ/mol)
           Bond       G96Angle        LJ (SR)   Coulomb (SR)      Potential
    2.77504e+05    6.31501e+04   -5.77806e+06   -1.69934e+06   -7.13674e+06
 Pressure (bar)
    0.00000e+00

           Step           Time
           1863     1863.00000

   Energies (kJ/mol)
           Bond       G96Angle        LJ (SR)   Coulomb (SR)      Potential
    2.77503e+05    6.31295e+04   -5.77814e+06   -1.69935e+06   -7.13686e+06
 Pressure (bar)
    0.00000e+00

           Step           Time
           1864     1864.00000

   Energies (kJ/mol)
           Bond       G96Angle        LJ (SR)   Coulomb (SR)      Potential
    2.77480e+05    6.31132e+04   -5.77824e+06   -1.69938e+06   -7.13703e+06
 Pressure (bar)
    0.00000e+00

           Step           Time
           1865     1865.00000

   Energies (kJ/mol)
           Bond       G96Angle        LJ (SR)   Coulomb (SR)      Potential
    2.77480e+05    6.30927e+04   -5.77833e+06   -1.69940e+06   -7.13716e+06
 Pressure (bar)
    0.00000e+00

           Step           Time
           1866     1866.00000

   Energies (kJ/mol)
           Bond       G96Angle        LJ (SR)   Coulomb (SR)      Potential
    2.77467e+05    6.30762e+04   -5.77842e+06   -1.69944e+06   -7.13731e+06
 Pressure (bar)
    0.00000e+00

           Step           Time
           1867     1867.00000

   Energies (kJ/mol)
           Bond       G96Angle        LJ (SR)   Coulomb (SR)      Potential
    2.77461e+05    6.30572e+04   -5.77850e+06   -1.69946e+06   -7.13744e+06
 Pressure (bar)
    0.00000e+00

           Step           Time
           1868     1868.00000

   Energies (kJ/mol)
           Bond       G96Angle        LJ (SR)   Coulomb (SR)      Potential
    2.77445e+05    6.30397e+04   -5.77862e+06   -1.69947e+06   -7.13760e+06
 Pressure (bar)
    0.00000e+00

           Step           Time
           1869     1869.00000

   Energies (kJ/mol)
           Bond       G96Angle        LJ (SR)   Coulomb (SR)      Potential
    2.77422e+05    6.30208e+04   -5.77869e+06   -1.69945e+06   -7.13770e+06
 Pressure (bar)
    0.00000e+00

           Step           Time
           1870     1870.00000

   Energies (kJ/mol)
           Bond       G96Angle        LJ (SR)   Coulomb (SR)      Potential
    2.77423e+05    6.30034e+04   -5.77879e+06   -1.69948e+06   -7.13784e+06
 Pressure (bar)
    0.00000e+00

           Step           Time
           1871     1871.00000

   Energies (kJ/mol)
           Bond       G96Angle        LJ (SR)   Coulomb (SR)      Potential
    2.77475e+05    6.29825e+04   -5.77881e+06   -1.69956e+06   -7.13791e+06
 Pressure (bar)
    0.00000e+00

           Step           Time
           1872     1872.00000

   Energies (kJ/mol)
           Bond       G96Angle        LJ (SR)   Coulomb (SR)      Potential
    2.77440e+05    6.29660e+04   -5.77896e+06   -1.69955e+06   -7.13810e+06
 Pressure (bar)
    0.00000e+00

           Step           Time
           1873     1873.00000

           Step           Time
           1874     1874.00000

   Energies (kJ/mol)
           Bond       G96Angle        LJ (SR)   Coulomb (SR)      Potential
    2.77447e+05    6.29554e+04   -5.77918e+06   -1.69969e+06   -7.13847e+06
 Pressure (bar)
    0.00000e+00

           Step           Time
           1875     1875.00000

           Step           Time
           1876     1876.00000

           Step           Time
           1877     1877.00000

   Energies (kJ/mol)
           Bond       G96Angle        LJ (SR)   Coulomb (SR)      Potential
    2.77403e+05    6.29431e+04   -5.77921e+06   -1.69974e+06   -7.13860e+06
 Pressure (bar)
    0.00000e+00

           Step           Time
           1878     1878.00000

           Step           Time
           1879     1879.00000

           Step           Time
           1880     1880.00000

   Energies (kJ/mol)
           Bond       G96Angle        LJ (SR)   Coulomb (SR)      Potential
    2.77370e+05    6.29313e+04   -5.77926e+06   -1.69973e+06   -7.13869e+06
 Pressure (bar)
    0.00000e+00

           Step           Time
           1881     1881.00000

   Energies (kJ/mol)
           Bond       G96Angle        LJ (SR)   Coulomb (SR)      Potential
    2.77360e+05    6.29198e+04   -5.77930e+06   -1.69977e+06   -7.13880e+06
 Pressure (bar)
    0.00000e+00

           Step           Time
           1882     1882.00000

   Energies (kJ/mol)
           Bond       G96Angle        LJ (SR)   Coulomb (SR)      Potential
    2.77336e+05    6.29048e+04   -5.77939e+06   -1.69972e+06   -7.13887e+06
 Pressure (bar)
    0.00000e+00

           Step           Time
           1883     1883.00000

           Step           Time
           1884     1884.00000

   Energies (kJ/mol)
           Bond       G96Angle        LJ (SR)   Coulomb (SR)      Potential
    2.77320e+05    6.28949e+04   -5.77945e+06   -1.69981e+06   -7.13904e+06
 Pressure (bar)
    0.00000e+00

           Step           Time
           1885     1885.00000

   Energies (kJ/mol)
           Bond       G96Angle        LJ (SR)   Coulomb (SR)      Potential
    2.77310e+05    6.28838e+04   -5.77950e+06   -1.69983e+06   -7.13914e+06
 Pressure (bar)
    0.00000e+00

           Step           Time
           1886     1886.00000

   Energies (kJ/mol)
           Bond       G96Angle        LJ (SR)   Coulomb (SR)      Potential
    2.77311e+05    6.28718e+04   -5.77956e+06   -1.69984e+06   -7.13921e+06
 Pressure (bar)
    0.00000e+00

           Step           Time
           1887     1887.00000

   Energies (kJ/mol)
           Bond       G96Angle        LJ (SR)   Coulomb (SR)      Potential
    2.77286e+05    6.28557e+04   -5.77963e+06   -1.69976e+06   -7.13925e+06
 Pressure (bar)
    0.00000e+00

           Step           Time
           1888     1888.00000

   Energies (kJ/mol)
           Bond       G96Angle        LJ (SR)   Coulomb (SR)      Potential
    2.77270e+05    6.28378e+04   -5.77977e+06   -1.69967e+06   -7.13934e+06
 Pressure (bar)
    0.00000e+00

           Step           Time
           1889     1889.00000

   Energies (kJ/mol)
           Bond       G96Angle        LJ (SR)   Coulomb (SR)      Potential
    2.77251e+05    6.28140e+04   -5.77988e+06   -1.69957e+06   -7.13939e+06
 Pressure (bar)
    0.00000e+00

           Step           Time
           1890     1890.00000

   Energies (kJ/mol)
           Bond       G96Angle        LJ (SR)   Coulomb (SR)      Potential
    2.77203e+05    6.27859e+04   -5.78005e+06   -1.69948e+06   -7.13954e+06
 Pressure (bar)
    0.00000e+00

           Step           Time
           1891     1891.00000

   Energies (kJ/mol)
           Bond       G96Angle        LJ (SR)   Coulomb (SR)      Potential
    2.77217e+05    6.27556e+04   -5.78018e+06   -1.69948e+06   -7.13969e+06
 Pressure (bar)
    0.00000e+00

           Step           Time
           1892     1892.00000

   Energies (kJ/mol)
           Bond       G96Angle        LJ (SR)   Coulomb (SR)      Potential
    2.77177e+05    6.27198e+04   -5.78046e+06   -1.69934e+06   -7.13990e+06
 Pressure (bar)
    0.00000e+00

           Step           Time
           1893     1893.00000

   Energies (kJ/mol)
           Bond       G96Angle        LJ (SR)   Coulomb (SR)      Potential
    2.77163e+05    6.26775e+04   -5.78050e+06   -1.69940e+06   -7.14006e+06
 Pressure (bar)
    0.00000e+00

           Step           Time
           1894     1894.00000

   Energies (kJ/mol)
           Bond       G96Angle        LJ (SR)   Coulomb (SR)      Potential
    2.77087e+05    6.26286e+04   -5.78083e+06   -1.69896e+06   -7.14008e+06
 Pressure (bar)
    0.00000e+00

           Step           Time
           1895     1895.00000

   Energies (kJ/mol)
           Bond       G96Angle        LJ (SR)   Coulomb (SR)      Potential
    2.77099e+05    6.25759e+04   -5.78089e+06   -1.69907e+06   -7.14028e+06
 Pressure (bar)
    0.00000e+00

           Step           Time
           1896     1896.00000

   Energies (kJ/mol)
           Bond       G96Angle        LJ (SR)   Coulomb (SR)      Potential
    2.77074e+05    6.25634e+04   -5.78132e+06   -1.69947e+06   -7.14116e+06
 Pressure (bar)
    0.00000e+00

           Step           Time
           1897     1897.00000

   Energies (kJ/mol)
           Bond       G96Angle        LJ (SR)   Coulomb (SR)      Potential
    2.77040e+05    6.25352e+04   -5.78147e+06   -1.69972e+06   -7.14161e+06
 Pressure (bar)
    0.00000e+00

           Step           Time
           1898     1898.00000

   Energies (kJ/mol)
           Bond       G96Angle        LJ (SR)   Coulomb (SR)      Potential
    2.77074e+05    6.25223e+04   -5.78166e+06   -1.69998e+06   -7.14204e+06
 Pressure (bar)
    0.00000e+00

           Step           Time
           1899     1899.00000

           Step           Time
           1900     1900.00000

   Energies (kJ/mol)
           Bond       G96Angle        LJ (SR)   Coulomb (SR)      Potential
    2.77051e+05    6.25086e+04   -5.78172e+06   -1.70011e+06   -7.14227e+06
 Pressure (bar)
    0.00000e+00

           Step           Time
           1901     1901.00000

           Step           Time
           1902     1902.00000

   Energies (kJ/mol)
           Bond       G96Angle        LJ (SR)   Coulomb (SR)      Potential
    2.77034e+05    6.24911e+04   -5.78179e+06   -1.70013e+06   -7.14239e+06
 Pressure (bar)
    0.00000e+00

           Step           Time
           1903     1903.00000

   Energies (kJ/mol)
           Bond       G96Angle        LJ (SR)   Coulomb (SR)      Potential
    2.77011e+05    6.24737e+04   -5.78186e+06   -1.70017e+06   -7.14254e+06
 Pressure (bar)
    0.00000e+00

           Step           Time
           1904     1904.00000

   Energies (kJ/mol)
           Bond       G96Angle        LJ (SR)   Coulomb (SR)      Potential
    2.77007e+05    6.24561e+04   -5.78195e+06   -1.70023e+06   -7.14272e+06
 Pressure (bar)
    0.00000e+00

           Step           Time
           1905     1905.00000

   Energies (kJ/mol)
           Bond       G96Angle        LJ (SR)   Coulomb (SR)      Potential
    2.76998e+05    6.24396e+04   -5.78202e+06   -1.70028e+06   -7.14287e+06
 Pressure (bar)
    0.00000e+00

           Step           Time
           1906     1906.00000

   Energies (kJ/mol)
           Bond       G96Angle        LJ (SR)   Coulomb (SR)      Potential
    2.76982e+05    6.24213e+04   -5.78210e+06   -1.70030e+06   -7.14300e+06
 Pressure (bar)
    0.00000e+00

           Step           Time
           1907     1907.00000

   Energies (kJ/mol)
           Bond       G96Angle        LJ (SR)   Coulomb (SR)      Potential
    2.76972e+05    6.24035e+04   -5.78219e+06   -1.70030e+06   -7.14311e+06
 Pressure (bar)
    0.00000e+00

           Step           Time
           1908     1908.00000

   Energies (kJ/mol)
           Bond       G96Angle        LJ (SR)   Coulomb (SR)      Potential
    2.76967e+05    6.23860e+04   -5.78228e+06   -1.70035e+06   -7.14328e+06
 Pressure (bar)
    0.00000e+00

           Step           Time
           1909     1909.00000

   Energies (kJ/mol)
           Bond       G96Angle        LJ (SR)   Coulomb (SR)      Potential
    2.76971e+05    6.23681e+04   -5.78233e+06   -1.70039e+06   -7.14338e+06
 Pressure (bar)
    0.00000e+00

           Step           Time
           1910     1910.00000

   Energies (kJ/mol)
           Bond       G96Angle        LJ (SR)   Coulomb (SR)      Potential
    2.77004e+05    6.23508e+04   -5.78245e+06   -1.70044e+06   -7.14354e+06
 Pressure (bar)
    0.00000e+00

           Step           Time
           1911     1911.00000

           Step           Time
           1912     1912.00000

   Energies (kJ/mol)
           Bond       G96Angle        LJ (SR)   Coulomb (SR)      Potential
    2.76996e+05    6.23412e+04   -5.78266e+06   -1.70056e+06   -7.14388e+06
 Pressure (bar)
    0.00000e+00

           Step           Time
           1913     1913.00000

           Step           Time
           1914     1914.00000

           Step           Time
           1915     1915.00000

   Energies (kJ/mol)
           Bond       G96Angle        LJ (SR)   Coulomb (SR)      Potential
    2.76938e+05    6.23289e+04   -5.78267e+06   -1.70058e+06   -7.14398e+06
 Pressure (bar)
    0.00000e+00

           Step           Time
           1916     1916.00000

           Step           Time
           1917     1917.00000

   Energies (kJ/mol)
           Bond       G96Angle        LJ (SR)   Coulomb (SR)      Potential
    2.76899e+05    6.23106e+04   -5.78276e+06   -1.70045e+06   -7.14400e+06
 Pressure (bar)
    0.00000e+00

           Step           Time
           1918     1918.00000

   Energies (kJ/mol)
           Bond       G96Angle        LJ (SR)   Coulomb (SR)      Potential
    2.76853e+05    6.22877e+04   -5.78286e+06   -1.70033e+06   -7.14406e+06
 Pressure (bar)
    0.00000e+00

           Step           Time
           1919     1919.00000

   Energies (kJ/mol)
           Bond       G96Angle        LJ (SR)   Coulomb (SR)      Potential
    2.76867e+05    6.22624e+04   -5.78302e+06   -1.70030e+06   -7.14420e+06
 Pressure (bar)
    0.00000e+00

           Step           Time
           1920     1920.00000

   Energies (kJ/mol)
           Bond       G96Angle        LJ (SR)   Coulomb (SR)      Potential
    2.76831e+05    6.22478e+04   -5.78312e+06   -1.70053e+06   -7.14456e+06
 Pressure (bar)
    0.00000e+00

           Step           Time
           1921     1921.00000

   Energies (kJ/mol)
           Bond       G96Angle        LJ (SR)   Coulomb (SR)      Potential
    2.76828e+05    6.22272e+04   -5.78317e+06   -1.70053e+06   -7.14464e+06
 Pressure (bar)
    0.00000e+00

           Step           Time
           1922     1922.00000

   Energies (kJ/mol)
           Bond       G96Angle        LJ (SR)   Coulomb (SR)      Potential
    2.76808e+05    6.22120e+04   -5.78328e+06   -1.70064e+06   -7.14490e+06
 Pressure (bar)
    0.00000e+00

           Step           Time
           1923     1923.00000

   Energies (kJ/mol)
           Bond       G96Angle        LJ (SR)   Coulomb (SR)      Potential
    2.76813e+05    6.21922e+04   -5.78333e+06   -1.70062e+06   -7.14494e+06
 Pressure (bar)
    0.00000e+00

           Step           Time
           1924     1924.00000

   Energies (kJ/mol)
           Bond       G96Angle        LJ (SR)   Coulomb (SR)      Potential
    2.76790e+05    6.21754e+04   -5.78345e+06   -1.70066e+06   -7.14515e+06
 Pressure (bar)
    0.00000e+00

           Step           Time
           1925     1925.00000

   Energies (kJ/mol)
           Bond       G96Angle        LJ (SR)   Coulomb (SR)      Potential
    2.76791e+05    6.21577e+04   -5.78351e+06   -1.70067e+06   -7.14524e+06
 Pressure (bar)
    0.00000e+00

           Step           Time
           1926     1926.00000

   Energies (kJ/mol)
           Bond       G96Angle        LJ (SR)   Coulomb (SR)      Potential
    2.76768e+05    6.21415e+04   -5.78362e+06   -1.70074e+06   -7.14545e+06
 Pressure (bar)
    0.00000e+00

           Step           Time
           1927     1927.00000

   Energies (kJ/mol)
           Bond       G96Angle        LJ (SR)   Coulomb (SR)      Potential
    2.76779e+05    6.21214e+04   -5.78369e+06   -1.70070e+06   -7.14548e+06
 Pressure (bar)
    0.00000e+00

           Step           Time
           1928     1928.00000

   Energies (kJ/mol)
           Bond       G96Angle        LJ (SR)   Coulomb (SR)      Potential
    2.76780e+05    6.21068e+04   -5.78382e+06   -1.70080e+06   -7.14573e+06
 Pressure (bar)
    0.00000e+00

           Step           Time
           1929     1929.00000

           Step           Time
           1930     1930.00000

   Energies (kJ/mol)
           Bond       G96Angle        LJ (SR)   Coulomb (SR)      Potential
    2.76784e+05    6.20964e+04   -5.78398e+06   -1.70091e+06   -7.14601e+06
 Pressure (bar)
    0.00000e+00

           Step           Time
           1931     1931.00000

           Step           Time
           1932     1932.00000

           Step           Time
           1933     1933.00000

   Energies (kJ/mol)
           Bond       G96Angle        LJ (SR)   Coulomb (SR)      Potential
    2.76751e+05    6.20842e+04   -5.78400e+06   -1.70094e+06   -7.14611e+06
 Pressure (bar)
    0.00000e+00

           Step           Time
           1934     1934.00000

           Step           Time
           1935     1935.00000

   Energies (kJ/mol)
           Bond       G96Angle        LJ (SR)   Coulomb (SR)      Potential
    2.76712e+05    6.20709e+04   -5.78406e+06   -1.70089e+06   -7.14617e+06
 Pressure (bar)
    0.00000e+00

           Step           Time
           1936     1936.00000

   Energies (kJ/mol)
           Bond       G96Angle        LJ (SR)   Coulomb (SR)      Potential
    2.76679e+05    6.20538e+04   -5.78418e+06   -1.70084e+06   -7.14628e+06
 Pressure (bar)
    0.00000e+00

           Step           Time
           1937     1937.00000

   Energies (kJ/mol)
           Bond       G96Angle        LJ (SR)   Coulomb (SR)      Potential
    2.76679e+05    6.20314e+04   -5.78426e+06   -1.70076e+06   -7.14631e+06
 Pressure (bar)
    0.00000e+00

           Step           Time
           1938     1938.00000

   Energies (kJ/mol)
           Bond       G96Angle        LJ (SR)   Coulomb (SR)      Potential
    2.76634e+05    6.20085e+04   -5.78439e+06   -1.70064e+06   -7.14638e+06
 Pressure (bar)
    0.00000e+00

           Step           Time
           1939     1939.00000

   Energies (kJ/mol)
           Bond       G96Angle        LJ (SR)   Coulomb (SR)      Potential
    2.76633e+05    6.19934e+04   -5.78452e+06   -1.70090e+06   -7.14680e+06
 Pressure (bar)
    0.00000e+00

           Step           Time
           1940     1940.00000

   Energies (kJ/mol)
           Bond       G96Angle        LJ (SR)   Coulomb (SR)      Potential
    2.76652e+05    6.19715e+04   -5.78454e+06   -1.70096e+06   -7.14688e+06
 Pressure (bar)
    0.00000e+00

           Step           Time
           1941     1941.00000

   Energies (kJ/mol)
           Bond       G96Angle        LJ (SR)   Coulomb (SR)      Potential
    2.76622e+05    6.19567e+04   -5.78471e+06   -1.70104e+06   -7.14718e+06
 Pressure (bar)
    0.00000e+00

           Step           Time
           1942     1942.00000

   Energies (kJ/mol)
           Bond       G96Angle        LJ (SR)   Coulomb (SR)      Potential
    2.76618e+05    6.19372e+04   -5.78474e+06   -1.70101e+06   -7.14720e+06
 Pressure (bar)
    0.00000e+00

           Step           Time
           1943     1943.00000

   Energies (kJ/mol)
           Bond       G96Angle        LJ (SR)   Coulomb (SR)      Potential
    2.76609e+05    6.19219e+04   -5.78491e+06   -1.70108e+06   -7.14746e+06
 Pressure (bar)
    0.00000e+00

           Step           Time
           1944     1944.00000

   Energies (kJ/mol)
           Bond       G96Angle        LJ (SR)   Coulomb (SR)      Potential
    2.76585e+05    6.19031e+04   -5.78495e+06   -1.70105e+06   -7.14751e+06
 Pressure (bar)
    0.00000e+00

           Step           Time
           1945     1945.00000

   Energies (kJ/mol)
           Bond       G96Angle        LJ (SR)   Coulomb (SR)      Potential
    2.76587e+05    6.18867e+04   -5.78508e+06   -1.70114e+06   -7.14774e+06
 Pressure (bar)
    0.00000e+00

           Step           Time
           1946     1946.00000

   Energies (kJ/mol)
           Bond       G96Angle        LJ (SR)   Coulomb (SR)      Potential
    2.76576e+05    6.18685e+04   -5.78514e+06   -1.70113e+06   -7.14783e+06
 Pressure (bar)
    0.00000e+00

           Step           Time
           1947     1947.00000

   Energies (kJ/mol)
           Bond       G96Angle        LJ (SR)   Coulomb (SR)      Potential
    2.76579e+05    6.18524e+04   -5.78525e+06   -1.70118e+06   -7.14799e+06
 Pressure (bar)
    0.00000e+00

           Step           Time
           1948     1948.00000

   Energies (kJ/mol)
           Bond       G96Angle        LJ (SR)   Coulomb (SR)      Potential
    2.76553e+05    6.18344e+04   -5.78528e+06   -1.70118e+06   -7.14807e+06
 Pressure (bar)
    0.00000e+00

           Step           Time
           1949     1949.00000

   Energies (kJ/mol)
           Bond       G96Angle        LJ (SR)   Coulomb (SR)      Potential
    2.76617e+05    6.18161e+04   -5.78540e+06   -1.70119e+06   -7.14816e+06
 Pressure (bar)
    0.00000e+00

           Step           Time
           1950     1950.00000

   Energies (kJ/mol)
           Bond       G96Angle        LJ (SR)   Coulomb (SR)      Potential
    2.76598e+05    6.17994e+04   -5.78543e+06   -1.70126e+06   -7.14829e+06
 Pressure (bar)
    0.00000e+00

           Step           Time
           1951     1951.00000

           Step           Time
           1952     1952.00000

   Energies (kJ/mol)
           Bond       G96Angle        LJ (SR)   Coulomb (SR)      Potential
    2.76622e+05    6.17889e+04   -5.78574e+06   -1.70139e+06   -7.14872e+06
 Pressure (bar)
    0.00000e+00

           Step           Time
           1953     1953.00000

           Step           Time
           1954     1954.00000

           Step           Time
           1955     1955.00000

   Energies (kJ/mol)
           Bond       G96Angle        LJ (SR)   Coulomb (SR)      Potential
    2.76564e+05    6.17782e+04   -5.78573e+06   -1.70143e+06   -7.14882e+06
 Pressure (bar)
    0.00000e+00

           Step           Time
           1956     1956.00000

           Step           Time
           1957     1957.00000

   Energies (kJ/mol)
           Bond       G96Angle        LJ (SR)   Coulomb (SR)      Potential
    2.76511e+05    6.17612e+04   -5.78580e+06   -1.70131e+06   -7.14884e+06
 Pressure (bar)
    0.00000e+00

           Step           Time
           1958     1958.00000

           Step           Time
           1959     1959.00000

   Energies (kJ/mol)
           Bond       G96Angle        LJ (SR)   Coulomb (SR)      Potential
    2.76477e+05    6.17488e+04   -5.78588e+06   -1.70139e+06   -7.14905e+06
 Pressure (bar)
    0.00000e+00

           Step           Time
           1960     1960.00000

   Energies (kJ/mol)
           Bond       G96Angle        LJ (SR)   Coulomb (SR)      Potential
    2.76468e+05    6.17306e+04   -5.78597e+06   -1.70136e+06   -7.14913e+06
 Pressure (bar)
    0.00000e+00

           Step           Time
           1961     1961.00000

   Energies (kJ/mol)
           Bond       G96Angle        LJ (SR)   Coulomb (SR)      Potential
    2.76445e+05    6.17100e+04   -5.78609e+06   -1.70121e+06   -7.14915e+06
 Pressure (bar)
    0.00000e+00

           Step           Time
           1962     1962.00000

   Energies (kJ/mol)
           Bond       G96Angle        LJ (SR)   Coulomb (SR)      Potential
    2.76419e+05    6.16879e+04   -5.78624e+06   -1.70125e+06   -7.14939e+06
 Pressure (bar)
    0.00000e+00

           Step           Time
           1963     1963.00000

   Energies (kJ/mol)
           Bond       G96Angle        LJ (SR)   Coulomb (SR)      Potential
    2.76399e+05    6.16681e+04   -5.78637e+06   -1.70135e+06   -7.14965e+06
 Pressure (bar)
    0.00000e+00

           Step           Time
           1964     1964.00000

   Energies (kJ/mol)
           Bond       G96Angle        LJ (SR)   Coulomb (SR)      Potential
    2.76417e+05    6.16526e+04   -5.78645e+06   -1.70148e+06   -7.14986e+06
 Pressure (bar)
    0.00000e+00

           Step           Time
           1965     1965.00000

   Energies (kJ/mol)
           Bond       G96Angle        LJ (SR)   Coulomb (SR)      Potential
    2.76381e+05    6.16359e+04   -5.78652e+06   -1.70148e+06   -7.14998e+06
 Pressure (bar)
    0.00000e+00

           Step           Time
           1966     1966.00000

   Energies (kJ/mol)
           Bond       G96Angle        LJ (SR)   Coulomb (SR)      Potential
    2.76408e+05    6.16179e+04   -5.78664e+06   -1.70153e+06   -7.15015e+06
 Pressure (bar)
    0.00000e+00

           Step           Time
           1967     1967.00000

   Energies (kJ/mol)
           Bond       G96Angle        LJ (SR)   Coulomb (SR)      Potential
    2.76372e+05    6.16008e+04   -5.78670e+06   -1.70153e+06   -7.15026e+06
 Pressure (bar)
    0.00000e+00

           Step           Time
           1968     1968.00000

   Energies (kJ/mol)
           Bond       G96Angle        LJ (SR)   Coulomb (SR)      Potential
    2.76396e+05    6.15835e+04   -5.78679e+06   -1.70158e+06   -7.15039e+06
 Pressure (bar)
    0.00000e+00

           Step           Time
           1969     1969.00000

   Energies (kJ/mol)
           Bond       G96Angle        LJ (SR)   Coulomb (SR)      Potential
    2.76364e+05    6.15674e+04   -5.78684e+06   -1.70158e+06   -7.15049e+06
 Pressure (bar)
    0.00000e+00

           Step           Time
           1970     1970.00000

   Energies (kJ/mol)
           Bond       G96Angle        LJ (SR)   Coulomb (SR)      Potential
    2.76390e+05    6.15499e+04   -5.78694e+06   -1.70163e+06   -7.15064e+06
 Pressure (bar)
    0.00000e+00

           Step           Time
           1971     1971.00000

   Energies (kJ/mol)
           Bond       G96Angle        LJ (SR)   Coulomb (SR)      Potential
    2.76384e+05    6.15317e+04   -5.78697e+06   -1.70163e+06   -7.15068e+06
 Pressure (bar)
    0.00000e+00

           Step           Time
           1972     1972.00000

   Energies (kJ/mol)
           Bond       G96Angle        LJ (SR)   Coulomb (SR)      Potential
    2.76438e+05    6.15161e+04   -5.78711e+06   -1.70167e+06   -7.15083e+06
 Pressure (bar)
    0.00000e+00

           Step           Time
           1973     1973.00000

           Step           Time
           1974     1974.00000

   Energies (kJ/mol)
           Bond       G96Angle        LJ (SR)   Coulomb (SR)      Potential
    2.76419e+05    6.15057e+04   -5.78734e+06   -1.70181e+06   -7.15123e+06
 Pressure (bar)
    0.00000e+00

           Step           Time
           1975     1975.00000

           Step           Time
           1976     1976.00000

           Step           Time
           1977     1977.00000

   Energies (kJ/mol)
           Bond       G96Angle        LJ (SR)   Coulomb (SR)      Potential
    2.76355e+05    6.14926e+04   -5.78737e+06   -1.70184e+06   -7.15136e+06
 Pressure (bar)
    0.00000e+00

           Step           Time
           1978     1978.00000

           Step           Time
           1979     1979.00000

   Energies (kJ/mol)
           Bond       G96Angle        LJ (SR)   Coulomb (SR)      Potential
    2.76318e+05    6.14782e+04   -5.78743e+06   -1.70178e+06   -7.15142e+06
 Pressure (bar)
    0.00000e+00

           Step           Time
           1980     1980.00000

   Energies (kJ/mol)
           Bond       G96Angle        LJ (SR)   Coulomb (SR)      Potential
    2.76276e+05    6.14609e+04   -5.78748e+06   -1.70176e+06   -7.15150e+06
 Pressure (bar)
    0.00000e+00

           Step           Time
           1981     1981.00000

   Energies (kJ/mol)
           Bond       G96Angle        LJ (SR)   Coulomb (SR)      Potential
    2.76267e+05    6.14405e+04   -5.78760e+06   -1.70168e+06   -7.15156e+06
 Pressure (bar)
    0.00000e+00

           Step           Time
           1982     1982.00000

   Energies (kJ/mol)
           Bond       G96Angle        LJ (SR)   Coulomb (SR)      Potential
    2.76233e+05    6.14213e+04   -5.78774e+06   -1.70174e+06   -7.15182e+06
 Pressure (bar)
    0.00000e+00

           Step           Time
           1983     1983.00000

   Energies (kJ/mol)
           Bond       G96Angle        LJ (SR)   Coulomb (SR)      Potential
    2.76223e+05    6.14061e+04   -5.78781e+06   -1.70182e+06   -7.15200e+06
 Pressure (bar)
    0.00000e+00

           Step           Time
           1984     1984.00000

   Energies (kJ/mol)
           Bond       G96Angle        LJ (SR)   Coulomb (SR)      Potential
    2.76202e+05    6.13881e+04   -5.78789e+06   -1.70185e+06   -7.15215e+06
 Pressure (bar)
    0.00000e+00

           Step           Time
           1985     1985.00000

   Energies (kJ/mol)
           Bond       G96Angle        LJ (SR)   Coulomb (SR)      Potential
    2.76210e+05    6.13731e+04   -5.78796e+06   -1.70192e+06   -7.15230e+06
 Pressure (bar)
    0.00000e+00

           Step           Time
           1986     1986.00000

   Energies (kJ/mol)
           Bond       G96Angle        LJ (SR)   Coulomb (SR)      Potential
    2.76212e+05    6.13563e+04   -5.78805e+06   -1.70194e+06   -7.15242e+06
 Pressure (bar)
    0.00000e+00

           Step           Time
           1987     1987.00000

   Energies (kJ/mol)
           Bond       G96Angle        LJ (SR)   Coulomb (SR)      Potential
    2.76204e+05    6.13406e+04   -5.78814e+06   -1.70198e+06   -7.15258e+06
 Pressure (bar)
    0.00000e+00

           Step           Time
           1988     1988.00000

   Energies (kJ/mol)
           Bond       G96Angle        LJ (SR)   Coulomb (SR)      Potential
    2.76191e+05    6.13239e+04   -5.78822e+06   -1.70197e+06   -7.15267e+06
 Pressure (bar)
    0.00000e+00

           Step           Time
           1989     1989.00000

   Energies (kJ/mol)
           Bond       G96Angle        LJ (SR)   Coulomb (SR)      Potential
    2.76180e+05    6.13071e+04   -5.78831e+06   -1.70201e+06   -7.15283e+06
 Pressure (bar)
    0.00000e+00

           Step           Time
           1990     1990.00000

   Energies (kJ/mol)
           Bond       G96Angle        LJ (SR)   Coulomb (SR)      Potential
    2.76193e+05    6.12902e+04   -5.78836e+06   -1.70202e+06   -7.15290e+06
 Pressure (bar)
    0.00000e+00

           Step           Time
           1991     1991.00000

   Energies (kJ/mol)
           Bond       G96Angle        LJ (SR)   Coulomb (SR)      Potential
    2.76202e+05    6.12753e+04   -5.78848e+06   -1.70208e+06   -7.15308e+06
 Pressure (bar)
    0.00000e+00

           Step           Time
           1992     1992.00000

           Step           Time
           1993     1993.00000

   Energies (kJ/mol)
           Bond       G96Angle        LJ (SR)   Coulomb (SR)      Potential
    2.76193e+05    6.12660e+04   -5.78865e+06   -1.70221e+06   -7.15340e+06
 Pressure (bar)
    0.00000e+00

           Step           Time
           1994     1994.00000

           Step           Time
           1995     1995.00000

           Step           Time
           1996     1996.00000

   Energies (kJ/mol)
           Bond       G96Angle        LJ (SR)   Coulomb (SR)      Potential
    2.76165e+05    6.12537e+04   -5.78867e+06   -1.70224e+06   -7.15349e+06
 Pressure (bar)
    0.00000e+00

           Step           Time
           1997     1997.00000

           Step           Time
           1998     1998.00000

   Energies (kJ/mol)
           Bond       G96Angle        LJ (SR)   Coulomb (SR)      Potential
    2.76147e+05    6.12412e+04   -5.78876e+06   -1.70222e+06   -7.15359e+06
 Pressure (bar)
    0.00000e+00

           Step           Time
           1999     1999.00000

   Energies (kJ/mol)
           Bond       G96Angle        LJ (SR)   Coulomb (SR)      Potential
    2.76093e+05    6.12258e+04   -5.78882e+06   -1.70213e+06   -7.15363e+06
 Pressure (bar)
    0.00000e+00

           Step           Time
           2000     2000.00000

   Energies (kJ/mol)
           Bond       G96Angle        LJ (SR)   Coulomb (SR)      Potential
    2.76118e+05    6.12041e+04   -5.78891e+06   -1.70207e+06   -7.15366e+06
 Pressure (bar)
    0.00000e+00

           Step           Time
           2001     2001.00000

   Energies (kJ/mol)
           Bond       G96Angle        LJ (SR)   Coulomb (SR)      Potential
    2.76023e+05    6.11771e+04   -5.78911e+06   -1.70184e+06   -7.15375e+06
 Pressure (bar)
    0.00000e+00

           Step           Time
           2002     2002.00000

   Energies (kJ/mol)
           Bond       G96Angle        LJ (SR)   Coulomb (SR)      Potential
    2.76035e+05    6.11633e+04   -5.78926e+06   -1.70213e+06   -7.15419e+06
 Pressure (bar)
    0.00000e+00

           Step           Time
           2003     2003.00000

   Energies (kJ/mol)
           Bond       G96Angle        LJ (SR)   Coulomb (SR)      Potential
    2.76059e+05    6.11454e+04   -5.78929e+06   -1.70230e+06   -7.15439e+06
 Pressure (bar)
    0.00000e+00

           Step           Time
           2004     2004.00000

   Energies (kJ/mol)
           Bond       G96Angle        LJ (SR)   Coulomb (SR)      Potential
    2.76035e+05    6.11306e+04   -5.78940e+06   -1.70231e+06   -7.15454e+06
 Pressure (bar)
    0.00000e+00

           Step           Time
           2005     2005.00000

   Energies (kJ/mol)
           Bond       G96Angle        LJ (SR)   Coulomb (SR)      Potential
    2.76023e+05    6.11146e+04   -5.78948e+06   -1.70229e+06   -7.15464e+06
 Pressure (bar)
    0.00000e+00

           Step           Time
           2006     2006.00000

   Energies (kJ/mol)
           Bond       G96Angle        LJ (SR)   Coulomb (SR)      Potential
    2.76024e+05    6.10986e+04   -5.78957e+06   -1.70236e+06   -7.15481e+06
 Pressure (bar)
    0.00000e+00

           Step           Time
           2007     2007.00000

   Energies (kJ/mol)
           Bond       G96Angle        LJ (SR)   Coulomb (SR)      Potential
    2.75999e+05    6.10815e+04   -5.78962e+06   -1.70238e+06   -7.15492e+06
 Pressure (bar)
    0.00000e+00

           Step           Time
           2008     2008.00000

   Energies (kJ/mol)
           Bond       G96Angle        LJ (SR)   Coulomb (SR)      Potential
    2.76021e+05    6.10666e+04   -5.78975e+06   -1.70238e+06   -7.15504e+06
 Pressure (bar)
    0.00000e+00

           Step           Time
           2009     2009.00000

   Energies (kJ/mol)
           Bond       G96Angle        LJ (SR)   Coulomb (SR)      Potential
    2.75980e+05    6.10495e+04   -5.78981e+06   -1.70241e+06   -7.15519e+06
 Pressure (bar)
    0.00000e+00

           Step           Time
           2010     2010.00000

   Energies (kJ/mol)
           Bond       G96Angle        LJ (SR)   Coulomb (SR)      Potential
    2.76013e+05    6.10334e+04   -5.78988e+06   -1.70242e+06   -7.15525e+06
 Pressure (bar)
    0.00000e+00

           Step           Time
           2011     2011.00000

   Energies (kJ/mol)
           Bond       G96Angle        LJ (SR)   Coulomb (SR)      Potential
    2.75995e+05    6.10165e+04   -5.78994e+06   -1.70248e+06   -7.15541e+06
 Pressure (bar)
    0.00000e+00

           Step           Time
           2012     2012.00000

           Step           Time
           2013     2013.00000

   Energies (kJ/mol)
           Bond       G96Angle        LJ (SR)   Coulomb (SR)      Potential
    2.76014e+05    6.10078e+04   -5.79015e+06   -1.70261e+06   -7.15573e+06
 Pressure (bar)
    0.00000e+00

           Step           Time
           2014     2014.00000

           Step           Time
           2015     2015.00000

           Step           Time
           2016     2016.00000

   Energies (kJ/mol)
           Bond       G96Angle        LJ (SR)   Coulomb (SR)      Potential
    2.75970e+05    6.09964e+04   -5.79016e+06   -1.70262e+06   -7.15582e+06
 Pressure (bar)
    0.00000e+00

           Step           Time
           2017     2017.00000

           Step           Time
           2018     2018.00000

           Step           Time
           2019     2019.00000

   Energies (kJ/mol)
           Bond       G96Angle        LJ (SR)   Coulomb (SR)      Potential
    2.75961e+05    6.09877e+04   -5.79021e+06   -1.70269e+06   -7.15595e+06
 Pressure (bar)
    0.00000e+00

           Step           Time
           2020     2020.00000

   Energies (kJ/mol)
           Bond       G96Angle        LJ (SR)   Coulomb (SR)      Potential
    2.75947e+05    6.09776e+04   -5.79024e+06   -1.70266e+06   -7.15598e+06
 Pressure (bar)
    0.00000e+00

           Step           Time
           2021     2021.00000

   Energies (kJ/mol)
           Bond       G96Angle        LJ (SR)   Coulomb (SR)      Potential
    2.75923e+05    6.09645e+04   -5.79034e+06   -1.70258e+06   -7.15603e+06
 Pressure (bar)
    0.00000e+00

           Step           Time
           2022     2022.00000

   Energies (kJ/mol)
           Bond       G96Angle        LJ (SR)   Coulomb (SR)      Potential
    2.75919e+05    6.09490e+04   -5.79038e+06   -1.70261e+06   -7.15612e+06
 Pressure (bar)
    0.00000e+00

           Step           Time
           2023     2023.00000

   Energies (kJ/mol)
           Bond       G96Angle        LJ (SR)   Coulomb (SR)      Potential
    2.75882e+05    6.09317e+04   -5.79050e+06   -1.70250e+06   -7.15619e+06
 Pressure (bar)
    0.00000e+00

           Step           Time
           2024     2024.00000

   Energies (kJ/mol)
           Bond       G96Angle        LJ (SR)   Coulomb (SR)      Potential
    2.75877e+05    6.09107e+04   -5.79065e+06   -1.70245e+06   -7.15631e+06
 Pressure (bar)
    0.00000e+00

           Step           Time
           2025     2025.00000

   Energies (kJ/mol)
           Bond       G96Angle        LJ (SR)   Coulomb (SR)      Potential
    2.75848e+05    6.08878e+04   -5.79078e+06   -1.70234e+06   -7.15639e+06
 Pressure (bar)
    0.00000e+00

           Step           Time
           2026     2026.00000

   Energies (kJ/mol)
           Bond       G96Angle        LJ (SR)   Coulomb (SR)      Potential
    2.75828e+05    6.08555e+04   -5.79098e+06   -1.70216e+06   -7.15645e+06
 Pressure (bar)
    0.00000e+00

           Step           Time
           2027     2027.00000

   Energies (kJ/mol)
           Bond       G96Angle        LJ (SR)   Coulomb (SR)      Potential
    2.75813e+05    6.08194e+04   -5.79115e+06   -1.70208e+06   -7.15660e+06
 Pressure (bar)
    0.00000e+00

           Step           Time
           2028     2028.00000

   Energies (kJ/mol)
           Bond       G96Angle        LJ (SR)   Coulomb (SR)      Potential
    2.75765e+05    6.07968e+04   -5.79136e+06   -1.70243e+06   -7.15723e+06
 Pressure (bar)
    0.00000e+00

           Step           Time
           2029     2029.00000

   Energies (kJ/mol)
           Bond       G96Angle        LJ (SR)   Coulomb (SR)      Potential
    2.75797e+05    6.07842e+04   -5.79145e+06   -1.70269e+06   -7.15755e+06
 Pressure (bar)
    0.00000e+00

           Step           Time
           2030     2030.00000

   Energies (kJ/mol)
           Bond       G96Angle        LJ (SR)   Coulomb (SR)      Potential
    2.75769e+05    6.07646e+04   -5.79147e+06   -1.70270e+06   -7.15763e+06
 Pressure (bar)
    0.00000e+00

           Step           Time
           2031     2031.00000

   Energies (kJ/mol)
           Bond       G96Angle        LJ (SR)   Coulomb (SR)      Potential
    2.75797e+05    6.07510e+04   -5.79162e+06   -1.70285e+06   -7.15792e+06
 Pressure (bar)
    0.00000e+00

           Step           Time
           2032     2032.00000

           Step           Time
           2033     2033.00000

   Energies (kJ/mol)
           Bond       G96Angle        LJ (SR)   Coulomb (SR)      Potential
    2.75782e+05    6.07417e+04   -5.79167e+06   -1.70296e+06   -7.15810e+06
 Pressure (bar)
    0.00000e+00

           Step           Time
           2034     2034.00000

           Step           Time
           2035     2035.00000

           Step           Time
           2036     2036.00000

   Energies (kJ/mol)
           Bond       G96Angle        LJ (SR)   Coulomb (SR)      Potential
    2.75769e+05    6.07308e+04   -5.79173e+06   -1.70297e+06   -7.15820e+06
 Pressure (bar)
    0.00000e+00

           Step           Time
           2037     2037.00000

           Step           Time
           2038     2038.00000

   Energies (kJ/mol)
           Bond       G96Angle        LJ (SR)   Coulomb (SR)      Potential
    2.75760e+05    6.07212e+04   -5.79176e+06   -1.70303e+06   -7.15832e+06
 Pressure (bar)
    0.00000e+00

           Step           Time
           2039     2039.00000

   Energies (kJ/mol)
           Bond       G96Angle        LJ (SR)   Coulomb (SR)      Potential
    2.75743e+05    6.07106e+04   -5.79182e+06   -1.70302e+06   -7.15838e+06
 Pressure (bar)
    0.00000e+00

           Step           Time
           2040     2040.00000

   Energies (kJ/mol)
           Bond       G96Angle        LJ (SR)   Coulomb (SR)      Potential
    2.75740e+05    6.06987e+04   -5.79191e+06   -1.70299e+06   -7.15847e+06
 Pressure (bar)
    0.00000e+00

           Step           Time
           2041     2041.00000

   Energies (kJ/mol)
           Bond       G96Angle        LJ (SR)   Coulomb (SR)      Potential
    2.75724e+05    6.06852e+04   -5.79198e+06   -1.70296e+06   -7.15852e+06
 Pressure (bar)
    0.00000e+00

           Step           Time
           2042     2042.00000

   Energies (kJ/mol)
           Bond       G96Angle        LJ (SR)   Coulomb (SR)      Potential
    2.75711e+05    6.06662e+04   -5.79207e+06   -1.70285e+06   -7.15854e+06
 Pressure (bar)
    0.00000e+00

           Step           Time
           2043     2043.00000

   Energies (kJ/mol)
           Bond       G96Angle        LJ (SR)   Coulomb (SR)      Potential
    2.75691e+05    6.06452e+04   -5.79224e+06   -1.70277e+06   -7.15868e+06
 Pressure (bar)
    0.00000e+00

           Step           Time
           2044     2044.00000

   Energies (kJ/mol)
           Bond       G96Angle        LJ (SR)   Coulomb (SR)      Potential
    2.75673e+05    6.06204e+04   -5.79233e+06   -1.70277e+06   -7.15880e+06
 Pressure (bar)
    0.00000e+00

           Step           Time
           2045     2045.00000

           Step           Time
           2046     2046.00000

   Energies (kJ/mol)
           Bond       G96Angle        LJ (SR)   Coulomb (SR)      Potential
    2.75670e+05    6.06044e+04   -5.79247e+06   -1.70297e+06   -7.15916e+06
 Pressure (bar)
    0.00000e+00

           Step           Time
           2047     2047.00000

   Energies (kJ/mol)
           Bond       G96Angle        LJ (SR)   Coulomb (SR)      Potential
    2.75669e+05    6.05837e+04   -5.79253e+06   -1.70299e+06   -7.15927e+06
 Pressure (bar)
    0.00000e+00

           Step           Time
           2048     2048.00000

   Energies (kJ/mol)
           Bond       G96Angle        LJ (SR)   Coulomb (SR)      Potential
    2.75622e+05    6.05645e+04   -5.79270e+06   -1.70294e+06   -7.15945e+06
 Pressure (bar)
    0.00000e+00

           Step           Time
           2049     2049.00000

   Energies (kJ/mol)
           Bond       G96Angle        LJ (SR)   Coulomb (SR)      Potential
    2.75642e+05    6.05432e+04   -5.79280e+06   -1.70300e+06   -7.15962e+06
 Pressure (bar)
    0.00000e+00

           Step           Time
           2050     2050.00000

   Energies (kJ/mol)
           Bond       G96Angle        LJ (SR)   Coulomb (SR)      Potential
    2.75629e+05    6.05312e+04   -5.79293e+06   -1.70316e+06   -7.15993e+06
 Pressure (bar)
    0.00000e+00

           Step           Time
           2051     2051.00000

   Energies (kJ/mol)
           Bond       G96Angle        LJ (SR)   Coulomb (SR)      Potential
    2.75620e+05    6.05111e+04   -5.79294e+06   -1.70313e+06   -7.15994e+06
 Pressure (bar)
    0.00000e+00

           Step           Time
           2052     2052.00000

   Energies (kJ/mol)
           Bond       G96Angle        LJ (SR)   Coulomb (SR)      Potential
    2.75598e+05    6.04981e+04   -5.79307e+06   -1.70321e+06   -7.16019e+06
 Pressure (bar)
    0.00000e+00

           Step           Time
           2053     2053.00000

   Energies (kJ/mol)
           Bond       G96Angle        LJ (SR)   Coulomb (SR)      Potential
    2.75599e+05    6.04803e+04   -5.79314e+06   -1.70317e+06   -7.16023e+06
 Pressure (bar)
    0.00000e+00

           Step           Time
           2054     2054.00000

   Energies (kJ/mol)
           Bond       G96Angle        LJ (SR)   Coulomb (SR)      Potential
    2.75607e+05    6.04665e+04   -5.79324e+06   -1.70326e+06   -7.16043e+06
 Pressure (bar)
    0.00000e+00

           Step           Time
           2055     2055.00000

   Energies (kJ/mol)
           Bond       G96Angle        LJ (SR)   Coulomb (SR)      Potential
    2.75567e+05    6.04498e+04   -5.79332e+06   -1.70322e+06   -7.16053e+06
 Pressure (bar)
    0.00000e+00

           Step           Time
           2056     2056.00000

   Energies (kJ/mol)
           Bond       G96Angle        LJ (SR)   Coulomb (SR)      Potential
    2.75569e+05    6.04356e+04   -5.79344e+06   -1.70326e+06   -7.16069e+06
 Pressure (bar)
    0.00000e+00

           Step           Time
           2057     2057.00000

   Energies (kJ/mol)
           Bond       G96Angle        LJ (SR)   Coulomb (SR)      Potential
    2.75577e+05    6.04186e+04   -5.79346e+06   -1.70330e+06   -7.16077e+06
 Pressure (bar)
    0.00000e+00

           Step           Time
           2058     2058.00000

   Energies (kJ/mol)
           Bond       G96Angle        LJ (SR)   Coulomb (SR)      Potential
    2.75596e+05    6.04040e+04   -5.79360e+06   -1.70331e+06   -7.16091e+06
 Pressure (bar)
    0.00000e+00

           Step           Time
           2059     2059.00000

   Energies (kJ/mol)
           Bond       G96Angle        LJ (SR)   Coulomb (SR)      Potential
    2.75587e+05    6.03870e+04   -5.79365e+06   -1.70333e+06   -7.16100e+06
 Pressure (bar)
    0.00000e+00

           Step           Time
           2060     2060.00000

   Energies (kJ/mol)
           Bond       G96Angle        LJ (SR)   Coulomb (SR)      Potential
    2.75594e+05    6.03696e+04   -5.79372e+06   -1.70329e+06   -7.16105e+06
 Pressure (bar)
    0.00000e+00

           Step           Time
           2061     2061.00000

   Energies (kJ/mol)
           Bond       G96Angle        LJ (SR)   Coulomb (SR)      Potential
    2.75590e+05    6.03556e+04   -5.79382e+06   -1.70334e+06   -7.16122e+06
 Pressure (bar)
    0.00000e+00

           Step           Time
           2062     2062.00000

           Step           Time
           2063     2063.00000

   Energies (kJ/mol)
           Bond       G96Angle        LJ (SR)   Coulomb (SR)      Potential
    2.75612e+05    6.03452e+04   -5.79409e+06   -1.70347e+06   -7.16160e+06
 Pressure (bar)
    0.00000e+00

           Step           Time
           2064     2064.00000

           Step           Time
           2065     2065.00000

           Step           Time
           2066     2066.00000

   Energies (kJ/mol)
           Bond       G96Angle        LJ (SR)   Coulomb (SR)      Potential
    2.75565e+05    6.03353e+04   -5.79411e+06   -1.70352e+06   -7.16173e+06
 Pressure (bar)
    0.00000e+00

           Step           Time
           2067     2067.00000

           Step           Time
           2068     2068.00000

   Energies (kJ/mol)
           Bond       G96Angle        LJ (SR)   Coulomb (SR)      Potential
    2.75532e+05    6.03229e+04   -5.79415e+06   -1.70350e+06   -7.16179e+06
 Pressure (bar)
    0.00000e+00

           Step           Time
           2069     2069.00000

           Step           Time
           2070     2070.00000

   Energies (kJ/mol)
           Bond       G96Angle        LJ (SR)   Coulomb (SR)      Potential
    2.75483e+05    6.03066e+04   -5.79425e+06   -1.70336e+06   -7.16182e+06
 Pressure (bar)
    0.00000e+00

           Step           Time
           2071     2071.00000

   Energies (kJ/mol)
           Bond       G96Angle        LJ (SR)   Coulomb (SR)      Potential
    2.75472e+05    6.02904e+04   -5.79434e+06   -1.70336e+06   -7.16193e+06
 Pressure (bar)
    0.00000e+00

           Step           Time
           2072     2072.00000

   Energies (kJ/mol)
           Bond       G96Angle        LJ (SR)   Coulomb (SR)      Potential
    2.75429e+05    6.02666e+04   -5.79443e+06   -1.70322e+06   -7.16195e+06
 Pressure (bar)
    0.00000e+00

           Step           Time
           2073     2073.00000

   Energies (kJ/mol)
           Bond       G96Angle        LJ (SR)   Coulomb (SR)      Potential
    2.75411e+05    6.02506e+04   -5.79457e+06   -1.70340e+06   -7.16230e+06
 Pressure (bar)
    0.00000e+00

           Step           Time
           2074     2074.00000

   Energies (kJ/mol)
           Bond       G96Angle        LJ (SR)   Coulomb (SR)      Potential
    2.75424e+05    6.02358e+04   -5.79462e+06   -1.70352e+06   -7.16247e+06
 Pressure (bar)
    0.00000e+00

           Step           Time
           2075     2075.00000

   Energies (kJ/mol)
           Bond       G96Angle        LJ (SR)   Coulomb (SR)      Potential
    2.75421e+05    6.02207e+04   -5.79472e+06   -1.70350e+06   -7.16258e+06
 Pressure (bar)
    0.00000e+00

           Step           Time
           2076     2076.00000

   Energies (kJ/mol)
           Bond       G96Angle        LJ (SR)   Coulomb (SR)      Potential
    2.75394e+05    6.02048e+04   -5.79479e+06   -1.70352e+06   -7.16271e+06
 Pressure (bar)
    0.00000e+00

           Step           Time
           2077     2077.00000

   Energies (kJ/mol)
           Bond       G96Angle        LJ (SR)   Coulomb (SR)      Potential
    2.75426e+05    6.01895e+04   -5.79488e+06   -1.70356e+06   -7.16283e+06
 Pressure (bar)
    0.00000e+00

           Step           Time
           2078     2078.00000

   Energies (kJ/mol)
           Bond       G96Angle        LJ (SR)   Coulomb (SR)      Potential
    2.75403e+05    6.01731e+04   -5.79497e+06   -1.70357e+06   -7.16296e+06
 Pressure (bar)
    0.00000e+00

           Step           Time
           2079     2079.00000

   Energies (kJ/mol)
           Bond       G96Angle        LJ (SR)   Coulomb (SR)      Potential
    2.75405e+05    6.01572e+04   -5.79505e+06   -1.70358e+06   -7.16307e+06
 Pressure (bar)
    0.00000e+00

           Step           Time
           2080     2080.00000

   Energies (kJ/mol)
           Bond       G96Angle        LJ (SR)   Coulomb (SR)      Potential
    2.75390e+05    6.01406e+04   -5.79510e+06   -1.70360e+06   -7.16317e+06
 Pressure (bar)
    0.00000e+00

           Step           Time
           2081     2081.00000

   Energies (kJ/mol)
           Bond       G96Angle        LJ (SR)   Coulomb (SR)      Potential
    2.75403e+05    6.01259e+04   -5.79522e+06   -1.70361e+06   -7.16330e+06
 Pressure (bar)
    0.00000e+00

           Step           Time
           2082     2082.00000

   Energies (kJ/mol)
           Bond       G96Angle        LJ (SR)   Coulomb (SR)      Potential
    2.75392e+05    6.01089e+04   -5.79525e+06   -1.70360e+06   -7.16335e+06
 Pressure (bar)
    0.00000e+00

           Step           Time
           2083     2083.00000

   Energies (kJ/mol)
           Bond       G96Angle        LJ (SR)   Coulomb (SR)      Potential
    2.75484e+05    6.00936e+04   -5.79536e+06   -1.70368e+06   -7.16346e+06
 Pressure (bar)
    0.00000e+00

           Step           Time
           2084     2084.00000

           Step           Time
           2085     2085.00000

   Energies (kJ/mol)
           Bond       G96Angle        LJ (SR)   Coulomb (SR)      Potential
    2.75452e+05    6.00843e+04   -5.79561e+06   -1.70381e+06   -7.16389e+06
 Pressure (bar)
    0.00000e+00

           Step           Time
           2086     2086.00000

           Step           Time
           2087     2087.00000

           Step           Time
           2088     2088.00000

   Energies (kJ/mol)
           Bond       G96Angle        LJ (SR)   Coulomb (SR)      Potential
    2.75402e+05    6.00736e+04   -5.79562e+06   -1.70384e+06   -7.16399e+06
 Pressure (bar)
    0.00000e+00

           Step           Time
           2089     2089.00000

           Step           Time
           2090     2090.00000

   Energies (kJ/mol)
           Bond       G96Angle        LJ (SR)   Coulomb (SR)      Potential
    2.75330e+05    6.00591e+04   -5.79570e+06   -1.70370e+06   -7.16401e+06
 Pressure (bar)
    0.00000e+00

           Step           Time
           2091     2091.00000

   Energies (kJ/mol)
           Bond       G96Angle        LJ (SR)   Coulomb (SR)      Potential
    2.75327e+05    6.00402e+04   -5.79583e+06   -1.70365e+06   -7.16411e+06
 Pressure (bar)
    0.00000e+00

           Step           Time
           2092     2092.00000

           Step           Time
           2093     2093.00000

   Energies (kJ/mol)
           Bond       G96Angle        LJ (SR)   Coulomb (SR)      Potential
    2.75280e+05    6.00289e+04   -5.79591e+06   -1.70376e+06   -7.16436e+06
 Pressure (bar)
    0.00000e+00

           Step           Time
           2094     2094.00000

   Energies (kJ/mol)
           Bond       G96Angle        LJ (SR)   Coulomb (SR)      Potential
    2.75277e+05    6.00124e+04   -5.79594e+06   -1.70375e+06   -7.16439e+06
 Pressure (bar)
    0.00000e+00

           Step           Time
           2095     2095.00000

   Energies (kJ/mol)
           Bond       G96Angle        LJ (SR)   Coulomb (SR)      Potential
    2.75272e+05    5.99967e+04   -5.79606e+06   -1.70374e+06   -7.16453e+06
 Pressure (bar)
    0.00000e+00

           Step           Time
           2096     2096.00000

   Energies (kJ/mol)
           Bond       G96Angle        LJ (SR)   Coulomb (SR)      Potential
    2.75257e+05    5.99767e+04   -5.79613e+06   -1.70369e+06   -7.16459e+06
 Pressure (bar)
    0.00000e+00

           Step           Time
           2097     2097.00000

   Energies (kJ/mol)
           Bond       G96Angle        LJ (SR)   Coulomb (SR)      Potential
    2.75250e+05    5.99635e+04   -5.79624e+06   -1.70383e+06   -7.16485e+06
 Pressure (bar)
    0.00000e+00

           Step           Time
           2098     2098.00000

   Energies (kJ/mol)
           Bond       G96Angle        LJ (SR)   Coulomb (SR)      Potential
    2.75238e+05    5.99461e+04   -5.79632e+06   -1.70382e+06   -7.16495e+06
 Pressure (bar)
    0.00000e+00

           Step           Time
           2099     2099.00000

   Energies (kJ/mol)
           Bond       G96Angle        LJ (SR)   Coulomb (SR)      Potential
    2.75222e+05    5.99322e+04   -5.79642e+06   -1.70387e+06   -7.16514e+06
 Pressure (bar)
    0.00000e+00

           Step           Time
           2100     2100.00000

   Energies (kJ/mol)
           Bond       G96Angle        LJ (SR)   Coulomb (SR)      Potential
    2.75209e+05    5.99151e+04   -5.79653e+06   -1.70383e+06   -7.16524e+06
 Pressure (bar)
    0.00000e+00

           Step           Time
           2101     2101.00000

   Energies (kJ/mol)
           Bond       G96Angle        LJ (SR)   Coulomb (SR)      Potential
    2.75217e+05    5.99012e+04   -5.79663e+06   -1.70390e+06   -7.16540e+06
 Pressure (bar)
    0.00000e+00

           Step           Time
           2102     2102.00000

   Energies (kJ/mol)
           Bond       G96Angle        LJ (SR)   Coulomb (SR)      Potential
    2.75210e+05    5.98849e+04   -5.79667e+06   -1.70392e+06   -7.16550e+06
 Pressure (bar)
    0.00000e+00

           Step           Time
           2103     2103.00000

   Energies (kJ/mol)
           Bond       G96Angle        LJ (SR)   Coulomb (SR)      Potential
    2.75207e+05    5.98701e+04   -5.79680e+06   -1.70393e+06   -7.16566e+06
 Pressure (bar)
    0.00000e+00

           Step           Time
           2104     2104.00000

   Energies (kJ/mol)
           Bond       G96Angle        LJ (SR)   Coulomb (SR)      Potential
    2.75205e+05    5.98543e+04   -5.79686e+06   -1.70393e+06   -7.16572e+06
 Pressure (bar)
    0.00000e+00

           Step           Time
           2105     2105.00000

   Energies (kJ/mol)
           Bond       G96Angle        LJ (SR)   Coulomb (SR)      Potential
    2.75215e+05    5.98395e+04   -5.79696e+06   -1.70396e+06   -7.16586e+06
 Pressure (bar)
    0.00000e+00

           Step           Time
           2106     2106.00000

   Energies (kJ/mol)
           Bond       G96Angle        LJ (SR)   Coulomb (SR)      Potential
    2.75212e+05    5.98228e+04   -5.79697e+06   -1.70394e+06   -7.16587e+06
 Pressure (bar)
    0.00000e+00

           Step           Time
           2107     2107.00000

   Energies (kJ/mol)
           Bond       G96Angle        LJ (SR)   Coulomb (SR)      Potential
    2.75262e+05    5.98074e+04   -5.79704e+06   -1.70401e+06   -7.16598e+06
 Pressure (bar)
    0.00000e+00

           Step           Time
           2108     2108.00000

   Energies (kJ/mol)
           Bond       G96Angle        LJ (SR)   Coulomb (SR)      Potential
    2.75322e+05    5.97921e+04   -5.79711e+06   -1.70409e+06   -7.16608e+06
 Pressure (bar)
    0.00000e+00

           Step           Time
           2109     2109.00000

           Step           Time
           2110     2110.00000

   Energies (kJ/mol)
           Bond       G96Angle        LJ (SR)   Coulomb (SR)      Potential
    2.75293e+05    5.97837e+04   -5.79746e+06   -1.70419e+06   -7.16657e+06
 Pressure (bar)
    0.00000e+00

           Step           Time
           2111     2111.00000

           Step           Time
           2112     2112.00000

           Step           Time
           2113     2113.00000

   Energies (kJ/mol)
           Bond       G96Angle        LJ (SR)   Coulomb (SR)      Potential
    2.75224e+05    5.97739e+04   -5.79745e+06   -1.70421e+06   -7.16666e+06
 Pressure (bar)
    0.00000e+00

           Step           Time
           2114     2114.00000

           Step           Time
           2115     2115.00000

           Step           Time
           2116     2116.00000

   Energies (kJ/mol)
           Bond       G96Angle        LJ (SR)   Coulomb (SR)      Potential
    2.75179e+05    5.97654e+04   -5.79747e+06   -1.70424e+06   -7.16677e+06
 Pressure (bar)
    0.00000e+00

           Step           Time
           2117     2117.00000

   Energies (kJ/mol)
           Bond       G96Angle        LJ (SR)   Coulomb (SR)      Potential
    2.75156e+05    5.97538e+04   -5.79747e+06   -1.70423e+06   -7.16679e+06
 Pressure (bar)
    0.00000e+00

           Step           Time
           2118     2118.00000

           Step           Time
           2119     2119.00000

   Energies (kJ/mol)
           Bond       G96Angle        LJ (SR)   Coulomb (SR)      Potential
    2.75140e+05    5.97466e+04   -5.79756e+06   -1.70430e+06   -7.16697e+06
 Pressure (bar)
    0.00000e+00

           Step           Time
           2120     2120.00000

   Energies (kJ/mol)
           Bond       G96Angle        LJ (SR)   Coulomb (SR)      Potential
    2.75116e+05    5.97370e+04   -5.79761e+06   -1.70427e+06   -7.16703e+06
 Pressure (bar)
    0.00000e+00

           Step           Time
           2121     2121.00000

   Energies (kJ/mol)
           Bond       G96Angle        LJ (SR)   Coulomb (SR)      Potential
    2.75106e+05    5.97259e+04   -5.79767e+06   -1.70421e+06   -7.16705e+06
 Pressure (bar)
    0.00000e+00

           Step           Time
           2122     2122.00000

   Energies (kJ/mol)
           Bond       G96Angle        LJ (SR)   Coulomb (SR)      Potential
    2.75101e+05    5.97134e+04   -5.79774e+06   -1.70423e+06   -7.16715e+06
 Pressure (bar)
    0.00000e+00

           Step           Time
           2123     2123.00000

   Energies (kJ/mol)
           Bond       G96Angle        LJ (SR)   Coulomb (SR)      Potential
    2.75073e+05    5.96996e+04   -5.79780e+06   -1.70417e+06   -7.16720e+06
 Pressure (bar)
    0.00000e+00

           Step           Time
           2124     2124.00000

   Energies (kJ/mol)
           Bond       G96Angle        LJ (SR)   Coulomb (SR)      Potential
    2.75061e+05    5.96840e+04   -5.79789e+06   -1.70414e+06   -7.16728e+06
 Pressure (bar)
    0.00000e+00

           Step           Time
           2125     2125.00000

   Energies (kJ/mol)
           Bond       G96Angle        LJ (SR)   Coulomb (SR)      Potential
    2.75071e+05    5.96655e+04   -5.79798e+06   -1.70410e+06   -7.16734e+06
 Pressure (bar)
    0.00000e+00

           Step           Time
           2126     2126.00000

           Step           Time
           2127     2127.00000

   Energies (kJ/mol)
           Bond       G96Angle        LJ (SR)   Coulomb (SR)      Potential
    2.75034e+05    5.96514e+04   -5.79811e+06   -1.70421e+06   -7.16764e+06
 Pressure (bar)
    0.00000e+00

           Step           Time
           2128     2128.00000

   Energies (kJ/mol)
           Bond       G96Angle        LJ (SR)   Coulomb (SR)      Potential
    2.75036e+05    5.96369e+04   -5.79818e+06   -1.70425e+06   -7.16775e+06
 Pressure (bar)
    0.00000e+00

           Step           Time
           2129     2129.00000

   Energies (kJ/mol)
           Bond       G96Angle        LJ (SR)   Coulomb (SR)      Potential
    2.75019e+05    5.96174e+04   -5.79829e+06   -1.70412e+06   -7.16778e+06
 Pressure (bar)
    0.00000e+00

           Step           Time
           2130     2130.00000

   Energies (kJ/mol)
           Bond       G96Angle        LJ (SR)   Coulomb (SR)      Potential
    2.74994e+05    5.95988e+04   -5.79844e+06   -1.70412e+06   -7.16797e+06
 Pressure (bar)
    0.00000e+00

           Step           Time
           2131     2131.00000

   Energies (kJ/mol)
           Bond       G96Angle        LJ (SR)   Coulomb (SR)      Potential
    2.74992e+05    5.95751e+04   -5.79854e+06   -1.70402e+06   -7.16799e+06
 Pressure (bar)
    0.00000e+00

           Step           Time
           2132     2132.00000

           Step           Time
           2133     2133.00000

   Energies (kJ/mol)
           Bond       G96Angle        LJ (SR)   Coulomb (SR)      Potential
    2.74973e+05    5.95580e+04   -5.79872e+06   -1.70422e+06   -7.16840e+06
 Pressure (bar)
    0.00000e+00

           Step           Time
           2134     2134.00000

   Energies (kJ/mol)
           Bond       G96Angle        LJ (SR)   Coulomb (SR)      Potential
    2.74967e+05    5.95397e+04   -5.79874e+06   -1.70429e+06   -7.16852e+06
 Pressure (bar)
    0.00000e+00

           Step           Time
           2135     2135.00000

   Energies (kJ/mol)
           Bond       G96Angle        LJ (SR)   Coulomb (SR)      Potential
    2.74949e+05    5.95170e+04   -5.79892e+06   -1.70412e+06   -7.16857e+06
 Pressure (bar)
    0.00000e+00

           Step           Time
           2136     2136.00000

   Energies (kJ/mol)
           Bond       G96Angle        LJ (SR)   Coulomb (SR)      Potential
    2.74916e+05    5.94912e+04   -5.79902e+06   -1.70405e+06   -7.16866e+06
 Pressure (bar)
    0.00000e+00

           Step           Time
           2137     2137.00000

   Energies (kJ/mol)
           Bond       G96Angle        LJ (SR)   Coulomb (SR)      Potential
    2.74896e+05    5.94634e+04   -5.79925e+06   -1.70385e+06   -7.16875e+06
 Pressure (bar)
    0.00000e+00

           Step           Time
           2138     2138.00000

   Energies (kJ/mol)
           Bond       G96Angle        LJ (SR)   Coulomb (SR)      Potential
    2.74884e+05    5.94322e+04   -5.79940e+06   -1.70395e+06   -7.16903e+06
 Pressure (bar)
    0.00000e+00

           Step           Time
           2139     2139.00000

   Energies (kJ/mol)
           Bond       G96Angle        LJ (SR)   Coulomb (SR)      Potential
    2.74891e+05    5.94219e+04   -5.79956e+06   -1.70428e+06   -7.16952e+06
 Pressure (bar)
    0.00000e+00

           Step           Time
           2140     2140.00000

   Energies (kJ/mol)
           Bond       G96Angle        LJ (SR)   Coulomb (SR)      Potential
    2.74891e+05    5.93962e+04   -5.79960e+06   -1.70430e+06   -7.16961e+06
 Pressure (bar)
    0.00000e+00

           Step           Time
           2141     2141.00000

   Energies (kJ/mol)
           Bond       G96Angle        LJ (SR)   Coulomb (SR)      Potential
    2.74881e+05    5.93863e+04   -5.79972e+06   -1.70453e+06   -7.16998e+06
 Pressure (bar)
    0.00000e+00

           Step           Time
           2142     2142.00000

           Step           Time
           2143     2143.00000

   Energies (kJ/mol)
           Bond       G96Angle        LJ (SR)   Coulomb (SR)      Potential
    2.74873e+05    5.93756e+04   -5.79979e+06   -1.70461e+06   -7.17015e+06
 Pressure (bar)
    0.00000e+00

           Step           Time
           2144     2144.00000

           Step           Time
           2145     2145.00000

   Energies (kJ/mol)
           Bond       G96Angle        LJ (SR)   Coulomb (SR)      Potential
    2.74866e+05    5.93631e+04   -5.79983e+06   -1.70461e+06   -7.17021e+06
 Pressure (bar)
    0.00000e+00

           Step           Time
           2146     2146.00000

   Energies (kJ/mol)
           Bond       G96Angle        LJ (SR)   Coulomb (SR)      Potential
    2.74826e+05    5.93449e+04   -5.79995e+06   -1.70444e+06   -7.17022e+06
 Pressure (bar)
    0.00000e+00

           Step           Time
           2147     2147.00000

   Energies (kJ/mol)
           Bond       G96Angle        LJ (SR)   Coulomb (SR)      Potential
    2.74841e+05    5.93320e+04   -5.80005e+06   -1.70462e+06   -7.17049e+06
 Pressure (bar)
    0.00000e+00

           Step           Time
           2148     2148.00000

   Energies (kJ/mol)
           Bond       G96Angle        LJ (SR)   Coulomb (SR)      Potential
    2.74817e+05    5.93161e+04   -5.80009e+06   -1.70458e+06   -7.17054e+06
 Pressure (bar)
    0.00000e+00

           Step           Time
           2149     2149.00000

   Energies (kJ/mol)
           Bond       G96Angle        LJ (SR)   Coulomb (SR)      Potential
    2.74821e+05    5.93021e+04   -5.80019e+06   -1.70467e+06   -7.17073e+06
 Pressure (bar)
    0.00000e+00

           Step           Time
           2150     2150.00000

   Energies (kJ/mol)
           Bond       G96Angle        LJ (SR)   Coulomb (SR)      Potential
    2.74817e+05    5.92861e+04   -5.80027e+06   -1.70463e+06   -7.17080e+06
 Pressure (bar)
    0.00000e+00

           Step           Time
           2151     2151.00000

   Energies (kJ/mol)
           Bond       G96Angle        LJ (SR)   Coulomb (SR)      Potential
    2.74815e+05    5.92739e+04   -5.80036e+06   -1.70466e+06   -7.17094e+06
 Pressure (bar)
    0.00000e+00

           Step           Time
           2152     2152.00000

   Energies (kJ/mol)
           Bond       G96Angle        LJ (SR)   Coulomb (SR)      Potential
    2.74814e+05    5.92559e+04   -5.80040e+06   -1.70469e+06   -7.17102e+06
 Pressure (bar)
    0.00000e+00

           Step           Time
           2153     2153.00000

   Energies (kJ/mol)
           Bond       G96Angle        LJ (SR)   Coulomb (SR)      Potential
    2.74805e+05    5.92444e+04   -5.80053e+06   -1.70471e+06   -7.17119e+06
 Pressure (bar)
    0.00000e+00

           Step           Time
           2154     2154.00000

           Step           Time
           2155     2155.00000

   Energies (kJ/mol)
           Bond       G96Angle        LJ (SR)   Coulomb (SR)      Potential
    2.74811e+05    5.92352e+04   -5.80064e+06   -1.70484e+06   -7.17144e+06
 Pressure (bar)
    0.00000e+00

           Step           Time
           2156     2156.00000

           Step           Time
           2157     2157.00000

           Step           Time
           2158     2158.00000

   Energies (kJ/mol)
           Bond       G96Angle        LJ (SR)   Coulomb (SR)      Potential
    2.74767e+05    5.92235e+04   -5.80068e+06   -1.70483e+06   -7.17153e+06
 Pressure (bar)
    0.00000e+00

           Step           Time
           2159     2159.00000

           Step           Time
           2160     2160.00000

   Energies (kJ/mol)
           Bond       G96Angle        LJ (SR)   Coulomb (SR)      Potential
    2.74774e+05    5.92122e+04   -5.80074e+06   -1.70485e+06   -7.17160e+06
 Pressure (bar)
    0.00000e+00

           Step           Time
           2161     2161.00000

   Energies (kJ/mol)
           Bond       G96Angle        LJ (SR)   Coulomb (SR)      Potential
    2.74732e+05    5.91974e+04   -5.80080e+06   -1.70475e+06   -7.17163e+06
 Pressure (bar)
    0.00000e+00

           Step           Time
           2162     2162.00000

   Energies (kJ/mol)
           Bond       G96Angle        LJ (SR)   Coulomb (SR)      Potential
    2.74737e+05    5.91815e+04   -5.80092e+06   -1.70469e+06   -7.17168e+06
 Pressure (bar)
    0.00000e+00

           Step           Time
           2163     2163.00000

   Energies (kJ/mol)
           Bond       G96Angle        LJ (SR)   Coulomb (SR)      Potential
    2.74708e+05    5.91675e+04   -5.80101e+06   -1.70478e+06   -7.17191e+06
 Pressure (bar)
    0.00000e+00

           Step           Time
           2164     2164.00000

   Energies (kJ/mol)
           Bond       G96Angle        LJ (SR)   Coulomb (SR)      Potential
    2.74716e+05    5.91539e+04   -5.80108e+06   -1.70483e+06   -7.17204e+06
 Pressure (bar)
    0.00000e+00

           Step           Time
           2165     2165.00000

   Energies (kJ/mol)
           Bond       G96Angle        LJ (SR)   Coulomb (SR)      Potential
    2.74710e+05    5.91385e+04   -5.80120e+06   -1.70482e+06   -7.17218e+06
 Pressure (bar)
    0.00000e+00

           Step           Time
           2166     2166.00000

   Energies (kJ/mol)
           Bond       G96Angle        LJ (SR)   Coulomb (SR)      Potential
    2.74710e+05    5.91242e+04   -5.80127e+06   -1.70488e+06   -7.17232e+06
 Pressure (bar)
    0.00000e+00

           Step           Time
           2167     2167.00000

   Energies (kJ/mol)
           Bond       G96Angle        LJ (SR)   Coulomb (SR)      Potential
    2.74675e+05    5.91112e+04   -5.80132e+06   -1.70488e+06   -7.17241e+06
 Pressure (bar)
    0.00000e+00

           Step           Time
           2168     2168.00000

   Energies (kJ/mol)
           Bond       G96Angle        LJ (SR)   Coulomb (SR)      Potential
    2.74684e+05    5.90963e+04   -5.80144e+06   -1.70491e+06   -7.17257e+06
 Pressure (bar)
    0.00000e+00

           Step           Time
           2169     2169.00000

   Energies (kJ/mol)
           Bond       G96Angle        LJ (SR)   Coulomb (SR)      Potential
    2.74662e+05    5.90823e+04   -5.80152e+06   -1.70489e+06   -7.17267e+06
 Pressure (bar)
    0.00000e+00

           Step           Time
           2170     2170.00000

   Energies (kJ/mol)
           Bond       G96Angle        LJ (SR)   Coulomb (SR)      Potential
    2.74673e+05    5.90685e+04   -5.80159e+06   -1.70496e+06   -7.17281e+06
 Pressure (bar)
    0.00000e+00

           Step           Time
           2171     2171.00000

   Energies (kJ/mol)
           Bond       G96Angle        LJ (SR)   Coulomb (SR)      Potential
    2.74652e+05    5.90537e+04   -5.80168e+06   -1.70491e+06   -7.17288e+06
 Pressure (bar)
    0.00000e+00

           Step           Time
           2172     2172.00000

   Energies (kJ/mol)
           Bond       G96Angle        LJ (SR)   Coulomb (SR)      Potential
    2.74643e+05    5.90394e+04   -5.80176e+06   -1.70494e+06   -7.17302e+06
 Pressure (bar)
    0.00000e+00

           Step           Time
           2173     2173.00000

   Energies (kJ/mol)
           Bond       G96Angle        LJ (SR)   Coulomb (SR)      Potential
    2.74653e+05    5.90260e+04   -5.80179e+06   -1.70497e+06   -7.17308e+06
 Pressure (bar)
    0.00000e+00

           Step           Time
           2174     2174.00000

   Energies (kJ/mol)
           Bond       G96Angle        LJ (SR)   Coulomb (SR)      Potential
    2.74641e+05    5.90117e+04   -5.80190e+06   -1.70498e+06   -7.17323e+06
 Pressure (bar)
    0.00000e+00

           Step           Time
           2175     2175.00000

           Step           Time
           2176     2176.00000

   Energies (kJ/mol)
           Bond       G96Angle        LJ (SR)   Coulomb (SR)      Potential
    2.74633e+05    5.90031e+04   -5.80203e+06   -1.70511e+06   -7.17351e+06
 Pressure (bar)
    0.00000e+00

           Step           Time
           2177     2177.00000

           Step           Time
           2178     2178.00000

           Step           Time
           2179     2179.00000

   Energies (kJ/mol)
           Bond       G96Angle        LJ (SR)   Coulomb (SR)      Potential
    2.74611e+05    5.89936e+04   -5.80209e+06   -1.70512e+06   -7.17360e+06
 Pressure (bar)
    0.00000e+00

           Step           Time
           2180     2180.00000

           Step           Time
           2181     2181.00000

           Step           Time
           2182     2182.00000

   Energies (kJ/mol)
           Bond       G96Angle        LJ (SR)   Coulomb (SR)      Potential
    2.74603e+05    5.89855e+04   -5.80211e+06   -1.70516e+06   -7.17369e+06
 Pressure (bar)
    0.00000e+00

           Step           Time
           2183     2183.00000

   Energies (kJ/mol)
           Bond       G96Angle        LJ (SR)   Coulomb (SR)      Potential
    2.74594e+05    5.89761e+04   -5.80216e+06   -1.70518e+06   -7.17376e+06
 Pressure (bar)
    0.00000e+00

           Step           Time
           2184     2184.00000

   Energies (kJ/mol)
           Bond       G96Angle        LJ (SR)   Coulomb (SR)      Potential
    2.74573e+05    5.89654e+04   -5.80223e+06   -1.70511e+06   -7.17380e+06
 Pressure (bar)
    0.00000e+00

           Step           Time
           2185     2185.00000

   Energies (kJ/mol)
           Bond       G96Angle        LJ (SR)   Coulomb (SR)      Potential
    2.74578e+05    5.89510e+04   -5.80229e+06   -1.70507e+06   -7.17382e+06
 Pressure (bar)
    0.00000e+00

           Step           Time
           2186     2186.00000

   Energies (kJ/mol)
           Bond       G96Angle        LJ (SR)   Coulomb (SR)      Potential
    2.74547e+05    5.89393e+04   -5.80238e+06   -1.70506e+06   -7.17396e+06
 Pressure (bar)
    0.00000e+00

           Step           Time
           2187     2187.00000

   Energies (kJ/mol)
           Bond       G96Angle        LJ (SR)   Coulomb (SR)      Potential
    2.74554e+05    5.89203e+04   -5.80249e+06   -1.70496e+06   -7.17398e+06
 Pressure (bar)
    0.00000e+00

           Step           Time
           2188     2188.00000

           Step           Time
           2189     2189.00000

   Energies (kJ/mol)
           Bond       G96Angle        LJ (SR)   Coulomb (SR)      Potential
    2.74529e+05    5.89085e+04   -5.80258e+06   -1.70511e+06   -7.17426e+06
 Pressure (bar)
    0.00000e+00

           Step           Time
           2190     2190.00000

   Energies (kJ/mol)
           Bond       G96Angle        LJ (SR)   Coulomb (SR)      Potential
    2.74508e+05    5.88935e+04   -5.80262e+06   -1.70512e+06   -7.17434e+06
 Pressure (bar)
    0.00000e+00

           Step           Time
           2191     2191.00000

   Energies (kJ/mol)
           Bond       G96Angle        LJ (SR)   Coulomb (SR)      Potential
    2.74511e+05    5.88785e+04   -5.80278e+06   -1.70504e+06   -7.17442e+06
 Pressure (bar)
    0.00000e+00

           Step           Time
           2192     2192.00000

   Energies (kJ/mol)
           Bond       G96Angle        LJ (SR)   Coulomb (SR)      Potential
    2.74496e+05    5.88601e+04   -5.80282e+06   -1.70507e+06   -7.17454e+06
 Pressure (bar)
    0.00000e+00

           Step           Time
           2193     2193.00000

   Energies (kJ/mol)
           Bond       G96Angle        LJ (SR)   Coulomb (SR)      Potential
    2.74495e+05    5.88418e+04   -5.80296e+06   -1.70504e+06   -7.17466e+06
 Pressure (bar)
    0.00000e+00

           Step           Time
           2194     2194.00000

           Step           Time
           2195     2195.00000

   Energies (kJ/mol)
           Bond       G96Angle        LJ (SR)   Coulomb (SR)      Potential
    2.74481e+05    5.88287e+04   -5.80308e+06   -1.70520e+06   -7.17497e+06
 Pressure (bar)
    0.00000e+00

           Step           Time
           2196     2196.00000

   Energies (kJ/mol)
           Bond       G96Angle        LJ (SR)   Coulomb (SR)      Potential
    2.74467e+05    5.88126e+04   -5.80313e+06   -1.70518e+06   -7.17504e+06
 Pressure (bar)
    0.00000e+00

           Step           Time
           2197     2197.00000

           Step           Time
           2198     2198.00000

   Energies (kJ/mol)
           Bond       G96Angle        LJ (SR)   Coulomb (SR)      Potential
    2.74465e+05    5.88021e+04   -5.80324e+06   -1.70531e+06   -7.17528e+06
 Pressure (bar)
    0.00000e+00

           Step           Time
           2199     2199.00000

   Energies (kJ/mol)
           Bond       G96Angle        LJ (SR)   Coulomb (SR)      Potential
    2.74438e+05    5.87885e+04   -5.80329e+06   -1.70526e+06   -7.17532e+06
 Pressure (bar)
    0.00000e+00

           Step           Time
           2200     2200.00000

   Energies (kJ/mol)
           Bond       G96Angle        LJ (SR)   Coulomb (SR)      Potential
    2.74431e+05    5.87735e+04   -5.80337e+06   -1.70518e+06   -7.17535e+06
 Pressure (bar)
    0.00000e+00

           Step           Time
           2201     2201.00000

   Energies (kJ/mol)
           Bond       G96Angle        LJ (SR)   Coulomb (SR)      Potential
    2.74423e+05    5.87579e+04   -5.80348e+06   -1.70521e+06   -7.17551e+06
 Pressure (bar)
    0.00000e+00

           Step           Time
           2202     2202.00000

           Step           Time
           2203     2203.00000

   Energies (kJ/mol)
           Bond       G96Angle        LJ (SR)   Coulomb (SR)      Potential
    2.74414e+05    5.87470e+04   -5.80354e+06   -1.70536e+06   -7.17574e+06
 Pressure (bar)
    0.00000e+00

           Step           Time
           2204     2204.00000

   Energies (kJ/mol)
           Bond       G96Angle        LJ (SR)   Coulomb (SR)      Potential
    2.74412e+05    5.87338e+04   -5.80360e+06   -1.70535e+06   -7.17580e+06
 Pressure (bar)
    0.00000e+00

           Step           Time
           2205     2205.00000

   Energies (kJ/mol)
           Bond       G96Angle        LJ (SR)   Coulomb (SR)      Potential
    2.74401e+05    5.87165e+04   -5.80373e+06   -1.70520e+06   -7.17581e+06
 Pressure (bar)
    0.00000e+00

           Step           Time
           2206     2206.00000

   Energies (kJ/mol)
           Bond       G96Angle        LJ (SR)   Coulomb (SR)      Potential
    2.74379e+05    5.87009e+04   -5.80386e+06   -1.70525e+06   -7.17603e+06
 Pressure (bar)
    0.00000e+00

           Step           Time
           2207     2207.00000

   Energies (kJ/mol)
           Bond       G96Angle        LJ (SR)   Coulomb (SR)      Potential
    2.74345e+05    5.86864e+04   -5.80394e+06   -1.70530e+06   -7.17621e+06
 Pressure (bar)
    0.00000e+00

           Step           Time
           2208     2208.00000

   Energies (kJ/mol)
           Bond       G96Angle        LJ (SR)   Coulomb (SR)      Potential
    2.74354e+05    5.86734e+04   -5.80402e+06   -1.70538e+06   -7.17637e+06
 Pressure (bar)
    0.00000e+00

           Step           Time
           2209     2209.00000

   Energies (kJ/mol)
           Bond       G96Angle        LJ (SR)   Coulomb (SR)      Potential
    2.74349e+05    5.86590e+04   -5.80407e+06   -1.70538e+06   -7.17644e+06
 Pressure (bar)
    0.00000e+00

           Step           Time
           2210     2210.00000

   Energies (kJ/mol)
           Bond       G96Angle        LJ (SR)   Coulomb (SR)      Potential
    2.74330e+05    5.86462e+04   -5.80418e+06   -1.70541e+06   -7.17661e+06
 Pressure (bar)
    0.00000e+00

           Step           Time
           2211     2211.00000

   Energies (kJ/mol)
           Bond       G96Angle        LJ (SR)   Coulomb (SR)      Potential
    2.74336e+05    5.86326e+04   -5.80422e+06   -1.70543e+06   -7.17668e+06
 Pressure (bar)
    0.00000e+00

           Step           Time
           2212     2212.00000

   Energies (kJ/mol)
           Bond       G96Angle        LJ (SR)   Coulomb (SR)      Potential
    2.74322e+05    5.86183e+04   -5.80431e+06   -1.70545e+06   -7.17682e+06
 Pressure (bar)
    0.00000e+00

           Step           Time
           2213     2213.00000

   Energies (kJ/mol)
           Bond       G96Angle        LJ (SR)   Coulomb (SR)      Potential
    2.74330e+05    5.86051e+04   -5.80439e+06   -1.70548e+06   -7.17693e+06
 Pressure (bar)
    0.00000e+00

           Step           Time
           2214     2214.00000

   Energies (kJ/mol)
           Bond       G96Angle        LJ (SR)   Coulomb (SR)      Potential
    2.74318e+05    5.85899e+04   -5.80447e+06   -1.70547e+06   -7.17702e+06
 Pressure (bar)
    0.00000e+00

           Step           Time
           2215     2215.00000

   Energies (kJ/mol)
           Bond       G96Angle        LJ (SR)   Coulomb (SR)      Potential
    2.74300e+05    5.85778e+04   -5.80456e+06   -1.70549e+06   -7.17716e+06
 Pressure (bar)
    0.00000e+00

           Step           Time
           2216     2216.00000

   Energies (kJ/mol)
           Bond       G96Angle        LJ (SR)   Coulomb (SR)      Potential
    2.74305e+05    5.85633e+04   -5.80465e+06   -1.70547e+06   -7.17725e+06
 Pressure (bar)
    0.00000e+00

           Step           Time
           2217     2217.00000

   Energies (kJ/mol)
           Bond       G96Angle        LJ (SR)   Coulomb (SR)      Potential
    2.74313e+05    5.85496e+04   -5.80472e+06   -1.70553e+06   -7.17739e+06
 Pressure (bar)
    0.00000e+00

           Step           Time
           2218     2218.00000

   Energies (kJ/mol)
           Bond       G96Angle        LJ (SR)   Coulomb (SR)      Potential
    2.74317e+05    5.85347e+04   -5.80477e+06   -1.70548e+06   -7.17740e+06
 Pressure (bar)
    0.00000e+00

           Step           Time
           2219     2219.00000

   Energies (kJ/mol)
           Bond       G96Angle        LJ (SR)   Coulomb (SR)      Potential
    2.74326e+05    5.85220e+04   -5.80489e+06   -1.70556e+06   -7.17761e+06
 Pressure (bar)
    0.00000e+00

           Step           Time
           2220     2220.00000

           Step           Time
           2221     2221.00000

   Energies (kJ/mol)
           Bond       G96Angle        LJ (SR)   Coulomb (SR)      Potential
    2.74325e+05    5.85131e+04   -5.80504e+06   -1.70567e+06   -7.17787e+06
 Pressure (bar)
    0.00000e+00

           Step           Time
           2222     2222.00000

           Step           Time
           2223     2223.00000

           Step           Time
           2224     2224.00000

   Energies (kJ/mol)
           Bond       G96Angle        LJ (SR)   Coulomb (SR)      Potential
    2.74291e+05    5.85047e+04   -5.80507e+06   -1.70573e+06   -7.17800e+06
 Pressure (bar)
    0.00000e+00

           Step           Time
           2225     2225.00000

           Step           Time
           2226     2226.00000

   Energies (kJ/mol)
           Bond       G96Angle        LJ (SR)   Coulomb (SR)      Potential
    2.74267e+05    5.84926e+04   -5.80514e+06   -1.70562e+06   -7.17801e+06
 Pressure (bar)
    0.00000e+00

           Step           Time
           2227     2227.00000

           Step           Time
           2228     2228.00000

   Energies (kJ/mol)
           Bond       G96Angle        LJ (SR)   Coulomb (SR)      Potential
    2.74235e+05    5.84800e+04   -5.80520e+06   -1.70566e+06   -7.17815e+06
 Pressure (bar)
    0.00000e+00

           Step           Time
           2229     2229.00000

   Energies (kJ/mol)
           Bond       G96Angle        LJ (SR)   Coulomb (SR)      Potential
    2.74239e+05    5.84649e+04   -5.80528e+06   -1.70557e+06   -7.17815e+06
 Pressure (bar)
    0.00000e+00

           Step           Time
           2230     2230.00000

   Energies (kJ/mol)
           Bond       G96Angle        LJ (SR)   Coulomb (SR)      Potential
    2.74190e+05    5.84474e+04   -5.80542e+06   -1.70544e+06   -7.17822e+06
 Pressure (bar)
    0.00000e+00

           Step           Time
           2231     2231.00000

   Energies (kJ/mol)
           Bond       G96Angle        LJ (SR)   Coulomb (SR)      Potential
    2.74175e+05    5.84255e+04   -5.80553e+06   -1.70536e+06   -7.17830e+06
 Pressure (bar)
    0.00000e+00

           Step           Time
           2232     2232.00000

   Energies (kJ/mol)
           Bond       G96Angle        LJ (SR)   Coulomb (SR)      Potential
    2.74175e+05    5.84158e+04   -5.80563e+06   -1.70565e+06   -7.17869e+06
 Pressure (bar)
    0.00000e+00

           Step           Time
           2233     2233.00000

           Step           Time
           2234     2234.00000

   Energies (kJ/mol)
           Bond       G96Angle        LJ (SR)   Coulomb (SR)      Potential
    2.74171e+05    5.84059e+04   -5.80567e+06   -1.70576e+06   -7.17885e+06
 Pressure (bar)
    0.00000e+00

           Step           Time
           2235     2235.00000

           Step           Time
           2236     2236.00000

   Energies (kJ/mol)
           Bond       G96Angle        LJ (SR)   Coulomb (SR)      Potential
    2.74163e+05    5.83960e+04   -5.80572e+06   -1.70578e+06   -7.17894e+06
 Pressure (bar)
    0.00000e+00

           Step           Time
           2237     2237.00000

   Energies (kJ/mol)
           Bond       G96Angle        LJ (SR)   Coulomb (SR)      Potential
    2.74179e+05    5.83838e+04   -5.80580e+06   -1.70583e+06   -7.17906e+06
 Pressure (bar)
    0.00000e+00

           Step           Time
           2238     2238.00000

   Energies (kJ/mol)
           Bond       G96Angle        LJ (SR)   Coulomb (SR)      Potential
    2.74136e+05    5.83719e+04   -5.80586e+06   -1.70575e+06   -7.17911e+06
 Pressure (bar)
    0.00000e+00

           Step           Time
           2239     2239.00000

           Step           Time
           2240     2240.00000

   Energies (kJ/mol)
           Bond       G96Angle        LJ (SR)   Coulomb (SR)      Potential
    2.74137e+05    5.83635e+04   -5.80592e+06   -1.70586e+06   -7.17929e+06
 Pressure (bar)
    0.00000e+00

           Step           Time
           2241     2241.00000

   Energies (kJ/mol)
           Bond       G96Angle        LJ (SR)   Coulomb (SR)      Potential
    2.74135e+05    5.83542e+04   -5.80597e+06   -1.70588e+06   -7.17937e+06
 Pressure (bar)
    0.00000e+00

           Step           Time
           2242     2242.00000

   Energies (kJ/mol)
           Bond       G96Angle        LJ (SR)   Coulomb (SR)      Potential
    2.74133e+05    5.83423e+04   -5.80605e+06   -1.70581e+06   -7.17939e+06
 Pressure (bar)
    0.00000e+00

           Step           Time
           2243     2243.00000

   Energies (kJ/mol)
           Bond       G96Angle        LJ (SR)   Coulomb (SR)      Potential
    2.74104e+05    5.83292e+04   -5.80611e+06   -1.70579e+06   -7.17946e+06
 Pressure (bar)
    0.00000e+00

           Step           Time
           2244     2244.00000

   Energies (kJ/mol)
           Bond       G96Angle        LJ (SR)   Coulomb (SR)      Potential
    2.74091e+05    5.83137e+04   -5.80619e+06   -1.70571e+06   -7.17950e+06
 Pressure (bar)
    0.00000e+00

           Step           Time
           2245     2245.00000

   Energies (kJ/mol)
           Bond       G96Angle        LJ (SR)   Coulomb (SR)      Potential
    2.74070e+05    5.82979e+04   -5.80632e+06   -1.70571e+06   -7.17966e+06
 Pressure (bar)
    0.00000e+00

           Step           Time
           2246     2246.00000

           Step           Time
           2247     2247.00000

   Energies (kJ/mol)
           Bond       G96Angle        LJ (SR)   Coulomb (SR)      Potential
    2.74063e+05    5.82868e+04   -5.80643e+06   -1.70579e+06   -7.17987e+06
 Pressure (bar)
    0.00000e+00

           Step           Time
           2248     2248.00000

   Energies (kJ/mol)
           Bond       G96Angle        LJ (SR)   Coulomb (SR)      Potential
    2.74066e+05    5.82731e+04   -5.80646e+06   -1.70587e+06   -7.17999e+06
 Pressure (bar)
    0.00000e+00

           Step           Time
           2249     2249.00000

           Step           Time
           2250     2250.00000

   Energies (kJ/mol)
           Bond       G96Angle        LJ (SR)   Coulomb (SR)      Potential
    2.74072e+05    5.82639e+04   -5.80653e+06   -1.70597e+06   -7.18017e+06
 Pressure (bar)
    0.00000e+00

           Step           Time
           2251     2251.00000

   Energies (kJ/mol)
           Bond       G96Angle        LJ (SR)   Coulomb (SR)      Potential
    2.74063e+05    5.82534e+04   -5.80660e+06   -1.70596e+06   -7.18025e+06
 Pressure (bar)
    0.00000e+00

           Step           Time
           2252     2252.00000

   Energies (kJ/mol)
           Bond       G96Angle        LJ (SR)   Coulomb (SR)      Potential
    2.74064e+05    5.82419e+04   -5.80667e+06   -1.70590e+06   -7.18026e+06
 Pressure (bar)
    0.00000e+00

           Step           Time
           2253     2253.00000

   Energies (kJ/mol)
           Bond       G96Angle        LJ (SR)   Coulomb (SR)      Potential
    2.74024e+05    5.82260e+04   -5.80679e+06   -1.70580e+06   -7.18034e+06
 Pressure (bar)
    0.00000e+00

           Step           Time
           2254     2254.00000

   Energies (kJ/mol)
           Bond       G96Angle        LJ (SR)   Coulomb (SR)      Potential
    2.74036e+05    5.82110e+04   -5.80688e+06   -1.70584e+06   -7.18047e+06
 Pressure (bar)
    0.00000e+00

           Step           Time
           2255     2255.00000

           Step           Time
           2256     2256.00000

   Energies (kJ/mol)
           Bond       G96Angle        LJ (SR)   Coulomb (SR)      Potential
    2.74015e+05    5.81998e+04   -5.80694e+06   -1.70599e+06   -7.18071e+06
 Pressure (bar)
    0.00000e+00

           Step           Time
           2257     2257.00000

   Energies (kJ/mol)
           Bond       G96Angle        LJ (SR)   Coulomb (SR)      Potential
    2.74006e+05    5.81861e+04   -5.80699e+06   -1.70595e+06   -7.18075e+06
 Pressure (bar)
    0.00000e+00

           Step           Time
           2258     2258.00000

   Energies (kJ/mol)
           Bond       G96Angle        LJ (SR)   Coulomb (SR)      Potential
    2.73996e+05    5.81733e+04   -5.80712e+06   -1.70599e+06   -7.18093e+06
 Pressure (bar)
    0.00000e+00

           Step           Time
           2259     2259.00000

           Step           Time
           2260     2260.00000

   Energies (kJ/mol)
           Bond       G96Angle        LJ (SR)   Coulomb (SR)      Potential
    2.74001e+05    5.81653e+04   -5.80716e+06   -1.70610e+06   -7.18110e+06
 Pressure (bar)
    0.00000e+00

           Step           Time
           2261     2261.00000

   Energies (kJ/mol)
           Bond       G96Angle        LJ (SR)   Coulomb (SR)      Potential
    2.73994e+05    5.81520e+04   -5.80721e+06   -1.70604e+06   -7.18111e+06
 Pressure (bar)
    0.00000e+00

           Step           Time
           2262     2262.00000

   Energies (kJ/mol)
           Bond       G96Angle        LJ (SR)   Coulomb (SR)      Potential
    2.73965e+05    5.81408e+04   -5.80732e+06   -1.70600e+06   -7.18122e+06
 Pressure (bar)
    0.00000e+00

           Step           Time
           2263     2263.00000

           Step           Time
           2264     2264.00000

   Energies (kJ/mol)
           Bond       G96Angle        LJ (SR)   Coulomb (SR)      Potential
    2.73961e+05    5.81310e+04   -5.80737e+06   -1.70611e+06   -7.18138e+06
 Pressure (bar)
    0.00000e+00

           Step           Time
           2265     2265.00000

   Energies (kJ/mol)
           Bond       G96Angle        LJ (SR)   Coulomb (SR)      Potential
    2.73959e+05    5.81220e+04   -5.80741e+06   -1.70614e+06   -7.18147e+06
 Pressure (bar)
    0.00000e+00

           Step           Time
           2266     2266.00000

   Energies (kJ/mol)
           Bond       G96Angle        LJ (SR)   Coulomb (SR)      Potential
    2.73955e+05    5.81096e+04   -5.80748e+06   -1.70606e+06   -7.18148e+06
 Pressure (bar)
    0.00000e+00

           Step           Time
           2267     2267.00000

   Energies (kJ/mol)
           Bond       G96Angle        LJ (SR)   Coulomb (SR)      Potential
    2.73932e+05    5.80969e+04   -5.80761e+06   -1.70603e+06   -7.18161e+06
 Pressure (bar)
    0.00000e+00

           Step           Time
           2268     2268.00000

   Energies (kJ/mol)
           Bond       G96Angle        LJ (SR)   Coulomb (SR)      Potential
    2.73924e+05    5.80818e+04   -5.80766e+06   -1.70598e+06   -7.18163e+06
 Pressure (bar)
    0.00000e+00

           Step           Time
           2269     2269.00000

   Energies (kJ/mol)
           Bond       G96Angle        LJ (SR)   Coulomb (SR)      Potential
    2.73928e+05    5.80646e+04   -5.80777e+06   -1.70590e+06   -7.18168e+06
 Pressure (bar)
    0.00000e+00

           Step           Time
           2270     2270.00000

   Energies (kJ/mol)
           Bond       G96Angle        LJ (SR)   Coulomb (SR)      Potential
    2.73857e+05    5.80416e+04   -5.80791e+06   -1.70571e+06   -7.18173e+06
 Pressure (bar)
    0.00000e+00

           Step           Time
           2271     2271.00000

   Energies (kJ/mol)
           Bond       G96Angle        LJ (SR)   Coulomb (SR)      Potential
    2.73926e+05    5.80179e+04   -5.80803e+06   -1.70576e+06   -7.18185e+06
 Pressure (bar)
    0.00000e+00

           Step           Time
           2272     2272.00000

           Step           Time
           2273     2273.00000

   Energies (kJ/mol)
           Bond       G96Angle        LJ (SR)   Coulomb (SR)      Potential
    2.73836e+05    5.80009e+04   -5.80821e+06   -1.70595e+06   -7.18232e+06
 Pressure (bar)
    0.00000e+00

           Step           Time
           2274     2274.00000

   Energies (kJ/mol)
           Bond       G96Angle        LJ (SR)   Coulomb (SR)      Potential
    2.73844e+05    5.79823e+04   -5.80828e+06   -1.70600e+06   -7.18246e+06
 Pressure (bar)
    0.00000e+00

           Step           Time
           2275     2275.00000

           Step           Time
           2276     2276.00000

   Energies (kJ/mol)
           Bond       G96Angle        LJ (SR)   Coulomb (SR)      Potential
    2.73836e+05    5.79704e+04   -5.80833e+06   -1.70618e+06   -7.18271e+06
 Pressure (bar)
    0.00000e+00

           Step           Time
           2277     2277.00000

   Energies (kJ/mol)
           Bond       G96Angle        LJ (SR)   Coulomb (SR)      Potential
    2.73824e+05    5.79540e+04   -5.80844e+06   -1.70615e+06   -7.18281e+06
 Pressure (bar)
    0.00000e+00

           Step           Time
           2278     2278.00000

   Energies (kJ/mol)
           Bond       G96Angle        LJ (SR)   Coulomb (SR)      Potential
    2.73808e+05    5.79404e+04   -5.80852e+06   -1.70621e+06   -7.18298e+06
 Pressure (bar)
    0.00000e+00

           Step           Time
           2279     2279.00000

           Step           Time
           2280     2280.00000

   Energies (kJ/mol)
           Bond       G96Angle        LJ (SR)   Coulomb (SR)      Potential
    2.73800e+05    5.79316e+04   -5.80857e+06   -1.70632e+06   -7.18316e+06
 Pressure (bar)
    0.00000e+00

           Step           Time
           2281     2281.00000

           Step           Time
           2282     2282.00000

   Energies (kJ/mol)
           Bond       G96Angle        LJ (SR)   Coulomb (SR)      Potential
    2.73793e+05    5.79245e+04   -5.80860e+06   -1.70639e+06   -7.18327e+06
 Pressure (bar)
    0.00000e+00

           Step           Time
           2283     2283.00000

   Energies (kJ/mol)
           Bond       G96Angle        LJ (SR)   Coulomb (SR)      Potential
    2.73805e+05    5.79158e+04   -5.80864e+06   -1.70641e+06   -7.18333e+06
 Pressure (bar)
    0.00000e+00

           Step           Time
           2284     2284.00000

   Energies (kJ/mol)
           Bond       G96Angle        LJ (SR)   Coulomb (SR)      Potential
    2.73800e+05    5.79077e+04   -5.80869e+06   -1.70643e+06   -7.18342e+06
 Pressure (bar)
    0.00000e+00

           Step           Time
           2285     2285.00000

   Energies (kJ/mol)
           Bond       G96Angle        LJ (SR)   Coulomb (SR)      Potential
    2.73810e+05    5.78969e+04   -5.80876e+06   -1.70639e+06   -7.18344e+06
 Pressure (bar)
    0.00000e+00

           Step           Time
           2286     2286.00000

   Energies (kJ/mol)
           Bond       G96Angle        LJ (SR)   Coulomb (SR)      Potential
    2.73770e+05    5.78877e+04   -5.80884e+06   -1.70636e+06   -7.18354e+06
 Pressure (bar)
    0.00000e+00

           Step           Time
           2287     2287.00000

           Step           Time
           2288     2288.00000

   Energies (kJ/mol)
           Bond       G96Angle        LJ (SR)   Coulomb (SR)      Potential
    2.73773e+05    5.78797e+04   -5.80889e+06   -1.70645e+06   -7.18369e+06
 Pressure (bar)
    0.00000e+00

           Step           Time
           2289     2289.00000

   Energies (kJ/mol)
           Bond       G96Angle        LJ (SR)   Coulomb (SR)      Potential
    2.73775e+05    5.78711e+04   -5.80891e+06   -1.70647e+06   -7.18374e+06
 Pressure (bar)
    0.00000e+00

           Step           Time
           2290     2290.00000

   Energies (kJ/mol)
           Bond       G96Angle        LJ (SR)   Coulomb (SR)      Potential
    2.73759e+05    5.78603e+04   -5.80899e+06   -1.70641e+06   -7.18378e+06
 Pressure (bar)
    0.00000e+00

           Step           Time
           2291     2291.00000

           Step           Time
           2292     2292.00000

   Energies (kJ/mol)
           Bond       G96Angle        LJ (SR)   Coulomb (SR)      Potential
    2.73758e+05    5.78531e+04   -5.80904e+06   -1.70650e+06   -7.18393e+06
 Pressure (bar)
    0.00000e+00

           Step           Time
           2293     2293.00000

   Energies (kJ/mol)
           Bond       G96Angle        LJ (SR)   Coulomb (SR)      Potential
    2.73754e+05    5.78443e+04   -5.80908e+06   -1.70651e+06   -7.18399e+06
 Pressure (bar)
    0.00000e+00

           Step           Time
           2294     2294.00000

   Energies (kJ/mol)
           Bond       G96Angle        LJ (SR)   Coulomb (SR)      Potential
    2.73752e+05    5.78341e+04   -5.80912e+06   -1.70645e+06   -7.18399e+06
 Pressure (bar)
    0.00000e+00

           Step           Time
           2295     2295.00000

   Energies (kJ/mol)
           Bond       G96Angle        LJ (SR)   Coulomb (SR)      Potential
    2.73747e+05    5.78240e+04   -5.80922e+06   -1.70647e+06   -7.18412e+06
 Pressure (bar)
    0.00000e+00

           Step           Time
           2296     2296.00000

   Energies (kJ/mol)
           Bond       G96Angle        LJ (SR)   Coulomb (SR)      Potential
    2.73733e+05    5.78116e+04   -5.80929e+06   -1.70641e+06   -7.18415e+06
 Pressure (bar)
    0.00000e+00

           Step           Time
           2297     2297.00000

           Step           Time
           2298     2298.00000

   Energies (kJ/mol)
           Bond       G96Angle        LJ (SR)   Coulomb (SR)      Potential
    2.73724e+05    5.78023e+04   -5.80934e+06   -1.70653e+06   -7.18434e+06
 Pressure (bar)
    0.00000e+00

           Step           Time
           2299     2299.00000

   Energies (kJ/mol)
           Bond       G96Angle        LJ (SR)   Coulomb (SR)      Potential
    2.73720e+05    5.77936e+04   -5.80939e+06   -1.70654e+06   -7.18442e+06
 Pressure (bar)
    0.00000e+00

           Step           Time
           2300     2300.00000

           Step           Time
           2301     2301.00000

   Energies (kJ/mol)
           Bond       G96Angle        LJ (SR)   Coulomb (SR)      Potential
    2.73706e+05    5.77869e+04   -5.80945e+06   -1.70661e+06   -7.18456e+06
 Pressure (bar)
    0.00000e+00

           Step           Time
           2302     2302.00000

   Energies (kJ/mol)
           Bond       G96Angle        LJ (SR)   Coulomb (SR)      Potential
    2.73717e+05    5.77801e+04   -5.80947e+06   -1.70665e+06   -7.18462e+06
 Pressure (bar)
    0.00000e+00

           Step           Time
           2303     2303.00000

           Step           Time
           2304     2304.00000

   Energies (kJ/mol)
           Bond       G96Angle        LJ (SR)   Coulomb (SR)      Potential
    2.73705e+05    5.77759e+04   -5.80950e+06   -1.70668e+06   -7.18470e+06
 Pressure (bar)
    0.00000e+00

           Step           Time
           2305     2305.00000

   Energies (kJ/mol)
           Bond       G96Angle        LJ (SR)   Coulomb (SR)      Potential
    2.73699e+05    5.77695e+04   -5.80952e+06   -1.70667e+06   -7.18473e+06
 Pressure (bar)
    0.00000e+00

           Step           Time
           2306     2306.00000

   Energies (kJ/mol)
           Bond       G96Angle        LJ (SR)   Coulomb (SR)      Potential
    2.73694e+05    5.77645e+04   -5.80955e+06   -1.70667e+06   -7.18476e+06
 Pressure (bar)
    0.00000e+00

           Step           Time
           2307     2307.00000

   Energies (kJ/mol)
           Bond       G96Angle        LJ (SR)   Coulomb (SR)      Potential
    2.73703e+05    5.77566e+04   -5.80959e+06   -1.70665e+06   -7.18478e+06
 Pressure (bar)
    0.00000e+00

           Step           Time
           2308     2308.00000

   Energies (kJ/mol)
           Bond       G96Angle        LJ (SR)   Coulomb (SR)      Potential
    2.73682e+05    5.77484e+04   -5.80967e+06   -1.70660e+06   -7.18484e+06
 Pressure (bar)
    0.00000e+00

           Step           Time
           2309     2309.00000

   Energies (kJ/mol)
           Bond       G96Angle        LJ (SR)   Coulomb (SR)      Potential
    2.73668e+05    5.77381e+04   -5.80976e+06   -1.70656e+06   -7.18491e+06
 Pressure (bar)
    0.00000e+00

           Step           Time
           2310     2310.00000

   Energies (kJ/mol)
           Bond       G96Angle        LJ (SR)   Coulomb (SR)      Potential
    2.73669e+05    5.77270e+04   -5.80980e+06   -1.70655e+06   -7.18496e+06
 Pressure (bar)
    0.00000e+00

           Step           Time
           2311     2311.00000

   Energies (kJ/mol)
           Bond       G96Angle        LJ (SR)   Coulomb (SR)      Potential
    2.73658e+05    5.77118e+04   -5.80985e+06   -1.70651e+06   -7.18500e+06
 Pressure (bar)
    0.00000e+00

           Step           Time
           2312     2312.00000

   Energies (kJ/mol)
           Bond       G96Angle        LJ (SR)   Coulomb (SR)      Potential
    2.73633e+05    5.76971e+04   -5.81003e+06   -1.70633e+06   -7.18504e+06
 Pressure (bar)
    0.00000e+00

           Step           Time
           2313     2313.00000

   Energies (kJ/mol)
           Bond       G96Angle        LJ (SR)   Coulomb (SR)      Potential
    2.73634e+05    5.76752e+04   -5.81012e+06   -1.70627e+06   -7.18509e+06
 Pressure (bar)
    0.00000e+00

           Step           Time
           2314     2314.00000

   Energies (kJ/mol)
           Bond       G96Angle        LJ (SR)   Coulomb (SR)      Potential
    2.73587e+05    5.76533e+04   -5.81028e+06   -1.70618e+06   -7.18522e+06
 Pressure (bar)
    0.00000e+00

           Step           Time
           2315     2315.00000

           Step           Time
           2316     2316.00000

   Energies (kJ/mol)
           Bond       G96Angle        LJ (SR)   Coulomb (SR)      Potential
    2.73560e+05    5.76377e+04   -5.81040e+06   -1.70646e+06   -7.18567e+06
 Pressure (bar)
    0.00000e+00

           Step           Time
           2317     2317.00000

   Energies (kJ/mol)
           Bond       G96Angle        LJ (SR)   Coulomb (SR)      Potential
    2.73592e+05    5.76190e+04   -5.81048e+06   -1.70653e+06   -7.18579e+06
 Pressure (bar)
    0.00000e+00

           Step           Time
           2318     2318.00000

   Energies (kJ/mol)
           Bond       G96Angle        LJ (SR)   Coulomb (SR)      Potential
    2.73538e+05    5.76012e+04   -5.81062e+06   -1.70635e+06   -7.18582e+06
 Pressure (bar)
    0.00000e+00

           Step           Time
           2319     2319.00000

   Energies (kJ/mol)
           Bond       G96Angle        LJ (SR)   Coulomb (SR)      Potential
    2.73553e+05    5.75739e+04   -5.81073e+06   -1.70633e+06   -7.18593e+06
 Pressure (bar)
    0.00000e+00

           Step           Time
           2320     2320.00000

           Step           Time
           2321     2321.00000

   Energies (kJ/mol)
           Bond       G96Angle        LJ (SR)   Coulomb (SR)      Potential
    2.73527e+05    5.75616e+04   -5.81089e+06   -1.70660e+06   -7.18640e+06
 Pressure (bar)
    0.00000e+00

           Step           Time
           2322     2322.00000

   Energies (kJ/mol)
           Bond       G96Angle        LJ (SR)   Coulomb (SR)      Potential
    2.73533e+05    5.75413e+04   -5.81098e+06   -1.70660e+06   -7.18651e+06
 Pressure (bar)
    0.00000e+00

           Step           Time
           2323     2323.00000

           Step           Time
           2324     2324.00000

   Energies (kJ/mol)
           Bond       G96Angle        LJ (SR)   Coulomb (SR)      Potential
    2.73515e+05    5.75299e+04   -5.81108e+06   -1.70678e+06   -7.18682e+06
 Pressure (bar)
    0.00000e+00

           Step           Time
           2325     2325.00000

   Energies (kJ/mol)
           Bond       G96Angle        LJ (SR)   Coulomb (SR)      Potential
    2.73510e+05    5.75148e+04   -5.81114e+06   -1.70675e+06   -7.18686e+06
 Pressure (bar)
    0.00000e+00

           Step           Time
           2326     2326.00000

   Energies (kJ/mol)
           Bond       G96Angle        LJ (SR)   Coulomb (SR)      Potential
    2.73492e+05    5.74999e+04   -5.81125e+06   -1.70671e+06   -7.18697e+06
 Pressure (bar)
    0.00000e+00

           Step           Time
           2327     2327.00000

   Energies (kJ/mol)
           Bond       G96Angle        LJ (SR)   Coulomb (SR)      Potential
    2.73464e+05    5.74891e+04   -5.81134e+06   -1.70686e+06   -7.18724e+06
 Pressure (bar)
    0.00000e+00

           Step           Time
           2328     2328.00000

   Energies (kJ/mol)
           Bond       G96Angle        LJ (SR)   Coulomb (SR)      Potential
    2.73488e+05    5.74752e+04   -5.81137e+06   -1.70687e+06   -7.18728e+06
 Pressure (bar)
    0.00000e+00

           Step           Time
           2329     2329.00000

   Energies (kJ/mol)
           Bond       G96Angle        LJ (SR)   Coulomb (SR)      Potential
    2.73469e+05    5.74644e+04   -5.81143e+06   -1.70694e+06   -7.18744e+06
 Pressure (bar)
    0.00000e+00

           Step           Time
           2330     2330.00000

   Energies (kJ/mol)
           Bond       G96Angle        LJ (SR)   Coulomb (SR)      Potential
    2.73473e+05    5.74494e+04   -5.81153e+06   -1.70687e+06   -7.18748e+06
 Pressure (bar)
    0.00000e+00

           Step           Time
           2331     2331.00000

   Energies (kJ/mol)
           Bond       G96Angle        LJ (SR)   Coulomb (SR)      Potential
    2.73445e+05    5.74393e+04   -5.81161e+06   -1.70695e+06   -7.18768e+06
 Pressure (bar)
    0.00000e+00

           Step           Time
           2332     2332.00000

   Energies (kJ/mol)
           Bond       G96Angle        LJ (SR)   Coulomb (SR)      Potential
    2.73458e+05    5.74242e+04   -5.81170e+06   -1.70690e+06   -7.18772e+06
 Pressure (bar)
    0.00000e+00

           Step           Time
           2333     2333.00000

   Energies (kJ/mol)
           Bond       G96Angle        LJ (SR)   Coulomb (SR)      Potential
    2.73433e+05    5.74133e+04   -5.81174e+06   -1.70696e+06   -7.18786e+06
 Pressure (bar)
    0.00000e+00

           Step           Time
           2334     2334.00000

   Energies (kJ/mol)
           Bond       G96Angle        LJ (SR)   Coulomb (SR)      Potential
    2.73447e+05    5.73996e+04   -5.81182e+06   -1.70694e+06   -7.18791e+06
 Pressure (bar)
    0.00000e+00

           Step           Time
           2335     2335.00000

   Energies (kJ/mol)
           Bond       G96Angle        LJ (SR)   Coulomb (SR)      Potential
    2.73405e+05    5.73879e+04   -5.81189e+06   -1.70698e+06   -7.18807e+06
 Pressure (bar)
    0.00000e+00

           Step           Time
           2336     2336.00000

   Energies (kJ/mol)
           Bond       G96Angle        LJ (SR)   Coulomb (SR)      Potential
    2.73454e+05    5.73742e+04   -5.81193e+06   -1.70699e+06   -7.18810e+06
 Pressure (bar)
    0.00000e+00

           Step           Time
           2337     2337.00000

   Energies (kJ/mol)
           Bond       G96Angle        LJ (SR)   Coulomb (SR)      Potential
    2.73424e+05    5.73625e+04   -5.81202e+06   -1.70704e+06   -7.18827e+06
 Pressure (bar)
    0.00000e+00

           Step           Time
           2338     2338.00000

           Step           Time
           2339     2339.00000

   Energies (kJ/mol)
           Bond       G96Angle        LJ (SR)   Coulomb (SR)      Potential
    2.73422e+05    5.73561e+04   -5.81216e+06   -1.70713e+06   -7.18851e+06
 Pressure (bar)
    0.00000e+00

           Step           Time
           2340     2340.00000

           Step           Time
           2341     2341.00000

           Step           Time
           2342     2342.00000

   Energies (kJ/mol)
           Bond       G96Angle        LJ (SR)   Coulomb (SR)      Potential
    2.73393e+05    5.73479e+04   -5.81218e+06   -1.70717e+06   -7.18861e+06
 Pressure (bar)
    0.00000e+00

           Step           Time
           2343     2343.00000

           Step           Time
           2344     2344.00000

           Step           Time
           2345     2345.00000

   Energies (kJ/mol)
           Bond       G96Angle        LJ (SR)   Coulomb (SR)      Potential
    2.73392e+05    5.73400e+04   -5.81223e+06   -1.70721e+06   -7.18870e+06
 Pressure (bar)
    0.00000e+00

           Step           Time
           2346     2346.00000

   Energies (kJ/mol)
           Bond       G96Angle        LJ (SR)   Coulomb (SR)      Potential
    2.73383e+05    5.73324e+04   -5.81226e+06   -1.70721e+06   -7.18875e+06
 Pressure (bar)
    0.00000e+00

           Step           Time
           2347     2347.00000

   Energies (kJ/mol)
           Bond       G96Angle        LJ (SR)   Coulomb (SR)      Potential
    2.73373e+05    5.73234e+04   -5.81230e+06   -1.70720e+06   -7.18881e+06
 Pressure (bar)
    0.00000e+00

           Step           Time
           2348     2348.00000

   Energies (kJ/mol)
           Bond       G96Angle        LJ (SR)   Coulomb (SR)      Potential
    2.73374e+05    5.73123e+04   -5.81238e+06   -1.70714e+06   -7.18882e+06
 Pressure (bar)
    0.00000e+00

           Step           Time
           2349     2349.00000

   Energies (kJ/mol)
           Bond       G96Angle        LJ (SR)   Coulomb (SR)      Potential
    2.73313e+05    5.72992e+04   -5.81249e+06   -1.70699e+06   -7.18887e+06
 Pressure (bar)
    0.00000e+00

           Step           Time
           2350     2350.00000

   Energies (kJ/mol)
           Bond       G96Angle        LJ (SR)   Coulomb (SR)      Potential
    2.73315e+05    5.72841e+04   -5.81255e+06   -1.70699e+06   -7.18895e+06
 Pressure (bar)
    0.00000e+00

           Step           Time
           2351     2351.00000

           Step           Time
           2352     2352.00000

   Energies (kJ/mol)
           Bond       G96Angle        LJ (SR)   Coulomb (SR)      Potential
    2.73319e+05    5.72741e+04   -5.81263e+06   -1.70716e+06   -7.18919e+06
 Pressure (bar)
    0.00000e+00

           Step           Time
           2353     2353.00000

   Energies (kJ/mol)
           Bond       G96Angle        LJ (SR)   Coulomb (SR)      Potential
    2.73308e+05    5.72626e+04   -5.81268e+06   -1.70717e+06   -7.18927e+06
 Pressure (bar)
    0.00000e+00

           Step           Time
           2354     2354.00000

   Energies (kJ/mol)
           Bond       G96Angle        LJ (SR)   Coulomb (SR)      Potential
    2.73296e+05    5.72484e+04   -5.81279e+06   -1.70704e+06   -7.18928e+06
 Pressure (bar)
    0.00000e+00

           Step           Time
           2355     2355.00000

   Energies (kJ/mol)
           Bond       G96Angle        LJ (SR)   Coulomb (SR)      Potential
    2.73314e+05    5.72319e+04   -5.81285e+06   -1.70704e+06   -7.18935e+06
 Pressure (bar)
    0.00000e+00

           Step           Time
           2356     2356.00000

   Energies (kJ/mol)
           Bond       G96Angle        LJ (SR)   Coulomb (SR)      Potential
    2.73255e+05    5.72135e+04   -5.81302e+06   -1.70692e+06   -7.18948e+06
 Pressure (bar)
    0.00000e+00

           Step           Time
           2357     2357.00000

           Step           Time
           2358     2358.00000

   Energies (kJ/mol)
           Bond       G96Angle        LJ (SR)   Coulomb (SR)      Potential
    2.73260e+05    5.72021e+04   -5.81311e+06   -1.70717e+06   -7.18982e+06
 Pressure (bar)
    0.00000e+00

           Step           Time
           2359     2359.00000

   Energies (kJ/mol)
           Bond       G96Angle        LJ (SR)   Coulomb (SR)      Potential
    2.73281e+05    5.71844e+04   -5.81313e+06   -1.70719e+06   -7.18986e+06
 Pressure (bar)
    0.00000e+00

           Step           Time
           2360     2360.00000

   Energies (kJ/mol)
           Bond       G96Angle        LJ (SR)   Coulomb (SR)      Potential
    2.73237e+05    5.71708e+04   -5.81329e+06   -1.70709e+06   -7.18996e+06
 Pressure (bar)
    0.00000e+00

           Step           Time
           2361     2361.00000

   Energies (kJ/mol)
           Bond       G96Angle        LJ (SR)   Coulomb (SR)      Potential
    2.73239e+05    5.71515e+04   -5.81336e+06   -1.70712e+06   -7.19009e+06
 Pressure (bar)
    0.00000e+00

           Step           Time
           2362     2362.00000

   Energies (kJ/mol)
           Bond       G96Angle        LJ (SR)   Coulomb (SR)      Potential
    2.73230e+05    5.71391e+04   -5.81346e+06   -1.70726e+06   -7.19035e+06
 Pressure (bar)
    0.00000e+00

           Step           Time
           2363     2363.00000

   Energies (kJ/mol)
           Bond       G96Angle        LJ (SR)   Coulomb (SR)      Potential
    2.73212e+05    5.71270e+04   -5.81354e+06   -1.70733e+06   -7.19054e+06
 Pressure (bar)
    0.00000e+00

           Step           Time
           2364     2364.00000

   Energies (kJ/mol)
           Bond       G96Angle        LJ (SR)   Coulomb (SR)      Potential
    2.73204e+05    5.71146e+04   -5.81360e+06   -1.70733e+06   -7.19061e+06
 Pressure (bar)
    0.00000e+00

           Step           Time
           2365     2365.00000

   Energies (kJ/mol)
           Bond       G96Angle        LJ (SR)   Coulomb (SR)      Potential
    2.73197e+05    5.71033e+04   -5.81368e+06   -1.70735e+06   -7.19073e+06
 Pressure (bar)
    0.00000e+00

           Step           Time
           2366     2366.00000

   Energies (kJ/mol)
           Bond       G96Angle        LJ (SR)   Coulomb (SR)      Potential
    2.73179e+05    5.70895e+04   -5.81375e+06   -1.70734e+06   -7.19082e+06
 Pressure (bar)
    0.00000e+00

           Step           Time
           2367     2367.00000

   Energies (kJ/mol)
           Bond       G96Angle        LJ (SR)   Coulomb (SR)      Potential
    2.73183e+05    5.70783e+04   -5.81383e+06   -1.70736e+06   -7.19094e+06
 Pressure (bar)
    0.00000e+00

           Step           Time
           2368     2368.00000

   Energies (kJ/mol)
           Bond       G96Angle        LJ (SR)   Coulomb (SR)      Potential
    2.73168e+05    5.70668e+04   -5.81390e+06   -1.70738e+06   -7.19104e+06
 Pressure (bar)
    0.00000e+00

           Step           Time
           2369     2369.00000

   Energies (kJ/mol)
           Bond       G96Angle        LJ (SR)   Coulomb (SR)      Potential
    2.73182e+05    5.70544e+04   -5.81394e+06   -1.70740e+06   -7.19111e+06
 Pressure (bar)
    0.00000e+00

           Step           Time
           2370     2370.00000

   Energies (kJ/mol)
           Bond       G96Angle        LJ (SR)   Coulomb (SR)      Potential
    2.73159e+05    5.70422e+04   -5.81404e+06   -1.70739e+06   -7.19123e+06
 Pressure (bar)
    0.00000e+00

           Step           Time
           2371     2371.00000

   Energies (kJ/mol)
           Bond       G96Angle        LJ (SR)   Coulomb (SR)      Potential
    2.73151e+05    5.70286e+04   -5.81408e+06   -1.70736e+06   -7.19126e+06
 Pressure (bar)
    0.00000e+00

           Step           Time
           2372     2372.00000

   Energies (kJ/mol)
           Bond       G96Angle        LJ (SR)   Coulomb (SR)      Potential
    2.73155e+05    5.70165e+04   -5.81416e+06   -1.70744e+06   -7.19142e+06
 Pressure (bar)
    0.00000e+00

           Step           Time
           2373     2373.00000

           Step           Time
           2374     2374.00000

   Energies (kJ/mol)
           Bond       G96Angle        LJ (SR)   Coulomb (SR)      Potential
    2.73179e+05    5.70095e+04   -5.81433e+06   -1.70756e+06   -7.19170e+06
 Pressure (bar)
    0.00000e+00

           Step           Time
           2375     2375.00000

           Step           Time
           2376     2376.00000

           Step           Time
           2377     2377.00000

   Energies (kJ/mol)
           Bond       G96Angle        LJ (SR)   Coulomb (SR)      Potential
    2.73156e+05    5.70016e+04   -5.81434e+06   -1.70761e+06   -7.19179e+06
 Pressure (bar)
    0.00000e+00

           Step           Time
           2378     2378.00000

           Step           Time
           2379     2379.00000

           Step           Time
           2380     2380.00000

   Energies (kJ/mol)
           Bond       G96Angle        LJ (SR)   Coulomb (SR)      Potential
    2.73141e+05    5.69953e+04   -5.81439e+06   -1.70764e+06   -7.19190e+06
 Pressure (bar)
    0.00000e+00

           Step           Time
           2381     2381.00000

   Energies (kJ/mol)
           Bond       G96Angle        LJ (SR)   Coulomb (SR)      Potential
    2.73119e+05    5.69874e+04   -5.81444e+06   -1.70761e+06   -7.19195e+06
 Pressure (bar)
    0.00000e+00

           Step           Time
           2382     2382.00000

           Step           Time
           2383     2383.00000

   Energies (kJ/mol)
           Bond       G96Angle        LJ (SR)   Coulomb (SR)      Potential
    2.73119e+05    5.69817e+04   -5.81446e+06   -1.70767e+06   -7.19203e+06
 Pressure (bar)
    0.00000e+00

           Step           Time
           2384     2384.00000

   Energies (kJ/mol)
           Bond       G96Angle        LJ (SR)   Coulomb (SR)      Potential
    2.73104e+05    5.69747e+04   -5.81452e+06   -1.70766e+06   -7.19210e+06
 Pressure (bar)
    0.00000e+00

           Step           Time
           2385     2385.00000

           Step           Time
           2386     2386.00000

   Energies (kJ/mol)
           Bond       G96Angle        LJ (SR)   Coulomb (SR)      Potential
    2.73100e+05    5.69702e+04   -5.81453e+06   -1.70772e+06   -7.19218e+06
 Pressure (bar)
    0.00000e+00

           Step           Time
           2387     2387.00000

   Energies (kJ/mol)
           Bond       G96Angle        LJ (SR)   Coulomb (SR)      Potential
    2.73102e+05    5.69652e+04   -5.81454e+06   -1.70774e+06   -7.19221e+06
 Pressure (bar)
    0.00000e+00

           Step           Time
           2388     2388.00000

   Energies (kJ/mol)
           Bond       G96Angle        LJ (SR)   Coulomb (SR)      Potential
    2.73092e+05    5.69594e+04   -5.81459e+06   -1.70772e+06   -7.19226e+06
 Pressure (bar)
    0.00000e+00

           Step           Time
           2389     2389.00000

           Step           Time
           2390     2390.00000

   Energies (kJ/mol)
           Bond       G96Angle        LJ (SR)   Coulomb (SR)      Potential
    2.73092e+05    5.69555e+04   -5.81460e+06   -1.70777e+06   -7.19232e+06
 Pressure (bar)
    0.00000e+00

           Step           Time
           2391     2391.00000

   Energies (kJ/mol)
           Bond       G96Angle        LJ (SR)   Coulomb (SR)      Potential
    2.73091e+05    5.69511e+04   -5.81463e+06   -1.70779e+06   -7.19238e+06
 Pressure (bar)
    0.00000e+00

           Step           Time
           2392     2392.00000

           Step           Time
           2393     2393.00000

   Energies (kJ/mol)
           Bond       G96Angle        LJ (SR)   Coulomb (SR)      Potential
    2.73086e+05    5.69485e+04   -5.81465e+06   -1.70782e+06   -7.19243e+06
 Pressure (bar)
    0.00000e+00

           Step           Time
           2394     2394.00000

   Energies (kJ/mol)
           Bond       G96Angle        LJ (SR)   Coulomb (SR)      Potential
    2.73087e+05    5.69448e+04   -5.81467e+06   -1.70781e+06   -7.19246e+06
 Pressure (bar)
    0.00000e+00

           Step           Time
           2395     2395.00000

   Energies (kJ/mol)
           Bond       G96Angle        LJ (SR)   Coulomb (SR)      Potential
    2.73082e+05    5.69410e+04   -5.81470e+06   -1.70779e+06   -7.19247e+06
 Pressure (bar)
    0.00000e+00

           Step           Time
           2396     2396.00000

   Energies (kJ/mol)
           Bond       G96Angle        LJ (SR)   Coulomb (SR)      Potential
    2.73079e+05    5.69358e+04   -5.81475e+06   -1.70777e+06   -7.19250e+06
 Pressure (bar)
    0.00000e+00

           Step           Time
           2397     2397.00000

   Energies (kJ/mol)
           Bond       G96Angle        LJ (SR)   Coulomb (SR)      Potential
    2.73076e+05    5.69312e+04   -5.81478e+06   -1.70778e+06   -7.19255e+06
 Pressure (bar)
    0.00000e+00

           Step           Time
           2398     2398.00000

   Energies (kJ/mol)
           Bond       G96Angle        LJ (SR)   Coulomb (SR)      Potential
    2.73069e+05    5.69244e+04   -5.81480e+06   -1.70776e+06   -7.19256e+06
 Pressure (bar)
    0.00000e+00

           Step           Time
           2399     2399.00000

           Step           Time
           2400     2400.00000

   Energies (kJ/mol)
           Bond       G96Angle        LJ (SR)   Coulomb (SR)      Potential
    2.73067e+05    5.69207e+04   -5.81484e+06   -1.70781e+06   -7.19266e+06
 Pressure (bar)
    0.00000e+00

           Step           Time
           2401     2401.00000

   Energies (kJ/mol)
           Bond       G96Angle        LJ (SR)   Coulomb (SR)      Potential
    2.73063e+05    5.69165e+04   -5.81485e+06   -1.70782e+06   -7.19269e+06
 Pressure (bar)
    0.00000e+00

           Step           Time
           2402     2402.00000

           Step           Time
           2403     2403.00000

   Energies (kJ/mol)
           Bond       G96Angle        LJ (SR)   Coulomb (SR)      Potential
    2.73061e+05    5.69137e+04   -5.81486e+06   -1.70786e+06   -7.19275e+06
 Pressure (bar)
    0.00000e+00

           Step           Time
           2404     2404.00000

   Energies (kJ/mol)
           Bond       G96Angle        LJ (SR)   Coulomb (SR)      Potential
    2.73058e+05    5.69102e+04   -5.81488e+06   -1.70786e+06   -7.19277e+06
 Pressure (bar)
    0.00000e+00

           Step           Time
           2405     2405.00000

   Energies (kJ/mol)
           Bond       G96Angle        LJ (SR)   Coulomb (SR)      Potential
    2.73050e+05    5.69061e+04   -5.81491e+06   -1.70783e+06   -7.19278e+06
 Pressure (bar)
    0.00000e+00

           Step           Time
           2406     2406.00000

   Energies (kJ/mol)
           Bond       G96Angle        LJ (SR)   Coulomb (SR)      Potential
    2.73055e+05    5.69008e+04   -5.81494e+06   -1.70782e+06   -7.19281e+06
 Pressure (bar)
    0.00000e+00

           Step           Time
           2407     2407.00000

   Energies (kJ/mol)
           Bond       G96Angle        LJ (SR)   Coulomb (SR)      Potential
    2.73048e+05    5.68958e+04   -5.81498e+06   -1.70781e+06   -7.19284e+06
 Pressure (bar)
    0.00000e+00

           Step           Time
           2408     2408.00000

   Energies (kJ/mol)
           Bond       G96Angle        LJ (SR)   Coulomb (SR)      Potential
    2.73055e+05    5.68876e+04   -5.81502e+06   -1.70780e+06   -7.19288e+06
 Pressure (bar)
    0.00000e+00

           Step           Time
           2409     2409.00000

   Energies (kJ/mol)
           Bond       G96Angle        LJ (SR)   Coulomb (SR)      Potential
    2.73028e+05    5.68816e+04   -5.81510e+06   -1.70775e+06   -7.19294e+06
 Pressure (bar)
    0.00000e+00

           Step           Time
           2410     2410.00000

           Step           Time
           2411     2411.00000

   Energies (kJ/mol)
           Bond       G96Angle        LJ (SR)   Coulomb (SR)      Potential
    2.73028e+05    5.68766e+04   -5.81512e+06   -1.70783e+06   -7.19305e+06
 Pressure (bar)
    0.00000e+00

           Step           Time
           2412     2412.00000

   Energies (kJ/mol)
           Bond       G96Angle        LJ (SR)   Coulomb (SR)      Potential
    2.73028e+05    5.68699e+04   -5.81516e+06   -1.70782e+06   -7.19309e+06
 Pressure (bar)
    0.00000e+00

           Step           Time
           2413     2413.00000

   Energies (kJ/mol)
           Bond       G96Angle        LJ (SR)   Coulomb (SR)      Potential
    2.73027e+05    5.68637e+04   -5.81519e+06   -1.70781e+06   -7.19312e+06
 Pressure (bar)
    0.00000e+00

           Step           Time
           2414     2414.00000

   Energies (kJ/mol)
           Bond       G96Angle        LJ (SR)   Coulomb (SR)      Potential
    2.73018e+05    5.68555e+04   -5.81526e+06   -1.70777e+06   -7.19316e+06
 Pressure (bar)
    0.00000e+00

           Step           Time
           2415     2415.00000

           Step           Time
           2416     2416.00000

   Energies (kJ/mol)
           Bond       G96Angle        LJ (SR)   Coulomb (SR)      Potential
    2.73011e+05    5.68500e+04   -5.81531e+06   -1.70785e+06   -7.19329e+06
 Pressure (bar)
    0.00000e+00

           Step           Time
           2417     2417.00000

   Energies (kJ/mol)
           Bond       G96Angle        LJ (SR)   Coulomb (SR)      Potential
    2.73016e+05    5.68431e+04   -5.81534e+06   -1.70786e+06   -7.19334e+06
 Pressure (bar)
    0.00000e+00

           Step           Time
           2418     2418.00000

   Energies (kJ/mol)
           Bond       G96Angle        LJ (SR)   Coulomb (SR)      Potential
    2.73000e+05    5.68365e+04   -5.81540e+06   -1.70783e+06   -7.19339e+06
 Pressure (bar)
    0.00000e+00

           Step           Time
           2419     2419.00000

   Energies (kJ/mol)
           Bond       G96Angle        LJ (SR)   Coulomb (SR)      Potential
    2.72993e+05    5.68279e+04   -5.81545e+06   -1.70777e+06   -7.19340e+06
 Pressure (bar)
    0.00000e+00

           Step           Time
           2420     2420.00000

   Energies (kJ/mol)
           Bond       G96Angle        LJ (SR)   Coulomb (SR)      Potential
    2.72994e+05    5.68182e+04   -5.81549e+06   -1.70775e+06   -7.19343e+06
 Pressure (bar)
    0.00000e+00

           Step           Time
           2421     2421.00000

   Energies (kJ/mol)
           Bond       G96Angle        LJ (SR)   Coulomb (SR)      Potential
    2.72978e+05    5.68035e+04   -5.81559e+06   -1.70764e+06   -7.19346e+06
 Pressure (bar)
    0.00000e+00

           Step           Time
           2422     2422.00000

   Energies (kJ/mol)
           Bond       G96Angle        LJ (SR)   Coulomb (SR)      Potential
    2.72969e+05    5.67922e+04   -5.81570e+06   -1.70766e+06   -7.19359e+06
 Pressure (bar)
    0.00000e+00

           Step           Time
           2423     2423.00000

           Step           Time
           2424     2424.00000

   Energies (kJ/mol)
           Bond       G96Angle        LJ (SR)   Coulomb (SR)      Potential
    2.72961e+05    5.67837e+04   -5.81577e+06   -1.70780e+06   -7.19383e+06
 Pressure (bar)
    0.00000e+00

           Step           Time
           2425     2425.00000

   Energies (kJ/mol)
           Bond       G96Angle        LJ (SR)   Coulomb (SR)      Potential
    2.72955e+05    5.67726e+04   -5.81580e+06   -1.70779e+06   -7.19386e+06
 Pressure (bar)
    0.00000e+00

           Step           Time
           2426     2426.00000

           Step           Time
           2427     2427.00000

   Energies (kJ/mol)
           Bond       G96Angle        LJ (SR)   Coulomb (SR)      Potential
    2.72944e+05    5.67653e+04   -5.81589e+06   -1.70787e+06   -7.19405e+06
 Pressure (bar)
    0.00000e+00

           Step           Time
           2428     2428.00000

   Energies (kJ/mol)
           Bond       G96Angle        LJ (SR)   Coulomb (SR)      Potential
    2.72943e+05    5.67567e+04   -5.81592e+06   -1.70786e+06   -7.19409e+06
 Pressure (bar)
    0.00000e+00

           Step           Time
           2429     2429.00000

   Energies (kJ/mol)
           Bond       G96Angle        LJ (SR)   Coulomb (SR)      Potential
    2.72940e+05    5.67482e+04   -5.81598e+06   -1.70787e+06   -7.19416e+06
 Pressure (bar)
    0.00000e+00

           Step           Time
           2430     2430.00000

   Energies (kJ/mol)
           Bond       G96Angle        LJ (SR)   Coulomb (SR)      Potential
    2.72928e+05    5.67376e+04   -5.81603e+06   -1.70783e+06   -7.19419e+06
 Pressure (bar)
    0.00000e+00

           Step           Time
           2431     2431.00000

   Energies (kJ/mol)
           Bond       G96Angle        LJ (SR)   Coulomb (SR)      Potential
    2.72917e+05    5.67242e+04   -5.81610e+06   -1.70774e+06   -7.19420e+06
 Pressure (bar)
    0.00000e+00

           Step           Time
           2432     2432.00000

           Step           Time
           2433     2433.00000

   Energies (kJ/mol)
           Bond       G96Angle        LJ (SR)   Coulomb (SR)      Potential
    2.72913e+05    5.67164e+04   -5.81617e+06   -1.70790e+06   -7.19444e+06
 Pressure (bar)
    0.00000e+00

           Step           Time
           2434     2434.00000

   Energies (kJ/mol)
           Bond       G96Angle        LJ (SR)   Coulomb (SR)      Potential
    2.72923e+05    5.67066e+04   -5.81621e+06   -1.70793e+06   -7.19450e+06
 Pressure (bar)
    0.00000e+00

           Step           Time
           2435     2435.00000

   Energies (kJ/mol)
           Bond       G96Angle        LJ (SR)   Coulomb (SR)      Potential
    2.72915e+05    5.66964e+04   -5.81627e+06   -1.70793e+06   -7.19459e+06
 Pressure (bar)
    0.00000e+00

           Step           Time
           2436     2436.00000

           Step           Time
           2437     2437.00000

   Energies (kJ/mol)
           Bond       G96Angle        LJ (SR)   Coulomb (SR)      Potential
    2.72907e+05    5.66898e+04   -5.81630e+06   -1.70802e+06   -7.19472e+06
 Pressure (bar)
    0.00000e+00

           Step           Time
           2438     2438.00000

   Energies (kJ/mol)
           Bond       G96Angle        LJ (SR)   Coulomb (SR)      Potential
    2.72882e+05    5.66807e+04   -5.81639e+06   -1.70794e+06   -7.19477e+06
 Pressure (bar)
    0.00000e+00

           Step           Time
           2439     2439.00000

   Energies (kJ/mol)
           Bond       G96Angle        LJ (SR)   Coulomb (SR)      Potential
    2.72887e+05    5.66699e+04   -5.81644e+06   -1.70793e+06   -7.19480e+06
 Pressure (bar)
    0.00000e+00

           Step           Time
           2440     2440.00000

   Energies (kJ/mol)
           Bond       G96Angle        LJ (SR)   Coulomb (SR)      Potential
    2.72864e+05    5.66573e+04   -5.81651e+06   -1.70787e+06   -7.19487e+06
 Pressure (bar)
    0.00000e+00

           Step           Time
           2441     2441.00000

   Energies (kJ/mol)
           Bond       G96Angle        LJ (SR)   Coulomb (SR)      Potential
    2.72862e+05    5.66426e+04   -5.81665e+06   -1.70773e+06   -7.19487e+06
 Pressure (bar)
    0.00000e+00

           Step           Time
           2442     2442.00000

   Energies (kJ/mol)
           Bond       G96Angle        LJ (SR)   Coulomb (SR)      Potential
    2.72846e+05    5.66280e+04   -5.81676e+06   -1.70774e+06   -7.19502e+06
 Pressure (bar)
    0.00000e+00

           Step           Time
           2443     2443.00000

           Step           Time
           2444     2444.00000

   Energies (kJ/mol)
           Bond       G96Angle        LJ (SR)   Coulomb (SR)      Potential
    2.72859e+05    5.66161e+04   -5.81684e+06   -1.70795e+06   -7.19532e+06
 Pressure (bar)
    0.00000e+00

           Step           Time
           2445     2445.00000

   Energies (kJ/mol)
           Bond       G96Angle        LJ (SR)   Coulomb (SR)      Potential
    2.72849e+05    5.66010e+04   -5.81687e+06   -1.70793e+06   -7.19535e+06
 Pressure (bar)
    0.00000e+00

           Step           Time
           2446     2446.00000

   Energies (kJ/mol)
           Bond       G96Angle        LJ (SR)   Coulomb (SR)      Potential
    2.72839e+05    5.65884e+04   -5.81700e+06   -1.70796e+06   -7.19554e+06
 Pressure (bar)
    0.00000e+00

           Step           Time
           2447     2447.00000

           Step           Time
           2448     2448.00000

   Energies (kJ/mol)
           Bond       G96Angle        LJ (SR)   Coulomb (SR)      Potential
    2.72831e+05    5.65795e+04   -5.81706e+06   -1.70809e+06   -7.19574e+06
 Pressure (bar)
    0.00000e+00

           Step           Time
           2449     2449.00000

   Energies (kJ/mol)
           Bond       G96Angle        LJ (SR)   Coulomb (SR)      Potential
    2.72817e+05    5.65699e+04   -5.81713e+06   -1.70807e+06   -7.19581e+06
 Pressure (bar)
    0.00000e+00

           Step           Time
           2450     2450.00000

           Step           Time
           2451     2451.00000

   Energies (kJ/mol)
           Bond       G96Angle        LJ (SR)   Coulomb (SR)      Potential
    2.72827e+05    5.65627e+04   -5.81716e+06   -1.70818e+06   -7.19595e+06
 Pressure (bar)
    0.00000e+00

           Step           Time
           2452     2452.00000

   Energies (kJ/mol)
           Bond       G96Angle        LJ (SR)   Coulomb (SR)      Potential
    2.72819e+05    5.65535e+04   -5.81722e+06   -1.70816e+06   -7.19600e+06
 Pressure (bar)
    0.00000e+00

           Step           Time
           2453     2453.00000

   Energies (kJ/mol)
           Bond       G96Angle        LJ (SR)   Coulomb (SR)      Potential
    2.72795e+05    5.65447e+04   -5.81728e+06   -1.70812e+06   -7.19606e+06
 Pressure (bar)
    0.00000e+00

           Step           Time
           2454     2454.00000

   Energies (kJ/mol)
           Bond       G96Angle        LJ (SR)   Coulomb (SR)      Potential
    2.72805e+05    5.65334e+04   -5.81736e+06   -1.70811e+06   -7.19613e+06
 Pressure (bar)
    0.00000e+00

           Step           Time
           2455     2455.00000

   Energies (kJ/mol)
           Bond       G96Angle        LJ (SR)   Coulomb (SR)      Potential
    2.72777e+05    5.65220e+04   -5.81745e+06   -1.70802e+06   -7.19617e+06
 Pressure (bar)
    0.00000e+00

           Step           Time
           2456     2456.00000

   Energies (kJ/mol)
           Bond       G96Angle        LJ (SR)   Coulomb (SR)      Potential
    2.72784e+05    5.65046e+04   -5.81753e+06   -1.70795e+06   -7.19619e+06
 Pressure (bar)
    0.00000e+00

           Step           Time
           2457     2457.00000

   Energies (kJ/mol)
           Bond       G96Angle        LJ (SR)   Coulomb (SR)      Potential
    2.72759e+05    5.64922e+04   -5.81763e+06   -1.70800e+06   -7.19637e+06
 Pressure (bar)
    0.00000e+00

           Step           Time
           2458     2458.00000

           Step           Time
           2459     2459.00000

   Energies (kJ/mol)
           Bond       G96Angle        LJ (SR)   Coulomb (SR)      Potential
    2.72761e+05    5.64801e+04   -5.81772e+06   -1.70813e+06   -7.19662e+06
 Pressure (bar)
    0.00000e+00

           Step           Time
           2460     2460.00000

   Energies (kJ/mol)
           Bond       G96Angle        LJ (SR)   Coulomb (SR)      Potential
    2.72746e+05    5.64669e+04   -5.81778e+06   -1.70809e+06   -7.19666e+06
 Pressure (bar)
    0.00000e+00

           Step           Time
           2461     2461.00000

   Energies (kJ/mol)
           Bond       G96Angle        LJ (SR)   Coulomb (SR)      Potential
    2.72775e+05    5.64513e+04   -5.81791e+06   -1.70804e+06   -7.19672e+06
 Pressure (bar)
    0.00000e+00

           Step           Time
           2462     2462.00000

           Step           Time
           2463     2463.00000

   Energies (kJ/mol)
           Bond       G96Angle        LJ (SR)   Coulomb (SR)      Potential
    2.72750e+05    5.64413e+04   -5.81796e+06   -1.70822e+06   -7.19699e+06
 Pressure (bar)
    0.00000e+00

           Step           Time
           2464     2464.00000

   Energies (kJ/mol)
           Bond       G96Angle        LJ (SR)   Coulomb (SR)      Potential
    2.72752e+05    5.64280e+04   -5.81802e+06   -1.70822e+06   -7.19707e+06
 Pressure (bar)
    0.00000e+00

           Step           Time
           2465     2465.00000

   Energies (kJ/mol)
           Bond       G96Angle        LJ (SR)   Coulomb (SR)      Potential
    2.72734e+05    5.64156e+04   -5.81809e+06   -1.70817e+06   -7.19710e+06
 Pressure (bar)
    0.00000e+00

           Step           Time
           2466     2466.00000

           Step           Time
           2467     2467.00000

   Energies (kJ/mol)
           Bond       G96Angle        LJ (SR)   Coulomb (SR)      Potential
    2.72732e+05    5.64051e+04   -5.81817e+06   -1.70832e+06   -7.19736e+06
 Pressure (bar)
    0.00000e+00

           Step           Time
           2468     2468.00000

   Energies (kJ/mol)
           Bond       G96Angle        LJ (SR)   Coulomb (SR)      Potential
    2.72707e+05    5.63943e+04   -5.81824e+06   -1.70826e+06   -7.19740e+06
 Pressure (bar)
    0.00000e+00

           Step           Time
           2469     2469.00000

   Energies (kJ/mol)
           Bond       G96Angle        LJ (SR)   Coulomb (SR)      Potential
    2.72695e+05    5.63825e+04   -5.81832e+06   -1.70826e+06   -7.19750e+06
 Pressure (bar)
    0.00000e+00

           Step           Time
           2470     2470.00000

   Energies (kJ/mol)
           Bond       G96Angle        LJ (SR)   Coulomb (SR)      Potential
    2.72712e+05    5.63692e+04   -5.81843e+06   -1.70819e+06   -7.19754e+06
 Pressure (bar)
    0.00000e+00

           Step           Time
           2471     2471.00000

   Energies (kJ/mol)
           Bond       G96Angle        LJ (SR)   Coulomb (SR)      Potential
    2.72699e+05    5.63513e+04   -5.81852e+06   -1.70808e+06   -7.19755e+06
 Pressure (bar)
    0.00000e+00

           Step           Time
           2472     2472.00000

   Energies (kJ/mol)
           Bond       G96Angle        LJ (SR)   Coulomb (SR)      Potential
    2.72662e+05    5.63314e+04   -5.81865e+06   -1.70802e+06   -7.19768e+06
 Pressure (bar)
    0.00000e+00

           Step           Time
           2473     2473.00000

           Step           Time
           2474     2474.00000

   Energies (kJ/mol)
           Bond       G96Angle        LJ (SR)   Coulomb (SR)      Potential
    2.72642e+05    5.63202e+04   -5.81874e+06   -1.70826e+06   -7.19804e+06
 Pressure (bar)
    0.00000e+00

           Step           Time
           2475     2475.00000

   Energies (kJ/mol)
           Bond       G96Angle        LJ (SR)   Coulomb (SR)      Potential
    2.72668e+05    5.63030e+04   -5.81881e+06   -1.70824e+06   -7.19808e+06
 Pressure (bar)
    0.00000e+00

           Step           Time
           2476     2476.00000

   Energies (kJ/mol)
           Bond       G96Angle        LJ (SR)   Coulomb (SR)      Potential
    2.72626e+05    5.62883e+04   -5.81894e+06   -1.70816e+06   -7.19819e+06
 Pressure (bar)
    0.00000e+00

           Step           Time
           2477     2477.00000

   Energies (kJ/mol)
           Bond       G96Angle        LJ (SR)   Coulomb (SR)      Potential
    2.72625e+05    5.62733e+04   -5.81908e+06   -1.70830e+06   -7.19848e+06
 Pressure (bar)
    0.00000e+00

           Step           Time
           2478     2478.00000

   Energies (kJ/mol)
           Bond       G96Angle        LJ (SR)   Coulomb (SR)      Potential
    2.72619e+05    5.62642e+04   -5.81911e+06   -1.70846e+06   -7.19869e+06
 Pressure (bar)
    0.00000e+00

           Step           Time
           2479     2479.00000

   Energies (kJ/mol)
           Bond       G96Angle        LJ (SR)   Coulomb (SR)      Potential
    2.72627e+05    5.62514e+04   -5.81918e+06   -1.70843e+06   -7.19874e+06
 Pressure (bar)
    0.00000e+00

           Step           Time
           2480     2480.00000

   Energies (kJ/mol)
           Bond       G96Angle        LJ (SR)   Coulomb (SR)      Potential
    2.72600e+05    5.62414e+04   -5.81924e+06   -1.70849e+06   -7.19889e+06
 Pressure (bar)
    0.00000e+00

           Step           Time
           2481     2481.00000

   Energies (kJ/mol)
           Bond       G96Angle        LJ (SR)   Coulomb (SR)      Potential
    2.72604e+05    5.62281e+04   -5.81929e+06   -1.70847e+06   -7.19893e+06
 Pressure (bar)
    0.00000e+00

           Step           Time
           2482     2482.00000

   Energies (kJ/mol)
           Bond       G96Angle        LJ (SR)   Coulomb (SR)      Potential
    2.72604e+05    5.62183e+04   -5.81938e+06   -1.70854e+06   -7.19910e+06
 Pressure (bar)
    0.00000e+00

           Step           Time
           2483     2483.00000

   Energies (kJ/mol)
           Bond       G96Angle        LJ (SR)   Coulomb (SR)      Potential
    2.72596e+05    5.62055e+04   -5.81945e+06   -1.70850e+06   -7.19915e+06
 Pressure (bar)
    0.00000e+00

           Step           Time
           2484     2484.00000

   Energies (kJ/mol)
           Bond       G96Angle        LJ (SR)   Coulomb (SR)      Potential
    2.72605e+05    5.61952e+04   -5.81952e+06   -1.70858e+06   -7.19931e+06
 Pressure (bar)
    0.00000e+00

           Step           Time
           2485     2485.00000

           Step           Time
           2486     2486.00000

   Energies (kJ/mol)
           Bond       G96Angle        LJ (SR)   Coulomb (SR)      Potential
    2.72594e+05    5.61890e+04   -5.81960e+06   -1.70869e+06   -7.19950e+06
 Pressure (bar)
    0.00000e+00

           Step           Time
           2487     2487.00000

           Step           Time
           2488     2488.00000

           Step           Time
           2489     2489.00000

   Energies (kJ/mol)
           Bond       G96Angle        LJ (SR)   Coulomb (SR)      Potential
    2.72582e+05    5.61800e+04   -5.81961e+06   -1.70868e+06   -7.19953e+06
 Pressure (bar)
    0.00000e+00

           Step           Time
           2490     2490.00000

           Step           Time
           2491     2491.00000

   Energies (kJ/mol)
           Bond       G96Angle        LJ (SR)   Coulomb (SR)      Potential
    2.72578e+05    5.61727e+04   -5.81968e+06   -1.70866e+06   -7.19960e+06
 Pressure (bar)
    0.00000e+00

           Step           Time
           2492     2492.00000

   Energies (kJ/mol)
           Bond       G96Angle        LJ (SR)   Coulomb (SR)      Potential
    2.72555e+05    5.61622e+04   -5.81974e+06   -1.70863e+06   -7.19965e+06
 Pressure (bar)
    0.00000e+00

           Step           Time
           2493     2493.00000

   Energies (kJ/mol)
           Bond       G96Angle        LJ (SR)   Coulomb (SR)      Potential
    2.72563e+05    5.61512e+04   -5.81982e+06   -1.70860e+06   -7.19970e+06
 Pressure (bar)
    0.00000e+00

           Step           Time
           2494     2494.00000

           Step           Time
           2495     2495.00000

   Energies (kJ/mol)
           Bond       G96Angle        LJ (SR)   Coulomb (SR)      Potential
    2.72548e+05    5.61432e+04   -5.81987e+06   -1.70873e+06   -7.19990e+06
 Pressure (bar)
    0.00000e+00

           Step           Time
           2496     2496.00000

   Energies (kJ/mol)
           Bond       G96Angle        LJ (SR)   Coulomb (SR)      Potential
    2.72551e+05    5.61340e+04   -5.81993e+06   -1.70870e+06   -7.19994e+06
 Pressure (bar)
    0.00000e+00

           Step           Time
           2497     2497.00000

   Energies (kJ/mol)
           Bond       G96Angle        LJ (SR)   Coulomb (SR)      Potential
    2.72549e+05    5.61250e+04   -5.82000e+06   -1.70869e+06   -7.20001e+06
 Pressure (bar)
    0.00000e+00

           Step           Time
           2498     2498.00000

   Energies (kJ/mol)
           Bond       G96Angle        LJ (SR)   Coulomb (SR)      Potential
    2.72535e+05    5.61122e+04   -5.82007e+06   -1.70865e+06   -7.20007e+06
 Pressure (bar)
    0.00000e+00

           Step           Time
           2499     2499.00000

           Step           Time
           2500     2500.00000

   Energies (kJ/mol)
           Bond       G96Angle        LJ (SR)   Coulomb (SR)      Potential
    2.72522e+05    5.61052e+04   -5.82012e+06   -1.70878e+06   -7.20027e+06
 Pressure (bar)
    0.00000e+00

           Step           Time
           2501     2501.00000

   Energies (kJ/mol)
           Bond       G96Angle        LJ (SR)   Coulomb (SR)      Potential
    2.72527e+05    5.60978e+04   -5.82015e+06   -1.70881e+06   -7.20034e+06
 Pressure (bar)
    0.00000e+00

           Step           Time
           2502     2502.00000

           Step           Time
           2503     2503.00000

   Energies (kJ/mol)
           Bond       G96Angle        LJ (SR)   Coulomb (SR)      Potential
    2.72523e+05    5.60918e+04   -5.82018e+06   -1.70886e+06   -7.20043e+06
 Pressure (bar)
    0.00000e+00

           Step           Time
           2504     2504.00000

   Energies (kJ/mol)
           Bond       G96Angle        LJ (SR)   Coulomb (SR)      Potential
    2.72525e+05    5.60856e+04   -5.82020e+06   -1.70890e+06   -7.20048e+06
 Pressure (bar)
    0.00000e+00

           Step           Time
           2505     2505.00000

   Energies (kJ/mol)
           Bond       G96Angle        LJ (SR)   Coulomb (SR)      Potential
    2.72513e+05    5.60768e+04   -5.82026e+06   -1.70882e+06   -7.20049e+06
 Pressure (bar)
    0.00000e+00

           Step           Time
           2506     2506.00000

   Energies (kJ/mol)
           Bond       G96Angle        LJ (SR)   Coulomb (SR)      Potential
    2.72507e+05    5.60663e+04   -5.82033e+06   -1.70874e+06   -7.20050e+06
 Pressure (bar)
    0.00000e+00

           Step           Time
           2507     2507.00000

   Energies (kJ/mol)
           Bond       G96Angle        LJ (SR)   Coulomb (SR)      Potential
    2.72495e+05    5.60564e+04   -5.82042e+06   -1.70876e+06   -7.20063e+06
 Pressure (bar)
    0.00000e+00

           Step           Time
           2508     2508.00000

   Energies (kJ/mol)
           Bond       G96Angle        LJ (SR)   Coulomb (SR)      Potential
    2.72494e+05    5.60435e+04   -5.82049e+06   -1.70873e+06   -7.20068e+06
 Pressure (bar)
    0.00000e+00

           Step           Time
           2509     2509.00000

           Step           Time
           2510     2510.00000

   Energies (kJ/mol)
           Bond       G96Angle        LJ (SR)   Coulomb (SR)      Potential
    2.72470e+05    5.60355e+04   -5.82055e+06   -1.70883e+06   -7.20087e+06
 Pressure (bar)
    0.00000e+00

           Step           Time
           2511     2511.00000

   Energies (kJ/mol)
           Bond       G96Angle        LJ (SR)   Coulomb (SR)      Potential
    2.72483e+05    5.60254e+04   -5.82060e+06   -1.70885e+06   -7.20094e+06
 Pressure (bar)
    0.00000e+00

           Step           Time
           2512     2512.00000

   Energies (kJ/mol)
           Bond       G96Angle        LJ (SR)   Coulomb (SR)      Potential
    2.72467e+05    5.60151e+04   -5.82069e+06   -1.70880e+06   -7.20101e+06
 Pressure (bar)
    0.00000e+00

           Step           Time
           2513     2513.00000

           Step           Time
           2514     2514.00000

   Energies (kJ/mol)
           Bond       G96Angle        LJ (SR)   Coulomb (SR)      Potential
    2.72468e+05    5.60080e+04   -5.82073e+06   -1.70894e+06   -7.20120e+06
 Pressure (bar)
    0.00000e+00

           Step           Time
           2515     2515.00000

   Energies (kJ/mol)
           Bond       G96Angle        LJ (SR)   Coulomb (SR)      Potential
    2.72478e+05    5.59994e+04   -5.82074e+06   -1.70895e+06   -7.20121e+06
 Pressure (bar)
    0.00000e+00

           Step           Time
           2516     2516.00000

   Energies (kJ/mol)
           Bond       G96Angle        LJ (SR)   Coulomb (SR)      Potential
    2.72452e+05    5.59899e+04   -5.82084e+06   -1.70885e+06   -7.20125e+06
 Pressure (bar)
    0.00000e+00

           Step           Time
           2517     2517.00000

   Energies (kJ/mol)
           Bond       G96Angle        LJ (SR)   Coulomb (SR)      Potential
    2.72450e+05    5.59766e+04   -5.82091e+06   -1.70886e+06   -7.20134e+06
 Pressure (bar)
    0.00000e+00

           Step           Time
           2518     2518.00000

           Step           Time
           2519     2519.00000

   Energies (kJ/mol)
           Bond       G96Angle        LJ (SR)   Coulomb (SR)      Potential
    2.72452e+05    5.59704e+04   -5.82097e+06   -1.70899e+06   -7.20154e+06
 Pressure (bar)
    0.00000e+00

           Step           Time
           2520     2520.00000

   Energies (kJ/mol)
           Bond       G96Angle        LJ (SR)   Coulomb (SR)      Potential
    2.72452e+05    5.59616e+04   -5.82102e+06   -1.70902e+06   -7.20162e+06
 Pressure (bar)
    0.00000e+00

           Step           Time
           2521     2521.00000

           Step           Time
           2522     2522.00000

   Energies (kJ/mol)
           Bond       G96Angle        LJ (SR)   Coulomb (SR)      Potential
    2.72451e+05    5.59565e+04   -5.82107e+06   -1.70910e+06   -7.20176e+06
 Pressure (bar)
    0.00000e+00

           Step           Time
           2523     2523.00000

   Energies (kJ/mol)
           Bond       G96Angle        LJ (SR)   Coulomb (SR)      Potential
    2.72444e+05    5.59495e+04   -5.82110e+06   -1.70908e+06   -7.20179e+06
 Pressure (bar)
    0.00000e+00

           Step           Time
           2524     2524.00000

   Energies (kJ/mol)
           Bond       G96Angle        LJ (SR)   Coulomb (SR)      Potential
    2.72440e+05    5.59424e+04   -5.82114e+06   -1.70903e+06   -7.20180e+06
 Pressure (bar)
    0.00000e+00

           Step           Time
           2525     2525.00000

   Energies (kJ/mol)
           Bond       G96Angle        LJ (SR)   Coulomb (SR)      Potential
    2.72425e+05    5.59339e+04   -5.82120e+06   -1.70904e+06   -7.20188e+06
 Pressure (bar)
    0.00000e+00

           Step           Time
           2526     2526.00000

   Energies (kJ/mol)
           Bond       G96Angle        LJ (SR)   Coulomb (SR)      Potential
    2.72441e+05    5.59239e+04   -5.82123e+06   -1.70903e+06   -7.20190e+06
 Pressure (bar)
    0.00000e+00

           Step           Time
           2527     2527.00000

           Step           Time
           2528     2528.00000

   Energies (kJ/mol)
           Bond       G96Angle        LJ (SR)   Coulomb (SR)      Potential
    2.72417e+05    5.59170e+04   -5.82131e+06   -1.70909e+06   -7.20207e+06
 Pressure (bar)
    0.00000e+00

           Step           Time
           2529     2529.00000

   Energies (kJ/mol)
           Bond       G96Angle        LJ (SR)   Coulomb (SR)      Potential
    2.72424e+05    5.59084e+04   -5.82133e+06   -1.70911e+06   -7.20210e+06
 Pressure (bar)
    0.00000e+00

           Step           Time
           2530     2530.00000

   Energies (kJ/mol)
           Bond       G96Angle        LJ (SR)   Coulomb (SR)      Potential
    2.72414e+05    5.58992e+04   -5.82141e+06   -1.70904e+06   -7.20214e+06
 Pressure (bar)
    0.00000e+00

           Step           Time
           2531     2531.00000

   Energies (kJ/mol)
           Bond       G96Angle        LJ (SR)   Coulomb (SR)      Potential
    2.72402e+05    5.58876e+04   -5.82145e+06   -1.70900e+06   -7.20216e+06
 Pressure (bar)
    0.00000e+00

           Step           Time
           2532     2532.00000

   Energies (kJ/mol)
           Bond       G96Angle        LJ (SR)   Coulomb (SR)      Potential
    2.72399e+05    5.58778e+04   -5.82154e+06   -1.70902e+06   -7.20228e+06
 Pressure (bar)
    0.00000e+00

           Step           Time
           2533     2533.00000

           Step           Time
           2534     2534.00000

   Energies (kJ/mol)
           Bond       G96Angle        LJ (SR)   Coulomb (SR)      Potential
    2.72385e+05    5.58686e+04   -5.82160e+06   -1.70914e+06   -7.20248e+06
 Pressure (bar)
    0.00000e+00

           Step           Time
           2535     2535.00000

   Energies (kJ/mol)
           Bond       G96Angle        LJ (SR)   Coulomb (SR)      Potential
    2.72389e+05    5.58593e+04   -5.82165e+06   -1.70912e+06   -7.20252e+06
 Pressure (bar)
    0.00000e+00

           Step           Time
           2536     2536.00000

   Energies (kJ/mol)
           Bond       G96Angle        LJ (SR)   Coulomb (SR)      Potential
    2.72381e+05    5.58481e+04   -5.82172e+06   -1.70905e+06   -7.20254e+06
 Pressure (bar)
    0.00000e+00

           Step           Time
           2537     2537.00000

   Energies (kJ/mol)
           Bond       G96Angle        LJ (SR)   Coulomb (SR)      Potential
    2.72368e+05    5.58378e+04   -5.82180e+06   -1.70908e+06   -7.20268e+06
 Pressure (bar)
    0.00000e+00

           Step           Time
           2538     2538.00000

           Step           Time
           2539     2539.00000

   Energies (kJ/mol)
           Bond       G96Angle        LJ (SR)   Coulomb (SR)      Potential
    2.72382e+05    5.58287e+04   -5.82187e+06   -1.70921e+06   -7.20287e+06
 Pressure (bar)
    0.00000e+00

           Step           Time
           2540     2540.00000

   Energies (kJ/mol)
           Bond       G96Angle        LJ (SR)   Coulomb (SR)      Potential
    2.72362e+05    5.58212e+04   -5.82192e+06   -1.70920e+06   -7.20294e+06
 Pressure (bar)
    0.00000e+00

           Step           Time
           2541     2541.00000

           Step           Time
           2542     2542.00000

   Energies (kJ/mol)
           Bond       G96Angle        LJ (SR)   Coulomb (SR)      Potential
    2.72360e+05    5.58157e+04   -5.82195e+06   -1.70929e+06   -7.20306e+06
 Pressure (bar)
    0.00000e+00

           Step           Time
           2543     2543.00000

   Energies (kJ/mol)
           Bond       G96Angle        LJ (SR)   Coulomb (SR)      Potential
    2.72362e+05    5.58077e+04   -5.82199e+06   -1.70926e+06   -7.20308e+06
 Pressure (bar)
    0.00000e+00

           Step           Time
           2544     2544.00000

   Energies (kJ/mol)
           Bond       G96Angle        LJ (SR)   Coulomb (SR)      Potential
    2.72351e+05    5.57994e+04   -5.82204e+06   -1.70925e+06   -7.20314e+06
 Pressure (bar)
    0.00000e+00

           Step           Time
           2545     2545.00000

   Energies (kJ/mol)
           Bond       G96Angle        LJ (SR)   Coulomb (SR)      Potential
    2.72338e+05    5.57910e+04   -5.82209e+06   -1.70923e+06   -7.20319e+06
 Pressure (bar)
    0.00000e+00

           Step           Time
           2546     2546.00000

           Step           Time
           2547     2547.00000

   Energies (kJ/mol)
           Bond       G96Angle        LJ (SR)   Coulomb (SR)      Potential
    2.72341e+05    5.57851e+04   -5.82214e+06   -1.70933e+06   -7.20335e+06
 Pressure (bar)
    0.00000e+00

           Step           Time
           2548     2548.00000

   Energies (kJ/mol)
           Bond       G96Angle        LJ (SR)   Coulomb (SR)      Potential
    2.72347e+05    5.57783e+04   -5.82216e+06   -1.70935e+06   -7.20339e+06
 Pressure (bar)
    0.00000e+00

           Step           Time
           2549     2549.00000

           Step           Time
           2550     2550.00000

   Energies (kJ/mol)
           Bond       G96Angle        LJ (SR)   Coulomb (SR)      Potential
    2.72344e+05    5.57736e+04   -5.82221e+06   -1.70941e+06   -7.20350e+06
 Pressure (bar)
    0.00000e+00

           Step           Time
           2551     2551.00000

   Energies (kJ/mol)
           Bond       G96Angle        LJ (SR)   Coulomb (SR)      Potential
    2.72347e+05    5.57672e+04   -5.82223e+06   -1.70942e+06   -7.20353e+06
 Pressure (bar)
    0.00000e+00

           Step           Time
           2552     2552.00000

   Energies (kJ/mol)
           Bond       G96Angle        LJ (SR)   Coulomb (SR)      Potential
    2.72337e+05    5.57616e+04   -5.82228e+06   -1.70940e+06   -7.20358e+06
 Pressure (bar)
    0.00000e+00

           Step           Time
           2553     2553.00000

   Energies (kJ/mol)
           Bond       G96Angle        LJ (SR)   Coulomb (SR)      Potential
    2.72335e+05    5.57549e+04   -5.82233e+06   -1.70937e+06   -7.20361e+06
 Pressure (bar)
    0.00000e+00

           Step           Time
           2554     2554.00000

   Energies (kJ/mol)
           Bond       G96Angle        LJ (SR)   Coulomb (SR)      Potential
    2.72321e+05    5.57452e+04   -5.82237e+06   -1.70931e+06   -7.20362e+06
 Pressure (bar)
    0.00000e+00

           Step           Time
           2555     2555.00000

   Energies (kJ/mol)
           Bond       G96Angle        LJ (SR)   Coulomb (SR)      Potential
    2.72309e+05    5.57355e+04   -5.82247e+06   -1.70925e+06   -7.20367e+06
 Pressure (bar)
    0.00000e+00

           Step           Time
           2556     2556.00000

   Energies (kJ/mol)
           Bond       G96Angle        LJ (SR)   Coulomb (SR)      Potential
    2.72302e+05    5.57243e+04   -5.82254e+06   -1.70921e+06   -7.20372e+06
 Pressure (bar)
    0.00000e+00

           Step           Time
           2557     2557.00000

   Energies (kJ/mol)
           Bond       G96Angle        LJ (SR)   Coulomb (SR)      Potential
    2.72319e+05    5.57114e+04   -5.82265e+06   -1.70922e+06   -7.20385e+06
 Pressure (bar)
    0.00000e+00

           Step           Time
           2558     2558.00000

           Step           Time
           2559     2559.00000

   Energies (kJ/mol)
           Bond       G96Angle        LJ (SR)   Coulomb (SR)      Potential
    2.72288e+05    5.57032e+04   -5.82273e+06   -1.70935e+06   -7.20408e+06
 Pressure (bar)
    0.00000e+00

           Step           Time
           2560     2560.00000

           Step           Time
           2561     2561.00000

   Energies (kJ/mol)
           Bond       G96Angle        LJ (SR)   Coulomb (SR)      Potential
    2.72292e+05    5.56970e+04   -5.82275e+06   -1.70946e+06   -7.20422e+06
 Pressure (bar)
    0.00000e+00

           Step           Time
           2562     2562.00000

   Energies (kJ/mol)
           Bond       G96Angle        LJ (SR)   Coulomb (SR)      Potential
    2.72291e+05    5.56898e+04   -5.82278e+06   -1.70945e+06   -7.20424e+06
 Pressure (bar)
    0.00000e+00

           Step           Time
           2563     2563.00000

   Energies (kJ/mol)
           Bond       G96Angle        LJ (SR)   Coulomb (SR)      Potential
    2.72294e+05    5.56820e+04   -5.82284e+06   -1.70944e+06   -7.20430e+06
 Pressure (bar)
    0.00000e+00

           Step           Time
           2564     2564.00000

   Energies (kJ/mol)
           Bond       G96Angle        LJ (SR)   Coulomb (SR)      Potential
    2.72295e+05    5.56735e+04   -5.82289e+06   -1.70945e+06   -7.20437e+06
 Pressure (bar)
    0.00000e+00

           Step           Time
           2565     2565.00000

           Step           Time
           2566     2566.00000

   Energies (kJ/mol)
           Bond       G96Angle        LJ (SR)   Coulomb (SR)      Potential
    2.72283e+05    5.56667e+04   -5.82294e+06   -1.70952e+06   -7.20451e+06
 Pressure (bar)
    0.00000e+00

           Step           Time
           2567     2567.00000

   Energies (kJ/mol)
           Bond       G96Angle        LJ (SR)   Coulomb (SR)      Potential
    2.72271e+05    5.56595e+04   -5.82299e+06   -1.70948e+06   -7.20454e+06
 Pressure (bar)
    0.00000e+00

           Step           Time
           2568     2568.00000

   Energies (kJ/mol)
           Bond       G96Angle        LJ (SR)   Coulomb (SR)      Potential
    2.72265e+05    5.56504e+04   -5.82304e+06   -1.70949e+06   -7.20462e+06
 Pressure (bar)
    0.00000e+00

           Step           Time
           2569     2569.00000

           Step           Time
           2570     2570.00000

   Energies (kJ/mol)
           Bond       G96Angle        LJ (SR)   Coulomb (SR)      Potential
    2.72266e+05    5.56462e+04   -5.82308e+06   -1.70957e+06   -7.20474e+06
 Pressure (bar)
    0.00000e+00

           Step           Time
           2571     2571.00000

   Energies (kJ/mol)
           Bond       G96Angle        LJ (SR)   Coulomb (SR)      Potential
    2.72264e+05    5.56397e+04   -5.82310e+06   -1.70958e+06   -7.20478e+06
 Pressure (bar)
    0.00000e+00

           Step           Time
           2572     2572.00000

   Energies (kJ/mol)
           Bond       G96Angle        LJ (SR)   Coulomb (SR)      Potential
    2.72264e+05    5.56331e+04   -5.82315e+06   -1.70955e+06   -7.20481e+06
 Pressure (bar)
    0.00000e+00

           Step           Time
           2573     2573.00000

   Energies (kJ/mol)
           Bond       G96Angle        LJ (SR)   Coulomb (SR)      Potential
    2.72259e+05    5.56245e+04   -5.82322e+06   -1.70953e+06   -7.20487e+06
 Pressure (bar)
    0.00000e+00

           Step           Time
           2574     2574.00000

           Step           Time
           2575     2575.00000

   Energies (kJ/mol)
           Bond       G96Angle        LJ (SR)   Coulomb (SR)      Potential
    2.72247e+05    5.56191e+04   -5.82325e+06   -1.70962e+06   -7.20500e+06
 Pressure (bar)
    0.00000e+00

           Step           Time
           2576     2576.00000

   Energies (kJ/mol)
           Bond       G96Angle        LJ (SR)   Coulomb (SR)      Potential
    2.72244e+05    5.56133e+04   -5.82328e+06   -1.70964e+06   -7.20506e+06
 Pressure (bar)
    0.00000e+00

           Step           Time
           2577     2577.00000

           Step           Time
           2578     2578.00000

   Energies (kJ/mol)
           Bond       G96Angle        LJ (SR)   Coulomb (SR)      Potential
    2.72248e+05    5.56095e+04   -5.82332e+06   -1.70970e+06   -7.20516e+06
 Pressure (bar)
    0.00000e+00

           Step           Time
           2579     2579.00000

   Energies (kJ/mol)
           Bond       G96Angle        LJ (SR)   Coulomb (SR)      Potential
    2.72259e+05    5.56050e+04   -5.82332e+06   -1.70972e+06   -7.20517e+06
 Pressure (bar)
    0.00000e+00

           Step           Time
           2580     2580.00000

   Energies (kJ/mol)
           Bond       G96Angle        LJ (SR)   Coulomb (SR)      Potential
    2.72242e+05    5.55992e+04   -5.82339e+06   -1.70964e+06   -7.20519e+06
 Pressure (bar)
    0.00000e+00

           Step           Time
           2581     2581.00000

   Energies (kJ/mol)
           Bond       G96Angle        LJ (SR)   Coulomb (SR)      Potential
    2.72243e+05    5.55925e+04   -5.82341e+06   -1.70966e+06   -7.20524e+06
 Pressure (bar)
    0.00000e+00

           Step           Time
           2582     2582.00000

   Energies (kJ/mol)
           Bond       G96Angle        LJ (SR)   Coulomb (SR)      Potential
    2.72238e+05    5.55861e+04   -5.82345e+06   -1.70964e+06   -7.20527e+06
 Pressure (bar)
    0.00000e+00

           Step           Time
           2583     2583.00000

           Step           Time
           2584     2584.00000

   Energies (kJ/mol)
           Bond       G96Angle        LJ (SR)   Coulomb (SR)      Potential
    2.72236e+05    5.55816e+04   -5.82349e+06   -1.70972e+06   -7.20539e+06
 Pressure (bar)
    0.00000e+00

           Step           Time
           2585     2585.00000

   Energies (kJ/mol)
           Bond       G96Angle        LJ (SR)   Coulomb (SR)      Potential
    2.72230e+05    5.55755e+04   -5.82354e+06   -1.70970e+06   -7.20544e+06
 Pressure (bar)
    0.00000e+00

           Step           Time
           2586     2586.00000

   Energies (kJ/mol)
           Bond       G96Angle        LJ (SR)   Coulomb (SR)      Potential
    2.72223e+05    5.55700e+04   -5.82356e+06   -1.70968e+06   -7.20545e+06
 Pressure (bar)
    0.00000e+00

           Step           Time
           2587     2587.00000

           Step           Time
           2588     2588.00000

   Energies (kJ/mol)
           Bond       G96Angle        LJ (SR)   Coulomb (SR)      Potential
    2.72222e+05    5.55658e+04   -5.82360e+06   -1.70974e+06   -7.20555e+06
 Pressure (bar)
    0.00000e+00

           Step           Time
           2589     2589.00000

   Energies (kJ/mol)
           Bond       G96Angle        LJ (SR)   Coulomb (SR)      Potential
    2.72224e+05    5.55600e+04   -5.82361e+06   -1.70975e+06   -7.20557e+06
 Pressure (bar)
    0.00000e+00

           Step           Time
           2590     2590.00000

   Energies (kJ/mol)
           Bond       G96Angle        LJ (SR)   Coulomb (SR)      Potential
    2.72220e+05    5.55536e+04   -5.82365e+06   -1.70970e+06   -7.20558e+06
 Pressure (bar)
    0.00000e+00

           Step           Time
           2591     2591.00000

   Energies (kJ/mol)
           Bond       G96Angle        LJ (SR)   Coulomb (SR)      Potential
    2.72213e+05    5.55474e+04   -5.82372e+06   -1.70971e+06   -7.20567e+06
 Pressure (bar)
    0.00000e+00

           Step           Time
           2592     2592.00000

           Step           Time
           2593     2593.00000

   Energies (kJ/mol)
           Bond       G96Angle        LJ (SR)   Coulomb (SR)      Potential
    2.72213e+05    5.55426e+04   -5.82375e+06   -1.70978e+06   -7.20577e+06
 Pressure (bar)
    0.00000e+00

           Step           Time
           2594     2594.00000

   Energies (kJ/mol)
           Bond       G96Angle        LJ (SR)   Coulomb (SR)      Potential
    2.72214e+05    5.55373e+04   -5.82380e+06   -1.70977e+06   -7.20581e+06
 Pressure (bar)
    0.00000e+00

           Step           Time
           2595     2595.00000

   Energies (kJ/mol)
           Bond       G96Angle        LJ (SR)   Coulomb (SR)      Potential
    2.72213e+05    5.55308e+04   -5.82384e+06   -1.70973e+06   -7.20582e+06
 Pressure (bar)
    0.00000e+00

           Step           Time
           2596     2596.00000

   Energies (kJ/mol)
           Bond       G96Angle        LJ (SR)   Coulomb (SR)      Potential
    2.72205e+05    5.55235e+04   -5.82388e+06   -1.70972e+06   -7.20587e+06
 Pressure (bar)
    0.00000e+00

           Step           Time
           2597     2597.00000

           Step           Time
           2598     2598.00000

   Energies (kJ/mol)
           Bond       G96Angle        LJ (SR)   Coulomb (SR)      Potential
    2.72198e+05    5.55190e+04   -5.82392e+06   -1.70980e+06   -7.20600e+06
 Pressure (bar)
    0.00000e+00

           Step           Time
           2599     2599.00000

   Energies (kJ/mol)
           Bond       G96Angle        LJ (SR)   Coulomb (SR)      Potential
    2.72204e+05    5.55134e+04   -5.82397e+06   -1.70979e+06   -7.20604e+06
 Pressure (bar)
    0.00000e+00

           Step           Time
           2600     2600.00000

   Energies (kJ/mol)
           Bond       G96Angle        LJ (SR)   Coulomb (SR)      Potential
    2.72190e+05    5.55076e+04   -5.82400e+06   -1.70976e+06   -7.20606e+06
 Pressure (bar)
    0.00000e+00

           Step           Time
           2601     2601.00000

   Energies (kJ/mol)
           Bond       G96Angle        LJ (SR)   Coulomb (SR)      Potential
    2.72194e+05    5.55003e+04   -5.82405e+06   -1.70976e+06   -7.20611e+06
 Pressure (bar)
    0.00000e+00

           Step           Time
           2602     2602.00000

   Energies (kJ/mol)
           Bond       G96Angle        LJ (SR)   Coulomb (SR)      Potential
    2.72184e+05    5.54916e+04   -5.82412e+06   -1.70970e+06   -7.20615e+06
 Pressure (bar)
    0.00000e+00

           Step           Time
           2603     2603.00000

           Step           Time
           2604     2604.00000

   Energies (kJ/mol)
           Bond       G96Angle        LJ (SR)   Coulomb (SR)      Potential
    2.72187e+05    5.54861e+04   -5.82414e+06   -1.70982e+06   -7.20629e+06
 Pressure (bar)
    0.00000e+00

           Step           Time
           2605     2605.00000

   Energies (kJ/mol)
           Bond       G96Angle        LJ (SR)   Coulomb (SR)      Potential
    2.72187e+05    5.54796e+04   -5.82418e+06   -1.70983e+06   -7.20635e+06
 Pressure (bar)
    0.00000e+00

           Step           Time
           2606     2606.00000

           Step           Time
           2607     2607.00000

   Energies (kJ/mol)
           Bond       G96Angle        LJ (SR)   Coulomb (SR)      Potential
    2.72186e+05    5.54757e+04   -5.82423e+06   -1.70988e+06   -7.20645e+06
 Pressure (bar)
    0.00000e+00

           Step           Time
           2608     2608.00000

   Energies (kJ/mol)
           Bond       G96Angle        LJ (SR)   Coulomb (SR)      Potential
    2.72180e+05    5.54700e+04   -5.82425e+06   -1.70988e+06   -7.20648e+06
 Pressure (bar)
    0.00000e+00

           Step           Time
           2609     2609.00000

   Energies (kJ/mol)
           Bond       G96Angle        LJ (SR)   Coulomb (SR)      Potential
    2.72167e+05    5.54650e+04   -5.82430e+06   -1.70984e+06   -7.20651e+06
 Pressure (bar)
    0.00000e+00

           Step           Time
           2610     2610.00000

   Energies (kJ/mol)
           Bond       G96Angle        LJ (SR)   Coulomb (SR)      Potential
    2.72176e+05    5.54581e+04   -5.82435e+06   -1.70985e+06   -7.20657e+06
 Pressure (bar)
    0.00000e+00

           Step           Time
           2611     2611.00000

           Step           Time
           2612     2612.00000

   Energies (kJ/mol)
           Bond       G96Angle        LJ (SR)   Coulomb (SR)      Potential
    2.72168e+05    5.54544e+04   -5.82438e+06   -1.70991e+06   -7.20667e+06
 Pressure (bar)
    0.00000e+00

           Step           Time
           2613     2613.00000

   Energies (kJ/mol)
           Bond       G96Angle        LJ (SR)   Coulomb (SR)      Potential
    2.72165e+05    5.54492e+04   -5.82441e+06   -1.70991e+06   -7.20670e+06
 Pressure (bar)
    0.00000e+00

           Step           Time
           2614     2614.00000

           Step           Time
           2615     2615.00000

   Energies (kJ/mol)
           Bond       G96Angle        LJ (SR)   Coulomb (SR)      Potential
    2.72158e+05    5.54458e+04   -5.82443e+06   -1.70994e+06   -7.20677e+06
 Pressure (bar)
    0.00000e+00

           Step           Time
           2616     2616.00000

   Energies (kJ/mol)
           Bond       G96Angle        LJ (SR)   Coulomb (SR)      Potential
    2.72154e+05    5.54424e+04   -5.82444e+06   -1.70994e+06   -7.20679e+06
 Pressure (bar)
    0.00000e+00

           Step           Time
           2617     2617.00000

   Energies (kJ/mol)
           Bond       G96Angle        LJ (SR)   Coulomb (SR)      Potential
    2.72156e+05    5.54378e+04   -5.82446e+06   -1.70992e+06   -7.20679e+06
 Pressure (bar)
    0.00000e+00

           Step           Time
           2618     2618.00000

   Energies (kJ/mol)
           Bond       G96Angle        LJ (SR)   Coulomb (SR)      Potential
    2.72154e+05    5.54332e+04   -5.82450e+06   -1.70993e+06   -7.20684e+06
 Pressure (bar)
    0.00000e+00

           Step           Time
           2619     2619.00000

           Step           Time
           2620     2620.00000

   Energies (kJ/mol)
           Bond       G96Angle        LJ (SR)   Coulomb (SR)      Potential
    2.72151e+05    5.54303e+04   -5.82451e+06   -1.70999e+06   -7.20692e+06
 Pressure (bar)
    0.00000e+00

           Step           Time
           2621     2621.00000

   Energies (kJ/mol)
           Bond       G96Angle        LJ (SR)   Coulomb (SR)      Potential
    2.72151e+05    5.54263e+04   -5.82454e+06   -1.70997e+06   -7.20694e+06
 Pressure (bar)
    0.00000e+00

           Step           Time
           2622     2622.00000

   Energies (kJ/mol)
           Bond       G96Angle        LJ (SR)   Coulomb (SR)      Potential
    2.72145e+05    5.54219e+04   -5.82458e+06   -1.70994e+06   -7.20696e+06
 Pressure (bar)
    0.00000e+00

           Step           Time
           2623     2623.00000

   Energies (kJ/mol)
           Bond       G96Angle        LJ (SR)   Coulomb (SR)      Potential
    2.72143e+05    5.54174e+04   -5.82462e+06   -1.70994e+06   -7.20700e+06
 Pressure (bar)
    0.00000e+00

           Step           Time
           2624     2624.00000

   Energies (kJ/mol)
           Bond       G96Angle        LJ (SR)   Coulomb (SR)      Potential
    2.72128e+05    5.54106e+04   -5.82465e+06   -1.70990e+06   -7.20701e+06
 Pressure (bar)
    0.00000e+00

           Step           Time
           2625     2625.00000

   Energies (kJ/mol)
           Bond       G96Angle        LJ (SR)   Coulomb (SR)      Potential
    2.72131e+05    5.54042e+04   -5.82469e+06   -1.70990e+06   -7.20706e+06
 Pressure (bar)
    0.00000e+00

           Step           Time
           2626     2626.00000

           Step           Time
           2627     2627.00000

   Energies (kJ/mol)
           Bond       G96Angle        LJ (SR)   Coulomb (SR)      Potential
    2.72128e+05    5.53992e+04   -5.82472e+06   -1.70996e+06   -7.20715e+06
 Pressure (bar)
    0.00000e+00

           Step           Time
           2628     2628.00000

   Energies (kJ/mol)
           Bond       G96Angle        LJ (SR)   Coulomb (SR)      Potential
    2.72122e+05    5.53943e+04   -5.82478e+06   -1.70994e+06   -7.20720e+06
 Pressure (bar)
    0.00000e+00

           Step           Time
           2629     2629.00000

   Energies (kJ/mol)
           Bond       G96Angle        LJ (SR)   Coulomb (SR)      Potential
    2.72135e+05    5.53874e+04   -5.82483e+06   -1.70991e+06   -7.20722e+06
 Pressure (bar)
    0.00000e+00

           Step           Time
           2630     2630.00000

   Energies (kJ/mol)
           Bond       G96Angle        LJ (SR)   Coulomb (SR)      Potential
    2.72122e+05    5.53800e+04   -5.82487e+06   -1.70990e+06   -7.20726e+06
 Pressure (bar)
    0.00000e+00

           Step           Time
           2631     2631.00000

   Energies (kJ/mol)
           Bond       G96Angle        LJ (SR)   Coulomb (SR)      Potential
    2.72116e+05    5.53713e+04   -5.82494e+06   -1.70985e+06   -7.20731e+06
 Pressure (bar)
    0.00000e+00

           Step           Time
           2632     2632.00000

           Step           Time
           2633     2633.00000

   Energies (kJ/mol)
           Bond       G96Angle        LJ (SR)   Coulomb (SR)      Potential
    2.72114e+05    5.53653e+04   -5.82500e+06   -1.70996e+06   -7.20748e+06
 Pressure (bar)
    0.00000e+00

           Step           Time
           2634     2634.00000

   Energies (kJ/mol)
           Bond       G96Angle        LJ (SR)   Coulomb (SR)      Potential
    2.72105e+05    5.53588e+04   -5.82503e+06   -1.70995e+06   -7.20752e+06
 Pressure (bar)
    0.00000e+00

           Step           Time
           2635     2635.00000

   Energies (kJ/mol)
           Bond       G96Angle        LJ (SR)   Coulomb (SR)      Potential
    2.72107e+05    5.53512e+04   -5.82509e+06   -1.70993e+06   -7.20756e+06
 Pressure (bar)
    0.00000e+00

           Step           Time
           2636     2636.00000

   Energies (kJ/mol)
           Bond       G96Angle        LJ (SR)   Coulomb (SR)      Potential
    2.72090e+05    5.53426e+04   -5.82514e+06   -1.70988e+06   -7.20758e+06
 Pressure (bar)
    0.00000e+00

           Step           Time
           2637     2637.00000

   Energies (kJ/mol)
           Bond       G96Angle        LJ (SR)   Coulomb (SR)      Potential
    2.72096e+05    5.53341e+04   -5.82521e+06   -1.70988e+06   -7.20766e+06
 Pressure (bar)
    0.00000e+00

           Step           Time
           2638     2638.00000

           Step           Time
           2639     2639.00000

   Energies (kJ/mol)
           Bond       G96Angle        LJ (SR)   Coulomb (SR)      Potential
    2.72095e+05    5.53277e+04   -5.82526e+06   -1.71000e+06   -7.20784e+06
 Pressure (bar)
    0.00000e+00

           Step           Time
           2640     2640.00000

           Step           Time
           2641     2641.00000

   Energies (kJ/mol)
           Bond       G96Angle        LJ (SR)   Coulomb (SR)      Potential
    2.72096e+05    5.53231e+04   -5.82527e+06   -1.71007e+06   -7.20792e+06
 Pressure (bar)
    0.00000e+00

           Step           Time
           2642     2642.00000

   Energies (kJ/mol)
           Bond       G96Angle        LJ (SR)   Coulomb (SR)      Potential
    2.72087e+05    5.53193e+04   -5.82531e+06   -1.71008e+06   -7.20798e+06
 Pressure (bar)
    0.00000e+00

           Step           Time
           2643     2643.00000

           Step           Time
           2644     2644.00000

   Energies (kJ/mol)
           Bond       G96Angle        LJ (SR)   Coulomb (SR)      Potential
    2.72092e+05    5.53148e+04   -5.82532e+06   -1.71012e+06   -7.20803e+06
 Pressure (bar)
    0.00000e+00

           Step           Time
           2645     2645.00000

   Energies (kJ/mol)
           Bond       G96Angle        LJ (SR)   Coulomb (SR)      Potential
    2.72087e+05    5.53117e+04   -5.82533e+06   -1.71015e+06   -7.20808e+06
 Pressure (bar)
    0.00000e+00

           Step           Time
           2646     2646.00000

   Energies (kJ/mol)
           Bond       G96Angle        LJ (SR)   Coulomb (SR)      Potential
    2.72091e+05    5.53069e+04   -5.82537e+06   -1.71013e+06   -7.20810e+06
 Pressure (bar)
    0.00000e+00

           Step           Time
           2647     2647.00000

   Energies (kJ/mol)
           Bond       G96Angle        LJ (SR)   Coulomb (SR)      Potential
    2.72084e+05    5.53026e+04   -5.82539e+06   -1.71011e+06   -7.20812e+06
 Pressure (bar)
    0.00000e+00

           Step           Time
           2648     2648.00000

           Step           Time
           2649     2649.00000

   Energies (kJ/mol)
           Bond       G96Angle        LJ (SR)   Coulomb (SR)      Potential
    2.72078e+05    5.52990e+04   -5.82542e+06   -1.71016e+06   -7.20820e+06
 Pressure (bar)
    0.00000e+00

           Step           Time
           2650     2650.00000

   Energies (kJ/mol)
           Bond       G96Angle        LJ (SR)   Coulomb (SR)      Potential
    2.72081e+05    5.52953e+04   -5.82544e+06   -1.71015e+06   -7.20822e+06
 Pressure (bar)
    0.00000e+00

           Step           Time
           2651     2651.00000

   Energies (kJ/mol)
           Bond       G96Angle        LJ (SR)   Coulomb (SR)      Potential
    2.72076e+05    5.52907e+04   -5.82548e+06   -1.71013e+06   -7.20824e+06
 Pressure (bar)
    0.00000e+00

           Step           Time
           2652     2652.00000

   Energies (kJ/mol)
           Bond       G96Angle        LJ (SR)   Coulomb (SR)      Potential
    2.72072e+05    5.52851e+04   -5.82551e+06   -1.71011e+06   -7.20826e+06
 Pressure (bar)
    0.00000e+00

           Step           Time
           2653     2653.00000

   Energies (kJ/mol)
           Bond       G96Angle        LJ (SR)   Coulomb (SR)      Potential
    2.72072e+05    5.52788e+04   -5.82555e+06   -1.71009e+06   -7.20829e+06
 Pressure (bar)
    0.00000e+00

           Step           Time
           2654     2654.00000

   Energies (kJ/mol)
           Bond       G96Angle        LJ (SR)   Coulomb (SR)      Potential
    2.72058e+05    5.52717e+04   -5.82562e+06   -1.71006e+06   -7.20835e+06
 Pressure (bar)
    0.00000e+00

           Step           Time
           2655     2655.00000

           Step           Time
           2656     2656.00000

   Energies (kJ/mol)
           Bond       G96Angle        LJ (SR)   Coulomb (SR)      Potential
    2.72059e+05    5.52669e+04   -5.82566e+06   -1.71014e+06   -7.20848e+06
 Pressure (bar)
    0.00000e+00

           Step           Time
           2657     2657.00000

   Energies (kJ/mol)
           Bond       G96Angle        LJ (SR)   Coulomb (SR)      Potential
    2.72055e+05    5.52607e+04   -5.82569e+06   -1.71015e+06   -7.20852e+06
 Pressure (bar)
    0.00000e+00

           Step           Time
           2658     2658.00000

           Step           Time
           2659     2659.00000

   Energies (kJ/mol)
           Bond       G96Angle        LJ (SR)   Coulomb (SR)      Potential
    2.72055e+05    5.52573e+04   -5.82572e+06   -1.71021e+06   -7.20861e+06
 Pressure (bar)
    0.00000e+00

           Step           Time
           2660     2660.00000

   Energies (kJ/mol)
           Bond       G96Angle        LJ (SR)   Coulomb (SR)      Potential
    2.72052e+05    5.52525e+04   -5.82574e+06   -1.71020e+06   -7.20863e+06
 Pressure (bar)
    0.00000e+00

           Step           Time
           2661     2661.00000

   Energies (kJ/mol)
           Bond       G96Angle        LJ (SR)   Coulomb (SR)      Potential
    2.72055e+05    5.52477e+04   -5.82577e+06   -1.71018e+06   -7.20865e+06
 Pressure (bar)
    0.00000e+00

           Step           Time
           2662     2662.00000

   Energies (kJ/mol)
           Bond       G96Angle        LJ (SR)   Coulomb (SR)      Potential
    2.72052e+05    5.52422e+04   -5.82581e+06   -1.71019e+06   -7.20871e+06
 Pressure (bar)
    0.00000e+00

           Step           Time
           2663     2663.00000

   Energies (kJ/mol)
           Bond       G96Angle        LJ (SR)   Coulomb (SR)      Potential
    2.72046e+05    5.52355e+04   -5.82587e+06   -1.71012e+06   -7.20871e+06
 Pressure (bar)
    0.00000e+00

           Step           Time
           2664     2664.00000

   Energies (kJ/mol)
           Bond       G96Angle        LJ (SR)   Coulomb (SR)      Potential
    2.72034e+05    5.52276e+04   -5.82591e+06   -1.71010e+06   -7.20875e+06
 Pressure (bar)
    0.00000e+00

           Step           Time
           2665     2665.00000

   Energies (kJ/mol)
           Bond       G96Angle        LJ (SR)   Coulomb (SR)      Potential
    2.72024e+05    5.52187e+04   -5.82598e+06   -1.71003e+06   -7.20876e+06
 Pressure (bar)
    0.00000e+00

           Step           Time
           2666     2666.00000

   Energies (kJ/mol)
           Bond       G96Angle        LJ (SR)   Coulomb (SR)      Potential
    2.72028e+05    5.52067e+04   -5.82604e+06   -1.70997e+06   -7.20878e+06
 Pressure (bar)
    0.00000e+00

           Step           Time
           2667     2667.00000

   Energies (kJ/mol)
           Bond       G96Angle        LJ (SR)   Coulomb (SR)      Potential
    2.72003e+05    5.51950e+04   -5.82613e+06   -1.70992e+06   -7.20886e+06
 Pressure (bar)
    0.00000e+00

           Step           Time
           2668     2668.00000

           Step           Time
           2669     2669.00000

   Energies (kJ/mol)
           Bond       G96Angle        LJ (SR)   Coulomb (SR)      Potential
    2.71994e+05    5.51871e+04   -5.82620e+06   -1.71009e+06   -7.20911e+06
 Pressure (bar)
    0.00000e+00

           Step           Time
           2670     2670.00000

   Energies (kJ/mol)
           Bond       G96Angle        LJ (SR)   Coulomb (SR)      Potential
    2.72002e+05    5.51772e+04   -5.82624e+06   -1.71011e+06   -7.20916e+06
 Pressure (bar)
    0.00000e+00

           Step           Time
           2671     2671.00000

           Step           Time
           2672     2672.00000

   Energies (kJ/mol)
           Bond       G96Angle        LJ (SR)   Coulomb (SR)      Potential
    2.71994e+05    5.51710e+04   -5.82629e+06   -1.71021e+06   -7.20933e+06
 Pressure (bar)
    0.00000e+00

           Step           Time
           2673     2673.00000

   Energies (kJ/mol)
           Bond       G96Angle        LJ (SR)   Coulomb (SR)      Potential
    2.71995e+05    5.51635e+04   -5.82633e+06   -1.71022e+06   -7.20939e+06
 Pressure (bar)
    0.00000e+00

           Step           Time
           2674     2674.00000

           Step           Time
           2675     2675.00000

   Energies (kJ/mol)
           Bond       G96Angle        LJ (SR)   Coulomb (SR)      Potential
    2.71984e+05    5.51591e+04   -5.82636e+06   -1.71027e+06   -7.20949e+06
 Pressure (bar)
    0.00000e+00

           Step           Time
           2676     2676.00000

   Energies (kJ/mol)
           Bond       G96Angle        LJ (SR)   Coulomb (SR)      Potential
    2.71987e+05    5.51538e+04   -5.82640e+06   -1.71030e+06   -7.20956e+06
 Pressure (bar)
    0.00000e+00

           Step           Time
           2677     2677.00000

   Energies (kJ/mol)
           Bond       G96Angle        LJ (SR)   Coulomb (SR)      Potential
    2.71979e+05    5.51475e+04   -5.82642e+06   -1.71028e+06   -7.20958e+06
 Pressure (bar)
    0.00000e+00

           Step           Time
           2678     2678.00000

   Energies (kJ/mol)
           Bond       G96Angle        LJ (SR)   Coulomb (SR)      Potential
    2.71983e+05    5.51418e+04   -5.82648e+06   -1.71028e+06   -7.20964e+06
 Pressure (bar)
    0.00000e+00

           Step           Time
           2679     2679.00000

           Step           Time
           2680     2680.00000

   Energies (kJ/mol)
           Bond       G96Angle        LJ (SR)   Coulomb (SR)      Potential
    2.71973e+05    5.51370e+04   -5.82651e+06   -1.71033e+06   -7.20972e+06
 Pressure (bar)
    0.00000e+00

           Step           Time
           2681     2681.00000

   Energies (kJ/mol)
           Bond       G96Angle        LJ (SR)   Coulomb (SR)      Potential
    2.71968e+05    5.51323e+04   -5.82655e+06   -1.71033e+06   -7.20978e+06
 Pressure (bar)
    0.00000e+00

           Step           Time
           2682     2682.00000

           Step           Time
           2683     2683.00000

   Energies (kJ/mol)
           Bond       G96Angle        LJ (SR)   Coulomb (SR)      Potential
    2.71973e+05    5.51292e+04   -5.82658e+06   -1.71040e+06   -7.20987e+06
 Pressure (bar)
    0.00000e+00

           Step           Time
           2684     2684.00000

           Step           Time
           2685     2685.00000

   Energies (kJ/mol)
           Bond       G96Angle        LJ (SR)   Coulomb (SR)      Potential
    2.71970e+05    5.51268e+04   -5.82658e+06   -1.71042e+06   -7.20990e+06
 Pressure (bar)
    0.00000e+00

           Step           Time
           2686     2686.00000

   Energies (kJ/mol)
           Bond       G96Angle        LJ (SR)   Coulomb (SR)      Potential
    2.71970e+05    5.51236e+04   -5.82661e+06   -1.71041e+06   -7.20992e+06
 Pressure (bar)
    0.00000e+00

           Step           Time
           2687     2687.00000

   Energies (kJ/mol)
           Bond       G96Angle        LJ (SR)   Coulomb (SR)      Potential
    2.71968e+05    5.51211e+04   -5.82662e+06   -1.71043e+06   -7.20996e+06
 Pressure (bar)
    0.00000e+00

           Step           Time
           2688     2688.00000

           Step           Time
           2689     2689.00000

   Energies (kJ/mol)
           Bond       G96Angle        LJ (SR)   Coulomb (SR)      Potential
    2.71967e+05    5.51195e+04   -5.82662e+06   -1.71046e+06   -7.20999e+06
 Pressure (bar)
    0.00000e+00

           Step           Time
           2690     2690.00000

   Energies (kJ/mol)
           Bond       G96Angle        LJ (SR)   Coulomb (SR)      Potential
    2.71968e+05    5.51167e+04   -5.82664e+06   -1.71045e+06   -7.21000e+06
 Pressure (bar)
    0.00000e+00

           Step           Time
           2691     2691.00000

   Energies (kJ/mol)
           Bond       G96Angle        LJ (SR)   Coulomb (SR)      Potential
    2.71967e+05    5.51148e+04   -5.82664e+06   -1.71046e+06   -7.21002e+06
 Pressure (bar)
    0.00000e+00

           Step           Time
           2692     2692.00000

   Energies (kJ/mol)
           Bond       G96Angle        LJ (SR)   Coulomb (SR)      Potential
    2.71964e+05    5.51117e+04   -5.82668e+06   -1.71044e+06   -7.21004e+06
 Pressure (bar)
    0.00000e+00

           Step           Time
           2693     2693.00000

           Step           Time
           2694     2694.00000

   Energies (kJ/mol)
           Bond       G96Angle        LJ (SR)   Coulomb (SR)      Potential
    2.71962e+05    5.51099e+04   -5.82668e+06   -1.71048e+06   -7.21009e+06
 Pressure (bar)
    0.00000e+00

           Step           Time
           2695     2695.00000

   Energies (kJ/mol)
           Bond       G96Angle        LJ (SR)   Coulomb (SR)      Potential
    2.71964e+05    5.51076e+04   -5.82671e+06   -1.71048e+06   -7.21011e+06
 Pressure (bar)
    0.00000e+00

           Step           Time
           2696     2696.00000

   Energies (kJ/mol)
           Bond       G96Angle        LJ (SR)   Coulomb (SR)      Potential
    2.71959e+05    5.51051e+04   -5.82672e+06   -1.71047e+06   -7.21012e+06
 Pressure (bar)
    0.00000e+00

           Step           Time
           2697     2697.00000

   Energies (kJ/mol)
           Bond       G96Angle        LJ (SR)   Coulomb (SR)      Potential
    2.71957e+05    5.51018e+04   -5.82674e+06   -1.71045e+06   -7.21013e+06
 Pressure (bar)
    0.00000e+00

           Step           Time
           2698     2698.00000

   Energies (kJ/mol)
           Bond       G96Angle        LJ (SR)   Coulomb (SR)      Potential
    2.71955e+05    5.50991e+04   -5.82676e+06   -1.71044e+06   -7.21015e+06
 Pressure (bar)
    0.00000e+00

           Step           Time
           2699     2699.00000

           Step           Time
           2700     2700.00000

   Energies (kJ/mol)
           Bond       G96Angle        LJ (SR)   Coulomb (SR)      Potential
    2.71956e+05    5.50962e+04   -5.82678e+06   -1.71048e+06   -7.21021e+06
 Pressure (bar)
    0.00000e+00

           Step           Time
           2701     2701.00000

   Energies (kJ/mol)
           Bond       G96Angle        LJ (SR)   Coulomb (SR)      Potential
    2.71953e+05    5.50938e+04   -5.82679e+06   -1.71049e+06   -7.21023e+06
 Pressure (bar)
    0.00000e+00

           Step           Time
           2702     2702.00000

   Energies (kJ/mol)
           Bond       G96Angle        LJ (SR)   Coulomb (SR)      Potential
    2.71953e+05    5.50908e+04   -5.82682e+06   -1.71046e+06   -7.21024e+06
 Pressure (bar)
    0.00000e+00

           Step           Time
           2703     2703.00000

   Energies (kJ/mol)
           Bond       G96Angle        LJ (SR)   Coulomb (SR)      Potential
    2.71949e+05    5.50871e+04   -5.82684e+06   -1.71046e+06   -7.21026e+06
 Pressure (bar)
    0.00000e+00

           Step           Time
           2704     2704.00000

   Energies (kJ/mol)
           Bond       G96Angle        LJ (SR)   Coulomb (SR)      Potential
    2.71944e+05    5.50830e+04   -5.82686e+06   -1.71043e+06   -7.21027e+06
 Pressure (bar)
    0.00000e+00

           Step           Time
           2705     2705.00000

   Energies (kJ/mol)
           Bond       G96Angle        LJ (SR)   Coulomb (SR)      Potential
    2.71944e+05    5.50783e+04   -5.82692e+06   -1.71040e+06   -7.21029e+06
 Pressure (bar)
    0.00000e+00

           Step           Time
           2706     2706.00000

   Energies (kJ/mol)
           Bond       G96Angle        LJ (SR)   Coulomb (SR)      Potential
    2.71944e+05    5.50714e+04   -5.82697e+06   -1.71037e+06   -7.21033e+06
 Pressure (bar)
    0.00000e+00

           Step           Time
           2707     2707.00000

           Step           Time
           2708     2708.00000

   Energies (kJ/mol)
           Bond       G96Angle        LJ (SR)   Coulomb (SR)      Potential
    2.71934e+05    5.50679e+04   -5.82700e+06   -1.71045e+06   -7.21044e+06
 Pressure (bar)
    0.00000e+00

           Step           Time
           2709     2709.00000

   Energies (kJ/mol)
           Bond       G96Angle        LJ (SR)   Coulomb (SR)      Potential
    2.71940e+05    5.50639e+04   -5.82701e+06   -1.71046e+06   -7.21047e+06
 Pressure (bar)
    0.00000e+00

           Step           Time
           2710     2710.00000

   Energies (kJ/mol)
           Bond       G96Angle        LJ (SR)   Coulomb (SR)      Potential
    2.71929e+05    5.50578e+04   -5.82706e+06   -1.71042e+06   -7.21049e+06
 Pressure (bar)
    0.00000e+00

           Step           Time
           2711     2711.00000

   Energies (kJ/mol)
           Bond       G96Angle        LJ (SR)   Coulomb (SR)      Potential
    2.71920e+05    5.50527e+04   -5.82709e+06   -1.71041e+06   -7.21052e+06
 Pressure (bar)
    0.00000e+00

           Step           Time
           2712     2712.00000

           Step           Time
           2713     2713.00000

   Energies (kJ/mol)
           Bond       G96Angle        LJ (SR)   Coulomb (SR)      Potential
    2.71917e+05    5.50487e+04   -5.82712e+06   -1.71046e+06   -7.21062e+06
 Pressure (bar)
    0.00000e+00

           Step           Time
           2714     2714.00000

   Energies (kJ/mol)
           Bond       G96Angle        LJ (SR)   Coulomb (SR)      Potential
    2.71920e+05    5.50437e+04   -5.82713e+06   -1.71047e+06   -7.21063e+06
 Pressure (bar)
    0.00000e+00

           Step           Time
           2715     2715.00000

           Step           Time
           2716     2716.00000

   Energies (kJ/mol)
           Bond       G96Angle        LJ (SR)   Coulomb (SR)      Potential
    2.71917e+05    5.50410e+04   -5.82714e+06   -1.71052e+06   -7.21070e+06
 Pressure (bar)
    0.00000e+00

           Step           Time
           2717     2717.00000

   Energies (kJ/mol)
           Bond       G96Angle        LJ (SR)   Coulomb (SR)      Potential
    2.71915e+05    5.50371e+04   -5.82716e+06   -1.71051e+06   -7.21072e+06
 Pressure (bar)
    0.00000e+00

           Step           Time
           2718     2718.00000

   Energies (kJ/mol)
           Bond       G96Angle        LJ (SR)   Coulomb (SR)      Potential
    2.71912e+05    5.50329e+04   -5.82720e+06   -1.71049e+06   -7.21074e+06
 Pressure (bar)
    0.00000e+00

           Step           Time
           2719     2719.00000

   Energies (kJ/mol)
           Bond       G96Angle        LJ (SR)   Coulomb (SR)      Potential
    2.71918e+05    5.50276e+04   -5.82722e+06   -1.71047e+06   -7.21075e+06
 Pressure (bar)
    0.00000e+00

           Step           Time
           2720     2720.00000

   Energies (kJ/mol)
           Bond       G96Angle        LJ (SR)   Coulomb (SR)      Potential
    2.71906e+05    5.50224e+04   -5.82728e+06   -1.71046e+06   -7.21081e+06
 Pressure (bar)
    0.00000e+00

           Step           Time
           2721     2721.00000

           Step           Time
           2722     2722.00000

   Energies (kJ/mol)
           Bond       G96Angle        LJ (SR)   Coulomb (SR)      Potential
    2.71906e+05    5.50186e+04   -5.82731e+06   -1.71053e+06   -7.21091e+06
 Pressure (bar)
    0.00000e+00

           Step           Time
           2723     2723.00000

   Energies (kJ/mol)
           Bond       G96Angle        LJ (SR)   Coulomb (SR)      Potential
    2.71903e+05    5.50142e+04   -5.82735e+06   -1.71051e+06   -7.21094e+06
 Pressure (bar)
    0.00000e+00

           Step           Time
           2724     2724.00000

   Energies (kJ/mol)
           Bond       G96Angle        LJ (SR)   Coulomb (SR)      Potential
    2.71900e+05    5.50087e+04   -5.82737e+06   -1.71051e+06   -7.21098e+06
 Pressure (bar)
    0.00000e+00

           Step           Time
           2725     2725.00000

   Energies (kJ/mol)
           Bond       G96Angle        LJ (SR)   Coulomb (SR)      Potential
    2.71901e+05    5.50029e+04   -5.82743e+06   -1.71046e+06   -7.21099e+06
 Pressure (bar)
    0.00000e+00

           Step           Time
           2726     2726.00000

   Energies (kJ/mol)
           Bond       G96Angle        LJ (SR)   Coulomb (SR)      Potential
    2.71894e+05    5.49957e+04   -5.82746e+06   -1.71043e+06   -7.21100e+06
 Pressure (bar)
    0.00000e+00

           Step           Time
           2727     2727.00000

   Energies (kJ/mol)
           Bond       G96Angle        LJ (SR)   Coulomb (SR)      Potential
    2.71889e+05    5.49886e+04   -5.82750e+06   -1.71045e+06   -7.21107e+06
 Pressure (bar)
    0.00000e+00

           Step           Time
           2728     2728.00000

           Step           Time
           2729     2729.00000

   Energies (kJ/mol)
           Bond       G96Angle        LJ (SR)   Coulomb (SR)      Potential
    2.71883e+05    5.49839e+04   -5.82757e+06   -1.71051e+06   -7.21121e+06
 Pressure (bar)
    0.00000e+00

           Step           Time
           2730     2730.00000

   Energies (kJ/mol)
           Bond       G96Angle        LJ (SR)   Coulomb (SR)      Potential
    2.71886e+05    5.49779e+04   -5.82759e+06   -1.71053e+06   -7.21125e+06
 Pressure (bar)
    0.00000e+00

           Step           Time
           2731     2731.00000

           Step           Time
           2732     2732.00000

   Energies (kJ/mol)
           Bond       G96Angle        LJ (SR)   Coulomb (SR)      Potential
    2.71880e+05    5.49746e+04   -5.82762e+06   -1.71059e+06   -7.21136e+06
 Pressure (bar)
    0.00000e+00

           Step           Time
           2733     2733.00000

           Step           Time
           2734     2734.00000

   Energies (kJ/mol)
           Bond       G96Angle        LJ (SR)   Coulomb (SR)      Potential
    2.71877e+05    5.49720e+04   -5.82764e+06   -1.71062e+06   -7.21141e+06
 Pressure (bar)
    0.00000e+00

           Step           Time
           2735     2735.00000

   Energies (kJ/mol)
           Bond       G96Angle        LJ (SR)   Coulomb (SR)      Potential
    2.71876e+05    5.49690e+04   -5.82765e+06   -1.71062e+06   -7.21142e+06
 Pressure (bar)
    0.00000e+00

           Step           Time
           2736     2736.00000

   Energies (kJ/mol)
           Bond       G96Angle        LJ (SR)   Coulomb (SR)      Potential
    2.71879e+05    5.49654e+04   -5.82767e+06   -1.71062e+06   -7.21145e+06
 Pressure (bar)
    0.00000e+00

           Step           Time
           2737     2737.00000

           Step           Time
           2738     2738.00000

   Energies (kJ/mol)
           Bond       G96Angle        LJ (SR)   Coulomb (SR)      Potential
    2.71875e+05    5.49633e+04   -5.82768e+06   -1.71065e+06   -7.21149e+06
 Pressure (bar)
    0.00000e+00

           Step           Time
           2739     2739.00000

   Energies (kJ/mol)
           Bond       G96Angle        LJ (SR)   Coulomb (SR)      Potential
    2.71872e+05    5.49609e+04   -5.82770e+06   -1.71066e+06   -7.21152e+06
 Pressure (bar)
    0.00000e+00

           Step           Time
           2740     2740.00000

           Step           Time
           2741     2741.00000

   Energies (kJ/mol)
           Bond       G96Angle        LJ (SR)   Coulomb (SR)      Potential
    2.71871e+05    5.49593e+04   -5.82771e+06   -1.71068e+06   -7.21156e+06
 Pressure (bar)
    0.00000e+00

           Step           Time
           2742     2742.00000

   Energies (kJ/mol)
           Bond       G96Angle        LJ (SR)   Coulomb (SR)      Potential
    2.71870e+05    5.49574e+04   -5.82771e+06   -1.71069e+06   -7.21157e+06
 Pressure (bar)
    0.00000e+00

           Step           Time
           2743     2743.00000

           Step           Time
           2744     2744.00000

   Energies (kJ/mol)
           Bond       G96Angle        LJ (SR)   Coulomb (SR)      Potential
    2.71873e+05    5.49563e+04   -5.82771e+06   -1.71071e+06   -7.21159e+06
 Pressure (bar)
    0.00000e+00

           Step           Time
           2745     2745.00000

   Energies (kJ/mol)
           Bond       G96Angle        LJ (SR)   Coulomb (SR)      Potential
    2.71869e+05    5.49549e+04   -5.82773e+06   -1.71070e+06   -7.21160e+06
 Pressure (bar)
    0.00000e+00

           Step           Time
           2746     2746.00000

           Step           Time
           2747     2747.00000

   Energies (kJ/mol)
           Bond       G96Angle        LJ (SR)   Coulomb (SR)      Potential
    2.71869e+05    5.49542e+04   -5.82772e+06   -1.71072e+06   -7.21162e+06
 Pressure (bar)
    0.00000e+00

           Step           Time
           2748     2748.00000

           Step           Time
           2749     2749.00000

   Energies (kJ/mol)
           Bond       G96Angle        LJ (SR)   Coulomb (SR)      Potential
    2.71868e+05    5.49536e+04   -5.82773e+06   -1.71073e+06   -7.21164e+06
 Pressure (bar)
    0.00000e+00

           Step           Time
           2750     2750.00000

           Step           Time
           2751     2751.00000

   Energies (kJ/mol)
           Bond       G96Angle        LJ (SR)   Coulomb (SR)      Potential
    2.71869e+05    5.49532e+04   -5.82772e+06   -1.71074e+06   -7.21164e+06
 Pressure (bar)
    0.00000e+00

           Step           Time
           2752     2752.00000

   Energies (kJ/mol)
           Bond       G96Angle        LJ (SR)   Coulomb (SR)      Potential
    2.71870e+05    5.49527e+04   -5.82773e+06   -1.71074e+06   -7.21165e+06
 Pressure (bar)
    0.00000e+00

           Step           Time
           2753     2753.00000

   Energies (kJ/mol)
           Bond       G96Angle        LJ (SR)   Coulomb (SR)      Potential
    2.71870e+05    5.49522e+04   -5.82774e+06   -1.71074e+06   -7.21166e+06
 Pressure (bar)
    0.00000e+00

           Step           Time
           2754     2754.00000

           Step           Time
           2755     2755.00000

   Energies (kJ/mol)
           Bond       G96Angle        LJ (SR)   Coulomb (SR)      Potential
    2.71870e+05    5.49520e+04   -5.82773e+06   -1.71074e+06   -7.21166e+06
 Pressure (bar)
    0.00000e+00

           Step           Time
           2756     2756.00000

   Energies (kJ/mol)
           Bond       G96Angle        LJ (SR)   Coulomb (SR)      Potential
    2.71870e+05    5.49518e+04   -5.82774e+06   -1.71075e+06   -7.21166e+06
 Pressure (bar)
    0.00000e+00

           Step           Time
           2757     2757.00000

   Energies (kJ/mol)
           Bond       G96Angle        LJ (SR)   Coulomb (SR)      Potential
    2.71871e+05    5.49514e+04   -5.82774e+06   -1.71075e+06   -7.21166e+06
 Pressure (bar)
    0.00000e+00

           Step           Time
           2758     2758.00000

           Step           Time
           2759     2759.00000

   Energies (kJ/mol)
           Bond       G96Angle        LJ (SR)   Coulomb (SR)      Potential
    2.71870e+05    5.49511e+04   -5.82774e+06   -1.71075e+06   -7.21167e+06
 Pressure (bar)
    0.00000e+00

           Step           Time
           2760     2760.00000

   Energies (kJ/mol)
           Bond       G96Angle        LJ (SR)   Coulomb (SR)      Potential
    2.71869e+05    5.49508e+04   -5.82774e+06   -1.71075e+06   -7.21167e+06
 Pressure (bar)
    0.00000e+00

           Step           Time
           2761     2761.00000

           Step           Time
           2762     2762.00000

   Energies (kJ/mol)
           Bond       G96Angle        LJ (SR)   Coulomb (SR)      Potential
    2.71869e+05    5.49506e+04   -5.82774e+06   -1.71075e+06   -7.21168e+06
 Pressure (bar)
    0.00000e+00

           Step           Time
           2763     2763.00000

           Step           Time
           2764     2764.00000

           Step           Time
           2765     2765.00000

           Step           Time
           2766     2766.00000

           Step           Time
           2767     2767.00000

           Step           Time
           2768     2768.00000


Energy minimization has stopped, but the forces have not converged to the
requested precision Fmax < 10 (which may not be possible for your system). It
stopped because the algorithm tried to make a new step whose size was too
small, or there was no change in the energy since last step. Either way, we
regard the minimization as converged to within the available machine
precision, given your starting configuration and EM parameters.

Double precision normally gives you higher accuracy, but this is often not
needed for preparing to run molecular dynamics.

Steepest Descents converged to machine precision in 2769 steps,
but did not reach the requested Fmax < 10.
Potential Energy  = -7.2116770e+06
Maximum force     =  2.7771454e+02 on atom 19032
Norm of force     =  1.4207536e+01

	M E G A - F L O P S   A C C O U N T I N G

 NB=Group-cutoff nonbonded kernels    NxN=N-by-N cluster Verlet kernels
 RF=Reaction-Field  VdW=Van der Waals  QSTab=quadratic-spline table
 W3=SPC/TIP3p  W4=TIP4p (single or pairs)
 V&F=Potential and force  V=Potential only  F=Force only

 Computing:                               M-Number         M-Flops  % Flops
-----------------------------------------------------------------------------
 Pair Search distance check           66234.064406      596106.580    17.0
 NxN RF Elec. + LJ [V&F]               8538.977152      461104.766    13.1
 NxN LJ [V&F]                         55903.014144     2403829.608    68.5
 NxN RF Electrostatics [V&F]             12.343296         444.359     0.0
 Shift-X                                668.785494        4012.713     0.1
 Bonds                                  195.771069       11550.493     0.3
 Angles                                 130.497432       21923.569     0.6
 Virial                                 668.910099       12040.382     0.3
-----------------------------------------------------------------------------
 Total                                                 3511012.469   100.0
-----------------------------------------------------------------------------


     R E A L   C Y C L E   A N D   T I M E   A C C O U N T I N G

On 1 MPI rank

 Computing:          Num   Num      Call    Wall time         Giga-Cycles
                     Ranks Threads  Count      (s)         total sum    %
-----------------------------------------------------------------------------
 Neighbor search        1    1       2769     101.262        424.303  32.7
 Force                  1    1       2769      47.586        199.392  15.4
 NB X/F buffer ops.     1    1       2769       1.990          8.338   0.6
 Rest                                         158.655        664.784  51.3
-----------------------------------------------------------------------------
 Total                                        309.493       1296.817 100.0
-----------------------------------------------------------------------------

NOTE: 33 % of the run time was spent in pair search,
      you might want to increase nstlist (this has no effect on accuracy)


               Core t (s)   Wall t (s)        (%)
       Time:      309.493      309.493      100.0
               (steps/hour)
Performance:        32208.8
Finished mdrun on rank 0 Wed Sep 20 19:05:58 2023
