Log file opened on Mon Oct  2 10:20:45 2023
Host: halc035.amarel.rutgers.edu  pid: 230553  rank ID: 0  number of ranks:  1
                      :-) GROMACS - gmx mdrun, 2016.1 (-:

                            GROMACS is written by:
     Emile Apol      Rossen Apostolov  Herman J.C. Berendsen    Par Bjelkmar   
 Aldert van Buuren   Rudi van Drunen     Anton Feenstra    Gerrit Groenhof  
 Christoph Junghans   Anca Hamuraru    Vincent Hindriksen Dimitrios Karkoulis
    Peter Kasson        Jiri Kraus      Carsten Kutzner      Per Larsson    
  Justin A. Lemkul   Magnus Lundborg   Pieter Meulenhoff    Erik Marklund   
   Teemu Murtola       Szilard Pall       Sander Pronk      Roland Schulz   
  Alexey Shvetsov     Michael Shirts     Alfons Sijbers     Peter Tieleman  
  Teemu Virolainen  Christian Wennberg    Maarten Wolf   
                           and the project leaders:
        Mark Abraham, Berk Hess, Erik Lindahl, and David van der Spoel

Copyright (c) 1991-2000, University of Groningen, The Netherlands.
Copyright (c) 2001-2015, The GROMACS development team at
Uppsala University, Stockholm University and
the Royal Institute of Technology, Sweden.
check out http://www.gromacs.org for more information.

GROMACS is free software; you can redistribute it and/or modify it
under the terms of the GNU Lesser General Public License
as published by the Free Software Foundation; either version 2.1
of the License, or (at your option) any later version.

GROMACS:      gmx mdrun, version 2016.1
Executable:   /opt/sw/packages/intel-17.0.1/mvapich2-2.2/gromacs/2016.1/bin/gmx_mpi
Data prefix:  /opt/sw/packages/intel-17.0.1/mvapich2-2.2/gromacs/2016.1
Working dir:  /scratch/jje63/heat_lig_multinano/Soft_Sphere_5/Icosanethiol
Command line:
  gmx_mpi mdrun -ntomp 1 -deffnm em -v

GROMACS version:    2016.1
Precision:          single
Memory model:       64 bit
MPI library:        MPI
OpenMP support:     enabled (GMX_OPENMP_MAX_THREADS = 32)
GPU support:        disabled
SIMD instructions:  AVX_256
FFT library:        Intel MKL
RDTSCP usage:       enabled
TNG support:        enabled
Hwloc support:      disabled
Tracing support:    disabled
Built on:           Wed Nov 23 15:27:26 EST 2016
Built by:           novosirj@perceval2.hpc.rutgers.edu [CMAKE]
Build OS/arch:      Linux 3.10.0-229.20.1.el7.x86_64 x86_64
Build CPU vendor:   Intel
Build CPU brand:    Intel(R) Xeon(R) CPU E5-2650 v3 @ 2.30GHz
Build CPU family:   6   Model: 63   Stepping: 2
Build CPU features: aes apic avx avx2 clfsh cmov cx8 cx16 f16c fma htt lahf mmx msr nonstop_tsc pcid pclmuldq pdcm pdpe1gb popcnt pse rdrnd rdtscp sse2 sse3 sse4.1 sse4.2 ssse3 tdt x2apic
C compiler:         /opt/sw/packages/intel/17.0.1/compilers_and_libraries/linux/bin/intel64/icc Intel 17.0.0.20161005
C compiler flags:    -mavx   -mkl=sequential  -std=gnu99  -O3 -DNDEBUG -ip -funroll-all-loops -alias-const -ansi-alias  
C++ compiler:       /opt/sw/packages/intel/17.0.1/compilers_and_libraries/linux/bin/intel64/icpc Intel 17.0.0.20161005
C++ compiler flags:  -mavx    -std=c++0x   -O3 -DNDEBUG -ip -funroll-all-loops -alias-const -ansi-alias  


Running on 1 node with total 32 cores, 32 logical cores
Hardware detected on host halc035.amarel.rutgers.edu (the node of MPI rank 0):
  CPU info:
    Vendor: Intel
    Brand:  Intel(R) Xeon(R) Gold 6130 CPU @ 2.10GHz
    Family: 6   Model: 85   Stepping: 4
    Features: aes apic avx avx2 avx512f avx512cd avx512bw avx512vl clfsh cmov cx8 cx16 f16c fma hle htt lahf mmx msr nonstop_tsc pcid pclmuldq pdcm pdpe1gb popcnt pse rdrnd rdtscp rtm sse2 sse3 sse4.1 sse4.2 ssse3 tdt x2apic
    SIMD instructions most likely to fit this hardware: AVX_512
    SIMD instructions selected at GROMACS compile time: AVX_256

  Hardware topology: Basic
    Sockets, cores, and logical processors:
      Socket  0: [   0] [   4] [   8] [  12] [  14] [  10] [   6] [   2] [  16] [  20] [  24] [  28] [  30] [  26] [  22] [  18]
      Socket  1: [   1] [   5] [   9] [  13] [  15] [  11] [   7] [   3] [  17] [  21] [  25] [  29] [  31] [  27] [  23] [  19]


Binary not matching hardware - you might be losing performance.
SIMD instructions most likely to fit this hardware: AVX_512
SIMD instructions selected at GROMACS compile time: AVX_256


++++ PLEASE READ AND CITE THE FOLLOWING REFERENCE ++++
M. J. Abraham, T. Murtola, R. Schulz, S. Páll, J. C. Smith, B. Hess, E.
Lindahl
GROMACS: High performance molecular simulations through multi-level
parallelism from laptops to supercomputers
SoftwareX 1 (2015) pp. 19-25
-------- -------- --- Thank You --- -------- --------


++++ PLEASE READ AND CITE THE FOLLOWING REFERENCE ++++
S. Páll, M. J. Abraham, C. Kutzner, B. Hess, E. Lindahl
Tackling Exascale Software Challenges in Molecular Dynamics Simulations with
GROMACS
In S. Markidis & E. Laure (Eds.), Solving Software Challenges for Exascale 8759 (2015) pp. 3-27
-------- -------- --- Thank You --- -------- --------


++++ PLEASE READ AND CITE THE FOLLOWING REFERENCE ++++
S. Pronk, S. Páll, R. Schulz, P. Larsson, P. Bjelkmar, R. Apostolov, M. R.
Shirts, J. C. Smith, P. M. Kasson, D. van der Spoel, B. Hess, and E. Lindahl
GROMACS 4.5: a high-throughput and highly parallel open source molecular
simulation toolkit
Bioinformatics 29 (2013) pp. 845-54
-------- -------- --- Thank You --- -------- --------


++++ PLEASE READ AND CITE THE FOLLOWING REFERENCE ++++
B. Hess and C. Kutzner and D. van der Spoel and E. Lindahl
GROMACS 4: Algorithms for highly efficient, load-balanced, and scalable
molecular simulation
J. Chem. Theory Comput. 4 (2008) pp. 435-447
-------- -------- --- Thank You --- -------- --------


++++ PLEASE READ AND CITE THE FOLLOWING REFERENCE ++++
D. van der Spoel, E. Lindahl, B. Hess, G. Groenhof, A. E. Mark and H. J. C.
Berendsen
GROMACS: Fast, Flexible and Free
J. Comp. Chem. 26 (2005) pp. 1701-1719
-------- -------- --- Thank You --- -------- --------


++++ PLEASE READ AND CITE THE FOLLOWING REFERENCE ++++
E. Lindahl and B. Hess and D. van der Spoel
GROMACS 3.0: A package for molecular simulation and trajectory analysis
J. Mol. Mod. 7 (2001) pp. 306-317
-------- -------- --- Thank You --- -------- --------


++++ PLEASE READ AND CITE THE FOLLOWING REFERENCE ++++
H. J. C. Berendsen, D. van der Spoel and R. van Drunen
GROMACS: A message-passing parallel molecular dynamics implementation
Comp. Phys. Comm. 91 (1995) pp. 43-56
-------- -------- --- Thank You --- -------- --------

Input Parameters:
   integrator                     = steep
   tinit                          = 0
   dt                             = 0.01
   nsteps                         = 50000
   init-step                      = 0
   simulation-part                = 1
   comm-mode                      = Linear
   nstcomm                        = 100
   bd-fric                        = 0
   ld-seed                        = -335452902
   emtol                          = 10
   emstep                         = 0.01
   niter                          = 20
   fcstep                         = 0
   nstcgsteep                     = 1000
   nbfgscorr                      = 10
   rtpi                           = 0.05
   nstxout                        = 0
   nstvout                        = 0
   nstfout                        = 0
   nstlog                         = 100
   nstcalcenergy                  = 100
   nstenergy                      = 1000
   nstxout-compressed             = 100
   compressed-x-precision         = 10
   cutoff-scheme                  = Verlet
   nstlist                        = 10
   ns-type                        = Grid
   pbc                            = xyz
   periodic-molecules             = false
   verlet-buffer-tolerance        = 0.005
   rlist                          = 1.05
   coulombtype                    = Cut-off
   coulomb-modifier               = Potential-shift
   rcoulomb-switch                = 0
   rcoulomb                       = 1
   epsilon-r                      = 1
   epsilon-rf                     = inf
   vdw-type                       = Cut-off
   vdw-modifier                   = Potential-shift
   rvdw-switch                    = 0
   rvdw                           = 1
   DispCorr                       = No
   table-extension                = 1
   fourierspacing                 = 0.12
   fourier-nx                     = 0
   fourier-ny                     = 0
   fourier-nz                     = 0
   pme-order                      = 4
   ewald-rtol                     = 1e-05
   ewald-rtol-lj                  = 0.001
   lj-pme-comb-rule               = Geometric
   ewald-geometry                 = 0
   epsilon-surface                = 0
   implicit-solvent               = No
   gb-algorithm                   = Still
   nstgbradii                     = 1
   rgbradii                       = 1
   gb-epsilon-solvent             = 80
   gb-saltconc                    = 0
   gb-obc-alpha                   = 1
   gb-obc-beta                    = 0.8
   gb-obc-gamma                   = 4.85
   gb-dielectric-offset           = 0.009
   sa-algorithm                   = Ace-approximation
   sa-surface-tension             = 2.05016
   tcoupl                         = No
   nsttcouple                     = -1
   nh-chain-length                = 0
   print-nose-hoover-chain-variables = false
   pcoupl                         = No
   pcoupltype                     = Isotropic
   nstpcouple                     = -1
   tau-p                          = 1
   compressibility (3x3):
      compressibility[    0]={ 0.00000e+00,  0.00000e+00,  0.00000e+00}
      compressibility[    1]={ 0.00000e+00,  0.00000e+00,  0.00000e+00}
      compressibility[    2]={ 0.00000e+00,  0.00000e+00,  0.00000e+00}
   ref-p (3x3):
      ref-p[    0]={ 0.00000e+00,  0.00000e+00,  0.00000e+00}
      ref-p[    1]={ 0.00000e+00,  0.00000e+00,  0.00000e+00}
      ref-p[    2]={ 0.00000e+00,  0.00000e+00,  0.00000e+00}
   refcoord-scaling               = No
   posres-com (3):
      posres-com[0]= 0.00000e+00
      posres-com[1]= 0.00000e+00
      posres-com[2]= 0.00000e+00
   posres-comB (3):
      posres-comB[0]= 0.00000e+00
      posres-comB[1]= 0.00000e+00
      posres-comB[2]= 0.00000e+00
   QMMM                           = false
   QMconstraints                  = 0
   QMMMscheme                     = 0
   MMChargeScaleFactor            = 1
qm-opts:
   ngQM                           = 0
   constraint-algorithm           = Lincs
   continuation                   = false
   Shake-SOR                      = false
   shake-tol                      = 0.0001
   lincs-order                    = 4
   lincs-iter                     = 1
   lincs-warnangle                = 30
   nwall                          = 0
   wall-type                      = 9-3
   wall-r-linpot                  = -1
   wall-atomtype[0]               = -1
   wall-atomtype[1]               = -1
   wall-density[0]                = 0
   wall-density[1]                = 0
   wall-ewald-zfac                = 3
   pull                           = false
   rotation                       = false
   interactiveMD                  = false
   disre                          = No
   disre-weighting                = Conservative
   disre-mixed                    = false
   dr-fc                          = 1000
   dr-tau                         = 0
   nstdisreout                    = 100
   orire-fc                       = 0
   orire-tau                      = 0
   nstorireout                    = 100
   free-energy                    = no
   cos-acceleration               = 0
   deform (3x3):
      deform[    0]={ 0.00000e+00,  0.00000e+00,  0.00000e+00}
      deform[    1]={ 0.00000e+00,  0.00000e+00,  0.00000e+00}
      deform[    2]={ 0.00000e+00,  0.00000e+00,  0.00000e+00}
   simulated-tempering            = false
   E-x:
      n = 0
   E-xt:
      n = 0
   E-y:
      n = 0
   E-yt:
      n = 0
   E-z:
      n = 0
   E-zt:
      n = 0
   swapcoords                     = no
   userint1                       = 0
   userint2                       = 0
   userint3                       = 0
   userint4                       = 0
   userreal1                      = 0
   userreal2                      = 0
   userreal3                      = 0
   userreal4                      = 0
grpopts:
   nrdf:      734973
   ref-t:           0
   tau-t:           0
annealing:          No
annealing-npoints:           0
   acc:	           0           0           0
   nfreeze:           N           N           N
   energygrp-flags[  0]: 0

Using 1 MPI process
Using 1 OpenMP thread 

Cut-off's:   NS: 1.05   Coulomb: 1   LJ: 1
System total charge: 0.000
Potential shift: LJ r^-12: -1.000e+00 r^-6: -1.000e+00, Coulomb -1e+00

Using SIMD 4x8 non-bonded kernels

Using full Lennard-Jones parameter combination matrix

Removing pbc first time

NOTE: Thread affinity setting failed. This can cause performance degradation.
      If you think your settings are correct, ask on the gmx-users list.

Initiating Steepest Descents
Started Steepest Descents on rank 0 Mon Oct  2 10:20:45 2023

Steepest Descents:
   Tolerance (Fmax)   =  1.00000e+01
   Number of steps    =        50000
           Step           Time
              0        0.00000

   Energies (kJ/mol)
           Bond       G96Angle        LJ (SR)   Coulomb (SR)      Potential
    1.20516e+06    5.22569e+04    3.00660e+16    2.39732e+04    3.00660e+16
 Pressure (bar)
    0.00000e+00

           Step           Time
              1        1.00000

   Energies (kJ/mol)
           Bond       G96Angle        LJ (SR)   Coulomb (SR)      Potential
    1.20517e+06    5.22569e+04    1.10163e+15    2.39732e+04    1.10163e+15
 Pressure (bar)
    0.00000e+00

           Step           Time
              2        2.00000

   Energies (kJ/mol)
           Bond       G96Angle        LJ (SR)   Coulomb (SR)      Potential
    1.20517e+06    5.22565e+04    1.06785e+14    2.39728e+04    1.06785e+14
 Pressure (bar)
    0.00000e+00

           Step           Time
              3        3.00000

   Energies (kJ/mol)
           Bond       G96Angle        LJ (SR)   Coulomb (SR)      Potential
    1.20517e+06    5.22563e+04    1.24602e+13    2.39684e+04    1.24602e+13
 Pressure (bar)
    0.00000e+00

           Step           Time
              4        4.00000

   Energies (kJ/mol)
           Bond       G96Angle        LJ (SR)   Coulomb (SR)      Potential
    1.20518e+06    5.22557e+04    7.86987e+11    2.39679e+04    7.86989e+11
 Pressure (bar)
    0.00000e+00

           Step           Time
              5        5.00000

   Energies (kJ/mol)
           Bond       G96Angle        LJ (SR)   Coulomb (SR)      Potential
    1.20519e+06    5.22553e+04    1.30308e+11    2.39613e+04    1.30309e+11
 Pressure (bar)
    0.00000e+00

           Step           Time
              6        6.00000

   Energies (kJ/mol)
           Bond       G96Angle        LJ (SR)   Coulomb (SR)      Potential
    1.20521e+06    5.22558e+04    1.90835e+10    2.39584e+04    1.90848e+10
 Pressure (bar)
    0.00000e+00

           Step           Time
              7        7.00000

   Energies (kJ/mol)
           Bond       G96Angle        LJ (SR)   Coulomb (SR)      Potential
    1.20528e+06    5.22586e+04    8.33136e+09    2.39443e+04    8.33265e+09
 Pressure (bar)
    0.00000e+00

           Step           Time
              8        8.00000

   Energies (kJ/mol)
           Bond       G96Angle        LJ (SR)   Coulomb (SR)      Potential
    1.20559e+06    5.22740e+04    4.53986e+09    2.39335e+04    4.54114e+09
 Pressure (bar)
    0.00000e+00

           Step           Time
              9        9.00000

   Energies (kJ/mol)
           Bond       G96Angle        LJ (SR)   Coulomb (SR)      Potential
    1.20646e+06    5.23322e+04    2.43035e+09    2.39115e+04    2.43163e+09
 Pressure (bar)
    0.00000e+00

           Step           Time
             10       10.00000

   Energies (kJ/mol)
           Bond       G96Angle        LJ (SR)   Coulomb (SR)      Potential
    1.20694e+06    5.23684e+04    1.87270e+09    2.38962e+04    1.87398e+09
 Pressure (bar)
    0.00000e+00

           Step           Time
             11       11.00000

   Energies (kJ/mol)
           Bond       G96Angle        LJ (SR)   Coulomb (SR)      Potential
    1.20854e+06    5.25654e+04    7.15287e+08    2.37645e+04    7.16572e+08
 Pressure (bar)
    0.00000e+00

           Step           Time
             12       12.00000

   Energies (kJ/mol)
           Bond       G96Angle        LJ (SR)   Coulomb (SR)      Potential
    1.20871e+06    5.26052e+04    5.60288e+08    2.36399e+04    5.61573e+08
 Pressure (bar)
    0.00000e+00

           Step           Time
             13       13.00000

   Energies (kJ/mol)
           Bond       G96Angle        LJ (SR)   Coulomb (SR)      Potential
    1.20869e+06    5.26254e+04    4.35203e+08    2.34302e+04    4.36488e+08
 Pressure (bar)
    0.00000e+00

           Step           Time
             14       14.00000

   Energies (kJ/mol)
           Bond       G96Angle        LJ (SR)   Coulomb (SR)      Potential
    1.20212e+06    5.25844e+04    1.23443e+08    2.05391e+04    1.24719e+08
 Pressure (bar)
    0.00000e+00

           Step           Time
             15       15.00000

   Energies (kJ/mol)
           Bond       G96Angle        LJ (SR)   Coulomb (SR)      Potential
    1.20345e+06    5.21950e+04    1.06006e+08    1.91363e+04    1.07281e+08
 Pressure (bar)
    0.00000e+00

           Step           Time
             16       16.00000

   Energies (kJ/mol)
           Bond       G96Angle        LJ (SR)   Coulomb (SR)      Potential
    1.20372e+06    5.20634e+04    9.88513e+07    1.87048e+04    1.00126e+08
 Pressure (bar)
    0.00000e+00

           Step           Time
             17       17.00000

   Energies (kJ/mol)
           Bond       G96Angle        LJ (SR)   Coulomb (SR)      Potential
    1.21259e+06    4.92360e+04    6.62053e+07    6.31975e+03    6.74735e+07
 Pressure (bar)
    0.00000e+00

           Step           Time
             18       18.00000

   Energies (kJ/mol)
           Bond       G96Angle        LJ (SR)   Coulomb (SR)      Potential
    1.21265e+06    4.92324e+04    5.19560e+07    6.29457e+03    5.32242e+07
 Pressure (bar)
    0.00000e+00

           Step           Time
             19       19.00000

           Step           Time
             20       20.00000

   Energies (kJ/mol)
           Bond       G96Angle        LJ (SR)   Coulomb (SR)      Potential
    1.21358e+06    4.90606e+04    4.67389e+07    5.21819e+03    4.80067e+07
 Pressure (bar)
    0.00000e+00

           Step           Time
             21       21.00000

   Energies (kJ/mol)
           Bond       G96Angle        LJ (SR)   Coulomb (SR)      Potential
    1.21402e+06    4.89603e+04    4.53227e+07    4.63838e+03    4.65904e+07
 Pressure (bar)
    0.00000e+00

           Step           Time
             22       22.00000

   Energies (kJ/mol)
           Bond       G96Angle        LJ (SR)   Coulomb (SR)      Potential
    1.25518e+06    4.54873e+04    1.98933e+07   -2.27379e+04    2.11712e+07
 Pressure (bar)
    0.00000e+00

           Step           Time
             23       23.00000

   Energies (kJ/mol)
           Bond       G96Angle        LJ (SR)   Coulomb (SR)      Potential
    1.25556e+06    4.54778e+04    1.84116e+07   -2.28016e+04    1.96898e+07
 Pressure (bar)
    0.00000e+00

           Step           Time
             24       24.00000

   Energies (kJ/mol)
           Bond       G96Angle        LJ (SR)   Coulomb (SR)      Potential
    1.28031e+06    4.51817e+04    1.51629e+07   -2.62503e+04    1.64621e+07
 Pressure (bar)
    0.00000e+00

           Step           Time
             25       25.00000

   Energies (kJ/mol)
           Bond       G96Angle        LJ (SR)   Coulomb (SR)      Potential
    1.27853e+06    4.51255e+04    1.42629e+07   -2.67934e+04    1.55598e+07
 Pressure (bar)
    0.00000e+00

           Step           Time
             26       26.00000

   Energies (kJ/mol)
           Bond       G96Angle        LJ (SR)   Coulomb (SR)      Potential
    1.27849e+06    4.51477e+04    1.38415e+07   -2.69926e+04    1.51382e+07
 Pressure (bar)
    0.00000e+00

           Step           Time
             27       27.00000

           Step           Time
             28       28.00000

   Energies (kJ/mol)
           Bond       G96Angle        LJ (SR)   Coulomb (SR)      Potential
    1.28106e+06    4.44661e+04    1.00894e+07   -3.43808e+04    1.13805e+07
 Pressure (bar)
    0.00000e+00

           Step           Time
             29       29.00000

   Energies (kJ/mol)
           Bond       G96Angle        LJ (SR)   Coulomb (SR)      Potential
    1.28909e+06    4.41135e+04    8.37083e+06   -3.87462e+04    9.66529e+06
 Pressure (bar)
    0.00000e+00

           Step           Time
             30       30.00000

   Energies (kJ/mol)
           Bond       G96Angle        LJ (SR)   Coulomb (SR)      Potential
    1.29160e+06    4.39804e+04    7.76951e+06   -4.06420e+04    9.06445e+06
 Pressure (bar)
    0.00000e+00

           Step           Time
             31       31.00000

           Step           Time
             32       32.00000

   Energies (kJ/mol)
           Bond       G96Angle        LJ (SR)   Coulomb (SR)      Potential
    1.29202e+06    4.39480e+04    7.59435e+06   -4.09426e+04    8.88937e+06
 Pressure (bar)
    0.00000e+00

           Step           Time
             33       33.00000

   Energies (kJ/mol)
           Bond       G96Angle        LJ (SR)   Coulomb (SR)      Potential
    1.29502e+06    4.37785e+04    6.85396e+06   -4.32410e+04    8.14952e+06
 Pressure (bar)
    0.00000e+00

           Step           Time
             34       34.00000

   Energies (kJ/mol)
           Bond       G96Angle        LJ (SR)   Coulomb (SR)      Potential
    1.29691e+06    4.36888e+04    6.39995e+06   -4.47083e+04    7.69584e+06
 Pressure (bar)
    0.00000e+00

           Step           Time
             35       35.00000

   Energies (kJ/mol)
           Bond       G96Angle        LJ (SR)   Coulomb (SR)      Potential
    1.29958e+06    4.35645e+04    5.80358e+06   -4.68281e+04    7.09990e+06
 Pressure (bar)
    0.00000e+00

           Step           Time
             36       36.00000

           Step           Time
             37       37.00000

   Energies (kJ/mol)
           Bond       G96Angle        LJ (SR)   Coulomb (SR)      Potential
    1.30038e+06    4.35321e+04    5.68394e+06   -4.75033e+04    6.98036e+06
 Pressure (bar)
    0.00000e+00

           Step           Time
             38       38.00000

           Step           Time
             39       39.00000

   Energies (kJ/mol)
           Bond       G96Angle        LJ (SR)   Coulomb (SR)      Potential
    1.30058e+06    4.35279e+04    5.54026e+06   -4.76673e+04    6.83670e+06
 Pressure (bar)
    0.00000e+00

           Step           Time
             40       40.00000

   Energies (kJ/mol)
           Bond       G96Angle        LJ (SR)   Coulomb (SR)      Potential
    1.30723e+06    4.32047e+04    4.21973e+06   -5.28273e+04    5.51734e+06
 Pressure (bar)
    0.00000e+00

           Step           Time
             41       41.00000

   Energies (kJ/mol)
           Bond       G96Angle        LJ (SR)   Coulomb (SR)      Potential
    1.31723e+06    4.27834e+04    2.49391e+06   -6.10067e+04    3.79292e+06
 Pressure (bar)
    0.00000e+00

           Step           Time
             42       42.00000

   Energies (kJ/mol)
           Bond       G96Angle        LJ (SR)   Coulomb (SR)      Potential
    1.40568e+06    4.26845e+04   -2.08760e+06   -1.19894e+05   -7.59134e+05
 Pressure (bar)
    0.00000e+00

           Step           Time
             43       43.00000

   Energies (kJ/mol)
           Bond       G96Angle        LJ (SR)   Coulomb (SR)      Potential
    1.40272e+06    4.26582e+04   -2.24832e+06   -1.20186e+05   -9.23129e+05
 Pressure (bar)
    0.00000e+00

           Step           Time
             44       44.00000

   Energies (kJ/mol)
           Bond       G96Angle        LJ (SR)   Coulomb (SR)      Potential
    1.38250e+06    4.25082e+04   -2.74490e+06   -1.22309e+05   -1.44220e+06
 Pressure (bar)
    0.00000e+00

           Step           Time
             45       45.00000

   Energies (kJ/mol)
           Bond       G96Angle        LJ (SR)   Coulomb (SR)      Potential
    1.35344e+06    4.26006e+04   -2.92072e+06   -1.27500e+05   -1.65217e+06
 Pressure (bar)
    0.00000e+00

           Step           Time
             46       46.00000

   Energies (kJ/mol)
           Bond       G96Angle        LJ (SR)   Coulomb (SR)      Potential
    1.35359e+06    4.26497e+04   -3.14297e+06   -1.27515e+05   -1.87425e+06
 Pressure (bar)
    0.00000e+00

           Step           Time
             47       47.00000

           Step           Time
             48       48.00000

   Energies (kJ/mol)
           Bond       G96Angle        LJ (SR)   Coulomb (SR)      Potential
    1.34538e+06    4.27537e+04   -3.25521e+06   -1.30042e+05   -1.99712e+06
 Pressure (bar)
    0.00000e+00

           Step           Time
             49       49.00000

           Step           Time
             50       50.00000

   Energies (kJ/mol)
           Bond       G96Angle        LJ (SR)   Coulomb (SR)      Potential
    1.34481e+06    4.27438e+04   -3.27204e+06   -1.30214e+05   -2.01470e+06
 Pressure (bar)
    0.00000e+00

           Step           Time
             51       51.00000

   Energies (kJ/mol)
           Bond       G96Angle        LJ (SR)   Coulomb (SR)      Potential
    1.33869e+06    4.28222e+04   -3.34642e+06   -1.31991e+05   -2.09690e+06
 Pressure (bar)
    0.00000e+00

           Step           Time
             52       52.00000

   Energies (kJ/mol)
           Bond       G96Angle        LJ (SR)   Coulomb (SR)      Potential
    1.26255e+06    4.47776e+04   -3.96396e+06   -1.55560e+05   -2.81219e+06
 Pressure (bar)
    0.00000e+00

           Step           Time
             53       53.00000

           Step           Time
             54       54.00000

   Energies (kJ/mol)
           Bond       G96Angle        LJ (SR)   Coulomb (SR)      Potential
    1.26244e+06    4.47923e+04   -3.99717e+06   -1.55596e+05   -2.84553e+06
 Pressure (bar)
    0.00000e+00

           Step           Time
             55       55.00000

   Energies (kJ/mol)
           Bond       G96Angle        LJ (SR)   Coulomb (SR)      Potential
    1.25894e+06    4.48842e+04   -4.01536e+06   -1.56769e+05   -2.86830e+06
 Pressure (bar)
    0.00000e+00

           Step           Time
             56       56.00000

   Energies (kJ/mol)
           Bond       G96Angle        LJ (SR)   Coulomb (SR)      Potential
    1.25623e+06    4.49502e+04   -4.01782e+06   -1.57651e+05   -2.87429e+06
 Pressure (bar)
    0.00000e+00

           Step           Time
             57       57.00000

           Step           Time
             58       58.00000

   Energies (kJ/mol)
           Bond       G96Angle        LJ (SR)   Coulomb (SR)      Potential
    1.25599e+06    4.49577e+04   -4.03161e+06   -1.57736e+05   -2.88840e+06
 Pressure (bar)
    0.00000e+00

           Step           Time
             59       59.00000

   Energies (kJ/mol)
           Bond       G96Angle        LJ (SR)   Coulomb (SR)      Potential
    1.24788e+06    4.51729e+04   -4.06912e+06   -1.60575e+05   -2.93663e+06
 Pressure (bar)
    0.00000e+00

           Step           Time
             60       60.00000

   Energies (kJ/mol)
           Bond       G96Angle        LJ (SR)   Coulomb (SR)      Potential
    1.22393e+06    4.58969e+04   -4.16933e+06   -1.69628e+05   -3.06913e+06
 Pressure (bar)
    0.00000e+00

           Step           Time
             61       61.00000

   Energies (kJ/mol)
           Bond       G96Angle        LJ (SR)   Coulomb (SR)      Potential
    1.16843e+06    4.79157e+04   -4.35463e+06   -1.94142e+05   -3.33242e+06
 Pressure (bar)
    0.00000e+00

           Step           Time
             62       62.00000

   Energies (kJ/mol)
           Bond       G96Angle        LJ (SR)   Coulomb (SR)      Potential
    1.15596e+06    4.83319e+04   -4.38483e+06   -2.00596e+05   -3.38113e+06
 Pressure (bar)
    0.00000e+00

           Step           Time
             63       63.00000

           Step           Time
             64       64.00000

   Energies (kJ/mol)
           Bond       G96Angle        LJ (SR)   Coulomb (SR)      Potential
    1.05149e+06    5.30619e+04   -4.47426e+06   -2.66540e+05   -3.63624e+06
 Pressure (bar)
    0.00000e+00

           Step           Time
             65       65.00000

   Energies (kJ/mol)
           Bond       G96Angle        LJ (SR)   Coulomb (SR)      Potential
    1.05190e+06    5.30625e+04   -4.59781e+06   -2.66570e+05   -3.75942e+06
 Pressure (bar)
    0.00000e+00

           Step           Time
             66       66.00000

   Energies (kJ/mol)
           Bond       G96Angle        LJ (SR)   Coulomb (SR)      Potential
    1.04701e+06    5.32696e+04   -4.60568e+06   -2.71421e+05   -3.77682e+06
 Pressure (bar)
    0.00000e+00

           Step           Time
             67       67.00000

   Energies (kJ/mol)
           Bond       G96Angle        LJ (SR)   Coulomb (SR)      Potential
    1.04441e+06    5.33759e+04   -4.60725e+06   -2.74011e+05   -3.78347e+06
 Pressure (bar)
    0.00000e+00

           Step           Time
             68       68.00000

           Step           Time
             69       69.00000

   Energies (kJ/mol)
           Bond       G96Angle        LJ (SR)   Coulomb (SR)      Potential
    1.04332e+06    5.34166e+04   -4.61183e+06   -2.75021e+05   -3.79011e+06
 Pressure (bar)
    0.00000e+00

           Step           Time
             70       70.00000

           Step           Time
             71       71.00000

   Energies (kJ/mol)
           Bond       G96Angle        LJ (SR)   Coulomb (SR)      Potential
    1.04224e+06    5.34617e+04   -4.61682e+06   -2.76127e+05   -3.79724e+06
 Pressure (bar)
    0.00000e+00

           Step           Time
             72       72.00000

   Energies (kJ/mol)
           Bond       G96Angle        LJ (SR)   Coulomb (SR)      Potential
    1.03427e+06    5.37548e+04   -4.62762e+06   -2.83429e+05   -3.82303e+06
 Pressure (bar)
    0.00000e+00

           Step           Time
             73       73.00000

   Energies (kJ/mol)
           Bond       G96Angle        LJ (SR)   Coulomb (SR)      Potential
    1.02572e+06    5.40905e+04   -4.63915e+06   -2.92008e+05   -3.85134e+06
 Pressure (bar)
    0.00000e+00

           Step           Time
             74       74.00000

   Energies (kJ/mol)
           Bond       G96Angle        LJ (SR)   Coulomb (SR)      Potential
    1.02078e+06    5.42919e+04   -4.64523e+06   -2.97340e+05   -3.86749e+06
 Pressure (bar)
    0.00000e+00

           Step           Time
             75       75.00000

   Energies (kJ/mol)
           Bond       G96Angle        LJ (SR)   Coulomb (SR)      Potential
    1.01601e+06    5.44966e+04   -4.65377e+06   -3.02819e+05   -3.88608e+06
 Pressure (bar)
    0.00000e+00

           Step           Time
             76       76.00000

   Energies (kJ/mol)
           Bond       G96Angle        LJ (SR)   Coulomb (SR)      Potential
    9.84124e+05    5.58047e+04   -4.69110e+06   -3.37284e+05   -3.98846e+06
 Pressure (bar)
    0.00000e+00

           Step           Time
             77       77.00000

   Energies (kJ/mol)
           Bond       G96Angle        LJ (SR)   Coulomb (SR)      Potential
    9.77430e+05    5.61198e+04   -4.70006e+06   -3.46392e+05   -4.01290e+06
 Pressure (bar)
    0.00000e+00

           Step           Time
             78       78.00000

   Energies (kJ/mol)
           Bond       G96Angle        LJ (SR)   Coulomb (SR)      Potential
    9.70391e+05    5.64706e+04   -4.70777e+06   -3.56726e+05   -4.03763e+06
 Pressure (bar)
    0.00000e+00

           Step           Time
             79       79.00000

           Step           Time
             80       80.00000

   Energies (kJ/mol)
           Bond       G96Angle        LJ (SR)   Coulomb (SR)      Potential
    9.68385e+05    5.65525e+04   -4.71202e+06   -3.59147e+05   -4.04623e+06
 Pressure (bar)
    0.00000e+00

           Step           Time
             81       81.00000

   Energies (kJ/mol)
           Bond       G96Angle        LJ (SR)   Coulomb (SR)      Potential
    9.57102e+05    5.70076e+04   -4.72386e+06   -3.72815e+05   -4.08256e+06
 Pressure (bar)
    0.00000e+00

           Step           Time
             82       82.00000

           Step           Time
             83       83.00000

   Energies (kJ/mol)
           Bond       G96Angle        LJ (SR)   Coulomb (SR)      Potential
    9.50781e+05    5.72967e+04   -4.73144e+06   -3.81670e+05   -4.10504e+06
 Pressure (bar)
    0.00000e+00

           Step           Time
             84       84.00000

   Energies (kJ/mol)
           Bond       G96Angle        LJ (SR)   Coulomb (SR)      Potential
    9.40942e+05    5.77221e+04   -4.74249e+06   -3.94763e+05   -4.13859e+06
 Pressure (bar)
    0.00000e+00

           Step           Time
             85       85.00000

   Energies (kJ/mol)
           Bond       G96Angle        LJ (SR)   Coulomb (SR)      Potential
    9.04121e+05    5.94581e+04   -4.77349e+06   -4.47554e+05   -4.25747e+06
 Pressure (bar)
    0.00000e+00

           Step           Time
             86       86.00000

   Energies (kJ/mol)
           Bond       G96Angle        LJ (SR)   Coulomb (SR)      Potential
    9.02184e+05    5.95761e+04   -4.77974e+06   -4.51319e+05   -4.26930e+06
 Pressure (bar)
    0.00000e+00

           Step           Time
             87       87.00000

   Energies (kJ/mol)
           Bond       G96Angle        LJ (SR)   Coulomb (SR)      Potential
    8.86565e+05    6.03357e+04   -4.77467e+06   -4.74829e+05   -4.30259e+06
 Pressure (bar)
    0.00000e+00

           Step           Time
             88       88.00000

   Energies (kJ/mol)
           Bond       G96Angle        LJ (SR)   Coulomb (SR)      Potential
    8.86966e+05    6.03511e+04   -4.79001e+06   -4.75326e+05   -4.31802e+06
 Pressure (bar)
    0.00000e+00

           Step           Time
             89       89.00000

           Step           Time
             90       90.00000

   Energies (kJ/mol)
           Bond       G96Angle        LJ (SR)   Coulomb (SR)      Potential
    8.85857e+05    6.03912e+04   -4.79493e+06   -4.76614e+05   -4.32530e+06
 Pressure (bar)
    0.00000e+00

           Step           Time
             91       91.00000

   Energies (kJ/mol)
           Bond       G96Angle        LJ (SR)   Coulomb (SR)      Potential
    8.77385e+05    6.08223e+04   -4.80352e+06   -4.90409e+05   -4.35572e+06
 Pressure (bar)
    0.00000e+00

           Step           Time
             92       92.00000

           Step           Time
             93       93.00000

   Energies (kJ/mol)
           Bond       G96Angle        LJ (SR)   Coulomb (SR)      Potential
    8.66099e+05    6.13961e+04   -4.81346e+06   -5.08713e+05   -4.39468e+06
 Pressure (bar)
    0.00000e+00

           Step           Time
             94       94.00000

   Energies (kJ/mol)
           Bond       G96Angle        LJ (SR)   Coulomb (SR)      Potential
    8.62079e+05    6.16105e+04   -4.81799e+06   -5.15607e+05   -4.40991e+06
 Pressure (bar)
    0.00000e+00

           Step           Time
             95       95.00000

   Energies (kJ/mol)
           Bond       G96Angle        LJ (SR)   Coulomb (SR)      Potential
    8.30478e+05    6.33881e+04   -4.83978e+06   -5.71279e+05   -4.51720e+06
 Pressure (bar)
    0.00000e+00

           Step           Time
             96       96.00000

           Step           Time
             97       97.00000

   Energies (kJ/mol)
           Bond       G96Angle        LJ (SR)   Coulomb (SR)      Potential
    8.29717e+05    6.34361e+04   -4.84452e+06   -5.72734e+05   -4.52410e+06
 Pressure (bar)
    0.00000e+00

           Step           Time
             98       98.00000

   Energies (kJ/mol)
           Bond       G96Angle        LJ (SR)   Coulomb (SR)      Potential
    8.03443e+05    6.49988e+04   -4.86733e+06   -6.19182e+05   -4.61807e+06
 Pressure (bar)
    0.00000e+00

           Step           Time
             99       99.00000

   Energies (kJ/mol)
           Bond       G96Angle        LJ (SR)   Coulomb (SR)      Potential
    7.48798e+05    6.89430e+04   -4.88781e+06   -7.31660e+05   -4.80173e+06
 Pressure (bar)
    0.00000e+00

           Step           Time
            100      100.00000

   Energies (kJ/mol)
           Bond       G96Angle        LJ (SR)   Coulomb (SR)      Potential
    7.48564e+05    6.89687e+04   -4.90319e+06   -7.32160e+05   -4.81782e+06
 Pressure (bar)
    0.00000e+00

           Step           Time
            101      101.00000

   Energies (kJ/mol)
           Bond       G96Angle        LJ (SR)   Coulomb (SR)      Potential
    7.38562e+05    6.97455e+04   -4.92132e+06   -7.47768e+05   -4.86078e+06
 Pressure (bar)
    0.00000e+00

           Step           Time
            102      102.00000

   Energies (kJ/mol)
           Bond       G96Angle        LJ (SR)   Coulomb (SR)      Potential
    7.27569e+05    7.05870e+04   -4.89389e+06   -7.69951e+05   -4.86569e+06
 Pressure (bar)
    0.00000e+00

           Step           Time
            103      103.00000

   Energies (kJ/mol)
           Bond       G96Angle        LJ (SR)   Coulomb (SR)      Potential
    7.29275e+05    7.05994e+04   -4.92906e+06   -7.70294e+05   -4.89948e+06
 Pressure (bar)
    0.00000e+00

           Step           Time
            104      104.00000

   Energies (kJ/mol)
           Bond       G96Angle        LJ (SR)   Coulomb (SR)      Potential
    7.27755e+05    7.08311e+04   -4.92541e+06   -7.76314e+05   -4.90314e+06
 Pressure (bar)
    0.00000e+00

           Step           Time
            105      105.00000

   Energies (kJ/mol)
           Bond       G96Angle        LJ (SR)   Coulomb (SR)      Potential
    7.27252e+05    7.10115e+04   -4.93416e+06   -7.79986e+05   -4.91588e+06
 Pressure (bar)
    0.00000e+00

           Step           Time
            106      106.00000

           Step           Time
            107      107.00000

   Energies (kJ/mol)
           Bond       G96Angle        LJ (SR)   Coulomb (SR)      Potential
    7.23429e+05    7.12695e+04   -4.92835e+06   -7.86772e+05   -4.92042e+06
 Pressure (bar)
    0.00000e+00

           Step           Time
            108      108.00000

           Step           Time
            109      109.00000

   Energies (kJ/mol)
           Bond       G96Angle        LJ (SR)   Coulomb (SR)      Potential
    7.22997e+05    7.13008e+04   -4.94038e+06   -7.87332e+05   -4.93341e+06
 Pressure (bar)
    0.00000e+00

           Step           Time
            110      110.00000

           Step           Time
            111      111.00000

   Energies (kJ/mol)
           Bond       G96Angle        LJ (SR)   Coulomb (SR)      Potential
    7.19010e+05    7.15782e+04   -4.94110e+06   -7.94611e+05   -4.94512e+06
 Pressure (bar)
    0.00000e+00

           Step           Time
            112      112.00000

   Energies (kJ/mol)
           Bond       G96Angle        LJ (SR)   Coulomb (SR)      Potential
    7.18291e+05    7.16316e+04   -4.94551e+06   -7.96028e+05   -4.95161e+06
 Pressure (bar)
    0.00000e+00

           Step           Time
            113      113.00000

   Energies (kJ/mol)
           Bond       G96Angle        LJ (SR)   Coulomb (SR)      Potential
    6.95138e+05    7.34151e+04   -4.96428e+06   -8.41785e+05   -5.03751e+06
 Pressure (bar)
    0.00000e+00

           Step           Time
            114      114.00000

   Energies (kJ/mol)
           Bond       G96Angle        LJ (SR)   Coulomb (SR)      Potential
    6.80819e+05    7.47466e+04   -4.97650e+06   -8.74298e+05   -5.09524e+06
 Pressure (bar)
    0.00000e+00

           Step           Time
            115      115.00000

   Energies (kJ/mol)
           Bond       G96Angle        LJ (SR)   Coulomb (SR)      Potential
    6.79063e+05    7.49184e+04   -4.97954e+06   -8.78547e+05   -5.10410e+06
 Pressure (bar)
    0.00000e+00

           Step           Time
            116      116.00000

           Step           Time
            117      117.00000

   Energies (kJ/mol)
           Bond       G96Angle        LJ (SR)   Coulomb (SR)      Potential
    6.78060e+05    7.50007e+04   -4.98065e+06   -8.80572e+05   -5.10816e+06
 Pressure (bar)
    0.00000e+00

           Step           Time
            118      118.00000

   Energies (kJ/mol)
           Bond       G96Angle        LJ (SR)   Coulomb (SR)      Potential
    6.76181e+05    7.51723e+04   -4.98313e+06   -8.84782e+05   -5.11656e+06
 Pressure (bar)
    0.00000e+00

           Step           Time
            119      119.00000

   Energies (kJ/mol)
           Bond       G96Angle        LJ (SR)   Coulomb (SR)      Potential
    6.70449e+05    7.56989e+04   -4.98924e+06   -8.97585e+05   -5.14067e+06
 Pressure (bar)
    0.00000e+00

           Step           Time
            120      120.00000

   Energies (kJ/mol)
           Bond       G96Angle        LJ (SR)   Coulomb (SR)      Potential
    6.62935e+05    7.64342e+04   -4.97344e+06   -9.15242e+05   -5.14931e+06
 Pressure (bar)
    0.00000e+00

           Step           Time
            121      121.00000

           Step           Time
            122      122.00000

   Energies (kJ/mol)
           Bond       G96Angle        LJ (SR)   Coulomb (SR)      Potential
    6.62918e+05    7.64428e+04   -4.99518e+06   -9.15453e+05   -5.17128e+06
 Pressure (bar)
    0.00000e+00

           Step           Time
            123      123.00000

   Energies (kJ/mol)
           Bond       G96Angle        LJ (SR)   Coulomb (SR)      Potential
    6.62058e+05    7.65392e+04   -4.99821e+06   -9.17772e+05   -5.17738e+06
 Pressure (bar)
    0.00000e+00

           Step           Time
            124      124.00000

           Step           Time
            125      125.00000

   Energies (kJ/mol)
           Bond       G96Angle        LJ (SR)   Coulomb (SR)      Potential
    6.60469e+05    7.66888e+04   -5.00064e+06   -9.21354e+05   -5.18483e+06
 Pressure (bar)
    0.00000e+00

           Step           Time
            126      126.00000

   Energies (kJ/mol)
           Bond       G96Angle        LJ (SR)   Coulomb (SR)      Potential
    6.45602e+05    7.81796e+04   -5.01476e+06   -9.55978e+05   -5.24696e+06
 Pressure (bar)
    0.00000e+00

           Step           Time
            127      127.00000

   Energies (kJ/mol)
           Bond       G96Angle        LJ (SR)   Coulomb (SR)      Potential
    6.43836e+05    7.83784e+04   -5.01746e+06   -9.60552e+05   -5.25580e+06
 Pressure (bar)
    0.00000e+00

           Step           Time
            128      128.00000

   Energies (kJ/mol)
           Bond       G96Angle        LJ (SR)   Coulomb (SR)      Potential
    6.35738e+05    7.92450e+04   -5.02609e+06   -9.80041e+05   -5.29115e+06
 Pressure (bar)
    0.00000e+00

           Step           Time
            129      129.00000

   Energies (kJ/mol)
           Bond       G96Angle        LJ (SR)   Coulomb (SR)      Potential
    6.29441e+05    8.00119e+04   -5.01947e+06   -9.97077e+05   -5.30710e+06
 Pressure (bar)
    0.00000e+00

           Step           Time
            130      130.00000

           Step           Time
            131      131.00000

           Step           Time
            132      132.00000

   Energies (kJ/mol)
           Bond       G96Angle        LJ (SR)   Coulomb (SR)      Potential
    6.29345e+05    8.00162e+04   -5.03039e+06   -9.97173e+05   -5.31820e+06
 Pressure (bar)
    0.00000e+00

           Step           Time
            133      133.00000

   Energies (kJ/mol)
           Bond       G96Angle        LJ (SR)   Coulomb (SR)      Potential
    6.29112e+05    8.00404e+04   -5.03408e+06   -9.97713e+05   -5.32264e+06
 Pressure (bar)
    0.00000e+00

           Step           Time
            134      134.00000

   Energies (kJ/mol)
           Bond       G96Angle        LJ (SR)   Coulomb (SR)      Potential
    6.24370e+05    8.05176e+04   -5.03980e+06   -1.00822e+06   -5.34313e+06
 Pressure (bar)
    0.00000e+00

           Step           Time
            135      135.00000

   Energies (kJ/mol)
           Bond       G96Angle        LJ (SR)   Coulomb (SR)      Potential
    6.07576e+05    8.25532e+04   -5.05860e+06   -1.05129e+06   -5.41976e+06
 Pressure (bar)
    0.00000e+00

           Step           Time
            136      136.00000

   Energies (kJ/mol)
           Bond       G96Angle        LJ (SR)   Coulomb (SR)      Potential
    5.81767e+05    8.62183e+04   -5.08726e+06   -1.12152e+06   -5.54080e+06
 Pressure (bar)
    0.00000e+00

           Step           Time
            137      137.00000

   Energies (kJ/mol)
           Bond       G96Angle        LJ (SR)   Coulomb (SR)      Potential
    5.77944e+05    8.67125e+04   -5.09637e+06   -1.12984e+06   -5.56155e+06
 Pressure (bar)
    0.00000e+00

           Step           Time
            138      138.00000

   Energies (kJ/mol)
           Bond       G96Angle        LJ (SR)   Coulomb (SR)      Potential
    5.73544e+05    8.72947e+04   -5.09770e+06   -1.14136e+06   -5.57822e+06
 Pressure (bar)
    0.00000e+00

           Step           Time
            139      139.00000

   Energies (kJ/mol)
           Bond       G96Angle        LJ (SR)   Coulomb (SR)      Potential
    5.73078e+05    8.73429e+04   -5.10380e+06   -1.14234e+06   -5.58572e+06
 Pressure (bar)
    0.00000e+00

           Step           Time
            140      140.00000

   Energies (kJ/mol)
           Bond       G96Angle        LJ (SR)   Coulomb (SR)      Potential
    5.50147e+05    9.09855e+04   -5.11018e+06   -1.20789e+06   -5.67694e+06
 Pressure (bar)
    0.00000e+00

           Step           Time
            141      141.00000

   Energies (kJ/mol)
           Bond       G96Angle        LJ (SR)   Coulomb (SR)      Potential
    5.51233e+05    9.09975e+04   -5.12530e+06   -1.20805e+06   -5.69111e+06
 Pressure (bar)
    0.00000e+00

           Step           Time
            142      142.00000

           Step           Time
            143      143.00000

   Energies (kJ/mol)
           Bond       G96Angle        LJ (SR)   Coulomb (SR)      Potential
    5.50737e+05    9.10196e+04   -5.12525e+06   -1.20836e+06   -5.69185e+06
 Pressure (bar)
    0.00000e+00

           Step           Time
            144      144.00000

   Energies (kJ/mol)
           Bond       G96Angle        LJ (SR)   Coulomb (SR)      Potential
    5.50759e+05    9.10517e+04   -5.13275e+06   -1.20884e+06   -5.69978e+06
 Pressure (bar)
    0.00000e+00

           Step           Time
            145      145.00000

           Step           Time
            146      146.00000

   Energies (kJ/mol)
           Bond       G96Angle        LJ (SR)   Coulomb (SR)      Potential
    5.47457e+05    9.14174e+04   -5.13775e+06   -1.21436e+06   -5.71323e+06
 Pressure (bar)
    0.00000e+00

           Step           Time
            147      147.00000

   Energies (kJ/mol)
           Bond       G96Angle        LJ (SR)   Coulomb (SR)      Potential
    5.46411e+05    9.15474e+04   -5.13988e+06   -1.21668e+06   -5.71860e+06
 Pressure (bar)
    0.00000e+00

           Step           Time
            148      148.00000

           Step           Time
            149      149.00000

   Energies (kJ/mol)
           Bond       G96Angle        LJ (SR)   Coulomb (SR)      Potential
    5.46150e+05    9.15893e+04   -5.14195e+06   -1.21744e+06   -5.72166e+06
 Pressure (bar)
    0.00000e+00

           Step           Time
            150      150.00000

   Energies (kJ/mol)
           Bond       G96Angle        LJ (SR)   Coulomb (SR)      Potential
    5.40591e+05    9.22836e+04   -5.14943e+06   -1.22972e+06   -5.74628e+06
 Pressure (bar)
    0.00000e+00

           Step           Time
            151      151.00000

   Energies (kJ/mol)
           Bond       G96Angle        LJ (SR)   Coulomb (SR)      Potential
    5.38698e+05    9.25750e+04   -5.15094e+06   -1.23506e+06   -5.75472e+06
 Pressure (bar)
    0.00000e+00

           Step           Time
            152      152.00000

           Step           Time
            153      153.00000

   Energies (kJ/mol)
           Bond       G96Angle        LJ (SR)   Coulomb (SR)      Potential
    5.38480e+05    9.26044e+04   -5.15243e+06   -1.23559e+06   -5.75694e+06
 Pressure (bar)
    0.00000e+00

           Step           Time
            154      154.00000

   Energies (kJ/mol)
           Bond       G96Angle        LJ (SR)   Coulomb (SR)      Potential
    5.37883e+05    9.26838e+04   -5.15412e+06   -1.23705e+06   -5.76060e+06
 Pressure (bar)
    0.00000e+00

           Step           Time
            155      155.00000

   Energies (kJ/mol)
           Bond       G96Angle        LJ (SR)   Coulomb (SR)      Potential
    5.31648e+05    9.35565e+04   -5.16292e+06   -1.25241e+06   -5.79013e+06
 Pressure (bar)
    0.00000e+00

           Step           Time
            156      156.00000

   Energies (kJ/mol)
           Bond       G96Angle        LJ (SR)   Coulomb (SR)      Potential
    5.27890e+05    9.41024e+04   -5.16872e+06   -1.26221e+06   -5.80894e+06
 Pressure (bar)
    0.00000e+00

           Step           Time
            157      157.00000

   Energies (kJ/mol)
           Bond       G96Angle        LJ (SR)   Coulomb (SR)      Potential
    5.19061e+05    9.55020e+04   -5.18104e+06   -1.28630e+06   -5.85277e+06
 Pressure (bar)
    0.00000e+00

           Step           Time
            158      158.00000

   Energies (kJ/mol)
           Bond       G96Angle        LJ (SR)   Coulomb (SR)      Potential
    5.17968e+05    9.57320e+04   -5.18366e+06   -1.29048e+06   -5.86044e+06
 Pressure (bar)
    0.00000e+00

           Step           Time
            159      159.00000

           Step           Time
            160      160.00000

   Energies (kJ/mol)
           Bond       G96Angle        LJ (SR)   Coulomb (SR)      Potential
    5.17619e+05    9.58126e+04   -5.18484e+06   -1.29196e+06   -5.86337e+06
 Pressure (bar)
    0.00000e+00

           Step           Time
            161      161.00000

   Energies (kJ/mol)
           Bond       G96Angle        LJ (SR)   Coulomb (SR)      Potential
    5.16645e+05    9.59432e+04   -5.18652e+06   -1.29433e+06   -5.86827e+06
 Pressure (bar)
    0.00000e+00

           Step           Time
            162      162.00000

   Energies (kJ/mol)
           Bond       G96Angle        LJ (SR)   Coulomb (SR)      Potential
    5.13238e+05    9.64100e+04   -5.19041e+06   -1.30246e+06   -5.88323e+06
 Pressure (bar)
    0.00000e+00

           Step           Time
            163      163.00000

   Energies (kJ/mol)
           Bond       G96Angle        LJ (SR)   Coulomb (SR)      Potential
    5.12203e+05    9.66278e+04   -5.18604e+06   -1.30619e+06   -5.88341e+06
 Pressure (bar)
    0.00000e+00

           Step           Time
            164      164.00000

           Step           Time
            165      165.00000

   Energies (kJ/mol)
           Bond       G96Angle        LJ (SR)   Coulomb (SR)      Potential
    5.12215e+05    9.66378e+04   -5.19256e+06   -1.30639e+06   -5.89010e+06
 Pressure (bar)
    0.00000e+00

           Step           Time
            166      166.00000

   Energies (kJ/mol)
           Bond       G96Angle        LJ (SR)   Coulomb (SR)      Potential
    5.10480e+05    9.68679e+04   -5.19608e+06   -1.31057e+06   -5.89930e+06
 Pressure (bar)
    0.00000e+00

           Step           Time
            167      167.00000

   Energies (kJ/mol)
           Bond       G96Angle        LJ (SR)   Coulomb (SR)      Potential
    5.07577e+05    9.73953e+04   -5.18770e+06   -1.31970e+06   -5.90243e+06
 Pressure (bar)
    0.00000e+00

           Step           Time
            168      168.00000

   Energies (kJ/mol)
           Bond       G96Angle        LJ (SR)   Coulomb (SR)      Potential
    5.07888e+05    9.74043e+04   -5.19202e+06   -1.31986e+06   -5.90658e+06
 Pressure (bar)
    0.00000e+00

           Step           Time
            169      169.00000

   Energies (kJ/mol)
           Bond       G96Angle        LJ (SR)   Coulomb (SR)      Potential
    5.08969e+05    9.74188e+04   -5.19955e+06   -1.32013e+06   -5.91330e+06
 Pressure (bar)
    0.00000e+00

           Step           Time
            170      170.00000

           Step           Time
            171      171.00000

   Energies (kJ/mol)
           Bond       G96Angle        LJ (SR)   Coulomb (SR)      Potential
    5.08392e+05    9.74853e+04   -5.19834e+06   -1.32134e+06   -5.91381e+06
 Pressure (bar)
    0.00000e+00

           Step           Time
            172      172.00000

   Energies (kJ/mol)
           Bond       G96Angle        LJ (SR)   Coulomb (SR)      Potential
    5.08610e+05    9.75146e+04   -5.20320e+06   -1.32188e+06   -5.91896e+06
 Pressure (bar)
    0.00000e+00

           Step           Time
            173      173.00000

   Energies (kJ/mol)
           Bond       G96Angle        LJ (SR)   Coulomb (SR)      Potential
    4.99868e+05    9.85659e+04   -5.21382e+06   -1.33951e+06   -5.95490e+06
 Pressure (bar)
    0.00000e+00

           Step           Time
            174      174.00000

           Step           Time
            175      175.00000

   Energies (kJ/mol)
           Bond       G96Angle        LJ (SR)   Coulomb (SR)      Potential
    4.85509e+05    1.01290e+05   -5.22658e+06   -1.38136e+06   -6.02114e+06
 Pressure (bar)
    0.00000e+00

           Step           Time
            176      176.00000

   Energies (kJ/mol)
           Bond       G96Angle        LJ (SR)   Coulomb (SR)      Potential
    4.85602e+05    1.01314e+05   -5.23516e+06   -1.38169e+06   -6.02994e+06
 Pressure (bar)
    0.00000e+00

           Step           Time
            177      177.00000

           Step           Time
            178      178.00000

   Energies (kJ/mol)
           Bond       G96Angle        LJ (SR)   Coulomb (SR)      Potential
    4.84153e+05    1.01463e+05   -5.24018e+06   -1.38394e+06   -6.03850e+06
 Pressure (bar)
    0.00000e+00

           Step           Time
            179      179.00000

   Energies (kJ/mol)
           Bond       G96Angle        LJ (SR)   Coulomb (SR)      Potential
    4.79122e+05    1.02098e+05   -5.24935e+06   -1.39525e+06   -6.06338e+06
 Pressure (bar)
    0.00000e+00

           Step           Time
            180      180.00000

   Energies (kJ/mol)
           Bond       G96Angle        LJ (SR)   Coulomb (SR)      Potential
    4.74967e+05    1.02770e+05   -5.25509e+06   -1.40735e+06   -6.08470e+06
 Pressure (bar)
    0.00000e+00

           Step           Time
            181      181.00000

           Step           Time
            182      182.00000

   Energies (kJ/mol)
           Bond       G96Angle        LJ (SR)   Coulomb (SR)      Potential
    4.74801e+05    1.02790e+05   -5.25693e+06   -1.40775e+06   -6.08709e+06
 Pressure (bar)
    0.00000e+00

           Step           Time
            183      183.00000

   Energies (kJ/mol)
           Bond       G96Angle        LJ (SR)   Coulomb (SR)      Potential
    4.73219e+05    1.03006e+05   -5.25921e+06   -1.41178e+06   -6.09477e+06
 Pressure (bar)
    0.00000e+00

           Step           Time
            184      184.00000

   Energies (kJ/mol)
           Bond       G96Angle        LJ (SR)   Coulomb (SR)      Potential
    4.72394e+05    1.03130e+05   -5.26109e+06   -1.41407e+06   -6.09963e+06
 Pressure (bar)
    0.00000e+00

           Step           Time
            185      185.00000

   Energies (kJ/mol)
           Bond       G96Angle        LJ (SR)   Coulomb (SR)      Potential
    4.69772e+05    1.03539e+05   -5.26305e+06   -1.42120e+06   -6.11094e+06
 Pressure (bar)
    0.00000e+00

           Step           Time
            186      186.00000

   Energies (kJ/mol)
           Bond       G96Angle        LJ (SR)   Coulomb (SR)      Potential
    4.69759e+05    1.03563e+05   -5.26325e+06   -1.42165e+06   -6.11158e+06
 Pressure (bar)
    0.00000e+00

           Step           Time
            187      187.00000

           Step           Time
            188      188.00000

   Energies (kJ/mol)
           Bond       G96Angle        LJ (SR)   Coulomb (SR)      Potential
    4.69676e+05    1.03579e+05   -5.26612e+06   -1.42195e+06   -6.11482e+06
 Pressure (bar)
    0.00000e+00

           Step           Time
            189      189.00000

   Energies (kJ/mol)
           Bond       G96Angle        LJ (SR)   Coulomb (SR)      Potential
    4.67660e+05    1.03847e+05   -5.26975e+06   -1.42659e+06   -6.12483e+06
 Pressure (bar)
    0.00000e+00

           Step           Time
            190      190.00000

   Energies (kJ/mol)
           Bond       G96Angle        LJ (SR)   Coulomb (SR)      Potential
    4.57809e+05    1.05509e+05   -5.28575e+06   -1.45198e+06   -6.17441e+06
 Pressure (bar)
    0.00000e+00

           Step           Time
            191      191.00000

   Energies (kJ/mol)
           Bond       G96Angle        LJ (SR)   Coulomb (SR)      Potential
    4.56936e+05    1.05622e+05   -5.28897e+06   -1.45413e+06   -6.18054e+06
 Pressure (bar)
    0.00000e+00

           Step           Time
            192      192.00000

   Energies (kJ/mol)
           Bond       G96Angle        LJ (SR)   Coulomb (SR)      Potential
    4.52272e+05    1.06272e+05   -5.29499e+06   -1.46551e+06   -6.20196e+06
 Pressure (bar)
    0.00000e+00

           Step           Time
            193      193.00000

           Step           Time
            194      194.00000

           Step           Time
            195      195.00000

   Energies (kJ/mol)
           Bond       G96Angle        LJ (SR)   Coulomb (SR)      Potential
    4.52164e+05    1.06281e+05   -5.29762e+06   -1.46567e+06   -6.20484e+06
 Pressure (bar)
    0.00000e+00

           Step           Time
            196      196.00000

   Energies (kJ/mol)
           Bond       G96Angle        LJ (SR)   Coulomb (SR)      Potential
    4.51097e+05    1.06425e+05   -5.30053e+06   -1.46837e+06   -6.21138e+06
 Pressure (bar)
    0.00000e+00

           Step           Time
            197      197.00000

   Energies (kJ/mol)
           Bond       G96Angle        LJ (SR)   Coulomb (SR)      Potential
    4.47802e+05    1.06863e+05   -5.30625e+06   -1.47638e+06   -6.22796e+06
 Pressure (bar)
    0.00000e+00

           Step           Time
            198      198.00000

   Energies (kJ/mol)
           Bond       G96Angle        LJ (SR)   Coulomb (SR)      Potential
    4.42761e+05    1.07620e+05   -5.31498e+06   -1.48888e+06   -6.25348e+06
 Pressure (bar)
    0.00000e+00

           Step           Time
            199      199.00000

   Energies (kJ/mol)
           Bond       G96Angle        LJ (SR)   Coulomb (SR)      Potential
    4.41972e+05    1.07725e+05   -5.31707e+06   -1.49099e+06   -6.25836e+06
 Pressure (bar)
    0.00000e+00

           Step           Time
            200      200.00000

           Step           Time
            201      201.00000

   Energies (kJ/mol)
           Bond       G96Angle        LJ (SR)   Coulomb (SR)      Potential
    4.41679e+05    1.07759e+05   -5.31827e+06   -1.49170e+06   -6.26054e+06
 Pressure (bar)
    0.00000e+00

           Step           Time
            202      202.00000

   Energies (kJ/mol)
           Bond       G96Angle        LJ (SR)   Coulomb (SR)      Potential
    4.39918e+05    1.07981e+05   -5.32162e+06   -1.49601e+06   -6.26973e+06
 Pressure (bar)
    0.00000e+00

           Step           Time
            203      203.00000

   Energies (kJ/mol)
           Bond       G96Angle        LJ (SR)   Coulomb (SR)      Potential
    4.38587e+05    1.08151e+05   -5.32418e+06   -1.49931e+06   -6.27676e+06
 Pressure (bar)
    0.00000e+00

           Step           Time
            204      204.00000

   Energies (kJ/mol)
           Bond       G96Angle        LJ (SR)   Coulomb (SR)      Potential
    4.37460e+05    1.08305e+05   -5.32669e+06   -1.50225e+06   -6.28317e+06
 Pressure (bar)
    0.00000e+00

           Step           Time
            205      205.00000

   Energies (kJ/mol)
           Bond       G96Angle        LJ (SR)   Coulomb (SR)      Potential
    4.34402e+05    1.08714e+05   -5.32993e+06   -1.50935e+06   -6.29617e+06
 Pressure (bar)
    0.00000e+00

           Step           Time
            206      206.00000

   Energies (kJ/mol)
           Bond       G96Angle        LJ (SR)   Coulomb (SR)      Potential
    4.34587e+05    1.08732e+05   -5.33016e+06   -1.50974e+06   -6.29657e+06
 Pressure (bar)
    0.00000e+00

           Step           Time
            207      207.00000

           Step           Time
            208      208.00000

           Step           Time
            209      209.00000

   Energies (kJ/mol)
           Bond       G96Angle        LJ (SR)   Coulomb (SR)      Potential
    4.34447e+05    1.08740e+05   -5.33264e+06   -1.50994e+06   -6.29940e+06
 Pressure (bar)
    0.00000e+00

           Step           Time
            210      210.00000

   Energies (kJ/mol)
           Bond       G96Angle        LJ (SR)   Coulomb (SR)      Potential
    4.33608e+05    1.08826e+05   -5.33363e+06   -1.51170e+06   -6.30289e+06
 Pressure (bar)
    0.00000e+00

           Step           Time
            211      211.00000

   Energies (kJ/mol)
           Bond       G96Angle        LJ (SR)   Coulomb (SR)      Potential
    4.33471e+05    1.08846e+05   -5.33507e+06   -1.51212e+06   -6.30487e+06
 Pressure (bar)
    0.00000e+00

           Step           Time
            212      212.00000

   Energies (kJ/mol)
           Bond       G96Angle        LJ (SR)   Coulomb (SR)      Potential
    4.29096e+05    1.09349e+05   -5.34221e+06   -1.52063e+06   -6.32439e+06
 Pressure (bar)
    0.00000e+00

           Step           Time
            213      213.00000

   Energies (kJ/mol)
           Bond       G96Angle        LJ (SR)   Coulomb (SR)      Potential
    4.28547e+05    1.09425e+05   -5.34343e+06   -1.52237e+06   -6.32783e+06
 Pressure (bar)
    0.00000e+00

           Step           Time
            214      214.00000

   Energies (kJ/mol)
           Bond       G96Angle        LJ (SR)   Coulomb (SR)      Potential
    4.28161e+05    1.09472e+05   -5.34525e+06   -1.52343e+06   -6.33105e+06
 Pressure (bar)
    0.00000e+00

           Step           Time
            215      215.00000

   Energies (kJ/mol)
           Bond       G96Angle        LJ (SR)   Coulomb (SR)      Potential
    4.19291e+05    1.10765e+05   -5.35614e+06   -1.54282e+06   -6.36890e+06
 Pressure (bar)
    0.00000e+00

           Step           Time
            216      216.00000

           Step           Time
            217      217.00000

   Energies (kJ/mol)
           Bond       G96Angle        LJ (SR)   Coulomb (SR)      Potential
    4.19234e+05    1.10768e+05   -5.35998e+06   -1.54290e+06   -6.37288e+06
 Pressure (bar)
    0.00000e+00

           Step           Time
            218      218.00000

   Energies (kJ/mol)
           Bond       G96Angle        LJ (SR)   Coulomb (SR)      Potential
    4.18177e+05    1.10830e+05   -5.36523e+06   -1.54433e+06   -6.38055e+06
 Pressure (bar)
    0.00000e+00

           Step           Time
            219      219.00000

   Energies (kJ/mol)
           Bond       G96Angle        LJ (SR)   Coulomb (SR)      Potential
    4.15662e+05    1.11034e+05   -5.36414e+06   -1.55010e+06   -6.38754e+06
 Pressure (bar)
    0.00000e+00

           Step           Time
            220      220.00000

   Energies (kJ/mol)
           Bond       G96Angle        LJ (SR)   Coulomb (SR)      Potential
    4.16070e+05    1.11037e+05   -5.37089e+06   -1.55021e+06   -6.39399e+06
 Pressure (bar)
    0.00000e+00

           Step           Time
            221      221.00000

   Energies (kJ/mol)
           Bond       G96Angle        LJ (SR)   Coulomb (SR)      Potential
    4.13594e+05    1.11283e+05   -5.37316e+06   -1.55637e+06   -6.40465e+06
 Pressure (bar)
    0.00000e+00

           Step           Time
            222      222.00000

           Step           Time
            223      223.00000

   Energies (kJ/mol)
           Bond       G96Angle        LJ (SR)   Coulomb (SR)      Potential
    4.13543e+05    1.11292e+05   -5.37617e+06   -1.55669e+06   -6.40802e+06
 Pressure (bar)
    0.00000e+00

           Step           Time
            224      224.00000

   Energies (kJ/mol)
           Bond       G96Angle        LJ (SR)   Coulomb (SR)      Potential
    4.11820e+05    1.11394e+05   -5.37946e+06   -1.55933e+06   -6.41558e+06
 Pressure (bar)
    0.00000e+00

           Step           Time
            225      225.00000

           Step           Time
            226      226.00000

   Energies (kJ/mol)
           Bond       G96Angle        LJ (SR)   Coulomb (SR)      Potential
    4.10622e+05    1.11479e+05   -5.38171e+06   -1.56169e+06   -6.42129e+06
 Pressure (bar)
    0.00000e+00

           Step           Time
            227      227.00000

   Energies (kJ/mol)
           Bond       G96Angle        LJ (SR)   Coulomb (SR)      Potential
    4.07684e+05    1.11707e+05   -5.38380e+06   -1.56657e+06   -6.43098e+06
 Pressure (bar)
    0.00000e+00

           Step           Time
            228      228.00000

   Energies (kJ/mol)
           Bond       G96Angle        LJ (SR)   Coulomb (SR)      Potential
    4.07748e+05    1.11712e+05   -5.38707e+06   -1.56675e+06   -6.43437e+06
 Pressure (bar)
    0.00000e+00

           Step           Time
            229      229.00000

           Step           Time
            230      230.00000

   Energies (kJ/mol)
           Bond       G96Angle        LJ (SR)   Coulomb (SR)      Potential
    4.06601e+05    1.11779e+05   -5.38942e+06   -1.56894e+06   -6.43998e+06
 Pressure (bar)
    0.00000e+00

           Step           Time
            231      231.00000

   Energies (kJ/mol)
           Bond       G96Angle        LJ (SR)   Coulomb (SR)      Potential
    4.04759e+05    1.11914e+05   -5.39291e+06   -1.57262e+06   -6.44886e+06
 Pressure (bar)
    0.00000e+00

           Step           Time
            232      232.00000

   Energies (kJ/mol)
           Bond       G96Angle        LJ (SR)   Coulomb (SR)      Potential
    4.03876e+05    1.11971e+05   -5.39496e+06   -1.57442e+06   -6.45353e+06
 Pressure (bar)
    0.00000e+00

           Step           Time
            233      233.00000

   Energies (kJ/mol)
           Bond       G96Angle        LJ (SR)   Coulomb (SR)      Potential
    4.01856e+05    1.12112e+05   -5.39380e+06   -1.57801e+06   -6.45784e+06
 Pressure (bar)
    0.00000e+00

           Step           Time
            234      234.00000

   Energies (kJ/mol)
           Bond       G96Angle        LJ (SR)   Coulomb (SR)      Potential
    4.02013e+05    1.12115e+05   -5.39567e+06   -1.57813e+06   -6.45967e+06
 Pressure (bar)
    0.00000e+00

           Step           Time
            235      235.00000

           Step           Time
            236      236.00000

   Energies (kJ/mol)
           Bond       G96Angle        LJ (SR)   Coulomb (SR)      Potential
    4.02166e+05    1.12118e+05   -5.39801e+06   -1.57824e+06   -6.46197e+06
 Pressure (bar)
    0.00000e+00

           Step           Time
            237      237.00000

   Energies (kJ/mol)
           Bond       G96Angle        LJ (SR)   Coulomb (SR)      Potential
    4.01974e+05    1.12129e+05   -5.39895e+06   -1.57867e+06   -6.46352e+06
 Pressure (bar)
    0.00000e+00

           Step           Time
            238      238.00000

   Energies (kJ/mol)
           Bond       G96Angle        LJ (SR)   Coulomb (SR)      Potential
    4.01578e+05    1.12161e+05   -5.39940e+06   -1.57983e+06   -6.46549e+06
 Pressure (bar)
    0.00000e+00

           Step           Time
            239      239.00000

   Energies (kJ/mol)
           Bond       G96Angle        LJ (SR)   Coulomb (SR)      Potential
    4.01578e+05    1.12182e+05   -5.39869e+06   -1.58057e+06   -6.46550e+06
 Pressure (bar)
    0.00000e+00

           Step           Time
            240      240.00000

           Step           Time
            241      241.00000

   Energies (kJ/mol)
           Bond       G96Angle        LJ (SR)   Coulomb (SR)      Potential
    4.01508e+05    1.12188e+05   -5.40013e+06   -1.58078e+06   -6.46721e+06
 Pressure (bar)
    0.00000e+00

           Step           Time
            242      242.00000

   Energies (kJ/mol)
           Bond       G96Angle        LJ (SR)   Coulomb (SR)      Potential
    4.01344e+05    1.12200e+05   -5.40159e+06   -1.58121e+06   -6.46925e+06
 Pressure (bar)
    0.00000e+00

           Step           Time
            243      243.00000

   Energies (kJ/mol)
           Bond       G96Angle        LJ (SR)   Coulomb (SR)      Potential
    3.99404e+05    1.12290e+05   -5.40460e+06   -1.58360e+06   -6.47651e+06
 Pressure (bar)
    0.00000e+00

           Step           Time
            244      244.00000

   Energies (kJ/mol)
           Bond       G96Angle        LJ (SR)   Coulomb (SR)      Potential
    3.97700e+05    1.12398e+05   -5.40746e+06   -1.58677e+06   -6.48414e+06
 Pressure (bar)
    0.00000e+00

           Step           Time
            245      245.00000

           Step           Time
            246      246.00000

   Energies (kJ/mol)
           Bond       G96Angle        LJ (SR)   Coulomb (SR)      Potential
    3.97411e+05    1.12418e+05   -5.40914e+06   -1.58766e+06   -6.48697e+06
 Pressure (bar)
    0.00000e+00

           Step           Time
            247      247.00000

   Energies (kJ/mol)
           Bond       G96Angle        LJ (SR)   Coulomb (SR)      Potential
    3.94861e+05    1.12546e+05   -5.41253e+06   -1.59166e+06   -6.49678e+06
 Pressure (bar)
    0.00000e+00

           Step           Time
            248      248.00000

   Energies (kJ/mol)
           Bond       G96Angle        LJ (SR)   Coulomb (SR)      Potential
    3.94641e+05    1.12567e+05   -5.41453e+06   -1.59271e+06   -6.50003e+06
 Pressure (bar)
    0.00000e+00

           Step           Time
            249      249.00000

   Energies (kJ/mol)
           Bond       G96Angle        LJ (SR)   Coulomb (SR)      Potential
    3.90657e+05    1.12792e+05   -5.41922e+06   -1.59863e+06   -6.51440e+06
 Pressure (bar)
    0.00000e+00

           Step           Time
            250      250.00000

           Step           Time
            251      251.00000

           Step           Time
            252      252.00000

   Energies (kJ/mol)
           Bond       G96Angle        LJ (SR)   Coulomb (SR)      Potential
    3.90596e+05    1.12796e+05   -5.42159e+06   -1.59886e+06   -6.51706e+06
 Pressure (bar)
    0.00000e+00

           Step           Time
            253      253.00000

   Energies (kJ/mol)
           Bond       G96Angle        LJ (SR)   Coulomb (SR)      Potential
    3.89683e+05    1.12817e+05   -5.42417e+06   -1.60042e+06   -6.52209e+06
 Pressure (bar)
    0.00000e+00

           Step           Time
            254      254.00000

   Energies (kJ/mol)
           Bond       G96Angle        LJ (SR)   Coulomb (SR)      Potential
    3.88454e+05    1.12862e+05   -5.42683e+06   -1.60325e+06   -6.52876e+06
 Pressure (bar)
    0.00000e+00

           Step           Time
            255      255.00000

   Energies (kJ/mol)
           Bond       G96Angle        LJ (SR)   Coulomb (SR)      Potential
    3.86390e+05    1.12934e+05   -5.43060e+06   -1.60680e+06   -6.53808e+06
 Pressure (bar)
    0.00000e+00

           Step           Time
            256      256.00000

   Energies (kJ/mol)
           Bond       G96Angle        LJ (SR)   Coulomb (SR)      Potential
    3.83136e+05    1.13062e+05   -5.43496e+06   -1.61129e+06   -6.55005e+06
 Pressure (bar)
    0.00000e+00

           Step           Time
            257      257.00000

   Energies (kJ/mol)
           Bond       G96Angle        LJ (SR)   Coulomb (SR)      Potential
    3.81764e+05    1.13079e+05   -5.43999e+06   -1.61268e+06   -6.55783e+06
 Pressure (bar)
    0.00000e+00

           Step           Time
            258      258.00000

   Energies (kJ/mol)
           Bond       G96Angle        LJ (SR)   Coulomb (SR)      Potential
    3.81786e+05    1.13081e+05   -5.44194e+06   -1.61319e+06   -6.56027e+06
 Pressure (bar)
    0.00000e+00

           Step           Time
            259      259.00000

           Step           Time
            260      260.00000

   Energies (kJ/mol)
           Bond       G96Angle        LJ (SR)   Coulomb (SR)      Potential
    3.79424e+05    1.13133e+05   -5.44403e+06   -1.61949e+06   -6.57097e+06
 Pressure (bar)
    0.00000e+00

           Step           Time
            261      261.00000

   Energies (kJ/mol)
           Bond       G96Angle        LJ (SR)   Coulomb (SR)      Potential
    3.76394e+05    1.13176e+05   -5.44381e+06   -1.61984e+06   -6.57408e+06
 Pressure (bar)
    0.00000e+00

           Step           Time
            262      262.00000

   Energies (kJ/mol)
           Bond       G96Angle        LJ (SR)   Coulomb (SR)      Potential
    3.76030e+05    1.13172e+05   -5.45098e+06   -1.61950e+06   -6.58128e+06
 Pressure (bar)
    0.00000e+00

           Step           Time
            263      263.00000

   Energies (kJ/mol)
           Bond       G96Angle        LJ (SR)   Coulomb (SR)      Potential
    3.74055e+05    1.13189e+05   -5.45232e+06   -1.62536e+06   -6.59044e+06
 Pressure (bar)
    0.00000e+00

           Step           Time
            264      264.00000

   Energies (kJ/mol)
           Bond       G96Angle        LJ (SR)   Coulomb (SR)      Potential
    3.73304e+05    1.13183e+05   -5.45391e+06   -1.62522e+06   -6.59264e+06
 Pressure (bar)
    0.00000e+00

           Step           Time
            265      265.00000

           Step           Time
            266      266.00000

   Energies (kJ/mol)
           Bond       G96Angle        LJ (SR)   Coulomb (SR)      Potential
    3.73481e+05    1.13183e+05   -5.45949e+06   -1.62530e+06   -6.59813e+06
 Pressure (bar)
    0.00000e+00

           Step           Time
            267      267.00000

           Step           Time
            268      268.00000

   Energies (kJ/mol)
           Bond       G96Angle        LJ (SR)   Coulomb (SR)      Potential
    3.73249e+05    1.13180e+05   -5.46029e+06   -1.62631e+06   -6.60017e+06
 Pressure (bar)
    0.00000e+00

           Step           Time
            269      269.00000

   Energies (kJ/mol)
           Bond       G96Angle        LJ (SR)   Coulomb (SR)      Potential
    3.72575e+05    1.13175e+05   -5.46119e+06   -1.62812e+06   -6.60356e+06
 Pressure (bar)
    0.00000e+00

           Step           Time
            270      270.00000

   Energies (kJ/mol)
           Bond       G96Angle        LJ (SR)   Coulomb (SR)      Potential
    3.70146e+05    1.13164e+05   -5.46339e+06   -1.63422e+06   -6.61430e+06
 Pressure (bar)
    0.00000e+00

           Step           Time
            271      271.00000

   Energies (kJ/mol)
           Bond       G96Angle        LJ (SR)   Coulomb (SR)      Potential
    3.69765e+05    1.13151e+05   -5.46612e+06   -1.63506e+06   -6.61826e+06
 Pressure (bar)
    0.00000e+00

           Step           Time
            272      272.00000

   Energies (kJ/mol)
           Bond       G96Angle        LJ (SR)   Coulomb (SR)      Potential
    3.67936e+05    1.13115e+05   -5.46836e+06   -1.63770e+06   -6.62500e+06
 Pressure (bar)
    0.00000e+00

           Step           Time
            273      273.00000

           Step           Time
            274      274.00000

   Energies (kJ/mol)
           Bond       G96Angle        LJ (SR)   Coulomb (SR)      Potential
    3.67897e+05    1.13113e+05   -5.46968e+06   -1.63790e+06   -6.62657e+06
 Pressure (bar)
    0.00000e+00

           Step           Time
            275      275.00000

   Energies (kJ/mol)
           Bond       G96Angle        LJ (SR)   Coulomb (SR)      Potential
    3.67252e+05    1.13100e+05   -5.46916e+06   -1.63916e+06   -6.62797e+06
 Pressure (bar)
    0.00000e+00

           Step           Time
            276      276.00000

   Energies (kJ/mol)
           Bond       G96Angle        LJ (SR)   Coulomb (SR)      Potential
    3.67272e+05    1.13097e+05   -5.47084e+06   -1.63930e+06   -6.62977e+06
 Pressure (bar)
    0.00000e+00

           Step           Time
            277      277.00000

           Step           Time
            278      278.00000

   Energies (kJ/mol)
           Bond       G96Angle        LJ (SR)   Coulomb (SR)      Potential
    3.67223e+05    1.13093e+05   -5.47147e+06   -1.63955e+06   -6.63070e+06
 Pressure (bar)
    0.00000e+00

           Step           Time
            279      279.00000

   Energies (kJ/mol)
           Bond       G96Angle        LJ (SR)   Coulomb (SR)      Potential
    3.66876e+05    1.13084e+05   -5.47189e+06   -1.64015e+06   -6.63208e+06
 Pressure (bar)
    0.00000e+00

           Step           Time
            280      280.00000

   Energies (kJ/mol)
           Bond       G96Angle        LJ (SR)   Coulomb (SR)      Potential
    3.66710e+05    1.13078e+05   -5.47264e+06   -1.64063e+06   -6.63348e+06
 Pressure (bar)
    0.00000e+00

           Step           Time
            281      281.00000

   Energies (kJ/mol)
           Bond       G96Angle        LJ (SR)   Coulomb (SR)      Potential
    3.65797e+05    1.13050e+05   -5.47306e+06   -1.64183e+06   -6.63603e+06
 Pressure (bar)
    0.00000e+00

           Step           Time
            282      282.00000

           Step           Time
            283      283.00000

   Energies (kJ/mol)
           Bond       G96Angle        LJ (SR)   Coulomb (SR)      Potential
    3.65730e+05    1.13048e+05   -5.47408e+06   -1.64198e+06   -6.63728e+06
 Pressure (bar)
    0.00000e+00

           Step           Time
            284      284.00000

   Energies (kJ/mol)
           Bond       G96Angle        LJ (SR)   Coulomb (SR)      Potential
    3.65527e+05    1.13039e+05   -5.47450e+06   -1.64258e+06   -6.63851e+06
 Pressure (bar)
    0.00000e+00

           Step           Time
            285      285.00000

   Energies (kJ/mol)
           Bond       G96Angle        LJ (SR)   Coulomb (SR)      Potential
    3.65572e+05    1.13033e+05   -5.47538e+06   -1.64294e+06   -6.63971e+06
 Pressure (bar)
    0.00000e+00

           Step           Time
            286      286.00000

           Step           Time
            287      287.00000

   Energies (kJ/mol)
           Bond       G96Angle        LJ (SR)   Coulomb (SR)      Potential
    3.64955e+05    1.13017e+05   -5.47632e+06   -1.64360e+06   -6.64194e+06
 Pressure (bar)
    0.00000e+00

           Step           Time
            288      288.00000

   Energies (kJ/mol)
           Bond       G96Angle        LJ (SR)   Coulomb (SR)      Potential
    3.64369e+05    1.13000e+05   -5.47745e+06   -1.64434e+06   -6.64442e+06
 Pressure (bar)
    0.00000e+00

           Step           Time
            289      289.00000

   Energies (kJ/mol)
           Bond       G96Angle        LJ (SR)   Coulomb (SR)      Potential
    3.62706e+05    1.12943e+05   -5.47999e+06   -1.64588e+06   -6.65021e+06
 Pressure (bar)
    0.00000e+00

           Step           Time
            290      290.00000

   Energies (kJ/mol)
           Bond       G96Angle        LJ (SR)   Coulomb (SR)      Potential
    3.62526e+05    1.12930e+05   -5.48098e+06   -1.64678e+06   -6.65231e+06
 Pressure (bar)
    0.00000e+00

           Step           Time
            291      291.00000

   Energies (kJ/mol)
           Bond       G96Angle        LJ (SR)   Coulomb (SR)      Potential
    3.62206e+05    1.12908e+05   -5.48128e+06   -1.64790e+06   -6.65406e+06
 Pressure (bar)
    0.00000e+00

           Step           Time
            292      292.00000

           Step           Time
            293      293.00000

   Energies (kJ/mol)
           Bond       G96Angle        LJ (SR)   Coulomb (SR)      Potential
    3.62062e+05    1.12905e+05   -5.48232e+06   -1.64805e+06   -6.65540e+06
 Pressure (bar)
    0.00000e+00

           Step           Time
            294      294.00000

   Energies (kJ/mol)
           Bond       G96Angle        LJ (SR)   Coulomb (SR)      Potential
    3.61731e+05    1.12892e+05   -5.48269e+06   -1.64861e+06   -6.65667e+06
 Pressure (bar)
    0.00000e+00

           Step           Time
            295      295.00000

   Energies (kJ/mol)
           Bond       G96Angle        LJ (SR)   Coulomb (SR)      Potential
    3.61646e+05    1.12881e+05   -5.48298e+06   -1.64902e+06   -6.65748e+06
 Pressure (bar)
    0.00000e+00

           Step           Time
            296      296.00000

           Step           Time
            297      297.00000

   Energies (kJ/mol)
           Bond       G96Angle        LJ (SR)   Coulomb (SR)      Potential
    3.61428e+05    1.12875e+05   -5.48355e+06   -1.64926e+06   -6.65851e+06
 Pressure (bar)
    0.00000e+00

           Step           Time
            298      298.00000

   Energies (kJ/mol)
           Bond       G96Angle        LJ (SR)   Coulomb (SR)      Potential
    3.61188e+05    1.12861e+05   -5.48451e+06   -1.64968e+06   -6.66014e+06
 Pressure (bar)
    0.00000e+00

           Step           Time
            299      299.00000

   Energies (kJ/mol)
           Bond       G96Angle        LJ (SR)   Coulomb (SR)      Potential
    3.59286e+05    1.12781e+05   -5.48742e+06   -1.65100e+06   -6.66635e+06
 Pressure (bar)
    0.00000e+00

           Step           Time
            300      300.00000

   Energies (kJ/mol)
           Bond       G96Angle        LJ (SR)   Coulomb (SR)      Potential
    3.58641e+05    1.12742e+05   -5.48951e+06   -1.65281e+06   -6.67094e+06
 Pressure (bar)
    0.00000e+00

           Step           Time
            301      301.00000

   Energies (kJ/mol)
           Bond       G96Angle        LJ (SR)   Coulomb (SR)      Potential
    3.57594e+05    1.12683e+05   -5.49142e+06   -1.65467e+06   -6.67581e+06
 Pressure (bar)
    0.00000e+00

           Step           Time
            302      302.00000

   Energies (kJ/mol)
           Bond       G96Angle        LJ (SR)   Coulomb (SR)      Potential
    3.56713e+05    1.12600e+05   -5.49321e+06   -1.65585e+06   -6.67975e+06
 Pressure (bar)
    0.00000e+00

           Step           Time
            303      303.00000

           Step           Time
            304      304.00000

   Energies (kJ/mol)
           Bond       G96Angle        LJ (SR)   Coulomb (SR)      Potential
    3.56690e+05    1.12595e+05   -5.49335e+06   -1.65618e+06   -6.68024e+06
 Pressure (bar)
    0.00000e+00

           Step           Time
            305      305.00000

           Step           Time
            306      306.00000

   Energies (kJ/mol)
           Bond       G96Angle        LJ (SR)   Coulomb (SR)      Potential
    3.56617e+05    1.12591e+05   -5.49468e+06   -1.65631e+06   -6.68178e+06
 Pressure (bar)
    0.00000e+00

           Step           Time
            307      307.00000

   Energies (kJ/mol)
           Bond       G96Angle        LJ (SR)   Coulomb (SR)      Potential
    3.55903e+05    1.12563e+05   -5.49581e+06   -1.65743e+06   -6.68478e+06
 Pressure (bar)
    0.00000e+00

           Step           Time
            308      308.00000

   Energies (kJ/mol)
           Bond       G96Angle        LJ (SR)   Coulomb (SR)      Potential
    3.55376e+05    1.12532e+05   -5.49689e+06   -1.65831e+06   -6.68730e+06
 Pressure (bar)
    0.00000e+00

           Step           Time
            309      309.00000

   Energies (kJ/mol)
           Bond       G96Angle        LJ (SR)   Coulomb (SR)      Potential
    3.54193e+05    1.12464e+05   -5.49484e+06   -1.65962e+06   -6.68780e+06
 Pressure (bar)
    0.00000e+00

           Step           Time
            310      310.00000

   Energies (kJ/mol)
           Bond       G96Angle        LJ (SR)   Coulomb (SR)      Potential
    3.54403e+05    1.12462e+05   -5.49878e+06   -1.65970e+06   -6.69162e+06
 Pressure (bar)
    0.00000e+00

           Step           Time
            311      311.00000

           Step           Time
            312      312.00000

   Energies (kJ/mol)
           Bond       G96Angle        LJ (SR)   Coulomb (SR)      Potential
    3.53956e+05    1.12433e+05   -5.49912e+06   -1.66054e+06   -6.69326e+06
 Pressure (bar)
    0.00000e+00

           Step           Time
            313      313.00000

   Energies (kJ/mol)
           Bond       G96Angle        LJ (SR)   Coulomb (SR)      Potential
    3.53960e+05    1.12424e+05   -5.50014e+06   -1.66081e+06   -6.69456e+06
 Pressure (bar)
    0.00000e+00

           Step           Time
            314      314.00000

   Energies (kJ/mol)
           Bond       G96Angle        LJ (SR)   Coulomb (SR)      Potential
    3.52429e+05    1.12331e+05   -5.50174e+06   -1.66208e+06   -6.69906e+06
 Pressure (bar)
    0.00000e+00

           Step           Time
            315      315.00000

   Energies (kJ/mol)
           Bond       G96Angle        LJ (SR)   Coulomb (SR)      Potential
    3.52452e+05    1.12320e+05   -5.50285e+06   -1.66257e+06   -6.70064e+06
 Pressure (bar)
    0.00000e+00

           Step           Time
            316      316.00000

           Step           Time
            317      317.00000

   Energies (kJ/mol)
           Bond       G96Angle        LJ (SR)   Coulomb (SR)      Potential
    3.51570e+05    1.12264e+05   -5.50453e+06   -1.66370e+06   -6.70440e+06
 Pressure (bar)
    0.00000e+00

           Step           Time
            318      318.00000

   Energies (kJ/mol)
           Bond       G96Angle        LJ (SR)   Coulomb (SR)      Potential
    3.50619e+05    1.12184e+05   -5.50648e+06   -1.66501e+06   -6.70869e+06
 Pressure (bar)
    0.00000e+00

           Step           Time
            319      319.00000

   Energies (kJ/mol)
           Bond       G96Angle        LJ (SR)   Coulomb (SR)      Potential
    3.49495e+05    1.12086e+05   -5.50880e+06   -1.66593e+06   -6.71315e+06
 Pressure (bar)
    0.00000e+00

           Step           Time
            320      320.00000

           Step           Time
            321      321.00000

   Energies (kJ/mol)
           Bond       G96Angle        LJ (SR)   Coulomb (SR)      Potential
    3.48860e+05    1.12033e+05   -5.51036e+06   -1.66740e+06   -6.71686e+06
 Pressure (bar)
    0.00000e+00

           Step           Time
            322      322.00000

   Energies (kJ/mol)
           Bond       G96Angle        LJ (SR)   Coulomb (SR)      Potential
    3.48580e+05    1.11999e+05   -5.51134e+06   -1.66821e+06   -6.71897e+06
 Pressure (bar)
    0.00000e+00

           Step           Time
            323      323.00000

   Energies (kJ/mol)
           Bond       G96Angle        LJ (SR)   Coulomb (SR)      Potential
    3.46796e+05    1.11856e+05   -5.51362e+06   -1.66952e+06   -6.72449e+06
 Pressure (bar)
    0.00000e+00

           Step           Time
            324      324.00000

   Energies (kJ/mol)
           Bond       G96Angle        LJ (SR)   Coulomb (SR)      Potential
    3.46662e+05    1.11824e+05   -5.51505e+06   -1.67052e+06   -6.72708e+06
 Pressure (bar)
    0.00000e+00

           Step           Time
            325      325.00000

           Step           Time
            326      326.00000

   Energies (kJ/mol)
           Bond       G96Angle        LJ (SR)   Coulomb (SR)      Potential
    3.46111e+05    1.11769e+05   -5.51618e+06   -1.67163e+06   -6.72992e+06
 Pressure (bar)
    0.00000e+00

           Step           Time
            327      327.00000

   Energies (kJ/mol)
           Bond       G96Angle        LJ (SR)   Coulomb (SR)      Potential
    3.45641e+05    1.11723e+05   -5.51721e+06   -1.67240e+06   -6.73225e+06
 Pressure (bar)
    0.00000e+00

           Step           Time
            328      328.00000

   Energies (kJ/mol)
           Bond       G96Angle        LJ (SR)   Coulomb (SR)      Potential
    3.44979e+05    1.11629e+05   -5.51841e+06   -1.67321e+06   -6.73501e+06
 Pressure (bar)
    0.00000e+00

           Step           Time
            329      329.00000

   Energies (kJ/mol)
           Bond       G96Angle        LJ (SR)   Coulomb (SR)      Potential
    3.44728e+05    1.11602e+05   -5.51953e+06   -1.67388e+06   -6.73709e+06
 Pressure (bar)
    0.00000e+00

           Step           Time
            330      330.00000

           Step           Time
            331      331.00000

   Energies (kJ/mol)
           Bond       G96Angle        LJ (SR)   Coulomb (SR)      Potential
    3.44411e+05    1.11573e+05   -5.52013e+06   -1.67442e+06   -6.73857e+06
 Pressure (bar)
    0.00000e+00

           Step           Time
            332      332.00000

   Energies (kJ/mol)
           Bond       G96Angle        LJ (SR)   Coulomb (SR)      Potential
    3.43944e+05    1.11523e+05   -5.52098e+06   -1.67497e+06   -6.74048e+06
 Pressure (bar)
    0.00000e+00

           Step           Time
            333      333.00000

           Step           Time
            334      334.00000

   Energies (kJ/mol)
           Bond       G96Angle        LJ (SR)   Coulomb (SR)      Potential
    3.43778e+05    1.11506e+05   -5.52153e+06   -1.67532e+06   -6.74157e+06
 Pressure (bar)
    0.00000e+00

           Step           Time
            335      335.00000

   Energies (kJ/mol)
           Bond       G96Angle        LJ (SR)   Coulomb (SR)      Potential
    3.43045e+05    1.11436e+05   -5.52285e+06   -1.67586e+06   -6.74423e+06
 Pressure (bar)
    0.00000e+00

           Step           Time
            336      336.00000

   Energies (kJ/mol)
           Bond       G96Angle        LJ (SR)   Coulomb (SR)      Potential
    3.41731e+05    1.11275e+05   -5.52523e+06   -1.67635e+06   -6.74857e+06
 Pressure (bar)
    0.00000e+00

           Step           Time
            337      337.00000

   Energies (kJ/mol)
           Bond       G96Angle        LJ (SR)   Coulomb (SR)      Potential
    3.40914e+05    1.11186e+05   -5.52732e+06   -1.67818e+06   -6.75340e+06
 Pressure (bar)
    0.00000e+00

           Step           Time
            338      338.00000

   Energies (kJ/mol)
           Bond       G96Angle        LJ (SR)   Coulomb (SR)      Potential
    3.40846e+05    1.11165e+05   -5.52804e+06   -1.67865e+06   -6.75468e+06
 Pressure (bar)
    0.00000e+00

           Step           Time
            339      339.00000

           Step           Time
            340      340.00000

   Energies (kJ/mol)
           Bond       G96Angle        LJ (SR)   Coulomb (SR)      Potential
    3.40528e+05    1.11132e+05   -5.52861e+06   -1.67926e+06   -6.75621e+06
 Pressure (bar)
    0.00000e+00

           Step           Time
            341      341.00000

   Energies (kJ/mol)
           Bond       G96Angle        LJ (SR)   Coulomb (SR)      Potential
    3.40092e+05    1.11078e+05   -5.52883e+06   -1.68003e+06   -6.75769e+06
 Pressure (bar)
    0.00000e+00

           Step           Time
            342      342.00000

   Energies (kJ/mol)
           Bond       G96Angle        LJ (SR)   Coulomb (SR)      Potential
    3.40108e+05    1.11065e+05   -5.52966e+06   -1.68028e+06   -6.75877e+06
 Pressure (bar)
    0.00000e+00

           Step           Time
            343      343.00000

   Energies (kJ/mol)
           Bond       G96Angle        LJ (SR)   Coulomb (SR)      Potential
    3.38936e+05    1.10910e+05   -5.53171e+06   -1.68117e+06   -6.76302e+06
 Pressure (bar)
    0.00000e+00

           Step           Time
            344      344.00000

   Energies (kJ/mol)
           Bond       G96Angle        LJ (SR)   Coulomb (SR)      Potential
    3.37916e+05    1.10794e+05   -5.53307e+06   -1.68252e+06   -6.76689e+06
 Pressure (bar)
    0.00000e+00

           Step           Time
            345      345.00000

           Step           Time
            346      346.00000

   Energies (kJ/mol)
           Bond       G96Angle        LJ (SR)   Coulomb (SR)      Potential
    3.37889e+05    1.10780e+05   -5.53341e+06   -1.68283e+06   -6.76757e+06
 Pressure (bar)
    0.00000e+00

           Step           Time
            347      347.00000

   Energies (kJ/mol)
           Bond       G96Angle        LJ (SR)   Coulomb (SR)      Potential
    3.37935e+05    1.10755e+05   -5.53418e+06   -1.68330e+06   -6.76878e+06
 Pressure (bar)
    0.00000e+00

           Step           Time
            348      348.00000

   Energies (kJ/mol)
           Bond       G96Angle        LJ (SR)   Coulomb (SR)      Potential
    3.37698e+05    1.10721e+05   -5.53391e+06   -1.68381e+06   -6.76930e+06
 Pressure (bar)
    0.00000e+00

           Step           Time
            349      349.00000

   Energies (kJ/mol)
           Bond       G96Angle        LJ (SR)   Coulomb (SR)      Potential
    3.37903e+05    1.10705e+05   -5.53459e+06   -1.68407e+06   -6.77006e+06
 Pressure (bar)
    0.00000e+00

           Step           Time
            350      350.00000

   Energies (kJ/mol)
           Bond       G96Angle        LJ (SR)   Coulomb (SR)      Potential
    3.37958e+05    1.10668e+05   -5.53454e+06   -1.68450e+06   -6.77042e+06
 Pressure (bar)
    0.00000e+00

           Step           Time
            351      351.00000

           Step           Time
            352      352.00000

   Energies (kJ/mol)
           Bond       G96Angle        LJ (SR)   Coulomb (SR)      Potential
    3.37820e+05    1.10654e+05   -5.53537e+06   -1.68473e+06   -6.77162e+06
 Pressure (bar)
    0.00000e+00

           Step           Time
            353      353.00000

   Energies (kJ/mol)
           Bond       G96Angle        LJ (SR)   Coulomb (SR)      Potential
    3.37664e+05    1.10627e+05   -5.53647e+06   -1.68501e+06   -6.77319e+06
 Pressure (bar)
    0.00000e+00

           Step           Time
            354      354.00000

   Energies (kJ/mol)
           Bond       G96Angle        LJ (SR)   Coulomb (SR)      Potential
    3.35921e+05    1.10467e+05   -5.53850e+06   -1.68541e+06   -6.77752e+06
 Pressure (bar)
    0.00000e+00

           Step           Time
            355      355.00000

           Step           Time
            356      356.00000

   Energies (kJ/mol)
           Bond       G96Angle        LJ (SR)   Coulomb (SR)      Potential
    3.35077e+05    1.10354e+05   -5.54023e+06   -1.68692e+06   -6.78172e+06
 Pressure (bar)
    0.00000e+00

           Step           Time
            357      357.00000

   Energies (kJ/mol)
           Bond       G96Angle        LJ (SR)   Coulomb (SR)      Potential
    3.34886e+05    1.10304e+05   -5.54096e+06   -1.68774e+06   -6.78351e+06
 Pressure (bar)
    0.00000e+00

           Step           Time
            358      358.00000

           Step           Time
            359      359.00000

   Energies (kJ/mol)
           Bond       G96Angle        LJ (SR)   Coulomb (SR)      Potential
    3.34660e+05    1.10283e+05   -5.54154e+06   -1.68807e+06   -6.78468e+06
 Pressure (bar)
    0.00000e+00

           Step           Time
            360      360.00000

   Energies (kJ/mol)
           Bond       G96Angle        LJ (SR)   Coulomb (SR)      Potential
    3.34337e+05    1.10237e+05   -5.54163e+06   -1.68855e+06   -6.78561e+06
 Pressure (bar)
    0.00000e+00

           Step           Time
            361      361.00000

   Energies (kJ/mol)
           Bond       G96Angle        LJ (SR)   Coulomb (SR)      Potential
    3.34309e+05    1.10222e+05   -5.54239e+06   -1.68878e+06   -6.78664e+06
 Pressure (bar)
    0.00000e+00

           Step           Time
            362      362.00000

           Step           Time
            363      363.00000

   Energies (kJ/mol)
           Bond       G96Angle        LJ (SR)   Coulomb (SR)      Potential
    3.33892e+05    1.10168e+05   -5.54314e+06   -1.68916e+06   -6.78824e+06
 Pressure (bar)
    0.00000e+00

           Step           Time
            364      364.00000

   Energies (kJ/mol)
           Bond       G96Angle        LJ (SR)   Coulomb (SR)      Potential
    3.33386e+05    1.10106e+05   -5.54399e+06   -1.68963e+06   -6.79013e+06
 Pressure (bar)
    0.00000e+00

           Step           Time
            365      365.00000

   Energies (kJ/mol)
           Bond       G96Angle        LJ (SR)   Coulomb (SR)      Potential
    3.32488e+05    1.09957e+05   -5.54572e+06   -1.69007e+06   -6.79334e+06
 Pressure (bar)
    0.00000e+00

           Step           Time
            366      366.00000

   Energies (kJ/mol)
           Bond       G96Angle        LJ (SR)   Coulomb (SR)      Potential
    3.31997e+05    1.09875e+05   -5.54716e+06   -1.69132e+06   -6.79661e+06
 Pressure (bar)
    0.00000e+00

           Step           Time
            367      367.00000

   Energies (kJ/mol)
           Bond       G96Angle        LJ (SR)   Coulomb (SR)      Potential
    3.31443e+05    1.09780e+05   -5.54768e+06   -1.69229e+06   -6.79876e+06
 Pressure (bar)
    0.00000e+00

           Step           Time
            368      368.00000

           Step           Time
            369      369.00000

   Energies (kJ/mol)
           Bond       G96Angle        LJ (SR)   Coulomb (SR)      Potential
    3.31366e+05    1.09768e+05   -5.54839e+06   -1.69251e+06   -6.79976e+06
 Pressure (bar)
    0.00000e+00

           Step           Time
            370      370.00000

   Energies (kJ/mol)
           Bond       G96Angle        LJ (SR)   Coulomb (SR)      Potential
    3.31107e+05    1.09718e+05   -5.54925e+06   -1.69296e+06   -6.80139e+06
 Pressure (bar)
    0.00000e+00

           Step           Time
            371      371.00000

   Energies (kJ/mol)
           Bond       G96Angle        LJ (SR)   Coulomb (SR)      Potential
    3.30103e+05    1.09548e+05   -5.55062e+06   -1.69350e+06   -6.80446e+06
 Pressure (bar)
    0.00000e+00

           Step           Time
            372      372.00000

           Step           Time
            373      373.00000

   Energies (kJ/mol)
           Bond       G96Angle        LJ (SR)   Coulomb (SR)      Potential
    3.29959e+05    1.09523e+05   -5.55132e+06   -1.69406e+06   -6.80590e+06
 Pressure (bar)
    0.00000e+00

           Step           Time
            374      374.00000

   Energies (kJ/mol)
           Bond       G96Angle        LJ (SR)   Coulomb (SR)      Potential
    3.29735e+05    1.09482e+05   -5.55208e+06   -1.69467e+06   -6.80753e+06
 Pressure (bar)
    0.00000e+00

           Step           Time
            375      375.00000

   Energies (kJ/mol)
           Bond       G96Angle        LJ (SR)   Coulomb (SR)      Potential
    3.28524e+05    1.09266e+05   -5.55429e+06   -1.69495e+06   -6.81145e+06
 Pressure (bar)
    0.00000e+00

           Step           Time
            376      376.00000

   Energies (kJ/mol)
           Bond       G96Angle        LJ (SR)   Coulomb (SR)      Potential
    3.27852e+05    1.09136e+05   -5.55593e+06   -1.69648e+06   -6.81542e+06
 Pressure (bar)
    0.00000e+00

           Step           Time
            377      377.00000

   Energies (kJ/mol)
           Bond       G96Angle        LJ (SR)   Coulomb (SR)      Potential
    3.27621e+05    1.09072e+05   -5.55738e+06   -1.69731e+06   -6.81800e+06
 Pressure (bar)
    0.00000e+00

           Step           Time
            378      378.00000

   Energies (kJ/mol)
           Bond       G96Angle        LJ (SR)   Coulomb (SR)      Potential
    3.26124e+05    1.08756e+05   -5.55632e+06   -1.69823e+06   -6.81967e+06
 Pressure (bar)
    0.00000e+00

           Step           Time
            379      379.00000

           Step           Time
            380      380.00000

   Energies (kJ/mol)
           Bond       G96Angle        LJ (SR)   Coulomb (SR)      Potential
    3.26115e+05    1.08753e+05   -5.55810e+06   -1.69831e+06   -6.82154e+06
 Pressure (bar)
    0.00000e+00

           Step           Time
            381      381.00000

   Energies (kJ/mol)
           Bond       G96Angle        LJ (SR)   Coulomb (SR)      Potential
    3.26117e+05    1.08744e+05   -5.55841e+06   -1.69853e+06   -6.82208e+06
 Pressure (bar)
    0.00000e+00

           Step           Time
            382      382.00000

   Energies (kJ/mol)
           Bond       G96Angle        LJ (SR)   Coulomb (SR)      Potential
    3.26193e+05    1.08734e+05   -5.56013e+06   -1.69877e+06   -6.82397e+06
 Pressure (bar)
    0.00000e+00

           Step           Time
            383      383.00000

   Energies (kJ/mol)
           Bond       G96Angle        LJ (SR)   Coulomb (SR)      Potential
    3.25030e+05    1.08564e+05   -5.56253e+06   -1.69951e+06   -6.82844e+06
 Pressure (bar)
    0.00000e+00

           Step           Time
            384      384.00000

   Energies (kJ/mol)
           Bond       G96Angle        LJ (SR)   Coulomb (SR)      Potential
    3.24966e+05    1.08499e+05   -5.56348e+06   -1.70056e+06   -6.83057e+06
 Pressure (bar)
    0.00000e+00

           Step           Time
            385      385.00000

           Step           Time
            386      386.00000

           Step           Time
            387      387.00000

   Energies (kJ/mol)
           Bond       G96Angle        LJ (SR)   Coulomb (SR)      Potential
    3.24970e+05    1.08491e+05   -5.56425e+06   -1.70071e+06   -6.83149e+06
 Pressure (bar)
    0.00000e+00

           Step           Time
            388      388.00000

   Energies (kJ/mol)
           Bond       G96Angle        LJ (SR)   Coulomb (SR)      Potential
    3.24167e+05    1.08378e+05   -5.56467e+06   -1.70189e+06   -6.83401e+06
 Pressure (bar)
    0.00000e+00

           Step           Time
            389      389.00000

   Energies (kJ/mol)
           Bond       G96Angle        LJ (SR)   Coulomb (SR)      Potential
    3.24119e+05    1.08345e+05   -5.56536e+06   -1.70231e+06   -6.83520e+06
 Pressure (bar)
    0.00000e+00

           Step           Time
            390      390.00000

   Energies (kJ/mol)
           Bond       G96Angle        LJ (SR)   Coulomb (SR)      Potential
    3.23835e+05    1.08291e+05   -5.56612e+06   -1.70271e+06   -6.83670e+06
 Pressure (bar)
    0.00000e+00

           Step           Time
            391      391.00000

   Energies (kJ/mol)
           Bond       G96Angle        LJ (SR)   Coulomb (SR)      Potential
    3.21744e+05    1.07895e+05   -5.56785e+06   -1.70187e+06   -6.84008e+06
 Pressure (bar)
    0.00000e+00

           Step           Time
            392      392.00000

   Energies (kJ/mol)
           Bond       G96Angle        LJ (SR)   Coulomb (SR)      Potential
    3.21511e+05    1.07836e+05   -5.57046e+06   -1.70307e+06   -6.84418e+06
 Pressure (bar)
    0.00000e+00

           Step           Time
            393      393.00000

           Step           Time
            394      394.00000

   Energies (kJ/mol)
           Bond       G96Angle        LJ (SR)   Coulomb (SR)      Potential
    3.20765e+05    1.07682e+05   -5.57202e+06   -1.70531e+06   -6.84888e+06
 Pressure (bar)
    0.00000e+00

           Step           Time
            395      395.00000

   Energies (kJ/mol)
           Bond       G96Angle        LJ (SR)   Coulomb (SR)      Potential
    3.20493e+05    1.07594e+05   -5.57234e+06   -1.70614e+06   -6.85039e+06
 Pressure (bar)
    0.00000e+00

           Step           Time
            396      396.00000

   Energies (kJ/mol)
           Bond       G96Angle        LJ (SR)   Coulomb (SR)      Potential
    3.20505e+05    1.07579e+05   -5.57297e+06   -1.70634e+06   -6.85123e+06
 Pressure (bar)
    0.00000e+00

           Step           Time
            397      397.00000

           Step           Time
            398      398.00000

   Energies (kJ/mol)
           Bond       G96Angle        LJ (SR)   Coulomb (SR)      Potential
    3.20455e+05    1.07560e+05   -5.57347e+06   -1.70655e+06   -6.85201e+06
 Pressure (bar)
    0.00000e+00

           Step           Time
            399      399.00000

   Energies (kJ/mol)
           Bond       G96Angle        LJ (SR)   Coulomb (SR)      Potential
    3.20137e+05    1.07515e+05   -5.57409e+06   -1.70689e+06   -6.85332e+06
 Pressure (bar)
    0.00000e+00

           Step           Time
            400      400.00000

   Energies (kJ/mol)
           Bond       G96Angle        LJ (SR)   Coulomb (SR)      Potential
    3.18781e+05    1.07215e+05   -5.57572e+06   -1.70662e+06   -6.85634e+06
 Pressure (bar)
    0.00000e+00

           Step           Time
            401      401.00000

   Energies (kJ/mol)
           Bond       G96Angle        LJ (SR)   Coulomb (SR)      Potential
    3.18474e+05    1.07143e+05   -5.57422e+06   -1.70793e+06   -6.85653e+06
 Pressure (bar)
    0.00000e+00

           Step           Time
            402      402.00000

   Energies (kJ/mol)
           Bond       G96Angle        LJ (SR)   Coulomb (SR)      Potential
    3.18646e+05    1.07138e+05   -5.57614e+06   -1.70802e+06   -6.85838e+06
 Pressure (bar)
    0.00000e+00

           Step           Time
            403      403.00000

           Step           Time
            404      404.00000

   Energies (kJ/mol)
           Bond       G96Angle        LJ (SR)   Coulomb (SR)      Potential
    3.18637e+05    1.07130e+05   -5.57692e+06   -1.70814e+06   -6.85929e+06
 Pressure (bar)
    0.00000e+00

           Step           Time
            405      405.00000

   Energies (kJ/mol)
           Bond       G96Angle        LJ (SR)   Coulomb (SR)      Potential
    3.18656e+05    1.07115e+05   -5.57705e+06   -1.70839e+06   -6.85966e+06
 Pressure (bar)
    0.00000e+00

           Step           Time
            406      406.00000

   Energies (kJ/mol)
           Bond       G96Angle        LJ (SR)   Coulomb (SR)      Potential
    3.18615e+05    1.07094e+05   -5.57772e+06   -1.70866e+06   -6.86067e+06
 Pressure (bar)
    0.00000e+00

           Step           Time
            407      407.00000

           Step           Time
            408      408.00000

           Step           Time
            409      409.00000

   Energies (kJ/mol)
           Bond       G96Angle        LJ (SR)   Coulomb (SR)      Potential
    3.18505e+05    1.07083e+05   -5.57816e+06   -1.70881e+06   -6.86138e+06
 Pressure (bar)
    0.00000e+00

           Step           Time
            410      410.00000

   Energies (kJ/mol)
           Bond       G96Angle        LJ (SR)   Coulomb (SR)      Potential
    3.17989e+05    1.07002e+05   -5.57867e+06   -1.70939e+06   -6.86307e+06
 Pressure (bar)
    0.00000e+00

           Step           Time
            411      411.00000

   Energies (kJ/mol)
           Bond       G96Angle        LJ (SR)   Coulomb (SR)      Potential
    3.17867e+05    1.06980e+05   -5.57922e+06   -1.70970e+06   -6.86407e+06
 Pressure (bar)
    0.00000e+00

           Step           Time
            412      412.00000

   Energies (kJ/mol)
           Bond       G96Angle        LJ (SR)   Coulomb (SR)      Potential
    3.16422e+05    1.06679e+05   -5.58094e+06   -1.70920e+06   -6.86704e+06
 Pressure (bar)
    0.00000e+00

           Step           Time
            413      413.00000

   Energies (kJ/mol)
           Bond       G96Angle        LJ (SR)   Coulomb (SR)      Potential
    3.15982e+05    1.06564e+05   -5.58309e+06   -1.71081e+06   -6.87136e+06
 Pressure (bar)
    0.00000e+00

           Step           Time
            414      414.00000

   Energies (kJ/mol)
           Bond       G96Angle        LJ (SR)   Coulomb (SR)      Potential
    3.15369e+05    1.06398e+05   -5.58414e+06   -1.71178e+06   -6.87416e+06
 Pressure (bar)
    0.00000e+00

           Step           Time
            415      415.00000

   Energies (kJ/mol)
           Bond       G96Angle        LJ (SR)   Coulomb (SR)      Potential
    3.15107e+05    1.06307e+05   -5.58543e+06   -1.71251e+06   -6.87653e+06
 Pressure (bar)
    0.00000e+00

           Step           Time
            416      416.00000

   Energies (kJ/mol)
           Bond       G96Angle        LJ (SR)   Coulomb (SR)      Potential
    3.13727e+05    1.05957e+05   -5.58671e+06   -1.71221e+06   -6.87924e+06
 Pressure (bar)
    0.00000e+00

           Step           Time
            417      417.00000

           Step           Time
            418      418.00000

   Energies (kJ/mol)
           Bond       G96Angle        LJ (SR)   Coulomb (SR)      Potential
    3.12816e+05    1.05798e+05   -5.58972e+06   -1.71319e+06   -6.88430e+06
 Pressure (bar)
    0.00000e+00

           Step           Time
            419      419.00000

   Energies (kJ/mol)
           Bond       G96Angle        LJ (SR)   Coulomb (SR)      Potential
    3.12460e+05    1.05664e+05   -5.59112e+06   -1.71453e+06   -6.88753e+06
 Pressure (bar)
    0.00000e+00

           Step           Time
            420      420.00000

           Step           Time
            421      421.00000

   Energies (kJ/mol)
           Bond       G96Angle        LJ (SR)   Coulomb (SR)      Potential
    3.11826e+05    1.05476e+05   -5.59202e+06   -1.71560e+06   -6.89031e+06
 Pressure (bar)
    0.00000e+00

           Step           Time
            422      422.00000

   Energies (kJ/mol)
           Bond       G96Angle        LJ (SR)   Coulomb (SR)      Potential
    3.11252e+05    1.05341e+05   -5.59367e+06   -1.71616e+06   -6.89323e+06
 Pressure (bar)
    0.00000e+00

           Step           Time
            423      423.00000

   Energies (kJ/mol)
           Bond       G96Angle        LJ (SR)   Coulomb (SR)      Potential
    3.10318e+05    1.05023e+05   -5.59342e+06   -1.71635e+06   -6.89443e+06
 Pressure (bar)
    0.00000e+00

           Step           Time
            424      424.00000

   Energies (kJ/mol)
           Bond       G96Angle        LJ (SR)   Coulomb (SR)      Potential
    3.09774e+05    1.04928e+05   -5.59768e+06   -1.71670e+06   -6.89967e+06
 Pressure (bar)
    0.00000e+00

           Step           Time
            425      425.00000

   Energies (kJ/mol)
           Bond       G96Angle        LJ (SR)   Coulomb (SR)      Potential
    3.09085e+05    1.04651e+05   -5.59609e+06   -1.71927e+06   -6.90163e+06
 Pressure (bar)
    0.00000e+00

           Step           Time
            426      426.00000

           Step           Time
            427      427.00000

   Energies (kJ/mol)
           Bond       G96Angle        LJ (SR)   Coulomb (SR)      Potential
    3.09004e+05    1.04639e+05   -5.59751e+06   -1.71936e+06   -6.90323e+06
 Pressure (bar)
    0.00000e+00

           Step           Time
            428      428.00000

   Energies (kJ/mol)
           Bond       G96Angle        LJ (SR)   Coulomb (SR)      Potential
    3.08493e+05    1.04530e+05   -5.60043e+06   -1.71922e+06   -6.90663e+06
 Pressure (bar)
    0.00000e+00

           Step           Time
            429      429.00000

   Energies (kJ/mol)
           Bond       G96Angle        LJ (SR)   Coulomb (SR)      Potential
    3.08014e+05    1.04336e+05   -5.60048e+06   -1.72062e+06   -6.90875e+06
 Pressure (bar)
    0.00000e+00

           Step           Time
            430      430.00000

   Energies (kJ/mol)
           Bond       G96Angle        LJ (SR)   Coulomb (SR)      Potential
    3.07819e+05    1.04269e+05   -5.60189e+06   -1.72101e+06   -6.91081e+06
 Pressure (bar)
    0.00000e+00

           Step           Time
            431      431.00000

           Step           Time
            432      432.00000

   Energies (kJ/mol)
           Bond       G96Angle        LJ (SR)   Coulomb (SR)      Potential
    3.07662e+05    1.04222e+05   -5.60237e+06   -1.72138e+06   -6.91186e+06
 Pressure (bar)
    0.00000e+00

           Step           Time
            433      433.00000

   Energies (kJ/mol)
           Bond       G96Angle        LJ (SR)   Coulomb (SR)      Potential
    3.07451e+05    1.04177e+05   -5.60278e+06   -1.72163e+06   -6.91278e+06
 Pressure (bar)
    0.00000e+00

           Step           Time
            434      434.00000

   Energies (kJ/mol)
           Bond       G96Angle        LJ (SR)   Coulomb (SR)      Potential
    3.07310e+05    1.04097e+05   -5.60253e+06   -1.72182e+06   -6.91294e+06
 Pressure (bar)
    0.00000e+00

           Step           Time
            435      435.00000

   Energies (kJ/mol)
           Bond       G96Angle        LJ (SR)   Coulomb (SR)      Potential
    3.07429e+05    1.04058e+05   -5.60323e+06   -1.72212e+06   -6.91386e+06
 Pressure (bar)
    0.00000e+00

           Step           Time
            436      436.00000

           Step           Time
            437      437.00000

   Energies (kJ/mol)
           Bond       G96Angle        LJ (SR)   Coulomb (SR)      Potential
    3.07273e+05    1.04027e+05   -5.60307e+06   -1.72232e+06   -6.91409e+06
 Pressure (bar)
    0.00000e+00

           Step           Time
            438      438.00000

   Energies (kJ/mol)
           Bond       G96Angle        LJ (SR)   Coulomb (SR)      Potential
    3.07268e+05    1.04004e+05   -5.60398e+06   -1.72246e+06   -6.91517e+06
 Pressure (bar)
    0.00000e+00

           Step           Time
            439      439.00000

   Energies (kJ/mol)
           Bond       G96Angle        LJ (SR)   Coulomb (SR)      Potential
    3.06394e+05    1.03813e+05   -5.60457e+06   -1.72194e+06   -6.91630e+06
 Pressure (bar)
    0.00000e+00

           Step           Time
            440      440.00000

   Energies (kJ/mol)
           Bond       G96Angle        LJ (SR)   Coulomb (SR)      Potential
    3.06476e+05    1.03764e+05   -5.60548e+06   -1.72276e+06   -6.91800e+06
 Pressure (bar)
    0.00000e+00

           Step           Time
            441      441.00000

           Step           Time
            442      442.00000

   Energies (kJ/mol)
           Bond       G96Angle        LJ (SR)   Coulomb (SR)      Potential
    3.06348e+05    1.03732e+05   -5.60600e+06   -1.72314e+06   -6.91906e+06
 Pressure (bar)
    0.00000e+00

           Step           Time
            443      443.00000

   Energies (kJ/mol)
           Bond       G96Angle        LJ (SR)   Coulomb (SR)      Potential
    3.05985e+05    1.03653e+05   -5.60663e+06   -1.72345e+06   -6.92044e+06
 Pressure (bar)
    0.00000e+00

           Step           Time
            444      444.00000

   Energies (kJ/mol)
           Bond       G96Angle        LJ (SR)   Coulomb (SR)      Potential
    3.05791e+05    1.03585e+05   -5.60611e+06   -1.72376e+06   -6.92049e+06
 Pressure (bar)
    0.00000e+00

           Step           Time
            445      445.00000

           Step           Time
            446      446.00000

   Energies (kJ/mol)
           Bond       G96Angle        LJ (SR)   Coulomb (SR)      Potential
    3.05770e+05    1.03578e+05   -5.60725e+06   -1.72385e+06   -6.92175e+06
 Pressure (bar)
    0.00000e+00

           Step           Time
            447      447.00000

   Energies (kJ/mol)
           Bond       G96Angle        LJ (SR)   Coulomb (SR)      Potential
    3.05534e+05    1.03522e+05   -5.60779e+06   -1.72407e+06   -6.92281e+06
 Pressure (bar)
    0.00000e+00

           Step           Time
            448      448.00000

   Energies (kJ/mol)
           Bond       G96Angle        LJ (SR)   Coulomb (SR)      Potential
    3.05059e+05    1.03392e+05   -5.60875e+06   -1.72393e+06   -6.92424e+06
 Pressure (bar)
    0.00000e+00

           Step           Time
            449      449.00000

           Step           Time
            450      450.00000

   Energies (kJ/mol)
           Bond       G96Angle        LJ (SR)   Coulomb (SR)      Potential
    3.04610e+05    1.03291e+05   -5.60961e+06   -1.72443e+06   -6.92614e+06
 Pressure (bar)
    0.00000e+00

           Step           Time
            451      451.00000

   Energies (kJ/mol)
           Bond       G96Angle        LJ (SR)   Coulomb (SR)      Potential
    3.04350e+05    1.03196e+05   -5.61042e+06   -1.72494e+06   -6.92781e+06
 Pressure (bar)
    0.00000e+00

           Step           Time
            452      452.00000

   Energies (kJ/mol)
           Bond       G96Angle        LJ (SR)   Coulomb (SR)      Potential
    3.03825e+05    1.03048e+05   -5.61094e+06   -1.72508e+06   -6.92914e+06
 Pressure (bar)
    0.00000e+00

           Step           Time
            453      453.00000

           Step           Time
            454      454.00000

   Energies (kJ/mol)
           Bond       G96Angle        LJ (SR)   Coulomb (SR)      Potential
    3.03740e+05    1.03024e+05   -5.61143e+06   -1.72543e+06   -6.93009e+06
 Pressure (bar)
    0.00000e+00

           Step           Time
            455      455.00000

   Energies (kJ/mol)
           Bond       G96Angle        LJ (SR)   Coulomb (SR)      Potential
    3.03560e+05    1.02963e+05   -5.61209e+06   -1.72586e+06   -6.93142e+06
 Pressure (bar)
    0.00000e+00

           Step           Time
            456      456.00000

   Energies (kJ/mol)
           Bond       G96Angle        LJ (SR)   Coulomb (SR)      Potential
    3.02850e+05    1.02728e+05   -5.61315e+06   -1.72524e+06   -6.93280e+06
 Pressure (bar)
    0.00000e+00

           Step           Time
            457      457.00000

   Energies (kJ/mol)
           Bond       G96Angle        LJ (SR)   Coulomb (SR)      Potential
    3.02624e+05    1.02655e+05   -5.61444e+06   -1.72634e+06   -6.93550e+06
 Pressure (bar)
    0.00000e+00

           Step           Time
            458      458.00000

   Energies (kJ/mol)
           Bond       G96Angle        LJ (SR)   Coulomb (SR)      Potential
    3.01590e+05    1.02330e+05   -5.61519e+06   -1.72550e+06   -6.93677e+06
 Pressure (bar)
    0.00000e+00

           Step           Time
            459      459.00000

   Energies (kJ/mol)
           Bond       G96Angle        LJ (SR)   Coulomb (SR)      Potential
    3.01010e+05    1.02098e+05   -5.61412e+06   -1.72610e+06   -6.93711e+06
 Pressure (bar)
    0.00000e+00

           Step           Time
            460      460.00000

   Energies (kJ/mol)
           Bond       G96Angle        LJ (SR)   Coulomb (SR)      Potential
    3.01352e+05    1.02093e+05   -5.61798e+06   -1.72619e+06   -6.94072e+06
 Pressure (bar)
    0.00000e+00

           Step           Time
            461      461.00000

           Step           Time
            462      462.00000

   Energies (kJ/mol)
           Bond       G96Angle        LJ (SR)   Coulomb (SR)      Potential
    3.00402e+05    1.01967e+05   -5.62004e+06   -1.72723e+06   -6.94490e+06
 Pressure (bar)
    0.00000e+00

           Step           Time
            463      463.00000

   Energies (kJ/mol)
           Bond       G96Angle        LJ (SR)   Coulomb (SR)      Potential
    3.00257e+05    1.01811e+05   -5.61826e+06   -1.72890e+06   -6.94509e+06
 Pressure (bar)
    0.00000e+00

           Step           Time
            464      464.00000

   Energies (kJ/mol)
           Bond       G96Angle        LJ (SR)   Coulomb (SR)      Potential
    3.00404e+05    1.01803e+05   -5.62029e+06   -1.72901e+06   -6.94709e+06
 Pressure (bar)
    0.00000e+00

           Step           Time
            465      465.00000

           Step           Time
            466      466.00000

   Energies (kJ/mol)
           Bond       G96Angle        LJ (SR)   Coulomb (SR)      Potential
    3.00041e+05    1.01735e+05   -5.62053e+06   -1.72941e+06   -6.94816e+06
 Pressure (bar)
    0.00000e+00

           Step           Time
            467      467.00000

   Energies (kJ/mol)
           Bond       G96Angle        LJ (SR)   Coulomb (SR)      Potential
    3.00033e+05    1.01715e+05   -5.62117e+06   -1.72962e+06   -6.94904e+06
 Pressure (bar)
    0.00000e+00

           Step           Time
            468      468.00000

   Energies (kJ/mol)
           Bond       G96Angle        LJ (SR)   Coulomb (SR)      Potential
    2.99446e+05    1.01458e+05   -5.62105e+06   -1.72957e+06   -6.94972e+06
 Pressure (bar)
    0.00000e+00

           Step           Time
            469      469.00000

           Step           Time
            470      470.00000

   Energies (kJ/mol)
           Bond       G96Angle        LJ (SR)   Coulomb (SR)      Potential
    2.99377e+05    1.01434e+05   -5.62252e+06   -1.73003e+06   -6.95173e+06
 Pressure (bar)
    0.00000e+00

           Step           Time
            471      471.00000

   Energies (kJ/mol)
           Bond       G96Angle        LJ (SR)   Coulomb (SR)      Potential
    2.98871e+05    1.01312e+05   -5.62366e+06   -1.73060e+06   -6.95408e+06
 Pressure (bar)
    0.00000e+00

           Step           Time
            472      472.00000

   Energies (kJ/mol)
           Bond       G96Angle        LJ (SR)   Coulomb (SR)      Potential
    2.98693e+05    1.01241e+05   -5.62444e+06   -1.73118e+06   -6.95568e+06
 Pressure (bar)
    0.00000e+00

           Step           Time
            473      473.00000

           Step           Time
            474      474.00000

   Energies (kJ/mol)
           Bond       G96Angle        LJ (SR)   Coulomb (SR)      Potential
    2.97949e+05    1.01044e+05   -5.62541e+06   -1.73104e+06   -6.95746e+06
 Pressure (bar)
    0.00000e+00

           Step           Time
            475      475.00000

   Energies (kJ/mol)
           Bond       G96Angle        LJ (SR)   Coulomb (SR)      Potential
    2.97638e+05    1.00874e+05   -5.62660e+06   -1.73148e+06   -6.95957e+06
 Pressure (bar)
    0.00000e+00

           Step           Time
            476      476.00000

   Energies (kJ/mol)
           Bond       G96Angle        LJ (SR)   Coulomb (SR)      Potential
    2.97171e+05    1.00734e+05   -5.62776e+06   -1.73222e+06   -6.96208e+06
 Pressure (bar)
    0.00000e+00

           Step           Time
            477      477.00000

           Step           Time
            478      478.00000

   Energies (kJ/mol)
           Bond       G96Angle        LJ (SR)   Coulomb (SR)      Potential
    2.96874e+05    1.00618e+05   -5.62858e+06   -1.73292e+06   -6.96401e+06
 Pressure (bar)
    0.00000e+00

           Step           Time
            479      479.00000

   Energies (kJ/mol)
           Bond       G96Angle        LJ (SR)   Coulomb (SR)      Potential
    2.96681e+05    1.00541e+05   -5.62922e+06   -1.73338e+06   -6.96538e+06
 Pressure (bar)
    0.00000e+00

           Step           Time
            480      480.00000

   Energies (kJ/mol)
           Bond       G96Angle        LJ (SR)   Coulomb (SR)      Potential
    2.95550e+05    1.00184e+05   -5.62983e+06   -1.73195e+06   -6.96605e+06
 Pressure (bar)
    0.00000e+00

           Step           Time
            481      481.00000

   Energies (kJ/mol)
           Bond       G96Angle        LJ (SR)   Coulomb (SR)      Potential
    2.95490e+05    1.00142e+05   -5.63132e+06   -1.73276e+06   -6.96845e+06
 Pressure (bar)
    0.00000e+00

           Step           Time
            482      482.00000

   Energies (kJ/mol)
           Bond       G96Angle        LJ (SR)   Coulomb (SR)      Potential
    2.95068e+05    9.99061e+04   -5.63270e+06   -1.73358e+06   -6.97131e+06
 Pressure (bar)
    0.00000e+00

           Step           Time
            483      483.00000

   Energies (kJ/mol)
           Bond       G96Angle        LJ (SR)   Coulomb (SR)      Potential
    2.94589e+05    9.97165e+04   -5.63300e+06   -1.73413e+06   -6.97282e+06
 Pressure (bar)
    0.00000e+00

           Step           Time
            484      484.00000

           Step           Time
            485      485.00000

   Energies (kJ/mol)
           Bond       G96Angle        LJ (SR)   Coulomb (SR)      Potential
    2.94613e+05    9.97050e+04   -5.63404e+06   -1.73432e+06   -6.97404e+06
 Pressure (bar)
    0.00000e+00

           Step           Time
            486      486.00000

   Energies (kJ/mol)
           Bond       G96Angle        LJ (SR)   Coulomb (SR)      Potential
    2.94554e+05    9.96783e+04   -5.63479e+06   -1.73471e+06   -6.97527e+06
 Pressure (bar)
    0.00000e+00

           Step           Time
            487      487.00000

   Energies (kJ/mol)
           Bond       G96Angle        LJ (SR)   Coulomb (SR)      Potential
    2.94406e+05    9.95993e+04   -5.63495e+06   -1.73547e+06   -6.97642e+06
 Pressure (bar)
    0.00000e+00

           Step           Time
            488      488.00000

           Step           Time
            489      489.00000

   Energies (kJ/mol)
           Bond       G96Angle        LJ (SR)   Coulomb (SR)      Potential
    2.94417e+05    9.95883e+04   -5.63568e+06   -1.73563e+06   -6.97731e+06
 Pressure (bar)
    0.00000e+00

           Step           Time
            490      490.00000

   Energies (kJ/mol)
           Bond       G96Angle        LJ (SR)   Coulomb (SR)      Potential
    2.94144e+05    9.95098e+04   -5.63540e+06   -1.73617e+06   -6.97792e+06
 Pressure (bar)
    0.00000e+00

           Step           Time
            491      491.00000

   Energies (kJ/mol)
           Bond       G96Angle        LJ (SR)   Coulomb (SR)      Potential
    2.94205e+05    9.94935e+04   -5.63621e+06   -1.73636e+06   -6.97887e+06
 Pressure (bar)
    0.00000e+00

           Step           Time
            492      492.00000

   Energies (kJ/mol)
           Bond       G96Angle        LJ (SR)   Coulomb (SR)      Potential
    2.93624e+05    9.92370e+04   -5.63703e+06   -1.73587e+06   -6.98003e+06
 Pressure (bar)
    0.00000e+00

           Step           Time
            493      493.00000

   Energies (kJ/mol)
           Bond       G96Angle        LJ (SR)   Coulomb (SR)      Potential
    2.93460e+05    9.91387e+04   -5.63816e+06   -1.73709e+06   -6.98265e+06
 Pressure (bar)
    0.00000e+00

           Step           Time
            494      494.00000

   Energies (kJ/mol)
           Bond       G96Angle        LJ (SR)   Coulomb (SR)      Potential
    2.93291e+05    9.90024e+04   -5.63887e+06   -1.73770e+06   -6.98428e+06
 Pressure (bar)
    0.00000e+00

           Step           Time
            495      495.00000

           Step           Time
            496      496.00000

   Energies (kJ/mol)
           Bond       G96Angle        LJ (SR)   Coulomb (SR)      Potential
    2.92805e+05    9.88601e+04   -5.63927e+06   -1.73774e+06   -6.98534e+06
 Pressure (bar)
    0.00000e+00

           Step           Time
            497      497.00000

           Step           Time
            498      498.00000

   Energies (kJ/mol)
           Bond       G96Angle        LJ (SR)   Coulomb (SR)      Potential
    2.92660e+05    9.88313e+04   -5.64014e+06   -1.73815e+06   -6.98679e+06
 Pressure (bar)
    0.00000e+00

           Step           Time
            499      499.00000

   Energies (kJ/mol)
           Bond       G96Angle        LJ (SR)   Coulomb (SR)      Potential
    2.92347e+05    9.87539e+04   -5.64072e+06   -1.73862e+06   -6.98824e+06
 Pressure (bar)
    0.00000e+00

           Step           Time
            500      500.00000

   Energies (kJ/mol)
           Bond       G96Angle        LJ (SR)   Coulomb (SR)      Potential
    2.91794e+05    9.85556e+04   -5.64129e+06   -1.73821e+06   -6.98915e+06
 Pressure (bar)
    0.00000e+00

           Step           Time
            501      501.00000

   Energies (kJ/mol)
           Bond       G96Angle        LJ (SR)   Coulomb (SR)      Potential
    2.91739e+05    9.85088e+04   -5.64216e+06   -1.73890e+06   -6.99081e+06
 Pressure (bar)
    0.00000e+00

           Step           Time
            502      502.00000

   Energies (kJ/mol)
           Bond       G96Angle        LJ (SR)   Coulomb (SR)      Potential
    2.91406e+05    9.83135e+04   -5.64207e+06   -1.73872e+06   -6.99107e+06
 Pressure (bar)
    0.00000e+00

           Step           Time
            503      503.00000

           Step           Time
            504      504.00000

   Energies (kJ/mol)
           Bond       G96Angle        LJ (SR)   Coulomb (SR)      Potential
    2.91410e+05    9.83037e+04   -5.64318e+06   -1.73892e+06   -6.99238e+06
 Pressure (bar)
    0.00000e+00

           Step           Time
            505      505.00000

   Energies (kJ/mol)
           Bond       G96Angle        LJ (SR)   Coulomb (SR)      Potential
    2.91027e+05    9.81737e+04   -5.64440e+06   -1.73965e+06   -6.99486e+06
 Pressure (bar)
    0.00000e+00

           Step           Time
            506      506.00000

           Step           Time
            507      507.00000

   Energies (kJ/mol)
           Bond       G96Angle        LJ (SR)   Coulomb (SR)      Potential
    2.90528e+05    9.80035e+04   -5.64522e+06   -1.73981e+06   -6.99650e+06
 Pressure (bar)
    0.00000e+00

           Step           Time
            508      508.00000

           Step           Time
            509      509.00000

   Energies (kJ/mol)
           Bond       G96Angle        LJ (SR)   Coulomb (SR)      Potential
    2.90056e+05    9.78649e+04   -5.64640e+06   -1.74012e+06   -6.99860e+06
 Pressure (bar)
    0.00000e+00

           Step           Time
            510      510.00000

   Energies (kJ/mol)
           Bond       G96Angle        LJ (SR)   Coulomb (SR)      Potential
    2.89504e+05    9.76319e+04   -5.64686e+06   -1.73986e+06   -6.99959e+06
 Pressure (bar)
    0.00000e+00

           Step           Time
            511      511.00000

   Energies (kJ/mol)
           Bond       G96Angle        LJ (SR)   Coulomb (SR)      Potential
    2.89041e+05    9.74929e+04   -5.64889e+06   -1.74015e+06   -7.00251e+06
 Pressure (bar)
    0.00000e+00

           Step           Time
            512      512.00000

   Energies (kJ/mol)
           Bond       G96Angle        LJ (SR)   Coulomb (SR)      Potential
    2.88893e+05    9.73348e+04   -5.64963e+06   -1.74127e+06   -7.00468e+06
 Pressure (bar)
    0.00000e+00

           Step           Time
            513      513.00000

   Energies (kJ/mol)
           Bond       G96Angle        LJ (SR)   Coulomb (SR)      Potential
    2.88331e+05    9.71375e+04   -5.65006e+06   -1.74107e+06   -7.00567e+06
 Pressure (bar)
    0.00000e+00

           Step           Time
            514      514.00000

   Energies (kJ/mol)
           Bond       G96Angle        LJ (SR)   Coulomb (SR)      Potential
    2.88064e+05    9.69737e+04   -5.65176e+06   -1.74135e+06   -7.00807e+06
 Pressure (bar)
    0.00000e+00

           Step           Time
            515      515.00000

   Energies (kJ/mol)
           Bond       G96Angle        LJ (SR)   Coulomb (SR)      Potential
    2.87656e+05    9.67843e+04   -5.65192e+06   -1.74177e+06   -7.00925e+06
 Pressure (bar)
    0.00000e+00

           Step           Time
            516      516.00000

           Step           Time
            517      517.00000

   Energies (kJ/mol)
           Bond       G96Angle        LJ (SR)   Coulomb (SR)      Potential
    2.87379e+05    9.66786e+04   -5.65432e+06   -1.74218e+06   -7.01244e+06
 Pressure (bar)
    0.00000e+00

           Step           Time
            518      518.00000

   Energies (kJ/mol)
           Bond       G96Angle        LJ (SR)   Coulomb (SR)      Potential
    2.87038e+05    9.64937e+04   -5.65417e+06   -1.74347e+06   -7.01411e+06
 Pressure (bar)
    0.00000e+00

           Step           Time
            519      519.00000

   Energies (kJ/mol)
           Bond       G96Angle        LJ (SR)   Coulomb (SR)      Potential
    2.86669e+05    9.63032e+04   -5.65579e+06   -1.74225e+06   -7.01506e+06
 Pressure (bar)
    0.00000e+00

           Step           Time
            520      520.00000

   Energies (kJ/mol)
           Bond       G96Angle        LJ (SR)   Coulomb (SR)      Potential
    2.86571e+05    9.61470e+04   -5.65611e+06   -1.74401e+06   -7.01740e+06
 Pressure (bar)
    0.00000e+00

           Step           Time
            521      521.00000

   Energies (kJ/mol)
           Bond       G96Angle        LJ (SR)   Coulomb (SR)      Potential
    2.86299e+05    9.60288e+04   -5.65704e+06   -1.74412e+06   -7.01883e+06
 Pressure (bar)
    0.00000e+00

           Step           Time
            522      522.00000

           Step           Time
            523      523.00000

   Energies (kJ/mol)
           Bond       G96Angle        LJ (SR)   Coulomb (SR)      Potential
    2.86286e+05    9.60187e+04   -5.65754e+06   -1.74430e+06   -7.01953e+06
 Pressure (bar)
    0.00000e+00

           Step           Time
            524      524.00000

   Energies (kJ/mol)
           Bond       G96Angle        LJ (SR)   Coulomb (SR)      Potential
    2.86258e+05    9.59765e+04   -5.65798e+06   -1.74478e+06   -7.02053e+06
 Pressure (bar)
    0.00000e+00

           Step           Time
            525      525.00000

   Energies (kJ/mol)
           Bond       G96Angle        LJ (SR)   Coulomb (SR)      Potential
    2.85910e+05    9.58823e+04   -5.65790e+06   -1.74518e+06   -7.02129e+06
 Pressure (bar)
    0.00000e+00

           Step           Time
            526      526.00000

           Step           Time
            527      527.00000

   Energies (kJ/mol)
           Bond       G96Angle        LJ (SR)   Coulomb (SR)      Potential
    2.85915e+05    9.58694e+04   -5.65846e+06   -1.74536e+06   -7.02204e+06
 Pressure (bar)
    0.00000e+00

           Step           Time
            528      528.00000

   Energies (kJ/mol)
           Bond       G96Angle        LJ (SR)   Coulomb (SR)      Potential
    2.85783e+05    9.58082e+04   -5.65874e+06   -1.74560e+06   -7.02274e+06
 Pressure (bar)
    0.00000e+00

           Step           Time
            529      529.00000

   Energies (kJ/mol)
           Bond       G96Angle        LJ (SR)   Coulomb (SR)      Potential
    2.85659e+05    9.57599e+04   -5.65913e+06   -1.74581e+06   -7.02352e+06
 Pressure (bar)
    0.00000e+00

           Step           Time
            530      530.00000

           Step           Time
            531      531.00000

   Energies (kJ/mol)
           Bond       G96Angle        LJ (SR)   Coulomb (SR)      Potential
    2.85490e+05    9.56978e+04   -5.65948e+06   -1.74598e+06   -7.02427e+06
 Pressure (bar)
    0.00000e+00

           Step           Time
            532      532.00000

   Energies (kJ/mol)
           Bond       G96Angle        LJ (SR)   Coulomb (SR)      Potential
    2.85216e+05    9.55985e+04   -5.66004e+06   -1.74581e+06   -7.02504e+06
 Pressure (bar)
    0.00000e+00

           Step           Time
            533      533.00000

   Energies (kJ/mol)
           Bond       G96Angle        LJ (SR)   Coulomb (SR)      Potential
    2.84983e+05    9.54540e+04   -5.66044e+06   -1.74576e+06   -7.02576e+06
 Pressure (bar)
    0.00000e+00

           Step           Time
            534      534.00000

   Energies (kJ/mol)
           Bond       G96Angle        LJ (SR)   Coulomb (SR)      Potential
    2.84884e+05    9.53915e+04   -5.66133e+06   -1.74632e+06   -7.02738e+06
 Pressure (bar)
    0.00000e+00

           Step           Time
            535      535.00000

           Step           Time
            536      536.00000

   Energies (kJ/mol)
           Bond       G96Angle        LJ (SR)   Coulomb (SR)      Potential
    2.84422e+05    9.52269e+04   -5.66203e+06   -1.74638e+06   -7.02877e+06
 Pressure (bar)
    0.00000e+00

           Step           Time
            537      537.00000

           Step           Time
            538      538.00000

           Step           Time
            539      539.00000

   Energies (kJ/mol)
           Bond       G96Angle        LJ (SR)   Coulomb (SR)      Potential
    2.84112e+05    9.51115e+04   -5.66290e+06   -1.74660e+06   -7.03027e+06
 Pressure (bar)
    0.00000e+00

           Step           Time
            540      540.00000

           Step           Time
            541      541.00000

   Energies (kJ/mol)
           Bond       G96Angle        LJ (SR)   Coulomb (SR)      Potential
    2.83786e+05    9.49515e+04   -5.66361e+06   -1.74668e+06   -7.03155e+06
 Pressure (bar)
    0.00000e+00

           Step           Time
            542      542.00000

   Energies (kJ/mol)
           Bond       G96Angle        LJ (SR)   Coulomb (SR)      Potential
    2.83427e+05    9.47966e+04   -5.66442e+06   -1.74671e+06   -7.03291e+06
 Pressure (bar)
    0.00000e+00

           Step           Time
            543      543.00000

   Energies (kJ/mol)
           Bond       G96Angle        LJ (SR)   Coulomb (SR)      Potential
    2.83074e+05    9.46430e+04   -5.66569e+06   -1.74698e+06   -7.03495e+06
 Pressure (bar)
    0.00000e+00

           Step           Time
            544      544.00000

   Energies (kJ/mol)
           Bond       G96Angle        LJ (SR)   Coulomb (SR)      Potential
    2.82815e+05    9.44660e+04   -5.66584e+06   -1.74752e+06   -7.03609e+06
 Pressure (bar)
    0.00000e+00

           Step           Time
            545      545.00000

   Energies (kJ/mol)
           Bond       G96Angle        LJ (SR)   Coulomb (SR)      Potential
    2.82318e+05    9.43246e+04   -5.66780e+06   -1.74727e+06   -7.03842e+06
 Pressure (bar)
    0.00000e+00

           Step           Time
            546      546.00000

   Energies (kJ/mol)
           Bond       G96Angle        LJ (SR)   Coulomb (SR)      Potential
    2.82181e+05    9.41444e+04   -5.66756e+06   -1.74831e+06   -7.03954e+06
 Pressure (bar)
    0.00000e+00

           Step           Time
            547      547.00000

   Energies (kJ/mol)
           Bond       G96Angle        LJ (SR)   Coulomb (SR)      Potential
    2.81702e+05    9.39948e+04   -5.66943e+06   -1.74775e+06   -7.04148e+06
 Pressure (bar)
    0.00000e+00

           Step           Time
            548      548.00000

   Energies (kJ/mol)
           Bond       G96Angle        LJ (SR)   Coulomb (SR)      Potential
    2.81507e+05    9.38180e+04   -5.66957e+06   -1.74877e+06   -7.04301e+06
 Pressure (bar)
    0.00000e+00

           Step           Time
            549      549.00000

   Energies (kJ/mol)
           Bond       G96Angle        LJ (SR)   Coulomb (SR)      Potential
    2.81110e+05    9.36768e+04   -5.67126e+06   -1.74842e+06   -7.04489e+06
 Pressure (bar)
    0.00000e+00

           Step           Time
            550      550.00000

   Energies (kJ/mol)
           Bond       G96Angle        LJ (SR)   Coulomb (SR)      Potential
    2.80931e+05    9.34829e+04   -5.67084e+06   -1.74944e+06   -7.04587e+06
 Pressure (bar)
    0.00000e+00

           Step           Time
            551      551.00000

   Energies (kJ/mol)
           Bond       G96Angle        LJ (SR)   Coulomb (SR)      Potential
    2.80609e+05    9.33670e+04   -5.67361e+06   -1.74909e+06   -7.04872e+06
 Pressure (bar)
    0.00000e+00

           Step           Time
            552      552.00000

           Step           Time
            553      553.00000

   Energies (kJ/mol)
           Bond       G96Angle        LJ (SR)   Coulomb (SR)      Potential
    2.80354e+05    9.32367e+04   -5.67363e+06   -1.75057e+06   -7.05060e+06
 Pressure (bar)
    0.00000e+00

           Step           Time
            554      554.00000

           Step           Time
            555      555.00000

   Energies (kJ/mol)
           Bond       G96Angle        LJ (SR)   Coulomb (SR)      Potential
    2.80051e+05    9.30814e+04   -5.67444e+06   -1.75042e+06   -7.05174e+06
 Pressure (bar)
    0.00000e+00

           Step           Time
            556      556.00000

           Step           Time
            557      557.00000

   Energies (kJ/mol)
           Bond       G96Angle        LJ (SR)   Coulomb (SR)      Potential
    2.79798e+05    9.29546e+04   -5.67521e+06   -1.75104e+06   -7.05350e+06
 Pressure (bar)
    0.00000e+00

           Step           Time
            558      558.00000

   Energies (kJ/mol)
           Bond       G96Angle        LJ (SR)   Coulomb (SR)      Potential
    2.79555e+05    9.27984e+04   -5.67585e+06   -1.75105e+06   -7.05456e+06
 Pressure (bar)
    0.00000e+00

           Step           Time
            559      559.00000

   Energies (kJ/mol)
           Bond       G96Angle        LJ (SR)   Coulomb (SR)      Potential
    2.79313e+05    9.26816e+04   -5.67681e+06   -1.75161e+06   -7.05643e+06
 Pressure (bar)
    0.00000e+00

           Step           Time
            560      560.00000

   Energies (kJ/mol)
           Bond       G96Angle        LJ (SR)   Coulomb (SR)      Potential
    2.79014e+05    9.24949e+04   -5.67714e+06   -1.75163e+06   -7.05726e+06
 Pressure (bar)
    0.00000e+00

           Step           Time
            561      561.00000

   Energies (kJ/mol)
           Bond       G96Angle        LJ (SR)   Coulomb (SR)      Potential
    2.78772e+05    9.23972e+04   -5.67837e+06   -1.75223e+06   -7.05944e+06
 Pressure (bar)
    0.00000e+00

           Step           Time
            562      562.00000

   Energies (kJ/mol)
           Bond       G96Angle        LJ (SR)   Coulomb (SR)      Potential
    2.78445e+05    9.21741e+04   -5.67848e+06   -1.75180e+06   -7.05967e+06
 Pressure (bar)
    0.00000e+00

           Step           Time
            563      563.00000

   Energies (kJ/mol)
           Bond       G96Angle        LJ (SR)   Coulomb (SR)      Potential
    2.78231e+05    9.20969e+04   -5.68009e+06   -1.75271e+06   -7.06248e+06
 Pressure (bar)
    0.00000e+00

           Step           Time
            564      564.00000

           Step           Time
            565      565.00000

   Energies (kJ/mol)
           Bond       G96Angle        LJ (SR)   Coulomb (SR)      Potential
    2.78039e+05    9.19528e+04   -5.68048e+06   -1.75320e+06   -7.06370e+06
 Pressure (bar)
    0.00000e+00

           Step           Time
            566      566.00000

           Step           Time
            567      567.00000

   Energies (kJ/mol)
           Bond       G96Angle        LJ (SR)   Coulomb (SR)      Potential
    2.77712e+05    9.17791e+04   -5.68123e+06   -1.75262e+06   -7.06436e+06
 Pressure (bar)
    0.00000e+00

           Step           Time
            568      568.00000

   Energies (kJ/mol)
           Bond       G96Angle        LJ (SR)   Coulomb (SR)      Potential
    2.77413e+05    9.16222e+04   -5.68217e+06   -1.75324e+06   -7.06638e+06
 Pressure (bar)
    0.00000e+00

           Step           Time
            569      569.00000

   Energies (kJ/mol)
           Bond       G96Angle        LJ (SR)   Coulomb (SR)      Potential
    2.77144e+05    9.14838e+04   -5.68315e+06   -1.75356e+06   -7.06808e+06
 Pressure (bar)
    0.00000e+00

           Step           Time
            570      570.00000

   Energies (kJ/mol)
           Bond       G96Angle        LJ (SR)   Coulomb (SR)      Potential
    2.76916e+05    9.13482e+04   -5.68380e+06   -1.75398e+06   -7.06951e+06
 Pressure (bar)
    0.00000e+00

           Step           Time
            571      571.00000

   Energies (kJ/mol)
           Bond       G96Angle        LJ (SR)   Coulomb (SR)      Potential
    2.76703e+05    9.12053e+04   -5.68444e+06   -1.75419e+06   -7.07072e+06
 Pressure (bar)
    0.00000e+00

           Step           Time
            572      572.00000

   Energies (kJ/mol)
           Bond       G96Angle        LJ (SR)   Coulomb (SR)      Potential
    2.76503e+05    9.10864e+04   -5.68534e+06   -1.75457e+06   -7.07233e+06
 Pressure (bar)
    0.00000e+00

           Step           Time
            573      573.00000

   Energies (kJ/mol)
           Bond       G96Angle        LJ (SR)   Coulomb (SR)      Potential
    2.76342e+05    9.09203e+04   -5.68551e+06   -1.75490e+06   -7.07314e+06
 Pressure (bar)
    0.00000e+00

           Step           Time
            574      574.00000

   Energies (kJ/mol)
           Bond       G96Angle        LJ (SR)   Coulomb (SR)      Potential
    2.76170e+05    9.08062e+04   -5.68678e+06   -1.75510e+06   -7.07491e+06
 Pressure (bar)
    0.00000e+00

           Step           Time
            575      575.00000

           Step           Time
            576      576.00000

   Energies (kJ/mol)
           Bond       G96Angle        LJ (SR)   Coulomb (SR)      Potential
    2.75967e+05    9.07144e+04   -5.68741e+06   -1.75581e+06   -7.07654e+06
 Pressure (bar)
    0.00000e+00

           Step           Time
            577      577.00000

           Step           Time
            578      578.00000

   Energies (kJ/mol)
           Bond       G96Angle        LJ (SR)   Coulomb (SR)      Potential
    2.75732e+05    9.06106e+04   -5.68784e+06   -1.75613e+06   -7.07763e+06
 Pressure (bar)
    0.00000e+00

           Step           Time
            579      579.00000

           Step           Time
            580      580.00000

   Energies (kJ/mol)
           Bond       G96Angle        LJ (SR)   Coulomb (SR)      Potential
    2.75452e+05    9.04885e+04   -5.68842e+06   -1.75609e+06   -7.07857e+06
 Pressure (bar)
    0.00000e+00

           Step           Time
            581      581.00000

   Energies (kJ/mol)
           Bond       G96Angle        LJ (SR)   Coulomb (SR)      Potential
    2.75209e+05    9.03128e+04   -5.68870e+06   -1.75558e+06   -7.07876e+06
 Pressure (bar)
    0.00000e+00

           Step           Time
            582      582.00000

   Energies (kJ/mol)
           Bond       G96Angle        LJ (SR)   Coulomb (SR)      Potential
    2.74958e+05    9.02273e+04   -5.69008e+06   -1.75637e+06   -7.08126e+06
 Pressure (bar)
    0.00000e+00

           Step           Time
            583      583.00000

   Energies (kJ/mol)
           Bond       G96Angle        LJ (SR)   Coulomb (SR)      Potential
    2.74696e+05    9.00304e+04   -5.69008e+06   -1.75665e+06   -7.08200e+06
 Pressure (bar)
    0.00000e+00

           Step           Time
            584      584.00000

   Energies (kJ/mol)
           Bond       G96Angle        LJ (SR)   Coulomb (SR)      Potential
    2.74549e+05    8.99587e+04   -5.69130e+06   -1.75736e+06   -7.08415e+06
 Pressure (bar)
    0.00000e+00

           Step           Time
            585      585.00000

   Energies (kJ/mol)
           Bond       G96Angle        LJ (SR)   Coulomb (SR)      Potential
    2.74218e+05    8.97622e+04   -5.69141e+06   -1.75677e+06   -7.08420e+06
 Pressure (bar)
    0.00000e+00

           Step           Time
            586      586.00000

   Energies (kJ/mol)
           Bond       G96Angle        LJ (SR)   Coulomb (SR)      Potential
    2.74077e+05    8.97001e+04   -5.69264e+06   -1.75768e+06   -7.08654e+06
 Pressure (bar)
    0.00000e+00

           Step           Time
            587      587.00000

           Step           Time
            588      588.00000

   Energies (kJ/mol)
           Bond       G96Angle        LJ (SR)   Coulomb (SR)      Potential
    2.73923e+05    8.95760e+04   -5.69298e+06   -1.75819e+06   -7.08767e+06
 Pressure (bar)
    0.00000e+00

           Step           Time
            589      589.00000

           Step           Time
            590      590.00000

   Energies (kJ/mol)
           Bond       G96Angle        LJ (SR)   Coulomb (SR)      Potential
    2.73634e+05    8.94344e+04   -5.69365e+06   -1.75780e+06   -7.08839e+06
 Pressure (bar)
    0.00000e+00

           Step           Time
            591      591.00000

   Energies (kJ/mol)
           Bond       G96Angle        LJ (SR)   Coulomb (SR)      Potential
    2.73431e+05    8.93186e+04   -5.69446e+06   -1.75835e+06   -7.09006e+06
 Pressure (bar)
    0.00000e+00

           Step           Time
            592      592.00000

   Energies (kJ/mol)
           Bond       G96Angle        LJ (SR)   Coulomb (SR)      Potential
    2.73215e+05    8.91844e+04   -5.69493e+06   -1.75860e+06   -7.09114e+06
 Pressure (bar)
    0.00000e+00

           Step           Time
            593      593.00000

   Energies (kJ/mol)
           Bond       G96Angle        LJ (SR)   Coulomb (SR)      Potential
    2.73015e+05    8.90693e+04   -5.69573e+06   -1.75872e+06   -7.09237e+06
 Pressure (bar)
    0.00000e+00

           Step           Time
            594      594.00000

   Energies (kJ/mol)
           Bond       G96Angle        LJ (SR)   Coulomb (SR)      Potential
    2.72825e+05    8.89357e+04   -5.69611e+06   -1.75904e+06   -7.09339e+06
 Pressure (bar)
    0.00000e+00

           Step           Time
            595      595.00000

   Energies (kJ/mol)
           Bond       G96Angle        LJ (SR)   Coulomb (SR)      Potential
    2.72587e+05    8.88262e+04   -5.69691e+06   -1.75914e+06   -7.09464e+06
 Pressure (bar)
    0.00000e+00

           Step           Time
            596      596.00000

   Energies (kJ/mol)
           Bond       G96Angle        LJ (SR)   Coulomb (SR)      Potential
    2.72472e+05    8.87022e+04   -5.69745e+06   -1.75948e+06   -7.09575e+06
 Pressure (bar)
    0.00000e+00

           Step           Time
            597      597.00000

   Energies (kJ/mol)
           Bond       G96Angle        LJ (SR)   Coulomb (SR)      Potential
    2.72271e+05    8.85841e+04   -5.69810e+06   -1.75957e+06   -7.09682e+06
 Pressure (bar)
    0.00000e+00

           Step           Time
            598      598.00000

   Energies (kJ/mol)
           Bond       G96Angle        LJ (SR)   Coulomb (SR)      Potential
    2.72110e+05    8.84644e+04   -5.69865e+06   -1.76000e+06   -7.09807e+06
 Pressure (bar)
    0.00000e+00

           Step           Time
            599      599.00000

           Step           Time
            600      600.00000

   Energies (kJ/mol)
           Bond       G96Angle        LJ (SR)   Coulomb (SR)      Potential
    2.71901e+05    8.83847e+04   -5.69937e+06   -1.76032e+06   -7.09941e+06
 Pressure (bar)
    0.00000e+00

           Step           Time
            601      601.00000

           Step           Time
            602      602.00000

   Energies (kJ/mol)
           Bond       G96Angle        LJ (SR)   Coulomb (SR)      Potential
    2.71735e+05    8.82777e+04   -5.69971e+06   -1.76059e+06   -7.10028e+06
 Pressure (bar)
    0.00000e+00

           Step           Time
            603      603.00000

           Step           Time
            604      604.00000

   Energies (kJ/mol)
           Bond       G96Angle        LJ (SR)   Coulomb (SR)      Potential
    2.71494e+05    8.81278e+04   -5.70019e+06   -1.75994e+06   -7.10051e+06
 Pressure (bar)
    0.00000e+00

           Step           Time
            605      605.00000

   Energies (kJ/mol)
           Bond       G96Angle        LJ (SR)   Coulomb (SR)      Potential
    2.71253e+05    8.79997e+04   -5.70113e+06   -1.76040e+06   -7.10228e+06
 Pressure (bar)
    0.00000e+00

           Step           Time
            606      606.00000

   Energies (kJ/mol)
           Bond       G96Angle        LJ (SR)   Coulomb (SR)      Potential
    2.71075e+05    8.78951e+04   -5.70184e+06   -1.76081e+06   -7.10368e+06
 Pressure (bar)
    0.00000e+00

           Step           Time
            607      607.00000

   Energies (kJ/mol)
           Bond       G96Angle        LJ (SR)   Coulomb (SR)      Potential
    2.70909e+05    8.77631e+04   -5.70207e+06   -1.76112e+06   -7.10452e+06
 Pressure (bar)
    0.00000e+00

           Step           Time
            608      608.00000

   Energies (kJ/mol)
           Bond       G96Angle        LJ (SR)   Coulomb (SR)      Potential
    2.70717e+05    8.76607e+04   -5.70301e+06   -1.76126e+06   -7.10589e+06
 Pressure (bar)
    0.00000e+00

           Step           Time
            609      609.00000

   Energies (kJ/mol)
           Bond       G96Angle        LJ (SR)   Coulomb (SR)      Potential
    2.70539e+05    8.74960e+04   -5.70307e+06   -1.76122e+06   -7.10626e+06
 Pressure (bar)
    0.00000e+00

           Step           Time
            610      610.00000

   Energies (kJ/mol)
           Bond       G96Angle        LJ (SR)   Coulomb (SR)      Potential
    2.70395e+05    8.74184e+04   -5.70441e+06   -1.76167e+06   -7.10827e+06
 Pressure (bar)
    0.00000e+00

           Step           Time
            611      611.00000

           Step           Time
            612      612.00000

   Energies (kJ/mol)
           Bond       G96Angle        LJ (SR)   Coulomb (SR)      Potential
    2.70198e+05    8.73172e+04   -5.70465e+06   -1.76220e+06   -7.10934e+06
 Pressure (bar)
    0.00000e+00

           Step           Time
            613      613.00000

           Step           Time
            614      614.00000

   Energies (kJ/mol)
           Bond       G96Angle        LJ (SR)   Coulomb (SR)      Potential
    2.69959e+05    8.71730e+04   -5.70509e+06   -1.76164e+06   -7.10960e+06
 Pressure (bar)
    0.00000e+00

           Step           Time
            615      615.00000

   Energies (kJ/mol)
           Bond       G96Angle        LJ (SR)   Coulomb (SR)      Potential
    2.69833e+05    8.70810e+04   -5.70599e+06   -1.76240e+06   -7.11148e+06
 Pressure (bar)
    0.00000e+00

           Step           Time
            616      616.00000

   Energies (kJ/mol)
           Bond       G96Angle        LJ (SR)   Coulomb (SR)      Potential
    2.69677e+05    8.69348e+04   -5.70615e+06   -1.76228e+06   -7.11182e+06
 Pressure (bar)
    0.00000e+00

           Step           Time
            617      617.00000

   Energies (kJ/mol)
           Bond       G96Angle        LJ (SR)   Coulomb (SR)      Potential
    2.69497e+05    8.68454e+04   -5.70715e+06   -1.76278e+06   -7.11359e+06
 Pressure (bar)
    0.00000e+00

           Step           Time
            618      618.00000

   Energies (kJ/mol)
           Bond       G96Angle        LJ (SR)   Coulomb (SR)      Potential
    2.69287e+05    8.66849e+04   -5.70729e+06   -1.76243e+06   -7.11375e+06
 Pressure (bar)
    0.00000e+00

           Step           Time
            619      619.00000

   Energies (kJ/mol)
           Bond       G96Angle        LJ (SR)   Coulomb (SR)      Potential
    2.69137e+05    8.66133e+04   -5.70838e+06   -1.76320e+06   -7.11583e+06
 Pressure (bar)
    0.00000e+00

           Step           Time
            620      620.00000

           Step           Time
            621      621.00000

   Energies (kJ/mol)
           Bond       G96Angle        LJ (SR)   Coulomb (SR)      Potential
    2.69009e+05    8.65238e+04   -5.70871e+06   -1.76351e+06   -7.11669e+06
 Pressure (bar)
    0.00000e+00

           Step           Time
            622      622.00000

           Step           Time
            623      623.00000

   Energies (kJ/mol)
           Bond       G96Angle        LJ (SR)   Coulomb (SR)      Potential
    2.68747e+05    8.64023e+04   -5.70919e+06   -1.76315e+06   -7.11718e+06
 Pressure (bar)
    0.00000e+00

           Step           Time
            624      624.00000

   Energies (kJ/mol)
           Bond       G96Angle        LJ (SR)   Coulomb (SR)      Potential
    2.68607e+05    8.62723e+04   -5.70971e+06   -1.76320e+06   -7.11803e+06
 Pressure (bar)
    0.00000e+00

           Step           Time
            625      625.00000

   Energies (kJ/mol)
           Bond       G96Angle        LJ (SR)   Coulomb (SR)      Potential
    2.68392e+05    8.61644e+04   -5.71046e+06   -1.76355e+06   -7.11946e+06
 Pressure (bar)
    0.00000e+00

           Step           Time
            626      626.00000

   Energies (kJ/mol)
           Bond       G96Angle        LJ (SR)   Coulomb (SR)      Potential
    2.68316e+05    8.60415e+04   -5.71089e+06   -1.76389e+06   -7.12042e+06
 Pressure (bar)
    0.00000e+00

           Step           Time
            627      627.00000

   Energies (kJ/mol)
           Bond       G96Angle        LJ (SR)   Coulomb (SR)      Potential
    2.68124e+05    8.59445e+04   -5.71156e+06   -1.76412e+06   -7.12162e+06
 Pressure (bar)
    0.00000e+00

           Step           Time
            628      628.00000

   Energies (kJ/mol)
           Bond       G96Angle        LJ (SR)   Coulomb (SR)      Potential
    2.67994e+05    8.58118e+04   -5.71177e+06   -1.76418e+06   -7.12214e+06
 Pressure (bar)
    0.00000e+00

           Step           Time
            629      629.00000

   Energies (kJ/mol)
           Bond       G96Angle        LJ (SR)   Coulomb (SR)      Potential
    2.67841e+05    8.57270e+04   -5.71275e+06   -1.76451e+06   -7.12369e+06
 Pressure (bar)
    0.00000e+00

           Step           Time
            630      630.00000

           Step           Time
            631      631.00000

   Energies (kJ/mol)
           Bond       G96Angle        LJ (SR)   Coulomb (SR)      Potential
    2.67720e+05    8.56461e+04   -5.71309e+06   -1.76506e+06   -7.12478e+06
 Pressure (bar)
    0.00000e+00

           Step           Time
            632      632.00000

           Step           Time
            633      633.00000

   Energies (kJ/mol)
           Bond       G96Angle        LJ (SR)   Coulomb (SR)      Potential
    2.67518e+05    8.55309e+04   -5.71351e+06   -1.76480e+06   -7.12525e+06
 Pressure (bar)
    0.00000e+00

           Step           Time
            634      634.00000

   Energies (kJ/mol)
           Bond       G96Angle        LJ (SR)   Coulomb (SR)      Potential
    2.67366e+05    8.53784e+04   -5.71377e+06   -1.76439e+06   -7.12541e+06
 Pressure (bar)
    0.00000e+00

           Step           Time
            635      635.00000

   Energies (kJ/mol)
           Bond       G96Angle        LJ (SR)   Coulomb (SR)      Potential
    2.67156e+05    8.52876e+04   -5.71502e+06   -1.76493e+06   -7.12750e+06
 Pressure (bar)
    0.00000e+00

           Step           Time
            636      636.00000

   Energies (kJ/mol)
           Bond       G96Angle        LJ (SR)   Coulomb (SR)      Potential
    2.67023e+05    8.51494e+04   -5.71503e+06   -1.76534e+06   -7.12820e+06
 Pressure (bar)
    0.00000e+00

           Step           Time
            637      637.00000

   Energies (kJ/mol)
           Bond       G96Angle        LJ (SR)   Coulomb (SR)      Potential
    2.66875e+05    8.50689e+04   -5.71602e+06   -1.76573e+06   -7.12980e+06
 Pressure (bar)
    0.00000e+00

           Step           Time
            638      638.00000

           Step           Time
            639      639.00000

   Energies (kJ/mol)
           Bond       G96Angle        LJ (SR)   Coulomb (SR)      Potential
    2.66764e+05    8.49865e+04   -5.71631e+06   -1.76618e+06   -7.13074e+06
 Pressure (bar)
    0.00000e+00

           Step           Time
            640      640.00000

           Step           Time
            641      641.00000

   Energies (kJ/mol)
           Bond       G96Angle        LJ (SR)   Coulomb (SR)      Potential
    2.66602e+05    8.48955e+04   -5.71671e+06   -1.76614e+06   -7.13135e+06
 Pressure (bar)
    0.00000e+00

           Step           Time
            642      642.00000

   Energies (kJ/mol)
           Bond       G96Angle        LJ (SR)   Coulomb (SR)      Potential
    2.66492e+05    8.47489e+04   -5.71705e+06   -1.76570e+06   -7.13151e+06
 Pressure (bar)
    0.00000e+00

           Step           Time
            643      643.00000

   Energies (kJ/mol)
           Bond       G96Angle        LJ (SR)   Coulomb (SR)      Potential
    2.66296e+05    8.46596e+04   -5.71803e+06   -1.76628e+06   -7.13336e+06
 Pressure (bar)
    0.00000e+00

           Step           Time
            644      644.00000

   Energies (kJ/mol)
           Bond       G96Angle        LJ (SR)   Coulomb (SR)      Potential
    2.66130e+05    8.45439e+04   -5.71828e+06   -1.76658e+06   -7.13419e+06
 Pressure (bar)
    0.00000e+00

           Step           Time
            645      645.00000

   Energies (kJ/mol)
           Bond       G96Angle        LJ (SR)   Coulomb (SR)      Potential
    2.65945e+05    8.44467e+04   -5.71891e+06   -1.76668e+06   -7.13520e+06
 Pressure (bar)
    0.00000e+00

           Step           Time
            646      646.00000

   Energies (kJ/mol)
           Bond       G96Angle        LJ (SR)   Coulomb (SR)      Potential
    2.65919e+05    8.43315e+04   -5.71920e+06   -1.76700e+06   -7.13594e+06
 Pressure (bar)
    0.00000e+00

           Step           Time
            647      647.00000

   Energies (kJ/mol)
           Bond       G96Angle        LJ (SR)   Coulomb (SR)      Potential
    2.65720e+05    8.42322e+04   -5.71987e+06   -1.76704e+06   -7.13696e+06
 Pressure (bar)
    0.00000e+00

           Step           Time
            648      648.00000

   Energies (kJ/mol)
           Bond       G96Angle        LJ (SR)   Coulomb (SR)      Potential
    2.65594e+05    8.41223e+04   -5.72039e+06   -1.76717e+06   -7.13785e+06
 Pressure (bar)
    0.00000e+00

           Step           Time
            649      649.00000

   Energies (kJ/mol)
           Bond       G96Angle        LJ (SR)   Coulomb (SR)      Potential
    2.65462e+05    8.40166e+04   -5.72073e+06   -1.76741e+06   -7.13866e+06
 Pressure (bar)
    0.00000e+00

           Step           Time
            650      650.00000

   Energies (kJ/mol)
           Bond       G96Angle        LJ (SR)   Coulomb (SR)      Potential
    2.65406e+05    8.39063e+04   -5.72132e+06   -1.76747e+06   -7.13947e+06
 Pressure (bar)
    0.00000e+00

           Step           Time
            651      651.00000

   Energies (kJ/mol)
           Bond       G96Angle        LJ (SR)   Coulomb (SR)      Potential
    2.65253e+05    8.38154e+04   -5.72190e+06   -1.76785e+06   -7.14069e+06
 Pressure (bar)
    0.00000e+00

           Step           Time
            652      652.00000

           Step           Time
            653      653.00000

   Energies (kJ/mol)
           Bond       G96Angle        LJ (SR)   Coulomb (SR)      Potential
    2.65110e+05    8.37245e+04   -5.72255e+06   -1.76816e+06   -7.14188e+06
 Pressure (bar)
    0.00000e+00

           Step           Time
            654      654.00000

           Step           Time
            655      655.00000

   Energies (kJ/mol)
           Bond       G96Angle        LJ (SR)   Coulomb (SR)      Potential
    2.64895e+05    8.36406e+04   -5.72292e+06   -1.76831e+06   -7.14270e+06
 Pressure (bar)
    0.00000e+00

           Step           Time
            656      656.00000

           Step           Time
            657      657.00000

   Energies (kJ/mol)
           Bond       G96Angle        LJ (SR)   Coulomb (SR)      Potential
    2.64725e+05    8.35087e+04   -5.72317e+06   -1.76798e+06   -7.14292e+06
 Pressure (bar)
    0.00000e+00

           Step           Time
            658      658.00000

   Energies (kJ/mol)
           Bond       G96Angle        LJ (SR)   Coulomb (SR)      Potential
    2.64638e+05    8.34182e+04   -5.72393e+06   -1.76842e+06   -7.14429e+06
 Pressure (bar)
    0.00000e+00

           Step           Time
            659      659.00000

   Energies (kJ/mol)
           Bond       G96Angle        LJ (SR)   Coulomb (SR)      Potential
    2.64432e+05    8.32825e+04   -5.72424e+06   -1.76822e+06   -7.14475e+06
 Pressure (bar)
    0.00000e+00

           Step           Time
            660      660.00000

   Energies (kJ/mol)
           Bond       G96Angle        LJ (SR)   Coulomb (SR)      Potential
    2.64295e+05    8.31877e+04   -5.72507e+06   -1.76857e+06   -7.14616e+06
 Pressure (bar)
    0.00000e+00

           Step           Time
            661      661.00000

   Energies (kJ/mol)
           Bond       G96Angle        LJ (SR)   Coulomb (SR)      Potential
    2.64249e+05    8.30613e+04   -5.72511e+06   -1.76876e+06   -7.14656e+06
 Pressure (bar)
    0.00000e+00

           Step           Time
            662      662.00000

   Energies (kJ/mol)
           Bond       G96Angle        LJ (SR)   Coulomb (SR)      Potential
    2.64165e+05    8.29727e+04   -5.72600e+06   -1.76904e+06   -7.14791e+06
 Pressure (bar)
    0.00000e+00

           Step           Time
            663      663.00000

   Energies (kJ/mol)
           Bond       G96Angle        LJ (SR)   Coulomb (SR)      Potential
    2.63981e+05    8.28526e+04   -5.72630e+06   -1.76914e+06   -7.14861e+06
 Pressure (bar)
    0.00000e+00

           Step           Time
            664      664.00000

   Energies (kJ/mol)
           Bond       G96Angle        LJ (SR)   Coulomb (SR)      Potential
    2.63912e+05    8.27632e+04   -5.72695e+06   -1.76947e+06   -7.14975e+06
 Pressure (bar)
    0.00000e+00

           Step           Time
            665      665.00000

           Step           Time
            666      666.00000

   Energies (kJ/mol)
           Bond       G96Angle        LJ (SR)   Coulomb (SR)      Potential
    2.63771e+05    8.26965e+04   -5.72778e+06   -1.76994e+06   -7.15125e+06
 Pressure (bar)
    0.00000e+00

           Step           Time
            667      667.00000

           Step           Time
            668      668.00000

   Energies (kJ/mol)
           Bond       G96Angle        LJ (SR)   Coulomb (SR)      Potential
    2.63547e+05    8.25903e+04   -5.72781e+06   -1.77012e+06   -7.15180e+06
 Pressure (bar)
    0.00000e+00

           Step           Time
            669      669.00000

           Step           Time
            670      670.00000

   Energies (kJ/mol)
           Bond       G96Angle        LJ (SR)   Coulomb (SR)      Potential
    2.63426e+05    8.25085e+04   -5.72843e+06   -1.77015e+06   -7.15264e+06
 Pressure (bar)
    0.00000e+00

           Step           Time
            671      671.00000

   Energies (kJ/mol)
           Bond       G96Angle        LJ (SR)   Coulomb (SR)      Potential
    2.63274e+05    8.24038e+04   -5.72857e+06   -1.77024e+06   -7.15313e+06
 Pressure (bar)
    0.00000e+00

           Step           Time
            672      672.00000

   Energies (kJ/mol)
           Bond       G96Angle        LJ (SR)   Coulomb (SR)      Potential
    2.63129e+05    8.22940e+04   -5.72936e+06   -1.76994e+06   -7.15388e+06
 Pressure (bar)
    0.00000e+00

           Step           Time
            673      673.00000

   Energies (kJ/mol)
           Bond       G96Angle        LJ (SR)   Coulomb (SR)      Potential
    2.62964e+05    8.21986e+04   -5.72977e+06   -1.77054e+06   -7.15515e+06
 Pressure (bar)
    0.00000e+00

           Step           Time
            674      674.00000

   Energies (kJ/mol)
           Bond       G96Angle        LJ (SR)   Coulomb (SR)      Potential
    2.62862e+05    8.20881e+04   -5.73015e+06   -1.77049e+06   -7.15569e+06
 Pressure (bar)
    0.00000e+00

           Step           Time
            675      675.00000

   Energies (kJ/mol)
           Bond       G96Angle        LJ (SR)   Coulomb (SR)      Potential
    2.62686e+05    8.20044e+04   -5.73074e+06   -1.77085e+06   -7.15691e+06
 Pressure (bar)
    0.00000e+00

           Step           Time
            676      676.00000

   Energies (kJ/mol)
           Bond       G96Angle        LJ (SR)   Coulomb (SR)      Potential
    2.62643e+05    8.18790e+04   -5.73090e+06   -1.77066e+06   -7.15704e+06
 Pressure (bar)
    0.00000e+00

           Step           Time
            677      677.00000

   Energies (kJ/mol)
           Bond       G96Angle        LJ (SR)   Coulomb (SR)      Potential
    2.62484e+05    8.18119e+04   -5.73187e+06   -1.77121e+06   -7.15878e+06
 Pressure (bar)
    0.00000e+00

           Step           Time
            678      678.00000

           Step           Time
            679      679.00000

   Energies (kJ/mol)
           Bond       G96Angle        LJ (SR)   Coulomb (SR)      Potential
    2.62432e+05    8.17288e+04   -5.73201e+06   -1.77168e+06   -7.15952e+06
 Pressure (bar)
    0.00000e+00

           Step           Time
            680      680.00000

           Step           Time
            681      681.00000

   Energies (kJ/mol)
           Bond       G96Angle        LJ (SR)   Coulomb (SR)      Potential
    2.62198e+05    8.16332e+04   -5.73237e+06   -1.77143e+06   -7.15996e+06
 Pressure (bar)
    0.00000e+00

           Step           Time
            682      682.00000

           Step           Time
            683      683.00000

   Energies (kJ/mol)
           Bond       G96Angle        LJ (SR)   Coulomb (SR)      Potential
    2.62173e+05    8.15642e+04   -5.73289e+06   -1.77194e+06   -7.16109e+06
 Pressure (bar)
    0.00000e+00

           Step           Time
            684      684.00000

   Energies (kJ/mol)
           Bond       G96Angle        LJ (SR)   Coulomb (SR)      Potential
    2.62018e+05    8.14703e+04   -5.73318e+06   -1.77174e+06   -7.16143e+06
 Pressure (bar)
    0.00000e+00

           Step           Time
            685      685.00000

   Energies (kJ/mol)
           Bond       G96Angle        LJ (SR)   Coulomb (SR)      Potential
    2.61938e+05    8.13825e+04   -5.73369e+06   -1.77188e+06   -7.16225e+06
 Pressure (bar)
    0.00000e+00

           Step           Time
            686      686.00000

           Step           Time
            687      687.00000

   Energies (kJ/mol)
           Bond       G96Angle        LJ (SR)   Coulomb (SR)      Potential
    2.61794e+05    8.13117e+04   -5.73410e+06   -1.77226e+06   -7.16325e+06
 Pressure (bar)
    0.00000e+00

           Step           Time
            688      688.00000

   Energies (kJ/mol)
           Bond       G96Angle        LJ (SR)   Coulomb (SR)      Potential
    2.61726e+05    8.12272e+04   -5.73439e+06   -1.77236e+06   -7.16379e+06
 Pressure (bar)
    0.00000e+00

           Step           Time
            689      689.00000

   Energies (kJ/mol)
           Bond       G96Angle        LJ (SR)   Coulomb (SR)      Potential
    2.61540e+05    8.11388e+04   -5.73484e+06   -1.77203e+06   -7.16419e+06
 Pressure (bar)
    0.00000e+00

           Step           Time
            690      690.00000

   Energies (kJ/mol)
           Bond       G96Angle        LJ (SR)   Coulomb (SR)      Potential
    2.61450e+05    8.10226e+04   -5.73512e+06   -1.77199e+06   -7.16464e+06
 Pressure (bar)
    0.00000e+00

           Step           Time
            691      691.00000

   Energies (kJ/mol)
           Bond       G96Angle        LJ (SR)   Coulomb (SR)      Potential
    2.61217e+05    8.09310e+04   -5.73586e+06   -1.77209e+06   -7.16579e+06
 Pressure (bar)
    0.00000e+00

           Step           Time
            692      692.00000

   Energies (kJ/mol)
           Bond       G96Angle        LJ (SR)   Coulomb (SR)      Potential
    2.61219e+05    8.08120e+04   -5.73607e+06   -1.77217e+06   -7.16621e+06
 Pressure (bar)
    0.00000e+00

           Step           Time
            693      693.00000

   Energies (kJ/mol)
           Bond       G96Angle        LJ (SR)   Coulomb (SR)      Potential
    2.60941e+05    8.07181e+04   -5.73701e+06   -1.77226e+06   -7.16760e+06
 Pressure (bar)
    0.00000e+00

           Step           Time
            694      694.00000

   Energies (kJ/mol)
           Bond       G96Angle        LJ (SR)   Coulomb (SR)      Potential
    2.60897e+05    8.05862e+04   -5.73686e+06   -1.77228e+06   -7.16765e+06
 Pressure (bar)
    0.00000e+00

           Step           Time
            695      695.00000

   Energies (kJ/mol)
           Bond       G96Angle        LJ (SR)   Coulomb (SR)      Potential
    2.60709e+05    8.05180e+04   -5.73819e+06   -1.77261e+06   -7.16956e+06
 Pressure (bar)
    0.00000e+00

           Step           Time
            696      696.00000

   Energies (kJ/mol)
           Bond       G96Angle        LJ (SR)   Coulomb (SR)      Potential
    2.60674e+05    8.04048e+04   -5.73796e+06   -1.77323e+06   -7.17011e+06
 Pressure (bar)
    0.00000e+00

           Step           Time
            697      697.00000

   Energies (kJ/mol)
           Bond       G96Angle        LJ (SR)   Coulomb (SR)      Potential
    2.60533e+05    8.03229e+04   -5.73883e+06   -1.77309e+06   -7.17107e+06
 Pressure (bar)
    0.00000e+00

           Step           Time
            698      698.00000

   Energies (kJ/mol)
           Bond       G96Angle        LJ (SR)   Coulomb (SR)      Potential
    2.60493e+05    8.02179e+04   -5.73886e+06   -1.77336e+06   -7.17151e+06
 Pressure (bar)
    0.00000e+00

           Step           Time
            699      699.00000

   Energies (kJ/mol)
           Bond       G96Angle        LJ (SR)   Coulomb (SR)      Potential
    2.60423e+05    8.01342e+04   -5.73954e+06   -1.77336e+06   -7.17234e+06
 Pressure (bar)
    0.00000e+00

           Step           Time
            700      700.00000

           Step           Time
            701      701.00000

   Energies (kJ/mol)
           Bond       G96Angle        LJ (SR)   Coulomb (SR)      Potential
    2.60317e+05    8.00740e+04   -5.74022e+06   -1.77395e+06   -7.17378e+06
 Pressure (bar)
    0.00000e+00

           Step           Time
            702      702.00000

           Step           Time
            703      703.00000

   Energies (kJ/mol)
           Bond       G96Angle        LJ (SR)   Coulomb (SR)      Potential
    2.60112e+05    7.99887e+04   -5.74038e+06   -1.77406e+06   -7.17434e+06
 Pressure (bar)
    0.00000e+00

           Step           Time
            704      704.00000

           Step           Time
            705      705.00000

           Step           Time
            706      706.00000

   Energies (kJ/mol)
           Bond       G96Angle        LJ (SR)   Coulomb (SR)      Potential
    2.60072e+05    7.99357e+04   -5.74069e+06   -1.77439e+06   -7.17507e+06
 Pressure (bar)
    0.00000e+00

           Step           Time
            707      707.00000

   Energies (kJ/mol)
           Bond       G96Angle        LJ (SR)   Coulomb (SR)      Potential
    2.59967e+05    7.98570e+04   -5.74090e+06   -1.77430e+06   -7.17538e+06
 Pressure (bar)
    0.00000e+00

           Step           Time
            708      708.00000

   Energies (kJ/mol)
           Bond       G96Angle        LJ (SR)   Coulomb (SR)      Potential
    2.59812e+05    7.97714e+04   -5.74136e+06   -1.77392e+06   -7.17570e+06
 Pressure (bar)
    0.00000e+00

           Step           Time
            709      709.00000

   Energies (kJ/mol)
           Bond       G96Angle        LJ (SR)   Coulomb (SR)      Potential
    2.59735e+05    7.96708e+04   -5.74166e+06   -1.77410e+06   -7.17635e+06
 Pressure (bar)
    0.00000e+00

           Step           Time
            710      710.00000

   Energies (kJ/mol)
           Bond       G96Angle        LJ (SR)   Coulomb (SR)      Potential
    2.59610e+05    7.95768e+04   -5.74229e+06   -1.77410e+06   -7.17720e+06
 Pressure (bar)
    0.00000e+00

           Step           Time
            711      711.00000

   Energies (kJ/mol)
           Bond       G96Angle        LJ (SR)   Coulomb (SR)      Potential
    2.59468e+05    7.94741e+04   -5.74253e+06   -1.77428e+06   -7.17787e+06
 Pressure (bar)
    0.00000e+00

           Step           Time
            712      712.00000

   Energies (kJ/mol)
           Bond       G96Angle        LJ (SR)   Coulomb (SR)      Potential
    2.59335e+05    7.93808e+04   -5.74329e+06   -1.77425e+06   -7.17883e+06
 Pressure (bar)
    0.00000e+00

           Step           Time
            713      713.00000

           Step           Time
            714      714.00000

   Energies (kJ/mol)
           Bond       G96Angle        LJ (SR)   Coulomb (SR)      Potential
    2.59251e+05    7.93151e+04   -5.74382e+06   -1.77487e+06   -7.18013e+06
 Pressure (bar)
    0.00000e+00

           Step           Time
            715      715.00000

           Step           Time
            716      716.00000

   Energies (kJ/mol)
           Bond       G96Angle        LJ (SR)   Coulomb (SR)      Potential
    2.59202e+05    7.92395e+04   -5.74399e+06   -1.77517e+06   -7.18072e+06
 Pressure (bar)
    0.00000e+00

           Step           Time
            717      717.00000

   Energies (kJ/mol)
           Bond       G96Angle        LJ (SR)   Coulomb (SR)      Potential
    2.59134e+05    7.91678e+04   -5.74432e+06   -1.77521e+06   -7.18123e+06
 Pressure (bar)
    0.00000e+00

           Step           Time
            718      718.00000

   Energies (kJ/mol)
           Bond       G96Angle        LJ (SR)   Coulomb (SR)      Potential
    2.58997e+05    7.90849e+04   -5.74462e+06   -1.77521e+06   -7.18175e+06
 Pressure (bar)
    0.00000e+00

           Step           Time
            719      719.00000

   Energies (kJ/mol)
           Bond       G96Angle        LJ (SR)   Coulomb (SR)      Potential
    2.58891e+05    7.89924e+04   -5.74504e+06   -1.77492e+06   -7.18208e+06
 Pressure (bar)
    0.00000e+00

           Step           Time
            720      720.00000

   Energies (kJ/mol)
           Bond       G96Angle        LJ (SR)   Coulomb (SR)      Potential
    2.58740e+05    7.88835e+04   -5.74517e+06   -1.77503e+06   -7.18258e+06
 Pressure (bar)
    0.00000e+00

           Step           Time
            721      721.00000

   Energies (kJ/mol)
           Bond       G96Angle        LJ (SR)   Coulomb (SR)      Potential
    2.58606e+05    7.87846e+04   -5.74605e+06   -1.77486e+06   -7.18352e+06
 Pressure (bar)
    0.00000e+00

           Step           Time
            722      722.00000

   Energies (kJ/mol)
           Bond       G96Angle        LJ (SR)   Coulomb (SR)      Potential
    2.58444e+05    7.86810e+04   -5.74613e+06   -1.77524e+06   -7.18424e+06
 Pressure (bar)
    0.00000e+00

           Step           Time
            723      723.00000

   Energies (kJ/mol)
           Bond       G96Angle        LJ (SR)   Coulomb (SR)      Potential
    2.58382e+05    7.85881e+04   -5.74697e+06   -1.77519e+06   -7.18519e+06
 Pressure (bar)
    0.00000e+00

           Step           Time
            724      724.00000

   Energies (kJ/mol)
           Bond       G96Angle        LJ (SR)   Coulomb (SR)      Potential
    2.58352e+05    7.84961e+04   -5.74726e+06   -1.77571e+06   -7.18611e+06
 Pressure (bar)
    0.00000e+00

           Step           Time
            725      725.00000

   Energies (kJ/mol)
           Bond       G96Angle        LJ (SR)   Coulomb (SR)      Potential
    2.58280e+05    7.84195e+04   -5.74798e+06   -1.77593e+06   -7.18721e+06
 Pressure (bar)
    0.00000e+00

           Step           Time
            726      726.00000

           Step           Time
            727      727.00000

   Energies (kJ/mol)
           Bond       G96Angle        LJ (SR)   Coulomb (SR)      Potential
    2.58171e+05    7.83631e+04   -5.74832e+06   -1.77641e+06   -7.18820e+06
 Pressure (bar)
    0.00000e+00

           Step           Time
            728      728.00000

           Step           Time
            729      729.00000

   Energies (kJ/mol)
           Bond       G96Angle        LJ (SR)   Coulomb (SR)      Potential
    2.58064e+05    7.82708e+04   -5.74842e+06   -1.77634e+06   -7.18842e+06
 Pressure (bar)
    0.00000e+00

           Step           Time
            730      730.00000

           Step           Time
            731      731.00000

   Energies (kJ/mol)
           Bond       G96Angle        LJ (SR)   Coulomb (SR)      Potential
    2.57992e+05    7.81997e+04   -5.74889e+06   -1.77655e+06   -7.18924e+06
 Pressure (bar)
    0.00000e+00

           Step           Time
            732      732.00000

   Energies (kJ/mol)
           Bond       G96Angle        LJ (SR)   Coulomb (SR)      Potential
    2.57849e+05    7.81019e+04   -5.74914e+06   -1.77638e+06   -7.18957e+06
 Pressure (bar)
    0.00000e+00

           Step           Time
            733      733.00000

   Energies (kJ/mol)
           Bond       G96Angle        LJ (SR)   Coulomb (SR)      Potential
    2.57799e+05    7.80254e+04   -5.74969e+06   -1.77656e+06   -7.19043e+06
 Pressure (bar)
    0.00000e+00

           Step           Time
            734      734.00000

   Energies (kJ/mol)
           Bond       G96Angle        LJ (SR)   Coulomb (SR)      Potential
    2.57619e+05    7.79307e+04   -5.75005e+06   -1.77653e+06   -7.19103e+06
 Pressure (bar)
    0.00000e+00

           Step           Time
            735      735.00000

   Energies (kJ/mol)
           Bond       G96Angle        LJ (SR)   Coulomb (SR)      Potential
    2.57591e+05    7.78568e+04   -5.75056e+06   -1.77684e+06   -7.19195e+06
 Pressure (bar)
    0.00000e+00

           Step           Time
            736      736.00000

   Energies (kJ/mol)
           Bond       G96Angle        LJ (SR)   Coulomb (SR)      Potential
    2.57536e+05    7.77579e+04   -5.75070e+06   -1.77678e+06   -7.19219e+06
 Pressure (bar)
    0.00000e+00

           Step           Time
            737      737.00000

   Energies (kJ/mol)
           Bond       G96Angle        LJ (SR)   Coulomb (SR)      Potential
    2.57415e+05    7.76871e+04   -5.75147e+06   -1.77699e+06   -7.19336e+06
 Pressure (bar)
    0.00000e+00

           Step           Time
            738      738.00000

   Energies (kJ/mol)
           Bond       G96Angle        LJ (SR)   Coulomb (SR)      Potential
    2.57395e+05    7.75852e+04   -5.75140e+06   -1.77707e+06   -7.19348e+06
 Pressure (bar)
    0.00000e+00

           Step           Time
            739      739.00000

   Energies (kJ/mol)
           Bond       G96Angle        LJ (SR)   Coulomb (SR)      Potential
    2.57327e+05    7.75184e+04   -5.75228e+06   -1.77736e+06   -7.19480e+06
 Pressure (bar)
    0.00000e+00

           Step           Time
            740      740.00000

           Step           Time
            741      741.00000

   Energies (kJ/mol)
           Bond       G96Angle        LJ (SR)   Coulomb (SR)      Potential
    2.57227e+05    7.74617e+04   -5.75264e+06   -1.77777e+06   -7.19572e+06
 Pressure (bar)
    0.00000e+00

           Step           Time
            742      742.00000

           Step           Time
            743      743.00000

   Energies (kJ/mol)
           Bond       G96Angle        LJ (SR)   Coulomb (SR)      Potential
    2.57131e+05    7.73676e+04   -5.75266e+06   -1.77760e+06   -7.19576e+06
 Pressure (bar)
    0.00000e+00

           Step           Time
            744      744.00000

           Step           Time
            745      745.00000

   Energies (kJ/mol)
           Bond       G96Angle        LJ (SR)   Coulomb (SR)      Potential
    2.56977e+05    7.73130e+04   -5.75330e+06   -1.77791e+06   -7.19692e+06
 Pressure (bar)
    0.00000e+00

           Step           Time
            746      746.00000

   Energies (kJ/mol)
           Bond       G96Angle        LJ (SR)   Coulomb (SR)      Potential
    2.56977e+05    7.72364e+04   -5.75337e+06   -1.77802e+06   -7.19718e+06
 Pressure (bar)
    0.00000e+00

           Step           Time
            747      747.00000

   Energies (kJ/mol)
           Bond       G96Angle        LJ (SR)   Coulomb (SR)      Potential
    2.56812e+05    7.71525e+04   -5.75395e+06   -1.77768e+06   -7.19767e+06
 Pressure (bar)
    0.00000e+00

           Step           Time
            748      748.00000

   Energies (kJ/mol)
           Bond       G96Angle        LJ (SR)   Coulomb (SR)      Potential
    2.56765e+05    7.70734e+04   -5.75410e+06   -1.77804e+06   -7.19830e+06
 Pressure (bar)
    0.00000e+00

           Step           Time
            749      749.00000

   Energies (kJ/mol)
           Bond       G96Angle        LJ (SR)   Coulomb (SR)      Potential
    2.56627e+05    7.69795e+04   -5.75463e+06   -1.77755e+06   -7.19857e+06
 Pressure (bar)
    0.00000e+00

           Step           Time
            750      750.00000

   Energies (kJ/mol)
           Bond       G96Angle        LJ (SR)   Coulomb (SR)      Potential
    2.56599e+05    7.68980e+04   -5.75499e+06   -1.77800e+06   -7.19949e+06
 Pressure (bar)
    0.00000e+00

           Step           Time
            751      751.00000

   Energies (kJ/mol)
           Bond       G96Angle        LJ (SR)   Coulomb (SR)      Potential
    2.56438e+05    7.68072e+04   -5.75542e+06   -1.77786e+06   -7.20004e+06
 Pressure (bar)
    0.00000e+00

           Step           Time
            752      752.00000

   Energies (kJ/mol)
           Bond       G96Angle        LJ (SR)   Coulomb (SR)      Potential
    2.56412e+05    7.67387e+04   -5.75603e+06   -1.77850e+06   -7.20138e+06
 Pressure (bar)
    0.00000e+00

           Step           Time
            753      753.00000

           Step           Time
            754      754.00000

   Energies (kJ/mol)
           Bond       G96Angle        LJ (SR)   Coulomb (SR)      Potential
    2.56339e+05    7.66851e+04   -5.75633e+06   -1.77886e+06   -7.20216e+06
 Pressure (bar)
    0.00000e+00

           Step           Time
            755      755.00000

           Step           Time
            756      756.00000

   Energies (kJ/mol)
           Bond       G96Angle        LJ (SR)   Coulomb (SR)      Potential
    2.56288e+05    7.66092e+04   -5.75651e+06   -1.77884e+06   -7.20245e+06
 Pressure (bar)
    0.00000e+00

           Step           Time
            757      757.00000

   Energies (kJ/mol)
           Bond       G96Angle        LJ (SR)   Coulomb (SR)      Potential
    2.56215e+05    7.65329e+04   -5.75682e+06   -1.77882e+06   -7.20289e+06
 Pressure (bar)
    0.00000e+00

           Step           Time
            758      758.00000

           Step           Time
            759      759.00000

   Energies (kJ/mol)
           Bond       G96Angle        LJ (SR)   Coulomb (SR)      Potential
    2.56166e+05    7.64738e+04   -5.75728e+06   -1.77922e+06   -7.20385e+06
 Pressure (bar)
    0.00000e+00

           Step           Time
            760      760.00000

   Energies (kJ/mol)
           Bond       G96Angle        LJ (SR)   Coulomb (SR)      Potential
    2.56031e+05    7.64060e+04   -5.75739e+06   -1.77937e+06   -7.20433e+06
 Pressure (bar)
    0.00000e+00

           Step           Time
            761      761.00000

           Step           Time
            762      762.00000

   Energies (kJ/mol)
           Bond       G96Angle        LJ (SR)   Coulomb (SR)      Potential
    2.56003e+05    7.63610e+04   -5.75780e+06   -1.77958e+06   -7.20502e+06
 Pressure (bar)
    0.00000e+00

           Step           Time
            763      763.00000

   Energies (kJ/mol)
           Bond       G96Angle        LJ (SR)   Coulomb (SR)      Potential
    2.55952e+05    7.63085e+04   -5.75798e+06   -1.77969e+06   -7.20541e+06
 Pressure (bar)
    0.00000e+00

           Step           Time
            764      764.00000

   Energies (kJ/mol)
           Bond       G96Angle        LJ (SR)   Coulomb (SR)      Potential
    2.55906e+05    7.62473e+04   -5.75819e+06   -1.77960e+06   -7.20564e+06
 Pressure (bar)
    0.00000e+00

           Step           Time
            765      765.00000

   Energies (kJ/mol)
           Bond       G96Angle        LJ (SR)   Coulomb (SR)      Potential
    2.55856e+05    7.61790e+04   -5.75850e+06   -1.77954e+06   -7.20601e+06
 Pressure (bar)
    0.00000e+00

           Step           Time
            766      766.00000

   Energies (kJ/mol)
           Bond       G96Angle        LJ (SR)   Coulomb (SR)      Potential
    2.55743e+05    7.61040e+04   -5.75886e+06   -1.77935e+06   -7.20637e+06
 Pressure (bar)
    0.00000e+00

           Step           Time
            767      767.00000

   Energies (kJ/mol)
           Bond       G96Angle        LJ (SR)   Coulomb (SR)      Potential
    2.55653e+05    7.60273e+04   -5.75925e+06   -1.77948e+06   -7.20705e+06
 Pressure (bar)
    0.00000e+00

           Step           Time
            768      768.00000

   Energies (kJ/mol)
           Bond       G96Angle        LJ (SR)   Coulomb (SR)      Potential
    2.55570e+05    7.59454e+04   -5.75958e+06   -1.77949e+06   -7.20755e+06
 Pressure (bar)
    0.00000e+00

           Step           Time
            769      769.00000

   Energies (kJ/mol)
           Bond       G96Angle        LJ (SR)   Coulomb (SR)      Potential
    2.55435e+05    7.58565e+04   -5.75998e+06   -1.77941e+06   -7.20809e+06
 Pressure (bar)
    0.00000e+00

           Step           Time
            770      770.00000

   Energies (kJ/mol)
           Bond       G96Angle        LJ (SR)   Coulomb (SR)      Potential
    2.55447e+05    7.57657e+04   -5.76031e+06   -1.77939e+06   -7.20848e+06
 Pressure (bar)
    0.00000e+00

           Step           Time
            771      771.00000

   Energies (kJ/mol)
           Bond       G96Angle        LJ (SR)   Coulomb (SR)      Potential
    2.55208e+05    7.56661e+04   -5.76081e+06   -1.77919e+06   -7.20913e+06
 Pressure (bar)
    0.00000e+00

           Step           Time
            772      772.00000

   Energies (kJ/mol)
           Bond       G96Angle        LJ (SR)   Coulomb (SR)      Potential
    2.55165e+05    7.55876e+04   -5.76131e+06   -1.77954e+06   -7.21010e+06
 Pressure (bar)
    0.00000e+00

           Step           Time
            773      773.00000

           Step           Time
            774      774.00000

   Energies (kJ/mol)
           Bond       G96Angle        LJ (SR)   Coulomb (SR)      Potential
    2.55114e+05    7.55232e+04   -5.76204e+06   -1.78009e+06   -7.21150e+06
 Pressure (bar)
    0.00000e+00

           Step           Time
            775      775.00000

           Step           Time
            776      776.00000

   Energies (kJ/mol)
           Bond       G96Angle        LJ (SR)   Coulomb (SR)      Potential
    2.55064e+05    7.54374e+04   -5.76196e+06   -1.78051e+06   -7.21197e+06
 Pressure (bar)
    0.00000e+00

           Step           Time
            777      777.00000

   Energies (kJ/mol)
           Bond       G96Angle        LJ (SR)   Coulomb (SR)      Potential
    2.54955e+05    7.53557e+04   -5.76261e+06   -1.77991e+06   -7.21221e+06
 Pressure (bar)
    0.00000e+00

           Step           Time
            778      778.00000

   Energies (kJ/mol)
           Bond       G96Angle        LJ (SR)   Coulomb (SR)      Potential
    2.54893e+05    7.52702e+04   -5.76272e+06   -1.78043e+06   -7.21298e+06
 Pressure (bar)
    0.00000e+00

           Step           Time
            779      779.00000

   Energies (kJ/mol)
           Bond       G96Angle        LJ (SR)   Coulomb (SR)      Potential
    2.54799e+05    7.51929e+04   -5.76348e+06   -1.78048e+06   -7.21396e+06
 Pressure (bar)
    0.00000e+00

           Step           Time
            780      780.00000

   Energies (kJ/mol)
           Bond       G96Angle        LJ (SR)   Coulomb (SR)      Potential
    2.54771e+05    7.51137e+04   -5.76343e+06   -1.78087e+06   -7.21441e+06
 Pressure (bar)
    0.00000e+00

           Step           Time
            781      781.00000

   Energies (kJ/mol)
           Bond       G96Angle        LJ (SR)   Coulomb (SR)      Potential
    2.54752e+05    7.50458e+04   -5.76400e+06   -1.78095e+06   -7.21515e+06
 Pressure (bar)
    0.00000e+00

           Step           Time
            782      782.00000

   Energies (kJ/mol)
           Bond       G96Angle        LJ (SR)   Coulomb (SR)      Potential
    2.54619e+05    7.49636e+04   -5.76404e+06   -1.78097e+06   -7.21543e+06
 Pressure (bar)
    0.00000e+00

           Step           Time
            783      783.00000

   Energies (kJ/mol)
           Bond       G96Angle        LJ (SR)   Coulomb (SR)      Potential
    2.54610e+05    7.48958e+04   -5.76471e+06   -1.78107e+06   -7.21627e+06
 Pressure (bar)
    0.00000e+00

           Step           Time
            784      784.00000

   Energies (kJ/mol)
           Bond       G96Angle        LJ (SR)   Coulomb (SR)      Potential
    2.54580e+05    7.48112e+04   -5.76465e+06   -1.78119e+06   -7.21645e+06
 Pressure (bar)
    0.00000e+00

           Step           Time
            785      785.00000

   Energies (kJ/mol)
           Bond       G96Angle        LJ (SR)   Coulomb (SR)      Potential
    2.54528e+05    7.47474e+04   -5.76560e+06   -1.78130e+06   -7.21762e+06
 Pressure (bar)
    0.00000e+00

           Step           Time
            786      786.00000

           Step           Time
            787      787.00000

   Energies (kJ/mol)
           Bond       G96Angle        LJ (SR)   Coulomb (SR)      Potential
    2.54414e+05    7.46937e+04   -5.76579e+06   -1.78188e+06   -7.21856e+06
 Pressure (bar)
    0.00000e+00

           Step           Time
            788      788.00000

           Step           Time
            789      789.00000

           Step           Time
            790      790.00000

   Energies (kJ/mol)
           Bond       G96Angle        LJ (SR)   Coulomb (SR)      Potential
    2.54340e+05    7.46523e+04   -5.76605e+06   -1.78208e+06   -7.21914e+06
 Pressure (bar)
    0.00000e+00

           Step           Time
            791      791.00000

           Step           Time
            792      792.00000

   Energies (kJ/mol)
           Bond       G96Angle        LJ (SR)   Coulomb (SR)      Potential
    2.54293e+05    7.46027e+04   -5.76620e+06   -1.78214e+06   -7.21944e+06
 Pressure (bar)
    0.00000e+00

           Step           Time
            793      793.00000

   Energies (kJ/mol)
           Bond       G96Angle        LJ (SR)   Coulomb (SR)      Potential
    2.54204e+05    7.45457e+04   -5.76645e+06   -1.78201e+06   -7.21971e+06
 Pressure (bar)
    0.00000e+00

           Step           Time
            794      794.00000

   Energies (kJ/mol)
           Bond       G96Angle        LJ (SR)   Coulomb (SR)      Potential
    2.54110e+05    7.44806e+04   -5.76668e+06   -1.78194e+06   -7.22003e+06
 Pressure (bar)
    0.00000e+00

           Step           Time
            795      795.00000

   Energies (kJ/mol)
           Bond       G96Angle        LJ (SR)   Coulomb (SR)      Potential
    2.54035e+05    7.44094e+04   -5.76708e+06   -1.78170e+06   -7.22034e+06
 Pressure (bar)
    0.00000e+00

           Step           Time
            796      796.00000

   Energies (kJ/mol)
           Bond       G96Angle        LJ (SR)   Coulomb (SR)      Potential
    2.54051e+05    7.43195e+04   -5.76721e+06   -1.78180e+06   -7.22064e+06
 Pressure (bar)
    0.00000e+00

           Step           Time
            797      797.00000

   Energies (kJ/mol)
           Bond       G96Angle        LJ (SR)   Coulomb (SR)      Potential
    2.53864e+05    7.42471e+04   -5.76792e+06   -1.78163e+06   -7.22144e+06
 Pressure (bar)
    0.00000e+00

           Step           Time
            798      798.00000

   Energies (kJ/mol)
           Bond       G96Angle        LJ (SR)   Coulomb (SR)      Potential
    2.53819e+05    7.41562e+04   -5.76800e+06   -1.78185e+06   -7.22188e+06
 Pressure (bar)
    0.00000e+00

           Step           Time
            799      799.00000

   Energies (kJ/mol)
           Bond       G96Angle        LJ (SR)   Coulomb (SR)      Potential
    2.53623e+05    7.40794e+04   -5.76870e+06   -1.78161e+06   -7.22261e+06
 Pressure (bar)
    0.00000e+00

           Step           Time
            800      800.00000

   Energies (kJ/mol)
           Bond       G96Angle        LJ (SR)   Coulomb (SR)      Potential
    2.53616e+05    7.39850e+04   -5.76871e+06   -1.78206e+06   -7.22317e+06
 Pressure (bar)
    0.00000e+00

           Step           Time
            801      801.00000

   Energies (kJ/mol)
           Bond       G96Angle        LJ (SR)   Coulomb (SR)      Potential
    2.53441e+05    7.38948e+04   -5.76926e+06   -1.78130e+06   -7.22322e+06
 Pressure (bar)
    0.00000e+00

           Step           Time
            802      802.00000

   Energies (kJ/mol)
           Bond       G96Angle        LJ (SR)   Coulomb (SR)      Potential
    2.53425e+05    7.37942e+04   -5.76931e+06   -1.78159e+06   -7.22368e+06
 Pressure (bar)
    0.00000e+00

           Step           Time
            803      803.00000

   Energies (kJ/mol)
           Bond       G96Angle        LJ (SR)   Coulomb (SR)      Potential
    2.53135e+05    7.37040e+04   -5.76990e+06   -1.78075e+06   -7.22381e+06
 Pressure (bar)
    0.00000e+00

           Step           Time
            804      804.00000

           Step           Time
            805      805.00000

   Energies (kJ/mol)
           Bond       G96Angle        LJ (SR)   Coulomb (SR)      Potential
    2.53105e+05    7.36413e+04   -5.77194e+06   -1.78160e+06   -7.22679e+06
 Pressure (bar)
    0.00000e+00

           Step           Time
            806      806.00000

           Step           Time
            807      807.00000

   Energies (kJ/mol)
           Bond       G96Angle        LJ (SR)   Coulomb (SR)      Potential
    2.53195e+05    7.35781e+04   -5.77142e+06   -1.78304e+06   -7.22768e+06
 Pressure (bar)
    0.00000e+00

           Step           Time
            808      808.00000

           Step           Time
            809      809.00000

   Energies (kJ/mol)
           Bond       G96Angle        LJ (SR)   Coulomb (SR)      Potential
    2.53179e+05    7.35273e+04   -5.77166e+06   -1.78330e+06   -7.22825e+06
 Pressure (bar)
    0.00000e+00

           Step           Time
            810      810.00000

           Step           Time
            811      811.00000

   Energies (kJ/mol)
           Bond       G96Angle        LJ (SR)   Coulomb (SR)      Potential
    2.53159e+05    7.34744e+04   -5.77178e+06   -1.78360e+06   -7.22875e+06
 Pressure (bar)
    0.00000e+00

           Step           Time
            812      812.00000

   Energies (kJ/mol)
           Bond       G96Angle        LJ (SR)   Coulomb (SR)      Potential
    2.53044e+05    7.34209e+04   -5.77204e+06   -1.78351e+06   -7.22908e+06
 Pressure (bar)
    0.00000e+00

           Step           Time
            813      813.00000

   Energies (kJ/mol)
           Bond       G96Angle        LJ (SR)   Coulomb (SR)      Potential
    2.53037e+05    7.33688e+04   -5.77225e+06   -1.78368e+06   -7.22952e+06
 Pressure (bar)
    0.00000e+00

           Step           Time
            814      814.00000

           Step           Time
            815      815.00000

   Energies (kJ/mol)
           Bond       G96Angle        LJ (SR)   Coulomb (SR)      Potential
    2.52982e+05    7.33302e+04   -5.77249e+06   -1.78392e+06   -7.23010e+06
 Pressure (bar)
    0.00000e+00

           Step           Time
            816      816.00000

   Energies (kJ/mol)
           Bond       G96Angle        LJ (SR)   Coulomb (SR)      Potential
    2.52948e+05    7.32814e+04   -5.77261e+06   -1.78402e+06   -7.23040e+06
 Pressure (bar)
    0.00000e+00

           Step           Time
            817      817.00000

   Energies (kJ/mol)
           Bond       G96Angle        LJ (SR)   Coulomb (SR)      Potential
    2.52904e+05    7.32242e+04   -5.77295e+06   -1.78378e+06   -7.23060e+06
 Pressure (bar)
    0.00000e+00

           Step           Time
            818      818.00000

   Energies (kJ/mol)
           Bond       G96Angle        LJ (SR)   Coulomb (SR)      Potential
    2.52814e+05    7.31699e+04   -5.77314e+06   -1.78395e+06   -7.23110e+06
 Pressure (bar)
    0.00000e+00

           Step           Time
            819      819.00000

   Energies (kJ/mol)
           Bond       G96Angle        LJ (SR)   Coulomb (SR)      Potential
    2.52773e+05    7.31052e+04   -5.77353e+06   -1.78358e+06   -7.23124e+06
 Pressure (bar)
    0.00000e+00

           Step           Time
            820      820.00000

   Energies (kJ/mol)
           Bond       G96Angle        LJ (SR)   Coulomb (SR)      Potential
    2.52664e+05    7.30216e+04   -5.77359e+06   -1.78356e+06   -7.23146e+06
 Pressure (bar)
    0.00000e+00

           Step           Time
            821      821.00000

   Energies (kJ/mol)
           Bond       G96Angle        LJ (SR)   Coulomb (SR)      Potential
    2.52647e+05    7.29535e+04   -5.77423e+06   -1.78358e+06   -7.23221e+06
 Pressure (bar)
    0.00000e+00

           Step           Time
            822      822.00000

           Step           Time
            823      823.00000

   Energies (kJ/mol)
           Bond       G96Angle        LJ (SR)   Coulomb (SR)      Potential
    2.52542e+05    7.29047e+04   -5.77460e+06   -1.78420e+06   -7.23335e+06
 Pressure (bar)
    0.00000e+00

           Step           Time
            824      824.00000

           Step           Time
            825      825.00000

   Energies (kJ/mol)
           Bond       G96Angle        LJ (SR)   Coulomb (SR)      Potential
    2.52507e+05    7.28632e+04   -5.77475e+06   -1.78449e+06   -7.23388e+06
 Pressure (bar)
    0.00000e+00

           Step           Time
            826      826.00000

   Energies (kJ/mol)
           Bond       G96Angle        LJ (SR)   Coulomb (SR)      Potential
    2.52464e+05    7.28074e+04   -5.77489e+06   -1.78442e+06   -7.23404e+06
 Pressure (bar)
    0.00000e+00

           Step           Time
            827      827.00000

   Energies (kJ/mol)
           Bond       G96Angle        LJ (SR)   Coulomb (SR)      Potential
    2.52464e+05    7.27481e+04   -5.77512e+06   -1.78446e+06   -7.23437e+06
 Pressure (bar)
    0.00000e+00

           Step           Time
            828      828.00000

   Energies (kJ/mol)
           Bond       G96Angle        LJ (SR)   Coulomb (SR)      Potential
    2.52384e+05    7.26805e+04   -5.77541e+06   -1.78434e+06   -7.23469e+06
 Pressure (bar)
    0.00000e+00

           Step           Time
            829      829.00000

   Energies (kJ/mol)
           Bond       G96Angle        LJ (SR)   Coulomb (SR)      Potential
    2.52343e+05    7.26034e+04   -5.77568e+06   -1.78410e+06   -7.23483e+06
 Pressure (bar)
    0.00000e+00

           Step           Time
            830      830.00000

   Energies (kJ/mol)
           Bond       G96Angle        LJ (SR)   Coulomb (SR)      Potential
    2.52236e+05    7.25365e+04   -5.77617e+06   -1.78440e+06   -7.23579e+06
 Pressure (bar)
    0.00000e+00

           Step           Time
            831      831.00000

           Step           Time
            832      832.00000

   Energies (kJ/mol)
           Bond       G96Angle        LJ (SR)   Coulomb (SR)      Potential
    2.52185e+05    7.24905e+04   -5.77656e+06   -1.78485e+06   -7.23673e+06
 Pressure (bar)
    0.00000e+00

           Step           Time
            833      833.00000

   Energies (kJ/mol)
           Bond       G96Angle        LJ (SR)   Coulomb (SR)      Potential
    2.52169e+05    7.24206e+04   -5.77662e+06   -1.78476e+06   -7.23679e+06
 Pressure (bar)
    0.00000e+00

           Step           Time
            834      834.00000

   Energies (kJ/mol)
           Bond       G96Angle        LJ (SR)   Coulomb (SR)      Potential
    2.52074e+05    7.23449e+04   -5.77703e+06   -1.78442e+06   -7.23703e+06
 Pressure (bar)
    0.00000e+00

           Step           Time
            835      835.00000

   Energies (kJ/mol)
           Bond       G96Angle        LJ (SR)   Coulomb (SR)      Potential
    2.51993e+05    7.22742e+04   -5.77736e+06   -1.78474e+06   -7.23783e+06
 Pressure (bar)
    0.00000e+00

           Step           Time
            836      836.00000

   Energies (kJ/mol)
           Bond       G96Angle        LJ (SR)   Coulomb (SR)      Potential
    2.51938e+05    7.22057e+04   -5.77776e+06   -1.78470e+06   -7.23832e+06
 Pressure (bar)
    0.00000e+00

           Step           Time
            837      837.00000

   Energies (kJ/mol)
           Bond       G96Angle        LJ (SR)   Coulomb (SR)      Potential
    2.51830e+05    7.21216e+04   -5.77786e+06   -1.78456e+06   -7.23847e+06
 Pressure (bar)
    0.00000e+00

           Step           Time
            838      838.00000

   Energies (kJ/mol)
           Bond       G96Angle        LJ (SR)   Coulomb (SR)      Potential
    2.51809e+05    7.20449e+04   -5.77844e+06   -1.78418e+06   -7.23877e+06
 Pressure (bar)
    0.00000e+00

           Step           Time
            839      839.00000

   Energies (kJ/mol)
           Bond       G96Angle        LJ (SR)   Coulomb (SR)      Potential
    2.51642e+05    7.19566e+04   -5.77868e+06   -1.78438e+06   -7.23947e+06
 Pressure (bar)
    0.00000e+00

           Step           Time
            840      840.00000

   Energies (kJ/mol)
           Bond       G96Angle        LJ (SR)   Coulomb (SR)      Potential
    2.51580e+05    7.18784e+04   -5.77937e+06   -1.78435e+06   -7.24026e+06
 Pressure (bar)
    0.00000e+00

           Step           Time
            841      841.00000

           Step           Time
            842      842.00000

   Energies (kJ/mol)
           Bond       G96Angle        LJ (SR)   Coulomb (SR)      Potential
    2.51517e+05    7.18226e+04   -5.78018e+06   -1.78513e+06   -7.24198e+06
 Pressure (bar)
    0.00000e+00

           Step           Time
            843      843.00000

           Step           Time
            844      844.00000

   Energies (kJ/mol)
           Bond       G96Angle        LJ (SR)   Coulomb (SR)      Potential
    2.51558e+05    7.17442e+04   -5.77974e+06   -1.78554e+06   -7.24198e+06
 Pressure (bar)
    0.00000e+00

           Step           Time
            845      845.00000

   Energies (kJ/mol)
           Bond       G96Angle        LJ (SR)   Coulomb (SR)      Potential
    2.51355e+05    7.16690e+04   -5.78066e+06   -1.78506e+06   -7.24270e+06
 Pressure (bar)
    0.00000e+00

           Step           Time
            846      846.00000

           Step           Time
            847      847.00000

   Energies (kJ/mol)
           Bond       G96Angle        LJ (SR)   Coulomb (SR)      Potential
    2.51386e+05    7.16258e+04   -5.78091e+06   -1.78590e+06   -7.24380e+06
 Pressure (bar)
    0.00000e+00

           Step           Time
            848      848.00000

   Energies (kJ/mol)
           Bond       G96Angle        LJ (SR)   Coulomb (SR)      Potential
    2.51314e+05    7.15499e+04   -5.78092e+06   -1.78580e+06   -7.24385e+06
 Pressure (bar)
    0.00000e+00

           Step           Time
            849      849.00000

           Step           Time
            850      850.00000

   Energies (kJ/mol)
           Bond       G96Angle        LJ (SR)   Coulomb (SR)      Potential
    2.51283e+05    7.15096e+04   -5.78135e+06   -1.78624e+06   -7.24480e+06
 Pressure (bar)
    0.00000e+00

           Step           Time
            851      851.00000

   Energies (kJ/mol)
           Bond       G96Angle        LJ (SR)   Coulomb (SR)      Potential
    2.51257e+05    7.14507e+04   -5.78147e+06   -1.78620e+06   -7.24497e+06
 Pressure (bar)
    0.00000e+00

           Step           Time
            852      852.00000

   Energies (kJ/mol)
           Bond       G96Angle        LJ (SR)   Coulomb (SR)      Potential
    2.51223e+05    7.13944e+04   -5.78182e+06   -1.78611e+06   -7.24530e+06
 Pressure (bar)
    0.00000e+00

           Step           Time
            853      853.00000

   Energies (kJ/mol)
           Bond       G96Angle        LJ (SR)   Coulomb (SR)      Potential
    2.51149e+05    7.13244e+04   -5.78199e+06   -1.78611e+06   -7.24562e+06
 Pressure (bar)
    0.00000e+00

           Step           Time
            854      854.00000

   Energies (kJ/mol)
           Bond       G96Angle        LJ (SR)   Coulomb (SR)      Potential
    2.51042e+05    7.12511e+04   -5.78242e+06   -1.78559e+06   -7.24572e+06
 Pressure (bar)
    0.00000e+00

           Step           Time
            855      855.00000

   Energies (kJ/mol)
           Bond       G96Angle        LJ (SR)   Coulomb (SR)      Potential
    2.50994e+05    7.11671e+04   -5.78246e+06   -1.78567e+06   -7.24596e+06
 Pressure (bar)
    0.00000e+00

           Step           Time
            856      856.00000

   Energies (kJ/mol)
           Bond       G96Angle        LJ (SR)   Coulomb (SR)      Potential
    2.50869e+05    7.11023e+04   -5.78349e+06   -1.78565e+06   -7.24717e+06
 Pressure (bar)
    0.00000e+00

           Step           Time
            857      857.00000

   Energies (kJ/mol)
           Bond       G96Angle        LJ (SR)   Coulomb (SR)      Potential
    2.50908e+05    7.10203e+04   -5.78318e+06   -1.78629e+06   -7.24754e+06
 Pressure (bar)
    0.00000e+00

           Step           Time
            858      858.00000

   Energies (kJ/mol)
           Bond       G96Angle        LJ (SR)   Coulomb (SR)      Potential
    2.50827e+05    7.09812e+04   -5.78422e+06   -1.78651e+06   -7.24893e+06
 Pressure (bar)
    0.00000e+00

           Step           Time
            859      859.00000

           Step           Time
            860      860.00000

   Energies (kJ/mol)
           Bond       G96Angle        LJ (SR)   Coulomb (SR)      Potential
    2.50826e+05    7.09321e+04   -5.78412e+06   -1.78705e+06   -7.24942e+06
 Pressure (bar)
    0.00000e+00

           Step           Time
            861      861.00000

           Step           Time
            862      862.00000

           Step           Time
            863      863.00000

   Energies (kJ/mol)
           Bond       G96Angle        LJ (SR)   Coulomb (SR)      Potential
    2.50768e+05    7.08958e+04   -5.78439e+06   -1.78719e+06   -7.24992e+06
 Pressure (bar)
    0.00000e+00

           Step           Time
            864      864.00000

   Energies (kJ/mol)
           Bond       G96Angle        LJ (SR)   Coulomb (SR)      Potential
    2.50756e+05    7.08461e+04   -5.78444e+06   -1.78721e+06   -7.25004e+06
 Pressure (bar)
    0.00000e+00

           Step           Time
            865      865.00000

   Energies (kJ/mol)
           Bond       G96Angle        LJ (SR)   Coulomb (SR)      Potential
    2.50664e+05    7.08021e+04   -5.78479e+06   -1.78716e+06   -7.25048e+06
 Pressure (bar)
    0.00000e+00

           Step           Time
            866      866.00000

   Energies (kJ/mol)
           Bond       G96Angle        LJ (SR)   Coulomb (SR)      Potential
    2.50616e+05    7.07509e+04   -5.78501e+06   -1.78718e+06   -7.25082e+06
 Pressure (bar)
    0.00000e+00

           Step           Time
            867      867.00000

           Step           Time
            868      868.00000

   Energies (kJ/mol)
           Bond       G96Angle        LJ (SR)   Coulomb (SR)      Potential
    2.50588e+05    7.07149e+04   -5.78523e+06   -1.78745e+06   -7.25138e+06
 Pressure (bar)
    0.00000e+00

           Step           Time
            869      869.00000

   Energies (kJ/mol)
           Bond       G96Angle        LJ (SR)   Coulomb (SR)      Potential
    2.50559e+05    7.06706e+04   -5.78538e+06   -1.78746e+06   -7.25161e+06
 Pressure (bar)
    0.00000e+00

           Step           Time
            870      870.00000

   Energies (kJ/mol)
           Bond       G96Angle        LJ (SR)   Coulomb (SR)      Potential
    2.50512e+05    7.06249e+04   -5.78567e+06   -1.78735e+06   -7.25188e+06
 Pressure (bar)
    0.00000e+00

           Step           Time
            871      871.00000

           Step           Time
            872      872.00000

   Energies (kJ/mol)
           Bond       G96Angle        LJ (SR)   Coulomb (SR)      Potential
    2.50479e+05    7.05932e+04   -5.78584e+06   -1.78767e+06   -7.25245e+06
 Pressure (bar)
    0.00000e+00

           Step           Time
            873      873.00000

   Energies (kJ/mol)
           Bond       G96Angle        LJ (SR)   Coulomb (SR)      Potential
    2.50474e+05    7.05538e+04   -5.78594e+06   -1.78776e+06   -7.25267e+06
 Pressure (bar)
    0.00000e+00

           Step           Time
            874      874.00000

           Step           Time
            875      875.00000

   Energies (kJ/mol)
           Bond       G96Angle        LJ (SR)   Coulomb (SR)      Potential
    2.50437e+05    7.05266e+04   -5.78611e+06   -1.78795e+06   -7.25310e+06
 Pressure (bar)
    0.00000e+00

           Step           Time
            876      876.00000

   Energies (kJ/mol)
           Bond       G96Angle        LJ (SR)   Coulomb (SR)      Potential
    2.50410e+05    7.05036e+04   -5.78620e+06   -1.78806e+06   -7.25335e+06
 Pressure (bar)
    0.00000e+00

           Step           Time
            877      877.00000

   Energies (kJ/mol)
           Bond       G96Angle        LJ (SR)   Coulomb (SR)      Potential
    2.50386e+05    7.04671e+04   -5.78637e+06   -1.78785e+06   -7.25336e+06
 Pressure (bar)
    0.00000e+00

           Step           Time
            878      878.00000

   Energies (kJ/mol)
           Bond       G96Angle        LJ (SR)   Coulomb (SR)      Potential
    2.50355e+05    7.04335e+04   -5.78652e+06   -1.78794e+06   -7.25366e+06
 Pressure (bar)
    0.00000e+00

           Step           Time
            879      879.00000

   Energies (kJ/mol)
           Bond       G96Angle        LJ (SR)   Coulomb (SR)      Potential
    2.50322e+05    7.03845e+04   -5.78678e+06   -1.78764e+06   -7.25372e+06
 Pressure (bar)
    0.00000e+00

           Step           Time
            880      880.00000

   Energies (kJ/mol)
           Bond       G96Angle        LJ (SR)   Coulomb (SR)      Potential
    2.50246e+05    7.03379e+04   -5.78696e+06   -1.78763e+06   -7.25401e+06
 Pressure (bar)
    0.00000e+00

           Step           Time
            881      881.00000

   Energies (kJ/mol)
           Bond       G96Angle        LJ (SR)   Coulomb (SR)      Potential
    2.50231e+05    7.02771e+04   -5.78734e+06   -1.78750e+06   -7.25433e+06
 Pressure (bar)
    0.00000e+00

           Step           Time
            882      882.00000

   Energies (kJ/mol)
           Bond       G96Angle        LJ (SR)   Coulomb (SR)      Potential
    2.50227e+05    7.02165e+04   -5.78746e+06   -1.78742e+06   -7.25444e+06
 Pressure (bar)
    0.00000e+00

           Step           Time
            883      883.00000

   Energies (kJ/mol)
           Bond       G96Angle        LJ (SR)   Coulomb (SR)      Potential
    2.50098e+05    7.01417e+04   -5.78788e+06   -1.78707e+06   -7.25472e+06
 Pressure (bar)
    0.00000e+00

           Step           Time
            884      884.00000

   Energies (kJ/mol)
           Bond       G96Angle        LJ (SR)   Coulomb (SR)      Potential
    2.50017e+05    7.00831e+04   -5.78825e+06   -1.78743e+06   -7.25558e+06
 Pressure (bar)
    0.00000e+00

           Step           Time
            885      885.00000

   Energies (kJ/mol)
           Bond       G96Angle        LJ (SR)   Coulomb (SR)      Potential
    2.49966e+05    7.00007e+04   -5.78849e+06   -1.78709e+06   -7.25561e+06
 Pressure (bar)
    0.00000e+00

           Step           Time
            886      886.00000

   Energies (kJ/mol)
           Bond       G96Angle        LJ (SR)   Coulomb (SR)      Potential
    2.49886e+05    6.99442e+04   -5.78904e+06   -1.78737e+06   -7.25658e+06
 Pressure (bar)
    0.00000e+00

           Step           Time
            887      887.00000

           Step           Time
            888      888.00000

   Energies (kJ/mol)
           Bond       G96Angle        LJ (SR)   Coulomb (SR)      Potential
    2.49838e+05    6.98926e+04   -5.78954e+06   -1.78794e+06   -7.25775e+06
 Pressure (bar)
    0.00000e+00

           Step           Time
            889      889.00000

           Step           Time
            890      890.00000

   Energies (kJ/mol)
           Bond       G96Angle        LJ (SR)   Coulomb (SR)      Potential
    2.49868e+05    6.98407e+04   -5.78959e+06   -1.78829e+06   -7.25817e+06
 Pressure (bar)
    0.00000e+00

           Step           Time
            891      891.00000

           Step           Time
            892      892.00000

   Energies (kJ/mol)
           Bond       G96Angle        LJ (SR)   Coulomb (SR)      Potential
    2.49807e+05    6.98010e+04   -5.78984e+06   -1.78852e+06   -7.25875e+06
 Pressure (bar)
    0.00000e+00

           Step           Time
            893      893.00000

   Energies (kJ/mol)
           Bond       G96Angle        LJ (SR)   Coulomb (SR)      Potential
    2.49802e+05    6.97540e+04   -5.78993e+06   -1.78855e+06   -7.25893e+06
 Pressure (bar)
    0.00000e+00

           Step           Time
            894      894.00000

   Energies (kJ/mol)
           Bond       G96Angle        LJ (SR)   Coulomb (SR)      Potential
    2.49753e+05    6.97165e+04   -5.79023e+06   -1.78869e+06   -7.25945e+06
 Pressure (bar)
    0.00000e+00

           Step           Time
            895      895.00000

           Step           Time
            896      896.00000

   Energies (kJ/mol)
           Bond       G96Angle        LJ (SR)   Coulomb (SR)      Potential
    2.49754e+05    6.96858e+04   -5.79038e+06   -1.78898e+06   -7.25992e+06
 Pressure (bar)
    0.00000e+00

           Step           Time
            897      897.00000

   Energies (kJ/mol)
           Bond       G96Angle        LJ (SR)   Coulomb (SR)      Potential
    2.49694e+05    6.96446e+04   -5.79048e+06   -1.78882e+06   -7.25996e+06
 Pressure (bar)
    0.00000e+00

           Step           Time
            898      898.00000

   Energies (kJ/mol)
           Bond       G96Angle        LJ (SR)   Coulomb (SR)      Potential
    2.49703e+05    6.96093e+04   -5.79073e+06   -1.78897e+06   -7.26038e+06
 Pressure (bar)
    0.00000e+00

           Step           Time
            899      899.00000

   Energies (kJ/mol)
           Bond       G96Angle        LJ (SR)   Coulomb (SR)      Potential
    2.49635e+05    6.95698e+04   -5.79086e+06   -1.78893e+06   -7.26058e+06
 Pressure (bar)
    0.00000e+00

           Step           Time
            900      900.00000

   Energies (kJ/mol)
           Bond       G96Angle        LJ (SR)   Coulomb (SR)      Potential
    2.49624e+05    6.95153e+04   -5.79102e+06   -1.78872e+06   -7.26060e+06
 Pressure (bar)
    0.00000e+00

           Step           Time
            901      901.00000

   Energies (kJ/mol)
           Bond       G96Angle        LJ (SR)   Coulomb (SR)      Potential
    2.49559e+05    6.94518e+04   -5.79138e+06   -1.78838e+06   -7.26075e+06
 Pressure (bar)
    0.00000e+00

           Step           Time
            902      902.00000

   Energies (kJ/mol)
           Bond       G96Angle        LJ (SR)   Coulomb (SR)      Potential
    2.49509e+05    6.93861e+04   -5.79144e+06   -1.78831e+06   -7.26086e+06
 Pressure (bar)
    0.00000e+00

           Step           Time
            903      903.00000

   Energies (kJ/mol)
           Bond       G96Angle        LJ (SR)   Coulomb (SR)      Potential
    2.49390e+05    6.93259e+04   -5.79215e+06   -1.78840e+06   -7.26183e+06
 Pressure (bar)
    0.00000e+00

           Step           Time
            904      904.00000

   Energies (kJ/mol)
           Bond       G96Angle        LJ (SR)   Coulomb (SR)      Potential
    2.49476e+05    6.92556e+04   -5.79206e+06   -1.78865e+06   -7.26199e+06
 Pressure (bar)
    0.00000e+00

           Step           Time
            905      905.00000

   Energies (kJ/mol)
           Bond       G96Angle        LJ (SR)   Coulomb (SR)      Potential
    2.49355e+05    6.91856e+04   -5.79262e+06   -1.78811e+06   -7.26218e+06
 Pressure (bar)
    0.00000e+00

           Step           Time
            906      906.00000

   Energies (kJ/mol)
           Bond       G96Angle        LJ (SR)   Coulomb (SR)      Potential
    2.49320e+05    6.91025e+04   -5.79258e+06   -1.78816e+06   -7.26232e+06
 Pressure (bar)
    0.00000e+00

           Step           Time
            907      907.00000

   Energies (kJ/mol)
           Bond       G96Angle        LJ (SR)   Coulomb (SR)      Potential
    2.49146e+05    6.90534e+04   -5.79388e+06   -1.78846e+06   -7.26414e+06
 Pressure (bar)
    0.00000e+00

           Step           Time
            908      908.00000

           Step           Time
            909      909.00000

   Energies (kJ/mol)
           Bond       G96Angle        LJ (SR)   Coulomb (SR)      Potential
    2.49224e+05    6.89971e+04   -5.79383e+06   -1.78937e+06   -7.26498e+06
 Pressure (bar)
    0.00000e+00

           Step           Time
            910      910.00000

           Step           Time
            911      911.00000

   Energies (kJ/mol)
           Bond       G96Angle        LJ (SR)   Coulomb (SR)      Potential
    2.49123e+05    6.89349e+04   -5.79403e+06   -1.78902e+06   -7.26500e+06
 Pressure (bar)
    0.00000e+00

           Step           Time
            912      912.00000

   Energies (kJ/mol)
           Bond       G96Angle        LJ (SR)   Coulomb (SR)      Potential
    2.49154e+05    6.88594e+04   -5.79420e+06   -1.78890e+06   -7.26508e+06
 Pressure (bar)
    0.00000e+00

           Step           Time
            913      913.00000

   Energies (kJ/mol)
           Bond       G96Angle        LJ (SR)   Coulomb (SR)      Potential
    2.48990e+05    6.87957e+04   -5.79472e+06   -1.78871e+06   -7.26564e+06
 Pressure (bar)
    0.00000e+00

           Step           Time
            914      914.00000

   Energies (kJ/mol)
           Bond       G96Angle        LJ (SR)   Coulomb (SR)      Potential
    2.48973e+05    6.87279e+04   -5.79494e+06   -1.78921e+06   -7.26645e+06
 Pressure (bar)
    0.00000e+00

           Step           Time
            915      915.00000

           Step           Time
            916      916.00000

   Energies (kJ/mol)
           Bond       G96Angle        LJ (SR)   Coulomb (SR)      Potential
    2.48901e+05    6.86833e+04   -5.79559e+06   -1.78951e+06   -7.26752e+06
 Pressure (bar)
    0.00000e+00

           Step           Time
            917      917.00000

           Step           Time
            918      918.00000

   Energies (kJ/mol)
           Bond       G96Angle        LJ (SR)   Coulomb (SR)      Potential
    2.48948e+05    6.86439e+04   -5.79566e+06   -1.79004e+06   -7.26811e+06
 Pressure (bar)
    0.00000e+00

           Step           Time
            919      919.00000

           Step           Time
            920      920.00000

   Energies (kJ/mol)
           Bond       G96Angle        LJ (SR)   Coulomb (SR)      Potential
    2.48889e+05    6.86140e+04   -5.79582e+06   -1.79021e+06   -7.26853e+06
 Pressure (bar)
    0.00000e+00

           Step           Time
            921      921.00000

   Energies (kJ/mol)
           Bond       G96Angle        LJ (SR)   Coulomb (SR)      Potential
    2.48866e+05    6.85794e+04   -5.79591e+06   -1.79028e+06   -7.26875e+06
 Pressure (bar)
    0.00000e+00

           Step           Time
            922      922.00000

   Energies (kJ/mol)
           Bond       G96Angle        LJ (SR)   Coulomb (SR)      Potential
    2.48857e+05    6.85461e+04   -5.79608e+06   -1.79034e+06   -7.26901e+06
 Pressure (bar)
    0.00000e+00

           Step           Time
            923      923.00000

           Step           Time
            924      924.00000

   Energies (kJ/mol)
           Bond       G96Angle        LJ (SR)   Coulomb (SR)      Potential
    2.48825e+05    6.85234e+04   -5.79624e+06   -1.79052e+06   -7.26941e+06
 Pressure (bar)
    0.00000e+00

           Step           Time
            925      925.00000

   Energies (kJ/mol)
           Bond       G96Angle        LJ (SR)   Coulomb (SR)      Potential
    2.48796e+05    6.84888e+04   -5.79638e+06   -1.79041e+06   -7.26951e+06
 Pressure (bar)
    0.00000e+00

           Step           Time
            926      926.00000

   Energies (kJ/mol)
           Bond       G96Angle        LJ (SR)   Coulomb (SR)      Potential
    2.48807e+05    6.84560e+04   -5.79652e+06   -1.79044e+06   -7.26969e+06
 Pressure (bar)
    0.00000e+00

           Step           Time
            927      927.00000

   Energies (kJ/mol)
           Bond       G96Angle        LJ (SR)   Coulomb (SR)      Potential
    2.48742e+05    6.84131e+04   -5.79672e+06   -1.79029e+06   -7.26986e+06
 Pressure (bar)
    0.00000e+00

           Step           Time
            928      928.00000

   Energies (kJ/mol)
           Bond       G96Angle        LJ (SR)   Coulomb (SR)      Potential
    2.48736e+05    6.83668e+04   -5.79686e+06   -1.79015e+06   -7.26990e+06
 Pressure (bar)
    0.00000e+00

           Step           Time
            929      929.00000

   Energies (kJ/mol)
           Bond       G96Angle        LJ (SR)   Coulomb (SR)      Potential
    2.48671e+05    6.83096e+04   -5.79717e+06   -1.79006e+06   -7.27025e+06
 Pressure (bar)
    0.00000e+00

           Step           Time
            930      930.00000

   Energies (kJ/mol)
           Bond       G96Angle        LJ (SR)   Coulomb (SR)      Potential
    2.48661e+05    6.82600e+04   -5.79736e+06   -1.79004e+06   -7.27048e+06
 Pressure (bar)
    0.00000e+00

           Step           Time
            931      931.00000

   Energies (kJ/mol)
           Bond       G96Angle        LJ (SR)   Coulomb (SR)      Potential
    2.48595e+05    6.81956e+04   -5.79769e+06   -1.78966e+06   -7.27056e+06
 Pressure (bar)
    0.00000e+00

           Step           Time
            932      932.00000

   Energies (kJ/mol)
           Bond       G96Angle        LJ (SR)   Coulomb (SR)      Potential
    2.48527e+05    6.81316e+04   -5.79791e+06   -1.78967e+06   -7.27092e+06
 Pressure (bar)
    0.00000e+00

           Step           Time
            933      933.00000

   Energies (kJ/mol)
           Bond       G96Angle        LJ (SR)   Coulomb (SR)      Potential
    2.48445e+05    6.80729e+04   -5.79857e+06   -1.78982e+06   -7.27187e+06
 Pressure (bar)
    0.00000e+00

           Step           Time
            934      934.00000

           Step           Time
            935      935.00000

   Energies (kJ/mol)
           Bond       G96Angle        LJ (SR)   Coulomb (SR)      Potential
    2.48427e+05    6.80342e+04   -5.79883e+06   -1.79048e+06   -7.27284e+06
 Pressure (bar)
    0.00000e+00

           Step           Time
            936      936.00000

           Step           Time
            937      937.00000

   Energies (kJ/mol)
           Bond       G96Angle        LJ (SR)   Coulomb (SR)      Potential
    2.48406e+05    6.79938e+04   -5.79888e+06   -1.79074e+06   -7.27322e+06
 Pressure (bar)
    0.00000e+00

           Step           Time
            938      938.00000

   Energies (kJ/mol)
           Bond       G96Angle        LJ (SR)   Coulomb (SR)      Potential
    2.48360e+05    6.79445e+04   -5.79907e+06   -1.79052e+06   -7.27329e+06
 Pressure (bar)
    0.00000e+00

           Step           Time
            939      939.00000

           Step           Time
            940      940.00000

   Energies (kJ/mol)
           Bond       G96Angle        LJ (SR)   Coulomb (SR)      Potential
    2.48346e+05    6.79141e+04   -5.79930e+06   -1.79095e+06   -7.27398e+06
 Pressure (bar)
    0.00000e+00

           Step           Time
            941      941.00000

   Energies (kJ/mol)
           Bond       G96Angle        LJ (SR)   Coulomb (SR)      Potential
    2.48349e+05    6.78726e+04   -5.79943e+06   -1.79099e+06   -7.27420e+06
 Pressure (bar)
    0.00000e+00

           Step           Time
            942      942.00000

   Energies (kJ/mol)
           Bond       G96Angle        LJ (SR)   Coulomb (SR)      Potential
    2.48272e+05    6.78285e+04   -5.79962e+06   -1.79077e+06   -7.27428e+06
 Pressure (bar)
    0.00000e+00

           Step           Time
            943      943.00000

   Energies (kJ/mol)
           Bond       G96Angle        LJ (SR)   Coulomb (SR)      Potential
    2.48249e+05    6.77803e+04   -5.79980e+06   -1.79070e+06   -7.27447e+06
 Pressure (bar)
    0.00000e+00

           Step           Time
            944      944.00000

   Energies (kJ/mol)
           Bond       G96Angle        LJ (SR)   Coulomb (SR)      Potential
    2.48183e+05    6.77214e+04   -5.80013e+06   -1.79028e+06   -7.27451e+06
 Pressure (bar)
    0.00000e+00

           Step           Time
            945      945.00000

   Energies (kJ/mol)
           Bond       G96Angle        LJ (SR)   Coulomb (SR)      Potential
    2.48205e+05    6.76653e+04   -5.80026e+06   -1.79061e+06   -7.27499e+06
 Pressure (bar)
    0.00000e+00

           Step           Time
            946      946.00000

   Energies (kJ/mol)
           Bond       G96Angle        LJ (SR)   Coulomb (SR)      Potential
    2.48115e+05    6.76113e+04   -5.80092e+06   -1.79062e+06   -7.27581e+06
 Pressure (bar)
    0.00000e+00

           Step           Time
            947      947.00000

           Step           Time
            948      948.00000

   Energies (kJ/mol)
           Bond       G96Angle        LJ (SR)   Coulomb (SR)      Potential
    2.48073e+05    6.75775e+04   -5.80111e+06   -1.79116e+06   -7.27662e+06
 Pressure (bar)
    0.00000e+00

           Step           Time
            949      949.00000

           Step           Time
            950      950.00000

   Energies (kJ/mol)
           Bond       G96Angle        LJ (SR)   Coulomb (SR)      Potential
    2.48033e+05    6.75415e+04   -5.80119e+06   -1.79129e+06   -7.27690e+06
 Pressure (bar)
    0.00000e+00

           Step           Time
            951      951.00000

   Energies (kJ/mol)
           Bond       G96Angle        LJ (SR)   Coulomb (SR)      Potential
    2.48041e+05    6.75095e+04   -5.80137e+06   -1.79142e+06   -7.27724e+06
 Pressure (bar)
    0.00000e+00

           Step           Time
            952      952.00000

           Step           Time
            953      953.00000

   Energies (kJ/mol)
           Bond       G96Angle        LJ (SR)   Coulomb (SR)      Potential
    2.47967e+05    6.74849e+04   -5.80150e+06   -1.79157e+06   -7.27761e+06
 Pressure (bar)
    0.00000e+00

           Step           Time
            954      954.00000

   Energies (kJ/mol)
           Bond       G96Angle        LJ (SR)   Coulomb (SR)      Potential
    2.47962e+05    6.74561e+04   -5.80159e+06   -1.79156e+06   -7.27774e+06
 Pressure (bar)
    0.00000e+00

           Step           Time
            955      955.00000

   Energies (kJ/mol)
           Bond       G96Angle        LJ (SR)   Coulomb (SR)      Potential
    2.47954e+05    6.74214e+04   -5.80172e+06   -1.79148e+06   -7.27782e+06
 Pressure (bar)
    0.00000e+00

           Step           Time
            956      956.00000

   Energies (kJ/mol)
           Bond       G96Angle        LJ (SR)   Coulomb (SR)      Potential
    2.47927e+05    6.73845e+04   -5.80192e+06   -1.79141e+06   -7.27801e+06
 Pressure (bar)
    0.00000e+00

           Step           Time
            957      957.00000

   Energies (kJ/mol)
           Bond       G96Angle        LJ (SR)   Coulomb (SR)      Potential
    2.47890e+05    6.73386e+04   -5.80212e+06   -1.79123e+06   -7.27812e+06
 Pressure (bar)
    0.00000e+00

           Step           Time
            958      958.00000

   Energies (kJ/mol)
           Bond       G96Angle        LJ (SR)   Coulomb (SR)      Potential
    2.47931e+05    6.72903e+04   -5.80233e+06   -1.79121e+06   -7.27833e+06
 Pressure (bar)
    0.00000e+00

           Step           Time
            959      959.00000

   Energies (kJ/mol)
           Bond       G96Angle        LJ (SR)   Coulomb (SR)      Potential
    2.47846e+05    6.72305e+04   -5.80259e+06   -1.79084e+06   -7.27836e+06
 Pressure (bar)
    0.00000e+00

           Step           Time
            960      960.00000

   Energies (kJ/mol)
           Bond       G96Angle        LJ (SR)   Coulomb (SR)      Potential
    2.47794e+05    6.71793e+04   -5.80287e+06   -1.79100e+06   -7.27889e+06
 Pressure (bar)
    0.00000e+00

           Step           Time
            961      961.00000

   Energies (kJ/mol)
           Bond       G96Angle        LJ (SR)   Coulomb (SR)      Potential
    2.47606e+05    6.71188e+04   -5.80327e+06   -1.79075e+06   -7.27930e+06
 Pressure (bar)
    0.00000e+00

           Step           Time
            962      962.00000

   Energies (kJ/mol)
           Bond       G96Angle        LJ (SR)   Coulomb (SR)      Potential
    2.47679e+05    6.70558e+04   -5.80335e+06   -1.79082e+06   -7.27944e+06
 Pressure (bar)
    0.00000e+00

           Step           Time
            963      963.00000

   Energies (kJ/mol)
           Bond       G96Angle        LJ (SR)   Coulomb (SR)      Potential
    2.47569e+05    6.69900e+04   -5.80383e+06   -1.79054e+06   -7.27981e+06
 Pressure (bar)
    0.00000e+00

           Step           Time
            964      964.00000

           Step           Time
            965      965.00000

   Energies (kJ/mol)
           Bond       G96Angle        LJ (SR)   Coulomb (SR)      Potential
    2.47554e+05    6.69526e+04   -5.80453e+06   -1.79130e+06   -7.28133e+06
 Pressure (bar)
    0.00000e+00

           Step           Time
            966      966.00000

           Step           Time
            967      967.00000

   Energies (kJ/mol)
           Bond       G96Angle        LJ (SR)   Coulomb (SR)      Potential
    2.47576e+05    6.69033e+04   -5.80437e+06   -1.79183e+06   -7.28172e+06
 Pressure (bar)
    0.00000e+00

           Step           Time
            968      968.00000

           Step           Time
            969      969.00000

   Energies (kJ/mol)
           Bond       G96Angle        LJ (SR)   Coulomb (SR)      Potential
    2.47528e+05    6.68741e+04   -5.80474e+06   -1.79204e+06   -7.28238e+06
 Pressure (bar)
    0.00000e+00

           Step           Time
            970      970.00000

   Energies (kJ/mol)
           Bond       G96Angle        LJ (SR)   Coulomb (SR)      Potential
    2.47479e+05    6.68331e+04   -5.80479e+06   -1.79208e+06   -7.28256e+06
 Pressure (bar)
    0.00000e+00

           Step           Time
            971      971.00000

   Energies (kJ/mol)
           Bond       G96Angle        LJ (SR)   Coulomb (SR)      Potential
    2.47463e+05    6.67939e+04   -5.80501e+06   -1.79197e+06   -7.28272e+06
 Pressure (bar)
    0.00000e+00

           Step           Time
            972      972.00000

           Step           Time
            973      973.00000

   Energies (kJ/mol)
           Bond       G96Angle        LJ (SR)   Coulomb (SR)      Potential
    2.47441e+05    6.67676e+04   -5.80518e+06   -1.79236e+06   -7.28333e+06
 Pressure (bar)
    0.00000e+00

           Step           Time
            974      974.00000

   Energies (kJ/mol)
           Bond       G96Angle        LJ (SR)   Coulomb (SR)      Potential
    2.47461e+05    6.67412e+04   -5.80529e+06   -1.79253e+06   -7.28362e+06
 Pressure (bar)
    0.00000e+00

           Step           Time
            975      975.00000

           Step           Time
            976      976.00000

   Energies (kJ/mol)
           Bond       G96Angle        LJ (SR)   Coulomb (SR)      Potential
    2.47430e+05    6.67228e+04   -5.80538e+06   -1.79267e+06   -7.28390e+06
 Pressure (bar)
    0.00000e+00

           Step           Time
            977      977.00000

   Energies (kJ/mol)
           Bond       G96Angle        LJ (SR)   Coulomb (SR)      Potential
    2.47422e+05    6.67007e+04   -5.80547e+06   -1.79267e+06   -7.28401e+06
 Pressure (bar)
    0.00000e+00

           Step           Time
            978      978.00000

   Energies (kJ/mol)
           Bond       G96Angle        LJ (SR)   Coulomb (SR)      Potential
    2.47399e+05    6.66727e+04   -5.80561e+06   -1.79257e+06   -7.28411e+06
 Pressure (bar)
    0.00000e+00

           Step           Time
            979      979.00000

   Energies (kJ/mol)
           Bond       G96Angle        LJ (SR)   Coulomb (SR)      Potential
    2.47373e+05    6.66373e+04   -5.80575e+06   -1.79243e+06   -7.28417e+06
 Pressure (bar)
    0.00000e+00

           Step           Time
            980      980.00000

   Energies (kJ/mol)
           Bond       G96Angle        LJ (SR)   Coulomb (SR)      Potential
    2.47340e+05    6.66045e+04   -5.80586e+06   -1.79249e+06   -7.28440e+06
 Pressure (bar)
    0.00000e+00

           Step           Time
            981      981.00000

   Energies (kJ/mol)
           Bond       G96Angle        LJ (SR)   Coulomb (SR)      Potential
    2.47329e+05    6.65622e+04   -5.80617e+06   -1.79227e+06   -7.28454e+06
 Pressure (bar)
    0.00000e+00

           Step           Time
            982      982.00000

   Energies (kJ/mol)
           Bond       G96Angle        LJ (SR)   Coulomb (SR)      Potential
    2.47302e+05    6.65107e+04   -5.80623e+06   -1.79214e+06   -7.28456e+06
 Pressure (bar)
    0.00000e+00

           Step           Time
            983      983.00000

   Energies (kJ/mol)
           Bond       G96Angle        LJ (SR)   Coulomb (SR)      Potential
    2.47289e+05    6.64605e+04   -5.80672e+06   -1.79199e+06   -7.28496e+06
 Pressure (bar)
    0.00000e+00

           Step           Time
            984      984.00000

   Energies (kJ/mol)
           Bond       G96Angle        LJ (SR)   Coulomb (SR)      Potential
    2.47217e+05    6.64037e+04   -5.80681e+06   -1.79196e+06   -7.28515e+06
 Pressure (bar)
    0.00000e+00

           Step           Time
            985      985.00000

   Energies (kJ/mol)
           Bond       G96Angle        LJ (SR)   Coulomb (SR)      Potential
    2.47172e+05    6.63492e+04   -5.80727e+06   -1.79203e+06   -7.28578e+06
 Pressure (bar)
    0.00000e+00

           Step           Time
            986      986.00000

   Energies (kJ/mol)
           Bond       G96Angle        LJ (SR)   Coulomb (SR)      Potential
    2.47096e+05    6.62890e+04   -5.80723e+06   -1.79200e+06   -7.28584e+06
 Pressure (bar)
    0.00000e+00

           Step           Time
            987      987.00000

   Energies (kJ/mol)
           Bond       G96Angle        LJ (SR)   Coulomb (SR)      Potential
    2.47096e+05    6.62324e+04   -5.80780e+06   -1.79163e+06   -7.28610e+06
 Pressure (bar)
    0.00000e+00

           Step           Time
            988      988.00000

   Energies (kJ/mol)
           Bond       G96Angle        LJ (SR)   Coulomb (SR)      Potential
    2.47042e+05    6.61643e+04   -5.80768e+06   -1.79201e+06   -7.28648e+06
 Pressure (bar)
    0.00000e+00

           Step           Time
            989      989.00000

           Step           Time
            990      990.00000

   Energies (kJ/mol)
           Bond       G96Angle        LJ (SR)   Coulomb (SR)      Potential
    2.46955e+05    6.61285e+04   -5.80886e+06   -1.79232e+06   -7.28810e+06
 Pressure (bar)
    0.00000e+00

           Step           Time
            991      991.00000

           Step           Time
            992      992.00000

   Energies (kJ/mol)
           Bond       G96Angle        LJ (SR)   Coulomb (SR)      Potential
    2.47028e+05    6.60760e+04   -5.80846e+06   -1.79299e+06   -7.28834e+06
 Pressure (bar)
    0.00000e+00

           Step           Time
            993      993.00000

           Step           Time
            994      994.00000

   Energies (kJ/mol)
           Bond       G96Angle        LJ (SR)   Coulomb (SR)      Potential
    2.46978e+05    6.60405e+04   -5.80906e+06   -1.79307e+06   -7.28910e+06
 Pressure (bar)
    0.00000e+00

           Step           Time
            995      995.00000

   Energies (kJ/mol)
           Bond       G96Angle        LJ (SR)   Coulomb (SR)      Potential
    2.46917e+05    6.59974e+04   -5.80904e+06   -1.79305e+06   -7.28918e+06
 Pressure (bar)
    0.00000e+00

           Step           Time
            996      996.00000

   Energies (kJ/mol)
           Bond       G96Angle        LJ (SR)   Coulomb (SR)      Potential
    2.46952e+05    6.59492e+04   -5.80928e+06   -1.79290e+06   -7.28928e+06
 Pressure (bar)
    0.00000e+00

           Step           Time
            997      997.00000

   Energies (kJ/mol)
           Bond       G96Angle        LJ (SR)   Coulomb (SR)      Potential
    2.46875e+05    6.58906e+04   -5.80939e+06   -1.79270e+06   -7.28932e+06
 Pressure (bar)
    0.00000e+00

           Step           Time
            998      998.00000

   Energies (kJ/mol)
           Bond       G96Angle        LJ (SR)   Coulomb (SR)      Potential
    2.46813e+05    6.58498e+04   -5.81003e+06   -1.79290e+06   -7.29026e+06
 Pressure (bar)
    0.00000e+00

           Step           Time
            999      999.00000

   Energies (kJ/mol)
           Bond       G96Angle        LJ (SR)   Coulomb (SR)      Potential
    2.46771e+05    6.57940e+04   -5.80993e+06   -1.79297e+06   -7.29033e+06
 Pressure (bar)
    0.00000e+00

           Step           Time
           1000     1000.00000

   Energies (kJ/mol)
           Bond       G96Angle        LJ (SR)   Coulomb (SR)      Potential
    2.46710e+05    6.57429e+04   -5.81043e+06   -1.79278e+06   -7.29076e+06
 Pressure (bar)
    0.00000e+00

           Step           Time
           1001     1001.00000

           Step           Time
           1002     1002.00000

   Energies (kJ/mol)
           Bond       G96Angle        LJ (SR)   Coulomb (SR)      Potential
    2.46722e+05    6.57106e+04   -5.81079e+06   -1.79345e+06   -7.29181e+06
 Pressure (bar)
    0.00000e+00

           Step           Time
           1003     1003.00000

           Step           Time
           1004     1004.00000

   Energies (kJ/mol)
           Bond       G96Angle        LJ (SR)   Coulomb (SR)      Potential
    2.46750e+05    6.56673e+04   -5.81077e+06   -1.79361e+06   -7.29196e+06
 Pressure (bar)
    0.00000e+00

           Step           Time
           1005     1005.00000

   Energies (kJ/mol)
           Bond       G96Angle        LJ (SR)   Coulomb (SR)      Potential
    2.46667e+05    6.56229e+04   -5.81105e+06   -1.79343e+06   -7.29219e+06
 Pressure (bar)
    0.00000e+00

           Step           Time
           1006     1006.00000

   Energies (kJ/mol)
           Bond       G96Angle        LJ (SR)   Coulomb (SR)      Potential
    2.46661e+05    6.55782e+04   -5.81120e+06   -1.79349e+06   -7.29245e+06
 Pressure (bar)
    0.00000e+00

           Step           Time
           1007     1007.00000

   Energies (kJ/mol)
           Bond       G96Angle        LJ (SR)   Coulomb (SR)      Potential
    2.46599e+05    6.55257e+04   -5.81137e+06   -1.79327e+06   -7.29251e+06
 Pressure (bar)
    0.00000e+00

           Step           Time
           1008     1008.00000

   Energies (kJ/mol)
           Bond       G96Angle        LJ (SR)   Coulomb (SR)      Potential
    2.46589e+05    6.54766e+04   -5.81173e+06   -1.79336e+06   -7.29303e+06
 Pressure (bar)
    0.00000e+00

           Step           Time
           1009     1009.00000

           Step           Time
           1010     1010.00000

   Energies (kJ/mol)
           Bond       G96Angle        LJ (SR)   Coulomb (SR)      Potential
    2.46520e+05    6.54467e+04   -5.81212e+06   -1.79380e+06   -7.29395e+06
 Pressure (bar)
    0.00000e+00

           Step           Time
           1011     1011.00000

           Step           Time
           1012     1012.00000

   Energies (kJ/mol)
           Bond       G96Angle        LJ (SR)   Coulomb (SR)      Potential
    2.46522e+05    6.54097e+04   -5.81222e+06   -1.79405e+06   -7.29434e+06
 Pressure (bar)
    0.00000e+00

           Step           Time
           1013     1013.00000

   Energies (kJ/mol)
           Bond       G96Angle        LJ (SR)   Coulomb (SR)      Potential
    2.46479e+05    6.53743e+04   -5.81232e+06   -1.79399e+06   -7.29446e+06
 Pressure (bar)
    0.00000e+00

           Step           Time
           1014     1014.00000

   Energies (kJ/mol)
           Bond       G96Angle        LJ (SR)   Coulomb (SR)      Potential
    2.46484e+05    6.53390e+04   -5.81251e+06   -1.79401e+06   -7.29470e+06
 Pressure (bar)
    0.00000e+00

           Step           Time
           1015     1015.00000

           Step           Time
           1016     1016.00000

   Energies (kJ/mol)
           Bond       G96Angle        LJ (SR)   Coulomb (SR)      Potential
    2.46481e+05    6.53144e+04   -5.81271e+06   -1.79434e+06   -7.29525e+06
 Pressure (bar)
    0.00000e+00

           Step           Time
           1017     1017.00000

   Energies (kJ/mol)
           Bond       G96Angle        LJ (SR)   Coulomb (SR)      Potential
    2.46426e+05    6.52884e+04   -5.81278e+06   -1.79444e+06   -7.29550e+06
 Pressure (bar)
    0.00000e+00

           Step           Time
           1018     1018.00000

           Step           Time
           1019     1019.00000

   Energies (kJ/mol)
           Bond       G96Angle        LJ (SR)   Coulomb (SR)      Potential
    2.46421e+05    6.52725e+04   -5.81291e+06   -1.79460e+06   -7.29582e+06
 Pressure (bar)
    0.00000e+00

           Step           Time
           1020     1020.00000

   Energies (kJ/mol)
           Bond       G96Angle        LJ (SR)   Coulomb (SR)      Potential
    2.46417e+05    6.52484e+04   -5.81298e+06   -1.79454e+06   -7.29586e+06
 Pressure (bar)
    0.00000e+00

           Step           Time
           1021     1021.00000

   Energies (kJ/mol)
           Bond       G96Angle        LJ (SR)   Coulomb (SR)      Potential
    2.46395e+05    6.52222e+04   -5.81308e+06   -1.79446e+06   -7.29593e+06
 Pressure (bar)
    0.00000e+00

           Step           Time
           1022     1022.00000

   Energies (kJ/mol)
           Bond       G96Angle        LJ (SR)   Coulomb (SR)      Potential
    2.46377e+05    6.51965e+04   -5.81327e+06   -1.79451e+06   -7.29621e+06
 Pressure (bar)
    0.00000e+00

           Step           Time
           1023     1023.00000

           Step           Time
           1024     1024.00000

   Energies (kJ/mol)
           Bond       G96Angle        LJ (SR)   Coulomb (SR)      Potential
    2.46356e+05    6.51784e+04   -5.81339e+06   -1.79467e+06   -7.29652e+06
 Pressure (bar)
    0.00000e+00

           Step           Time
           1025     1025.00000

   Energies (kJ/mol)
           Bond       G96Angle        LJ (SR)   Coulomb (SR)      Potential
    2.46328e+05    6.51608e+04   -5.81349e+06   -1.79471e+06   -7.29671e+06
 Pressure (bar)
    0.00000e+00

           Step           Time
           1026     1026.00000

           Step           Time
           1027     1027.00000

   Energies (kJ/mol)
           Bond       G96Angle        LJ (SR)   Coulomb (SR)      Potential
    2.46326e+05    6.51460e+04   -5.81354e+06   -1.79483e+06   -7.29690e+06
 Pressure (bar)
    0.00000e+00

           Step           Time
           1028     1028.00000

   Energies (kJ/mol)
           Bond       G96Angle        LJ (SR)   Coulomb (SR)      Potential
    2.46335e+05    6.51311e+04   -5.81361e+06   -1.79487e+06   -7.29702e+06
 Pressure (bar)
    0.00000e+00

           Step           Time
           1029     1029.00000

   Energies (kJ/mol)
           Bond       G96Angle        LJ (SR)   Coulomb (SR)      Potential
    2.46291e+05    6.51130e+04   -5.81368e+06   -1.79480e+06   -7.29707e+06
 Pressure (bar)
    0.00000e+00

           Step           Time
           1030     1030.00000

   Energies (kJ/mol)
           Bond       G96Angle        LJ (SR)   Coulomb (SR)      Potential
    2.46308e+05    6.50931e+04   -5.81380e+06   -1.79474e+06   -7.29714e+06
 Pressure (bar)
    0.00000e+00

           Step           Time
           1031     1031.00000

   Energies (kJ/mol)
           Bond       G96Angle        LJ (SR)   Coulomb (SR)      Potential
    2.46309e+05    6.50670e+04   -5.81386e+06   -1.79474e+06   -7.29722e+06
 Pressure (bar)
    0.00000e+00

           Step           Time
           1032     1032.00000

   Energies (kJ/mol)
           Bond       G96Angle        LJ (SR)   Coulomb (SR)      Potential
    2.46297e+05    6.50379e+04   -5.81408e+06   -1.79452e+06   -7.29726e+06
 Pressure (bar)
    0.00000e+00

           Step           Time
           1033     1033.00000

   Energies (kJ/mol)
           Bond       G96Angle        LJ (SR)   Coulomb (SR)      Potential
    2.46228e+05    6.50096e+04   -5.81422e+06   -1.79459e+06   -7.29758e+06
 Pressure (bar)
    0.00000e+00

           Step           Time
           1034     1034.00000

           Step           Time
           1035     1035.00000

   Energies (kJ/mol)
           Bond       G96Angle        LJ (SR)   Coulomb (SR)      Potential
    2.46222e+05    6.49873e+04   -5.81439e+06   -1.79481e+06   -7.29800e+06
 Pressure (bar)
    0.00000e+00

           Step           Time
           1036     1036.00000

           Step           Time
           1037     1037.00000

   Energies (kJ/mol)
           Bond       G96Angle        LJ (SR)   Coulomb (SR)      Potential
    2.46212e+05    6.49703e+04   -5.81446e+06   -1.79496e+06   -7.29824e+06
 Pressure (bar)
    0.00000e+00

           Step           Time
           1038     1038.00000

   Energies (kJ/mol)
           Bond       G96Angle        LJ (SR)   Coulomb (SR)      Potential
    2.46197e+05    6.49521e+04   -5.81454e+06   -1.79500e+06   -7.29839e+06
 Pressure (bar)
    0.00000e+00

           Step           Time
           1039     1039.00000

   Energies (kJ/mol)
           Bond       G96Angle        LJ (SR)   Coulomb (SR)      Potential
    2.46192e+05    6.49357e+04   -5.81461e+06   -1.79505e+06   -7.29853e+06
 Pressure (bar)
    0.00000e+00

           Step           Time
           1040     1040.00000

           Step           Time
           1041     1041.00000

   Energies (kJ/mol)
           Bond       G96Angle        LJ (SR)   Coulomb (SR)      Potential
    2.46190e+05    6.49230e+04   -5.81465e+06   -1.79518e+06   -7.29872e+06
 Pressure (bar)
    0.00000e+00

           Step           Time
           1042     1042.00000

   Energies (kJ/mol)
           Bond       G96Angle        LJ (SR)   Coulomb (SR)      Potential
    2.46163e+05    6.49084e+04   -5.81473e+06   -1.79518e+06   -7.29884e+06
 Pressure (bar)
    0.00000e+00

           Step           Time
           1043     1043.00000

   Energies (kJ/mol)
           Bond       G96Angle        LJ (SR)   Coulomb (SR)      Potential
    2.46161e+05    6.48910e+04   -5.81483e+06   -1.79511e+06   -7.29889e+06
 Pressure (bar)
    0.00000e+00

           Step           Time
           1044     1044.00000

   Energies (kJ/mol)
           Bond       G96Angle        LJ (SR)   Coulomb (SR)      Potential
    2.46133e+05    6.48710e+04   -5.81495e+06   -1.79499e+06   -7.29894e+06
 Pressure (bar)
    0.00000e+00

           Step           Time
           1045     1045.00000

           Step           Time
           1046     1046.00000

   Energies (kJ/mol)
           Bond       G96Angle        LJ (SR)   Coulomb (SR)      Potential
    2.46134e+05    6.48567e+04   -5.81504e+06   -1.79518e+06   -7.29923e+06
 Pressure (bar)
    0.00000e+00

           Step           Time
           1047     1047.00000

   Energies (kJ/mol)
           Bond       G96Angle        LJ (SR)   Coulomb (SR)      Potential
    2.46107e+05    6.48399e+04   -5.81511e+06   -1.79516e+06   -7.29932e+06
 Pressure (bar)
    0.00000e+00

           Step           Time
           1048     1048.00000

   Energies (kJ/mol)
           Bond       G96Angle        LJ (SR)   Coulomb (SR)      Potential
    2.46115e+05    6.48246e+04   -5.81517e+06   -1.79522e+06   -7.29945e+06
 Pressure (bar)
    0.00000e+00

           Step           Time
           1049     1049.00000

           Step           Time
           1050     1050.00000

   Energies (kJ/mol)
           Bond       G96Angle        LJ (SR)   Coulomb (SR)      Potential
    2.46104e+05    6.48134e+04   -5.81526e+06   -1.79532e+06   -7.29966e+06
 Pressure (bar)
    0.00000e+00

           Step           Time
           1051     1051.00000

   Energies (kJ/mol)
           Bond       G96Angle        LJ (SR)   Coulomb (SR)      Potential
    2.46083e+05    6.47996e+04   -5.81532e+06   -1.79529e+06   -7.29972e+06
 Pressure (bar)
    0.00000e+00

           Step           Time
           1052     1052.00000

   Energies (kJ/mol)
           Bond       G96Angle        LJ (SR)   Coulomb (SR)      Potential
    2.46086e+05    6.47839e+04   -5.81538e+06   -1.79530e+06   -7.29981e+06
 Pressure (bar)
    0.00000e+00

           Step           Time
           1053     1053.00000

   Energies (kJ/mol)
           Bond       G96Angle        LJ (SR)   Coulomb (SR)      Potential
    2.46051e+05    6.47683e+04   -5.81549e+06   -1.79521e+06   -7.29988e+06
 Pressure (bar)
    0.00000e+00

           Step           Time
           1054     1054.00000

   Energies (kJ/mol)
           Bond       G96Angle        LJ (SR)   Coulomb (SR)      Potential
    2.46074e+05    6.47453e+04   -5.81558e+06   -1.79514e+06   -7.29990e+06
 Pressure (bar)
    0.00000e+00

           Step           Time
           1055     1055.00000

   Energies (kJ/mol)
           Bond       G96Angle        LJ (SR)   Coulomb (SR)      Potential
    2.46031e+05    6.47216e+04   -5.81574e+06   -1.79505e+06   -7.30003e+06
 Pressure (bar)
    0.00000e+00

           Step           Time
           1056     1056.00000

   Energies (kJ/mol)
           Bond       G96Angle        LJ (SR)   Coulomb (SR)      Potential
    2.46017e+05    6.46922e+04   -5.81591e+06   -1.79488e+06   -7.30009e+06
 Pressure (bar)
    0.00000e+00

           Step           Time
           1057     1057.00000

   Energies (kJ/mol)
           Bond       G96Angle        LJ (SR)   Coulomb (SR)      Potential
    2.46014e+05    6.46563e+04   -5.81605e+06   -1.79485e+06   -7.30023e+06
 Pressure (bar)
    0.00000e+00

           Step           Time
           1058     1058.00000

   Energies (kJ/mol)
           Bond       G96Angle        LJ (SR)   Coulomb (SR)      Potential
    2.45975e+05    6.46197e+04   -5.81625e+06   -1.79461e+06   -7.30026e+06
 Pressure (bar)
    0.00000e+00

           Step           Time
           1059     1059.00000

   Energies (kJ/mol)
           Bond       G96Angle        LJ (SR)   Coulomb (SR)      Potential
    2.45959e+05    6.45724e+04   -5.81641e+06   -1.79441e+06   -7.30029e+06
 Pressure (bar)
    0.00000e+00

           Step           Time
           1060     1060.00000

   Energies (kJ/mol)
           Bond       G96Angle        LJ (SR)   Coulomb (SR)      Potential
    2.45949e+05    6.45265e+04   -5.81670e+06   -1.79444e+06   -7.30066e+06
 Pressure (bar)
    0.00000e+00

           Step           Time
           1061     1061.00000

   Energies (kJ/mol)
           Bond       G96Angle        LJ (SR)   Coulomb (SR)      Potential
    2.45878e+05    6.44745e+04   -5.81696e+06   -1.79432e+06   -7.30092e+06
 Pressure (bar)
    0.00000e+00

           Step           Time
           1062     1062.00000

           Step           Time
           1063     1063.00000

   Energies (kJ/mol)
           Bond       G96Angle        LJ (SR)   Coulomb (SR)      Potential
    2.45865e+05    6.44461e+04   -5.81745e+06   -1.79490e+06   -7.30203e+06
 Pressure (bar)
    0.00000e+00

           Step           Time
           1064     1064.00000

           Step           Time
           1065     1065.00000

   Energies (kJ/mol)
           Bond       G96Angle        LJ (SR)   Coulomb (SR)      Potential
    2.45810e+05    6.44167e+04   -5.81747e+06   -1.79523e+06   -7.30247e+06
 Pressure (bar)
    0.00000e+00

           Step           Time
           1066     1066.00000

   Energies (kJ/mol)
           Bond       G96Angle        LJ (SR)   Coulomb (SR)      Potential
    2.45839e+05    6.43782e+04   -5.81760e+06   -1.79510e+06   -7.30249e+06
 Pressure (bar)
    0.00000e+00

           Step           Time
           1067     1067.00000

   Energies (kJ/mol)
           Bond       G96Angle        LJ (SR)   Coulomb (SR)      Potential
    2.45780e+05    6.43469e+04   -5.81779e+06   -1.79519e+06   -7.30285e+06
 Pressure (bar)
    0.00000e+00

           Step           Time
           1068     1068.00000

           Step           Time
           1069     1069.00000

   Energies (kJ/mol)
           Bond       G96Angle        LJ (SR)   Coulomb (SR)      Potential
    2.45796e+05    6.43233e+04   -5.81797e+06   -1.79550e+06   -7.30335e+06
 Pressure (bar)
    0.00000e+00

           Step           Time
           1070     1070.00000

   Energies (kJ/mol)
           Bond       G96Angle        LJ (SR)   Coulomb (SR)      Potential
    2.45759e+05    6.42939e+04   -5.81806e+06   -1.79556e+06   -7.30357e+06
 Pressure (bar)
    0.00000e+00

           Step           Time
           1071     1071.00000

   Energies (kJ/mol)
           Bond       G96Angle        LJ (SR)   Coulomb (SR)      Potential
    2.45740e+05    6.42642e+04   -5.81821e+06   -1.79537e+06   -7.30357e+06
 Pressure (bar)
    0.00000e+00

           Step           Time
           1072     1072.00000

           Step           Time
           1073     1073.00000

   Energies (kJ/mol)
           Bond       G96Angle        LJ (SR)   Coulomb (SR)      Potential
    2.45727e+05    6.42437e+04   -5.81836e+06   -1.79570e+06   -7.30409e+06
 Pressure (bar)
    0.00000e+00

           Step           Time
           1074     1074.00000

   Energies (kJ/mol)
           Bond       G96Angle        LJ (SR)   Coulomb (SR)      Potential
    2.45695e+05    6.42181e+04   -5.81846e+06   -1.79570e+06   -7.30425e+06
 Pressure (bar)
    0.00000e+00

           Step           Time
           1075     1075.00000

           Step           Time
           1076     1076.00000

   Energies (kJ/mol)
           Bond       G96Angle        LJ (SR)   Coulomb (SR)      Potential
    2.45694e+05    6.42012e+04   -5.81856e+06   -1.79590e+06   -7.30456e+06
 Pressure (bar)
    0.00000e+00

           Step           Time
           1077     1077.00000

   Energies (kJ/mol)
           Bond       G96Angle        LJ (SR)   Coulomb (SR)      Potential
    2.45693e+05    6.41827e+04   -5.81860e+06   -1.79592e+06   -7.30465e+06
 Pressure (bar)
    0.00000e+00

           Step           Time
           1078     1078.00000

   Energies (kJ/mol)
           Bond       G96Angle        LJ (SR)   Coulomb (SR)      Potential
    2.45670e+05    6.41638e+04   -5.81873e+06   -1.79587e+06   -7.30477e+06
 Pressure (bar)
    0.00000e+00

           Step           Time
           1079     1079.00000

   Energies (kJ/mol)
           Bond       G96Angle        LJ (SR)   Coulomb (SR)      Potential
    2.45656e+05    6.41394e+04   -5.81882e+06   -1.79585e+06   -7.30487e+06
 Pressure (bar)
    0.00000e+00

           Step           Time
           1080     1080.00000

   Energies (kJ/mol)
           Bond       G96Angle        LJ (SR)   Coulomb (SR)      Potential
    2.45696e+05    6.41115e+04   -5.81897e+06   -1.79574e+06   -7.30490e+06
 Pressure (bar)
    0.00000e+00

           Step           Time
           1081     1081.00000

   Energies (kJ/mol)
           Bond       G96Angle        LJ (SR)   Coulomb (SR)      Potential
    2.45611e+05    6.40780e+04   -5.81917e+06   -1.79553e+06   -7.30501e+06
 Pressure (bar)
    0.00000e+00

           Step           Time
           1082     1082.00000

   Energies (kJ/mol)
           Bond       G96Angle        LJ (SR)   Coulomb (SR)      Potential
    2.45625e+05    6.40510e+04   -5.81935e+06   -1.79561e+06   -7.30528e+06
 Pressure (bar)
    0.00000e+00

           Step           Time
           1083     1083.00000

           Step           Time
           1084     1084.00000

   Energies (kJ/mol)
           Bond       G96Angle        LJ (SR)   Coulomb (SR)      Potential
    2.45575e+05    6.40260e+04   -5.81952e+06   -1.79592e+06   -7.30584e+06
 Pressure (bar)
    0.00000e+00

           Step           Time
           1085     1085.00000

   Energies (kJ/mol)
           Bond       G96Angle        LJ (SR)   Coulomb (SR)      Potential
    2.45564e+05    6.39964e+04   -5.81960e+06   -1.79588e+06   -7.30591e+06
 Pressure (bar)
    0.00000e+00

           Step           Time
           1086     1086.00000

   Energies (kJ/mol)
           Bond       G96Angle        LJ (SR)   Coulomb (SR)      Potential
    2.45505e+05    6.39630e+04   -5.81978e+06   -1.79562e+06   -7.30593e+06
 Pressure (bar)
    0.00000e+00

           Step           Time
           1087     1087.00000

   Energies (kJ/mol)
           Bond       G96Angle        LJ (SR)   Coulomb (SR)      Potential
    2.45575e+05    6.39237e+04   -5.81984e+06   -1.79576e+06   -7.30610e+06
 Pressure (bar)
    0.00000e+00

           Step           Time
           1088     1088.00000

   Energies (kJ/mol)
           Bond       G96Angle        LJ (SR)   Coulomb (SR)      Potential
    2.45513e+05    6.38882e+04   -5.82012e+06   -1.79544e+06   -7.30615e+06
 Pressure (bar)
    0.00000e+00

           Step           Time
           1089     1089.00000

           Step           Time
           1090     1090.00000

   Energies (kJ/mol)
           Bond       G96Angle        LJ (SR)   Coulomb (SR)      Potential
    2.45499e+05    6.38619e+04   -5.82046e+06   -1.79594e+06   -7.30704e+06
 Pressure (bar)
    0.00000e+00

           Step           Time
           1091     1091.00000

   Energies (kJ/mol)
           Bond       G96Angle        LJ (SR)   Coulomb (SR)      Potential
    2.45439e+05    6.38184e+04   -5.82046e+06   -1.79588e+06   -7.30708e+06
 Pressure (bar)
    0.00000e+00

           Step           Time
           1092     1092.00000

           Step           Time
           1093     1093.00000

   Energies (kJ/mol)
           Bond       G96Angle        LJ (SR)   Coulomb (SR)      Potential
    2.45437e+05    6.37994e+04   -5.82070e+06   -1.79624e+06   -7.30770e+06
 Pressure (bar)
    0.00000e+00

           Step           Time
           1094     1094.00000

   Energies (kJ/mol)
           Bond       G96Angle        LJ (SR)   Coulomb (SR)      Potential
    2.45419e+05    6.37752e+04   -5.82076e+06   -1.79628e+06   -7.30784e+06
 Pressure (bar)
    0.00000e+00

           Step           Time
           1095     1095.00000

           Step           Time
           1096     1096.00000

   Energies (kJ/mol)
           Bond       G96Angle        LJ (SR)   Coulomb (SR)      Potential
    2.45401e+05    6.37600e+04   -5.82088e+06   -1.79649e+06   -7.30821e+06
 Pressure (bar)
    0.00000e+00

           Step           Time
           1097     1097.00000

           Step           Time
           1098     1098.00000

   Energies (kJ/mol)
           Bond       G96Angle        LJ (SR)   Coulomb (SR)      Potential
    2.45393e+05    6.37470e+04   -5.82091e+06   -1.79661e+06   -7.30838e+06
 Pressure (bar)
    0.00000e+00

           Step           Time
           1099     1099.00000

   Energies (kJ/mol)
           Bond       G96Angle        LJ (SR)   Coulomb (SR)      Potential
    2.45375e+05    6.37347e+04   -5.82098e+06   -1.79665e+06   -7.30852e+06
 Pressure (bar)
    0.00000e+00

           Step           Time
           1100     1100.00000

   Energies (kJ/mol)
           Bond       G96Angle        LJ (SR)   Coulomb (SR)      Potential
    2.45384e+05    6.37211e+04   -5.82104e+06   -1.79667e+06   -7.30861e+06
 Pressure (bar)
    0.00000e+00

           Step           Time
           1101     1101.00000

           Step           Time
           1102     1102.00000

   Energies (kJ/mol)
           Bond       G96Angle        LJ (SR)   Coulomb (SR)      Potential
    2.45363e+05    6.37105e+04   -5.82111e+06   -1.79673e+06   -7.30877e+06
 Pressure (bar)
    0.00000e+00

           Step           Time
           1103     1103.00000

   Energies (kJ/mol)
           Bond       G96Angle        LJ (SR)   Coulomb (SR)      Potential
    2.45359e+05    6.36988e+04   -5.82115e+06   -1.79676e+06   -7.30885e+06
 Pressure (bar)
    0.00000e+00

           Step           Time
           1104     1104.00000

   Energies (kJ/mol)
           Bond       G96Angle        LJ (SR)   Coulomb (SR)      Potential
    2.45369e+05    6.36871e+04   -5.82124e+06   -1.79675e+06   -7.30893e+06
 Pressure (bar)
    0.00000e+00

           Step           Time
           1105     1105.00000

   Energies (kJ/mol)
           Bond       G96Angle        LJ (SR)   Coulomb (SR)      Potential
    2.45349e+05    6.36716e+04   -5.82130e+06   -1.79670e+06   -7.30897e+06
 Pressure (bar)
    0.00000e+00

           Step           Time
           1106     1106.00000

   Energies (kJ/mol)
           Bond       G96Angle        LJ (SR)   Coulomb (SR)      Potential
    2.45344e+05    6.36539e+04   -5.82143e+06   -1.79662e+06   -7.30906e+06
 Pressure (bar)
    0.00000e+00

           Step           Time
           1107     1107.00000

   Energies (kJ/mol)
           Bond       G96Angle        LJ (SR)   Coulomb (SR)      Potential
    2.45328e+05    6.36364e+04   -5.82154e+06   -1.79667e+06   -7.30925e+06
 Pressure (bar)
    0.00000e+00

           Step           Time
           1108     1108.00000

           Step           Time
           1109     1109.00000

   Energies (kJ/mol)
           Bond       G96Angle        LJ (SR)   Coulomb (SR)      Potential
    2.45327e+05    6.36248e+04   -5.82162e+06   -1.79680e+06   -7.30947e+06
 Pressure (bar)
    0.00000e+00

           Step           Time
           1110     1110.00000

   Energies (kJ/mol)
           Bond       G96Angle        LJ (SR)   Coulomb (SR)      Potential
    2.45313e+05    6.36078e+04   -5.82164e+06   -1.79676e+06   -7.30948e+06
 Pressure (bar)
    0.00000e+00

           Step           Time
           1111     1111.00000

   Energies (kJ/mol)
           Bond       G96Angle        LJ (SR)   Coulomb (SR)      Potential
    2.45305e+05    6.35884e+04   -5.82175e+06   -1.79666e+06   -7.30951e+06
 Pressure (bar)
    0.00000e+00

           Step           Time
           1112     1112.00000

   Energies (kJ/mol)
           Bond       G96Angle        LJ (SR)   Coulomb (SR)      Potential
    2.45314e+05    6.35676e+04   -5.82185e+06   -1.79668e+06   -7.30965e+06
 Pressure (bar)
    0.00000e+00

           Step           Time
           1113     1113.00000

   Energies (kJ/mol)
           Bond       G96Angle        LJ (SR)   Coulomb (SR)      Potential
    2.45281e+05    6.35441e+04   -5.82203e+06   -1.79657e+06   -7.30977e+06
 Pressure (bar)
    0.00000e+00

           Step           Time
           1114     1114.00000

           Step           Time
           1115     1115.00000

   Energies (kJ/mol)
           Bond       G96Angle        LJ (SR)   Coulomb (SR)      Potential
    2.45260e+05    6.35297e+04   -5.82212e+06   -1.79682e+06   -7.31015e+06
 Pressure (bar)
    0.00000e+00

           Step           Time
           1116     1116.00000

   Energies (kJ/mol)
           Bond       G96Angle        LJ (SR)   Coulomb (SR)      Potential
    2.45251e+05    6.35112e+04   -5.82219e+06   -1.79681e+06   -7.31024e+06
 Pressure (bar)
    0.00000e+00

           Step           Time
           1117     1117.00000

           Step           Time
           1118     1118.00000

   Energies (kJ/mol)
           Bond       G96Angle        LJ (SR)   Coulomb (SR)      Potential
    2.45251e+05    6.34982e+04   -5.82229e+06   -1.79695e+06   -7.31049e+06
 Pressure (bar)
    0.00000e+00

           Step           Time
           1119     1119.00000

   Energies (kJ/mol)
           Bond       G96Angle        LJ (SR)   Coulomb (SR)      Potential
    2.45231e+05    6.34790e+04   -5.82234e+06   -1.79687e+06   -7.31050e+06
 Pressure (bar)
    0.00000e+00

           Step           Time
           1120     1120.00000

   Energies (kJ/mol)
           Bond       G96Angle        LJ (SR)   Coulomb (SR)      Potential
    2.45221e+05    6.34674e+04   -5.82244e+06   -1.79698e+06   -7.31073e+06
 Pressure (bar)
    0.00000e+00

           Step           Time
           1121     1121.00000

           Step           Time
           1122     1122.00000

   Energies (kJ/mol)
           Bond       G96Angle        LJ (SR)   Coulomb (SR)      Potential
    2.45204e+05    6.34578e+04   -5.82249e+06   -1.79707e+06   -7.31090e+06
 Pressure (bar)
    0.00000e+00

           Step           Time
           1123     1123.00000

           Step           Time
           1124     1124.00000

   Energies (kJ/mol)
           Bond       G96Angle        LJ (SR)   Coulomb (SR)      Potential
    2.45200e+05    6.34501e+04   -5.82253e+06   -1.79714e+06   -7.31102e+06
 Pressure (bar)
    0.00000e+00

           Step           Time
           1125     1125.00000

   Energies (kJ/mol)
           Bond       G96Angle        LJ (SR)   Coulomb (SR)      Potential
    2.45199e+05    6.34413e+04   -5.82257e+06   -1.79716e+06   -7.31109e+06
 Pressure (bar)
    0.00000e+00

           Step           Time
           1126     1126.00000

   Energies (kJ/mol)
           Bond       G96Angle        LJ (SR)   Coulomb (SR)      Potential
    2.45203e+05    6.34328e+04   -5.82260e+06   -1.79719e+06   -7.31116e+06
 Pressure (bar)
    0.00000e+00

           Step           Time
           1127     1127.00000

   Energies (kJ/mol)
           Bond       G96Angle        LJ (SR)   Coulomb (SR)      Potential
    2.45191e+05    6.34221e+04   -5.82266e+06   -1.79713e+06   -7.31118e+06
 Pressure (bar)
    0.00000e+00

           Step           Time
           1128     1128.00000

   Energies (kJ/mol)
           Bond       G96Angle        LJ (SR)   Coulomb (SR)      Potential
    2.45186e+05    6.34112e+04   -5.82272e+06   -1.79713e+06   -7.31125e+06
 Pressure (bar)
    0.00000e+00

           Step           Time
           1129     1129.00000

   Energies (kJ/mol)
           Bond       G96Angle        LJ (SR)   Coulomb (SR)      Potential
    2.45184e+05    6.33959e+04   -5.82278e+06   -1.79706e+06   -7.31126e+06
 Pressure (bar)
    0.00000e+00

           Step           Time
           1130     1130.00000

   Energies (kJ/mol)
           Bond       G96Angle        LJ (SR)   Coulomb (SR)      Potential
    2.45185e+05    6.33790e+04   -5.82290e+06   -1.79700e+06   -7.31134e+06
 Pressure (bar)
    0.00000e+00

           Step           Time
           1131     1131.00000

   Energies (kJ/mol)
           Bond       G96Angle        LJ (SR)   Coulomb (SR)      Potential
    2.45146e+05    6.33579e+04   -5.82303e+06   -1.79688e+06   -7.31140e+06
 Pressure (bar)
    0.00000e+00

           Step           Time
           1132     1132.00000

   Energies (kJ/mol)
           Bond       G96Angle        LJ (SR)   Coulomb (SR)      Potential
    2.45138e+05    6.33372e+04   -5.82316e+06   -1.79686e+06   -7.31154e+06
 Pressure (bar)
    0.00000e+00

           Step           Time
           1133     1133.00000

   Energies (kJ/mol)
           Bond       G96Angle        LJ (SR)   Coulomb (SR)      Potential
    2.45148e+05    6.33082e+04   -5.82327e+06   -1.79677e+06   -7.31158e+06
 Pressure (bar)
    0.00000e+00

           Step           Time
           1134     1134.00000

           Step           Time
           1135     1135.00000

   Energies (kJ/mol)
           Bond       G96Angle        LJ (SR)   Coulomb (SR)      Potential
    2.45130e+05    6.32914e+04   -5.82346e+06   -1.79702e+06   -7.31206e+06
 Pressure (bar)
    0.00000e+00

           Step           Time
           1136     1136.00000

   Energies (kJ/mol)
           Bond       G96Angle        LJ (SR)   Coulomb (SR)      Potential
    2.45107e+05    6.32695e+04   -5.82356e+06   -1.79703e+06   -7.31221e+06
 Pressure (bar)
    0.00000e+00

           Step           Time
           1137     1137.00000

   Energies (kJ/mol)
           Bond       G96Angle        LJ (SR)   Coulomb (SR)      Potential
    2.45079e+05    6.32485e+04   -5.82367e+06   -1.79693e+06   -7.31226e+06
 Pressure (bar)
    0.00000e+00

           Step           Time
           1138     1138.00000

   Energies (kJ/mol)
           Bond       G96Angle        LJ (SR)   Coulomb (SR)      Potential
    2.45093e+05    6.32213e+04   -5.82372e+06   -1.79696e+06   -7.31236e+06
 Pressure (bar)
    0.00000e+00

           Step           Time
           1139     1139.00000

   Energies (kJ/mol)
           Bond       G96Angle        LJ (SR)   Coulomb (SR)      Potential
    2.45091e+05    6.31943e+04   -5.82396e+06   -1.79688e+06   -7.31255e+06
 Pressure (bar)
    0.00000e+00

           Step           Time
           1140     1140.00000

           Step           Time
           1141     1141.00000

   Energies (kJ/mol)
           Bond       G96Angle        LJ (SR)   Coulomb (SR)      Potential
    2.45046e+05    6.31748e+04   -5.82414e+06   -1.79715e+06   -7.31307e+06
 Pressure (bar)
    0.00000e+00

           Step           Time
           1142     1142.00000

           Step           Time
           1143     1143.00000

   Energies (kJ/mol)
           Bond       G96Angle        LJ (SR)   Coulomb (SR)      Potential
    2.45029e+05    6.31599e+04   -5.82416e+06   -1.79733e+06   -7.31329e+06
 Pressure (bar)
    0.00000e+00

           Step           Time
           1144     1144.00000

   Energies (kJ/mol)
           Bond       G96Angle        LJ (SR)   Coulomb (SR)      Potential
    2.45003e+05    6.31401e+04   -5.82425e+06   -1.79719e+06   -7.31330e+06
 Pressure (bar)
    0.00000e+00

           Step           Time
           1145     1145.00000

   Energies (kJ/mol)
           Bond       G96Angle        LJ (SR)   Coulomb (SR)      Potential
    2.45012e+05    6.31194e+04   -5.82432e+06   -1.79725e+06   -7.31343e+06
 Pressure (bar)
    0.00000e+00

           Step           Time
           1146     1146.00000

   Energies (kJ/mol)
           Bond       G96Angle        LJ (SR)   Coulomb (SR)      Potential
    2.45012e+05    6.30983e+04   -5.82441e+06   -1.79730e+06   -7.31361e+06
 Pressure (bar)
    0.00000e+00

           Step           Time
           1147     1147.00000

   Energies (kJ/mol)
           Bond       G96Angle        LJ (SR)   Coulomb (SR)      Potential
    2.45001e+05    6.30719e+04   -5.82455e+06   -1.79713e+06   -7.31361e+06
 Pressure (bar)
    0.00000e+00

           Step           Time
           1148     1148.00000

           Step           Time
           1149     1149.00000

   Energies (kJ/mol)
           Bond       G96Angle        LJ (SR)   Coulomb (SR)      Potential
    2.44966e+05    6.30565e+04   -5.82472e+06   -1.79740e+06   -7.31410e+06
 Pressure (bar)
    0.00000e+00

           Step           Time
           1150     1150.00000

   Energies (kJ/mol)
           Bond       G96Angle        LJ (SR)   Coulomb (SR)      Potential
    2.44954e+05    6.30332e+04   -5.82479e+06   -1.79734e+06   -7.31414e+06
 Pressure (bar)
    0.00000e+00

           Step           Time
           1151     1151.00000

   Energies (kJ/mol)
           Bond       G96Angle        LJ (SR)   Coulomb (SR)      Potential
    2.44927e+05    6.30093e+04   -5.82498e+06   -1.79722e+06   -7.31426e+06
 Pressure (bar)
    0.00000e+00

           Step           Time
           1152     1152.00000

   Energies (kJ/mol)
           Bond       G96Angle        LJ (SR)   Coulomb (SR)      Potential
    2.44911e+05    6.29853e+04   -5.82504e+06   -1.79735e+06   -7.31449e+06
 Pressure (bar)
    0.00000e+00

           Step           Time
           1153     1153.00000

           Step           Time
           1154     1154.00000

   Energies (kJ/mol)
           Bond       G96Angle        LJ (SR)   Coulomb (SR)      Potential
    2.44911e+05    6.29701e+04   -5.82518e+06   -1.79756e+06   -7.31486e+06
 Pressure (bar)
    0.00000e+00

           Step           Time
           1155     1155.00000

           Step           Time
           1156     1156.00000

   Energies (kJ/mol)
           Bond       G96Angle        LJ (SR)   Coulomb (SR)      Potential
    2.44909e+05    6.29580e+04   -5.82527e+06   -1.79767e+06   -7.31507e+06
 Pressure (bar)
    0.00000e+00

           Step           Time
           1157     1157.00000

   Energies (kJ/mol)
           Bond       G96Angle        LJ (SR)   Coulomb (SR)      Potential
    2.44888e+05    6.29451e+04   -5.82531e+06   -1.79767e+06   -7.31515e+06
 Pressure (bar)
    0.00000e+00

           Step           Time
           1158     1158.00000

   Energies (kJ/mol)
           Bond       G96Angle        LJ (SR)   Coulomb (SR)      Potential
    2.44897e+05    6.29318e+04   -5.82534e+06   -1.79775e+06   -7.31526e+06
 Pressure (bar)
    0.00000e+00

           Step           Time
           1159     1159.00000

   Energies (kJ/mol)
           Bond       G96Angle        LJ (SR)   Coulomb (SR)      Potential
    2.44881e+05    6.29175e+04   -5.82545e+06   -1.79771e+06   -7.31536e+06
 Pressure (bar)
    0.00000e+00

           Step           Time
           1160     1160.00000

           Step           Time
           1161     1161.00000

   Energies (kJ/mol)
           Bond       G96Angle        LJ (SR)   Coulomb (SR)      Potential
    2.44870e+05    6.29066e+04   -5.82549e+06   -1.79784e+06   -7.31555e+06
 Pressure (bar)
    0.00000e+00

           Step           Time
           1162     1162.00000

   Energies (kJ/mol)
           Bond       G96Angle        LJ (SR)   Coulomb (SR)      Potential
    2.44869e+05    6.28933e+04   -5.82552e+06   -1.79782e+06   -7.31557e+06
 Pressure (bar)
    0.00000e+00

           Step           Time
           1163     1163.00000

   Energies (kJ/mol)
           Bond       G96Angle        LJ (SR)   Coulomb (SR)      Potential
    2.44846e+05    6.28776e+04   -5.82561e+06   -1.79777e+06   -7.31566e+06
 Pressure (bar)
    0.00000e+00

           Step           Time
           1164     1164.00000

   Energies (kJ/mol)
           Bond       G96Angle        LJ (SR)   Coulomb (SR)      Potential
    2.44826e+05    6.28617e+04   -5.82575e+06   -1.79768e+06   -7.31574e+06
 Pressure (bar)
    0.00000e+00

           Step           Time
           1165     1165.00000

           Step           Time
           1166     1166.00000

   Energies (kJ/mol)
           Bond       G96Angle        LJ (SR)   Coulomb (SR)      Potential
    2.44828e+05    6.28509e+04   -5.82582e+06   -1.79787e+06   -7.31601e+06
 Pressure (bar)
    0.00000e+00

           Step           Time
           1167     1167.00000

   Energies (kJ/mol)
           Bond       G96Angle        LJ (SR)   Coulomb (SR)      Potential
    2.44819e+05    6.28375e+04   -5.82588e+06   -1.79789e+06   -7.31611e+06
 Pressure (bar)
    0.00000e+00

           Step           Time
           1168     1168.00000

   Energies (kJ/mol)
           Bond       G96Angle        LJ (SR)   Coulomb (SR)      Potential
    2.44814e+05    6.28221e+04   -5.82592e+06   -1.79783e+06   -7.31612e+06
 Pressure (bar)
    0.00000e+00

           Step           Time
           1169     1169.00000

   Energies (kJ/mol)
           Bond       G96Angle        LJ (SR)   Coulomb (SR)      Potential
    2.44799e+05    6.28061e+04   -5.82600e+06   -1.79784e+06   -7.31624e+06
 Pressure (bar)
    0.00000e+00

           Step           Time
           1170     1170.00000

           Step           Time
           1171     1171.00000

   Energies (kJ/mol)
           Bond       G96Angle        LJ (SR)   Coulomb (SR)      Potential
    2.44799e+05    6.27962e+04   -5.82609e+06   -1.79799e+06   -7.31648e+06
 Pressure (bar)
    0.00000e+00

           Step           Time
           1172     1172.00000

   Energies (kJ/mol)
           Bond       G96Angle        LJ (SR)   Coulomb (SR)      Potential
    2.44777e+05    6.27835e+04   -5.82614e+06   -1.79799e+06   -7.31657e+06
 Pressure (bar)
    0.00000e+00

           Step           Time
           1173     1173.00000

   Energies (kJ/mol)
           Bond       G96Angle        LJ (SR)   Coulomb (SR)      Potential
    2.44769e+05    6.27677e+04   -5.82625e+06   -1.79791e+06   -7.31662e+06
 Pressure (bar)
    0.00000e+00

           Step           Time
           1174     1174.00000

   Energies (kJ/mol)
           Bond       G96Angle        LJ (SR)   Coulomb (SR)      Potential
    2.44772e+05    6.27516e+04   -5.82633e+06   -1.79788e+06   -7.31669e+06
 Pressure (bar)
    0.00000e+00

           Step           Time
           1175     1175.00000

   Energies (kJ/mol)
           Bond       G96Angle        LJ (SR)   Coulomb (SR)      Potential
    2.44788e+05    6.27293e+04   -5.82641e+06   -1.79782e+06   -7.31672e+06
 Pressure (bar)
    0.00000e+00

           Step           Time
           1176     1176.00000

   Energies (kJ/mol)
           Bond       G96Angle        LJ (SR)   Coulomb (SR)      Potential
    2.44748e+05    6.27066e+04   -5.82654e+06   -1.79777e+06   -7.31686e+06
 Pressure (bar)
    0.00000e+00

           Step           Time
           1177     1177.00000

           Step           Time
           1178     1178.00000

   Energies (kJ/mol)
           Bond       G96Angle        LJ (SR)   Coulomb (SR)      Potential
    2.44757e+05    6.26931e+04   -5.82666e+06   -1.79804e+06   -7.31725e+06
 Pressure (bar)
    0.00000e+00

           Step           Time
           1179     1179.00000

   Energies (kJ/mol)
           Bond       G96Angle        LJ (SR)   Coulomb (SR)      Potential
    2.44737e+05    6.26767e+04   -5.82675e+06   -1.79807e+06   -7.31741e+06
 Pressure (bar)
    0.00000e+00

           Step           Time
           1180     1180.00000

   Energies (kJ/mol)
           Bond       G96Angle        LJ (SR)   Coulomb (SR)      Potential
    2.44719e+05    6.26568e+04   -5.82680e+06   -1.79801e+06   -7.31744e+06
 Pressure (bar)
    0.00000e+00

           Step           Time
           1181     1181.00000

   Energies (kJ/mol)
           Bond       G96Angle        LJ (SR)   Coulomb (SR)      Potential
    2.44719e+05    6.26361e+04   -5.82694e+06   -1.79795e+06   -7.31753e+06
 Pressure (bar)
    0.00000e+00

           Step           Time
           1182     1182.00000

   Energies (kJ/mol)
           Bond       G96Angle        LJ (SR)   Coulomb (SR)      Potential
    2.44705e+05    6.26089e+04   -5.82704e+06   -1.79781e+06   -7.31754e+06
 Pressure (bar)
    0.00000e+00

           Step           Time
           1183     1183.00000

   Energies (kJ/mol)
           Bond       G96Angle        LJ (SR)   Coulomb (SR)      Potential
    2.44651e+05    6.25788e+04   -5.82720e+06   -1.79761e+06   -7.31758e+06
 Pressure (bar)
    0.00000e+00

           Step           Time
           1184     1184.00000

           Step           Time
           1185     1185.00000

   Energies (kJ/mol)
           Bond       G96Angle        LJ (SR)   Coulomb (SR)      Potential
    2.44679e+05    6.25586e+04   -5.82735e+06   -1.79805e+06   -7.31816e+06
 Pressure (bar)
    0.00000e+00

           Step           Time
           1186     1186.00000

   Energies (kJ/mol)
           Bond       G96Angle        LJ (SR)   Coulomb (SR)      Potential
    2.44631e+05    6.25304e+04   -5.82748e+06   -1.79798e+06   -7.31829e+06
 Pressure (bar)
    0.00000e+00

           Step           Time
           1187     1187.00000

           Step           Time
           1188     1188.00000

   Energies (kJ/mol)
           Bond       G96Angle        LJ (SR)   Coulomb (SR)      Potential
    2.44646e+05    6.25154e+04   -5.82762e+06   -1.79826e+06   -7.31871e+06
 Pressure (bar)
    0.00000e+00

           Step           Time
           1189     1189.00000

   Energies (kJ/mol)
           Bond       G96Angle        LJ (SR)   Coulomb (SR)      Potential
    2.44615e+05    6.24930e+04   -5.82767e+06   -1.79822e+06   -7.31878e+06
 Pressure (bar)
    0.00000e+00

           Step           Time
           1190     1190.00000

   Energies (kJ/mol)
           Bond       G96Angle        LJ (SR)   Coulomb (SR)      Potential
    2.44628e+05    6.24710e+04   -5.82780e+06   -1.79812e+06   -7.31882e+06
 Pressure (bar)
    0.00000e+00

           Step           Time
           1191     1191.00000

   Energies (kJ/mol)
           Bond       G96Angle        LJ (SR)   Coulomb (SR)      Potential
    2.44608e+05    6.24418e+04   -5.82795e+06   -1.79802e+06   -7.31893e+06
 Pressure (bar)
    0.00000e+00

           Step           Time
           1192     1192.00000

           Step           Time
           1193     1193.00000

   Energies (kJ/mol)
           Bond       G96Angle        LJ (SR)   Coulomb (SR)      Potential
    2.44585e+05    6.24246e+04   -5.82813e+06   -1.79832e+06   -7.31944e+06
 Pressure (bar)
    0.00000e+00

           Step           Time
           1194     1194.00000

   Energies (kJ/mol)
           Bond       G96Angle        LJ (SR)   Coulomb (SR)      Potential
    2.44570e+05    6.24065e+04   -5.82820e+06   -1.79840e+06   -7.31962e+06
 Pressure (bar)
    0.00000e+00

           Step           Time
           1195     1195.00000

           Step           Time
           1196     1196.00000

   Energies (kJ/mol)
           Bond       G96Angle        LJ (SR)   Coulomb (SR)      Potential
    2.44570e+05    6.23947e+04   -5.82825e+06   -1.79858e+06   -7.31987e+06
 Pressure (bar)
    0.00000e+00

           Step           Time
           1197     1197.00000

           Step           Time
           1198     1198.00000

   Energies (kJ/mol)
           Bond       G96Angle        LJ (SR)   Coulomb (SR)      Potential
    2.44548e+05    6.23851e+04   -5.82831e+06   -1.79866e+06   -7.32004e+06
 Pressure (bar)
    0.00000e+00

           Step           Time
           1199     1199.00000

   Energies (kJ/mol)
           Bond       G96Angle        LJ (SR)   Coulomb (SR)      Potential
    2.44550e+05    6.23762e+04   -5.82836e+06   -1.79871e+06   -7.32014e+06
 Pressure (bar)
    0.00000e+00

           Step           Time
           1200     1200.00000

           Step           Time
           1201     1201.00000

   Energies (kJ/mol)
           Bond       G96Angle        LJ (SR)   Coulomb (SR)      Potential
    2.44552e+05    6.23708e+04   -5.82835e+06   -1.79880e+06   -7.32022e+06
 Pressure (bar)
    0.00000e+00

           Step           Time
           1202     1202.00000

   Energies (kJ/mol)
           Bond       G96Angle        LJ (SR)   Coulomb (SR)      Potential
    2.44532e+05    6.23623e+04   -5.82841e+06   -1.79875e+06   -7.32026e+06
 Pressure (bar)
    0.00000e+00

           Step           Time
           1203     1203.00000

   Energies (kJ/mol)
           Bond       G96Angle        LJ (SR)   Coulomb (SR)      Potential
    2.44537e+05    6.23535e+04   -5.82844e+06   -1.79877e+06   -7.32032e+06
 Pressure (bar)
    0.00000e+00

           Step           Time
           1204     1204.00000

   Energies (kJ/mol)
           Bond       G96Angle        LJ (SR)   Coulomb (SR)      Potential
    2.44534e+05    6.23441e+04   -5.82849e+06   -1.79876e+06   -7.32037e+06
 Pressure (bar)
    0.00000e+00

           Step           Time
           1205     1205.00000

   Energies (kJ/mol)
           Bond       G96Angle        LJ (SR)   Coulomb (SR)      Potential
    2.44534e+05    6.23298e+04   -5.82860e+06   -1.79864e+06   -7.32038e+06
 Pressure (bar)
    0.00000e+00

           Step           Time
           1206     1206.00000

   Energies (kJ/mol)
           Bond       G96Angle        LJ (SR)   Coulomb (SR)      Potential
    2.44519e+05    6.23184e+04   -5.82865e+06   -1.79868e+06   -7.32049e+06
 Pressure (bar)
    0.00000e+00

           Step           Time
           1207     1207.00000

   Energies (kJ/mol)
           Bond       G96Angle        LJ (SR)   Coulomb (SR)      Potential
    2.44524e+05    6.23012e+04   -5.82876e+06   -1.79863e+06   -7.32056e+06
 Pressure (bar)
    0.00000e+00

           Step           Time
           1208     1208.00000

           Step           Time
           1209     1209.00000

   Energies (kJ/mol)
           Bond       G96Angle        LJ (SR)   Coulomb (SR)      Potential
    2.44500e+05    6.22914e+04   -5.82884e+06   -1.79878e+06   -7.32083e+06
 Pressure (bar)
    0.00000e+00

           Step           Time
           1210     1210.00000

   Energies (kJ/mol)
           Bond       G96Angle        LJ (SR)   Coulomb (SR)      Potential
    2.44495e+05    6.22813e+04   -5.82889e+06   -1.79883e+06   -7.32094e+06
 Pressure (bar)
    0.00000e+00

           Step           Time
           1211     1211.00000

           Step           Time
           1212     1212.00000

   Energies (kJ/mol)
           Bond       G96Angle        LJ (SR)   Coulomb (SR)      Potential
    2.44495e+05    6.22745e+04   -5.82890e+06   -1.79893e+06   -7.32106e+06
 Pressure (bar)
    0.00000e+00

           Step           Time
           1213     1213.00000

   Energies (kJ/mol)
           Bond       G96Angle        LJ (SR)   Coulomb (SR)      Potential
    2.44489e+05    6.22653e+04   -5.82896e+06   -1.79890e+06   -7.32111e+06
 Pressure (bar)
    0.00000e+00

           Step           Time
           1214     1214.00000

   Energies (kJ/mol)
           Bond       G96Angle        LJ (SR)   Coulomb (SR)      Potential
    2.44475e+05    6.22546e+04   -5.82902e+06   -1.79884e+06   -7.32112e+06
 Pressure (bar)
    0.00000e+00

           Step           Time
           1215     1215.00000

   Energies (kJ/mol)
           Bond       G96Angle        LJ (SR)   Coulomb (SR)      Potential
    2.44475e+05    6.22421e+04   -5.82905e+06   -1.79883e+06   -7.32116e+06
 Pressure (bar)
    0.00000e+00

           Step           Time
           1216     1216.00000

   Energies (kJ/mol)
           Bond       G96Angle        LJ (SR)   Coulomb (SR)      Potential
    2.44488e+05    6.22287e+04   -5.82917e+06   -1.79881e+06   -7.32126e+06
 Pressure (bar)
    0.00000e+00

           Step           Time
           1217     1217.00000

           Step           Time
           1218     1218.00000

   Energies (kJ/mol)
           Bond       G96Angle        LJ (SR)   Coulomb (SR)      Potential
    2.44477e+05    6.22191e+04   -5.82920e+06   -1.79896e+06   -7.32147e+06
 Pressure (bar)
    0.00000e+00

           Step           Time
           1219     1219.00000

           Step           Time
           1220     1220.00000

   Energies (kJ/mol)
           Bond       G96Angle        LJ (SR)   Coulomb (SR)      Potential
    2.44454e+05    6.22126e+04   -5.82925e+06   -1.79902e+06   -7.32160e+06
 Pressure (bar)
    0.00000e+00

           Step           Time
           1221     1221.00000

   Energies (kJ/mol)
           Bond       G96Angle        LJ (SR)   Coulomb (SR)      Potential
    2.44451e+05    6.22055e+04   -5.82928e+06   -1.79904e+06   -7.32167e+06
 Pressure (bar)
    0.00000e+00

           Step           Time
           1222     1222.00000

   Energies (kJ/mol)
           Bond       G96Angle        LJ (SR)   Coulomb (SR)      Potential
    2.44452e+05    6.21977e+04   -5.82932e+06   -1.79903e+06   -7.32170e+06
 Pressure (bar)
    0.00000e+00

           Step           Time
           1223     1223.00000

   Energies (kJ/mol)
           Bond       G96Angle        LJ (SR)   Coulomb (SR)      Potential
    2.44447e+05    6.21891e+04   -5.82939e+06   -1.79900e+06   -7.32175e+06
 Pressure (bar)
    0.00000e+00

           Step           Time
           1224     1224.00000

   Energies (kJ/mol)
           Bond       G96Angle        LJ (SR)   Coulomb (SR)      Potential
    2.44442e+05    6.21776e+04   -5.82944e+06   -1.79896e+06   -7.32178e+06
 Pressure (bar)
    0.00000e+00

           Step           Time
           1225     1225.00000

   Energies (kJ/mol)
           Bond       G96Angle        LJ (SR)   Coulomb (SR)      Potential
    2.44438e+05    6.21675e+04   -5.82952e+06   -1.79896e+06   -7.32187e+06
 Pressure (bar)
    0.00000e+00

           Step           Time
           1226     1226.00000

           Step           Time
           1227     1227.00000

   Energies (kJ/mol)
           Bond       G96Angle        LJ (SR)   Coulomb (SR)      Potential
    2.44436e+05    6.21582e+04   -5.82956e+06   -1.79906e+06   -7.32203e+06
 Pressure (bar)
    0.00000e+00

           Step           Time
           1228     1228.00000

   Energies (kJ/mol)
           Bond       G96Angle        LJ (SR)   Coulomb (SR)      Potential
    2.44423e+05    6.21473e+04   -5.82962e+06   -1.79902e+06   -7.32208e+06
 Pressure (bar)
    0.00000e+00

           Step           Time
           1229     1229.00000

   Energies (kJ/mol)
           Bond       G96Angle        LJ (SR)   Coulomb (SR)      Potential
    2.44422e+05    6.21346e+04   -5.82970e+06   -1.79896e+06   -7.32210e+06
 Pressure (bar)
    0.00000e+00

           Step           Time
           1230     1230.00000

   Energies (kJ/mol)
           Bond       G96Angle        LJ (SR)   Coulomb (SR)      Potential
    2.44399e+05    6.21230e+04   -5.82976e+06   -1.79896e+06   -7.32220e+06
 Pressure (bar)
    0.00000e+00

           Step           Time
           1231     1231.00000

   Energies (kJ/mol)
           Bond       G96Angle        LJ (SR)   Coulomb (SR)      Potential
    2.44390e+05    6.21058e+04   -5.82983e+06   -1.79890e+06   -7.32223e+06
 Pressure (bar)
    0.00000e+00

           Step           Time
           1232     1232.00000

   Energies (kJ/mol)
           Bond       G96Angle        LJ (SR)   Coulomb (SR)      Potential
    2.44378e+05    6.20889e+04   -5.82994e+06   -1.79878e+06   -7.32226e+06
 Pressure (bar)
    0.00000e+00

           Step           Time
           1233     1233.00000

           Step           Time
           1234     1234.00000

   Energies (kJ/mol)
           Bond       G96Angle        LJ (SR)   Coulomb (SR)      Potential
    2.44385e+05    6.20776e+04   -5.83001e+06   -1.79903e+06   -7.32258e+06
 Pressure (bar)
    0.00000e+00

           Step           Time
           1235     1235.00000

   Energies (kJ/mol)
           Bond       G96Angle        LJ (SR)   Coulomb (SR)      Potential
    2.44379e+05    6.20640e+04   -5.83006e+06   -1.79907e+06   -7.32269e+06
 Pressure (bar)
    0.00000e+00

           Step           Time
           1236     1236.00000

           Step           Time
           1237     1237.00000

   Energies (kJ/mol)
           Bond       G96Angle        LJ (SR)   Coulomb (SR)      Potential
    2.44360e+05    6.20553e+04   -5.83015e+06   -1.79915e+06   -7.32288e+06
 Pressure (bar)
    0.00000e+00

           Step           Time
           1238     1238.00000

   Energies (kJ/mol)
           Bond       G96Angle        LJ (SR)   Coulomb (SR)      Potential
    2.44347e+05    6.20445e+04   -5.83017e+06   -1.79913e+06   -7.32291e+06
 Pressure (bar)
    0.00000e+00

           Step           Time
           1239     1239.00000

   Energies (kJ/mol)
           Bond       G96Angle        LJ (SR)   Coulomb (SR)      Potential
    2.44351e+05    6.20309e+04   -5.83022e+06   -1.79908e+06   -7.32292e+06
 Pressure (bar)
    0.00000e+00

           Step           Time
           1240     1240.00000

   Energies (kJ/mol)
           Bond       G96Angle        LJ (SR)   Coulomb (SR)      Potential
    2.44344e+05    6.20145e+04   -5.83038e+06   -1.79898e+06   -7.32300e+06
 Pressure (bar)
    0.00000e+00

           Step           Time
           1241     1241.00000

   Energies (kJ/mol)
           Bond       G96Angle        LJ (SR)   Coulomb (SR)      Potential
    2.44364e+05    6.20000e+04   -5.83041e+06   -1.79907e+06   -7.32312e+06
 Pressure (bar)
    0.00000e+00

           Step           Time
           1242     1242.00000

   Energies (kJ/mol)
           Bond       G96Angle        LJ (SR)   Coulomb (SR)      Potential
    2.44301e+05    6.19820e+04   -5.83057e+06   -1.79891e+06   -7.32319e+06
 Pressure (bar)
    0.00000e+00

           Step           Time
           1243     1243.00000

   Energies (kJ/mol)
           Bond       G96Angle        LJ (SR)   Coulomb (SR)      Potential
    2.44345e+05    6.19596e+04   -5.83063e+06   -1.79887e+06   -7.32320e+06
 Pressure (bar)
    0.00000e+00

           Step           Time
           1244     1244.00000

   Energies (kJ/mol)
           Bond       G96Angle        LJ (SR)   Coulomb (SR)      Potential
    2.44291e+05    6.19333e+04   -5.83077e+06   -1.79872e+06   -7.32326e+06
 Pressure (bar)
    0.00000e+00

           Step           Time
           1245     1245.00000

   Energies (kJ/mol)
           Bond       G96Angle        LJ (SR)   Coulomb (SR)      Potential
    2.44314e+05    6.19046e+04   -5.83102e+06   -1.79867e+06   -7.32347e+06
 Pressure (bar)
    0.00000e+00

           Step           Time
           1246     1246.00000

           Step           Time
           1247     1247.00000

   Energies (kJ/mol)
           Bond       G96Angle        LJ (SR)   Coulomb (SR)      Potential
    2.44277e+05    6.18857e+04   -5.83119e+06   -1.79899e+06   -7.32401e+06
 Pressure (bar)
    0.00000e+00

           Step           Time
           1248     1248.00000

   Energies (kJ/mol)
           Bond       G96Angle        LJ (SR)   Coulomb (SR)      Potential
    2.44248e+05    6.18621e+04   -5.83123e+06   -1.79892e+06   -7.32403e+06
 Pressure (bar)
    0.00000e+00

           Step           Time
           1249     1249.00000

           Step           Time
           1250     1250.00000

   Energies (kJ/mol)
           Bond       G96Angle        LJ (SR)   Coulomb (SR)      Potential
    2.44228e+05    6.18476e+04   -5.83138e+06   -1.79917e+06   -7.32447e+06
 Pressure (bar)
    0.00000e+00

           Step           Time
           1251     1251.00000

   Energies (kJ/mol)
           Bond       G96Angle        LJ (SR)   Coulomb (SR)      Potential
    2.44255e+05    6.18264e+04   -5.83142e+06   -1.79917e+06   -7.32451e+06
 Pressure (bar)
    0.00000e+00

           Step           Time
           1252     1252.00000

   Energies (kJ/mol)
           Bond       G96Angle        LJ (SR)   Coulomb (SR)      Potential
    2.44192e+05    6.18035e+04   -5.83156e+06   -1.79896e+06   -7.32452e+06
 Pressure (bar)
    0.00000e+00

           Step           Time
           1253     1253.00000

   Energies (kJ/mol)
           Bond       G96Angle        LJ (SR)   Coulomb (SR)      Potential
    2.44218e+05    6.17792e+04   -5.83172e+06   -1.79904e+06   -7.32476e+06
 Pressure (bar)
    0.00000e+00

           Step           Time
           1254     1254.00000

           Step           Time
           1255     1255.00000

   Energies (kJ/mol)
           Bond       G96Angle        LJ (SR)   Coulomb (SR)      Potential
    2.44196e+05    6.17651e+04   -5.83186e+06   -1.79927e+06   -7.32516e+06
 Pressure (bar)
    0.00000e+00

           Step           Time
           1256     1256.00000

   Energies (kJ/mol)
           Bond       G96Angle        LJ (SR)   Coulomb (SR)      Potential
    2.44164e+05    6.17439e+04   -5.83192e+06   -1.79925e+06   -7.32525e+06
 Pressure (bar)
    0.00000e+00

           Step           Time
           1257     1257.00000

   Energies (kJ/mol)
           Bond       G96Angle        LJ (SR)   Coulomb (SR)      Potential
    2.44172e+05    6.17253e+04   -5.83202e+06   -1.79922e+06   -7.32534e+06
 Pressure (bar)
    0.00000e+00

           Step           Time
           1258     1258.00000

   Energies (kJ/mol)
           Bond       G96Angle        LJ (SR)   Coulomb (SR)      Potential
    2.44151e+05    6.17003e+04   -5.83212e+06   -1.79916e+06   -7.32543e+06
 Pressure (bar)
    0.00000e+00

           Step           Time
           1259     1259.00000

   Energies (kJ/mol)
           Bond       G96Angle        LJ (SR)   Coulomb (SR)      Potential
    2.44180e+05    6.16780e+04   -5.83227e+06   -1.79904e+06   -7.32545e+06
 Pressure (bar)
    0.00000e+00

           Step           Time
           1260     1260.00000

           Step           Time
           1261     1261.00000

   Energies (kJ/mol)
           Bond       G96Angle        LJ (SR)   Coulomb (SR)      Potential
    2.44159e+05    6.16591e+04   -5.83243e+06   -1.79941e+06   -7.32601e+06
 Pressure (bar)
    0.00000e+00

           Step           Time
           1262     1262.00000

           Step           Time
           1263     1263.00000

   Energies (kJ/mol)
           Bond       G96Angle        LJ (SR)   Coulomb (SR)      Potential
    2.44122e+05    6.16459e+04   -5.83249e+06   -1.79955e+06   -7.32627e+06
 Pressure (bar)
    0.00000e+00

           Step           Time
           1264     1264.00000

   Energies (kJ/mol)
           Bond       G96Angle        LJ (SR)   Coulomb (SR)      Potential
    2.44086e+05    6.16279e+04   -5.83255e+06   -1.79944e+06   -7.32628e+06
 Pressure (bar)
    0.00000e+00

           Step           Time
           1265     1265.00000

   Energies (kJ/mol)
           Bond       G96Angle        LJ (SR)   Coulomb (SR)      Potential
    2.44087e+05    6.16084e+04   -5.83268e+06   -1.79942e+06   -7.32641e+06
 Pressure (bar)
    0.00000e+00

           Step           Time
           1266     1266.00000

   Energies (kJ/mol)
           Bond       G96Angle        LJ (SR)   Coulomb (SR)      Potential
    2.44099e+05    6.15913e+04   -5.83279e+06   -1.79944e+06   -7.32655e+06
 Pressure (bar)
    0.00000e+00

           Step           Time
           1267     1267.00000

   Energies (kJ/mol)
           Bond       G96Angle        LJ (SR)   Coulomb (SR)      Potential
    2.44050e+05    6.15694e+04   -5.83292e+06   -1.79926e+06   -7.32656e+06
 Pressure (bar)
    0.00000e+00

           Step           Time
           1268     1268.00000

   Energies (kJ/mol)
           Bond       G96Angle        LJ (SR)   Coulomb (SR)      Potential
    2.44103e+05    6.15414e+04   -5.83298e+06   -1.79926e+06   -7.32659e+06
 Pressure (bar)
    0.00000e+00

           Step           Time
           1269     1269.00000

           Step           Time
           1270     1270.00000

   Energies (kJ/mol)
           Bond       G96Angle        LJ (SR)   Coulomb (SR)      Potential
    2.44041e+05    6.15265e+04   -5.83320e+06   -1.79951e+06   -7.32714e+06
 Pressure (bar)
    0.00000e+00

           Step           Time
           1271     1271.00000

   Energies (kJ/mol)
           Bond       G96Angle        LJ (SR)   Coulomb (SR)      Potential
    2.44044e+05    6.15038e+04   -5.83329e+06   -1.79950e+06   -7.32724e+06
 Pressure (bar)
    0.00000e+00

           Step           Time
           1272     1272.00000

   Energies (kJ/mol)
           Bond       G96Angle        LJ (SR)   Coulomb (SR)      Potential
    2.43982e+05    6.14799e+04   -5.83344e+06   -1.79926e+06   -7.32724e+06
 Pressure (bar)
    0.00000e+00

           Step           Time
           1273     1273.00000

   Energies (kJ/mol)
           Bond       G96Angle        LJ (SR)   Coulomb (SR)      Potential
    2.44014e+05    6.14500e+04   -5.83355e+06   -1.79921e+06   -7.32730e+06
 Pressure (bar)
    0.00000e+00

           Step           Time
           1274     1274.00000

   Energies (kJ/mol)
           Bond       G96Angle        LJ (SR)   Coulomb (SR)      Potential
    2.43999e+05    6.14205e+04   -5.83371e+06   -1.79907e+06   -7.32736e+06
 Pressure (bar)
    0.00000e+00

           Step           Time
           1275     1275.00000

   Energies (kJ/mol)
           Bond       G96Angle        LJ (SR)   Coulomb (SR)      Potential
    2.43984e+05    6.13896e+04   -5.83394e+06   -1.79915e+06   -7.32772e+06
 Pressure (bar)
    0.00000e+00

           Step           Time
           1276     1276.00000

           Step           Time
           1277     1277.00000

   Energies (kJ/mol)
           Bond       G96Angle        LJ (SR)   Coulomb (SR)      Potential
    2.43978e+05    6.13694e+04   -5.83405e+06   -1.79955e+06   -7.32825e+06
 Pressure (bar)
    0.00000e+00

           Step           Time
           1278     1278.00000

   Energies (kJ/mol)
           Bond       G96Angle        LJ (SR)   Coulomb (SR)      Potential
    2.43922e+05    6.13411e+04   -5.83414e+06   -1.79945e+06   -7.32833e+06
 Pressure (bar)
    0.00000e+00

           Step           Time
           1279     1279.00000

           Step           Time
           1280     1280.00000

   Energies (kJ/mol)
           Bond       G96Angle        LJ (SR)   Coulomb (SR)      Potential
    2.43907e+05    6.13243e+04   -5.83436e+06   -1.79969e+06   -7.32881e+06
 Pressure (bar)
    0.00000e+00

           Step           Time
           1281     1281.00000

   Energies (kJ/mol)
           Bond       G96Angle        LJ (SR)   Coulomb (SR)      Potential
    2.43888e+05    6.12999e+04   -5.83442e+06   -1.79961e+06   -7.32884e+06
 Pressure (bar)
    0.00000e+00

           Step           Time
           1282     1282.00000

   Energies (kJ/mol)
           Bond       G96Angle        LJ (SR)   Coulomb (SR)      Potential
    2.43909e+05    6.12773e+04   -5.83459e+06   -1.79963e+06   -7.32904e+06
 Pressure (bar)
    0.00000e+00

           Step           Time
           1283     1283.00000

           Step           Time
           1284     1284.00000

   Energies (kJ/mol)
           Bond       G96Angle        LJ (SR)   Coulomb (SR)      Potential
    2.43888e+05    6.12614e+04   -5.83465e+06   -1.79991e+06   -7.32942e+06
 Pressure (bar)
    0.00000e+00

           Step           Time
           1285     1285.00000

   Energies (kJ/mol)
           Bond       G96Angle        LJ (SR)   Coulomb (SR)      Potential
    2.43851e+05    6.12424e+04   -5.83476e+06   -1.79976e+06   -7.32943e+06
 Pressure (bar)
    0.00000e+00

           Step           Time
           1286     1286.00000

   Energies (kJ/mol)
           Bond       G96Angle        LJ (SR)   Coulomb (SR)      Potential
    2.43841e+05    6.12224e+04   -5.83486e+06   -1.79974e+06   -7.32954e+06
 Pressure (bar)
    0.00000e+00

           Step           Time
           1287     1287.00000

           Step           Time
           1288     1288.00000

   Energies (kJ/mol)
           Bond       G96Angle        LJ (SR)   Coulomb (SR)      Potential
    2.43859e+05    6.12061e+04   -5.83499e+06   -1.80002e+06   -7.32995e+06
 Pressure (bar)
    0.00000e+00

           Step           Time
           1289     1289.00000

   Energies (kJ/mol)
           Bond       G96Angle        LJ (SR)   Coulomb (SR)      Potential
    2.43826e+05    6.11900e+04   -5.83506e+06   -1.80002e+06   -7.33006e+06
 Pressure (bar)
    0.00000e+00

           Step           Time
           1290     1290.00000

           Step           Time
           1291     1291.00000

   Energies (kJ/mol)
           Bond       G96Angle        LJ (SR)   Coulomb (SR)      Potential
    2.43826e+05    6.11807e+04   -5.83515e+06   -1.80017e+06   -7.33032e+06
 Pressure (bar)
    0.00000e+00

           Step           Time
           1292     1292.00000

           Step           Time
           1293     1293.00000

   Energies (kJ/mol)
           Bond       G96Angle        LJ (SR)   Coulomb (SR)      Potential
    2.43819e+05    6.11742e+04   -5.83518e+06   -1.80025e+06   -7.33043e+06
 Pressure (bar)
    0.00000e+00

           Step           Time
           1294     1294.00000

   Energies (kJ/mol)
           Bond       G96Angle        LJ (SR)   Coulomb (SR)      Potential
    2.43819e+05    6.11647e+04   -5.83522e+06   -1.80023e+06   -7.33047e+06
 Pressure (bar)
    0.00000e+00

           Step           Time
           1295     1295.00000

   Energies (kJ/mol)
           Bond       G96Angle        LJ (SR)   Coulomb (SR)      Potential
    2.43808e+05    6.11554e+04   -5.83524e+06   -1.80024e+06   -7.33051e+06
 Pressure (bar)
    0.00000e+00

           Step           Time
           1296     1296.00000

   Energies (kJ/mol)
           Bond       G96Angle        LJ (SR)   Coulomb (SR)      Potential
    2.43802e+05    6.11446e+04   -5.83532e+06   -1.80025e+06   -7.33062e+06
 Pressure (bar)
    0.00000e+00

           Step           Time
           1297     1297.00000

   Energies (kJ/mol)
           Bond       G96Angle        LJ (SR)   Coulomb (SR)      Potential
    2.43792e+05    6.11340e+04   -5.83537e+06   -1.80020e+06   -7.33064e+06
 Pressure (bar)
    0.00000e+00

           Step           Time
           1298     1298.00000

   Energies (kJ/mol)
           Bond       G96Angle        LJ (SR)   Coulomb (SR)      Potential
    2.43781e+05    6.11194e+04   -5.83548e+06   -1.80014e+06   -7.33072e+06
 Pressure (bar)
    0.00000e+00

           Step           Time
           1299     1299.00000

   Energies (kJ/mol)
           Bond       G96Angle        LJ (SR)   Coulomb (SR)      Potential
    2.43798e+05    6.11035e+04   -5.83554e+06   -1.80010e+06   -7.33074e+06
 Pressure (bar)
    0.00000e+00

           Step           Time
           1300     1300.00000

           Step           Time
           1301     1301.00000

   Energies (kJ/mol)
           Bond       G96Angle        LJ (SR)   Coulomb (SR)      Potential
    2.43781e+05    6.10938e+04   -5.83567e+06   -1.80025e+06   -7.33105e+06
 Pressure (bar)
    0.00000e+00

           Step           Time
           1302     1302.00000

   Energies (kJ/mol)
           Bond       G96Angle        LJ (SR)   Coulomb (SR)      Potential
    2.43773e+05    6.10812e+04   -5.83568e+06   -1.80030e+06   -7.33113e+06
 Pressure (bar)
    0.00000e+00

           Step           Time
           1303     1303.00000

   Energies (kJ/mol)
           Bond       G96Angle        LJ (SR)   Coulomb (SR)      Potential
    2.43764e+05    6.10674e+04   -5.83578e+06   -1.80019e+06   -7.33113e+06
 Pressure (bar)
    0.00000e+00

           Step           Time
           1304     1304.00000

           Step           Time
           1305     1305.00000

   Energies (kJ/mol)
           Bond       G96Angle        LJ (SR)   Coulomb (SR)      Potential
    2.43755e+05    6.10583e+04   -5.83584e+06   -1.80035e+06   -7.33137e+06
 Pressure (bar)
    0.00000e+00

           Step           Time
           1306     1306.00000

   Energies (kJ/mol)
           Bond       G96Angle        LJ (SR)   Coulomb (SR)      Potential
    2.43747e+05    6.10468e+04   -5.83586e+06   -1.80037e+06   -7.33143e+06
 Pressure (bar)
    0.00000e+00

           Step           Time
           1307     1307.00000

   Energies (kJ/mol)
           Bond       G96Angle        LJ (SR)   Coulomb (SR)      Potential
    2.43734e+05    6.10346e+04   -5.83597e+06   -1.80026e+06   -7.33146e+06
 Pressure (bar)
    0.00000e+00

           Step           Time
           1308     1308.00000

   Energies (kJ/mol)
           Bond       G96Angle        LJ (SR)   Coulomb (SR)      Potential
    2.43732e+05    6.10185e+04   -5.83604e+06   -1.80024e+06   -7.33153e+06
 Pressure (bar)
    0.00000e+00

           Step           Time
           1309     1309.00000

   Energies (kJ/mol)
           Bond       G96Angle        LJ (SR)   Coulomb (SR)      Potential
    2.43705e+05    6.09999e+04   -5.83621e+06   -1.80005e+06   -7.33156e+06
 Pressure (bar)
    0.00000e+00

           Step           Time
           1310     1310.00000

   Energies (kJ/mol)
           Bond       G96Angle        LJ (SR)   Coulomb (SR)      Potential
    2.43695e+05    6.09820e+04   -5.83627e+06   -1.80005e+06   -7.33165e+06
 Pressure (bar)
    0.00000e+00

           Step           Time
           1311     1311.00000

   Energies (kJ/mol)
           Bond       G96Angle        LJ (SR)   Coulomb (SR)      Potential
    2.43704e+05    6.09596e+04   -5.83637e+06   -1.79997e+06   -7.33168e+06
 Pressure (bar)
    0.00000e+00

           Step           Time
           1312     1312.00000

           Step           Time
           1313     1313.00000

   Energies (kJ/mol)
           Bond       G96Angle        LJ (SR)   Coulomb (SR)      Potential
    2.43693e+05    6.09447e+04   -5.83655e+06   -1.80022e+06   -7.33213e+06
 Pressure (bar)
    0.00000e+00

           Step           Time
           1314     1314.00000

           Step           Time
           1315     1315.00000

   Energies (kJ/mol)
           Bond       G96Angle        LJ (SR)   Coulomb (SR)      Potential
    2.43665e+05    6.09338e+04   -5.83661e+06   -1.80038e+06   -7.33239e+06
 Pressure (bar)
    0.00000e+00

           Step           Time
           1316     1316.00000

   Energies (kJ/mol)
           Bond       G96Angle        LJ (SR)   Coulomb (SR)      Potential
    2.43657e+05    6.09182e+04   -5.83665e+06   -1.80035e+06   -7.33242e+06
 Pressure (bar)
    0.00000e+00

           Step           Time
           1317     1317.00000

   Energies (kJ/mol)
           Bond       G96Angle        LJ (SR)   Coulomb (SR)      Potential
    2.43667e+05    6.09045e+04   -5.83675e+06   -1.80041e+06   -7.33259e+06
 Pressure (bar)
    0.00000e+00

           Step           Time
           1318     1318.00000

           Step           Time
           1319     1319.00000

   Energies (kJ/mol)
           Bond       G96Angle        LJ (SR)   Coulomb (SR)      Potential
    2.43655e+05    6.08936e+04   -5.83677e+06   -1.80051e+06   -7.33273e+06
 Pressure (bar)
    0.00000e+00

           Step           Time
           1320     1320.00000

   Energies (kJ/mol)
           Bond       G96Angle        LJ (SR)   Coulomb (SR)      Potential
    2.43643e+05    6.08828e+04   -5.83683e+06   -1.80048e+06   -7.33279e+06
 Pressure (bar)
    0.00000e+00

           Step           Time
           1321     1321.00000

   Energies (kJ/mol)
           Bond       G96Angle        LJ (SR)   Coulomb (SR)      Potential
    2.43608e+05    6.08696e+04   -5.83690e+06   -1.80046e+06   -7.33288e+06
 Pressure (bar)
    0.00000e+00

           Step           Time
           1322     1322.00000

   Energies (kJ/mol)
           Bond       G96Angle        LJ (SR)   Coulomb (SR)      Potential
    2.43630e+05    6.08569e+04   -5.83701e+06   -1.80046e+06   -7.33298e+06
 Pressure (bar)
    0.00000e+00

           Step           Time
           1323     1323.00000

           Step           Time
           1324     1324.00000

   Energies (kJ/mol)
           Bond       G96Angle        LJ (SR)   Coulomb (SR)      Potential
    2.43622e+05    6.08478e+04   -5.83703e+06   -1.80061e+06   -7.33317e+06
 Pressure (bar)
    0.00000e+00

           Step           Time
           1325     1325.00000

   Energies (kJ/mol)
           Bond       G96Angle        LJ (SR)   Coulomb (SR)      Potential
    2.43610e+05    6.08389e+04   -5.83708e+06   -1.80062e+06   -7.33325e+06
 Pressure (bar)
    0.00000e+00

           Step           Time
           1326     1326.00000

           Step           Time
           1327     1327.00000

   Energies (kJ/mol)
           Bond       G96Angle        LJ (SR)   Coulomb (SR)      Potential
    2.43593e+05    6.08328e+04   -5.83710e+06   -1.80070e+06   -7.33338e+06
 Pressure (bar)
    0.00000e+00

           Step           Time
           1328     1328.00000

   Energies (kJ/mol)
           Bond       G96Angle        LJ (SR)   Coulomb (SR)      Potential
    2.43600e+05    6.08259e+04   -5.83714e+06   -1.80069e+06   -7.33341e+06
 Pressure (bar)
    0.00000e+00

           Step           Time
           1329     1329.00000

   Energies (kJ/mol)
           Bond       G96Angle        LJ (SR)   Coulomb (SR)      Potential
    2.43590e+05    6.08150e+04   -5.83718e+06   -1.80063e+06   -7.33341e+06
 Pressure (bar)
    0.00000e+00

           Step           Time
           1330     1330.00000

   Energies (kJ/mol)
           Bond       G96Angle        LJ (SR)   Coulomb (SR)      Potential
    2.43587e+05    6.08054e+04   -5.83729e+06   -1.80059e+06   -7.33349e+06
 Pressure (bar)
    0.00000e+00

           Step           Time
           1331     1331.00000

           Step           Time
           1332     1332.00000

   Energies (kJ/mol)
           Bond       G96Angle        LJ (SR)   Coulomb (SR)      Potential
    2.43583e+05    6.07990e+04   -5.83730e+06   -1.80071e+06   -7.33363e+06
 Pressure (bar)
    0.00000e+00

           Step           Time
           1333     1333.00000

   Energies (kJ/mol)
           Bond       G96Angle        LJ (SR)   Coulomb (SR)      Potential
    2.43567e+05    6.07899e+04   -5.83731e+06   -1.80071e+06   -7.33366e+06
 Pressure (bar)
    0.00000e+00

           Step           Time
           1334     1334.00000

   Energies (kJ/mol)
           Bond       G96Angle        LJ (SR)   Coulomb (SR)      Potential
    2.43556e+05    6.07814e+04   -5.83739e+06   -1.80069e+06   -7.33374e+06
 Pressure (bar)
    0.00000e+00

           Step           Time
           1335     1335.00000

           Step           Time
           1336     1336.00000

   Energies (kJ/mol)
           Bond       G96Angle        LJ (SR)   Coulomb (SR)      Potential
    2.43557e+05    6.07752e+04   -5.83743e+06   -1.80077e+06   -7.33386e+06
 Pressure (bar)
    0.00000e+00

           Step           Time
           1337     1337.00000

   Energies (kJ/mol)
           Bond       G96Angle        LJ (SR)   Coulomb (SR)      Potential
    2.43555e+05    6.07688e+04   -5.83746e+06   -1.80079e+06   -7.33393e+06
 Pressure (bar)
    0.00000e+00

           Step           Time
           1338     1338.00000

           Step           Time
           1339     1339.00000

   Energies (kJ/mol)
           Bond       G96Angle        LJ (SR)   Coulomb (SR)      Potential
    2.43557e+05    6.07646e+04   -5.83749e+06   -1.80084e+06   -7.33401e+06
 Pressure (bar)
    0.00000e+00

           Step           Time
           1340     1340.00000

   Energies (kJ/mol)
           Bond       G96Angle        LJ (SR)   Coulomb (SR)      Potential
    2.43541e+05    6.07592e+04   -5.83752e+06   -1.80081e+06   -7.33403e+06
 Pressure (bar)
    0.00000e+00

           Step           Time
           1341     1341.00000

   Energies (kJ/mol)
           Bond       G96Angle        LJ (SR)   Coulomb (SR)      Potential
    2.43545e+05    6.07529e+04   -5.83756e+06   -1.80083e+06   -7.33409e+06
 Pressure (bar)
    0.00000e+00

           Step           Time
           1342     1342.00000

   Energies (kJ/mol)
           Bond       G96Angle        LJ (SR)   Coulomb (SR)      Potential
    2.43550e+05    6.07460e+04   -5.83759e+06   -1.80079e+06   -7.33409e+06
 Pressure (bar)
    0.00000e+00

           Step           Time
           1343     1343.00000

   Energies (kJ/mol)
           Bond       G96Angle        LJ (SR)   Coulomb (SR)      Potential
    2.43533e+05    6.07383e+04   -5.83765e+06   -1.80078e+06   -7.33416e+06
 Pressure (bar)
    0.00000e+00

           Step           Time
           1344     1344.00000

   Energies (kJ/mol)
           Bond       G96Angle        LJ (SR)   Coulomb (SR)      Potential
    2.43521e+05    6.07287e+04   -5.83770e+06   -1.80072e+06   -7.33416e+06
 Pressure (bar)
    0.00000e+00

           Step           Time
           1345     1345.00000

           Step           Time
           1346     1346.00000

   Energies (kJ/mol)
           Bond       G96Angle        LJ (SR)   Coulomb (SR)      Potential
    2.43525e+05    6.07226e+04   -5.83775e+06   -1.80083e+06   -7.33433e+06
 Pressure (bar)
    0.00000e+00

           Step           Time
           1347     1347.00000

           Step           Time
           1348     1348.00000

   Energies (kJ/mol)
           Bond       G96Angle        LJ (SR)   Coulomb (SR)      Potential
    2.43519e+05    6.07190e+04   -5.83776e+06   -1.80088e+06   -7.33440e+06
 Pressure (bar)
    0.00000e+00

           Step           Time
           1349     1349.00000

   Energies (kJ/mol)
           Bond       G96Angle        LJ (SR)   Coulomb (SR)      Potential
    2.43517e+05    6.07133e+04   -5.83778e+06   -1.80089e+06   -7.33444e+06
 Pressure (bar)
    0.00000e+00

           Step           Time
           1350     1350.00000

   Energies (kJ/mol)
           Bond       G96Angle        LJ (SR)   Coulomb (SR)      Potential
    2.43515e+05    6.07078e+04   -5.83783e+06   -1.80086e+06   -7.33447e+06
 Pressure (bar)
    0.00000e+00

           Step           Time
           1351     1351.00000

   Energies (kJ/mol)
           Bond       G96Angle        LJ (SR)   Coulomb (SR)      Potential
    2.43512e+05    6.07016e+04   -5.83785e+06   -1.80088e+06   -7.33451e+06
 Pressure (bar)
    0.00000e+00

           Step           Time
           1352     1352.00000

   Energies (kJ/mol)
           Bond       G96Angle        LJ (SR)   Coulomb (SR)      Potential
    2.43514e+05    6.06937e+04   -5.83791e+06   -1.80084e+06   -7.33454e+06
 Pressure (bar)
    0.00000e+00

           Step           Time
           1353     1353.00000

           Step           Time
           1354     1354.00000

   Energies (kJ/mol)
           Bond       G96Angle        LJ (SR)   Coulomb (SR)      Potential
    2.43504e+05    6.06889e+04   -5.83793e+06   -1.80092e+06   -7.33466e+06
 Pressure (bar)
    0.00000e+00

           Step           Time
           1355     1355.00000

   Energies (kJ/mol)
           Bond       G96Angle        LJ (SR)   Coulomb (SR)      Potential
    2.43502e+05    6.06842e+04   -5.83795e+06   -1.80094e+06   -7.33470e+06
 Pressure (bar)
    0.00000e+00

           Step           Time
           1356     1356.00000

   Energies (kJ/mol)
           Bond       G96Angle        LJ (SR)   Coulomb (SR)      Potential
    2.43503e+05    6.06783e+04   -5.83800e+06   -1.80090e+06   -7.33472e+06
 Pressure (bar)
    0.00000e+00

           Step           Time
           1357     1357.00000

           Step           Time
           1358     1358.00000

   Energies (kJ/mol)
           Bond       G96Angle        LJ (SR)   Coulomb (SR)      Potential
    2.43497e+05    6.06736e+04   -5.83801e+06   -1.80097e+06   -7.33481e+06
 Pressure (bar)
    0.00000e+00

           Step           Time
           1359     1359.00000

   Energies (kJ/mol)
           Bond       G96Angle        LJ (SR)   Coulomb (SR)      Potential
    2.43496e+05    6.06694e+04   -5.83804e+06   -1.80098e+06   -7.33485e+06
 Pressure (bar)
    0.00000e+00

           Step           Time
           1360     1360.00000

   Energies (kJ/mol)
           Bond       G96Angle        LJ (SR)   Coulomb (SR)      Potential
    2.43493e+05    6.06640e+04   -5.83807e+06   -1.80095e+06   -7.33486e+06
 Pressure (bar)
    0.00000e+00

           Step           Time
           1361     1361.00000

           Step           Time
           1362     1362.00000

   Energies (kJ/mol)
           Bond       G96Angle        LJ (SR)   Coulomb (SR)      Potential
    2.43488e+05    6.06600e+04   -5.83810e+06   -1.80100e+06   -7.33495e+06
 Pressure (bar)
    0.00000e+00

           Step           Time
           1363     1363.00000

   Energies (kJ/mol)
           Bond       G96Angle        LJ (SR)   Coulomb (SR)      Potential
    2.43484e+05    6.06564e+04   -5.83813e+06   -1.80101e+06   -7.33500e+06
 Pressure (bar)
    0.00000e+00

           Step           Time
           1364     1364.00000

           Step           Time
           1365     1365.00000

   Energies (kJ/mol)
           Bond       G96Angle        LJ (SR)   Coulomb (SR)      Potential
    2.43484e+05    6.06535e+04   -5.83812e+06   -1.80104e+06   -7.33503e+06
 Pressure (bar)
    0.00000e+00

           Step           Time
           1366     1366.00000

   Energies (kJ/mol)
           Bond       G96Angle        LJ (SR)   Coulomb (SR)      Potential
    2.43481e+05    6.06508e+04   -5.83815e+06   -1.80105e+06   -7.33507e+06
 Pressure (bar)
    0.00000e+00

           Step           Time
           1367     1367.00000

           Step           Time
           1368     1368.00000

   Energies (kJ/mol)
           Bond       G96Angle        LJ (SR)   Coulomb (SR)      Potential
    2.43480e+05    6.06493e+04   -5.83816e+06   -1.80107e+06   -7.33511e+06
 Pressure (bar)
    0.00000e+00

           Step           Time
           1369     1369.00000

   Energies (kJ/mol)
           Bond       G96Angle        LJ (SR)   Coulomb (SR)      Potential
    2.43477e+05    6.06469e+04   -5.83817e+06   -1.80106e+06   -7.33511e+06
 Pressure (bar)
    0.00000e+00

           Step           Time
           1370     1370.00000

   Energies (kJ/mol)
           Bond       G96Angle        LJ (SR)   Coulomb (SR)      Potential
    2.43476e+05    6.06443e+04   -5.83818e+06   -1.80107e+06   -7.33513e+06
 Pressure (bar)
    0.00000e+00

           Step           Time
           1371     1371.00000

   Energies (kJ/mol)
           Bond       G96Angle        LJ (SR)   Coulomb (SR)      Potential
    2.43477e+05    6.06418e+04   -5.83820e+06   -1.80107e+06   -7.33514e+06
 Pressure (bar)
    0.00000e+00

           Step           Time
           1372     1372.00000

           Step           Time
           1373     1373.00000

   Energies (kJ/mol)
           Bond       G96Angle        LJ (SR)   Coulomb (SR)      Potential
    2.43471e+05    6.06396e+04   -5.83821e+06   -1.80108e+06   -7.33518e+06
 Pressure (bar)
    0.00000e+00

           Step           Time
           1374     1374.00000

   Energies (kJ/mol)
           Bond       G96Angle        LJ (SR)   Coulomb (SR)      Potential
    2.43473e+05    6.06373e+04   -5.83823e+06   -1.80108e+06   -7.33520e+06
 Pressure (bar)
    0.00000e+00

           Step           Time
           1375     1375.00000

   Energies (kJ/mol)
           Bond       G96Angle        LJ (SR)   Coulomb (SR)      Potential
    2.43468e+05    6.06347e+04   -5.83824e+06   -1.80108e+06   -7.33522e+06
 Pressure (bar)
    0.00000e+00

           Step           Time
           1376     1376.00000

   Energies (kJ/mol)
           Bond       G96Angle        LJ (SR)   Coulomb (SR)      Potential
    2.43469e+05    6.06315e+04   -5.83826e+06   -1.80107e+06   -7.33522e+06
 Pressure (bar)
    0.00000e+00

           Step           Time
           1377     1377.00000

   Energies (kJ/mol)
           Bond       G96Angle        LJ (SR)   Coulomb (SR)      Potential
    2.43463e+05    6.06284e+04   -5.83829e+06   -1.80105e+06   -7.33524e+06
 Pressure (bar)
    0.00000e+00

           Step           Time
           1378     1378.00000

           Step           Time
           1379     1379.00000

   Energies (kJ/mol)
           Bond       G96Angle        LJ (SR)   Coulomb (SR)      Potential
    2.43461e+05    6.06262e+04   -5.83830e+06   -1.80109e+06   -7.33530e+06
 Pressure (bar)
    0.00000e+00

           Step           Time
           1380     1380.00000

           Step           Time
           1381     1381.00000

   Energies (kJ/mol)
           Bond       G96Angle        LJ (SR)   Coulomb (SR)      Potential
    2.43461e+05    6.06245e+04   -5.83830e+06   -1.80111e+06   -7.33532e+06
 Pressure (bar)
    0.00000e+00

           Step           Time
           1382     1382.00000

           Step           Time
           1383     1383.00000

   Energies (kJ/mol)
           Bond       G96Angle        LJ (SR)   Coulomb (SR)      Potential
    2.43461e+05    6.06236e+04   -5.83831e+06   -1.80112e+06   -7.33535e+06
 Pressure (bar)
    0.00000e+00

           Step           Time
           1384     1384.00000

   Energies (kJ/mol)
           Bond       G96Angle        LJ (SR)   Coulomb (SR)      Potential
    2.43461e+05    6.06222e+04   -5.83831e+06   -1.80112e+06   -7.33535e+06
 Pressure (bar)
    0.00000e+00

           Step           Time
           1385     1385.00000

   Energies (kJ/mol)
           Bond       G96Angle        LJ (SR)   Coulomb (SR)      Potential
    2.43460e+05    6.06209e+04   -5.83832e+06   -1.80113e+06   -7.33536e+06
 Pressure (bar)
    0.00000e+00

           Step           Time
           1386     1386.00000

   Energies (kJ/mol)
           Bond       G96Angle        LJ (SR)   Coulomb (SR)      Potential
    2.43458e+05    6.06193e+04   -5.83832e+06   -1.80113e+06   -7.33537e+06
 Pressure (bar)
    0.00000e+00

           Step           Time
           1387     1387.00000

   Energies (kJ/mol)
           Bond       G96Angle        LJ (SR)   Coulomb (SR)      Potential
    2.43458e+05    6.06174e+04   -5.83834e+06   -1.80112e+06   -7.33538e+06
 Pressure (bar)
    0.00000e+00

           Step           Time
           1388     1388.00000

   Energies (kJ/mol)
           Bond       G96Angle        LJ (SR)   Coulomb (SR)      Potential
    2.43458e+05    6.06156e+04   -5.83835e+06   -1.80112e+06   -7.33540e+06
 Pressure (bar)
    0.00000e+00

           Step           Time
           1389     1389.00000

           Step           Time
           1390     1390.00000

   Energies (kJ/mol)
           Bond       G96Angle        LJ (SR)   Coulomb (SR)      Potential
    2.43458e+05    6.06143e+04   -5.83834e+06   -1.80114e+06   -7.33541e+06
 Pressure (bar)
    0.00000e+00

           Step           Time
           1391     1391.00000

   Energies (kJ/mol)
           Bond       G96Angle        LJ (SR)   Coulomb (SR)      Potential
    2.43458e+05    6.06127e+04   -5.83835e+06   -1.80114e+06   -7.33542e+06
 Pressure (bar)
    0.00000e+00

           Step           Time
           1392     1392.00000

   Energies (kJ/mol)
           Bond       G96Angle        LJ (SR)   Coulomb (SR)      Potential
    2.43454e+05    6.06109e+04   -5.83838e+06   -1.80113e+06   -7.33544e+06
 Pressure (bar)
    0.00000e+00

           Step           Time
           1393     1393.00000

   Energies (kJ/mol)
           Bond       G96Angle        LJ (SR)   Coulomb (SR)      Potential
    2.43456e+05    6.06089e+04   -5.83838e+06   -1.80113e+06   -7.33544e+06
 Pressure (bar)
    0.00000e+00

           Step           Time
           1394     1394.00000

   Energies (kJ/mol)
           Bond       G96Angle        LJ (SR)   Coulomb (SR)      Potential
    2.43456e+05    6.06065e+04   -5.83841e+06   -1.80112e+06   -7.33546e+06
 Pressure (bar)
    0.00000e+00

           Step           Time
           1395     1395.00000

           Step           Time
           1396     1396.00000

   Energies (kJ/mol)
           Bond       G96Angle        LJ (SR)   Coulomb (SR)      Potential
    2.43454e+05    6.06051e+04   -5.83840e+06   -1.80114e+06   -7.33549e+06
 Pressure (bar)
    0.00000e+00

           Step           Time
           1397     1397.00000

   Energies (kJ/mol)
           Bond       G96Angle        LJ (SR)   Coulomb (SR)      Potential
    2.43450e+05    6.06029e+04   -5.83842e+06   -1.80113e+06   -7.33550e+06
 Pressure (bar)
    0.00000e+00

           Step           Time
           1398     1398.00000

   Energies (kJ/mol)
           Bond       G96Angle        LJ (SR)   Coulomb (SR)      Potential
    2.43449e+05    6.06011e+04   -5.83843e+06   -1.80114e+06   -7.33552e+06
 Pressure (bar)
    0.00000e+00

           Step           Time
           1399     1399.00000

           Step           Time
           1400     1400.00000

   Energies (kJ/mol)
           Bond       G96Angle        LJ (SR)   Coulomb (SR)      Potential
    2.43449e+05    6.05996e+04   -5.83845e+06   -1.80115e+06   -7.33555e+06
 Pressure (bar)
    0.00000e+00

           Step           Time
           1401     1401.00000

           Step           Time
           1402     1402.00000

   Energies (kJ/mol)
           Bond       G96Angle        LJ (SR)   Coulomb (SR)      Potential
    2.43447e+05    6.05987e+04   -5.83844e+06   -1.80116e+06   -7.33556e+06
 Pressure (bar)
    0.00000e+00

           Step           Time
           1403     1403.00000

   Energies (kJ/mol)
           Bond       G96Angle        LJ (SR)   Coulomb (SR)      Potential
    2.43447e+05    6.05975e+04   -5.83845e+06   -1.80117e+06   -7.33558e+06
 Pressure (bar)
    0.00000e+00

           Step           Time
           1404     1404.00000

           Step           Time
           1405     1405.00000

   Energies (kJ/mol)
           Bond       G96Angle        LJ (SR)   Coulomb (SR)      Potential
    2.43446e+05    6.05969e+04   -5.83846e+06   -1.80118e+06   -7.33559e+06
 Pressure (bar)
    0.00000e+00

           Step           Time
           1406     1406.00000

   Energies (kJ/mol)
           Bond       G96Angle        LJ (SR)   Coulomb (SR)      Potential
    2.43446e+05    6.05958e+04   -5.83846e+06   -1.80118e+06   -7.33559e+06
 Pressure (bar)
    0.00000e+00

           Step           Time
           1407     1407.00000

   Energies (kJ/mol)
           Bond       G96Angle        LJ (SR)   Coulomb (SR)      Potential
    2.43444e+05    6.05951e+04   -5.83846e+06   -1.80117e+06   -7.33560e+06
 Pressure (bar)
    0.00000e+00

           Step           Time
           1408     1408.00000

   Energies (kJ/mol)
           Bond       G96Angle        LJ (SR)   Coulomb (SR)      Potential
    2.43445e+05    6.05939e+04   -5.83847e+06   -1.80117e+06   -7.33560e+06
 Pressure (bar)
    0.00000e+00

           Step           Time
           1409     1409.00000

   Energies (kJ/mol)
           Bond       G96Angle        LJ (SR)   Coulomb (SR)      Potential
    2.43444e+05    6.05930e+04   -5.83847e+06   -1.80117e+06   -7.33560e+06
 Pressure (bar)
    0.00000e+00

           Step           Time
           1410     1410.00000

   Energies (kJ/mol)
           Bond       G96Angle        LJ (SR)   Coulomb (SR)      Potential
    2.43441e+05    6.05911e+04   -5.83849e+06   -1.80115e+06   -7.33561e+06
 Pressure (bar)
    0.00000e+00

           Step           Time
           1411     1411.00000

   Energies (kJ/mol)
           Bond       G96Angle        LJ (SR)   Coulomb (SR)      Potential
    2.43441e+05    6.05894e+04   -5.83850e+06   -1.80116e+06   -7.33563e+06
 Pressure (bar)
    0.00000e+00

           Step           Time
           1412     1412.00000

   Energies (kJ/mol)
           Bond       G96Angle        LJ (SR)   Coulomb (SR)      Potential
    2.43442e+05    6.05875e+04   -5.83851e+06   -1.80116e+06   -7.33564e+06
 Pressure (bar)
    0.00000e+00

           Step           Time
           1413     1413.00000

           Step           Time
           1414     1414.00000

   Energies (kJ/mol)
           Bond       G96Angle        LJ (SR)   Coulomb (SR)      Potential
    2.43441e+05    6.05863e+04   -5.83853e+06   -1.80117e+06   -7.33567e+06
 Pressure (bar)
    0.00000e+00

           Step           Time
           1415     1415.00000

           Step           Time
           1416     1416.00000

   Energies (kJ/mol)
           Bond       G96Angle        LJ (SR)   Coulomb (SR)      Potential
    2.43441e+05    6.05852e+04   -5.83852e+06   -1.80119e+06   -7.33569e+06
 Pressure (bar)
    0.00000e+00

           Step           Time
           1417     1417.00000

   Energies (kJ/mol)
           Bond       G96Angle        LJ (SR)   Coulomb (SR)      Potential
    2.43439e+05    6.05841e+04   -5.83854e+06   -1.80119e+06   -7.33570e+06
 Pressure (bar)
    0.00000e+00

           Step           Time
           1418     1418.00000

   Energies (kJ/mol)
           Bond       G96Angle        LJ (SR)   Coulomb (SR)      Potential
    2.43439e+05    6.05831e+04   -5.83854e+06   -1.80119e+06   -7.33570e+06
 Pressure (bar)
    0.00000e+00

           Step           Time
           1419     1419.00000

           Step           Time
           1420     1420.00000

   Energies (kJ/mol)
           Bond       G96Angle        LJ (SR)   Coulomb (SR)      Potential
    2.43437e+05    6.05823e+04   -5.83853e+06   -1.80120e+06   -7.33571e+06
 Pressure (bar)
    0.00000e+00

           Step           Time
           1421     1421.00000

   Energies (kJ/mol)
           Bond       G96Angle        LJ (SR)   Coulomb (SR)      Potential
    2.43437e+05    6.05816e+04   -5.83854e+06   -1.80120e+06   -7.33572e+06
 Pressure (bar)
    0.00000e+00

           Step           Time
           1422     1422.00000

   Energies (kJ/mol)
           Bond       G96Angle        LJ (SR)   Coulomb (SR)      Potential
    2.43438e+05    6.05807e+04   -5.83854e+06   -1.80120e+06   -7.33572e+06
 Pressure (bar)
    0.00000e+00

           Step           Time
           1423     1423.00000

   Energies (kJ/mol)
           Bond       G96Angle        LJ (SR)   Coulomb (SR)      Potential
    2.43435e+05    6.05797e+04   -5.83855e+06   -1.80119e+06   -7.33573e+06
 Pressure (bar)
    0.00000e+00

           Step           Time
           1424     1424.00000

           Step           Time
           1425     1425.00000

   Energies (kJ/mol)
           Bond       G96Angle        LJ (SR)   Coulomb (SR)      Potential
    2.43434e+05    6.05790e+04   -5.83855e+06   -1.80121e+06   -7.33575e+06
 Pressure (bar)
    0.00000e+00

           Step           Time
           1426     1426.00000

           Step           Time
           1427     1427.00000

   Energies (kJ/mol)
           Bond       G96Angle        LJ (SR)   Coulomb (SR)      Potential
    2.43435e+05    6.05786e+04   -5.83856e+06   -1.80121e+06   -7.33575e+06
 Pressure (bar)
    0.00000e+00

           Step           Time
           1428     1428.00000

           Step           Time
           1429     1429.00000

   Energies (kJ/mol)
           Bond       G96Angle        LJ (SR)   Coulomb (SR)      Potential
    2.43435e+05    6.05783e+04   -5.83855e+06   -1.80121e+06   -7.33575e+06
 Pressure (bar)
    0.00000e+00

           Step           Time
           1430     1430.00000

   Energies (kJ/mol)
           Bond       G96Angle        LJ (SR)   Coulomb (SR)      Potential
    2.43434e+05    6.05781e+04   -5.83856e+06   -1.80121e+06   -7.33576e+06
 Pressure (bar)
    0.00000e+00

           Step           Time
           1431     1431.00000

   Energies (kJ/mol)
           Bond       G96Angle        LJ (SR)   Coulomb (SR)      Potential
    2.43434e+05    6.05777e+04   -5.83856e+06   -1.80121e+06   -7.33576e+06
 Pressure (bar)
    0.00000e+00

           Step           Time
           1432     1432.00000

   Energies (kJ/mol)
           Bond       G96Angle        LJ (SR)   Coulomb (SR)      Potential
    2.43434e+05    6.05773e+04   -5.83856e+06   -1.80121e+06   -7.33577e+06
 Pressure (bar)
    0.00000e+00

           Step           Time
           1433     1433.00000

           Step           Time
           1434     1434.00000

           Step           Time
           1435     1435.00000

   Energies (kJ/mol)
           Bond       G96Angle        LJ (SR)   Coulomb (SR)      Potential
    2.43434e+05    6.05772e+04   -5.83856e+06   -1.80122e+06   -7.33577e+06
 Pressure (bar)
    0.00000e+00

           Step           Time
           1436     1436.00000

   Energies (kJ/mol)
           Bond       G96Angle        LJ (SR)   Coulomb (SR)      Potential
    2.43434e+05    6.05771e+04   -5.83856e+06   -1.80122e+06   -7.33577e+06
 Pressure (bar)
    0.00000e+00

           Step           Time
           1437     1437.00000

   Energies (kJ/mol)
           Bond       G96Angle        LJ (SR)   Coulomb (SR)      Potential
    2.43433e+05    6.05768e+04   -5.83856e+06   -1.80122e+06   -7.33577e+06
 Pressure (bar)
    0.00000e+00

           Step           Time
           1438     1438.00000

   Energies (kJ/mol)
           Bond       G96Angle        LJ (SR)   Coulomb (SR)      Potential
    2.43434e+05    6.05768e+04   -5.83857e+06   -1.80122e+06   -7.33578e+06
 Pressure (bar)
    0.00000e+00

           Step           Time
           1439     1439.00000

           Step           Time
           1440     1440.00000

   Energies (kJ/mol)
           Bond       G96Angle        LJ (SR)   Coulomb (SR)      Potential
    2.43433e+05    6.05767e+04   -5.83857e+06   -1.80122e+06   -7.33578e+06
 Pressure (bar)
    0.00000e+00

           Step           Time
           1441     1441.00000

           Step           Time
           1442     1442.00000

           Step           Time
           1443     1443.00000

           Step           Time
           1444     1444.00000

           Step           Time
           1445     1445.00000

           Step           Time
           1446     1446.00000


Energy minimization has stopped, but the forces have not converged to the
requested precision Fmax < 10 (which may not be possible for your system). It
stopped because the algorithm tried to make a new step whose size was too
small, or there was no change in the energy since last step. Either way, we
regard the minimization as converged to within the available machine
precision, given your starting configuration and EM parameters.

Double precision normally gives you higher accuracy, but this is often not
needed for preparing to run molecular dynamics.

Steepest Descents converged to machine precision in 1447 steps,
but did not reach the requested Fmax < 10.
Potential Energy  = -7.3357830e+06
Maximum force     =  2.6601483e+02 on atom 27671
Norm of force     =  1.4547768e+01

	M E G A - F L O P S   A C C O U N T I N G

 NB=Group-cutoff nonbonded kernels    NxN=N-by-N cluster Verlet kernels
 RF=Reaction-Field  VdW=Van der Waals  QSTab=quadratic-spline table
 W3=SPC/TIP3p  W4=TIP4p (single or pairs)
 V&F=Potential and force  V=Potential only  F=Force only

 Computing:                               M-Number         M-Flops  % Flops
-----------------------------------------------------------------------------
 Pair Search distance check           34332.734446      308994.610    16.8
 NxN RF Elec. + LJ [V&F]               4603.592048      248593.971    13.5
 NxN LJ [V&F]                         29179.580704     1254721.970    68.2
 NxN RF Electrostatics [V&F]              8.238032         296.569     0.0
 Shift-X                                354.503424        2127.021     0.1
 Bonds                                  108.177720        6382.485     0.3
 Angles                                  72.465760       12174.248     0.7
 Virial                                 354.568539        6382.234     0.3
-----------------------------------------------------------------------------
 Total                                                 1839673.107   100.0
-----------------------------------------------------------------------------


     R E A L   C Y C L E   A N D   T I M E   A C C O U N T I N G

On 1 MPI rank

 Computing:          Num   Num      Call    Wall time         Giga-Cycles
                     Ranks Threads  Count      (s)         total sum    %
-----------------------------------------------------------------------------
 Neighbor search        1    1       1447      54.882        229.965  33.1
 Force                  1    1       1447      25.045        104.942  15.1
 NB X/F buffer ops.     1    1       1447       0.996          4.173   0.6
 Rest                                          85.081        356.504  51.3
-----------------------------------------------------------------------------
 Total                                        166.004        695.584 100.0
-----------------------------------------------------------------------------

NOTE: 33 % of the run time was spent in pair search,
      you might want to increase nstlist (this has no effect on accuracy)


               Core t (s)   Wall t (s)        (%)
       Time:      166.004      166.004      100.0
               (steps/hour)
Performance:        31380.0
Finished mdrun on rank 0 Mon Oct  2 10:23:31 2023
