                :-) GROMACS - gmx mdrun, 2022.5-plumed_2.9.0 (-:

Copyright 1991-2022 The GROMACS Authors.
GROMACS is free software; you can redistribute it and/or modify it
under the terms of the GNU Lesser General Public License
as published by the Free Software Foundation; either version 2.1
of the License, or (at your option) any later version.

                         Current GROMACS contributors:
       Mark Abraham           Andrey Alekseenko           Cathrine Bergh      
      Christian Blau            Eliane Briand               Kevin Boyd        
     Oliver Fleetwood         Stefan Fleischmann           Vytas Gapsys       
       Gaurav Garg           Gilles Gouaillardet            Alan Gray         
      Victor Holanda           M. Eric Irrgang              Joe Jordan        
    Christoph Junghans        Prashanth Kanduri           Sebastian Kehl      
     Sebastian Keller          Carsten Kutzner           Magnus Lundborg      
       Pascal Merz              Dmitry Morozov             Szilard Pall       
      Roland Schulz             Michael Shirts         David van der Spoel    
     Alessandra Villa      Sebastian Wingbermuehle        Artem Zhmurov       

                         Previous GROMACS contributors:
        Emile Apol             Rossen Apostolov           James Barnett       
  Herman J.C. Berendsen          Par Bjelkmar           Viacheslav Bolnykh    
    Aldert van Buuren          Carlo Camilloni           Rudi van Drunen      
      Anton Feenstra           Gerrit Groenhof            Bert de Groot       
      Anca Hamuraru           Vincent Hindriksen         Aleksei Iupinov      
   Dimitrios Karkoulis           Peter Kasson               Jiri Kraus        
       Per Larsson             Justin A. Lemkul           Viveca Lindahl      
      Erik Marklund           Pieter Meulenhoff           Vedran Miletic      
      Teemu Murtola              Sander Pronk            Alexey Shvetsov      
      Alfons Sijbers            Peter Tieleman             Jon Vincent        
     Teemu Virolainen         Christian Wennberg           Maarten Wolf       

                  Coordinated by the GROMACS project leaders:
                    Paul Bauer, Berk Hess, and Erik Lindahl

GROMACS:      gmx mdrun, version 2022.5-plumed_2.9.0
Executable:   /sw/spack/deltas11-2023-03/apps/linux-rhel8-zen3/gcc-11.4.0/gromacs-2022.5-4hjehu6/bin/gmx_mpi
Data prefix:  /sw/spack/deltas11-2023-03/apps/linux-rhel8-zen3/gcc-11.4.0/gromacs-2022.5-4hjehu6
Working dir:  /scratch/bbyz/jennis/Common_Nanoparticle_6/Hexadecanethiol
Process ID:   2687435
Command line:
  gmx_mpi mdrun -deffnm md -v -nb gpu -bonded gpu -update gpu

GROMACS version:    2022.5-plumed_2.9.0
Precision:          mixed
Memory model:       64 bit
MPI library:        MPI
OpenMP support:     enabled (GMX_OPENMP_MAX_THREADS = 128)
GPU support:        CUDA
SIMD instructions:  AVX2_256
CPU FFT library:    fftw-3.3.10-sse2-avx-avx2-avx2_128
GPU FFT library:    cuFFT
RDTSCP usage:       enabled
TNG support:        enabled
Hwloc support:      hwloc-2.2.0
Tracing support:    disabled
C compiler:         /sw/spack/spacks11/spack/lib/spack/env/gcc/gcc GNU 11.4.0
C compiler flags:   -mavx2 -mfma -Wno-missing-field-initializers -fexcess-precision=fast -funroll-all-loops -pthread -O3 -DNDEBUG
C++ compiler:       /sw/spack/spacks11/spack/lib/spack/env/gcc/g++ GNU 11.4.0
C++ compiler flags: -mavx2 -mfma -pthread -Wno-missing-field-initializers -fexcess-precision=fast -funroll-all-loops -pthread -fopenmp -O3 -DNDEBUG
CUDA compiler:      /sw/spack/deltas11-2023-03/apps/linux-rhel8-zen3/gcc-11.4.0/cuda-11.8.0-vfixfmc/bin/nvcc nvcc: NVIDIA (R) Cuda compiler driver;Copyright (c) 2005-2022 NVIDIA Corporation;Built on Wed_Sep_21_10:33:58_PDT_2022;Cuda compilation tools, release 11.8, V11.8.89;Build cuda_11.8.r11.8/compiler.31833905_0
CUDA compiler flags:-std=c++17;--generate-code=arch=compute_35,code=sm_35;--generate-code=arch=compute_37,code=sm_37;--generate-code=arch=compute_50,code=sm_50;--generate-code=arch=compute_52,code=sm_52;--generate-code=arch=compute_60,code=sm_60;--generate-code=arch=compute_61,code=sm_61;--generate-code=arch=compute_70,code=sm_70;--generate-code=arch=compute_75,code=sm_75;--generate-code=arch=compute_80,code=sm_80;--generate-code=arch=compute_86,code=sm_86;--generate-code=arch=compute_89,code=sm_89;--generate-code=arch=compute_90,code=sm_90;-Wno-deprecated-gpu-targets;--generate-code=arch=compute_53,code=sm_53;--generate-code=arch=compute_80,code=sm_80;-use_fast_math;-D_FORCE_INLINES;-mavx2 -mfma -pthread -Wno-missing-field-initializers -fexcess-precision=fast -funroll-all-loops -pthread -fopenmp -O3 -DNDEBUG
CUDA driver:        12.20
CUDA runtime:       11.80


Running on 1 node with total 16 cores, 16 processing units, 1 compatible GPU
Hardware detected on host gpua096.delta.ncsa.illinois.edu (the node of MPI rank 0):
  CPU info:
    Vendor: AMD
    Brand:  AMD EPYC 7763 64-Core Processor                
    Family: 25   Model: 1   Stepping: 1
    Features: aes amd apic avx avx2 clfsh cmov cx8 cx16 f16c fma htt lahf misalignsse mmx msr nonstop_tsc pcid pclmuldq pdpe1gb popcnt pse rdrnd rdtscp sha sse2 sse3 sse4a sse4.1 sse4.2 ssse3
  Hardware topology: Full, with devices
    Packages, cores, and logical processors:
    [indices refer to OS logical processors]
      Package  0: [   0] [   3] [   4] [   5] [   6] [  13] [  14] [  15] [  16] [  17] [  18] [  19] [  20] [  21] [  22] [  23]
    CPU limit set by OS: -1   Recommended max number of threads: 16
    Numa nodes:
      Node  0 (67312611328 bytes mem):   0   3   4   5   6  13  14  15
      Node  1 (67640340480 bytes mem):  16  17  18  19  20  21  22  23
      Node  2 (67594420224 bytes mem):
      Node  3 (67626852352 bytes mem):
      Latency:
               0     1     2     3
         0  1.00  1.20  1.20  1.20
         1  1.20  1.00  1.20  1.20
         2  1.20  1.20  1.00  1.20
         3  1.20  1.20  1.20  1.00
    Caches:
      L1: 32768 bytes, linesize 64 bytes, assoc. 8, shared 1 ways
      L2: 524288 bytes, linesize 64 bytes, assoc. 8, shared 1 ways
      L3: 33554432 bytes, linesize 64 bytes, assoc. 16, shared 5 ways
    PCI devices:
      0000:c8:00.0  Id: 17db:0501  Class: 0x0200  Numa: 0
      0000:c7:00.0  Id: 10de:20b0  Class: 0x0302  Numa: 0
      0000:c2:00.0  Id: 8086:1521  Class: 0x0200  Numa: 0
      0000:c1:00.1  Id: 102b:0538  Class: 0x0300  Numa: 0
      0000:85:00.0  Id: 10de:20b0  Class: 0x0302  Numa: 1
      0000:43:00.0  Id: 8086:1521  Class: 0x0200  Numa: 2
      0000:43:00.1  Id: 8086:1521  Class: 0x0200  Numa: 2
      0000:43:00.2  Id: 8086:1521  Class: 0x0200  Numa: 2
      0000:43:00.3  Id: 8086:1521  Class: 0x0200  Numa: 2
      0000:46:00.0  Id: 10de:20b0  Class: 0x0302  Numa: 2
      0000:07:00.0  Id: 10de:20b0  Class: 0x0302  Numa: 3
      0000:03:00.0  Id: 144d:a824  Class: 0x0108  Numa: 3
  GPU info:
    Number of GPUs detected: 1
    #0: NVIDIA NVIDIA A100-SXM4-40GB, compute cap.: 8.0, ECC: yes, stat: compatible


++++ PLEASE READ AND CITE THE FOLLOWING REFERENCE ++++
M. J. Abraham, T. Murtola, R. Schulz, S. Páll, J. C. Smith, B. Hess, E.
Lindahl
GROMACS: High performance molecular simulations through multi-level
parallelism from laptops to supercomputers
SoftwareX 1 (2015) pp. 19-25
-------- -------- --- Thank You --- -------- --------


++++ PLEASE READ AND CITE THE FOLLOWING REFERENCE ++++
S. Páll, M. J. Abraham, C. Kutzner, B. Hess, E. Lindahl
Tackling Exascale Software Challenges in Molecular Dynamics Simulations with
GROMACS
In S. Markidis & E. Laure (Eds.), Solving Software Challenges for Exascale 8759 (2015) pp. 3-27
-------- -------- --- Thank You --- -------- --------


++++ PLEASE READ AND CITE THE FOLLOWING REFERENCE ++++
S. Pronk, S. Páll, R. Schulz, P. Larsson, P. Bjelkmar, R. Apostolov, M. R.
Shirts, J. C. Smith, P. M. Kasson, D. van der Spoel, B. Hess, and E. Lindahl
GROMACS 4.5: a high-throughput and highly parallel open source molecular
simulation toolkit
Bioinformatics 29 (2013) pp. 845-54
-------- -------- --- Thank You --- -------- --------


++++ PLEASE READ AND CITE THE FOLLOWING REFERENCE ++++
B. Hess and C. Kutzner and D. van der Spoel and E. Lindahl
GROMACS 4: Algorithms for highly efficient, load-balanced, and scalable
molecular simulation
J. Chem. Theory Comput. 4 (2008) pp. 435-447
-------- -------- --- Thank You --- -------- --------


++++ PLEASE READ AND CITE THE FOLLOWING REFERENCE ++++
D. van der Spoel, E. Lindahl, B. Hess, G. Groenhof, A. E. Mark and H. J. C.
Berendsen
GROMACS: Fast, Flexible and Free
J. Comp. Chem. 26 (2005) pp. 1701-1719
-------- -------- --- Thank You --- -------- --------


++++ PLEASE READ AND CITE THE FOLLOWING REFERENCE ++++
E. Lindahl and B. Hess and D. van der Spoel
GROMACS 3.0: A package for molecular simulation and trajectory analysis
J. Mol. Mod. 7 (2001) pp. 306-317
-------- -------- --- Thank You --- -------- --------


++++ PLEASE READ AND CITE THE FOLLOWING REFERENCE ++++
H. J. C. Berendsen, D. van der Spoel and R. van Drunen
GROMACS: A message-passing parallel molecular dynamics implementation
Comp. Phys. Comm. 91 (1995) pp. 43-56
-------- -------- --- Thank You --- -------- --------


The number of OpenMP threads was set by environment variable OMP_NUM_THREADS to 16

Input Parameters:
   integrator                     = md
   tinit                          = 0
   dt                             = 0.025
   nsteps                         = 200000000
   init-step                      = 0
   simulation-part                = 1
   mts                            = false
   comm-mode                      = Linear
   nstcomm                        = 100
   bd-fric                        = 0
   ld-seed                        = 2130444159
   emtol                          = 10
   emstep                         = 0.01
   niter                          = 20
   fcstep                         = 0
   nstcgsteep                     = 1000
   nbfgscorr                      = 10
   rtpi                           = 0.05
   nstxout                        = 0
   nstvout                        = 0
   nstfout                        = 0
   nstlog                         = 400000
   nstcalcenergy                  = 100
   nstenergy                      = 4000
   nstxout-compressed             = 8000
   compressed-x-precision         = 100
   cutoff-scheme                  = Verlet
   nstlist                        = 20
   pbc                            = xyz
   periodic-molecules             = false
   verlet-buffer-tolerance        = 0.005
   rlist                          = 1.189
   coulombtype                    = Cut-off
   coulomb-modifier               = Potential-shift
   rcoulomb-switch                = 0
   rcoulomb                       = 1
   epsilon-r                      = 15
   epsilon-rf                     = inf
   vdw-type                       = Cut-off
   vdw-modifier                   = Potential-shift
   rvdw-switch                    = 0
   rvdw                           = 1
   DispCorr                       = No
   table-extension                = 1
   fourierspacing                 = 0.12
   fourier-nx                     = 0
   fourier-ny                     = 0
   fourier-nz                     = 0
   pme-order                      = 4
   ewald-rtol                     = 1e-05
   ewald-rtol-lj                  = 0.001
   lj-pme-comb-rule               = Geometric
   ewald-geometry                 = 3d
   epsilon-surface                = 0
   tcoupl                         = V-rescale
   nsttcouple                     = 1
   nh-chain-length                = 0
   print-nose-hoover-chain-variables = false
   pcoupl                         = Berendsen
   pcoupltype                     = Semiisotropic
   nstpcouple                     = 10
   tau-p                          = 3
   compressibility (3x3):
      compressibility[    0]={ 3.00000e-05,  0.00000e+00,  0.00000e+00}
      compressibility[    1]={ 0.00000e+00,  3.00000e-05,  0.00000e+00}
      compressibility[    2]={ 0.00000e+00,  0.00000e+00,  3.00000e-05}
   ref-p (3x3):
      ref-p[    0]={ 1.00000e+00,  0.00000e+00,  0.00000e+00}
      ref-p[    1]={ 0.00000e+00,  1.00000e+00,  0.00000e+00}
      ref-p[    2]={ 0.00000e+00,  0.00000e+00,  1.00000e+00}
   refcoord-scaling               = COM
   posres-com (3):
      posres-com[0]= 0.00000e+00
      posres-com[1]= 0.00000e+00
      posres-com[2]= 0.00000e+00
   posres-comB (3):
      posres-comB[0]= 0.00000e+00
      posres-comB[1]= 0.00000e+00
      posres-comB[2]= 0.00000e+00
   QMMM                           = false
qm-opts:
   ngQM                           = 0
   constraint-algorithm           = Lincs
   continuation                   = false
   Shake-SOR                      = false
   shake-tol                      = 0.0001
   lincs-order                    = 4
   lincs-iter                     = 1
   lincs-warnangle                = 30
   nwall                          = 0
   wall-type                      = 9-3
   wall-r-linpot                  = -1
   wall-atomtype[0]               = -1
   wall-atomtype[1]               = -1
   wall-density[0]                = 0
   wall-density[1]                = 0
   wall-ewald-zfac                = 3
   pull                           = false
   awh                            = false
   rotation                       = false
   interactiveMD                  = false
   disre                          = No
   disre-weighting                = Conservative
   disre-mixed                    = false
   dr-fc                          = 1000
   dr-tau                         = 0
   nstdisreout                    = 100
   orire-fc                       = 0
   orire-tau                      = 0
   nstorireout                    = 100
   free-energy                    = no
   cos-acceleration               = 0
   deform (3x3):
      deform[    0]={ 0.00000e+00,  0.00000e+00,  0.00000e+00}
      deform[    1]={ 0.00000e+00,  0.00000e+00,  0.00000e+00}
      deform[    2]={ 0.00000e+00,  0.00000e+00,  0.00000e+00}
   simulated-tempering            = false
   swapcoords                     = no
   userint1                       = 0
   userint2                       = 0
   userint3                       = 0
   userint4                       = 0
   userreal1                      = 0
   userreal2                      = 0
   userreal3                      = 0
   userreal4                      = 0
   applied-forces:
     electric-field:
       x:
         E0                       = 0
         omega                    = 0
         t0                       = 0
         sigma                    = 0
       y:
         E0                       = 0
         omega                    = 0
         t0                       = 0
         sigma                    = 0
       z:
         E0                       = 0
         omega                    = 0
         t0                       = 0
         sigma                    = 0
     density-guided-simulation:
       active                     = false
       group                      = protein
       similarity-measure         = inner-product
       atom-spreading-weight      = unity
       force-constant             = 1e+09
       gaussian-transform-spreading-width = 0.2
       gaussian-transform-spreading-range-in-multiples-of-width = 4
       reference-density-filename = reference.mrc
       nst                        = 1
       normalize-densities        = true
       adaptive-force-scaling     = false
       adaptive-force-scaling-time-constant = 4
       shift-vector               = 
       transformation-matrix      = 
     qmmm-cp2k:
       active                     = false
       qmgroup                    = System
       qmmethod                   = PBE
       qmfilenames                = 
       qmcharge                   = 0
       qmmultiplicity             = 1
grpopts:
   nrdf:     13349.9      208619      498463       10974
   ref-t:         313         313         313         313
   tau-t:           1           1           1           1
annealing:          No          No          No          No
annealing-npoints:           0           0           0           0
   acc:	           0           0           0
   nfreeze:           N           N           N
   energygrp-flags[  0]: 0

Changing nstlist from 20 to 25, rlist from 1.189 to 1.261

When checking whether update groups are usable:
  Domain decomposition is not active, so there is no need for update groups
  No constraints or virtual sites are in use, so it is best not to use update groups
1 GPU selected for this run.
Mapping of GPU IDs to the 1 GPU task in the 1 rank on this node:
  PP:0
PP tasks will do (non-perturbed) short-ranged and most bonded interactions on the GPU
PP task will update and constrain coordinates on the GPU
Using 1 MPI process

Non-default thread affinity set, disabling internal thread affinity

Using 16 OpenMP threads 

System total charge: 0.000
Potential shift: LJ r^-12: -1.000e+00 r^-6: -1.000e+00, Coulomb -1e+00


Using GPU 8x8 nonbonded short-range kernels

Using a dual 8x8 pair-list setup updated with dynamic, rolling pruning:
  outer list: updated every 25 steps, buffer 0.261 nm, rlist 1.261 nm
  inner list: updated every  4 steps, buffer 0.018 nm, rlist 1.018 nm
At tolerance 0.005 kJ/mol/ps per atom, equivalent classical 1x1 list would be:
  outer list: updated every 25 steps, buffer 0.383 nm, rlist 1.383 nm
  inner list: updated every  4 steps, buffer 0.041 nm, rlist 1.041 nm

Using full Lennard-Jones parameter combination matrix
Removing pbc first time

++++ PLEASE READ AND CITE THE FOLLOWING REFERENCE ++++
G. Bussi, D. Donadio and M. Parrinello
Canonical sampling through velocity rescaling
J. Chem. Phys. 126 (2007) pp. 014101
-------- -------- --- Thank You --- -------- --------

There are: 243803 Atoms

Updating coordinates on the GPU.
Center of mass motion removal mode is Linear
We have the following groups for center of mass motion removal:
  0:  rest
Initial temperature: 313.1 K

Started mdrun on rank 0 Mon Mar 25 09:20:11 2024

           Step           Time
              0        0.00000

   Energies (kJ/mol)
           Bond       G96Angle        LJ (SR)   Coulomb (SR)      Potential
    2.93175e+05    5.56647e+04   -5.90785e+06   -1.18171e+05   -5.67718e+06
    Kinetic En.   Total Energy  Conserved En.    Temperature Pressure (bar)
    9.57968e+05   -4.71922e+06   -4.70950e+06    3.15056e+02   -1.28811e+03

           Step           Time
         400000    10000.00000

   Energies (kJ/mol)
           Bond       G96Angle        LJ (SR)   Coulomb (SR)      Potential
    1.94331e+05    5.22312e+04   -5.34171e+06   -6.12068e+04   -5.15635e+06
    Kinetic En.   Total Energy  Conserved En.    Temperature Pressure (bar)
    9.50891e+05   -4.20546e+06   -1.34313e+07    3.12729e+02    1.12810e+01

Writing checkpoint, step 782525 at Mon Mar 25 09:35:11 2024


           Step           Time
         800000    20000.00000

   Energies (kJ/mol)
           Bond       G96Angle        LJ (SR)   Coulomb (SR)      Potential
    1.93444e+05    5.15819e+04   -5.34676e+06   -6.14145e+04   -5.16314e+06
    Kinetic En.   Total Energy  Conserved En.    Temperature Pressure (bar)
    9.48714e+05   -4.21443e+06   -2.21297e+07    3.12013e+02    4.28101e+00

           Step           Time
        1200000    30000.00000

   Energies (kJ/mol)
           Bond       G96Angle        LJ (SR)   Coulomb (SR)      Potential
    1.92925e+05    5.13997e+04   -5.34639e+06   -6.19246e+04   -5.16399e+06
    Kinetic En.   Total Energy  Conserved En.    Temperature Pressure (bar)
    9.53806e+05   -4.21019e+06   -3.08272e+07    3.13688e+02   -1.00137e+01

Writing checkpoint, step 1579825 at Mon Mar 25 09:50:11 2024


           Step           Time
        1600000    40000.00000

   Energies (kJ/mol)
           Bond       G96Angle        LJ (SR)   Coulomb (SR)      Potential
    1.91774e+05    5.16952e+04   -5.34431e+06   -6.21028e+04   -5.16294e+06
    Kinetic En.   Total Energy  Conserved En.    Temperature Pressure (bar)
    9.51557e+05   -4.21138e+06   -3.95283e+07    3.12948e+02    4.01474e+00

           Step           Time
        2000000    50000.00000

   Energies (kJ/mol)
           Bond       G96Angle        LJ (SR)   Coulomb (SR)      Potential
    1.93935e+05    5.22609e+04   -5.34310e+06   -6.17323e+04   -5.15864e+06
    Kinetic En.   Total Energy  Conserved En.    Temperature Pressure (bar)
    9.51531e+05   -4.20711e+06   -4.82308e+07    3.12939e+02    1.06316e+00

Writing checkpoint, step 2315475 at Mon Mar 25 10:05:11 2024


           Step           Time
        2400000    60000.00000

   Energies (kJ/mol)
           Bond       G96Angle        LJ (SR)   Coulomb (SR)      Potential
    1.93969e+05    5.10762e+04   -5.34331e+06   -6.17221e+04   -5.15998e+06
    Kinetic En.   Total Energy  Conserved En.    Temperature Pressure (bar)
    9.53907e+05   -4.20608e+06   -5.69385e+07    3.13721e+02    9.63742e+00

           Step           Time
        2800000    70000.00000

   Energies (kJ/mol)
           Bond       G96Angle        LJ (SR)   Coulomb (SR)      Potential
    1.93345e+05    5.21180e+04   -5.34310e+06   -6.18230e+04   -5.15946e+06
    Kinetic En.   Total Energy  Conserved En.    Temperature Pressure (bar)
    9.53253e+05   -4.20621e+06   -6.56349e+07    3.13506e+02    9.60615e+00

           Step           Time
        3200000    80000.00000

   Energies (kJ/mol)
           Bond       G96Angle        LJ (SR)   Coulomb (SR)      Potential
    1.94147e+05    5.18116e+04   -5.34864e+06   -6.19470e+04   -5.16463e+06
    Kinetic En.   Total Energy  Conserved En.    Temperature Pressure (bar)
    9.51280e+05   -4.21335e+06   -7.43343e+07    3.12857e+02   -4.73219e+00

Writing checkpoint, step 3233525 at Mon Mar 25 10:20:11 2024


           Step           Time
        3600000    90000.00000

   Energies (kJ/mol)
           Bond       G96Angle        LJ (SR)   Coulomb (SR)      Potential
    1.92843e+05    5.16884e+04   -5.34333e+06   -6.26014e+04   -5.16140e+06
    Kinetic En.   Total Energy  Conserved En.    Temperature Pressure (bar)
    9.52825e+05   -4.20858e+06   -8.30376e+07    3.13365e+02    9.57232e+00

           Step           Time
        4000000   100000.00000

   Energies (kJ/mol)
           Bond       G96Angle        LJ (SR)   Coulomb (SR)      Potential
    1.93024e+05    5.22259e+04   -5.34791e+06   -6.22968e+04   -5.16496e+06
    Kinetic En.   Total Energy  Conserved En.    Temperature Pressure (bar)
    9.49294e+05   -4.21567e+06   -9.17367e+07    3.12204e+02   -3.27707e+00

Writing checkpoint, step 4147600 at Mon Mar 25 10:35:11 2024


           Step           Time
        4400000   110000.00000

   Energies (kJ/mol)
           Bond       G96Angle        LJ (SR)   Coulomb (SR)      Potential
    1.93137e+05    5.21591e+04   -5.34706e+06   -6.24061e+04   -5.16417e+06
    Kinetic En.   Total Energy  Conserved En.    Temperature Pressure (bar)
    9.49086e+05   -4.21508e+06   -1.00440e+08    3.12135e+02   -2.71947e+00

           Step           Time
        4800000   120000.00000

   Energies (kJ/mol)
           Bond       G96Angle        LJ (SR)   Coulomb (SR)      Potential
    1.93850e+05    5.17313e+04   -5.34364e+06   -6.17704e+04   -5.15983e+06
    Kinetic En.   Total Energy  Conserved En.    Temperature Pressure (bar)
    9.53959e+05   -4.20587e+06   -1.09135e+08    3.13738e+02    2.44797e+00

Writing checkpoint, step 5030850 at Mon Mar 25 10:50:11 2024


           Step           Time
        5200000   130000.00000

   Energies (kJ/mol)
           Bond       G96Angle        LJ (SR)   Coulomb (SR)      Potential
    1.94091e+05    5.14707e+04   -5.34546e+06   -6.18021e+04   -5.16170e+06
    Kinetic En.   Total Energy  Conserved En.    Temperature Pressure (bar)
    9.50701e+05   -4.21100e+06   -1.17839e+08    3.12666e+02   -2.37640e-03

           Step           Time
        5600000   140000.00000

   Energies (kJ/mol)
           Bond       G96Angle        LJ (SR)   Coulomb (SR)      Potential
    1.94687e+05    5.19015e+04   -5.34793e+06   -6.23258e+04   -5.16367e+06
    Kinetic En.   Total Energy  Conserved En.    Temperature Pressure (bar)
    9.53518e+05   -4.21015e+06   -1.26545e+08    3.13593e+02    3.85233e-01

Writing checkpoint, step 5918600 at Mon Mar 25 11:05:11 2024


           Step           Time
        6000000   150000.00000

   Energies (kJ/mol)
           Bond       G96Angle        LJ (SR)   Coulomb (SR)      Potential
    1.93656e+05    5.18153e+04   -5.34339e+06   -6.17936e+04   -5.15971e+06
    Kinetic En.   Total Energy  Conserved En.    Temperature Pressure (bar)
    9.54836e+05   -4.20488e+06   -1.35232e+08    3.14026e+02    1.03626e+01

           Step           Time
        6400000   160000.00000

   Energies (kJ/mol)
           Bond       G96Angle        LJ (SR)   Coulomb (SR)      Potential
    1.93017e+05    5.17019e+04   -5.34527e+06   -6.21769e+04   -5.16272e+06
    Kinetic En.   Total Energy  Conserved En.    Temperature Pressure (bar)
    9.49921e+05   -4.21280e+06   -1.43919e+08    3.12410e+02    3.99832e+00

Writing checkpoint, step 6781900 at Mon Mar 25 11:20:11 2024


           Step           Time
        6800000   170000.00000

   Energies (kJ/mol)
           Bond       G96Angle        LJ (SR)   Coulomb (SR)      Potential
    1.94522e+05    5.20671e+04   -5.34769e+06   -6.17819e+04   -5.16289e+06
    Kinetic En.   Total Energy  Conserved En.    Temperature Pressure (bar)
    9.51804e+05   -4.21108e+06   -1.52621e+08    3.13029e+02   -2.36612e+00

           Step           Time
        7200000   180000.00000

   Energies (kJ/mol)
           Bond       G96Angle        LJ (SR)   Coulomb (SR)      Potential
    1.92617e+05    5.16009e+04   -5.35144e+06   -6.20351e+04   -5.16925e+06
    Kinetic En.   Total Energy  Conserved En.    Temperature Pressure (bar)
    9.44252e+05   -4.22500e+06   -1.61318e+08    3.10546e+02   -8.65388e+00

           Step           Time
        7600000   190000.00000

   Energies (kJ/mol)
           Bond       G96Angle        LJ (SR)   Coulomb (SR)      Potential
    1.93368e+05    5.21771e+04   -5.34481e+06   -6.18034e+04   -5.16107e+06
    Kinetic En.   Total Energy  Conserved En.    Temperature Pressure (bar)
    9.53200e+05   -4.20787e+06   -1.70013e+08    3.13488e+02   -1.60824e+00

Writing checkpoint, step 7666925 at Mon Mar 25 11:35:11 2024


           Step           Time
        8000000   200000.00000

   Energies (kJ/mol)
           Bond       G96Angle        LJ (SR)   Coulomb (SR)      Potential
    1.93631e+05    5.17927e+04   -5.34545e+06   -6.24435e+04   -5.16247e+06
    Kinetic En.   Total Energy  Conserved En.    Temperature Pressure (bar)
    9.50450e+05   -4.21202e+06   -1.78713e+08    3.12584e+02    1.38678e+00

           Step           Time
        8400000   210000.00000

   Energies (kJ/mol)
           Bond       G96Angle        LJ (SR)   Coulomb (SR)      Potential
    1.93650e+05    5.17946e+04   -5.34476e+06   -6.15769e+04   -5.16089e+06
    Kinetic En.   Total Energy  Conserved En.    Temperature Pressure (bar)
    9.46789e+05   -4.21410e+06   -1.87411e+08    3.11380e+02   -4.47082e+00

Writing checkpoint, step 8547125 at Mon Mar 25 11:50:11 2024


           Step           Time
        8800000   220000.00000

   Energies (kJ/mol)
           Bond       G96Angle        LJ (SR)   Coulomb (SR)      Potential
    1.93537e+05    5.15898e+04   -5.34505e+06   -6.23244e+04   -5.16225e+06
    Kinetic En.   Total Energy  Conserved En.    Temperature Pressure (bar)
    9.46600e+05   -4.21565e+06   -1.96120e+08    3.11318e+02   -5.63346e-01

           Step           Time
        9200000   230000.00000

   Energies (kJ/mol)
           Bond       G96Angle        LJ (SR)   Coulomb (SR)      Potential
    1.91097e+05    5.19749e+04   -5.34612e+06   -6.20497e+04   -5.16509e+06
    Kinetic En.   Total Energy  Conserved En.    Temperature Pressure (bar)
    9.46387e+05   -4.21871e+06   -2.04825e+08    3.11248e+02    8.07957e-01

Writing checkpoint, step 9476425 at Mon Mar 25 12:05:11 2024


           Step           Time
        9600000   240000.00000

   Energies (kJ/mol)
           Bond       G96Angle        LJ (SR)   Coulomb (SR)      Potential
    1.93286e+05    5.15498e+04   -5.34265e+06   -6.16208e+04   -5.15944e+06
    Kinetic En.   Total Energy  Conserved En.    Temperature Pressure (bar)
    9.53127e+05   -4.20631e+06   -2.13529e+08    3.13464e+02   -3.91628e-01

           Step           Time
       10000000   250000.00000

   Energies (kJ/mol)
           Bond       G96Angle        LJ (SR)   Coulomb (SR)      Potential
    1.94338e+05    5.22617e+04   -5.34745e+06   -6.24019e+04   -5.16325e+06
    Kinetic En.   Total Energy  Conserved En.    Temperature Pressure (bar)
    9.54229e+05   -4.20902e+06   -2.22230e+08    3.13827e+02   -1.03168e+00

           Step           Time
       10400000   260000.00000

   Energies (kJ/mol)
           Bond       G96Angle        LJ (SR)   Coulomb (SR)      Potential
    1.94005e+05    5.23001e+04   -5.34301e+06   -6.12167e+04   -5.15792e+06
    Kinetic En.   Total Energy  Conserved En.    Temperature Pressure (bar)
    9.49852e+05   -4.20807e+06   -2.30939e+08    3.12387e+02    1.28434e+00

Writing checkpoint, step 10407825 at Mon Mar 25 12:20:11 2024


           Step           Time
       10800000   270000.00000

   Energies (kJ/mol)
           Bond       G96Angle        LJ (SR)   Coulomb (SR)      Potential
    1.93502e+05    5.19071e+04   -5.34743e+06   -6.23725e+04   -5.16439e+06
    Kinetic En.   Total Energy  Conserved En.    Temperature Pressure (bar)
    9.48865e+05   -4.21553e+06   -2.39640e+08    3.12062e+02    4.09251e+00

           Step           Time
       11200000   280000.00000

   Energies (kJ/mol)
           Bond       G96Angle        LJ (SR)   Coulomb (SR)      Potential
    1.93790e+05    5.21356e+04   -5.34551e+06   -6.21671e+04   -5.16176e+06
    Kinetic En.   Total Energy  Conserved En.    Temperature Pressure (bar)
    9.53134e+05   -4.20862e+06   -2.48346e+08    3.13467e+02   -1.14898e+00

Writing checkpoint, step 11257675 at Mon Mar 25 12:35:11 2024


           Step           Time
       11600000   290000.00000

   Energies (kJ/mol)
           Bond       G96Angle        LJ (SR)   Coulomb (SR)      Potential
    1.92668e+05    5.19955e+04   -5.34359e+06   -6.26069e+04   -5.16153e+06
    Kinetic En.   Total Energy  Conserved En.    Temperature Pressure (bar)
    9.53781e+05   -4.20775e+06   -2.57056e+08    3.13679e+02    1.61362e+01

Writing checkpoint, step 11852300 at Mon Mar 25 12:50:11 2024


           Step           Time
       12000000   300000.00000

   Energies (kJ/mol)
           Bond       G96Angle        LJ (SR)   Coulomb (SR)      Potential
    1.93402e+05    5.21204e+04   -5.34752e+06   -6.17316e+04   -5.16373e+06
    Kinetic En.   Total Energy  Conserved En.    Temperature Pressure (bar)
    9.47259e+05   -4.21647e+06   -2.65774e+08    3.11534e+02   -9.55367e+00

Writing checkpoint, step 12031350 at Mon Mar 25 13:05:11 2024


           Step           Time
       12400000   310000.00000

   Energies (kJ/mol)
           Bond       G96Angle        LJ (SR)   Coulomb (SR)      Potential
    1.92568e+05    5.21259e+04   -5.34339e+06   -6.22427e+04   -5.16094e+06
    Kinetic En.   Total Energy  Conserved En.    Temperature Pressure (bar)
    9.52204e+05   -4.20874e+06   -2.74474e+08    3.13161e+02    1.35775e+00

Writing checkpoint, step 12631025 at Mon Mar 25 13:20:11 2024


           Step           Time
       12800000   320000.00000

   Energies (kJ/mol)
           Bond       G96Angle        LJ (SR)   Coulomb (SR)      Potential
    1.94295e+05    5.16834e+04   -5.34597e+06   -6.21606e+04   -5.16215e+06
    Kinetic En.   Total Energy  Conserved En.    Temperature Pressure (bar)
    9.51640e+05   -4.21051e+06   -2.83180e+08    3.12975e+02    2.45570e+00

Writing checkpoint, step 12993850 at Mon Mar 25 13:35:11 2024


           Step           Time
       13200000   330000.00000

   Energies (kJ/mol)
           Bond       G96Angle        LJ (SR)   Coulomb (SR)      Potential
    1.92967e+05    5.17424e+04   -5.34608e+06   -6.19480e+04   -5.16332e+06
    Kinetic En.   Total Energy  Conserved En.    Temperature Pressure (bar)
    9.50665e+05   -4.21265e+06   -2.91894e+08    3.12655e+02    4.34939e+00

Writing checkpoint, step 13405875 at Mon Mar 25 13:50:11 2024


           Step           Time
       13600000   340000.00000

   Energies (kJ/mol)
           Bond       G96Angle        LJ (SR)   Coulomb (SR)      Potential
    1.92854e+05    5.20072e+04   -5.34548e+06   -6.21172e+04   -5.16274e+06
    Kinetic En.   Total Energy  Conserved En.    Temperature Pressure (bar)
    9.50708e+05   -4.21203e+06   -3.00593e+08    3.12669e+02    2.62257e+00

           Step           Time
       14000000   350000.00000

   Energies (kJ/mol)
           Bond       G96Angle        LJ (SR)   Coulomb (SR)      Potential
    1.93326e+05    5.18569e+04   -5.34572e+06   -6.20764e+04   -5.16262e+06
    Kinetic En.   Total Energy  Conserved En.    Temperature Pressure (bar)
    9.53693e+05   -4.20893e+06   -3.09295e+08    3.13650e+02    5.60783e-01

Writing checkpoint, step 14095925 at Mon Mar 25 14:05:12 2024


           Step           Time
       14400000   360000.00000

   Energies (kJ/mol)
           Bond       G96Angle        LJ (SR)   Coulomb (SR)      Potential
    1.92756e+05    5.14664e+04   -5.34377e+06   -6.23477e+04   -5.16190e+06
    Kinetic En.   Total Energy  Conserved En.    Temperature Pressure (bar)
    9.51872e+05   -4.21002e+06   -3.17983e+08    3.13052e+02    8.60131e+00

Writing checkpoint, step 14508150 at Mon Mar 25 14:20:12 2024


           Step           Time
       14800000   370000.00000

   Energies (kJ/mol)
           Bond       G96Angle        LJ (SR)   Coulomb (SR)      Potential
    1.93493e+05    5.18754e+04   -5.34537e+06   -6.19097e+04   -5.16191e+06
    Kinetic En.   Total Energy  Conserved En.    Temperature Pressure (bar)
    9.51872e+05   -4.21004e+06   -3.26690e+08    3.13052e+02   -3.52513e+00

Writing checkpoint, step 14869150 at Mon Mar 25 14:35:11 2024


           Step           Time
       15200000   380000.00000

   Energies (kJ/mol)
           Bond       G96Angle        LJ (SR)   Coulomb (SR)      Potential
    1.93770e+05    5.23134e+04   -5.34480e+06   -6.19328e+04   -5.16065e+06
    Kinetic En.   Total Energy  Conserved En.    Temperature Pressure (bar)
    9.49707e+05   -4.21094e+06   -3.35385e+08    3.12339e+02    2.17194e-01

Writing checkpoint, step 15457175 at Mon Mar 25 14:50:12 2024


           Step           Time
       15600000   390000.00000

   Energies (kJ/mol)
           Bond       G96Angle        LJ (SR)   Coulomb (SR)      Potential
    1.93468e+05    5.21246e+04   -5.34574e+06   -6.23306e+04   -5.16248e+06
    Kinetic En.   Total Energy  Conserved En.    Temperature Pressure (bar)
    9.49238e+05   -4.21324e+06   -3.44081e+08    3.12185e+02   -5.52043e-01

Writing checkpoint, step 15948025 at Mon Mar 25 15:05:12 2024


           Step           Time
       16000000   400000.00000

   Energies (kJ/mol)
           Bond       G96Angle        LJ (SR)   Coulomb (SR)      Potential
    1.93651e+05    5.22781e+04   -5.34291e+06   -6.20114e+04   -5.15899e+06
    Kinetic En.   Total Energy  Conserved En.    Temperature Pressure (bar)
    9.49961e+05   -4.20903e+06   -3.52770e+08    3.12423e+02    1.09964e+01

           Step           Time
       16400000   410000.00000

   Energies (kJ/mol)
           Bond       G96Angle        LJ (SR)   Coulomb (SR)      Potential
    1.94151e+05    5.14351e+04   -5.34556e+06   -6.19979e+04   -5.16197e+06
    Kinetic En.   Total Energy  Conserved En.    Temperature Pressure (bar)
    9.51479e+05   -4.21049e+06   -3.61452e+08    3.12922e+02    1.30672e+00

Writing checkpoint, step 16433800 at Mon Mar 25 15:20:11 2024


           Step           Time
       16800000   420000.00000

   Energies (kJ/mol)
           Bond       G96Angle        LJ (SR)   Coulomb (SR)      Potential
    1.92961e+05    5.17700e+04   -5.34807e+06   -6.24854e+04   -5.16582e+06
    Kinetic En.   Total Energy  Conserved En.    Temperature Pressure (bar)
    9.49211e+05   -4.21661e+06   -3.70143e+08    3.12176e+02   -7.56400e+00

Writing checkpoint, step 16847425 at Mon Mar 25 15:35:11 2024


           Step           Time
       17200000   430000.00000

   Energies (kJ/mol)
           Bond       G96Angle        LJ (SR)   Coulomb (SR)      Potential
    1.93231e+05    5.17749e+04   -5.34354e+06   -6.20996e+04   -5.16063e+06
    Kinetic En.   Total Energy  Conserved En.    Temperature Pressure (bar)
    9.52576e+05   -4.20806e+06   -3.78830e+08    3.13283e+02    9.24173e+00

Writing checkpoint, step 17252725 at Mon Mar 25 15:50:11 2024


           Step           Time
       17600000   440000.00000

   Energies (kJ/mol)
           Bond       G96Angle        LJ (SR)   Coulomb (SR)      Potential
    1.92980e+05    5.18287e+04   -5.34642e+06   -6.23617e+04   -5.16397e+06
    Kinetic En.   Total Energy  Conserved En.    Temperature Pressure (bar)
    9.52814e+05   -4.21116e+06   -3.87518e+08    3.13361e+02   -1.34455e+00

Writing checkpoint, step 17811050 at Mon Mar 25 16:05:11 2024


           Step           Time
       18000000   450000.00000

   Energies (kJ/mol)
           Bond       G96Angle        LJ (SR)   Coulomb (SR)      Potential
    1.93353e+05    5.17014e+04   -5.34295e+06   -6.12410e+04   -5.15914e+06
    Kinetic En.   Total Energy  Conserved En.    Temperature Pressure (bar)
    9.53879e+05   -4.20526e+06   -3.96202e+08    3.13712e+02   -3.59983e-01

           Step           Time
       18400000   460000.00000

   Energies (kJ/mol)
           Bond       G96Angle        LJ (SR)   Coulomb (SR)      Potential
    1.93091e+05    5.17428e+04   -5.34240e+06   -6.24095e+04   -5.15998e+06
    Kinetic En.   Total Energy  Conserved En.    Temperature Pressure (bar)
    9.52163e+05   -4.20781e+06   -4.04890e+08    3.13147e+02    4.90467e+00

Writing checkpoint, step 18480900 at Mon Mar 25 16:20:11 2024


           Step           Time
       18800000   470000.00000

   Energies (kJ/mol)
           Bond       G96Angle        LJ (SR)   Coulomb (SR)      Potential
    1.93450e+05    5.20857e+04   -5.34414e+06   -6.16679e+04   -5.16028e+06
    Kinetic En.   Total Energy  Conserved En.    Temperature Pressure (bar)
    9.53729e+05   -4.20655e+06   -4.13581e+08    3.13662e+02    6.91473e+00

           Step           Time
       19200000   480000.00000

   Energies (kJ/mol)
           Bond       G96Angle        LJ (SR)   Coulomb (SR)      Potential
    1.93662e+05    5.20024e+04   -5.34489e+06   -6.23115e+04   -5.16153e+06
    Kinetic En.   Total Energy  Conserved En.    Temperature Pressure (bar)
    9.47361e+05   -4.21417e+06   -4.22270e+08    3.11568e+02   -9.15201e-01

Writing checkpoint, step 19229200 at Mon Mar 25 16:35:12 2024


           Step           Time
       19600000   490000.00000

   Energies (kJ/mol)
           Bond       G96Angle        LJ (SR)   Coulomb (SR)      Potential
    1.93623e+05    5.10191e+04   -5.34066e+06   -6.18462e+04   -5.15786e+06
    Kinetic En.   Total Energy  Conserved En.    Temperature Pressure (bar)
    9.54644e+05   -4.20322e+06   -4.30958e+08    3.13963e+02    1.62648e+01

Writing checkpoint, step 19719575 at Mon Mar 25 16:50:11 2024


           Step           Time
       20000000   500000.00000

   Energies (kJ/mol)
           Bond       G96Angle        LJ (SR)   Coulomb (SR)      Potential
    1.93480e+05    5.21378e+04   -5.34444e+06   -6.23587e+04   -5.16118e+06
    Kinetic En.   Total Energy  Conserved En.    Temperature Pressure (bar)
    9.55125e+05   -4.20606e+06   -4.39653e+08    3.14121e+02    6.69223e+00

Writing checkpoint, step 20395925 at Mon Mar 25 17:05:11 2024


           Step           Time
       20400000   510000.00000

   Energies (kJ/mol)
           Bond       G96Angle        LJ (SR)   Coulomb (SR)      Potential
    1.94198e+05    5.11273e+04   -5.34617e+06   -6.16935e+04   -5.16254e+06
    Kinetic En.   Total Energy  Conserved En.    Temperature Pressure (bar)
    9.51863e+05   -4.21068e+06   -4.48362e+08    3.13049e+02   -3.45765e+00

           Step           Time
       20800000   520000.00000

   Energies (kJ/mol)
           Bond       G96Angle        LJ (SR)   Coulomb (SR)      Potential
    1.93172e+05    5.17314e+04   -5.34775e+06   -6.20701e+04   -5.16492e+06
    Kinetic En.   Total Energy  Conserved En.    Temperature Pressure (bar)
    9.47039e+05   -4.21788e+06   -4.57069e+08    3.11462e+02    5.34914e+00

           Step           Time
       21200000   530000.00000

   Energies (kJ/mol)
           Bond       G96Angle        LJ (SR)   Coulomb (SR)      Potential
    1.93209e+05    5.23507e+04   -5.34465e+06   -6.23049e+04   -5.16139e+06
    Kinetic En.   Total Energy  Conserved En.    Temperature Pressure (bar)
    9.48265e+05   -4.21313e+06   -4.65763e+08    3.11865e+02    1.00404e+01

Writing checkpoint, step 21292500 at Mon Mar 25 17:20:11 2024


           Step           Time
       21600000   540000.00000

   Energies (kJ/mol)
           Bond       G96Angle        LJ (SR)   Coulomb (SR)      Potential
    1.92835e+05    5.17059e+04   -5.34592e+06   -6.15081e+04   -5.16289e+06
    Kinetic En.   Total Energy  Conserved En.    Temperature Pressure (bar)
    9.49014e+05   -4.21387e+06   -4.74450e+08    3.12112e+02   -8.63417e+00

Writing checkpoint, step 21888425 at Mon Mar 25 17:35:12 2024


           Step           Time
       22000000   550000.00000

   Energies (kJ/mol)
           Bond       G96Angle        LJ (SR)   Coulomb (SR)      Potential
    1.92087e+05    5.19353e+04   -5.34604e+06   -6.20643e+04   -5.16408e+06
    Kinetic En.   Total Energy  Conserved En.    Temperature Pressure (bar)
    9.49360e+05   -4.21472e+06   -4.83145e+08    3.12225e+02    4.12798e-01

           Step           Time
       22400000   560000.00000

   Energies (kJ/mol)
           Bond       G96Angle        LJ (SR)   Coulomb (SR)      Potential
    1.94438e+05    5.21997e+04   -5.34300e+06   -6.23736e+04   -5.15874e+06
    Kinetic En.   Total Energy  Conserved En.    Temperature Pressure (bar)
    9.51195e+05   -4.20754e+06   -4.91848e+08    3.12829e+02    4.63973e-01

Writing checkpoint, step 22462925 at Mon Mar 25 17:50:11 2024


           Step           Time
       22800000   570000.00000

   Energies (kJ/mol)
           Bond       G96Angle        LJ (SR)   Coulomb (SR)      Potential
    1.93231e+05    5.16503e+04   -5.34358e+06   -6.22257e+04   -5.16092e+06
    Kinetic En.   Total Energy  Conserved En.    Temperature Pressure (bar)
    9.52394e+05   -4.20853e+06   -5.00552e+08    3.13223e+02   -5.64024e+00

Writing checkpoint, step 22847450 at Mon Mar 25 18:05:11 2024


           Step           Time
       23200000   580000.00000

   Energies (kJ/mol)
           Bond       G96Angle        LJ (SR)   Coulomb (SR)      Potential
    1.92657e+05    5.27673e+04   -5.34300e+06   -6.14953e+04   -5.15907e+06
    Kinetic En.   Total Energy  Conserved En.    Temperature Pressure (bar)
    9.52464e+05   -4.20661e+06   -5.09255e+08    3.13246e+02   -4.84669e+00

Writing checkpoint, step 23578175 at Mon Mar 25 18:20:11 2024


           Step           Time
       23600000   590000.00000

   Energies (kJ/mol)
           Bond       G96Angle        LJ (SR)   Coulomb (SR)      Potential
    1.93579e+05    5.18841e+04   -5.34657e+06   -6.20166e+04   -5.16313e+06
    Kinetic En.   Total Energy  Conserved En.    Temperature Pressure (bar)
    9.49573e+05   -4.21355e+06   -5.17944e+08    3.12296e+02    1.73266e+00

Writing checkpoint, step 23968375 at Mon Mar 25 18:35:11 2024


           Step           Time
       24000000   600000.00000

   Energies (kJ/mol)
           Bond       G96Angle        LJ (SR)   Coulomb (SR)      Potential
    1.93255e+05    5.14666e+04   -5.35057e+06   -6.17337e+04   -5.16758e+06
    Kinetic En.   Total Energy  Conserved En.    Temperature Pressure (bar)
    9.47720e+05   -4.21986e+06   -5.26633e+08    3.11686e+02    3.49446e+00

           Step           Time
       24400000   610000.00000

   Energies (kJ/mol)
           Bond       G96Angle        LJ (SR)   Coulomb (SR)      Potential
    1.93903e+05    5.19068e+04   -5.34486e+06   -6.19297e+04   -5.16098e+06
    Kinetic En.   Total Energy  Conserved En.    Temperature Pressure (bar)
    9.54407e+05   -4.20657e+06   -5.35330e+08    3.13885e+02   -5.20215e-01

Writing checkpoint, step 24574550 at Mon Mar 25 18:50:11 2024


           Step           Time
       24800000   620000.00000

   Energies (kJ/mol)
           Bond       G96Angle        LJ (SR)   Coulomb (SR)      Potential
    1.92897e+05    5.23290e+04   -5.34496e+06   -6.20428e+04   -5.16178e+06
    Kinetic En.   Total Energy  Conserved En.    Temperature Pressure (bar)
    9.50533e+05   -4.21125e+06   -5.44027e+08    3.12611e+02   -1.76898e+00

           Step           Time
       25200000   630000.00000

   Energies (kJ/mol)
           Bond       G96Angle        LJ (SR)   Coulomb (SR)      Potential
    1.93378e+05    5.23644e+04   -5.34333e+06   -6.23159e+04   -5.15990e+06
    Kinetic En.   Total Energy  Conserved En.    Temperature Pressure (bar)
    9.51783e+05   -4.20812e+06   -5.52706e+08    3.13022e+02    3.48071e-01

Writing checkpoint, step 25436100 at Mon Mar 25 19:05:11 2024


           Step           Time
       25600000   640000.00000

   Energies (kJ/mol)
           Bond       G96Angle        LJ (SR)   Coulomb (SR)      Potential
    1.94822e+05    5.19720e+04   -5.34767e+06   -6.20691e+04   -5.16294e+06
    Kinetic En.   Total Energy  Conserved En.    Temperature Pressure (bar)
    9.51284e+05   -4.21166e+06   -5.61380e+08    3.12858e+02   -4.21283e+00

           Step           Time
       26000000   650000.00000

   Energies (kJ/mol)
           Bond       G96Angle        LJ (SR)   Coulomb (SR)      Potential
    1.94127e+05    5.16849e+04   -5.34579e+06   -6.23211e+04   -5.16230e+06
    Kinetic En.   Total Energy  Conserved En.    Temperature Pressure (bar)
    9.45111e+05   -4.21719e+06   -5.70063e+08    3.10828e+02   -1.26068e+00

Writing checkpoint, step 26351325 at Mon Mar 25 19:20:11 2024


           Step           Time
       26400000   660000.00000

   Energies (kJ/mol)
           Bond       G96Angle        LJ (SR)   Coulomb (SR)      Potential
    1.94003e+05    5.19118e+04   -5.34073e+06   -6.22491e+04   -5.15706e+06
    Kinetic En.   Total Energy  Conserved En.    Temperature Pressure (bar)
    9.54764e+05   -4.20230e+06   -5.78761e+08    3.14003e+02    1.25275e+01

           Step           Time
       26800000   670000.00000

   Energies (kJ/mol)
           Bond       G96Angle        LJ (SR)   Coulomb (SR)      Potential
    1.93337e+05    5.09591e+04   -5.34810e+06   -6.22692e+04   -5.16607e+06
    Kinetic En.   Total Energy  Conserved En.    Temperature Pressure (bar)
    9.50644e+05   -4.21543e+06   -5.87463e+08    3.12648e+02   -3.57060e+00

           Step           Time
       27200000   680000.00000

   Energies (kJ/mol)
           Bond       G96Angle        LJ (SR)   Coulomb (SR)      Potential
    1.92486e+05    5.12226e+04   -5.34488e+06   -6.20602e+04   -5.16323e+06
    Kinetic En.   Total Energy  Conserved En.    Temperature Pressure (bar)
    9.52982e+05   -4.21025e+06   -5.96163e+08    3.13417e+02    3.03153e+00

Writing checkpoint, step 27220500 at Mon Mar 25 19:35:11 2024


           Step           Time
       27600000   690000.00000

   Energies (kJ/mol)
           Bond       G96Angle        LJ (SR)   Coulomb (SR)      Potential
    1.92677e+05    5.10581e+04   -5.34793e+06   -6.18085e+04   -5.16600e+06
    Kinetic En.   Total Energy  Conserved En.    Temperature Pressure (bar)
    9.50631e+05   -4.21537e+06   -6.04863e+08    3.12643e+02    2.16838e+00

Writing checkpoint, step 27889300 at Mon Mar 25 19:50:12 2024


           Step           Time
       28000000   700000.00000

   Energies (kJ/mol)
           Bond       G96Angle        LJ (SR)   Coulomb (SR)      Potential
    1.93438e+05    5.18793e+04   -5.34693e+06   -6.18698e+04   -5.16349e+06
    Kinetic En.   Total Energy  Conserved En.    Temperature Pressure (bar)
    9.52150e+05   -4.21134e+06   -6.13567e+08    3.13143e+02   -1.06983e+00

           Step           Time
       28400000   710000.00000

   Energies (kJ/mol)
           Bond       G96Angle        LJ (SR)   Coulomb (SR)      Potential
    1.93379e+05    5.10435e+04   -5.34246e+06   -6.18490e+04   -5.15988e+06
    Kinetic En.   Total Energy  Conserved En.    Temperature Pressure (bar)
    9.53067e+05   -4.20682e+06   -6.22276e+08    3.13445e+02    6.69929e+00

Writing checkpoint, step 28572700 at Mon Mar 25 20:05:12 2024


           Step           Time
       28800000   720000.00000

   Energies (kJ/mol)
           Bond       G96Angle        LJ (SR)   Coulomb (SR)      Potential
    1.94714e+05    5.15750e+04   -5.34666e+06   -6.22182e+04   -5.16259e+06
    Kinetic En.   Total Energy  Conserved En.    Temperature Pressure (bar)
    9.47757e+05   -4.21483e+06   -6.30972e+08    3.11698e+02    5.38812e+00

Writing checkpoint, step 28894825 at Mon Mar 25 20:20:12 2024


           Step           Time
       29200000   730000.00000

   Energies (kJ/mol)
           Bond       G96Angle        LJ (SR)   Coulomb (SR)      Potential
    1.94398e+05    5.21150e+04   -5.34606e+06   -6.15400e+04   -5.16108e+06
    Kinetic En.   Total Energy  Conserved En.    Temperature Pressure (bar)
    9.51926e+05   -4.20916e+06   -6.39668e+08    3.13069e+02   -8.59979e+00

           Step           Time
       29600000   740000.00000

   Energies (kJ/mol)
           Bond       G96Angle        LJ (SR)   Coulomb (SR)      Potential
    1.94563e+05    5.15919e+04   -5.34294e+06   -6.19438e+04   -5.15873e+06
    Kinetic En.   Total Energy  Conserved En.    Temperature Pressure (bar)
    9.51695e+05   -4.20703e+06   -6.48364e+08    3.12993e+02    1.08080e+01

Writing checkpoint, step 29605850 at Mon Mar 25 20:35:11 2024


           Step           Time
       30000000   750000.00000

   Energies (kJ/mol)
           Bond       G96Angle        LJ (SR)   Coulomb (SR)      Potential
    1.94061e+05    5.16646e+04   -5.34345e+06   -6.19307e+04   -5.15965e+06
    Kinetic En.   Total Energy  Conserved En.    Temperature Pressure (bar)
    9.53106e+05   -4.20655e+06   -6.57060e+08    3.13457e+02    1.06951e+01

Writing checkpoint, step 30114800 at Mon Mar 25 20:50:11 2024


           Step           Time
       30400000   760000.00000

   Energies (kJ/mol)
           Bond       G96Angle        LJ (SR)   Coulomb (SR)      Potential
    1.93139e+05    5.19009e+04   -5.34530e+06   -6.23609e+04   -5.16263e+06
    Kinetic En.   Total Energy  Conserved En.    Temperature Pressure (bar)
    9.48749e+05   -4.21388e+06   -6.65762e+08    3.12024e+02    1.44448e-01

Writing checkpoint, step 30636675 at Mon Mar 25 21:05:12 2024


           Step           Time
       30800000   770000.00000

   Energies (kJ/mol)
           Bond       G96Angle        LJ (SR)   Coulomb (SR)      Potential
    1.93540e+05    5.22219e+04   -5.34084e+06   -6.16970e+04   -5.15677e+06
    Kinetic En.   Total Energy  Conserved En.    Temperature Pressure (bar)
    9.49988e+05   -4.20678e+06   -6.74470e+08    3.12432e+02    9.33843e+00

Writing checkpoint, step 31160675 at Mon Mar 25 21:20:12 2024


           Step           Time
       31200000   780000.00000

   Energies (kJ/mol)
           Bond       G96Angle        LJ (SR)   Coulomb (SR)      Potential
    1.93049e+05    5.17239e+04   -5.34551e+06   -6.25030e+04   -5.16324e+06
    Kinetic En.   Total Energy  Conserved En.    Temperature Pressure (bar)
    9.46630e+05   -4.21661e+06   -6.83176e+08    3.11328e+02    1.55914e+00

           Step           Time
       31600000   790000.00000

   Energies (kJ/mol)
           Bond       G96Angle        LJ (SR)   Coulomb (SR)      Potential
    1.93572e+05    5.10147e+04   -5.34251e+06   -6.25047e+04   -5.16043e+06
    Kinetic En.   Total Energy  Conserved En.    Temperature Pressure (bar)
    9.50138e+05   -4.21029e+06   -6.91875e+08    3.12481e+02    6.11859e+00

Writing checkpoint, step 31689050 at Mon Mar 25 21:35:11 2024


           Step           Time
       32000000   800000.00000

   Energies (kJ/mol)
           Bond       G96Angle        LJ (SR)   Coulomb (SR)      Potential
    1.94321e+05    5.10768e+04   -5.34715e+06   -6.17950e+04   -5.16354e+06
    Kinetic En.   Total Energy  Conserved En.    Temperature Pressure (bar)
    9.49697e+05   -4.21384e+06   -7.00575e+08    3.12336e+02   -8.46447e+00

Writing checkpoint, step 32272925 at Mon Mar 25 21:50:11 2024


           Step           Time
       32400000   810000.00000

   Energies (kJ/mol)
           Bond       G96Angle        LJ (SR)   Coulomb (SR)      Potential
    1.94069e+05    5.17855e+04   -5.34212e+06   -6.24793e+04   -5.15874e+06
    Kinetic En.   Total Energy  Conserved En.    Temperature Pressure (bar)
    9.54102e+05   -4.20464e+06   -7.09282e+08    3.13785e+02    8.37661e+00

Writing checkpoint, step 32760300 at Mon Mar 25 22:05:11 2024


           Step           Time
       32800000   820000.00000

   Energies (kJ/mol)
           Bond       G96Angle        LJ (SR)   Coulomb (SR)      Potential
    1.92982e+05    5.18604e+04   -5.34570e+06   -6.19710e+04   -5.16282e+06
    Kinetic En.   Total Energy  Conserved En.    Temperature Pressure (bar)
    9.50124e+05   -4.21270e+06   -7.17986e+08    3.12477e+02   -4.67544e+00

           Step           Time
       33200000   830000.00000

   Energies (kJ/mol)
           Bond       G96Angle        LJ (SR)   Coulomb (SR)      Potential
    1.92531e+05    5.20770e+04   -5.34710e+06   -6.20857e+04   -5.16458e+06
    Kinetic En.   Total Energy  Conserved En.    Temperature Pressure (bar)
    9.48775e+05   -4.21580e+06   -7.26677e+08    3.12033e+02   -8.62968e+00

           Step           Time
       33600000   840000.00000

   Energies (kJ/mol)
           Bond       G96Angle        LJ (SR)   Coulomb (SR)      Potential
    1.92894e+05    5.19663e+04   -5.34612e+06   -6.24744e+04   -5.16373e+06
    Kinetic En.   Total Energy  Conserved En.    Temperature Pressure (bar)
    9.50641e+05   -4.21309e+06   -7.35375e+08    3.12647e+02   -2.08123e+00

Writing checkpoint, step 33692100 at Mon Mar 25 22:20:11 2024


           Step           Time
       34000000   850000.00000

   Energies (kJ/mol)
           Bond       G96Angle        LJ (SR)   Coulomb (SR)      Potential
    1.92414e+05    5.19922e+04   -5.34338e+06   -6.24581e+04   -5.16143e+06
    Kinetic En.   Total Energy  Conserved En.    Temperature Pressure (bar)
    9.51966e+05   -4.20946e+06   -7.44079e+08    3.13083e+02    1.05797e+01

           Step           Time
       34400000   860000.00000

   Energies (kJ/mol)
           Bond       G96Angle        LJ (SR)   Coulomb (SR)      Potential
    1.93060e+05    5.21710e+04   -5.34622e+06   -6.17841e+04   -5.16277e+06
    Kinetic En.   Total Energy  Conserved En.    Temperature Pressure (bar)
    9.51754e+05   -4.21102e+06   -7.52779e+08    3.13013e+02   -5.30510e+00

Writing checkpoint, step 34624975 at Mon Mar 25 22:35:11 2024


           Step           Time
       34800000   870000.00000

   Energies (kJ/mol)
           Bond       G96Angle        LJ (SR)   Coulomb (SR)      Potential
    1.92850e+05    5.21316e+04   -5.35120e+06   -6.16027e+04   -5.16782e+06
    Kinetic En.   Total Energy  Conserved En.    Temperature Pressure (bar)
    9.48264e+05   -4.21956e+06   -7.61469e+08    3.11865e+02   -6.44087e+00

           Step           Time
       35200000   880000.00000

   Energies (kJ/mol)
           Bond       G96Angle        LJ (SR)   Coulomb (SR)      Potential
    1.93000e+05    5.19013e+04   -5.34559e+06   -6.27390e+04   -5.16343e+06
    Kinetic En.   Total Energy  Conserved En.    Temperature Pressure (bar)
    9.52206e+05   -4.21122e+06   -7.70162e+08    3.13161e+02    3.39765e+00

Writing checkpoint, step 35542625 at Mon Mar 25 22:50:11 2024


           Step           Time
       35600000   890000.00000

   Energies (kJ/mol)
           Bond       G96Angle        LJ (SR)   Coulomb (SR)      Potential
    1.92088e+05    5.22321e+04   -5.34479e+06   -6.21709e+04   -5.16264e+06
    Kinetic En.   Total Energy  Conserved En.    Temperature Pressure (bar)
    9.53313e+05   -4.20933e+06   -7.78860e+08    3.13525e+02    2.50169e+00

           Step           Time
       36000000   900000.00000

   Energies (kJ/mol)
           Bond       G96Angle        LJ (SR)   Coulomb (SR)      Potential
    1.93613e+05    5.15595e+04   -5.34302e+06   -6.25972e+04   -5.16044e+06
    Kinetic En.   Total Energy  Conserved En.    Temperature Pressure (bar)
    9.49117e+05   -4.21133e+06   -7.87546e+08    3.12145e+02    1.55103e+00

           Step           Time
       36400000   910000.00000

   Energies (kJ/mol)
           Bond       G96Angle        LJ (SR)   Coulomb (SR)      Potential
    1.93010e+05    5.21151e+04   -5.34520e+06   -6.20447e+04   -5.16212e+06
    Kinetic En.   Total Energy  Conserved En.    Temperature Pressure (bar)
    9.52329e+05   -4.20979e+06   -7.96239e+08    3.13202e+02    2.45255e+00

Writing checkpoint, step 36468600 at Mon Mar 25 23:05:11 2024


           Step           Time
       36800000   920000.00000

   Energies (kJ/mol)
           Bond       G96Angle        LJ (SR)   Coulomb (SR)      Potential
    1.94010e+05    5.24308e+04   -5.34176e+06   -6.16334e+04   -5.15695e+06
    Kinetic En.   Total Energy  Conserved En.    Temperature Pressure (bar)
    9.54647e+05   -4.20230e+06   -8.04923e+08    3.13964e+02    1.59162e+01

           Step           Time
       37200000   930000.00000

   Energies (kJ/mol)
           Bond       G96Angle        LJ (SR)   Coulomb (SR)      Potential
    1.93001e+05    5.23222e+04   -5.34322e+06   -6.21316e+04   -5.16003e+06
    Kinetic En.   Total Energy  Conserved En.    Temperature Pressure (bar)
    9.50188e+05   -4.20984e+06   -8.13620e+08    3.12498e+02    4.75378e+00

Writing checkpoint, step 37391700 at Mon Mar 25 23:20:11 2024


           Step           Time
       37600000   940000.00000

   Energies (kJ/mol)
           Bond       G96Angle        LJ (SR)   Coulomb (SR)      Potential
    1.93475e+05    5.20283e+04   -5.34391e+06   -6.19692e+04   -5.16038e+06
    Kinetic En.   Total Energy  Conserved En.    Temperature Pressure (bar)
    9.52211e+05   -4.20816e+06   -8.22321e+08    3.13163e+02    2.23452e+00

           Step           Time
       38000000   950000.00000

   Energies (kJ/mol)
           Bond       G96Angle        LJ (SR)   Coulomb (SR)      Potential
    1.92009e+05    5.17971e+04   -5.34655e+06   -6.23809e+04   -5.16513e+06
    Kinetic En.   Total Energy  Conserved En.    Temperature Pressure (bar)
    9.47470e+05   -4.21766e+06   -8.31029e+08    3.11604e+02   -2.85884e-01

Writing checkpoint, step 38327575 at Mon Mar 25 23:35:11 2024


           Step           Time
       38400000   960000.00000

   Energies (kJ/mol)
           Bond       G96Angle        LJ (SR)   Coulomb (SR)      Potential
    1.92662e+05    5.19318e+04   -5.34318e+06   -6.17825e+04   -5.16037e+06
    Kinetic En.   Total Energy  Conserved En.    Temperature Pressure (bar)
    9.48089e+05   -4.21228e+06   -8.39732e+08    3.11807e+02    7.80995e+00

           Step           Time
       38800000   970000.00000

   Energies (kJ/mol)
           Bond       G96Angle        LJ (SR)   Coulomb (SR)      Potential
    1.93288e+05    5.15329e+04   -5.34732e+06   -6.14901e+04   -5.16399e+06
    Kinetic En.   Total Energy  Conserved En.    Temperature Pressure (bar)
    9.46713e+05   -4.21728e+06   -8.48432e+08    3.11355e+02   -7.28370e+00

           Step           Time
       39200000   980000.00000

   Energies (kJ/mol)
           Bond       G96Angle        LJ (SR)   Coulomb (SR)      Potential
    1.94010e+05    5.14545e+04   -5.34301e+06   -6.25092e+04   -5.16005e+06
    Kinetic En.   Total Energy  Conserved En.    Temperature Pressure (bar)
    9.49291e+05   -4.21076e+06   -8.57129e+08    3.12203e+02    4.27054e+00

Writing checkpoint, step 39228275 at Mon Mar 25 23:50:11 2024


           Step           Time
       39600000   990000.00000

   Energies (kJ/mol)
           Bond       G96Angle        LJ (SR)   Coulomb (SR)      Potential
    1.93087e+05    5.20219e+04   -5.34698e+06   -6.19576e+04   -5.16383e+06
    Kinetic En.   Total Energy  Conserved En.    Temperature Pressure (bar)
    9.50947e+05   -4.21288e+06   -8.65820e+08    3.12747e+02    2.90478e+00

           Step           Time
       40000000   1000000.00000

   Energies (kJ/mol)
           Bond       G96Angle        LJ (SR)   Coulomb (SR)      Potential
    1.94043e+05    5.19539e+04   -5.34541e+06   -6.14714e+04   -5.16089e+06
    Kinetic En.   Total Energy  Conserved En.    Temperature Pressure (bar)
    9.52531e+05   -4.20836e+06   -8.74506e+08    3.13268e+02   -2.42151e+00

Writing checkpoint, step 40103450 at Tue Mar 26 00:05:11 2024


           Step           Time
       40400000   1010000.00000

   Energies (kJ/mol)
           Bond       G96Angle        LJ (SR)   Coulomb (SR)      Potential
    1.94303e+05    5.17747e+04   -5.34628e+06   -6.21709e+04   -5.16238e+06
    Kinetic En.   Total Energy  Conserved En.    Temperature Pressure (bar)
    9.51694e+05   -4.21068e+06   -8.83196e+08    3.12993e+02    2.01498e+00

           Step           Time
       40800000   1020000.00000

   Energies (kJ/mol)
           Bond       G96Angle        LJ (SR)   Coulomb (SR)      Potential
    1.93369e+05    5.20704e+04   -5.34139e+06   -6.21166e+04   -5.15807e+06
    Kinetic En.   Total Energy  Conserved En.    Temperature Pressure (bar)
    9.52151e+05   -4.20592e+06   -8.91882e+08    3.13143e+02    7.37751e+00

Writing checkpoint, step 41017975 at Tue Mar 26 00:20:11 2024


           Step           Time
       41200000   1030000.00000

   Energies (kJ/mol)
           Bond       G96Angle        LJ (SR)   Coulomb (SR)      Potential
    1.93254e+05    5.14958e+04   -5.34642e+06   -6.23250e+04   -5.16399e+06
    Kinetic En.   Total Energy  Conserved En.    Temperature Pressure (bar)
    9.47718e+05   -4.21628e+06   -9.00577e+08    3.11685e+02   -6.68364e+00

           Step           Time
       41600000   1040000.00000

   Energies (kJ/mol)
           Bond       G96Angle        LJ (SR)   Coulomb (SR)      Potential
    1.93007e+05    5.16205e+04   -5.34644e+06   -6.22909e+04   -5.16411e+06
    Kinetic En.   Total Energy  Conserved En.    Temperature Pressure (bar)
    9.51046e+05   -4.21306e+06   -9.09264e+08    3.12780e+02   -7.99397e+00

Writing checkpoint, step 41935725 at Tue Mar 26 00:35:11 2024


           Step           Time
       42000000   1050000.00000

   Energies (kJ/mol)
           Bond       G96Angle        LJ (SR)   Coulomb (SR)      Potential
    1.92696e+05    5.28181e+04   -5.34691e+06   -6.23260e+04   -5.16372e+06
    Kinetic En.   Total Energy  Conserved En.    Temperature Pressure (bar)
    9.49395e+05   -4.21432e+06   -9.17967e+08    3.12237e+02    1.44282e+00

           Step           Time
       42400000   1060000.00000

   Energies (kJ/mol)
           Bond       G96Angle        LJ (SR)   Coulomb (SR)      Potential
    1.93726e+05    5.18634e+04   -5.34230e+06   -6.17861e+04   -5.15849e+06
    Kinetic En.   Total Energy  Conserved En.    Temperature Pressure (bar)
    9.52252e+05   -4.20624e+06   -9.26684e+08    3.13176e+02    4.98203e+00

Writing checkpoint, step 42594025 at Tue Mar 26 00:50:11 2024


           Step           Time
       42800000   1070000.00000

   Energies (kJ/mol)
           Bond       G96Angle        LJ (SR)   Coulomb (SR)      Potential
    1.92397e+05    5.15733e+04   -5.34432e+06   -6.20371e+04   -5.16238e+06
    Kinetic En.   Total Energy  Conserved En.    Temperature Pressure (bar)
    9.51383e+05   -4.21100e+06   -9.35394e+08    3.12891e+02    3.78269e-01

           Step           Time
       43200000   1080000.00000

   Energies (kJ/mol)
           Bond       G96Angle        LJ (SR)   Coulomb (SR)      Potential
    1.93199e+05    5.18723e+04   -5.34424e+06   -6.14463e+04   -5.16061e+06
    Kinetic En.   Total Energy  Conserved En.    Temperature Pressure (bar)
    9.51693e+05   -4.20892e+06   -9.44105e+08    3.12993e+02   -1.14049e+01

Writing checkpoint, step 43529325 at Tue Mar 26 01:05:11 2024


           Step           Time
       43600000   1090000.00000

   Energies (kJ/mol)
           Bond       G96Angle        LJ (SR)   Coulomb (SR)      Potential
    1.92889e+05    5.18229e+04   -5.34748e+06   -6.21677e+04   -5.16494e+06
    Kinetic En.   Total Energy  Conserved En.    Temperature Pressure (bar)
    9.50820e+05   -4.21412e+06   -9.52812e+08    3.12705e+02   -1.63479e+00

           Step           Time
       44000000   1100000.00000

   Energies (kJ/mol)
           Bond       G96Angle        LJ (SR)   Coulomb (SR)      Potential
    1.93163e+05    5.15910e+04   -5.34702e+06   -6.20760e+04   -5.16434e+06
    Kinetic En.   Total Energy  Conserved En.    Temperature Pressure (bar)
    9.49313e+05   -4.21503e+06   -9.61516e+08    3.12210e+02   -3.67830e+00

           Step           Time
       44400000   1110000.00000

   Energies (kJ/mol)
           Bond       G96Angle        LJ (SR)   Coulomb (SR)      Potential
    1.92513e+05    5.21104e+04   -5.34233e+06   -6.21865e+04   -5.15990e+06
    Kinetic En.   Total Energy  Conserved En.    Temperature Pressure (bar)
    9.49677e+05   -4.21022e+06   -9.70226e+08    3.12330e+02    5.82563e+00

Writing checkpoint, step 44464700 at Tue Mar 26 01:20:11 2024


           Step           Time
       44800000   1120000.00000

   Energies (kJ/mol)
           Bond       G96Angle        LJ (SR)   Coulomb (SR)      Potential
    1.93630e+05    5.20632e+04   -5.34489e+06   -6.22840e+04   -5.16148e+06
    Kinetic En.   Total Energy  Conserved En.    Temperature Pressure (bar)
    9.47570e+05   -4.21391e+06   -9.78928e+08    3.11637e+02    4.58089e+00

           Step           Time
       45200000   1130000.00000

   Energies (kJ/mol)
           Bond       G96Angle        LJ (SR)   Coulomb (SR)      Potential
    1.94562e+05    5.18083e+04   -5.34644e+06   -6.23397e+04   -5.16241e+06
    Kinetic En.   Total Energy  Conserved En.    Temperature Pressure (bar)
    9.49644e+05   -4.21277e+06   -9.87634e+08    3.12319e+02   -4.89246e+00

Writing checkpoint, step 45400750 at Tue Mar 26 01:35:11 2024


           Step           Time
       45600000   1140000.00000

   Energies (kJ/mol)
           Bond       G96Angle        LJ (SR)   Coulomb (SR)      Potential
    1.92553e+05    5.18948e+04   -5.34396e+06   -6.14502e+04   -5.16096e+06
    Kinetic En.   Total Energy  Conserved En.    Temperature Pressure (bar)
    9.53452e+05   -4.20751e+06   -9.96337e+08    3.13571e+02    3.21236e+00

           Step           Time
       46000000   1150000.00000

   Energies (kJ/mol)
           Bond       G96Angle        LJ (SR)   Coulomb (SR)      Potential
    1.93333e+05    5.20358e+04   -5.34380e+06   -6.16479e+04   -5.16008e+06
    Kinetic En.   Total Energy  Conserved En.    Temperature Pressure (bar)
    9.52120e+05   -4.20796e+06   -1.00503e+09    3.13133e+02    9.57431e-01

Writing checkpoint, step 46322600 at Tue Mar 26 01:50:11 2024


           Step           Time
       46400000   1160000.00000

   Energies (kJ/mol)
           Bond       G96Angle        LJ (SR)   Coulomb (SR)      Potential
    1.92831e+05    5.20676e+04   -5.34303e+06   -6.27137e+04   -5.16084e+06
    Kinetic En.   Total Energy  Conserved En.    Temperature Pressure (bar)
    9.49295e+05   -4.21155e+06   -1.01372e+09    3.12204e+02   -1.09019e+00

           Step           Time
       46800000   1170000.00000

   Energies (kJ/mol)
           Bond       G96Angle        LJ (SR)   Coulomb (SR)      Potential
    1.93398e+05    5.22739e+04   -5.34112e+06   -6.26001e+04   -5.15804e+06
    Kinetic En.   Total Energy  Conserved En.    Temperature Pressure (bar)
    9.53611e+05   -4.20443e+06   -1.02242e+09    3.13623e+02    5.99818e+00

           Step           Time
       47200000   1180000.00000

   Energies (kJ/mol)
           Bond       G96Angle        LJ (SR)   Coulomb (SR)      Potential
    1.93093e+05    5.21441e+04   -5.34531e+06   -6.24179e+04   -5.16249e+06
    Kinetic En.   Total Energy  Conserved En.    Temperature Pressure (bar)
    9.48848e+05   -4.21365e+06   -1.03111e+09    3.12057e+02   -3.19680e+00

Writing checkpoint, step 47246150 at Tue Mar 26 02:05:11 2024


           Step           Time
       47600000   1190000.00000

   Energies (kJ/mol)
           Bond       G96Angle        LJ (SR)   Coulomb (SR)      Potential
    1.93176e+05    5.24540e+04   -5.34646e+06   -6.23413e+04   -5.16317e+06
    Kinetic En.   Total Energy  Conserved En.    Temperature Pressure (bar)
    9.48802e+05   -4.21437e+06   -1.03981e+09    3.12042e+02    1.02401e+01

           Step           Time
       48000000   1200000.00000

   Energies (kJ/mol)
           Bond       G96Angle        LJ (SR)   Coulomb (SR)      Potential
    1.93442e+05    5.16534e+04   -5.34719e+06   -6.23444e+04   -5.16444e+06
    Kinetic En.   Total Energy  Conserved En.    Temperature Pressure (bar)
    9.49737e+05   -4.21470e+06   -1.04851e+09    3.12349e+02   -2.90241e+00

Writing checkpoint, step 48147725 at Tue Mar 26 02:20:11 2024


           Step           Time
       48400000   1210000.00000

   Energies (kJ/mol)
           Bond       G96Angle        LJ (SR)   Coulomb (SR)      Potential
    1.94346e+05    5.17430e+04   -5.34813e+06   -6.16016e+04   -5.16364e+06
    Kinetic En.   Total Energy  Conserved En.    Temperature Pressure (bar)
    9.47626e+05   -4.21602e+06   -1.05720e+09    3.11655e+02   -1.26308e+01

           Step           Time
       48800000   1220000.00000

   Energies (kJ/mol)
           Bond       G96Angle        LJ (SR)   Coulomb (SR)      Potential
    1.92472e+05    5.22269e+04   -5.34478e+06   -6.19311e+04   -5.16201e+06
    Kinetic En.   Total Energy  Conserved En.    Temperature Pressure (bar)
    9.50609e+05   -4.21140e+06   -1.06590e+09    3.12636e+02   -3.13725e+00

Writing checkpoint, step 49079550 at Tue Mar 26 02:35:11 2024


           Step           Time
       49200000   1230000.00000

   Energies (kJ/mol)
           Bond       G96Angle        LJ (SR)   Coulomb (SR)      Potential
    1.93197e+05    5.19567e+04   -5.34574e+06   -6.19743e+04   -5.16256e+06
    Kinetic En.   Total Energy  Conserved En.    Temperature Pressure (bar)
    9.51702e+05   -4.21085e+06   -1.07460e+09    3.12996e+02    3.04933e+00

           Step           Time
       49600000   1240000.00000

   Energies (kJ/mol)
           Bond       G96Angle        LJ (SR)   Coulomb (SR)      Potential
    1.93017e+05    5.26329e+04   -5.34748e+06   -6.21378e+04   -5.16397e+06
    Kinetic En.   Total Energy  Conserved En.    Temperature Pressure (bar)
    9.50734e+05   -4.21324e+06   -1.08329e+09    3.12677e+02   -7.25044e+00

Writing checkpoint, step 49999425 at Tue Mar 26 02:50:11 2024


           Step           Time
       50000000   1250000.00000

   Energies (kJ/mol)
           Bond       G96Angle        LJ (SR)   Coulomb (SR)      Potential
    1.94250e+05    5.14518e+04   -5.34690e+06   -6.14624e+04   -5.16266e+06
    Kinetic En.   Total Energy  Conserved En.    Temperature Pressure (bar)
    9.50558e+05   -4.21210e+06   -1.09198e+09    3.12619e+02    3.74613e+00

           Step           Time
       50400000   1260000.00000

   Energies (kJ/mol)
           Bond       G96Angle        LJ (SR)   Coulomb (SR)      Potential
    1.93648e+05    5.30060e+04   -5.34539e+06   -6.18988e+04   -5.16064e+06
    Kinetic En.   Total Energy  Conserved En.    Temperature Pressure (bar)
    9.50694e+05   -4.20994e+06   -1.10068e+09    3.12664e+02   -4.91968e-01

           Step           Time
       50800000   1270000.00000

   Energies (kJ/mol)
           Bond       G96Angle        LJ (SR)   Coulomb (SR)      Potential
    1.94898e+05    5.16669e+04   -5.34289e+06   -6.18013e+04   -5.15813e+06
    Kinetic En.   Total Energy  Conserved En.    Temperature Pressure (bar)
    9.49864e+05   -4.20826e+06   -1.10939e+09    3.12391e+02   -5.62489e-01

Writing checkpoint, step 50914700 at Tue Mar 26 03:05:11 2024


           Step           Time
       51200000   1280000.00000

   Energies (kJ/mol)
           Bond       G96Angle        LJ (SR)   Coulomb (SR)      Potential
    1.93103e+05    5.21193e+04   -5.34195e+06   -6.18337e+04   -5.15856e+06
    Kinetic En.   Total Energy  Conserved En.    Temperature Pressure (bar)
    9.48209e+05   -4.21035e+06   -1.11809e+09    3.11847e+02    7.84885e+00

           Step           Time
       51600000   1290000.00000

   Energies (kJ/mol)
           Bond       G96Angle        LJ (SR)   Coulomb (SR)      Potential
    1.93658e+05    5.14537e+04   -5.34976e+06   -6.22158e+04   -5.16687e+06
    Kinetic En.   Total Energy  Conserved En.    Temperature Pressure (bar)
    9.49257e+05   -4.21761e+06   -1.12680e+09    3.12191e+02   -3.87948e+00

Writing checkpoint, step 51846350 at Tue Mar 26 03:20:11 2024


           Step           Time
       52000000   1300000.00000

   Energies (kJ/mol)
           Bond       G96Angle        LJ (SR)   Coulomb (SR)      Potential
    1.93985e+05    5.19606e+04   -5.34545e+06   -6.20330e+04   -5.16154e+06
    Kinetic En.   Total Energy  Conserved En.    Temperature Pressure (bar)
    9.49889e+05   -4.21165e+06   -1.13550e+09    3.12399e+02   -6.49872e+00

           Step           Time
       52400000   1310000.00000

   Energies (kJ/mol)
           Bond       G96Angle        LJ (SR)   Coulomb (SR)      Potential
    1.92962e+05    5.19357e+04   -5.34474e+06   -6.15982e+04   -5.16144e+06
    Kinetic En.   Total Energy  Conserved En.    Temperature Pressure (bar)
    9.50886e+05   -4.21056e+06   -1.14421e+09    3.12727e+02    1.24475e+00

Writing checkpoint, step 52769575 at Tue Mar 26 03:35:11 2024


           Step           Time
       52800000   1320000.00000

   Energies (kJ/mol)
           Bond       G96Angle        LJ (SR)   Coulomb (SR)      Potential
    1.92824e+05    5.23851e+04   -5.34581e+06   -6.20376e+04   -5.16264e+06
    Kinetic En.   Total Energy  Conserved En.    Temperature Pressure (bar)
    9.52048e+05   -4.21059e+06   -1.15292e+09    3.13109e+02   -8.75321e+00

           Step           Time
       53200000   1330000.00000

   Energies (kJ/mol)
           Bond       G96Angle        LJ (SR)   Coulomb (SR)      Potential
    1.93327e+05    5.21709e+04   -5.34455e+06   -6.18966e+04   -5.16095e+06
    Kinetic En.   Total Energy  Conserved En.    Temperature Pressure (bar)
    9.49752e+05   -4.21120e+06   -1.16163e+09    3.12354e+02   -3.35796e+00

           Step           Time
       53600000   1340000.00000

   Energies (kJ/mol)
           Bond       G96Angle        LJ (SR)   Coulomb (SR)      Potential
    1.92681e+05    5.21141e+04   -5.34346e+06   -6.22043e+04   -5.16087e+06
    Kinetic En.   Total Energy  Conserved En.    Temperature Pressure (bar)
    9.54402e+05   -4.20647e+06   -1.17033e+09    3.13883e+02    3.76754e+00

Writing checkpoint, step 53688650 at Tue Mar 26 03:50:11 2024


           Step           Time
       54000000   1350000.00000

   Energies (kJ/mol)
           Bond       G96Angle        LJ (SR)   Coulomb (SR)      Potential
    1.94288e+05    5.19756e+04   -5.34866e+06   -6.23147e+04   -5.16471e+06
    Kinetic En.   Total Energy  Conserved En.    Temperature Pressure (bar)
    9.50075e+05   -4.21463e+06   -1.17904e+09    3.12461e+02   -1.31033e+01

           Step           Time
       54400000   1360000.00000

   Energies (kJ/mol)
           Bond       G96Angle        LJ (SR)   Coulomb (SR)      Potential
    1.94139e+05    5.18215e+04   -5.34625e+06   -6.19708e+04   -5.16226e+06
    Kinetic En.   Total Energy  Conserved En.    Temperature Pressure (bar)
    9.50582e+05   -4.21168e+06   -1.18774e+09    3.12627e+02   -7.15679e+00

Writing checkpoint, step 54623825 at Tue Mar 26 04:05:11 2024


           Step           Time
       54800000   1370000.00000

   Energies (kJ/mol)
           Bond       G96Angle        LJ (SR)   Coulomb (SR)      Potential
    1.93364e+05    5.14820e+04   -5.34535e+06   -6.17856e+04   -5.16229e+06
    Kinetic En.   Total Energy  Conserved En.    Temperature Pressure (bar)
    9.53064e+05   -4.20922e+06   -1.19645e+09    3.13444e+02    7.25031e+00

           Step           Time
       55200000   1380000.00000

   Energies (kJ/mol)
           Bond       G96Angle        LJ (SR)   Coulomb (SR)      Potential
    1.93128e+05    5.22019e+04   -5.34451e+06   -6.20858e+04   -5.16126e+06
    Kinetic En.   Total Energy  Conserved En.    Temperature Pressure (bar)
    9.51340e+05   -4.20992e+06   -1.20516e+09    3.12876e+02    1.32128e+00

Writing checkpoint, step 55524650 at Tue Mar 26 04:20:11 2024


           Step           Time
       55600000   1390000.00000

   Energies (kJ/mol)
           Bond       G96Angle        LJ (SR)   Coulomb (SR)      Potential
    1.92755e+05    5.24364e+04   -5.34716e+06   -6.22552e+04   -5.16422e+06
    Kinetic En.   Total Energy  Conserved En.    Temperature Pressure (bar)
    9.49538e+05   -4.21468e+06   -1.21385e+09    3.12284e+02   -2.99397e+00

           Step           Time
       56000000   1400000.00000

   Energies (kJ/mol)
           Bond       G96Angle        LJ (SR)   Coulomb (SR)      Potential
    1.92021e+05    5.21416e+04   -5.34489e+06   -6.23642e+04   -5.16309e+06
    Kinetic En.   Total Energy  Conserved En.    Temperature Pressure (bar)
    9.52116e+05   -4.21098e+06   -1.22256e+09    3.13132e+02    8.61006e-01

           Step           Time
       56400000   1410000.00000

   Energies (kJ/mol)
           Bond       G96Angle        LJ (SR)   Coulomb (SR)      Potential
    1.92920e+05    5.22186e+04   -5.34510e+06   -6.21804e+04   -5.16214e+06
    Kinetic En.   Total Energy  Conserved En.    Temperature Pressure (bar)
    9.52446e+05   -4.20970e+06   -1.23126e+09    3.13240e+02   -2.81599e+00

Writing checkpoint, step 56446525 at Tue Mar 26 04:35:11 2024


           Step           Time
       56800000   1420000.00000

   Energies (kJ/mol)
           Bond       G96Angle        LJ (SR)   Coulomb (SR)      Potential
    1.93250e+05    5.17022e+04   -5.34425e+06   -6.22134e+04   -5.16151e+06
    Kinetic En.   Total Energy  Conserved En.    Temperature Pressure (bar)
    9.52884e+05   -4.20863e+06   -1.23995e+09    3.13384e+02    3.84902e+00

           Step           Time
       57200000   1430000.00000

   Energies (kJ/mol)
           Bond       G96Angle        LJ (SR)   Coulomb (SR)      Potential
    1.93437e+05    5.19644e+04   -5.34494e+06   -6.20098e+04   -5.16155e+06
    Kinetic En.   Total Energy  Conserved En.    Temperature Pressure (bar)
    9.53314e+05   -4.20823e+06   -1.24864e+09    3.13526e+02    8.17613e+00

Writing checkpoint, step 57370125 at Tue Mar 26 04:50:11 2024


           Step           Time
       57600000   1440000.00000

   Energies (kJ/mol)
           Bond       G96Angle        LJ (SR)   Coulomb (SR)      Potential
    1.93160e+05    5.20517e+04   -5.34606e+06   -6.23653e+04   -5.16322e+06
    Kinetic En.   Total Energy  Conserved En.    Temperature Pressure (bar)
    9.51166e+05   -4.21205e+06   -1.25733e+09    3.12819e+02    7.04409e+00

           Step           Time
       58000000   1450000.00000

   Energies (kJ/mol)
           Bond       G96Angle        LJ (SR)   Coulomb (SR)      Potential
    1.95078e+05    5.23570e+04   -5.34903e+06   -6.23364e+04   -5.16393e+06
    Kinetic En.   Total Energy  Conserved En.    Temperature Pressure (bar)
    9.52360e+05   -4.21157e+06   -1.26603e+09    3.13212e+02   -9.42226e+00

Writing checkpoint, step 58299250 at Tue Mar 26 05:05:11 2024


           Step           Time
       58400000   1460000.00000

   Energies (kJ/mol)
           Bond       G96Angle        LJ (SR)   Coulomb (SR)      Potential
    1.93380e+05    5.23256e+04   -5.34267e+06   -6.21489e+04   -5.15911e+06
    Kinetic En.   Total Energy  Conserved En.    Temperature Pressure (bar)
    9.51778e+05   -4.20733e+06   -1.27474e+09    3.13021e+02    8.34299e+00

           Step           Time
       58800000   1470000.00000

   Energies (kJ/mol)
           Bond       G96Angle        LJ (SR)   Coulomb (SR)      Potential
    1.93179e+05    5.21857e+04   -5.34572e+06   -6.27131e+04   -5.16307e+06
    Kinetic En.   Total Energy  Conserved En.    Temperature Pressure (bar)
    9.50885e+05   -4.21219e+06   -1.28344e+09    3.12727e+02    9.47639e-01

Writing checkpoint, step 59138750 at Tue Mar 26 05:20:11 2024


           Step           Time
       59200000   1480000.00000

   Energies (kJ/mol)
           Bond       G96Angle        LJ (SR)   Coulomb (SR)      Potential
    1.92319e+05    5.14936e+04   -5.34821e+06   -6.23623e+04   -5.16676e+06
    Kinetic En.   Total Energy  Conserved En.    Temperature Pressure (bar)
    9.49768e+05   -4.21699e+06   -1.29213e+09    3.12360e+02    1.95976e+00

           Step           Time
       59600000   1490000.00000

   Energies (kJ/mol)
           Bond       G96Angle        LJ (SR)   Coulomb (SR)      Potential
    1.94079e+05    5.22187e+04   -5.34445e+06   -6.22884e+04   -5.16044e+06
    Kinetic En.   Total Energy  Conserved En.    Temperature Pressure (bar)
    9.48577e+05   -4.21186e+06   -1.30084e+09    3.11968e+02    1.75964e+00

           Step           Time
       60000000   1500000.00000

   Energies (kJ/mol)
           Bond       G96Angle        LJ (SR)   Coulomb (SR)      Potential
    1.92758e+05    5.19660e+04   -5.34596e+06   -6.23542e+04   -5.16360e+06
    Kinetic En.   Total Energy  Conserved En.    Temperature Pressure (bar)
    9.51458e+05   -4.21214e+06   -1.30954e+09    3.12915e+02   -4.05137e+00

Writing checkpoint, step 60054700 at Tue Mar 26 05:35:11 2024


           Step           Time
       60400000   1510000.00000

   Energies (kJ/mol)
           Bond       G96Angle        LJ (SR)   Coulomb (SR)      Potential
    1.93194e+05    5.15883e+04   -5.34194e+06   -6.19596e+04   -5.15912e+06
    Kinetic En.   Total Energy  Conserved En.    Temperature Pressure (bar)
    9.57766e+05   -4.20135e+06   -1.31824e+09    3.14990e+02    9.35084e+00

           Step           Time
       60800000   1520000.00000

   Energies (kJ/mol)
           Bond       G96Angle        LJ (SR)   Coulomb (SR)      Potential
    1.93147e+05    5.13023e+04   -5.34611e+06   -6.23716e+04   -5.16403e+06
    Kinetic En.   Total Energy  Conserved En.    Temperature Pressure (bar)
    9.51699e+05   -4.21233e+06   -1.32694e+09    3.12995e+02    1.93886e+00

Writing checkpoint, step 60868250 at Tue Mar 26 05:50:11 2024


           Step           Time
       61200000   1530000.00000

   Energies (kJ/mol)
           Bond       G96Angle        LJ (SR)   Coulomb (SR)      Potential
    1.92976e+05    5.17488e+04   -5.34812e+06   -6.26147e+04   -5.16601e+06
    Kinetic En.   Total Energy  Conserved En.    Temperature Pressure (bar)
    9.53188e+05   -4.21282e+06   -1.33564e+09    3.13484e+02    5.08861e+00

           Step           Time
       61600000   1540000.00000

   Energies (kJ/mol)
           Bond       G96Angle        LJ (SR)   Coulomb (SR)      Potential
    1.94675e+05    5.23094e+04   -5.34457e+06   -6.22299e+04   -5.15982e+06
    Kinetic En.   Total Energy  Conserved En.    Temperature Pressure (bar)
    9.50886e+05   -4.20893e+06   -1.34435e+09    3.12727e+02    3.80395e+00

Writing checkpoint, step 61737750 at Tue Mar 26 06:05:11 2024


           Step           Time
       62000000   1550000.00000

   Energies (kJ/mol)
           Bond       G96Angle        LJ (SR)   Coulomb (SR)      Potential
    1.94647e+05    5.17708e+04   -5.34605e+06   -6.24822e+04   -5.16211e+06
    Kinetic En.   Total Energy  Conserved En.    Temperature Pressure (bar)
    9.52474e+05   -4.20964e+06   -1.35305e+09    3.13249e+02    3.50511e+00

           Step           Time
       62400000   1560000.00000

   Energies (kJ/mol)
           Bond       G96Angle        LJ (SR)   Coulomb (SR)      Potential
    1.93378e+05    5.20108e+04   -5.34452e+06   -6.22411e+04   -5.16138e+06
    Kinetic En.   Total Energy  Conserved En.    Temperature Pressure (bar)
    9.54034e+05   -4.20734e+06   -1.36176e+09    3.13762e+02    6.03845e+00

Writing checkpoint, step 62666250 at Tue Mar 26 06:20:11 2024


           Step           Time
       62800000   1570000.00000

   Energies (kJ/mol)
           Bond       G96Angle        LJ (SR)   Coulomb (SR)      Potential
    1.93268e+05    5.21842e+04   -5.34346e+06   -6.18336e+04   -5.15984e+06
    Kinetic En.   Total Energy  Conserved En.    Temperature Pressure (bar)
    9.52576e+05   -4.20727e+06   -1.37046e+09    3.13283e+02   -2.20246e+00

           Step           Time
       63200000   1580000.00000

   Energies (kJ/mol)
           Bond       G96Angle        LJ (SR)   Coulomb (SR)      Potential
    1.92590e+05    5.22366e+04   -5.34334e+06   -6.20460e+04   -5.16056e+06
    Kinetic En.   Total Energy  Conserved En.    Temperature Pressure (bar)
    9.51969e+05   -4.20859e+06   -1.37917e+09    3.13083e+02    3.78266e+00

Writing checkpoint, step 63583100 at Tue Mar 26 06:35:11 2024


           Step           Time
       63600000   1590000.00000

   Energies (kJ/mol)
           Bond       G96Angle        LJ (SR)   Coulomb (SR)      Potential
    1.93055e+05    5.20899e+04   -5.34108e+06   -6.21163e+04   -5.15806e+06
    Kinetic En.   Total Energy  Conserved En.    Temperature Pressure (bar)
    9.52835e+05   -4.20522e+06   -1.38786e+09    3.13368e+02    8.35043e+00

           Step           Time
       64000000   1600000.00000

   Energies (kJ/mol)
           Bond       G96Angle        LJ (SR)   Coulomb (SR)      Potential
    1.91465e+05    5.20478e+04   -5.34483e+06   -6.27155e+04   -5.16403e+06
    Kinetic En.   Total Energy  Conserved En.    Temperature Pressure (bar)
    9.48780e+05   -4.21525e+06   -1.39655e+09    3.12035e+02   -6.52516e+00

           Step           Time
       64400000   1610000.00000

   Energies (kJ/mol)
           Bond       G96Angle        LJ (SR)   Coulomb (SR)      Potential
    1.92868e+05    5.14867e+04   -5.34508e+06   -6.19588e+04   -5.16269e+06
    Kinetic En.   Total Energy  Conserved En.    Temperature Pressure (bar)
    9.51973e+05   -4.21071e+06   -1.40524e+09    3.13085e+02    7.88110e+00

Writing checkpoint, step 64507575 at Tue Mar 26 06:50:11 2024


           Step           Time
       64800000   1620000.00000

   Energies (kJ/mol)
           Bond       G96Angle        LJ (SR)   Coulomb (SR)      Potential
    1.93886e+05    5.23375e+04   -5.34700e+06   -6.21772e+04   -5.16295e+06
    Kinetic En.   Total Energy  Conserved En.    Temperature Pressure (bar)
    9.55723e+05   -4.20723e+06   -1.41393e+09    3.14318e+02    1.59619e+00

           Step           Time
       65200000   1630000.00000

   Energies (kJ/mol)
           Bond       G96Angle        LJ (SR)   Coulomb (SR)      Potential
    1.93542e+05    5.21847e+04   -5.34576e+06   -6.19648e+04   -5.16200e+06
    Kinetic En.   Total Energy  Conserved En.    Temperature Pressure (bar)
    9.49469e+05   -4.21253e+06   -1.42262e+09    3.12261e+02   -3.91426e-01

Writing checkpoint, step 65406625 at Tue Mar 26 07:05:11 2024


           Step           Time
       65600000   1640000.00000

   Energies (kJ/mol)
           Bond       G96Angle        LJ (SR)   Coulomb (SR)      Potential
    1.94277e+05    5.18692e+04   -5.34828e+06   -6.18228e+04   -5.16395e+06
    Kinetic En.   Total Energy  Conserved En.    Temperature Pressure (bar)
    9.50010e+05   -4.21394e+06   -1.43131e+09    3.12439e+02   -8.31290e+00

           Step           Time
       66000000   1650000.00000

   Energies (kJ/mol)
           Bond       G96Angle        LJ (SR)   Coulomb (SR)      Potential
    1.93394e+05    5.19955e+04   -5.34613e+06   -6.24626e+04   -5.16321e+06
    Kinetic En.   Total Energy  Conserved En.    Temperature Pressure (bar)
    9.51563e+05   -4.21164e+06   -1.44001e+09    3.12950e+02    5.38237e+00

Writing checkpoint, step 66337175 at Tue Mar 26 07:20:11 2024


           Step           Time
       66400000   1660000.00000

   Energies (kJ/mol)
           Bond       G96Angle        LJ (SR)   Coulomb (SR)      Potential
    1.93462e+05    5.21680e+04   -5.34544e+06   -6.20623e+04   -5.16187e+06
    Kinetic En.   Total Energy  Conserved En.    Temperature Pressure (bar)
    9.54791e+05   -4.20708e+06   -1.44872e+09    3.14012e+02    3.30394e+00

           Step           Time
       66800000   1670000.00000

   Energies (kJ/mol)
           Bond       G96Angle        LJ (SR)   Coulomb (SR)      Potential
    1.92244e+05    5.16988e+04   -5.34307e+06   -6.20149e+04   -5.16114e+06
    Kinetic En.   Total Energy  Conserved En.    Temperature Pressure (bar)
    9.52192e+05   -4.20895e+06   -1.45743e+09    3.13157e+02    3.86045e+00

           Step           Time
       67200000   1680000.00000

   Energies (kJ/mol)
           Bond       G96Angle        LJ (SR)   Coulomb (SR)      Potential
    1.93624e+05    5.15872e+04   -5.34646e+06   -6.21741e+04   -5.16342e+06
    Kinetic En.   Total Energy  Conserved En.    Temperature Pressure (bar)
    9.50071e+05   -4.21335e+06   -1.46612e+09    3.12459e+02   -6.89619e+00

Writing checkpoint, step 67270000 at Tue Mar 26 07:35:11 2024


           Step           Time
       67600000   1690000.00000

   Energies (kJ/mol)
           Bond       G96Angle        LJ (SR)   Coulomb (SR)      Potential
    1.94399e+05    5.18010e+04   -5.34584e+06   -6.23231e+04   -5.16197e+06
    Kinetic En.   Total Energy  Conserved En.    Temperature Pressure (bar)
    9.54252e+05   -4.20772e+06   -1.47480e+09    3.13834e+02    4.44605e+00

           Step           Time
       68000000   1700000.00000

   Energies (kJ/mol)
           Bond       G96Angle        LJ (SR)   Coulomb (SR)      Potential
    1.92770e+05    5.18528e+04   -5.34911e+06   -6.23833e+04   -5.16687e+06
    Kinetic En.   Total Energy  Conserved En.    Temperature Pressure (bar)
    9.47508e+05   -4.21936e+06   -1.48350e+09    3.11616e+02   -8.64433e+00

Writing checkpoint, step 68208525 at Tue Mar 26 07:50:11 2024


           Step           Time
       68400000   1710000.00000

   Energies (kJ/mol)
           Bond       G96Angle        LJ (SR)   Coulomb (SR)      Potential
    1.93977e+05    5.18031e+04   -5.34429e+06   -6.19390e+04   -5.16045e+06
    Kinetic En.   Total Energy  Conserved En.    Temperature Pressure (bar)
    9.49858e+05   -4.21059e+06   -1.49219e+09    3.12389e+02   -2.20241e+00

           Step           Time
       68800000   1720000.00000

   Energies (kJ/mol)
           Bond       G96Angle        LJ (SR)   Coulomb (SR)      Potential
    1.93638e+05    5.18608e+04   -5.34510e+06   -6.18685e+04   -5.16147e+06
    Kinetic En.   Total Energy  Conserved En.    Temperature Pressure (bar)
    9.49988e+05   -4.21148e+06   -1.50089e+09    3.12432e+02    3.52088e+00

Writing checkpoint, step 69147825 at Tue Mar 26 08:05:11 2024


           Step           Time
       69200000   1730000.00000

   Energies (kJ/mol)
           Bond       G96Angle        LJ (SR)   Coulomb (SR)      Potential
    1.92818e+05    5.25317e+04   -5.34487e+06   -6.21171e+04   -5.16163e+06
    Kinetic En.   Total Energy  Conserved En.    Temperature Pressure (bar)
    9.49402e+05   -4.21223e+06   -1.50959e+09    3.12239e+02    2.19057e+00

           Step           Time
       69600000   1740000.00000

   Energies (kJ/mol)
           Bond       G96Angle        LJ (SR)   Coulomb (SR)      Potential
    1.93591e+05    5.16481e+04   -5.34722e+06   -6.22322e+04   -5.16422e+06
    Kinetic En.   Total Energy  Conserved En.    Temperature Pressure (bar)
    9.49042e+05   -4.21518e+06   -1.51829e+09    3.12121e+02   -4.51794e-01

           Step           Time
       70000000   1750000.00000

   Energies (kJ/mol)
           Bond       G96Angle        LJ (SR)   Coulomb (SR)      Potential
    1.91426e+05    5.22079e+04   -5.34532e+06   -6.22816e+04   -5.16397e+06
    Kinetic En.   Total Energy  Conserved En.    Temperature Pressure (bar)
    9.49226e+05   -4.21474e+06   -1.52699e+09    3.12181e+02    1.70222e+00

Writing checkpoint, step 70073125 at Tue Mar 26 08:20:11 2024


           Step           Time
       70400000   1760000.00000

   Energies (kJ/mol)
           Bond       G96Angle        LJ (SR)   Coulomb (SR)      Potential
    1.93111e+05    5.19694e+04   -5.34816e+06   -6.23064e+04   -5.16538e+06
    Kinetic En.   Total Energy  Conserved En.    Temperature Pressure (bar)
    9.48096e+05   -4.21729e+06   -1.53569e+09    3.11810e+02   -1.18066e+01

           Step           Time
       70800000   1770000.00000

   Energies (kJ/mol)
           Bond       G96Angle        LJ (SR)   Coulomb (SR)      Potential
    1.93263e+05    5.12840e+04   -5.34550e+06   -6.25175e+04   -5.16347e+06
    Kinetic En.   Total Energy  Conserved En.    Temperature Pressure (bar)
    9.51048e+05   -4.21242e+06   -1.54438e+09    3.12781e+02    6.48539e-01

Writing checkpoint, step 70974850 at Tue Mar 26 08:35:11 2024


           Step           Time
       71200000   1780000.00000

   Energies (kJ/mol)
           Bond       G96Angle        LJ (SR)   Coulomb (SR)      Potential
    1.92791e+05    5.16626e+04   -5.34867e+06   -6.22337e+04   -5.16645e+06
    Kinetic En.   Total Energy  Conserved En.    Temperature Pressure (bar)
    9.48241e+05   -4.21821e+06   -1.55308e+09    3.11857e+02   -7.57446e+00

           Step           Time
       71600000   1790000.00000

   Energies (kJ/mol)
           Bond       G96Angle        LJ (SR)   Coulomb (SR)      Potential
    1.93877e+05    5.18979e+04   -5.34763e+06   -6.22120e+04   -5.16407e+06
    Kinetic En.   Total Energy  Conserved En.    Temperature Pressure (bar)
    9.47550e+05   -4.21652e+06   -1.56180e+09    3.11630e+02    2.06575e+00

Writing checkpoint, step 71868225 at Tue Mar 26 08:50:11 2024


           Step           Time
       72000000   1800000.00000

   Energies (kJ/mol)
           Bond       G96Angle        LJ (SR)   Coulomb (SR)      Potential
    1.94837e+05    5.17471e+04   -5.34904e+06   -6.17825e+04   -5.16424e+06
    Kinetic En.   Total Energy  Conserved En.    Temperature Pressure (bar)
    9.49351e+05   -4.21489e+06   -1.57050e+09    3.12222e+02   -6.07001e+00

           Step           Time
       72400000   1810000.00000

   Energies (kJ/mol)
           Bond       G96Angle        LJ (SR)   Coulomb (SR)      Potential
    1.94405e+05    5.18906e+04   -5.34749e+06   -6.23270e+04   -5.16352e+06
    Kinetic En.   Total Energy  Conserved En.    Temperature Pressure (bar)
    9.47306e+05   -4.21622e+06   -1.57920e+09    3.11550e+02   -2.87118e+00

Writing checkpoint, step 72798350 at Tue Mar 26 09:05:11 2024


           Step           Time
       72800000   1820000.00000

   Energies (kJ/mol)
           Bond       G96Angle        LJ (SR)   Coulomb (SR)      Potential
    1.92698e+05    5.18951e+04   -5.34236e+06   -6.20083e+04   -5.15978e+06
    Kinetic En.   Total Energy  Conserved En.    Temperature Pressure (bar)
    9.48529e+05   -4.21125e+06   -1.58790e+09    3.11952e+02    1.45994e+01

           Step           Time
       73200000   1830000.00000

   Energies (kJ/mol)
           Bond       G96Angle        LJ (SR)   Coulomb (SR)      Potential
    1.94096e+05    5.17626e+04   -5.34548e+06   -6.21098e+04   -5.16173e+06
    Kinetic En.   Total Energy  Conserved En.    Temperature Pressure (bar)
    9.51743e+05   -4.20999e+06   -1.59661e+09    3.13009e+02    1.25827e+00

           Step           Time
       73600000   1840000.00000

   Energies (kJ/mol)
           Bond       G96Angle        LJ (SR)   Coulomb (SR)      Potential
    1.92477e+05    5.14888e+04   -5.34312e+06   -6.23594e+04   -5.16152e+06
    Kinetic En.   Total Energy  Conserved En.    Temperature Pressure (bar)
    9.52070e+05   -4.20945e+06   -1.60530e+09    3.13117e+02    9.12117e+00

Writing checkpoint, step 73734450 at Tue Mar 26 09:20:11 2024


           Step           Time
       74000000   1850000.00000

   Energies (kJ/mol)
           Bond       G96Angle        LJ (SR)   Coulomb (SR)      Potential
    1.93939e+05    5.14687e+04   -5.34534e+06   -6.22157e+04   -5.16215e+06
    Kinetic En.   Total Energy  Conserved En.    Temperature Pressure (bar)
    9.50186e+05   -4.21196e+06   -1.61400e+09    3.12497e+02    9.73757e-01

           Step           Time
       74400000   1860000.00000

   Energies (kJ/mol)
           Bond       G96Angle        LJ (SR)   Coulomb (SR)      Potential
    1.92231e+05    5.22428e+04   -5.34465e+06   -6.17470e+04   -5.16192e+06
    Kinetic En.   Total Energy  Conserved En.    Temperature Pressure (bar)
    9.48220e+05   -4.21370e+06   -1.62270e+09    3.11851e+02   -3.47486e+00

Writing checkpoint, step 74669050 at Tue Mar 26 09:35:11 2024


           Step           Time
       74800000   1870000.00000

   Energies (kJ/mol)
           Bond       G96Angle        LJ (SR)   Coulomb (SR)      Potential
    1.92950e+05    5.25256e+04   -5.34180e+06   -6.25131e+04   -5.15884e+06
    Kinetic En.   Total Energy  Conserved En.    Temperature Pressure (bar)
    9.51720e+05   -4.20712e+06   -1.63142e+09    3.13002e+02    5.57786e+00

           Step           Time
       75200000   1880000.00000

   Energies (kJ/mol)
           Bond       G96Angle        LJ (SR)   Coulomb (SR)      Potential
    1.92843e+05    5.22468e+04   -5.34594e+06   -6.24925e+04   -5.16334e+06
    Kinetic En.   Total Energy  Conserved En.    Temperature Pressure (bar)
    9.50753e+05   -4.21259e+06   -1.64012e+09    3.12684e+02    1.73046e+00

Writing checkpoint, step 75574525 at Tue Mar 26 09:50:11 2024


           Step           Time
       75600000   1890000.00000

   Energies (kJ/mol)
           Bond       G96Angle        LJ (SR)   Coulomb (SR)      Potential
    1.94153e+05    5.19351e+04   -5.34492e+06   -6.20067e+04   -5.16084e+06
    Kinetic En.   Total Energy  Conserved En.    Temperature Pressure (bar)
    9.47753e+05   -4.21308e+06   -1.64882e+09    3.11697e+02    2.42372e+00

           Step           Time
       76000000   1900000.00000

   Energies (kJ/mol)
           Bond       G96Angle        LJ (SR)   Coulomb (SR)      Potential
    1.93330e+05    5.16415e+04   -5.34606e+06   -6.22412e+04   -5.16333e+06
    Kinetic En.   Total Energy  Conserved En.    Temperature Pressure (bar)
    9.46452e+05   -4.21687e+06   -1.65753e+09    3.11269e+02   -8.15303e+00

           Step           Time
       76400000   1910000.00000

   Energies (kJ/mol)
           Bond       G96Angle        LJ (SR)   Coulomb (SR)      Potential
    1.93594e+05    5.22582e+04   -5.34319e+06   -6.14834e+04   -5.15882e+06
    Kinetic En.   Total Energy  Conserved En.    Temperature Pressure (bar)
    9.50027e+05   -4.20879e+06   -1.66623e+09    3.12445e+02    1.24631e+00

Writing checkpoint, step 76499925 at Tue Mar 26 10:05:11 2024


           Step           Time
       76800000   1920000.00000

   Energies (kJ/mol)
           Bond       G96Angle        LJ (SR)   Coulomb (SR)      Potential
    1.93753e+05    5.20481e+04   -5.34346e+06   -6.26627e+04   -5.16032e+06
    Kinetic En.   Total Energy  Conserved En.    Temperature Pressure (bar)
    9.54219e+05   -4.20610e+06   -1.67493e+09    3.13823e+02    4.00774e+00

           Step           Time
       77200000   1930000.00000

   Energies (kJ/mol)
           Bond       G96Angle        LJ (SR)   Coulomb (SR)      Potential
    1.93956e+05    5.15625e+04   -5.34426e+06   -6.26774e+04   -5.16141e+06
    Kinetic En.   Total Energy  Conserved En.    Temperature Pressure (bar)
    9.49772e+05   -4.21164e+06   -1.68363e+09    3.12361e+02   -6.40096e+00

Writing checkpoint, step 77318375 at Tue Mar 26 10:20:11 2024


           Step           Time
       77600000   1940000.00000

   Energies (kJ/mol)
           Bond       G96Angle        LJ (SR)   Coulomb (SR)      Potential
    1.93566e+05    5.19654e+04   -5.34703e+06   -6.24110e+04   -5.16391e+06
    Kinetic En.   Total Energy  Conserved En.    Temperature Pressure (bar)
    9.52872e+05   -4.21104e+06   -1.69233e+09    3.13380e+02    7.22599e-02

           Step           Time
       78000000   1950000.00000

   Energies (kJ/mol)
           Bond       G96Angle        LJ (SR)   Coulomb (SR)      Potential
    1.94112e+05    5.21491e+04   -5.34440e+06   -6.19231e+04   -5.16006e+06
    Kinetic En.   Total Energy  Conserved En.    Temperature Pressure (bar)
    9.50616e+05   -4.20944e+06   -1.70103e+09    3.12638e+02    3.86956e+00

Writing checkpoint, step 78244775 at Tue Mar 26 10:35:11 2024


           Step           Time
       78400000   1960000.00000

   Energies (kJ/mol)
           Bond       G96Angle        LJ (SR)   Coulomb (SR)      Potential
    1.93254e+05    5.20836e+04   -5.34718e+06   -6.18392e+04   -5.16368e+06
    Kinetic En.   Total Energy  Conserved En.    Temperature Pressure (bar)
    9.51558e+05   -4.21213e+06   -1.70974e+09    3.12948e+02    1.22541e+00

           Step           Time
       78800000   1970000.00000

   Energies (kJ/mol)
           Bond       G96Angle        LJ (SR)   Coulomb (SR)      Potential
    1.92425e+05    5.20147e+04   -5.34581e+06   -6.21563e+04   -5.16353e+06
    Kinetic En.   Total Energy  Conserved En.    Temperature Pressure (bar)
    9.49699e+05   -4.21383e+06   -1.71844e+09    3.12337e+02    2.82213e+00

Writing checkpoint, step 79160550 at Tue Mar 26 10:50:11 2024


           Step           Time
       79200000   1980000.00000

   Energies (kJ/mol)
           Bond       G96Angle        LJ (SR)   Coulomb (SR)      Potential
    1.92142e+05    5.23943e+04   -5.34246e+06   -6.24036e+04   -5.16033e+06
    Kinetic En.   Total Energy  Conserved En.    Temperature Pressure (bar)
    9.51340e+05   -4.20899e+06   -1.72713e+09    3.12876e+02    7.17495e+00

           Step           Time
       79600000   1990000.00000

   Energies (kJ/mol)
           Bond       G96Angle        LJ (SR)   Coulomb (SR)      Potential
    1.93743e+05    5.15622e+04   -5.34499e+06   -6.17088e+04   -5.16140e+06
    Kinetic En.   Total Energy  Conserved En.    Temperature Pressure (bar)
    9.52079e+05   -4.20932e+06   -1.73583e+09    3.13120e+02   -1.78528e+00

           Step           Time
       80000000   2000000.00000

   Energies (kJ/mol)
           Bond       G96Angle        LJ (SR)   Coulomb (SR)      Potential
    1.92151e+05    5.20926e+04   -5.34497e+06   -6.22292e+04   -5.16295e+06
    Kinetic En.   Total Energy  Conserved En.    Temperature Pressure (bar)
    9.51191e+05   -4.21176e+06   -1.74454e+09    3.12828e+02    2.43914e+00

Writing checkpoint, step 80039500 at Tue Mar 26 11:05:11 2024


           Step           Time
       80400000   2010000.00000

   Energies (kJ/mol)
           Bond       G96Angle        LJ (SR)   Coulomb (SR)      Potential
    1.93384e+05    5.22445e+04   -5.34500e+06   -6.20564e+04   -5.16143e+06
    Kinetic En.   Total Energy  Conserved En.    Temperature Pressure (bar)
    9.55709e+05   -4.20572e+06   -1.75324e+09    3.14314e+02    1.83287e+00

           Step           Time
       80800000   2020000.00000

   Energies (kJ/mol)
           Bond       G96Angle        LJ (SR)   Coulomb (SR)      Potential
    1.93750e+05    5.16453e+04   -5.34707e+06   -6.22488e+04   -5.16392e+06
    Kinetic En.   Total Energy  Conserved En.    Temperature Pressure (bar)
    9.51625e+05   -4.21230e+06   -1.76194e+09    3.12970e+02   -6.41971e+00

Writing checkpoint, step 80893550 at Tue Mar 26 11:20:11 2024


           Step           Time
       81200000   2030000.00000

   Energies (kJ/mol)
           Bond       G96Angle        LJ (SR)   Coulomb (SR)      Potential
    1.92990e+05    5.23227e+04   -5.34611e+06   -6.23974e+04   -5.16320e+06
    Kinetic En.   Total Energy  Conserved En.    Temperature Pressure (bar)
    9.52071e+05   -4.21112e+06   -1.77065e+09    3.13117e+02    4.58822e+00

           Step           Time
       81600000   2040000.00000

   Energies (kJ/mol)
           Bond       G96Angle        LJ (SR)   Coulomb (SR)      Potential
    1.93308e+05    5.22395e+04   -5.34493e+06   -6.27127e+04   -5.16210e+06
    Kinetic En.   Total Energy  Conserved En.    Temperature Pressure (bar)
    9.50318e+05   -4.21178e+06   -1.77935e+09    3.12540e+02    2.02132e+00

Writing checkpoint, step 81786250 at Tue Mar 26 11:35:11 2024


           Step           Time
       82000000   2050000.00000

   Energies (kJ/mol)
           Bond       G96Angle        LJ (SR)   Coulomb (SR)      Potential
    1.92690e+05    5.16901e+04   -5.34284e+06   -6.23790e+04   -5.16084e+06
    Kinetic En.   Total Energy  Conserved En.    Temperature Pressure (bar)
    9.47593e+05   -4.21325e+06   -1.78804e+09    3.11644e+02    2.19911e+00

           Step           Time
       82400000   2060000.00000

   Energies (kJ/mol)
           Bond       G96Angle        LJ (SR)   Coulomb (SR)      Potential
    1.94315e+05    5.18384e+04   -5.34181e+06   -6.19377e+04   -5.15759e+06
    Kinetic En.   Total Energy  Conserved En.    Temperature Pressure (bar)
    9.57078e+05   -4.20051e+06   -1.79674e+09    3.14764e+02    1.00972e+01

Writing checkpoint, step 82723925 at Tue Mar 26 11:50:11 2024


           Step           Time
       82800000   2070000.00000

   Energies (kJ/mol)
           Bond       G96Angle        LJ (SR)   Coulomb (SR)      Potential
    1.93350e+05    5.21417e+04   -5.34364e+06   -6.26335e+04   -5.16078e+06
    Kinetic En.   Total Energy  Conserved En.    Temperature Pressure (bar)
    9.51234e+05   -4.20955e+06   -1.80545e+09    3.12842e+02    2.15188e+00

           Step           Time
       83200000   2080000.00000

   Energies (kJ/mol)
           Bond       G96Angle        LJ (SR)   Coulomb (SR)      Potential
    1.92815e+05    5.19004e+04   -5.34608e+06   -6.20026e+04   -5.16337e+06
    Kinetic En.   Total Energy  Conserved En.    Temperature Pressure (bar)
    9.51695e+05   -4.21167e+06   -1.81415e+09    3.12993e+02    6.74451e+00

           Step           Time
       83600000   2090000.00000

   Energies (kJ/mol)
           Bond       G96Angle        LJ (SR)   Coulomb (SR)      Potential
    1.92703e+05    5.19300e+04   -5.34630e+06   -6.19239e+04   -5.16359e+06
    Kinetic En.   Total Energy  Conserved En.    Temperature Pressure (bar)
    9.52929e+05   -4.21066e+06   -1.82286e+09    3.13399e+02   -1.57720e+00

Writing checkpoint, step 83633825 at Tue Mar 26 12:05:11 2024


           Step           Time
       84000000   2100000.00000

   Energies (kJ/mol)
           Bond       G96Angle        LJ (SR)   Coulomb (SR)      Potential
    1.93216e+05    5.19580e+04   -5.34230e+06   -6.21441e+04   -5.15927e+06
    Kinetic En.   Total Energy  Conserved En.    Temperature Pressure (bar)
    9.56209e+05   -4.20307e+06   -1.83156e+09    3.14478e+02    1.21873e+01

           Step           Time
       84400000   2110000.00000

   Energies (kJ/mol)
           Bond       G96Angle        LJ (SR)   Coulomb (SR)      Potential
    1.93102e+05    5.15231e+04   -5.34540e+06   -6.22793e+04   -5.16306e+06
    Kinetic En.   Total Energy  Conserved En.    Temperature Pressure (bar)
    9.48946e+05   -4.21411e+06   -1.84026e+09    3.12089e+02   -1.48189e+00

Writing checkpoint, step 84520625 at Tue Mar 26 12:20:11 2024


           Step           Time
       84800000   2120000.00000

   Energies (kJ/mol)
           Bond       G96Angle        LJ (SR)   Coulomb (SR)      Potential
    1.93657e+05    5.19420e+04   -5.34959e+06   -6.24477e+04   -5.16644e+06
    Kinetic En.   Total Energy  Conserved En.    Temperature Pressure (bar)
    9.48969e+05   -4.21747e+06   -1.84897e+09    3.12097e+02   -2.46425e+00

           Step           Time
       85200000   2130000.00000

   Energies (kJ/mol)
           Bond       G96Angle        LJ (SR)   Coulomb (SR)      Potential
    1.93286e+05    5.19563e+04   -5.34613e+06   -6.19342e+04   -5.16282e+06
    Kinetic En.   Total Energy  Conserved En.    Temperature Pressure (bar)
    9.50734e+05   -4.21209e+06   -1.85768e+09    3.12677e+02   -1.14168e+00

Writing checkpoint, step 85387775 at Tue Mar 26 12:35:11 2024


           Step           Time
       85600000   2140000.00000

   Energies (kJ/mol)
           Bond       G96Angle        LJ (SR)   Coulomb (SR)      Potential
    1.92404e+05    5.18084e+04   -5.34603e+06   -6.24130e+04   -5.16423e+06
    Kinetic En.   Total Energy  Conserved En.    Temperature Pressure (bar)
    9.47822e+05   -4.21641e+06   -1.86639e+09    3.11720e+02    3.53228e+00

           Step           Time
       86000000   2150000.00000

   Energies (kJ/mol)
           Bond       G96Angle        LJ (SR)   Coulomb (SR)      Potential
    1.92262e+05    5.19316e+04   -5.35216e+06   -6.21723e+04   -5.17013e+06
    Kinetic En.   Total Energy  Conserved En.    Temperature Pressure (bar)
    9.48059e+05   -4.22208e+06   -1.87510e+09    3.11797e+02   -8.92653e+00

Writing checkpoint, step 86269975 at Tue Mar 26 12:50:11 2024


           Step           Time
       86400000   2160000.00000

   Energies (kJ/mol)
           Bond       G96Angle        LJ (SR)   Coulomb (SR)      Potential
    1.93911e+05    5.24397e+04   -5.34750e+06   -6.20271e+04   -5.16318e+06
    Kinetic En.   Total Energy  Conserved En.    Temperature Pressure (bar)
    9.48673e+05   -4.21450e+06   -1.88379e+09    3.11999e+02   -2.18231e+00

           Step           Time
       86800000   2170000.00000

   Energies (kJ/mol)
           Bond       G96Angle        LJ (SR)   Coulomb (SR)      Potential
    1.92653e+05    5.20927e+04   -5.34271e+06   -6.19231e+04   -5.15989e+06
    Kinetic En.   Total Energy  Conserved En.    Temperature Pressure (bar)
    9.51168e+05   -4.20872e+06   -1.89250e+09    3.12820e+02    6.67894e+00

Writing checkpoint, step 87183225 at Tue Mar 26 13:05:11 2024


           Step           Time
       87200000   2180000.00000

   Energies (kJ/mol)
           Bond       G96Angle        LJ (SR)   Coulomb (SR)      Potential
    1.93195e+05    5.19466e+04   -5.34729e+06   -6.18157e+04   -5.16397e+06
    Kinetic En.   Total Energy  Conserved En.    Temperature Pressure (bar)
    9.47983e+05   -4.21598e+06   -1.90121e+09    3.11773e+02   -3.21350e+00

           Step           Time
       87600000   2190000.00000

   Energies (kJ/mol)
           Bond       G96Angle        LJ (SR)   Coulomb (SR)      Potential
    1.93113e+05    5.14948e+04   -5.34831e+06   -6.26629e+04   -5.16636e+06
    Kinetic En.   Total Energy  Conserved En.    Temperature Pressure (bar)
    9.50060e+05   -4.21630e+06   -1.90993e+09    3.12456e+02    4.71815e-01

           Step           Time
       88000000   2200000.00000

   Energies (kJ/mol)
           Bond       G96Angle        LJ (SR)   Coulomb (SR)      Potential
    1.94049e+05    5.20966e+04   -5.34747e+06   -6.23486e+04   -5.16367e+06
    Kinetic En.   Total Energy  Conserved En.    Temperature Pressure (bar)
    9.51331e+05   -4.21234e+06   -1.91863e+09    3.12873e+02   -2.50659e+00

Writing checkpoint, step 88121175 at Tue Mar 26 13:20:11 2024


           Step           Time
       88400000   2210000.00000

   Energies (kJ/mol)
           Bond       G96Angle        LJ (SR)   Coulomb (SR)      Potential
    1.94095e+05    5.17531e+04   -5.34755e+06   -6.18586e+04   -5.16356e+06
    Kinetic En.   Total Energy  Conserved En.    Temperature Pressure (bar)
    9.49679e+05   -4.21388e+06   -1.92731e+09    3.12330e+02   -9.62123e+00

           Step           Time
       88800000   2220000.00000

   Energies (kJ/mol)
           Bond       G96Angle        LJ (SR)   Coulomb (SR)      Potential
    1.93513e+05    5.16461e+04   -5.34294e+06   -6.21142e+04   -5.15990e+06
    Kinetic En.   Total Energy  Conserved En.    Temperature Pressure (bar)
    9.53774e+05   -4.20613e+06   -1.93600e+09    3.13677e+02    7.40703e+00

Writing checkpoint, step 89009500 at Tue Mar 26 13:35:11 2024


           Step           Time
       89200000   2230000.00000

   Energies (kJ/mol)
           Bond       G96Angle        LJ (SR)   Coulomb (SR)      Potential
    1.93254e+05    5.19197e+04   -5.34493e+06   -6.18182e+04   -5.16157e+06
    Kinetic En.   Total Energy  Conserved En.    Temperature Pressure (bar)
    9.51647e+05   -4.20992e+06   -1.94469e+09    3.12978e+02    3.85868e+00

           Step           Time
       89600000   2240000.00000

   Energies (kJ/mol)
           Bond       G96Angle        LJ (SR)   Coulomb (SR)      Potential
    1.93257e+05    5.15527e+04   -5.34906e+06   -6.27454e+04   -5.16700e+06
    Kinetic En.   Total Energy  Conserved En.    Temperature Pressure (bar)
    9.51422e+05   -4.21557e+06   -1.95339e+09    3.12904e+02   -1.19788e+00

Writing checkpoint, step 89938350 at Tue Mar 26 13:50:11 2024


           Step           Time
       90000000   2250000.00000

   Energies (kJ/mol)
           Bond       G96Angle        LJ (SR)   Coulomb (SR)      Potential
    1.93368e+05    5.18944e+04   -5.34886e+06   -6.22419e+04   -5.16584e+06
    Kinetic En.   Total Energy  Conserved En.    Temperature Pressure (bar)
    9.48655e+05   -4.21719e+06   -1.96210e+09    3.11994e+02   -9.36186e-01

           Step           Time
       90400000   2260000.00000

   Energies (kJ/mol)
           Bond       G96Angle        LJ (SR)   Coulomb (SR)      Potential
    1.92642e+05    5.21736e+04   -5.34766e+06   -6.18822e+04   -5.16473e+06
    Kinetic En.   Total Energy  Conserved En.    Temperature Pressure (bar)
    9.53436e+05   -4.21129e+06   -1.97079e+09    3.13566e+02   -1.27712e+01

           Step           Time
       90800000   2270000.00000

   Energies (kJ/mol)
           Bond       G96Angle        LJ (SR)   Coulomb (SR)      Potential
    1.93020e+05    5.19886e+04   -5.34468e+06   -6.15217e+04   -5.16119e+06
    Kinetic En.   Total Energy  Conserved En.    Temperature Pressure (bar)
    9.50175e+05   -4.21102e+06   -1.97950e+09    3.12493e+02    4.93814e+00

Writing checkpoint, step 90872450 at Tue Mar 26 14:05:11 2024


           Step           Time
       91200000   2280000.00000

   Energies (kJ/mol)
           Bond       G96Angle        LJ (SR)   Coulomb (SR)      Potential
    1.94137e+05    5.12087e+04   -5.34334e+06   -6.20566e+04   -5.16005e+06
    Kinetic En.   Total Energy  Conserved En.    Temperature Pressure (bar)
    9.51278e+05   -4.20877e+06   -1.98821e+09    3.12856e+02    8.30069e+00

           Step           Time
       91600000   2290000.00000

   Energies (kJ/mol)
           Bond       G96Angle        LJ (SR)   Coulomb (SR)      Potential
    1.91742e+05    5.22064e+04   -5.34196e+06   -6.21194e+04   -5.16013e+06
    Kinetic En.   Total Energy  Conserved En.    Temperature Pressure (bar)
    9.54307e+05   -4.20583e+06   -1.99691e+09    3.13852e+02    1.95790e+01

Writing checkpoint, step 91810800 at Tue Mar 26 14:20:11 2024


           Step           Time
       92000000   2300000.00000

   Energies (kJ/mol)
           Bond       G96Angle        LJ (SR)   Coulomb (SR)      Potential
    1.92615e+05    5.17045e+04   -5.34723e+06   -6.18264e+04   -5.16473e+06
    Kinetic En.   Total Energy  Conserved En.    Temperature Pressure (bar)
    9.48426e+05   -4.21631e+06   -2.00562e+09    3.11918e+02   -3.58911e+00

           Step           Time
       92400000   2310000.00000

   Energies (kJ/mol)
           Bond       G96Angle        LJ (SR)   Coulomb (SR)      Potential
    1.93156e+05    5.17519e+04   -5.34426e+06   -6.25507e+04   -5.16191e+06
    Kinetic En.   Total Energy  Conserved En.    Temperature Pressure (bar)
    9.53146e+05   -4.20876e+06   -2.01432e+09    3.13471e+02   -5.37752e+00

Writing checkpoint, step 92741450 at Tue Mar 26 14:35:11 2024


           Step           Time
       92800000   2320000.00000

   Energies (kJ/mol)
           Bond       G96Angle        LJ (SR)   Coulomb (SR)      Potential
    1.93873e+05    5.15034e+04   -5.34292e+06   -6.22219e+04   -5.15976e+06
    Kinetic En.   Total Energy  Conserved En.    Temperature Pressure (bar)
    9.51615e+05   -4.20815e+06   -2.02302e+09    3.12967e+02   -7.17403e-01

           Step           Time
       93200000   2330000.00000

   Energies (kJ/mol)
           Bond       G96Angle        LJ (SR)   Coulomb (SR)      Potential
    1.93225e+05    5.12810e+04   -5.34455e+06   -6.24957e+04   -5.16254e+06
    Kinetic En.   Total Energy  Conserved En.    Temperature Pressure (bar)
    9.52762e+05   -4.20978e+06   -2.03170e+09    3.13344e+02   -3.75759e+00

           Step           Time
       93600000   2340000.00000

   Energies (kJ/mol)
           Bond       G96Angle        LJ (SR)   Coulomb (SR)      Potential
    1.93519e+05    5.15324e+04   -5.34226e+06   -6.23714e+04   -5.15958e+06
    Kinetic En.   Total Energy  Conserved En.    Temperature Pressure (bar)
    9.55513e+05   -4.20407e+06   -2.04040e+09    3.14249e+02    3.65665e+00

Writing checkpoint, step 93690900 at Tue Mar 26 14:50:11 2024


           Step           Time
       94000000   2350000.00000

   Energies (kJ/mol)
           Bond       G96Angle        LJ (SR)   Coulomb (SR)      Potential
    1.93830e+05    5.17631e+04   -5.34459e+06   -6.15733e+04   -5.16057e+06
    Kinetic En.   Total Energy  Conserved En.    Temperature Pressure (bar)
    9.50534e+05   -4.21003e+06   -2.04910e+09    3.12611e+02    1.15267e+01

           Step           Time
       94400000   2360000.00000

   Energies (kJ/mol)
           Bond       G96Angle        LJ (SR)   Coulomb (SR)      Potential
    1.93002e+05    5.12974e+04   -5.34377e+06   -6.19156e+04   -5.16139e+06
    Kinetic En.   Total Energy  Conserved En.    Temperature Pressure (bar)
    9.50257e+05   -4.21113e+06   -2.05780e+09    3.12520e+02    2.28681e+00

Writing checkpoint, step 94620250 at Tue Mar 26 15:05:11 2024


           Step           Time
       94800000   2370000.00000

   Energies (kJ/mol)
           Bond       G96Angle        LJ (SR)   Coulomb (SR)      Potential
    1.93782e+05    5.21312e+04   -5.34507e+06   -6.26018e+04   -5.16176e+06
    Kinetic En.   Total Energy  Conserved En.    Temperature Pressure (bar)
    9.52802e+05   -4.20895e+06   -2.06650e+09    3.13358e+02    1.25984e+00

           Step           Time
       95200000   2380000.00000

   Energies (kJ/mol)
           Bond       G96Angle        LJ (SR)   Coulomb (SR)      Potential
    1.93811e+05    5.23060e+04   -5.34707e+06   -6.25824e+04   -5.16354e+06
    Kinetic En.   Total Energy  Conserved En.    Temperature Pressure (bar)
    9.50573e+05   -4.21297e+06   -2.07521e+09    3.12624e+02    4.88281e-01

Writing checkpoint, step 95526550 at Tue Mar 26 15:20:11 2024


           Step           Time
       95600000   2390000.00000

   Energies (kJ/mol)
           Bond       G96Angle        LJ (SR)   Coulomb (SR)      Potential
    1.93559e+05    5.21331e+04   -5.34450e+06   -6.13815e+04   -5.16019e+06
    Kinetic En.   Total Energy  Conserved En.    Temperature Pressure (bar)
    9.46981e+05   -4.21321e+06   -2.08392e+09    3.11443e+02    2.37484e+00

           Step           Time
       96000000   2400000.00000

   Energies (kJ/mol)
           Bond       G96Angle        LJ (SR)   Coulomb (SR)      Potential
    1.93103e+05    5.22284e+04   -5.34659e+06   -6.15792e+04   -5.16284e+06
    Kinetic En.   Total Energy  Conserved En.    Temperature Pressure (bar)
    9.49244e+05   -4.21360e+06   -2.09263e+09    3.12187e+02   -3.44782e+00

           Step           Time
       96400000   2410000.00000

   Energies (kJ/mol)
           Bond       G96Angle        LJ (SR)   Coulomb (SR)      Potential
    1.93854e+05    5.17979e+04   -5.34417e+06   -6.16893e+04   -5.16021e+06
    Kinetic En.   Total Energy  Conserved En.    Temperature Pressure (bar)
    9.51669e+05   -4.20854e+06   -2.10133e+09    3.12985e+02   -1.47882e+00

Writing checkpoint, step 96455550 at Tue Mar 26 15:35:11 2024


           Step           Time
       96800000   2420000.00000

   Energies (kJ/mol)
           Bond       G96Angle        LJ (SR)   Coulomb (SR)      Potential
    1.93682e+05    5.17369e+04   -5.34798e+06   -6.23473e+04   -5.16491e+06
    Kinetic En.   Total Energy  Conserved En.    Temperature Pressure (bar)
    9.53438e+05   -4.21147e+06   -2.11003e+09    3.13567e+02    3.24597e+00

           Step           Time
       97200000   2430000.00000

   Energies (kJ/mol)
           Bond       G96Angle        LJ (SR)   Coulomb (SR)      Potential
    1.92876e+05    5.21602e+04   -5.34464e+06   -6.21734e+04   -5.16178e+06
    Kinetic En.   Total Energy  Conserved En.    Temperature Pressure (bar)
    9.52831e+05   -4.20895e+06   -2.11874e+09    3.13367e+02   -1.67246e+00

Writing checkpoint, step 97383325 at Tue Mar 26 15:50:11 2024


           Step           Time
       97600000   2440000.00000

   Energies (kJ/mol)
           Bond       G96Angle        LJ (SR)   Coulomb (SR)      Potential
    1.93253e+05    5.21267e+04   -5.34441e+06   -6.22757e+04   -5.16131e+06
    Kinetic En.   Total Energy  Conserved En.    Temperature Pressure (bar)
    9.50678e+05   -4.21063e+06   -2.12744e+09    3.12659e+02    9.90306e+00

           Step           Time
       98000000   2450000.00000

   Energies (kJ/mol)
           Bond       G96Angle        LJ (SR)   Coulomb (SR)      Potential
    1.92472e+05    5.18207e+04   -5.34924e+06   -6.16320e+04   -5.16658e+06
    Kinetic En.   Total Energy  Conserved En.    Temperature Pressure (bar)
    9.50033e+05   -4.21655e+06   -2.13613e+09    3.12447e+02   -3.17024e+00

Writing checkpoint, step 98288850 at Tue Mar 26 16:05:11 2024


           Step           Time
       98400000   2460000.00000

   Energies (kJ/mol)
           Bond       G96Angle        LJ (SR)   Coulomb (SR)      Potential
    1.93283e+05    5.17835e+04   -5.34501e+06   -6.21751e+04   -5.16212e+06
    Kinetic En.   Total Energy  Conserved En.    Temperature Pressure (bar)
    9.50113e+05   -4.21201e+06   -2.14482e+09    3.12473e+02   -8.81583e+00

           Step           Time
       98800000   2470000.00000

   Energies (kJ/mol)
           Bond       G96Angle        LJ (SR)   Coulomb (SR)      Potential
    1.93637e+05    5.21649e+04   -5.34968e+06   -6.18627e+04   -5.16574e+06
    Kinetic En.   Total Energy  Conserved En.    Temperature Pressure (bar)
    9.49502e+05   -4.21623e+06   -2.15352e+09    3.12272e+02   -1.24929e+01

Writing checkpoint, step 99194325 at Tue Mar 26 16:20:11 2024


           Step           Time
       99200000   2480000.00000

   Energies (kJ/mol)
           Bond       G96Angle        LJ (SR)   Coulomb (SR)      Potential
    1.92938e+05    5.24117e+04   -5.34510e+06   -6.19613e+04   -5.16172e+06
    Kinetic En.   Total Energy  Conserved En.    Temperature Pressure (bar)
    9.53085e+05   -4.20863e+06   -2.16221e+09    3.13450e+02    6.67986e+00

           Step           Time
       99600000   2490000.00000

   Energies (kJ/mol)
           Bond       G96Angle        LJ (SR)   Coulomb (SR)      Potential
    1.92584e+05    5.22976e+04   -5.34660e+06   -6.18629e+04   -5.16358e+06
    Kinetic En.   Total Energy  Conserved En.    Temperature Pressure (bar)
    9.47670e+05   -4.21591e+06   -2.17091e+09    3.11670e+02    1.02118e+00

           Step           Time
      100000000   2500000.00000

   Energies (kJ/mol)
           Bond       G96Angle        LJ (SR)   Coulomb (SR)      Potential
    1.93655e+05    5.22134e+04   -5.34548e+06   -6.26471e+04   -5.16226e+06
    Kinetic En.   Total Energy  Conserved En.    Temperature Pressure (bar)
    9.49145e+05   -4.21312e+06   -2.17960e+09    3.12155e+02    5.75505e+00

Writing checkpoint, step 100122100 at Tue Mar 26 16:35:11 2024


           Step           Time
      100400000   2510000.00000

   Energies (kJ/mol)
           Bond       G96Angle        LJ (SR)   Coulomb (SR)      Potential
    1.94032e+05    5.22837e+04   -5.34310e+06   -6.18724e+04   -5.15866e+06
    Kinetic En.   Total Energy  Conserved En.    Temperature Pressure (bar)
    9.52635e+05   -4.20602e+06   -2.18830e+09    3.13303e+02    4.97667e+00

           Step           Time
      100800000   2520000.00000

   Energies (kJ/mol)
           Bond       G96Angle        LJ (SR)   Coulomb (SR)      Potential
    1.93089e+05    5.17897e+04   -5.34856e+06   -6.20975e+04   -5.16578e+06
    Kinetic En.   Total Energy  Conserved En.    Temperature Pressure (bar)
    9.47720e+05   -4.21806e+06   -2.19699e+09    3.11686e+02   -5.26328e+00

Writing checkpoint, step 101036200 at Tue Mar 26 16:50:11 2024


           Step           Time
      101200000   2530000.00000

   Energies (kJ/mol)
           Bond       G96Angle        LJ (SR)   Coulomb (SR)      Potential
    1.93663e+05    5.22022e+04   -5.34590e+06   -6.18108e+04   -5.16185e+06
    Kinetic En.   Total Energy  Conserved En.    Temperature Pressure (bar)
    9.50847e+05   -4.21100e+06   -2.20570e+09    3.12714e+02   -7.16740e-01

           Step           Time
      101600000   2540000.00000

   Energies (kJ/mol)
           Bond       G96Angle        LJ (SR)   Coulomb (SR)      Potential
    1.93038e+05    5.16163e+04   -5.34475e+06   -6.25227e+04   -5.16262e+06
    Kinetic En.   Total Energy  Conserved En.    Temperature Pressure (bar)
    9.52401e+05   -4.21022e+06   -2.21441e+09    3.13225e+02    5.36606e+00

Writing checkpoint, step 101972575 at Tue Mar 26 17:05:11 2024


           Step           Time
      102000000   2550000.00000

   Energies (kJ/mol)
           Bond       G96Angle        LJ (SR)   Coulomb (SR)      Potential
    1.92737e+05    5.20029e+04   -5.34501e+06   -6.23983e+04   -5.16267e+06
    Kinetic En.   Total Energy  Conserved En.    Temperature Pressure (bar)
    9.51783e+05   -4.21089e+06   -2.22312e+09    3.13022e+02   -1.86275e+00

           Step           Time
      102400000   2560000.00000

   Energies (kJ/mol)
           Bond       G96Angle        LJ (SR)   Coulomb (SR)      Potential
    1.93541e+05    5.15897e+04   -5.34640e+06   -6.20576e+04   -5.16333e+06
    Kinetic En.   Total Energy  Conserved En.    Temperature Pressure (bar)
    9.50952e+05   -4.21238e+06   -2.23182e+09    3.12749e+02   -7.64244e+00

           Step           Time
      102800000   2570000.00000

   Energies (kJ/mol)
           Bond       G96Angle        LJ (SR)   Coulomb (SR)      Potential
    1.93997e+05    5.14771e+04   -5.34876e+06   -6.26112e+04   -5.16590e+06
    Kinetic En.   Total Energy  Conserved En.    Temperature Pressure (bar)
    9.53484e+05   -4.21242e+06   -2.24053e+09    3.13582e+02    9.89838e-01

Writing checkpoint, step 102914425 at Tue Mar 26 17:20:11 2024


           Step           Time
      103200000   2580000.00000

   Energies (kJ/mol)
           Bond       G96Angle        LJ (SR)   Coulomb (SR)      Potential
    1.92904e+05    5.19001e+04   -5.34365e+06   -6.08622e+04   -5.15971e+06
    Kinetic En.   Total Energy  Conserved En.    Temperature Pressure (bar)
    9.52112e+05   -4.20760e+06   -2.24923e+09    3.13130e+02    6.66460e+00

           Step           Time
      103600000   2590000.00000

   Energies (kJ/mol)
           Bond       G96Angle        LJ (SR)   Coulomb (SR)      Potential
    1.93137e+05    5.19972e+04   -5.34510e+06   -6.20468e+04   -5.16201e+06
    Kinetic En.   Total Energy  Conserved En.    Temperature Pressure (bar)
    9.52342e+05   -4.20967e+06   -2.25793e+09    3.13206e+02   -2.60396e+00

Writing checkpoint, step 103802750 at Tue Mar 26 17:35:11 2024


           Step           Time
      104000000   2600000.00000

   Energies (kJ/mol)
           Bond       G96Angle        LJ (SR)   Coulomb (SR)      Potential
    1.93019e+05    5.23337e+04   -5.34568e+06   -6.19750e+04   -5.16230e+06
    Kinetic En.   Total Energy  Conserved En.    Temperature Pressure (bar)
    9.51818e+05   -4.21048e+06   -2.26663e+09    3.13034e+02    1.35617e+00

           Step           Time
      104400000   2610000.00000

   Energies (kJ/mol)
           Bond       G96Angle        LJ (SR)   Coulomb (SR)      Potential
    1.93852e+05    5.18912e+04   -5.34448e+06   -6.23609e+04   -5.16110e+06
    Kinetic En.   Total Energy  Conserved En.    Temperature Pressure (bar)
    9.48649e+05   -4.21245e+06   -2.27534e+09    3.11992e+02    4.00283e+00

Writing checkpoint, step 104713050 at Tue Mar 26 17:50:11 2024


           Step           Time
      104800000   2620000.00000

   Energies (kJ/mol)
           Bond       G96Angle        LJ (SR)   Coulomb (SR)      Potential
    1.92590e+05    5.12865e+04   -5.34276e+06   -6.25821e+04   -5.16146e+06
    Kinetic En.   Total Energy  Conserved En.    Temperature Pressure (bar)
    9.51538e+05   -4.20992e+06   -2.28403e+09    3.12942e+02    7.72295e+00

           Step           Time
      105200000   2630000.00000

   Energies (kJ/mol)
           Bond       G96Angle        LJ (SR)   Coulomb (SR)      Potential
    1.93337e+05    5.18818e+04   -5.34550e+06   -6.24878e+04   -5.16277e+06
    Kinetic En.   Total Energy  Conserved En.    Temperature Pressure (bar)
    9.51903e+05   -4.21087e+06   -2.29273e+09    3.13062e+02    7.24453e+00

           Step           Time
      105600000   2640000.00000

   Energies (kJ/mol)
           Bond       G96Angle        LJ (SR)   Coulomb (SR)      Potential
    1.91909e+05    5.17932e+04   -5.34692e+06   -6.24647e+04   -5.16568e+06
    Kinetic En.   Total Energy  Conserved En.    Temperature Pressure (bar)
    9.50098e+05   -4.21558e+06   -2.30144e+09    3.12468e+02   -8.76709e-01

Writing checkpoint, step 105655675 at Tue Mar 26 18:05:11 2024


           Step           Time
      106000000   2650000.00000

   Energies (kJ/mol)
           Bond       G96Angle        LJ (SR)   Coulomb (SR)      Potential
    1.92823e+05    5.20926e+04   -5.34282e+06   -6.18321e+04   -5.15974e+06
    Kinetic En.   Total Energy  Conserved En.    Temperature Pressure (bar)
    9.51255e+05   -4.20848e+06   -2.31015e+09    3.12849e+02    1.06084e+01

           Step           Time
      106400000   2660000.00000

   Energies (kJ/mol)
           Bond       G96Angle        LJ (SR)   Coulomb (SR)      Potential
    1.92014e+05    5.12890e+04   -5.34808e+06   -6.17282e+04   -5.16650e+06
    Kinetic En.   Total Energy  Conserved En.    Temperature Pressure (bar)
    9.50633e+05   -4.21587e+06   -2.31886e+09    3.12644e+02   -6.22574e-01

Writing checkpoint, step 106547000 at Tue Mar 26 18:20:11 2024


           Step           Time
      106800000   2670000.00000

   Energies (kJ/mol)
           Bond       G96Angle        LJ (SR)   Coulomb (SR)      Potential
    1.93526e+05    5.21228e+04   -5.34864e+06   -6.19670e+04   -5.16496e+06
    Kinetic En.   Total Energy  Conserved En.    Temperature Pressure (bar)
    9.50501e+05   -4.21446e+06   -2.32758e+09    3.12601e+02   -5.12779e+00

           Step           Time
      107200000   2680000.00000

   Energies (kJ/mol)
           Bond       G96Angle        LJ (SR)   Coulomb (SR)      Potential
    1.92977e+05    5.21063e+04   -5.34638e+06   -6.15330e+04   -5.16283e+06
    Kinetic En.   Total Energy  Conserved En.    Temperature Pressure (bar)
    9.50398e+05   -4.21243e+06   -2.33628e+09    3.12567e+02    3.02016e+00

Writing checkpoint, step 107491125 at Tue Mar 26 18:35:11 2024


           Step           Time
      107600000   2690000.00000

   Energies (kJ/mol)
           Bond       G96Angle        LJ (SR)   Coulomb (SR)      Potential
    1.93835e+05    5.20230e+04   -5.34787e+06   -6.16534e+04   -5.16366e+06
    Kinetic En.   Total Energy  Conserved En.    Temperature Pressure (bar)
    9.49262e+05   -4.21440e+06   -2.34497e+09    3.12193e+02   -5.62123e+00

           Step           Time
      108000000   2700000.00000

   Energies (kJ/mol)
           Bond       G96Angle        LJ (SR)   Coulomb (SR)      Potential
    1.93492e+05    5.20182e+04   -5.34073e+06   -6.20560e+04   -5.15728e+06
    Kinetic En.   Total Energy  Conserved En.    Temperature Pressure (bar)
    9.56076e+05   -4.20120e+06   -2.35366e+09    3.14434e+02    7.95753e+00

Writing checkpoint, step 108338850 at Tue Mar 26 18:50:11 2024


           Step           Time
      108400000   2710000.00000

   Energies (kJ/mol)
           Bond       G96Angle        LJ (SR)   Coulomb (SR)      Potential
    1.94756e+05    5.19081e+04   -5.34320e+06   -6.19738e+04   -5.15851e+06
    Kinetic En.   Total Energy  Conserved En.    Temperature Pressure (bar)
    9.47253e+05   -4.21126e+06   -2.36236e+09    3.11533e+02   -1.87322e+00

           Step           Time
      108800000   2720000.00000

   Energies (kJ/mol)
           Bond       G96Angle        LJ (SR)   Coulomb (SR)      Potential
    1.92580e+05    5.15382e+04   -5.34534e+06   -6.19218e+04   -5.16314e+06
    Kinetic En.   Total Energy  Conserved En.    Temperature Pressure (bar)
    9.47744e+05   -4.21540e+06   -2.37105e+09    3.11694e+02   -5.39783e+00

           Step           Time
      109200000   2730000.00000

   Energies (kJ/mol)
           Bond       G96Angle        LJ (SR)   Coulomb (SR)      Potential
    1.93469e+05    5.17298e+04   -5.34550e+06   -6.17884e+04   -5.16209e+06
    Kinetic En.   Total Energy  Conserved En.    Temperature Pressure (bar)
    9.50960e+05   -4.21113e+06   -2.37976e+09    3.12752e+02    3.93196e+00

Writing checkpoint, step 109281000 at Tue Mar 26 19:05:11 2024


           Step           Time
      109600000   2740000.00000

   Energies (kJ/mol)
           Bond       G96Angle        LJ (SR)   Coulomb (SR)      Potential
    1.94224e+05    5.18916e+04   -5.34520e+06   -6.24287e+04   -5.16151e+06
    Kinetic En.   Total Energy  Conserved En.    Temperature Pressure (bar)
    9.53857e+05   -4.20765e+06   -2.38846e+09    3.13704e+02    2.08134e+00

           Step           Time
      110000000   2750000.00000

   Energies (kJ/mol)
           Bond       G96Angle        LJ (SR)   Coulomb (SR)      Potential
    1.92916e+05    5.21060e+04   -5.34508e+06   -6.20797e+04   -5.16214e+06
    Kinetic En.   Total Energy  Conserved En.    Temperature Pressure (bar)
    9.49352e+05   -4.21279e+06   -2.39717e+09    3.12223e+02   -3.48259e+00

Writing checkpoint, step 110220800 at Tue Mar 26 19:20:11 2024


           Step           Time
      110400000   2760000.00000

   Energies (kJ/mol)
           Bond       G96Angle        LJ (SR)   Coulomb (SR)      Potential
    1.93171e+05    5.15862e+04   -5.34726e+06   -6.23024e+04   -5.16480e+06
    Kinetic En.   Total Energy  Conserved En.    Temperature Pressure (bar)
    9.49369e+05   -4.21543e+06   -2.40588e+09    3.12228e+02    2.98271e+00

           Step           Time
      110800000   2770000.00000

   Energies (kJ/mol)
           Bond       G96Angle        LJ (SR)   Coulomb (SR)      Potential
    1.93419e+05    5.17158e+04   -5.34837e+06   -6.20270e+04   -5.16526e+06
    Kinetic En.   Total Energy  Conserved En.    Temperature Pressure (bar)
    9.49531e+05   -4.21573e+06   -2.41458e+09    3.12282e+02   -6.41143e+00

Writing checkpoint, step 111103125 at Tue Mar 26 19:35:11 2024


           Step           Time
      111200000   2780000.00000

   Energies (kJ/mol)
           Bond       G96Angle        LJ (SR)   Coulomb (SR)      Potential
    1.93306e+05    5.16111e+04   -5.34649e+06   -6.22134e+04   -5.16378e+06
    Kinetic En.   Total Energy  Conserved En.    Temperature Pressure (bar)
    9.52619e+05   -4.21116e+06   -2.42328e+09    3.13297e+02   -1.13495e-01

           Step           Time
      111600000   2790000.00000

   Energies (kJ/mol)
           Bond       G96Angle        LJ (SR)   Coulomb (SR)      Potential
    1.94267e+05    5.23120e+04   -5.34503e+06   -6.19964e+04   -5.16045e+06
    Kinetic En.   Total Energy  Conserved En.    Temperature Pressure (bar)
    9.53559e+05   -4.20689e+06   -2.43199e+09    3.13606e+02   -2.75220e+00

           Step           Time
      112000000   2800000.00000

   Energies (kJ/mol)
           Bond       G96Angle        LJ (SR)   Coulomb (SR)      Potential
    1.93860e+05    5.19598e+04   -5.34781e+06   -6.16623e+04   -5.16366e+06
    Kinetic En.   Total Energy  Conserved En.    Temperature Pressure (bar)
    9.51013e+05   -4.21264e+06   -2.44069e+09    3.12769e+02    3.94366e+00

Writing checkpoint, step 112013750 at Tue Mar 26 19:50:11 2024


           Step           Time
      112400000   2810000.00000

   Energies (kJ/mol)
           Bond       G96Angle        LJ (SR)   Coulomb (SR)      Potential
    1.93876e+05    5.18505e+04   -5.34318e+06   -6.17046e+04   -5.15916e+06
    Kinetic En.   Total Energy  Conserved En.    Temperature Pressure (bar)
    9.52167e+05   -4.20699e+06   -2.44940e+09    3.13148e+02    5.77880e+00

           Step           Time
      112800000   2820000.00000

   Energies (kJ/mol)
           Bond       G96Angle        LJ (SR)   Coulomb (SR)      Potential
    1.93123e+05    5.21231e+04   -5.34416e+06   -6.21324e+04   -5.16104e+06
    Kinetic En.   Total Energy  Conserved En.    Temperature Pressure (bar)
    9.50111e+05   -4.21093e+06   -2.45810e+09    3.12472e+02    3.55573e+00

Writing checkpoint, step 112952850 at Tue Mar 26 20:05:11 2024


           Step           Time
      113200000   2830000.00000

   Energies (kJ/mol)
           Bond       G96Angle        LJ (SR)   Coulomb (SR)      Potential
    1.93146e+05    5.17592e+04   -5.34378e+06   -6.17285e+04   -5.16060e+06
    Kinetic En.   Total Energy  Conserved En.    Temperature Pressure (bar)
    9.54073e+05   -4.20653e+06   -2.46681e+09    3.13775e+02    5.06380e+00

           Step           Time
      113600000   2840000.00000

   Energies (kJ/mol)
           Bond       G96Angle        LJ (SR)   Coulomb (SR)      Potential
    1.92919e+05    5.24166e+04   -5.34154e+06   -6.19436e+04   -5.15815e+06
    Kinetic En.   Total Energy  Conserved En.    Temperature Pressure (bar)
    9.49066e+05   -4.20908e+06   -2.47551e+09    3.12129e+02    1.04770e+01

Writing checkpoint, step 113897400 at Tue Mar 26 20:20:11 2024


           Step           Time
      114000000   2850000.00000

   Energies (kJ/mol)
           Bond       G96Angle        LJ (SR)   Coulomb (SR)      Potential
    1.92548e+05    5.17731e+04   -5.34199e+06   -6.19697e+04   -5.15964e+06
    Kinetic En.   Total Energy  Conserved En.    Temperature Pressure (bar)
    9.50631e+05   -4.20901e+06   -2.48421e+09    3.12644e+02    9.00356e+00

           Step           Time
      114400000   2860000.00000

   Energies (kJ/mol)
           Bond       G96Angle        LJ (SR)   Coulomb (SR)      Potential
    1.93191e+05    5.15542e+04   -5.34694e+06   -6.18378e+04   -5.16403e+06
    Kinetic En.   Total Energy  Conserved En.    Temperature Pressure (bar)
    9.48329e+05   -4.21570e+06   -2.49290e+09    3.11886e+02   -1.10909e+01

           Step           Time
      114800000   2870000.00000

   Energies (kJ/mol)
           Bond       G96Angle        LJ (SR)   Coulomb (SR)      Potential
    1.92001e+05    5.16791e+04   -5.34853e+06   -6.19116e+04   -5.16676e+06
    Kinetic En.   Total Energy  Conserved En.    Temperature Pressure (bar)
    9.47573e+05   -4.21918e+06   -2.50160e+09    3.11638e+02   -4.85787e+00

Writing checkpoint, step 114820225 at Tue Mar 26 20:35:11 2024


           Step           Time
      115200000   2880000.00000

   Energies (kJ/mol)
           Bond       G96Angle        LJ (SR)   Coulomb (SR)      Potential
    1.94066e+05    5.16928e+04   -5.34678e+06   -6.21359e+04   -5.16315e+06
    Kinetic En.   Total Energy  Conserved En.    Temperature Pressure (bar)
    9.47907e+05   -4.21524e+06   -2.51029e+09    3.11748e+02   -5.22095e+00

           Step           Time
      115600000   2890000.00000

   Energies (kJ/mol)
           Bond       G96Angle        LJ (SR)   Coulomb (SR)      Potential
    1.92167e+05    5.21517e+04   -5.34717e+06   -6.15158e+04   -5.16436e+06
    Kinetic En.   Total Energy  Conserved En.    Temperature Pressure (bar)
    9.44947e+05   -4.21942e+06   -2.51898e+09    3.10774e+02   -7.56272e+00

Writing checkpoint, step 115728975 at Tue Mar 26 20:50:11 2024


           Step           Time
      116000000   2900000.00000

   Energies (kJ/mol)
           Bond       G96Angle        LJ (SR)   Coulomb (SR)      Potential
    1.94998e+05    5.15974e+04   -5.34524e+06   -6.18254e+04   -5.16047e+06
    Kinetic En.   Total Energy  Conserved En.    Temperature Pressure (bar)
    9.54966e+05   -4.20551e+06   -2.52768e+09    3.14069e+02   -2.74202e+00

           Step           Time
      116400000   2910000.00000

   Energies (kJ/mol)
           Bond       G96Angle        LJ (SR)   Coulomb (SR)      Potential
    1.94831e+05    5.16069e+04   -5.34275e+06   -6.20435e+04   -5.15835e+06
    Kinetic En.   Total Energy  Conserved En.    Temperature Pressure (bar)
    9.49767e+05   -4.20859e+06   -2.53638e+09    3.12359e+02    5.12503e+00

Writing checkpoint, step 116641575 at Tue Mar 26 21:05:11 2024


           Step           Time
      116800000   2920000.00000

   Energies (kJ/mol)
           Bond       G96Angle        LJ (SR)   Coulomb (SR)      Potential
    1.92959e+05    5.13840e+04   -5.34939e+06   -6.23625e+04   -5.16741e+06
    Kinetic En.   Total Energy  Conserved En.    Temperature Pressure (bar)
    9.46469e+05   -4.22094e+06   -2.54509e+09    3.11275e+02   -1.19372e+01

           Step           Time
      117200000   2930000.00000

   Energies (kJ/mol)
           Bond       G96Angle        LJ (SR)   Coulomb (SR)      Potential
    1.93358e+05    5.20514e+04   -5.34570e+06   -6.17950e+04   -5.16208e+06
    Kinetic En.   Total Energy  Conserved En.    Temperature Pressure (bar)
    9.46419e+05   -4.21566e+06   -2.55380e+09    3.11258e+02   -9.13390e-01

Writing checkpoint, step 117578800 at Tue Mar 26 21:20:11 2024


           Step           Time
      117600000   2940000.00000

   Energies (kJ/mol)
           Bond       G96Angle        LJ (SR)   Coulomb (SR)      Potential
    1.93200e+05    5.18113e+04   -5.33948e+06   -6.20647e+04   -5.15653e+06
    Kinetic En.   Total Energy  Conserved En.    Temperature Pressure (bar)
    9.53262e+05   -4.20327e+06   -2.56251e+09    3.13509e+02    1.30266e+01

           Step           Time
      118000000   2950000.00000

   Energies (kJ/mol)
           Bond       G96Angle        LJ (SR)   Coulomb (SR)      Potential
    1.93587e+05    5.18215e+04   -5.34549e+06   -6.19653e+04   -5.16204e+06
    Kinetic En.   Total Energy  Conserved En.    Temperature Pressure (bar)
    9.51807e+05   -4.21024e+06   -2.57120e+09    3.13030e+02    1.84588e-01

           Step           Time
      118400000   2960000.00000

   Energies (kJ/mol)
           Bond       G96Angle        LJ (SR)   Coulomb (SR)      Potential
    1.92518e+05    5.22573e+04   -5.34659e+06   -6.24675e+04   -5.16428e+06
    Kinetic En.   Total Energy  Conserved En.    Temperature Pressure (bar)
    9.48774e+05   -4.21551e+06   -2.57990e+09    3.12033e+02   -3.86106e+00

Writing checkpoint, step 118491650 at Tue Mar 26 21:35:11 2024


           Step           Time
      118800000   2970000.00000

   Energies (kJ/mol)
           Bond       G96Angle        LJ (SR)   Coulomb (SR)      Potential
    1.93326e+05    5.19135e+04   -5.34331e+06   -6.18745e+04   -5.15995e+06
    Kinetic En.   Total Energy  Conserved En.    Temperature Pressure (bar)
    9.52012e+05   -4.20794e+06   -2.58860e+09    3.13097e+02    3.71267e+00

           Step           Time
      119200000   2980000.00000

   Energies (kJ/mol)
           Bond       G96Angle        LJ (SR)   Coulomb (SR)      Potential
    1.93412e+05    5.26018e+04   -5.34402e+06   -6.24408e+04   -5.16045e+06
    Kinetic En.   Total Energy  Conserved En.    Temperature Pressure (bar)
    9.54739e+05   -4.20571e+06   -2.59731e+09    3.13994e+02    1.24729e+01

Writing checkpoint, step 119422900 at Tue Mar 26 21:50:11 2024


           Step           Time
      119600000   2990000.00000

   Energies (kJ/mol)
           Bond       G96Angle        LJ (SR)   Coulomb (SR)      Potential
    1.94169e+05    5.18384e+04   -5.34168e+06   -6.17930e+04   -5.15746e+06
    Kinetic En.   Total Energy  Conserved En.    Temperature Pressure (bar)
    9.49564e+05   -4.20790e+06   -2.60602e+09    3.12292e+02    4.03872e+00

           Step           Time
      120000000   3000000.00000

   Energies (kJ/mol)
           Bond       G96Angle        LJ (SR)   Coulomb (SR)      Potential
    1.93626e+05    5.16821e+04   -5.34685e+06   -6.16993e+04   -5.16324e+06
    Kinetic En.   Total Energy  Conserved En.    Temperature Pressure (bar)
    9.49179e+05   -4.21407e+06   -2.61472e+09    3.12166e+02   -5.01456e-01

Writing checkpoint, step 120366275 at Tue Mar 26 22:05:11 2024


           Step           Time
      120400000   3010000.00000

   Energies (kJ/mol)
           Bond       G96Angle        LJ (SR)   Coulomb (SR)      Potential
    1.95314e+05    5.18269e+04   -5.34200e+06   -6.22724e+04   -5.15713e+06
    Kinetic En.   Total Energy  Conserved En.    Temperature Pressure (bar)
    9.51917e+05   -4.20522e+06   -2.62342e+09    3.13066e+02    5.73273e+00

           Step           Time
      120800000   3020000.00000

   Energies (kJ/mol)
           Bond       G96Angle        LJ (SR)   Coulomb (SR)      Potential
    1.94827e+05    5.17455e+04   -5.34422e+06   -6.20821e+04   -5.15973e+06
    Kinetic En.   Total Energy  Conserved En.    Temperature Pressure (bar)
    9.53990e+05   -4.20574e+06   -2.63211e+09    3.13748e+02    1.11906e+01

           Step           Time
      121200000   3030000.00000

   Energies (kJ/mol)
           Bond       G96Angle        LJ (SR)   Coulomb (SR)      Potential
    1.93880e+05    5.17478e+04   -5.34556e+06   -6.19185e+04   -5.16185e+06
    Kinetic En.   Total Energy  Conserved En.    Temperature Pressure (bar)
    9.52172e+05   -4.20968e+06   -2.64081e+09    3.13150e+02   -9.73978e-01

Writing checkpoint, step 121301225 at Tue Mar 26 22:20:11 2024


           Step           Time
      121600000   3040000.00000

   Energies (kJ/mol)
           Bond       G96Angle        LJ (SR)   Coulomb (SR)      Potential
    1.93952e+05    5.14946e+04   -5.34315e+06   -6.15126e+04   -5.15922e+06
    Kinetic En.   Total Energy  Conserved En.    Temperature Pressure (bar)
    9.52306e+05   -4.20691e+06   -2.64952e+09    3.13194e+02    7.60019e+00

           Step           Time
      122000000   3050000.00000

   Energies (kJ/mol)
           Bond       G96Angle        LJ (SR)   Coulomb (SR)      Potential
    1.94357e+05    5.20697e+04   -5.34652e+06   -6.20673e+04   -5.16216e+06
    Kinetic En.   Total Energy  Conserved En.    Temperature Pressure (bar)
    9.52545e+05   -4.20962e+06   -2.65822e+09    3.13273e+02   -2.08937e+00

Writing checkpoint, step 122245950 at Tue Mar 26 22:35:11 2024


           Step           Time
      122400000   3060000.00000

   Energies (kJ/mol)
           Bond       G96Angle        LJ (SR)   Coulomb (SR)      Potential
    1.93006e+05    5.19625e+04   -5.34698e+06   -6.18889e+04   -5.16390e+06
    Kinetic En.   Total Energy  Conserved En.    Temperature Pressure (bar)
    9.51955e+05   -4.21195e+06   -2.66693e+09    3.13079e+02   -3.62491e+00

           Step           Time
      122800000   3070000.00000

   Energies (kJ/mol)
           Bond       G96Angle        LJ (SR)   Coulomb (SR)      Potential
    1.94321e+05    5.20950e+04   -5.34707e+06   -6.23365e+04   -5.16299e+06
    Kinetic En.   Total Energy  Conserved En.    Temperature Pressure (bar)
    9.50193e+05   -4.21279e+06   -2.67563e+09    3.12499e+02    1.46612e+00

Writing checkpoint, step 123165350 at Tue Mar 26 22:50:11 2024


           Step           Time
      123200000   3080000.00000

   Energies (kJ/mol)
           Bond       G96Angle        LJ (SR)   Coulomb (SR)      Potential
    1.93443e+05    5.23218e+04   -5.34492e+06   -6.17678e+04   -5.16092e+06
    Kinetic En.   Total Energy  Conserved En.    Temperature Pressure (bar)
    9.51496e+05   -4.20942e+06   -2.68432e+09    3.12928e+02    4.81582e+00

           Step           Time
      123600000   3090000.00000

   Energies (kJ/mol)
           Bond       G96Angle        LJ (SR)   Coulomb (SR)      Potential
    1.94419e+05    5.16393e+04   -5.34536e+06   -6.22335e+04   -5.16154e+06
    Kinetic En.   Total Energy  Conserved En.    Temperature Pressure (bar)
    9.48051e+05   -4.21349e+06   -2.69301e+09    3.11795e+02   -5.60922e+00

           Step           Time
      124000000   3100000.00000

   Energies (kJ/mol)
           Bond       G96Angle        LJ (SR)   Coulomb (SR)      Potential
    1.93671e+05    5.19053e+04   -5.34557e+06   -6.20200e+04   -5.16201e+06
    Kinetic En.   Total Energy  Conserved En.    Temperature Pressure (bar)
    9.50879e+05   -4.21113e+06   -2.70171e+09    3.12725e+02   -5.54977e-01

Writing checkpoint, step 124078375 at Tue Mar 26 23:05:11 2024


           Step           Time
      124400000   3110000.00000

   Energies (kJ/mol)
           Bond       G96Angle        LJ (SR)   Coulomb (SR)      Potential
    1.93836e+05    5.20389e+04   -5.34436e+06   -6.15934e+04   -5.16008e+06
    Kinetic En.   Total Energy  Conserved En.    Temperature Pressure (bar)
    9.52003e+05   -4.20807e+06   -2.71040e+09    3.13095e+02   -1.89880e+00

           Step           Time
      124800000   3120000.00000

   Energies (kJ/mol)
           Bond       G96Angle        LJ (SR)   Coulomb (SR)      Potential
    1.94365e+05    5.17387e+04   -5.34352e+06   -6.19495e+04   -5.15937e+06
    Kinetic En.   Total Energy  Conserved En.    Temperature Pressure (bar)
    9.49424e+05   -4.20995e+06   -2.71910e+09    3.12246e+02    7.75155e+00

Writing checkpoint, step 124999900 at Tue Mar 26 23:20:11 2024


           Step           Time
      125200000   3130000.00000

   Energies (kJ/mol)
           Bond       G96Angle        LJ (SR)   Coulomb (SR)      Potential
    1.93117e+05    5.21321e+04   -5.34573e+06   -6.19633e+04   -5.16244e+06
    Kinetic En.   Total Energy  Conserved En.    Temperature Pressure (bar)
    9.47200e+05   -4.21524e+06   -2.72779e+09    3.11515e+02    1.62215e+00

           Step           Time
      125600000   3140000.00000

   Energies (kJ/mol)
           Bond       G96Angle        LJ (SR)   Coulomb (SR)      Potential
    1.94171e+05    5.24263e+04   -5.34749e+06   -6.26269e+04   -5.16352e+06
    Kinetic En.   Total Energy  Conserved En.    Temperature Pressure (bar)
    9.49312e+05   -4.21421e+06   -2.73648e+09    3.12210e+02   -8.74725e+00

Writing checkpoint, step 125908750 at Tue Mar 26 23:35:11 2024


           Step           Time
      126000000   3150000.00000

   Energies (kJ/mol)
           Bond       G96Angle        LJ (SR)   Coulomb (SR)      Potential
    1.94089e+05    5.15807e+04   -5.34590e+06   -6.16756e+04   -5.16191e+06
    Kinetic En.   Total Energy  Conserved En.    Temperature Pressure (bar)
    9.52851e+05   -4.20906e+06   -2.74518e+09    3.13373e+02   -4.74177e+00

           Step           Time
      126400000   3160000.00000

   Energies (kJ/mol)
           Bond       G96Angle        LJ (SR)   Coulomb (SR)      Potential
    1.94165e+05    5.24554e+04   -5.34201e+06   -6.21991e+04   -5.15759e+06
    Kinetic En.   Total Energy  Conserved En.    Temperature Pressure (bar)
    9.53506e+05   -4.20408e+06   -2.75387e+09    3.13589e+02    4.78765e-01

Writing checkpoint, step 126781900 at Tue Mar 26 23:50:11 2024


           Step           Time
      126800000   3170000.00000

   Energies (kJ/mol)
           Bond       G96Angle        LJ (SR)   Coulomb (SR)      Potential
    1.93116e+05    5.18904e+04   -5.34607e+06   -6.12321e+04   -5.16230e+06
    Kinetic En.   Total Energy  Conserved En.    Temperature Pressure (bar)
    9.47659e+05   -4.21464e+06   -2.76256e+09    3.11666e+02    5.61304e-01

           Step           Time
      127200000   3180000.00000

   Energies (kJ/mol)
           Bond       G96Angle        LJ (SR)   Coulomb (SR)      Potential
    1.94327e+05    5.23661e+04   -5.34680e+06   -6.26189e+04   -5.16272e+06
    Kinetic En.   Total Energy  Conserved En.    Temperature Pressure (bar)
    9.50531e+05   -4.21219e+06   -2.77123e+09    3.12610e+02    9.65365e-01

           Step           Time
      127600000   3190000.00000

   Energies (kJ/mol)
           Bond       G96Angle        LJ (SR)   Coulomb (SR)      Potential
    1.92397e+05    5.16747e+04   -5.35014e+06   -6.26013e+04   -5.16867e+06
    Kinetic En.   Total Energy  Conserved En.    Temperature Pressure (bar)
    9.49031e+05   -4.21964e+06   -2.77993e+09    3.12117e+02   -7.94927e+00

Writing checkpoint, step 127686675 at Wed Mar 27 00:05:11 2024


           Step           Time
      128000000   3200000.00000

   Energies (kJ/mol)
           Bond       G96Angle        LJ (SR)   Coulomb (SR)      Potential
    1.93614e+05    5.18307e+04   -5.34399e+06   -6.22925e+04   -5.16084e+06
    Kinetic En.   Total Energy  Conserved En.    Temperature Pressure (bar)
    9.51728e+05   -4.20911e+06   -2.78865e+09    3.13004e+02    7.63714e+00

           Step           Time
      128400000   3210000.00000

   Energies (kJ/mol)
           Bond       G96Angle        LJ (SR)   Coulomb (SR)      Potential
    1.92997e+05    5.16358e+04   -5.34395e+06   -6.21286e+04   -5.16145e+06
    Kinetic En.   Total Energy  Conserved En.    Temperature Pressure (bar)
    9.54134e+05   -4.20731e+06   -2.79736e+09    3.13795e+02    2.76686e+00

Writing checkpoint, step 128598175 at Wed Mar 27 00:20:11 2024


           Step           Time
      128800000   3220000.00000

   Energies (kJ/mol)
           Bond       G96Angle        LJ (SR)   Coulomb (SR)      Potential
    1.93735e+05    5.21287e+04   -5.34163e+06   -6.17443e+04   -5.15751e+06
    Kinetic En.   Total Energy  Conserved En.    Temperature Pressure (bar)
    9.55495e+05   -4.20202e+06   -2.80608e+09    3.14243e+02    4.44335e+00

           Step           Time
      129200000   3230000.00000

   Energies (kJ/mol)
           Bond       G96Angle        LJ (SR)   Coulomb (SR)      Potential
    1.92578e+05    5.16567e+04   -5.34726e+06   -6.20233e+04   -5.16505e+06
    Kinetic En.   Total Energy  Conserved En.    Temperature Pressure (bar)
    9.50785e+05   -4.21427e+06   -2.81479e+09    3.12694e+02   -4.90103e+00

Writing checkpoint, step 129538200 at Wed Mar 27 00:35:11 2024


           Step           Time
      129600000   3240000.00000

   Energies (kJ/mol)
           Bond       G96Angle        LJ (SR)   Coulomb (SR)      Potential
    1.92232e+05    5.18829e+04   -5.34127e+06   -6.23010e+04   -5.15945e+06
    Kinetic En.   Total Energy  Conserved En.    Temperature Pressure (bar)
    9.52329e+05   -4.20712e+06   -2.82350e+09    3.13202e+02    3.19064e+00

           Step           Time
      130000000   3250000.00000

   Energies (kJ/mol)
           Bond       G96Angle        LJ (SR)   Coulomb (SR)      Potential
    1.92408e+05    5.17463e+04   -5.34491e+06   -6.21682e+04   -5.16292e+06
    Kinetic En.   Total Energy  Conserved En.    Temperature Pressure (bar)
    9.48227e+05   -4.21469e+06   -2.83220e+09    3.11853e+02   -7.90692e-01

           Step           Time
      130400000   3260000.00000

   Energies (kJ/mol)
           Bond       G96Angle        LJ (SR)   Coulomb (SR)      Potential
    1.93308e+05    5.12973e+04   -5.34681e+06   -6.21694e+04   -5.16437e+06
    Kinetic En.   Total Energy  Conserved En.    Temperature Pressure (bar)
    9.51720e+05   -4.21265e+06   -2.84091e+09    3.13002e+02    3.66089e-01

Writing checkpoint, step 130477300 at Wed Mar 27 00:50:11 2024


           Step           Time
      130800000   3270000.00000

   Energies (kJ/mol)
           Bond       G96Angle        LJ (SR)   Coulomb (SR)      Potential
    1.94817e+05    5.25476e+04   -5.34448e+06   -6.17683e+04   -5.15888e+06
    Kinetic En.   Total Energy  Conserved En.    Temperature Pressure (bar)
    9.51288e+05   -4.20759e+06   -2.84962e+09    3.12859e+02   -2.10211e+00

           Step           Time
      131200000   3280000.00000

   Energies (kJ/mol)
           Bond       G96Angle        LJ (SR)   Coulomb (SR)      Potential
    1.93955e+05    5.23644e+04   -5.34712e+06   -6.20312e+04   -5.16283e+06
    Kinetic En.   Total Energy  Conserved En.    Temperature Pressure (bar)
    9.53779e+05   -4.20906e+06   -2.85832e+09    3.13679e+02    3.33554e+00

Writing checkpoint, step 131401500 at Wed Mar 27 01:05:11 2024


           Step           Time
      131600000   3290000.00000

   Energies (kJ/mol)
           Bond       G96Angle        LJ (SR)   Coulomb (SR)      Potential
    1.92698e+05    5.15236e+04   -5.34469e+06   -6.17595e+04   -5.16222e+06
    Kinetic En.   Total Energy  Conserved En.    Temperature Pressure (bar)
    9.52258e+05   -4.20997e+06   -2.86702e+09    3.13178e+02    4.32322e+00

           Step           Time
      132000000   3300000.00000

   Energies (kJ/mol)
           Bond       G96Angle        LJ (SR)   Coulomb (SR)      Potential
    1.92488e+05    5.22079e+04   -5.34439e+06   -6.19938e+04   -5.16169e+06
    Kinetic En.   Total Energy  Conserved En.    Temperature Pressure (bar)
    9.48935e+05   -4.21276e+06   -2.87573e+09    3.12085e+02    5.84595e+00

Writing checkpoint, step 132294075 at Wed Mar 27 01:20:11 2024


           Step           Time
      132400000   3310000.00000

   Energies (kJ/mol)
           Bond       G96Angle        LJ (SR)   Coulomb (SR)      Potential
    1.94243e+05    5.20083e+04   -5.34510e+06   -6.17208e+04   -5.16057e+06
    Kinetic En.   Total Energy  Conserved En.    Temperature Pressure (bar)
    9.48930e+05   -4.21164e+06   -2.88443e+09    3.12084e+02   -8.39473e-01

           Step           Time
      132800000   3320000.00000

   Energies (kJ/mol)
           Bond       G96Angle        LJ (SR)   Coulomb (SR)      Potential
    1.93254e+05    5.13149e+04   -5.34539e+06   -6.27574e+04   -5.16358e+06
    Kinetic En.   Total Energy  Conserved En.    Temperature Pressure (bar)
    9.50342e+05   -4.21324e+06   -2.89313e+09    3.12548e+02   -2.77112e+00

           Step           Time
      133200000   3330000.00000

   Energies (kJ/mol)
           Bond       G96Angle        LJ (SR)   Coulomb (SR)      Potential
    1.93279e+05    5.18592e+04   -5.34807e+06   -6.23908e+04   -5.16532e+06
    Kinetic En.   Total Energy  Conserved En.    Temperature Pressure (bar)
    9.49244e+05   -4.21608e+06   -2.90183e+09    3.12187e+02   -5.28068e+00

Writing checkpoint, step 133201900 at Wed Mar 27 01:35:11 2024


           Step           Time
      133600000   3340000.00000

   Energies (kJ/mol)
           Bond       G96Angle        LJ (SR)   Coulomb (SR)      Potential
    1.94211e+05    5.21179e+04   -5.34249e+06   -6.27345e+04   -5.15890e+06
    Kinetic En.   Total Energy  Conserved En.    Temperature Pressure (bar)
    9.51100e+05   -4.20780e+06   -2.91054e+09    3.12798e+02    3.24392e+00

           Step           Time
      134000000   3350000.00000

   Energies (kJ/mol)
           Bond       G96Angle        LJ (SR)   Coulomb (SR)      Potential
    1.93499e+05    5.22696e+04   -5.34284e+06   -6.16522e+04   -5.15873e+06
    Kinetic En.   Total Energy  Conserved En.    Temperature Pressure (bar)
    9.47885e+05   -4.21084e+06   -2.91925e+09    3.11740e+02    6.29648e+00

Writing checkpoint, step 134111825 at Wed Mar 27 01:50:11 2024


           Step           Time
      134400000   3360000.00000

   Energies (kJ/mol)
           Bond       G96Angle        LJ (SR)   Coulomb (SR)      Potential
    1.93006e+05    5.13643e+04   -5.34889e+06   -6.22302e+04   -5.16675e+06
    Kinetic En.   Total Energy  Conserved En.    Temperature Pressure (bar)
    9.46158e+05   -4.22060e+06   -2.92796e+09    3.11172e+02   -4.68589e+00

           Step           Time
      134800000   3370000.00000

   Energies (kJ/mol)
           Bond       G96Angle        LJ (SR)   Coulomb (SR)      Potential
    1.93303e+05    5.15628e+04   -5.35013e+06   -6.20693e+04   -5.16733e+06
    Kinetic En.   Total Energy  Conserved En.    Temperature Pressure (bar)
    9.51036e+05   -4.21630e+06   -2.93668e+09    3.12777e+02   -6.10035e+00

Writing checkpoint, step 135038700 at Wed Mar 27 02:05:11 2024


           Step           Time
      135200000   3380000.00000

   Energies (kJ/mol)
           Bond       G96Angle        LJ (SR)   Coulomb (SR)      Potential
    1.92716e+05    5.16784e+04   -5.34444e+06   -6.19955e+04   -5.16204e+06
    Kinetic En.   Total Energy  Conserved En.    Temperature Pressure (bar)
    9.47520e+05   -4.21452e+06   -2.94539e+09    3.11620e+02    4.96161e+00

           Step           Time
      135600000   3390000.00000

   Energies (kJ/mol)
           Bond       G96Angle        LJ (SR)   Coulomb (SR)      Potential
    1.92170e+05    5.18242e+04   -5.34650e+06   -6.30582e+04   -5.16556e+06
    Kinetic En.   Total Energy  Conserved En.    Temperature Pressure (bar)
    9.49318e+05   -4.21624e+06   -2.95410e+09    3.12211e+02    2.60998e+00

Writing checkpoint, step 135962775 at Wed Mar 27 02:20:11 2024


           Step           Time
      136000000   3400000.00000

   Energies (kJ/mol)
           Bond       G96Angle        LJ (SR)   Coulomb (SR)      Potential
    1.94710e+05    5.22542e+04   -5.34544e+06   -6.21704e+04   -5.16064e+06
    Kinetic En.   Total Energy  Conserved En.    Temperature Pressure (bar)
    9.52603e+05   -4.20804e+06   -2.96280e+09    3.13292e+02   -1.17073e+00

           Step           Time
      136400000   3410000.00000

   Energies (kJ/mol)
           Bond       G96Angle        LJ (SR)   Coulomb (SR)      Potential
    1.94109e+05    5.17674e+04   -5.34773e+06   -6.20006e+04   -5.16386e+06
    Kinetic En.   Total Energy  Conserved En.    Temperature Pressure (bar)
    9.51146e+05   -4.21271e+06   -2.97151e+09    3.12813e+02    5.47265e+00

           Step           Time
      136800000   3420000.00000

   Energies (kJ/mol)
           Bond       G96Angle        LJ (SR)   Coulomb (SR)      Potential
    1.93375e+05    5.18950e+04   -5.34717e+06   -6.20315e+04   -5.16393e+06
    Kinetic En.   Total Energy  Conserved En.    Temperature Pressure (bar)
    9.54545e+05   -4.20939e+06   -2.98020e+09    3.13931e+02   -2.63703e-02

Writing checkpoint, step 136862300 at Wed Mar 27 02:35:11 2024


           Step           Time
      137200000   3430000.00000

   Energies (kJ/mol)
           Bond       G96Angle        LJ (SR)   Coulomb (SR)      Potential
    1.93868e+05    5.22036e+04   -5.34463e+06   -6.22681e+04   -5.16083e+06
    Kinetic En.   Total Energy  Conserved En.    Temperature Pressure (bar)
    9.54655e+05   -4.20618e+06   -2.98890e+09    3.13967e+02    1.63668e+00

           Step           Time
      137600000   3440000.00000

   Energies (kJ/mol)
           Bond       G96Angle        LJ (SR)   Coulomb (SR)      Potential
    1.92602e+05    5.17060e+04   -5.34244e+06   -6.20720e+04   -5.16020e+06
    Kinetic En.   Total Energy  Conserved En.    Temperature Pressure (bar)
    9.48285e+05   -4.21192e+06   -2.99759e+09    3.11872e+02    4.20792e+00

Writing checkpoint, step 137803425 at Wed Mar 27 02:50:11 2024


           Step           Time
      138000000   3450000.00000

   Energies (kJ/mol)
           Bond       G96Angle        LJ (SR)   Coulomb (SR)      Potential
    1.93118e+05    5.18333e+04   -5.34729e+06   -6.22483e+04   -5.16458e+06
    Kinetic En.   Total Energy  Conserved En.    Temperature Pressure (bar)
    9.51031e+05   -4.21355e+06   -3.00628e+09    3.12775e+02    2.36611e+00

           Step           Time
      138400000   3460000.00000

   Energies (kJ/mol)
           Bond       G96Angle        LJ (SR)   Coulomb (SR)      Potential
    1.94065e+05    5.17663e+04   -5.34800e+06   -6.20612e+04   -5.16423e+06
    Kinetic En.   Total Energy  Conserved En.    Temperature Pressure (bar)
    9.46684e+05   -4.21755e+06   -3.01497e+09    3.11345e+02    2.94993e+00

Writing checkpoint, step 138730000 at Wed Mar 27 03:05:11 2024


           Step           Time
      138800000   3470000.00000

   Energies (kJ/mol)
           Bond       G96Angle        LJ (SR)   Coulomb (SR)      Potential
    1.92976e+05    5.14810e+04   -5.34776e+06   -6.24695e+04   -5.16577e+06
    Kinetic En.   Total Energy  Conserved En.    Temperature Pressure (bar)
    9.48917e+05   -4.21686e+06   -3.02367e+09    3.12080e+02   -2.81272e+00

           Step           Time
      139200000   3480000.00000

   Energies (kJ/mol)
           Bond       G96Angle        LJ (SR)   Coulomb (SR)      Potential
    1.92520e+05    5.21752e+04   -5.34724e+06   -6.22949e+04   -5.16484e+06
    Kinetic En.   Total Energy  Conserved En.    Temperature Pressure (bar)
    9.52258e+05   -4.21258e+06   -3.03238e+09    3.13178e+02    1.92008e+00

           Step           Time
      139600000   3490000.00000

   Energies (kJ/mol)
           Bond       G96Angle        LJ (SR)   Coulomb (SR)      Potential
    1.93452e+05    5.20657e+04   -5.34522e+06   -6.20605e+04   -5.16176e+06
    Kinetic En.   Total Energy  Conserved En.    Temperature Pressure (bar)
    9.51413e+05   -4.21035e+06   -3.04109e+09    3.12901e+02   -3.46577e-02

Writing checkpoint, step 139642275 at Wed Mar 27 03:20:11 2024


           Step           Time
      140000000   3500000.00000

   Energies (kJ/mol)
           Bond       G96Angle        LJ (SR)   Coulomb (SR)      Potential
    1.92974e+05    5.25456e+04   -5.34347e+06   -6.15394e+04   -5.15949e+06
    Kinetic En.   Total Energy  Conserved En.    Temperature Pressure (bar)
    9.53639e+05   -4.20585e+06   -3.04979e+09    3.13633e+02   -1.67937e+00

           Step           Time
      140400000   3510000.00000

   Energies (kJ/mol)
           Bond       G96Angle        LJ (SR)   Coulomb (SR)      Potential
    1.93166e+05    5.10957e+04   -5.35036e+06   -6.20038e+04   -5.16811e+06
    Kinetic En.   Total Energy  Conserved En.    Temperature Pressure (bar)
    9.46678e+05   -4.22143e+06   -3.05849e+09    3.11343e+02   -1.79764e+00

Writing checkpoint, step 140530500 at Wed Mar 27 03:35:11 2024


           Step           Time
      140800000   3520000.00000

   Energies (kJ/mol)
           Bond       G96Angle        LJ (SR)   Coulomb (SR)      Potential
    1.93559e+05    5.19142e+04   -5.34463e+06   -6.20829e+04   -5.16124e+06
    Kinetic En.   Total Energy  Conserved En.    Temperature Pressure (bar)
    9.51519e+05   -4.20972e+06   -3.06719e+09    3.12935e+02    9.79878e+00

           Step           Time
      141200000   3530000.00000

   Energies (kJ/mol)
           Bond       G96Angle        LJ (SR)   Coulomb (SR)      Potential
    1.94251e+05    5.19489e+04   -5.34469e+06   -6.19799e+04   -5.16047e+06
    Kinetic En.   Total Energy  Conserved En.    Temperature Pressure (bar)
    9.51006e+05   -4.20947e+06   -3.07589e+09    3.12767e+02    3.79171e+00

Writing checkpoint, step 141373800 at Wed Mar 27 03:50:11 2024


           Step           Time
      141600000   3540000.00000

   Energies (kJ/mol)
           Bond       G96Angle        LJ (SR)   Coulomb (SR)      Potential
    1.93647e+05    5.23046e+04   -5.34791e+06   -6.20396e+04   -5.16400e+06
    Kinetic En.   Total Energy  Conserved En.    Temperature Pressure (bar)
    9.51806e+05   -4.21219e+06   -3.08460e+09    3.13030e+02   -6.53830e+00

           Step           Time
      142000000   3550000.00000

   Energies (kJ/mol)
           Bond       G96Angle        LJ (SR)   Coulomb (SR)      Potential
    1.94671e+05    5.20564e+04   -5.34921e+06   -6.24137e+04   -5.16490e+06
    Kinetic En.   Total Energy  Conserved En.    Temperature Pressure (bar)
    9.50561e+05   -4.21434e+06   -3.09330e+09    3.12620e+02    5.22512e+00

Writing checkpoint, step 142278275 at Wed Mar 27 04:05:11 2024


           Step           Time
      142400000   3560000.00000

   Energies (kJ/mol)
           Bond       G96Angle        LJ (SR)   Coulomb (SR)      Potential
    1.91997e+05    5.18628e+04   -5.34773e+06   -6.23098e+04   -5.16618e+06
    Kinetic En.   Total Energy  Conserved En.    Temperature Pressure (bar)
    9.49995e+05   -4.21618e+06   -3.10200e+09    3.12434e+02   -8.45322e+00

           Step           Time
      142800000   3570000.00000

   Energies (kJ/mol)
           Bond       G96Angle        LJ (SR)   Coulomb (SR)      Potential
    1.94469e+05    5.20679e+04   -5.34530e+06   -6.17588e+04   -5.16053e+06
    Kinetic En.   Total Energy  Conserved En.    Temperature Pressure (bar)
    9.51966e+05   -4.20856e+06   -3.11069e+09    3.13082e+02   -2.02776e+00

           Step           Time
      143200000   3580000.00000

   Energies (kJ/mol)
           Bond       G96Angle        LJ (SR)   Coulomb (SR)      Potential
    1.91798e+05    5.22952e+04   -5.34581e+06   -6.24170e+04   -5.16414e+06
    Kinetic En.   Total Energy  Conserved En.    Temperature Pressure (bar)
    9.51048e+05   -4.21309e+06   -3.11939e+09    3.12781e+02    1.00369e+00

Writing checkpoint, step 143211650 at Wed Mar 27 04:20:11 2024


           Step           Time
      143600000   3590000.00000

   Energies (kJ/mol)
           Bond       G96Angle        LJ (SR)   Coulomb (SR)      Potential
    1.92591e+05    5.17717e+04   -5.34599e+06   -6.22083e+04   -5.16384e+06
    Kinetic En.   Total Energy  Conserved En.    Temperature Pressure (bar)
    9.49977e+05   -4.21386e+06   -3.12810e+09    3.12428e+02   -5.38988e+00

           Step           Time
      144000000   3600000.00000

   Energies (kJ/mol)
           Bond       G96Angle        LJ (SR)   Coulomb (SR)      Potential
    1.93590e+05    5.20540e+04   -5.34558e+06   -6.22104e+04   -5.16215e+06
    Kinetic En.   Total Energy  Conserved En.    Temperature Pressure (bar)
    9.52398e+05   -4.20975e+06   -3.13680e+09    3.13224e+02    2.62327e+00

Writing checkpoint, step 144112875 at Wed Mar 27 04:35:11 2024


           Step           Time
      144400000   3610000.00000

   Energies (kJ/mol)
           Bond       G96Angle        LJ (SR)   Coulomb (SR)      Potential
    1.92805e+05    5.15201e+04   -5.34858e+06   -6.15190e+04   -5.16577e+06
    Kinetic En.   Total Energy  Conserved En.    Temperature Pressure (bar)
    9.48838e+05   -4.21693e+06   -3.14549e+09    3.12054e+02   -1.97512e+00

           Step           Time
      144800000   3620000.00000

   Energies (kJ/mol)
           Bond       G96Angle        LJ (SR)   Coulomb (SR)      Potential
    1.94270e+05    5.17549e+04   -5.34540e+06   -6.15711e+04   -5.16094e+06
    Kinetic En.   Total Energy  Conserved En.    Temperature Pressure (bar)
    9.50503e+05   -4.21044e+06   -3.15418e+09    3.12601e+02   -2.20011e+00

Writing checkpoint, step 145015350 at Wed Mar 27 04:50:11 2024


           Step           Time
      145200000   3630000.00000

   Energies (kJ/mol)
           Bond       G96Angle        LJ (SR)   Coulomb (SR)      Potential
    1.93918e+05    5.18030e+04   -5.34230e+06   -6.24525e+04   -5.15903e+06
    Kinetic En.   Total Energy  Conserved En.    Temperature Pressure (bar)
    9.52825e+05   -4.20620e+06   -3.16288e+09    3.13365e+02    4.54269e+00

           Step           Time
      145600000   3640000.00000

   Energies (kJ/mol)
           Bond       G96Angle        LJ (SR)   Coulomb (SR)      Potential
    1.93331e+05    5.23868e+04   -5.34614e+06   -6.23984e+04   -5.16282e+06
    Kinetic En.   Total Energy  Conserved En.    Temperature Pressure (bar)
    9.50595e+05   -4.21222e+06   -3.17158e+09    3.12632e+02   -8.83881e+00

Writing checkpoint, step 145956200 at Wed Mar 27 05:05:11 2024


           Step           Time
      146000000   3650000.00000

   Energies (kJ/mol)
           Bond       G96Angle        LJ (SR)   Coulomb (SR)      Potential
    1.93323e+05    5.16000e+04   -5.34938e+06   -6.21503e+04   -5.16661e+06
    Kinetic En.   Total Energy  Conserved En.    Temperature Pressure (bar)
    9.47853e+05   -4.21876e+06   -3.18028e+09    3.11730e+02   -1.03356e+01

           Step           Time
      146400000   3660000.00000

   Energies (kJ/mol)
           Bond       G96Angle        LJ (SR)   Coulomb (SR)      Potential
    1.93291e+05    5.18714e+04   -5.34433e+06   -6.24696e+04   -5.16163e+06
    Kinetic En.   Total Energy  Conserved En.    Temperature Pressure (bar)
    9.51779e+05   -4.20986e+06   -3.18898e+09    3.13021e+02    2.15622e+00

           Step           Time
      146800000   3670000.00000

   Energies (kJ/mol)
           Bond       G96Angle        LJ (SR)   Coulomb (SR)      Potential
    1.94022e+05    5.21303e+04   -5.34528e+06   -6.19477e+04   -5.16108e+06
    Kinetic En.   Total Energy  Conserved En.    Temperature Pressure (bar)
    9.51204e+05   -4.20988e+06   -3.19768e+09    3.12832e+02   -1.10294e+00

Writing checkpoint, step 146897150 at Wed Mar 27 05:20:11 2024


           Step           Time
      147200000   3680000.00000

   Energies (kJ/mol)
           Bond       G96Angle        LJ (SR)   Coulomb (SR)      Potential
    1.93511e+05    5.18216e+04   -5.34909e+06   -6.20602e+04   -5.16581e+06
    Kinetic En.   Total Energy  Conserved En.    Temperature Pressure (bar)
    9.48924e+05   -4.21689e+06   -3.20638e+09    3.12082e+02   -8.49892e+00

           Step           Time
      147600000   3690000.00000

   Energies (kJ/mol)
           Bond       G96Angle        LJ (SR)   Coulomb (SR)      Potential
    1.92373e+05    5.24247e+04   -5.34473e+06   -6.13247e+04   -5.16126e+06
    Kinetic En.   Total Energy  Conserved En.    Temperature Pressure (bar)
    9.48116e+05   -4.21314e+06   -3.21506e+09    3.11816e+02    4.47568e-01

Writing checkpoint, step 147829775 at Wed Mar 27 05:35:11 2024


           Step           Time
      148000000   3700000.00000

   Energies (kJ/mol)
           Bond       G96Angle        LJ (SR)   Coulomb (SR)      Potential
    1.92563e+05    5.15182e+04   -5.34603e+06   -6.28130e+04   -5.16477e+06
    Kinetic En.   Total Energy  Conserved En.    Temperature Pressure (bar)
    9.48197e+05   -4.21657e+06   -3.22376e+09    3.11843e+02    3.56475e+00

           Step           Time
      148400000   3710000.00000

   Energies (kJ/mol)
           Bond       G96Angle        LJ (SR)   Coulomb (SR)      Potential
    1.92102e+05    5.21087e+04   -5.34408e+06   -6.22946e+04   -5.16216e+06
    Kinetic En.   Total Energy  Conserved En.    Temperature Pressure (bar)
    9.51064e+05   -4.21110e+06   -3.23246e+09    3.12786e+02    6.15714e+00

Writing checkpoint, step 148692575 at Wed Mar 27 05:50:11 2024


           Step           Time
      148800000   3720000.00000

   Energies (kJ/mol)
           Bond       G96Angle        LJ (SR)   Coulomb (SR)      Potential
    1.93291e+05    5.19069e+04   -5.34460e+06   -6.19739e+04   -5.16138e+06
    Kinetic En.   Total Energy  Conserved En.    Temperature Pressure (bar)
    9.52412e+05   -4.20896e+06   -3.24116e+09    3.13229e+02    6.54590e+00

           Step           Time
      149200000   3730000.00000

   Energies (kJ/mol)
           Bond       G96Angle        LJ (SR)   Coulomb (SR)      Potential
    1.94049e+05    5.16984e+04   -5.34610e+06   -6.17613e+04   -5.16212e+06
    Kinetic En.   Total Energy  Conserved En.    Temperature Pressure (bar)
    9.49540e+05   -4.21258e+06   -3.24986e+09    3.12284e+02   -8.84238e-01

           Step           Time
      149600000   3740000.00000

   Energies (kJ/mol)
           Bond       G96Angle        LJ (SR)   Coulomb (SR)      Potential
    1.93032e+05    5.16694e+04   -5.34775e+06   -6.22324e+04   -5.16528e+06
    Kinetic En.   Total Energy  Conserved En.    Temperature Pressure (bar)
    9.47156e+05   -4.21813e+06   -3.25856e+09    3.11500e+02   -7.26832e+00

Writing checkpoint, step 149615225 at Wed Mar 27 06:05:11 2024


           Step           Time
      150000000   3750000.00000

   Energies (kJ/mol)
           Bond       G96Angle        LJ (SR)   Coulomb (SR)      Potential
    1.92485e+05    5.21061e+04   -5.34711e+06   -6.26795e+04   -5.16520e+06
    Kinetic En.   Total Energy  Conserved En.    Temperature Pressure (bar)
    9.50752e+05   -4.21445e+06   -3.26725e+09    3.12683e+02   -3.70876e+00

           Step           Time
      150400000   3760000.00000

   Energies (kJ/mol)
           Bond       G96Angle        LJ (SR)   Coulomb (SR)      Potential
    1.92385e+05    5.20416e+04   -5.34641e+06   -6.21700e+04   -5.16416e+06
    Kinetic En.   Total Energy  Conserved En.    Temperature Pressure (bar)
    9.49667e+05   -4.21449e+06   -3.27595e+09    3.12327e+02    2.34241e+00

Writing checkpoint, step 150535675 at Wed Mar 27 06:20:11 2024


           Step           Time
      150800000   3770000.00000

   Energies (kJ/mol)
           Bond       G96Angle        LJ (SR)   Coulomb (SR)      Potential
    1.93144e+05    5.14377e+04   -5.34347e+06   -6.24161e+04   -5.16130e+06
    Kinetic En.   Total Energy  Conserved En.    Temperature Pressure (bar)
    9.50874e+05   -4.21043e+06   -3.28465e+09    3.12723e+02    8.46521e+00

           Step           Time
      151200000   3780000.00000

   Energies (kJ/mol)
           Bond       G96Angle        LJ (SR)   Coulomb (SR)      Potential
    1.92915e+05    5.25251e+04   -5.34455e+06   -6.23552e+04   -5.16146e+06
    Kinetic En.   Total Energy  Conserved En.    Temperature Pressure (bar)
    9.49958e+05   -4.21151e+06   -3.29334e+09    3.12422e+02    1.62136e+00

Writing checkpoint, step 151454175 at Wed Mar 27 06:35:11 2024


           Step           Time
      151600000   3790000.00000

   Energies (kJ/mol)
           Bond       G96Angle        LJ (SR)   Coulomb (SR)      Potential
    1.93123e+05    5.22364e+04   -5.34781e+06   -6.15262e+04   -5.16398e+06
    Kinetic En.   Total Energy  Conserved En.    Temperature Pressure (bar)
    9.52356e+05   -4.21162e+06   -3.30204e+09    3.13211e+02   -6.50964e+00

           Step           Time
      152000000   3800000.00000

   Energies (kJ/mol)
           Bond       G96Angle        LJ (SR)   Coulomb (SR)      Potential
    1.92803e+05    5.18005e+04   -5.34511e+06   -6.21978e+04   -5.16271e+06
    Kinetic En.   Total Energy  Conserved En.    Temperature Pressure (bar)
    9.53454e+05   -4.20925e+06   -3.31075e+09    3.13572e+02   -1.04877e+00

Writing checkpoint, step 152381500 at Wed Mar 27 06:50:11 2024


           Step           Time
      152400000   3810000.00000

   Energies (kJ/mol)
           Bond       G96Angle        LJ (SR)   Coulomb (SR)      Potential
    1.92886e+05    5.16974e+04   -5.34545e+06   -6.20910e+04   -5.16296e+06
    Kinetic En.   Total Energy  Conserved En.    Temperature Pressure (bar)
    9.50675e+05   -4.21228e+06   -3.31944e+09    3.12658e+02   -4.02465e+00

           Step           Time
      152800000   3820000.00000

   Energies (kJ/mol)
           Bond       G96Angle        LJ (SR)   Coulomb (SR)      Potential
    1.93514e+05    5.19773e+04   -5.34412e+06   -6.22183e+04   -5.16085e+06
    Kinetic En.   Total Energy  Conserved En.    Temperature Pressure (bar)
    9.49100e+05   -4.21175e+06   -3.32815e+09    3.12140e+02   -1.65836e+00

           Step           Time
      153200000   3830000.00000

   Energies (kJ/mol)
           Bond       G96Angle        LJ (SR)   Coulomb (SR)      Potential
    1.92907e+05    5.20360e+04   -5.34451e+06   -6.22325e+04   -5.16180e+06
    Kinetic En.   Total Energy  Conserved En.    Temperature Pressure (bar)
    9.51328e+05   -4.21047e+06   -3.33686e+09    3.12873e+02    1.03043e+01

Writing checkpoint, step 153311825 at Wed Mar 27 07:05:11 2024


           Step           Time
      153600000   3840000.00000

   Energies (kJ/mol)
           Bond       G96Angle        LJ (SR)   Coulomb (SR)      Potential
    1.92998e+05    5.17941e+04   -5.34627e+06   -6.22551e+04   -5.16373e+06
    Kinetic En.   Total Energy  Conserved En.    Temperature Pressure (bar)
    9.49505e+05   -4.21423e+06   -3.34555e+09    3.12273e+02   -4.70239e+00

           Step           Time
      154000000   3850000.00000

   Energies (kJ/mol)
           Bond       G96Angle        LJ (SR)   Coulomb (SR)      Potential
    1.94634e+05    5.19280e+04   -5.34826e+06   -6.21128e+04   -5.16381e+06
    Kinetic En.   Total Energy  Conserved En.    Temperature Pressure (bar)
    9.50264e+05   -4.21355e+06   -3.35423e+09    3.12523e+02    2.36621e+00

Writing checkpoint, step 154236350 at Wed Mar 27 07:20:11 2024


           Step           Time
      154400000   3860000.00000

   Energies (kJ/mol)
           Bond       G96Angle        LJ (SR)   Coulomb (SR)      Potential
    1.93302e+05    5.24847e+04   -5.34581e+06   -6.26944e+04   -5.16272e+06
    Kinetic En.   Total Energy  Conserved En.    Temperature Pressure (bar)
    9.54746e+05   -4.20797e+06   -3.36292e+09    3.13997e+02    6.26809e+00

           Step           Time
      154800000   3870000.00000

   Energies (kJ/mol)
           Bond       G96Angle        LJ (SR)   Coulomb (SR)      Potential
    1.93751e+05    5.16559e+04   -5.34444e+06   -6.24059e+04   -5.16144e+06
    Kinetic En.   Total Energy  Conserved En.    Temperature Pressure (bar)
    9.48657e+05   -4.21278e+06   -3.37161e+09    3.11994e+02    8.06192e-01

Writing checkpoint, step 155158900 at Wed Mar 27 07:35:11 2024


           Step           Time
      155200000   3880000.00000

   Energies (kJ/mol)
           Bond       G96Angle        LJ (SR)   Coulomb (SR)      Potential
    1.92835e+05    5.19486e+04   -5.34996e+06   -6.22295e+04   -5.16741e+06
    Kinetic En.   Total Energy  Conserved En.    Temperature Pressure (bar)
    9.49132e+05   -4.21828e+06   -3.38031e+09    3.12151e+02   -7.94253e+00

           Step           Time
      155600000   3890000.00000

   Energies (kJ/mol)
           Bond       G96Angle        LJ (SR)   Coulomb (SR)      Potential
    1.92855e+05    5.16568e+04   -5.34580e+06   -6.20134e+04   -5.16330e+06
    Kinetic En.   Total Energy  Conserved En.    Temperature Pressure (bar)
    9.50144e+05   -4.21316e+06   -3.38900e+09    3.12483e+02    5.19611e+00

           Step           Time
      156000000   3900000.00000

   Energies (kJ/mol)
           Bond       G96Angle        LJ (SR)   Coulomb (SR)      Potential
    1.93226e+05    5.21452e+04   -5.34746e+06   -6.23431e+04   -5.16444e+06
    Kinetic En.   Total Energy  Conserved En.    Temperature Pressure (bar)
    9.51486e+05   -4.21295e+06   -3.39768e+09    3.12924e+02   -1.80322e+00

Writing checkpoint, step 156048625 at Wed Mar 27 07:50:11 2024


           Step           Time
      156400000   3910000.00000

   Energies (kJ/mol)
           Bond       G96Angle        LJ (SR)   Coulomb (SR)      Potential
    1.93143e+05    5.15937e+04   -5.34546e+06   -6.19824e+04   -5.16270e+06
    Kinetic En.   Total Energy  Conserved En.    Temperature Pressure (bar)
    9.49842e+05   -4.21286e+06   -3.40637e+09    3.12384e+02   -1.62549e+00

           Step           Time
      156800000   3920000.00000

   Energies (kJ/mol)
           Bond       G96Angle        LJ (SR)   Coulomb (SR)      Potential
    1.92751e+05    5.21032e+04   -5.34184e+06   -6.22783e+04   -5.15927e+06
    Kinetic En.   Total Energy  Conserved En.    Temperature Pressure (bar)
    9.51672e+05   -4.20760e+06   -3.41507e+09    3.12986e+02    7.88953e+00

Writing checkpoint, step 156960750 at Wed Mar 27 08:05:11 2024


           Step           Time
      157200000   3930000.00000

   Energies (kJ/mol)
           Bond       G96Angle        LJ (SR)   Coulomb (SR)      Potential
    1.92985e+05    5.20281e+04   -5.34491e+06   -6.23595e+04   -5.16226e+06
    Kinetic En.   Total Energy  Conserved En.    Temperature Pressure (bar)
    9.53293e+05   -4.20896e+06   -3.42377e+09    3.13519e+02    6.08716e+00

           Step           Time
      157600000   3940000.00000

   Energies (kJ/mol)
           Bond       G96Angle        LJ (SR)   Coulomb (SR)      Potential
    1.92850e+05    5.18065e+04   -5.34328e+06   -6.16184e+04   -5.16024e+06
    Kinetic En.   Total Energy  Conserved En.    Temperature Pressure (bar)
    9.50749e+05   -4.20949e+06   -3.43247e+09    3.12682e+02    9.74530e+00

Writing checkpoint, step 157881800 at Wed Mar 27 08:20:11 2024


           Step           Time
      158000000   3950000.00000

   Energies (kJ/mol)
           Bond       G96Angle        LJ (SR)   Coulomb (SR)      Potential
    1.92563e+05    5.21742e+04   -5.34780e+06   -6.21199e+04   -5.16519e+06
    Kinetic En.   Total Energy  Conserved En.    Temperature Pressure (bar)
    9.48271e+05   -4.21692e+06   -3.44116e+09    3.11867e+02    3.21532e+00

           Step           Time
      158400000   3960000.00000

   Energies (kJ/mol)
           Bond       G96Angle        LJ (SR)   Coulomb (SR)      Potential
    1.93013e+05    5.19062e+04   -5.34571e+06   -6.22947e+04   -5.16308e+06
    Kinetic En.   Total Energy  Conserved En.    Temperature Pressure (bar)
    9.54410e+05   -4.20867e+06   -3.44986e+09    3.13886e+02   -3.31732e-01

           Step           Time
      158800000   3970000.00000

   Energies (kJ/mol)
           Bond       G96Angle        LJ (SR)   Coulomb (SR)      Potential
    1.93898e+05    5.22689e+04   -5.34513e+06   -6.20748e+04   -5.16104e+06
    Kinetic En.   Total Energy  Conserved En.    Temperature Pressure (bar)
    9.51199e+05   -4.20984e+06   -3.45856e+09    3.12830e+02   -1.75410e+00

Writing checkpoint, step 158825450 at Wed Mar 27 08:35:11 2024


           Step           Time
      159200000   3980000.00000

   Energies (kJ/mol)
           Bond       G96Angle        LJ (SR)   Coulomb (SR)      Potential
    1.93992e+05    5.20960e+04   -5.34680e+06   -6.21322e+04   -5.16284e+06
    Kinetic En.   Total Energy  Conserved En.    Temperature Pressure (bar)
    9.50166e+05   -4.21267e+06   -3.46724e+09    3.12490e+02   -1.93231e-01

           Step           Time
      159600000   3990000.00000

   Energies (kJ/mol)
           Bond       G96Angle        LJ (SR)   Coulomb (SR)      Potential
    1.91491e+05    5.22776e+04   -5.34628e+06   -6.22490e+04   -5.16476e+06
    Kinetic En.   Total Energy  Conserved En.    Temperature Pressure (bar)
    9.50187e+05   -4.21457e+06   -3.47595e+09    3.12497e+02    2.04478e+00

Writing checkpoint, step 159770125 at Wed Mar 27 08:50:11 2024


           Step           Time
      160000000   4000000.00000

   Energies (kJ/mol)
           Bond       G96Angle        LJ (SR)   Coulomb (SR)      Potential
    1.95268e+05    5.21639e+04   -5.34663e+06   -6.22442e+04   -5.16144e+06
    Kinetic En.   Total Energy  Conserved En.    Temperature Pressure (bar)
    9.53165e+05   -4.20828e+06   -3.48466e+09    3.13477e+02   -1.96462e+00

           Step           Time
      160400000   4010000.00000

   Energies (kJ/mol)
           Bond       G96Angle        LJ (SR)   Coulomb (SR)      Potential
    1.93017e+05    5.14588e+04   -5.34499e+06   -6.21513e+04   -5.16267e+06
    Kinetic En.   Total Energy  Conserved En.    Temperature Pressure (bar)
    9.54369e+05   -4.20830e+06   -3.49336e+09    3.13873e+02    1.94856e+00

Writing checkpoint, step 160714750 at Wed Mar 27 09:05:11 2024


           Step           Time
      160800000   4020000.00000

   Energies (kJ/mol)
           Bond       G96Angle        LJ (SR)   Coulomb (SR)      Potential
    1.93609e+05    5.18010e+04   -5.34516e+06   -6.23951e+04   -5.16214e+06
    Kinetic En.   Total Energy  Conserved En.    Temperature Pressure (bar)
    9.51885e+05   -4.21026e+06   -3.50206e+09    3.13056e+02   -2.52470e+00

           Step           Time
      161200000   4030000.00000

   Energies (kJ/mol)
           Bond       G96Angle        LJ (SR)   Coulomb (SR)      Potential
    1.94232e+05    5.18341e+04   -5.34861e+06   -6.18431e+04   -5.16438e+06
    Kinetic En.   Total Energy  Conserved En.    Temperature Pressure (bar)
    9.50904e+05   -4.21348e+06   -3.51074e+09    3.12733e+02   -5.76612e+00

           Step           Time
      161600000   4040000.00000

   Energies (kJ/mol)
           Bond       G96Angle        LJ (SR)   Coulomb (SR)      Potential
    1.93427e+05    5.20706e+04   -5.34349e+06   -6.19115e+04   -5.15991e+06
    Kinetic En.   Total Energy  Conserved En.    Temperature Pressure (bar)
    9.54243e+05   -4.20566e+06   -3.51943e+09    3.13831e+02    5.00307e+00

Writing checkpoint, step 161661050 at Wed Mar 27 09:20:11 2024




Received the second INT/TERM signal, stopping within 25 steps

           Step           Time
      161669550   4041738.75000

Writing checkpoint, step 161669550 at Wed Mar 27 09:20:20 2024


   Energies (kJ/mol)
           Bond       G96Angle        LJ (SR)   Coulomb (SR)      Potential
    1.91592e+05    5.20419e+04   -5.34491e+06   -6.20796e+04   -5.16336e+06
    Kinetic En.   Total Energy  Conserved En.    Temperature Pressure (bar)
    9.52187e+05   -4.21117e+06   -3.52095e+09    3.13155e+02   -5.72221e-01


Energy conservation over simulation part #1 of length 4.04174e+06 ps, time 0 to 4.04174e+06 ps
  Conserved energy drift: -3.57e-03 kJ/mol/ps per atom


	<======  ###############  ==>
	<====  A V E R A G E S  ====>
	<==  ###############  ======>

	Statistics over 161669551 steps using 1616696 frames

   Energies (kJ/mol)
           Bond       G96Angle        LJ (SR)   Coulomb (SR)      Potential
    1.93279e+05    5.19059e+04   -5.34540e+06   -6.20800e+04   -5.16229e+06
    Kinetic En.   Total Energy  Conserved En.    Temperature Pressure (bar)
    9.50839e+05   -4.21145e+06   -1.76279e+09    3.12712e+02    6.44649e-01

          Box-X          Box-Y          Box-Z
    4.46234e+01    4.46234e+01    1.45481e+01

   Total Virial (kJ/mol)
    3.16410e+05   -7.92280e+00    4.69977e+00
   -7.92226e+00    3.16357e+05   -9.67475e-01
    4.70041e+00   -9.67409e-01    3.16386e+05

   Pressure (bar)
    6.14472e-01    1.04095e-02   -4.87555e-03
    1.04089e-02    6.94372e-01   -3.41455e-04
   -4.87627e-03   -3.41531e-04    6.25103e-01

           T-AU         T-POPC            T-W          T-ION
    3.12881e+02    3.12723e+02    3.12700e+02    3.12862e+02


	M E G A - F L O P S   A C C O U N T I N G

 NB=Group-cutoff nonbonded kernels    NxN=N-by-N cluster Verlet kernels
 RF=Reaction-Field  VdW=Van der Waals  QSTab=quadratic-spline table
 W3=SPC/TIP3p  W4=TIP4p (single or pairs)
 V&F=Potential and force  V=Potential only  F=Force only

 Computing:                               M-Number         M-Flops  % Flops
-----------------------------------------------------------------------------
 Pair Search distance check        63607614.661728   572468531.956     0.1
 NxN RF Elec. + LJ [F]            9858051790.587776 374605968042.336    97.6
 NxN RF Elec. + LJ [V&F]           99576434.313088  5377127452.907     1.4
 Shift-X                            1576621.095749     9459726.574     0.0
 Bonds                             11695983.667095   690063036.359     0.2
 Angles                             7786005.576160  1308048936.795     0.3
 Virial                             3942279.886688    70961037.960     0.0
 Stop-CM                             394155.578691     3941555.787     0.0
 P-Coupling                         3941552.373668    23649314.242     0.0
 Calc-Ekin                         39415521.786256  1064219088.229     0.3
-----------------------------------------------------------------------------
 Total                                             383725906723.144   100.0
-----------------------------------------------------------------------------


     R E A L   C Y C L E   A N D   T I M E   A C C O U N T I N G

On 1 MPI rank, each using 16 OpenMP threads

 Computing:          Num   Num      Call    Wall time         Giga-Cycles
                     Ranks Threads  Count      (s)         total sum    %
-----------------------------------------------------------------------------
 Neighbor search        1   16    6466783   35545.638    1390778.172  20.6
 Launch GPU ops.        1   16  316872319    5549.428     217129.972   3.2
 Force                  1   16  161669551   37941.459    1484518.343  22.0
 Wait Bonded GPU        1   16    1616697      15.159        593.107   0.0
 Wait GPU NB local      1   16  161669551    2835.776     110954.137   1.6
 Wait GPU state copy    1   16  333039275   63872.459    2499108.928  37.0
 NB X/F buffer ops.     1   16   16166956    4546.914     177905.044   2.6
 Write traj.            1   16      20402     389.798      15251.460   0.2
 Rest                                       22114.613     865268.513  12.8
-----------------------------------------------------------------------------
 Total                                     172811.245    6761507.675 100.0
-----------------------------------------------------------------------------

NOTE: 21 % of the run time was spent in pair search,
      you might want to increase nstlist (this has no effect on accuracy)

               Core t (s)   Wall t (s)        (%)
       Time:  2764974.665   172811.245     1600.0
                         2d00h00:11
                 (ns/day)    (hour/ns)
Performance:     2020.738        0.012
Finished mdrun on rank 0 Wed Mar 27 09:20:22 2024

