Log file opened on Wed Sep 27 11:29:11 2023
Host: halc033.amarel.rutgers.edu  pid: 2119  rank ID: 0  number of ranks:  32
                      :-) GROMACS - gmx mdrun, 2016.1 (-:

                            GROMACS is written by:
     Emile Apol      Rossen Apostolov  Herman J.C. Berendsen    Par Bjelkmar   
 Aldert van Buuren   Rudi van Drunen     Anton Feenstra    Gerrit Groenhof  
 Christoph Junghans   Anca Hamuraru    Vincent Hindriksen Dimitrios Karkoulis
    Peter Kasson        Jiri Kraus      Carsten Kutzner      Per Larsson    
  Justin A. Lemkul   Magnus Lundborg   Pieter Meulenhoff    Erik Marklund   
   Teemu Murtola       Szilard Pall       Sander Pronk      Roland Schulz   
  Alexey Shvetsov     Michael Shirts     Alfons Sijbers     Peter Tieleman  
  Teemu Virolainen  Christian Wennberg    Maarten Wolf   
                           and the project leaders:
        Mark Abraham, Berk Hess, Erik Lindahl, and David van der Spoel

Copyright (c) 1991-2000, University of Groningen, The Netherlands.
Copyright (c) 2001-2015, The GROMACS development team at
Uppsala University, Stockholm University and
the Royal Institute of Technology, Sweden.
check out http://www.gromacs.org for more information.

GROMACS is free software; you can redistribute it and/or modify it
under the terms of the GNU Lesser General Public License
as published by the Free Software Foundation; either version 2.1
of the License, or (at your option) any later version.

GROMACS:      gmx mdrun, version 2016.1
Executable:   /opt/sw/packages/intel-17.0.1/mvapich2-2.2/gromacs/2016.1/bin/gmx_mpi
Data prefix:  /opt/sw/packages/intel-17.0.1/mvapich2-2.2/gromacs/2016.1
Working dir:  /scratch/jje63/heat_lig_multinano/Common_Nanoparticle_5/Tetracosanethiol
Command line:
  gmx_mpi mdrun -ntomp 1 -deffnm md -v -rdd 1.4

GROMACS version:    2016.1
Precision:          single
Memory model:       64 bit
MPI library:        MPI
OpenMP support:     enabled (GMX_OPENMP_MAX_THREADS = 32)
GPU support:        disabled
SIMD instructions:  AVX_256
FFT library:        Intel MKL
RDTSCP usage:       enabled
TNG support:        enabled
Hwloc support:      disabled
Tracing support:    disabled
Built on:           Wed Nov 23 15:27:26 EST 2016
Built by:           novosirj@perceval2.hpc.rutgers.edu [CMAKE]
Build OS/arch:      Linux 3.10.0-229.20.1.el7.x86_64 x86_64
Build CPU vendor:   Intel
Build CPU brand:    Intel(R) Xeon(R) CPU E5-2650 v3 @ 2.30GHz
Build CPU family:   6   Model: 63   Stepping: 2
Build CPU features: aes apic avx avx2 clfsh cmov cx8 cx16 f16c fma htt lahf mmx msr nonstop_tsc pcid pclmuldq pdcm pdpe1gb popcnt pse rdrnd rdtscp sse2 sse3 sse4.1 sse4.2 ssse3 tdt x2apic
C compiler:         /opt/sw/packages/intel/17.0.1/compilers_and_libraries/linux/bin/intel64/icc Intel 17.0.0.20161005
C compiler flags:    -mavx   -mkl=sequential  -std=gnu99  -O3 -DNDEBUG -ip -funroll-all-loops -alias-const -ansi-alias  
C++ compiler:       /opt/sw/packages/intel/17.0.1/compilers_and_libraries/linux/bin/intel64/icpc Intel 17.0.0.20161005
C++ compiler flags:  -mavx    -std=c++0x   -O3 -DNDEBUG -ip -funroll-all-loops -alias-const -ansi-alias  


Running on 1 node with total 32 cores, 32 logical cores
Hardware detected on host halc033.amarel.rutgers.edu (the node of MPI rank 0):
  CPU info:
    Vendor: Intel
    Brand:  Intel(R) Xeon(R) Gold 6130 CPU @ 2.10GHz
    Family: 6   Model: 85   Stepping: 4
    Features: aes apic avx avx2 avx512f avx512cd avx512bw avx512vl clfsh cmov cx8 cx16 f16c fma hle htt lahf mmx msr nonstop_tsc pcid pclmuldq pdcm pdpe1gb popcnt pse rdrnd rdtscp rtm sse2 sse3 sse4.1 sse4.2 ssse3 tdt x2apic
    SIMD instructions most likely to fit this hardware: AVX_512
    SIMD instructions selected at GROMACS compile time: AVX_256

  Hardware topology: Basic
    Sockets, cores, and logical processors:
      Socket  0: [   0] [   4] [   8] [  12] [  14] [  10] [   6] [   2] [  16] [  20] [  24] [  28] [  30] [  26] [  22] [  18]
      Socket  1: [   1] [   5] [   9] [  13] [  15] [  11] [   7] [   3] [  17] [  21] [  25] [  29] [  31] [  27] [  23] [  19]


Binary not matching hardware - you might be losing performance.
SIMD instructions most likely to fit this hardware: AVX_512
SIMD instructions selected at GROMACS compile time: AVX_256


++++ PLEASE READ AND CITE THE FOLLOWING REFERENCE ++++
M. J. Abraham, T. Murtola, R. Schulz, S. Páll, J. C. Smith, B. Hess, E.
Lindahl
GROMACS: High performance molecular simulations through multi-level
parallelism from laptops to supercomputers
SoftwareX 1 (2015) pp. 19-25
-------- -------- --- Thank You --- -------- --------


++++ PLEASE READ AND CITE THE FOLLOWING REFERENCE ++++
S. Páll, M. J. Abraham, C. Kutzner, B. Hess, E. Lindahl
Tackling Exascale Software Challenges in Molecular Dynamics Simulations with
GROMACS
In S. Markidis & E. Laure (Eds.), Solving Software Challenges for Exascale 8759 (2015) pp. 3-27
-------- -------- --- Thank You --- -------- --------


++++ PLEASE READ AND CITE THE FOLLOWING REFERENCE ++++
S. Pronk, S. Páll, R. Schulz, P. Larsson, P. Bjelkmar, R. Apostolov, M. R.
Shirts, J. C. Smith, P. M. Kasson, D. van der Spoel, B. Hess, and E. Lindahl
GROMACS 4.5: a high-throughput and highly parallel open source molecular
simulation toolkit
Bioinformatics 29 (2013) pp. 845-54
-------- -------- --- Thank You --- -------- --------


++++ PLEASE READ AND CITE THE FOLLOWING REFERENCE ++++
B. Hess and C. Kutzner and D. van der Spoel and E. Lindahl
GROMACS 4: Algorithms for highly efficient, load-balanced, and scalable
molecular simulation
J. Chem. Theory Comput. 4 (2008) pp. 435-447
-------- -------- --- Thank You --- -------- --------


++++ PLEASE READ AND CITE THE FOLLOWING REFERENCE ++++
D. van der Spoel, E. Lindahl, B. Hess, G. Groenhof, A. E. Mark and H. J. C.
Berendsen
GROMACS: Fast, Flexible and Free
J. Comp. Chem. 26 (2005) pp. 1701-1719
-------- -------- --- Thank You --- -------- --------


++++ PLEASE READ AND CITE THE FOLLOWING REFERENCE ++++
E. Lindahl and B. Hess and D. van der Spoel
GROMACS 3.0: A package for molecular simulation and trajectory analysis
J. Mol. Mod. 7 (2001) pp. 306-317
-------- -------- --- Thank You --- -------- --------


++++ PLEASE READ AND CITE THE FOLLOWING REFERENCE ++++
H. J. C. Berendsen, D. van der Spoel and R. van Drunen
GROMACS: A message-passing parallel molecular dynamics implementation
Comp. Phys. Comm. 91 (1995) pp. 43-56
-------- -------- --- Thank You --- -------- --------

Input Parameters:
   integrator                     = md
   tinit                          = 0
   dt                             = 0.025
   nsteps                         = 200000000
   init-step                      = 0
   simulation-part                = 1
   comm-mode                      = Linear
   nstcomm                        = 100
   bd-fric                        = 0
   ld-seed                        = 1607481091
   emtol                          = 10
   emstep                         = 0.01
   niter                          = 20
   fcstep                         = 0
   nstcgsteep                     = 1000
   nbfgscorr                      = 10
   rtpi                           = 0.05
   nstxout                        = 0
   nstvout                        = 0
   nstfout                        = 0
   nstlog                         = 400000
   nstcalcenergy                  = 100
   nstenergy                      = 4000
   nstxout-compressed             = 8000
   compressed-x-precision         = 100
   cutoff-scheme                  = Group
   nstlist                        = 10
   ns-type                        = Grid
   pbc                            = xyz
   periodic-molecules             = false
   verlet-buffer-tolerance        = 0.005
   rlist                          = 1.2
   coulombtype                    = Shift
   coulomb-modifier               = None
   rcoulomb-switch                = 0
   rcoulomb                       = 1.2
   epsilon-r                      = 15
   epsilon-rf                     = inf
   vdw-type                       = Shift
   vdw-modifier                   = None
   rvdw-switch                    = 0.9
   rvdw                           = 1.2
   DispCorr                       = No
   table-extension                = 1
   fourierspacing                 = 0.12
   fourier-nx                     = 0
   fourier-ny                     = 0
   fourier-nz                     = 0
   pme-order                      = 4
   ewald-rtol                     = 1e-05
   ewald-rtol-lj                  = 0.001
   lj-pme-comb-rule               = Geometric
   ewald-geometry                 = 0
   epsilon-surface                = 0
   implicit-solvent               = No
   gb-algorithm                   = Still
   nstgbradii                     = 1
   rgbradii                       = 1
   gb-epsilon-solvent             = 80
   gb-saltconc                    = 0
   gb-obc-alpha                   = 1
   gb-obc-beta                    = 0.8
   gb-obc-gamma                   = 4.85
   gb-dielectric-offset           = 0.009
   sa-algorithm                   = Ace-approximation
   sa-surface-tension             = 2.05016
   tcoupl                         = V-rescale
   nsttcouple                     = 1
   nh-chain-length                = 0
   print-nose-hoover-chain-variables = false
   pcoupl                         = Berendsen
   pcoupltype                     = Semiisotropic
   nstpcouple                     = 10
   tau-p                          = 3
   compressibility (3x3):
      compressibility[    0]={ 3.00000e-05,  0.00000e+00,  0.00000e+00}
      compressibility[    1]={ 0.00000e+00,  3.00000e-05,  0.00000e+00}
      compressibility[    2]={ 0.00000e+00,  0.00000e+00,  3.00000e-05}
   ref-p (3x3):
      ref-p[    0]={ 1.00000e+00,  0.00000e+00,  0.00000e+00}
      ref-p[    1]={ 0.00000e+00,  1.00000e+00,  0.00000e+00}
      ref-p[    2]={ 0.00000e+00,  0.00000e+00,  1.00000e+00}
   refcoord-scaling               = All
   posres-com (3):
      posres-com[0]= 0.00000e+00
      posres-com[1]= 0.00000e+00
      posres-com[2]= 0.00000e+00
   posres-comB (3):
      posres-comB[0]= 0.00000e+00
      posres-comB[1]= 0.00000e+00
      posres-comB[2]= 0.00000e+00
   QMMM                           = false
   QMconstraints                  = 0
   QMMMscheme                     = 0
   MMChargeScaleFactor            = 1
qm-opts:
   ngQM                           = 0
   constraint-algorithm           = Lincs
   continuation                   = false
   Shake-SOR                      = false
   shake-tol                      = 0.0001
   lincs-order                    = 4
   lincs-iter                     = 1
   lincs-warnangle                = 30
   nwall                          = 0
   wall-type                      = 9-3
   wall-r-linpot                  = -1
   wall-atomtype[0]               = -1
   wall-atomtype[1]               = -1
   wall-density[0]                = 0
   wall-density[1]                = 0
   wall-ewald-zfac                = 3
   pull                           = false
   rotation                       = false
   interactiveMD                  = false
   disre                          = No
   disre-weighting                = Conservative
   disre-mixed                    = false
   dr-fc                          = 1000
   dr-tau                         = 0
   nstdisreout                    = 100
   orire-fc                       = 0
   orire-tau                      = 0
   nstorireout                    = 100
   free-energy                    = no
   cos-acceleration               = 0
   deform (3x3):
      deform[    0]={ 0.00000e+00,  0.00000e+00,  0.00000e+00}
      deform[    1]={ 0.00000e+00,  0.00000e+00,  0.00000e+00}
      deform[    2]={ 0.00000e+00,  0.00000e+00,  0.00000e+00}
   simulated-tempering            = false
   E-x:
      n = 0
   E-xt:
      n = 0
   E-y:
      n = 0
   E-yt:
      n = 0
   E-z:
      n = 0
   E-zt:
      n = 0
   swapcoords                     = no
   userint1                       = 0
   userint2                       = 0
   userint3                       = 0
   userint4                       = 0
   userreal1                      = 0
   userreal2                      = 0
   userreal3                      = 0
   userreal4                      = 0
grpopts:
   nrdf:     16949.9      194219      495160       10902
   ref-t:         313         313         313         313
   tau-t:           1           1           1           1
annealing:          No          No          No          No
annealing-npoints:           0           0           0           0
   acc:	           0           0           0
   nfreeze:           N           N           N
   energygrp-flags[  0]: 0


Initializing Domain Decomposition on 32 ranks
Dynamic load balancing: auto
Minimum cell size due to bonded interactions: 1.400 nm
Scaling the initial minimum size with 1/0.8 (option -dds) = 1.25
Optimizing the DD grid for 32 cells with a minimum initial size of 1.750 nm
The maximum allowed number of cells is: X 25 Y 25 Z 8
Domain decomposition grid 8 x 4 x 1, separate PME ranks 0
Domain decomposition rank 0, coordinates 0 0 0

The initial number of communication pulses is: X 1 Y 1
The initial domain decomposition cell size is: X 5.62 nm Y 11.25 nm

The maximum allowed distance for charge groups involved in interactions is:
                 non-bonded interactions           1.200 nm
(the following are initial values, they could change due to box deformation)
            two-body bonded interactions  (-rdd)   1.400 nm
          multi-body bonded interactions  (-rdd)   1.400 nm

When dynamic load balancing gets turned on, these settings will change to:
The maximum number of communication pulses is: X 1 Y 1
The minimum size for domain decomposition cells is 1.400 nm
The requested allowed shrink of DD cells (option -dds) is: 0.80
The allowed shrink of domain decomposition cells is: X 0.25 Y 0.12
The maximum allowed distance for charge groups involved in interactions is:
                 non-bonded interactions           1.200 nm
            two-body bonded interactions  (-rdd)   1.400 nm
          multi-body bonded interactions  (-rdd)   1.400 nm

Using 32 MPI processes


NOTE: This file uses the deprecated 'group' cutoff_scheme. This will be
removed in a future release when 'verlet' supports all interaction forms.

Table routines are used for coulomb: true
Table routines are used for vdw:     true
Using shifted Lennard-Jones, switch between 0.9 and 1.2 nm
Cut-off's:   NS: 1.2   Coulomb: 1.2   LJ: 1.2
System total charge: 0.000
Generated table with 1100 data points for Shift.
Tabscale = 500 points/nm
Generated table with 1100 data points for LJ6Shift.
Tabscale = 500 points/nm
Generated table with 1100 data points for LJ12Shift.
Tabscale = 500 points/nm
Potential shift: LJ r^-12: 0.000e+00 r^-6: 0.000e+00
Removing pbc first time
Pinning threads with an auto-selected logical core stride of 1

Linking all bonded interactions to atoms

Intra-simulation communication will occur every 1 steps.
Center of mass motion removal mode is Linear
We have the following groups for center of mass motion removal:
  0:  rest

++++ PLEASE READ AND CITE THE FOLLOWING REFERENCE ++++
G. Bussi, D. Donadio and M. Parrinello
Canonical sampling through velocity rescaling
J. Chem. Phys. 126 (2007) pp. 014101
-------- -------- --- Thank You --- -------- --------

There are: 239078 Atoms
Atom distribution over 32 domains: av 7471 stddev 315 min 6834 max 7849
Grid: 7 x 12 x 14 cells
Initial temperature: 313.096 K

Started mdrun on rank 0 Wed Sep 27 11:29:11 2023
           Step           Time
              0        0.00000


   Energies (kJ/mol)
           Bond       G96Angle        LJ (SR)   Coulomb (SR)      Potential
    3.31921e+05    5.08592e+04   -6.06874e+06   -7.21548e+04   -5.75811e+06
    Kinetic En.   Total Energy    Temperature Pressure (bar)
    9.38935e+05   -4.81917e+06    3.14900e+02   -1.43637e+03

DD  step 9 load imb.: force 16.4%


step 20 Turning on dynamic load balancing, because the performance loss due to load imbalance is 4.1 %.


step 17200 Turning off dynamic load balancing, because it is degrading performance.

Atom distribution over 32 domains: av 7471 stddev 69 min 7413 max 7577

step 109000 Turning on dynamic load balancing, because the performance loss due to load imbalance is 2.0 %.


step 109200 Turning off dynamic load balancing, because it is degrading performance.

Atom distribution over 32 domains: av 7471 stddev 81 min 7406 max 7581

step 111000 Turning on dynamic load balancing, because the performance loss due to load imbalance is 2.0 %.


step 111200 Turning off dynamic load balancing, because it is degrading performance.

Atom distribution over 32 domains: av 7471 stddev 82 min 7393 max 7598

step 112000 Will no longer try dynamic load balancing, as it degraded performance.

Writing checkpoint, step 205630 at Wed Sep 27 11:44:11 2023


DD  step 399999 load imb.: force  7.4%

           Step           Time
         400000    10000.00000

   Energies (kJ/mol)
           Bond       G96Angle        LJ (SR)   Coulomb (SR)      Potential
    2.61626e+05    5.00462e+04   -5.68776e+06   -2.61820e+04   -5.40227e+06
    Kinetic En.   Total Energy    Temperature Pressure (bar)
    9.33982e+05   -4.46829e+06    3.13239e+02    8.97077e-01

Writing checkpoint, step 410820 at Wed Sep 27 11:59:11 2023


Writing checkpoint, step 615940 at Wed Sep 27 12:14:11 2023


DD  step 799999 load imb.: force  6.4%

           Step           Time
         800000    20000.00000

   Energies (kJ/mol)
           Bond       G96Angle        LJ (SR)   Coulomb (SR)      Potential
    2.62411e+05    4.91946e+04   -5.68495e+06   -2.60615e+04   -5.39940e+06
    Kinetic En.   Total Energy    Temperature Pressure (bar)
    9.30410e+05   -4.46900e+06    3.12040e+02    8.27599e+00

Writing checkpoint, step 821340 at Wed Sep 27 12:29:11 2023


Writing checkpoint, step 1026850 at Wed Sep 27 12:44:11 2023


DD  step 1199999 load imb.: force  6.3%

           Step           Time
        1200000    30000.00000

   Energies (kJ/mol)
           Bond       G96Angle        LJ (SR)   Coulomb (SR)      Potential
    2.62138e+05    4.90612e+04   -5.68643e+06   -2.59762e+04   -5.40120e+06
    Kinetic En.   Total Energy    Temperature Pressure (bar)
    9.29923e+05   -4.47128e+06    3.11877e+02    8.28846e+00

Writing checkpoint, step 1232650 at Wed Sep 27 12:59:11 2023


Writing checkpoint, step 1438330 at Wed Sep 27 13:14:11 2023


DD  step 1599999 load imb.: force  7.6%

           Step           Time
        1600000    40000.00000

   Energies (kJ/mol)
           Bond       G96Angle        LJ (SR)   Coulomb (SR)      Potential
    2.62080e+05    4.97369e+04   -5.68484e+06   -2.60273e+04   -5.39905e+06
    Kinetic En.   Total Energy    Temperature Pressure (bar)
    9.33891e+05   -4.46516e+06    3.13208e+02    4.09367e+00

Writing checkpoint, step 1644360 at Wed Sep 27 13:29:11 2023


Writing checkpoint, step 1850510 at Wed Sep 27 13:44:11 2023


DD  step 1999999 load imb.: force  6.7%

           Step           Time
        2000000    50000.00000

   Energies (kJ/mol)
           Bond       G96Angle        LJ (SR)   Coulomb (SR)      Potential
    2.61827e+05    4.96591e+04   -5.68686e+06   -2.60380e+04   -5.40141e+06
    Kinetic En.   Total Energy    Temperature Pressure (bar)
    9.29165e+05   -4.47224e+06    3.11623e+02   -8.14092e+00

Writing checkpoint, step 2056730 at Wed Sep 27 13:59:11 2023


Writing checkpoint, step 2262910 at Wed Sep 27 14:14:11 2023


DD  step 2399999 load imb.: force  5.2%

           Step           Time
        2400000    60000.00000

   Energies (kJ/mol)
           Bond       G96Angle        LJ (SR)   Coulomb (SR)      Potential
    2.63036e+05    4.93877e+04   -5.68612e+06   -2.59478e+04   -5.39964e+06
    Kinetic En.   Total Energy    Temperature Pressure (bar)
    9.33587e+05   -4.46606e+06    3.13106e+02    8.29730e+00

Writing checkpoint, step 2468890 at Wed Sep 27 14:29:11 2023


Writing checkpoint, step 2673740 at Wed Sep 27 14:44:11 2023


DD  step 2799999 load imb.: force  6.3%

           Step           Time
        2800000    70000.00000

   Energies (kJ/mol)
           Bond       G96Angle        LJ (SR)   Coulomb (SR)      Potential
    2.60533e+05    4.98213e+04   -5.68656e+06   -2.61930e+04   -5.40240e+06
    Kinetic En.   Total Energy    Temperature Pressure (bar)
    9.32502e+05   -4.46990e+06    3.12742e+02    9.29791e+00

Writing checkpoint, step 2879040 at Wed Sep 27 14:59:11 2023


Writing checkpoint, step 3084580 at Wed Sep 27 15:14:11 2023


DD  step 3199999 load imb.: force  8.5%

           Step           Time
        3200000    80000.00000

   Energies (kJ/mol)
           Bond       G96Angle        LJ (SR)   Coulomb (SR)      Potential
    2.61120e+05    4.99052e+04   -5.68735e+06   -2.63111e+04   -5.40263e+06
    Kinetic En.   Total Energy    Temperature Pressure (bar)
    9.31100e+05   -4.47153e+06    3.12272e+02   -4.20502e-01

Writing checkpoint, step 3287700 at Wed Sep 27 15:29:11 2023


Writing checkpoint, step 3489910 at Wed Sep 27 15:44:11 2023


DD  step 3599999 load imb.: force  6.9%

           Step           Time
        3600000    90000.00000

   Energies (kJ/mol)
           Bond       G96Angle        LJ (SR)   Coulomb (SR)      Potential
    2.62562e+05    4.99655e+04   -5.68975e+06   -2.62717e+04   -5.40349e+06
    Kinetic En.   Total Energy    Temperature Pressure (bar)
    9.28467e+05   -4.47503e+06    3.11389e+02   -5.05229e+00

Writing checkpoint, step 3693050 at Wed Sep 27 15:59:11 2023


Writing checkpoint, step 3894230 at Wed Sep 27 16:14:11 2023


DD  step 3999999 load imb.: force  9.9%

           Step           Time
        4000000   100000.00000

   Energies (kJ/mol)
           Bond       G96Angle        LJ (SR)   Coulomb (SR)      Potential
    2.62317e+05    4.95306e+04   -5.68774e+06   -2.63849e+04   -5.40228e+06
    Kinetic En.   Total Energy    Temperature Pressure (bar)
    9.31326e+05   -4.47096e+06    3.12348e+02   -7.96040e+00

Writing checkpoint, step 4095280 at Wed Sep 27 16:29:11 2023


Writing checkpoint, step 4294500 at Wed Sep 27 16:44:11 2023


DD  step 4399999 load imb.: force 11.7%

           Step           Time
        4400000   110000.00000

   Energies (kJ/mol)
           Bond       G96Angle        LJ (SR)   Coulomb (SR)      Potential
    2.62668e+05    4.93539e+04   -5.68573e+06   -2.54842e+04   -5.39919e+06
    Kinetic En.   Total Energy    Temperature Pressure (bar)
    9.28926e+05   -4.47026e+06    3.11543e+02    1.12528e+01

Writing checkpoint, step 4494530 at Wed Sep 27 16:59:11 2023


Writing checkpoint, step 4693680 at Wed Sep 27 17:14:11 2023


DD  step 4799999 load imb.: force 11.0%

           Step           Time
        4800000   120000.00000

   Energies (kJ/mol)
           Bond       G96Angle        LJ (SR)   Coulomb (SR)      Potential
    2.60707e+05    4.99410e+04   -5.68522e+06   -2.58839e+04   -5.40045e+06
    Kinetic En.   Total Energy    Temperature Pressure (bar)
    9.31757e+05   -4.46869e+06    3.12493e+02    4.17474e+00

Writing checkpoint, step 4892520 at Wed Sep 27 17:29:11 2023


Writing checkpoint, step 5090960 at Wed Sep 27 17:44:11 2023


DD  step 5199999 load imb.: force 10.7%

           Step           Time
        5200000   130000.00000

   Energies (kJ/mol)
           Bond       G96Angle        LJ (SR)   Coulomb (SR)      Potential
    2.61950e+05    4.97549e+04   -5.68872e+06   -2.60133e+04   -5.40303e+06
    Kinetic En.   Total Energy    Temperature Pressure (bar)
    9.32446e+05   -4.47058e+06    3.12724e+02    4.02604e+00

Writing checkpoint, step 5291160 at Wed Sep 27 17:59:11 2023


Writing checkpoint, step 5490410 at Wed Sep 27 18:14:11 2023


DD  step 5599999 load imb.: force 11.8%

           Step           Time
        5600000   140000.00000

   Energies (kJ/mol)
           Bond       G96Angle        LJ (SR)   Coulomb (SR)      Potential
    2.61462e+05    4.93992e+04   -5.68730e+06   -2.55749e+04   -5.40201e+06
    Kinetic En.   Total Energy    Temperature Pressure (bar)
    9.31598e+05   -4.47042e+06    3.12439e+02   -2.06226e+00

Writing checkpoint, step 5688610 at Wed Sep 27 18:29:11 2023


Writing checkpoint, step 5886870 at Wed Sep 27 18:44:11 2023


DD  step 5999999 load imb.: force 10.6%

           Step           Time
        6000000   150000.00000

   Energies (kJ/mol)
           Bond       G96Angle        LJ (SR)   Coulomb (SR)      Potential
    2.61106e+05    4.91664e+04   -5.68856e+06   -2.59239e+04   -5.40421e+06
    Kinetic En.   Total Energy    Temperature Pressure (bar)
    9.28963e+05   -4.47525e+06    3.11555e+02   -6.69217e+00

Writing checkpoint, step 6086150 at Wed Sep 27 18:59:11 2023


Writing checkpoint, step 6285050 at Wed Sep 27 19:14:11 2023


DD  step 6399999 load imb.: force 10.3%

           Step           Time
        6400000   160000.00000

   Energies (kJ/mol)
           Bond       G96Angle        LJ (SR)   Coulomb (SR)      Potential
    2.62220e+05    4.96390e+04   -5.68540e+06   -2.59879e+04   -5.39953e+06
    Kinetic En.   Total Energy    Temperature Pressure (bar)
    9.34656e+05   -4.46487e+06    3.13465e+02    7.14112e+00

Writing checkpoint, step 6484450 at Wed Sep 27 19:29:11 2023


Writing checkpoint, step 6683950 at Wed Sep 27 19:44:11 2023


DD  step 6799999 load imb.: force 11.4%

           Step           Time
        6800000   170000.00000

   Energies (kJ/mol)
           Bond       G96Angle        LJ (SR)   Coulomb (SR)      Potential
    2.61259e+05    4.88405e+04   -5.68985e+06   -2.62670e+04   -5.40602e+06
    Kinetic En.   Total Energy    Temperature Pressure (bar)
    9.28168e+05   -4.47785e+06    3.11289e+02   -2.15265e+00

Writing checkpoint, step 6882270 at Wed Sep 27 19:59:11 2023


Writing checkpoint, step 7079770 at Wed Sep 27 20:14:11 2023


DD  step 7199999 load imb.: force 13.6%

           Step           Time
        7200000   180000.00000

   Energies (kJ/mol)
           Bond       G96Angle        LJ (SR)   Coulomb (SR)      Potential
    2.62626e+05    4.99700e+04   -5.68614e+06   -2.63304e+04   -5.39987e+06
    Kinetic En.   Total Energy    Temperature Pressure (bar)
    9.33183e+05   -4.46669e+06    3.12971e+02    1.34058e+01

Writing checkpoint, step 7277730 at Wed Sep 27 20:29:11 2023


Writing checkpoint, step 7475410 at Wed Sep 27 20:44:11 2023


DD  step 7599999 load imb.: force 12.4%

           Step           Time
        7600000   190000.00000

   Energies (kJ/mol)
           Bond       G96Angle        LJ (SR)   Coulomb (SR)      Potential
    2.61192e+05    4.94485e+04   -5.68609e+06   -2.63441e+04   -5.40179e+06
    Kinetic En.   Total Energy    Temperature Pressure (bar)
    9.31943e+05   -4.46985e+06    3.12555e+02   -1.42001e+00

Writing checkpoint, step 7673190 at Wed Sep 27 20:59:11 2023


Writing checkpoint, step 7870700 at Wed Sep 27 21:14:11 2023


DD  step 7999999 load imb.: force 11.6%

           Step           Time
        8000000   200000.00000

   Energies (kJ/mol)
           Bond       G96Angle        LJ (SR)   Coulomb (SR)      Potential
    2.63546e+05    4.97224e+04   -5.68712e+06   -2.60941e+04   -5.39994e+06
    Kinetic En.   Total Energy    Temperature Pressure (bar)
    9.31629e+05   -4.46831e+06    3.12450e+02    1.86205e+00

Writing checkpoint, step 8068290 at Wed Sep 27 21:29:11 2023


Writing checkpoint, step 8265770 at Wed Sep 27 21:44:11 2023


DD  step 8399999 load imb.: force 13.8%

           Step           Time
        8400000   210000.00000

   Energies (kJ/mol)
           Bond       G96Angle        LJ (SR)   Coulomb (SR)      Potential
    2.61635e+05    4.98044e+04   -5.68764e+06   -2.60152e+04   -5.40221e+06
    Kinetic En.   Total Energy    Temperature Pressure (bar)
    9.31914e+05   -4.47030e+06    3.12545e+02    7.55681e+00

Writing checkpoint, step 8464010 at Wed Sep 27 21:59:11 2023


Writing checkpoint, step 8662030 at Wed Sep 27 22:14:11 2023


DD  step 8799999 load imb.: force 12.6%

           Step           Time
        8800000   220000.00000

   Energies (kJ/mol)
           Bond       G96Angle        LJ (SR)   Coulomb (SR)      Potential
    2.60218e+05    4.93173e+04   -5.68818e+06   -2.63935e+04   -5.40504e+06
    Kinetic En.   Total Energy    Temperature Pressure (bar)
    9.30386e+05   -4.47465e+06    3.12033e+02    1.13865e+01

Writing checkpoint, step 8859640 at Wed Sep 27 22:29:11 2023


Writing checkpoint, step 9056770 at Wed Sep 27 22:44:11 2023


DD  step 9199999 load imb.: force 11.5%

           Step           Time
        9200000   230000.00000

   Energies (kJ/mol)
           Bond       G96Angle        LJ (SR)   Coulomb (SR)      Potential
    2.61448e+05    4.96779e+04   -5.68880e+06   -2.63550e+04   -5.40403e+06
    Kinetic En.   Total Energy    Temperature Pressure (bar)
    9.31093e+05   -4.47294e+06    3.12270e+02   -4.45303e+00

Writing checkpoint, step 9254460 at Wed Sep 27 22:59:11 2023


Writing checkpoint, step 9452270 at Wed Sep 27 23:14:11 2023


DD  step 9599999 load imb.: force 11.7%

           Step           Time
        9600000   240000.00000

   Energies (kJ/mol)
           Bond       G96Angle        LJ (SR)   Coulomb (SR)      Potential
    2.61324e+05    4.93813e+04   -5.69199e+06   -2.60850e+04   -5.40737e+06
    Kinetic En.   Total Energy    Temperature Pressure (bar)
    9.28137e+05   -4.47924e+06    3.11278e+02   -1.24281e+01

Writing checkpoint, step 9649920 at Wed Sep 27 23:29:11 2023


Writing checkpoint, step 9847640 at Wed Sep 27 23:44:11 2023


DD  step 9999999 load imb.: force 11.7%

           Step           Time
       10000000   250000.00000

   Energies (kJ/mol)
           Bond       G96Angle        LJ (SR)   Coulomb (SR)      Potential
    2.60298e+05    4.91796e+04   -5.68672e+06   -2.63847e+04   -5.40362e+06
    Kinetic En.   Total Energy    Temperature Pressure (bar)
    9.24528e+05   -4.47910e+06    3.10068e+02    4.37229e+00

Writing checkpoint, step 10045230 at Wed Sep 27 23:59:11 2023


Writing checkpoint, step 10243490 at Thu Sep 28 00:14:11 2023


DD  step 10399999 load imb.: force 10.9%

           Step           Time
       10400000   260000.00000

   Energies (kJ/mol)
           Bond       G96Angle        LJ (SR)   Coulomb (SR)      Potential
    2.61818e+05    4.95031e+04   -5.68385e+06   -2.60199e+04   -5.39855e+06
    Kinetic En.   Total Energy    Temperature Pressure (bar)
    9.31481e+05   -4.46707e+06    3.12400e+02    6.27061e+00

Writing checkpoint, step 10441520 at Thu Sep 28 00:29:11 2023


Writing checkpoint, step 10640500 at Thu Sep 28 00:44:11 2023


DD  step 10799999 load imb.: force 11.5%

           Step           Time
       10800000   270000.00000

   Energies (kJ/mol)
           Bond       G96Angle        LJ (SR)   Coulomb (SR)      Potential
    2.62207e+05    4.90928e+04   -5.68879e+06   -2.64585e+04   -5.40395e+06
    Kinetic En.   Total Energy    Temperature Pressure (bar)
    9.31965e+05   -4.47199e+06    3.12562e+02   -2.31500e+00

Writing checkpoint, step 10839290 at Thu Sep 28 00:59:11 2023


Writing checkpoint, step 11036570 at Thu Sep 28 01:14:11 2023


DD  step 11199999 load imb.: force 11.8%

           Step           Time
       11200000   280000.00000

   Energies (kJ/mol)
           Bond       G96Angle        LJ (SR)   Coulomb (SR)      Potential
    2.62056e+05    4.92165e+04   -5.68895e+06   -2.61024e+04   -5.40378e+06
    Kinetic En.   Total Energy    Temperature Pressure (bar)
    9.31615e+05   -4.47216e+06    3.12445e+02   -7.06293e-01

Writing checkpoint, step 11233450 at Thu Sep 28 01:29:11 2023


Writing checkpoint, step 11430520 at Thu Sep 28 01:44:11 2023


DD  step 11599999 load imb.: force 13.4%

           Step           Time
       11600000   290000.00000

   Energies (kJ/mol)
           Bond       G96Angle        LJ (SR)   Coulomb (SR)      Potential
    2.61621e+05    4.94191e+04   -5.68736e+06   -2.60718e+04   -5.40239e+06
    Kinetic En.   Total Energy    Temperature Pressure (bar)
    9.29256e+05   -4.47313e+06    3.11654e+02   -5.51285e+00

Writing checkpoint, step 11627500 at Thu Sep 28 01:59:11 2023


Writing checkpoint, step 11824630 at Thu Sep 28 02:14:11 2023


DD  step 11999999 load imb.: force 12.7%

           Step           Time
       12000000   300000.00000

   Energies (kJ/mol)
           Bond       G96Angle        LJ (SR)   Coulomb (SR)      Potential
    2.61275e+05    4.97877e+04   -5.68437e+06   -2.59419e+04   -5.39925e+06
    Kinetic En.   Total Energy    Temperature Pressure (bar)
    9.32619e+05   -4.46663e+06    3.12781e+02    8.59306e+00

Writing checkpoint, step 12022010 at Thu Sep 28 02:29:11 2023


Writing checkpoint, step 12219350 at Thu Sep 28 02:44:11 2023


DD  step 12399999 load imb.: force 11.4%

           Step           Time
       12400000   310000.00000

   Energies (kJ/mol)
           Bond       G96Angle        LJ (SR)   Coulomb (SR)      Potential
    2.61629e+05    4.98640e+04   -5.69047e+06   -2.60859e+04   -5.40507e+06
    Kinetic En.   Total Energy    Temperature Pressure (bar)
    9.30606e+05   -4.47446e+06    3.12106e+02   -6.26204e+00

Writing checkpoint, step 12416530 at Thu Sep 28 02:59:11 2023


Writing checkpoint, step 12614280 at Thu Sep 28 03:14:11 2023


DD  step 12799999 load imb.: force 15.2%

           Step           Time
       12800000   320000.00000

   Energies (kJ/mol)
           Bond       G96Angle        LJ (SR)   Coulomb (SR)      Potential
    2.61542e+05    4.99109e+04   -5.68953e+06   -2.67399e+04   -5.40481e+06
    Kinetic En.   Total Energy    Temperature Pressure (bar)
    9.32950e+05   -4.47186e+06    3.12892e+02   -5.03843e+00

Writing checkpoint, step 12811980 at Thu Sep 28 03:29:11 2023


Writing checkpoint, step 13010270 at Thu Sep 28 03:44:11 2023


DD  step 13199999 load imb.: force 10.5%

           Step           Time
       13200000   330000.00000

   Energies (kJ/mol)
           Bond       G96Angle        LJ (SR)   Coulomb (SR)      Potential
    2.60442e+05    4.96351e+04   -5.68896e+06   -2.65630e+04   -5.40545e+06
    Kinetic En.   Total Energy    Temperature Pressure (bar)
    9.30916e+05   -4.47453e+06    3.12210e+02    7.53733e-01

Writing checkpoint, step 13208350 at Thu Sep 28 03:59:11 2023


Writing checkpoint, step 13407250 at Thu Sep 28 04:14:11 2023


DD  step 13599999 load imb.: force 11.8%

           Step           Time
       13600000   340000.00000

   Energies (kJ/mol)
           Bond       G96Angle        LJ (SR)   Coulomb (SR)      Potential
    2.61830e+05    4.89291e+04   -5.68783e+06   -2.60649e+04   -5.40313e+06
    Kinetic En.   Total Energy    Temperature Pressure (bar)
    9.30544e+05   -4.47259e+06    3.12085e+02    3.06229e+00

Writing checkpoint, step 13605270 at Thu Sep 28 04:29:11 2023


Writing checkpoint, step 13803250 at Thu Sep 28 04:44:11 2023


DD  step 13999999 load imb.: force 14.3%

           Step           Time
       14000000   350000.00000

   Energies (kJ/mol)
           Bond       G96Angle        LJ (SR)   Coulomb (SR)      Potential
    2.60729e+05    4.94989e+04   -5.68321e+06   -2.61755e+04   -5.39916e+06
    Kinetic En.   Total Energy    Temperature Pressure (bar)
    9.32328e+05   -4.46683e+06    3.12684e+02    1.23587e+01

Writing checkpoint, step 14000940 at Thu Sep 28 04:59:11 2023


Writing checkpoint, step 14199190 at Thu Sep 28 05:14:11 2023


Writing checkpoint, step 14397360 at Thu Sep 28 05:29:11 2023


DD  step 14399999 load imb.: force 10.5%

           Step           Time
       14400000   360000.00000

   Energies (kJ/mol)
           Bond       G96Angle        LJ (SR)   Coulomb (SR)      Potential
    2.61984e+05    4.90970e+04   -5.68573e+06   -2.63092e+04   -5.40096e+06
    Kinetic En.   Total Energy    Temperature Pressure (bar)
    9.32332e+05   -4.46863e+06    3.12685e+02    8.07214e+00

Writing checkpoint, step 14596360 at Thu Sep 28 05:44:11 2023


Writing checkpoint, step 14794920 at Thu Sep 28 05:59:11 2023


DD  step 14799999 load imb.: force 11.1%

           Step           Time
       14800000   370000.00000

   Energies (kJ/mol)
           Bond       G96Angle        LJ (SR)   Coulomb (SR)      Potential
    2.60960e+05    4.95635e+04   -5.68725e+06   -2.58728e+04   -5.40260e+06
    Kinetic En.   Total Energy    Temperature Pressure (bar)
    9.27694e+05   -4.47491e+06    3.11130e+02    2.03220e+00

Writing checkpoint, step 14993810 at Thu Sep 28 06:14:11 2023


Writing checkpoint, step 15191550 at Thu Sep 28 06:29:11 2023


DD  step 15199999 load imb.: force 11.1%

           Step           Time
       15200000   380000.00000

   Energies (kJ/mol)
           Bond       G96Angle        LJ (SR)   Coulomb (SR)      Potential
    2.61210e+05    5.00847e+04   -5.69178e+06   -2.59338e+04   -5.40642e+06
    Kinetic En.   Total Energy    Temperature Pressure (bar)
    9.31516e+05   -4.47490e+06    3.12411e+02   -9.75459e+00

Writing checkpoint, step 15389290 at Thu Sep 28 06:44:11 2023


Writing checkpoint, step 15586940 at Thu Sep 28 06:59:11 2023


DD  step 15599999 load imb.: force 11.9%

           Step           Time
       15600000   390000.00000

   Energies (kJ/mol)
           Bond       G96Angle        LJ (SR)   Coulomb (SR)      Potential
    2.62903e+05    4.95925e+04   -5.68820e+06   -2.61483e+04   -5.40186e+06
    Kinetic En.   Total Energy    Temperature Pressure (bar)
    9.32810e+05   -4.46905e+06    3.12846e+02    7.85618e-01

Writing checkpoint, step 15784850 at Thu Sep 28 07:14:11 2023


Writing checkpoint, step 15983110 at Thu Sep 28 07:29:11 2023


DD  step 15999999 load imb.: force 11.4%

           Step           Time
       16000000   400000.00000

   Energies (kJ/mol)
           Bond       G96Angle        LJ (SR)   Coulomb (SR)      Potential
    2.60793e+05    4.90616e+04   -5.68545e+06   -2.63812e+04   -5.40198e+06
    Kinetic En.   Total Energy    Temperature Pressure (bar)
    9.31737e+05   -4.47024e+06    3.12486e+02    2.10158e+01

Writing checkpoint, step 16182140 at Thu Sep 28 07:44:11 2023


Writing checkpoint, step 16380990 at Thu Sep 28 07:59:11 2023


DD  step 16399999 load imb.: force 10.0%

           Step           Time
       16400000   410000.00000

   Energies (kJ/mol)
           Bond       G96Angle        LJ (SR)   Coulomb (SR)      Potential
    2.61927e+05    4.93750e+04   -5.68676e+06   -2.63914e+04   -5.40184e+06
    Kinetic En.   Total Energy    Temperature Pressure (bar)
    9.30147e+05   -4.47170e+06    3.11952e+02   -2.80309e+00

Writing checkpoint, step 16580890 at Thu Sep 28 08:14:11 2023


Writing checkpoint, step 16780780 at Thu Sep 28 08:29:11 2023


DD  step 16799999 load imb.: force 12.0%

           Step           Time
       16800000   420000.00000

   Energies (kJ/mol)
           Bond       G96Angle        LJ (SR)   Coulomb (SR)      Potential
    2.61870e+05    4.94198e+04   -5.69161e+06   -2.62762e+04   -5.40660e+06
    Kinetic En.   Total Energy    Temperature Pressure (bar)
    9.29792e+05   -4.47680e+06    3.11833e+02   -7.59694e+00

Writing checkpoint, step 16979560 at Thu Sep 28 08:44:11 2023


Writing checkpoint, step 17179400 at Thu Sep 28 08:59:11 2023


DD  step 17199999 load imb.: force  7.8%

           Step           Time
       17200000   430000.00000

   Energies (kJ/mol)
           Bond       G96Angle        LJ (SR)   Coulomb (SR)      Potential
    2.62309e+05    4.92648e+04   -5.68824e+06   -2.55551e+04   -5.40222e+06
    Kinetic En.   Total Energy    Temperature Pressure (bar)
    9.31556e+05   -4.47066e+06    3.12425e+02   -5.21305e+00

Writing checkpoint, step 17381060 at Thu Sep 28 09:14:11 2023


Writing checkpoint, step 17584330 at Thu Sep 28 09:29:11 2023


DD  step 17599999 load imb.: force  6.2%

           Step           Time
       17600000   440000.00000

   Energies (kJ/mol)
           Bond       G96Angle        LJ (SR)   Coulomb (SR)      Potential
    2.60432e+05    4.99390e+04   -5.68993e+06   -2.65300e+04   -5.40609e+06
    Kinetic En.   Total Energy    Temperature Pressure (bar)
    9.32286e+05   -4.47381e+06    3.12670e+02   -1.41096e-01

Writing checkpoint, step 17787770 at Thu Sep 28 09:44:11 2023


Writing checkpoint, step 17991020 at Thu Sep 28 09:59:11 2023


DD  step 17999999 load imb.: force  7.9%

           Step           Time
       18000000   450000.00000

   Energies (kJ/mol)
           Bond       G96Angle        LJ (SR)   Coulomb (SR)      Potential
    2.62449e+05    4.95299e+04   -5.68719e+06   -2.63270e+04   -5.40154e+06
    Kinetic En.   Total Energy    Temperature Pressure (bar)
    9.30446e+05   -4.47110e+06    3.12053e+02   -2.47709e+00

Writing checkpoint, step 18194000 at Thu Sep 28 10:14:11 2023


Writing checkpoint, step 18396460 at Thu Sep 28 10:29:11 2023


DD  step 18399999 load imb.: force  8.3%

           Step           Time
       18400000   460000.00000

   Energies (kJ/mol)
           Bond       G96Angle        LJ (SR)   Coulomb (SR)      Potential
    2.60616e+05    4.96602e+04   -5.68821e+06   -2.62319e+04   -5.40416e+06
    Kinetic En.   Total Energy    Temperature Pressure (bar)
    9.28908e+05   -4.47525e+06    3.11537e+02   -4.05480e+00

Writing checkpoint, step 18597060 at Thu Sep 28 10:44:11 2023


Writing checkpoint, step 18799530 at Thu Sep 28 10:59:11 2023


DD  step 18799999 load imb.: force  7.0%

           Step           Time
       18800000   470000.00000

   Energies (kJ/mol)
           Bond       G96Angle        LJ (SR)   Coulomb (SR)      Potential
    2.61791e+05    4.92350e+04   -5.68567e+06   -2.56705e+04   -5.40031e+06
    Kinetic En.   Total Energy    Temperature Pressure (bar)
    9.34614e+05   -4.46570e+06    3.13451e+02    2.03267e+00

Writing checkpoint, step 18999750 at Thu Sep 28 11:14:11 2023


DD  step 19199999 load imb.: force  8.8%

           Step           Time
       19200000   480000.00000

   Energies (kJ/mol)
           Bond       G96Angle        LJ (SR)   Coulomb (SR)      Potential
    2.61566e+05    4.94067e+04   -5.68937e+06   -2.64791e+04   -5.40488e+06
    Kinetic En.   Total Energy    Temperature Pressure (bar)
    9.28095e+05   -4.47678e+06    3.11264e+02   -3.92219e-01

Writing checkpoint, step 19201550 at Thu Sep 28 11:29:11 2023


Writing checkpoint, step 19404510 at Thu Sep 28 11:44:11 2023


DD  step 19599999 load imb.: force  5.8%

           Step           Time
       19600000   490000.00000

   Energies (kJ/mol)
           Bond       G96Angle        LJ (SR)   Coulomb (SR)      Potential
    2.63309e+05    4.92394e+04   -5.68869e+06   -2.62114e+04   -5.40235e+06
    Kinetic En.   Total Energy    Temperature Pressure (bar)
    9.32597e+05   -4.46975e+06    3.12774e+02   -1.87778e+00

Writing checkpoint, step 19608070 at Thu Sep 28 11:59:11 2023


Writing checkpoint, step 19812550 at Thu Sep 28 12:14:11 2023


DD  step 19999999 load imb.: force  7.7%

           Step           Time
       20000000   500000.00000

   Energies (kJ/mol)
           Bond       G96Angle        LJ (SR)   Coulomb (SR)      Potential
    2.60853e+05    4.91638e+04   -5.68928e+06   -2.62529e+04   -5.40551e+06
    Kinetic En.   Total Energy    Temperature Pressure (bar)
    9.29879e+05   -4.47563e+06    3.11863e+02   -2.40158e+00

Writing checkpoint, step 20017800 at Thu Sep 28 12:29:11 2023


Writing checkpoint, step 20223340 at Thu Sep 28 12:44:11 2023


DD  step 20399999 load imb.: force  5.9%

           Step           Time
       20400000   510000.00000

   Energies (kJ/mol)
           Bond       G96Angle        LJ (SR)   Coulomb (SR)      Potential
    2.60478e+05    4.98649e+04   -5.68955e+06   -2.62452e+04   -5.40545e+06
    Kinetic En.   Total Energy    Temperature Pressure (bar)
    9.29172e+05   -4.47628e+06    3.11625e+02    5.11981e-01

Writing checkpoint, step 20428510 at Thu Sep 28 12:59:11 2023


Writing checkpoint, step 20634200 at Thu Sep 28 13:14:11 2023


DD  step 20799999 load imb.: force  7.4%

           Step           Time
       20800000   520000.00000

   Energies (kJ/mol)
           Bond       G96Angle        LJ (SR)   Coulomb (SR)      Potential
    2.62023e+05    4.97526e+04   -5.68737e+06   -2.64058e+04   -5.40200e+06
    Kinetic En.   Total Energy    Temperature Pressure (bar)
    9.29699e+05   -4.47230e+06    3.11802e+02    2.98961e+00

Writing checkpoint, step 20839820 at Thu Sep 28 13:29:11 2023


Writing checkpoint, step 21045290 at Thu Sep 28 13:44:11 2023


DD  step 21199999 load imb.: force  6.2%

           Step           Time
       21200000   530000.00000

   Energies (kJ/mol)
           Bond       G96Angle        LJ (SR)   Coulomb (SR)      Potential
    2.61546e+05    4.97395e+04   -5.68754e+06   -2.57033e+04   -5.40196e+06
    Kinetic En.   Total Energy    Temperature Pressure (bar)
    9.30860e+05   -4.47110e+06    3.12192e+02    2.12707e+00

Writing checkpoint, step 21250640 at Thu Sep 28 13:59:11 2023


Writing checkpoint, step 21456060 at Thu Sep 28 14:14:11 2023


DD  step 21599999 load imb.: force  7.2%

           Step           Time
       21600000   540000.00000

   Energies (kJ/mol)
           Bond       G96Angle        LJ (SR)   Coulomb (SR)      Potential
    2.60662e+05    4.94941e+04   -5.68558e+06   -2.58804e+04   -5.40131e+06
    Kinetic En.   Total Energy    Temperature Pressure (bar)
    9.31613e+05   -4.46969e+06    3.12444e+02    5.31096e+00

Writing checkpoint, step 21660460 at Thu Sep 28 14:29:11 2023


Writing checkpoint, step 21863610 at Thu Sep 28 14:44:11 2023


DD  step 21999999 load imb.: force  9.0%

           Step           Time
       22000000   550000.00000

   Energies (kJ/mol)
           Bond       G96Angle        LJ (SR)   Coulomb (SR)      Potential
    2.61727e+05    5.00778e+04   -5.68954e+06   -2.63768e+04   -5.40411e+06
    Kinetic En.   Total Energy    Temperature Pressure (bar)
    9.34986e+05   -4.46913e+06    3.13575e+02    5.64742e+00

Writing checkpoint, step 22066720 at Thu Sep 28 14:59:11 2023


Writing checkpoint, step 22270460 at Thu Sep 28 15:14:11 2023


DD  step 22399999 load imb.: force  7.3%

           Step           Time
       22400000   560000.00000

   Energies (kJ/mol)
           Bond       G96Angle        LJ (SR)   Coulomb (SR)      Potential
    2.62129e+05    4.96142e+04   -5.68872e+06   -2.58420e+04   -5.40282e+06
    Kinetic En.   Total Energy    Temperature Pressure (bar)
    9.29148e+05   -4.47368e+06    3.11617e+02   -2.66579e+00

Writing checkpoint, step 22475040 at Thu Sep 28 15:29:11 2023


Writing checkpoint, step 22680420 at Thu Sep 28 15:44:11 2023


DD  step 22799999 load imb.: force  8.7%

           Step           Time
       22800000   570000.00000

   Energies (kJ/mol)
           Bond       G96Angle        LJ (SR)   Coulomb (SR)      Potential
    2.62922e+05    4.93614e+04   -5.68433e+06   -2.59344e+04   -5.39798e+06
    Kinetic En.   Total Energy    Temperature Pressure (bar)
    9.35295e+05   -4.46269e+06    3.13679e+02    1.05785e+01

Writing checkpoint, step 22884900 at Thu Sep 28 15:59:11 2023


Writing checkpoint, step 23089470 at Thu Sep 28 16:14:11 2023


DD  step 23199999 load imb.: force  5.7%

           Step           Time
       23200000   580000.00000

   Energies (kJ/mol)
           Bond       G96Angle        LJ (SR)   Coulomb (SR)      Potential
    2.62795e+05    4.97297e+04   -5.68843e+06   -2.65151e+04   -5.40242e+06
    Kinetic En.   Total Energy    Temperature Pressure (bar)
    9.33604e+05   -4.46882e+06    3.13112e+02    2.89828e+00

Writing checkpoint, step 23294410 at Thu Sep 28 16:29:11 2023


Writing checkpoint, step 23499520 at Thu Sep 28 16:44:11 2023


DD  step 23599999 load imb.: force  5.1%

           Step           Time
       23600000   590000.00000

   Energies (kJ/mol)
           Bond       G96Angle        LJ (SR)   Coulomb (SR)      Potential
    2.61815e+05    4.99880e+04   -5.68477e+06   -2.58327e+04   -5.39880e+06
    Kinetic En.   Total Energy    Temperature Pressure (bar)
    9.35481e+05   -4.46332e+06    3.13741e+02    1.27854e+01

Writing checkpoint, step 23703250 at Thu Sep 28 16:59:11 2023


Writing checkpoint, step 23908110 at Thu Sep 28 17:14:11 2023


DD  step 23999999 load imb.: force  8.9%

           Step           Time
       24000000   600000.00000

   Energies (kJ/mol)
           Bond       G96Angle        LJ (SR)   Coulomb (SR)      Potential
    2.62327e+05    4.90993e+04   -5.68673e+06   -2.60989e+04   -5.40141e+06
    Kinetic En.   Total Energy    Temperature Pressure (bar)
    9.30969e+05   -4.47044e+06    3.12228e+02    4.37663e+00

Writing checkpoint, step 24111820 at Thu Sep 28 17:29:11 2023


Writing checkpoint, step 24315360 at Thu Sep 28 17:44:11 2023


DD  step 24399999 load imb.: force 10.0%

           Step           Time
       24400000   610000.00000

   Energies (kJ/mol)
           Bond       G96Angle        LJ (SR)   Coulomb (SR)      Potential
    2.60492e+05    4.93676e+04   -5.69076e+06   -2.64040e+04   -5.40730e+06
    Kinetic En.   Total Energy    Temperature Pressure (bar)
    9.32940e+05   -4.47436e+06    3.12889e+02   -1.92376e+00

Writing checkpoint, step 24518820 at Thu Sep 28 17:59:11 2023


Writing checkpoint, step 24722790 at Thu Sep 28 18:14:11 2023


DD  step 24799999 load imb.: force  8.7%

           Step           Time
       24800000   620000.00000

   Energies (kJ/mol)
           Bond       G96Angle        LJ (SR)   Coulomb (SR)      Potential
    2.61701e+05    4.93797e+04   -5.68400e+06   -2.58431e+04   -5.39877e+06
    Kinetic En.   Total Energy    Temperature Pressure (bar)
    9.33465e+05   -4.46530e+06    3.13065e+02    7.32262e+00

Writing checkpoint, step 24926290 at Thu Sep 28 18:29:11 2023


Writing checkpoint, step 25130030 at Thu Sep 28 18:44:11 2023


DD  step 25199999 load imb.: force  7.0%

           Step           Time
       25200000   630000.00000

   Energies (kJ/mol)
           Bond       G96Angle        LJ (SR)   Coulomb (SR)      Potential
    2.60986e+05    4.99853e+04   -5.69010e+06   -2.60472e+04   -5.40518e+06
    Kinetic En.   Total Energy    Temperature Pressure (bar)
    9.30341e+05   -4.47484e+06    3.12017e+02   -2.45323e+00

Writing checkpoint, step 25332820 at Thu Sep 28 18:59:11 2023


Writing checkpoint, step 25536000 at Thu Sep 28 19:14:11 2023


DD  step 25599999 load imb.: force  8.2%

           Step           Time
       25600000   640000.00000

   Energies (kJ/mol)
           Bond       G96Angle        LJ (SR)   Coulomb (SR)      Potential
    2.60702e+05    5.01060e+04   -5.68498e+06   -2.58004e+04   -5.39997e+06
    Kinetic En.   Total Energy    Temperature Pressure (bar)
    9.30230e+05   -4.46974e+06    3.11980e+02    6.03670e+00

Writing checkpoint, step 25737390 at Thu Sep 28 19:29:11 2023


Writing checkpoint, step 25938110 at Thu Sep 28 19:44:11 2023


DD  step 25999999 load imb.: force 12.5%

           Step           Time
       26000000   650000.00000

   Energies (kJ/mol)
           Bond       G96Angle        LJ (SR)   Coulomb (SR)      Potential
    2.62374e+05    4.93119e+04   -5.68598e+06   -2.59282e+04   -5.40023e+06
    Kinetic En.   Total Energy    Temperature Pressure (bar)
    9.33962e+05   -4.46627e+06    3.13232e+02    1.97703e+00

Writing checkpoint, step 26137130 at Thu Sep 28 19:59:11 2023


Writing checkpoint, step 26335860 at Thu Sep 28 20:14:11 2023


DD  step 26399999 load imb.: force 11.0%

           Step           Time
       26400000   660000.00000

   Energies (kJ/mol)
           Bond       G96Angle        LJ (SR)   Coulomb (SR)      Potential
    2.61947e+05    4.95881e+04   -5.68452e+06   -2.63065e+04   -5.39929e+06
    Kinetic En.   Total Energy    Temperature Pressure (bar)
    9.32892e+05   -4.46640e+06    3.12873e+02   -3.30263e-01

Writing checkpoint, step 26534540 at Thu Sep 28 20:29:11 2023


Writing checkpoint, step 26732800 at Thu Sep 28 20:44:11 2023


DD  step 26799999 load imb.: force 14.5%

           Step           Time
       26800000   670000.00000

   Energies (kJ/mol)
           Bond       G96Angle        LJ (SR)   Coulomb (SR)      Potential
    2.62237e+05    4.96080e+04   -5.68481e+06   -2.64412e+04   -5.39941e+06
    Kinetic En.   Total Energy    Temperature Pressure (bar)
    9.33492e+05   -4.46591e+06    3.13074e+02   -2.73481e-01

Writing checkpoint, step 26930640 at Thu Sep 28 20:59:11 2023


Writing checkpoint, step 27128280 at Thu Sep 28 21:14:11 2023


DD  step 27199999 load imb.: force 10.9%

           Step           Time
       27200000   680000.00000

   Energies (kJ/mol)
           Bond       G96Angle        LJ (SR)   Coulomb (SR)      Potential
    2.63465e+05    4.96677e+04   -5.68637e+06   -2.60990e+04   -5.39934e+06
    Kinetic En.   Total Energy    Temperature Pressure (bar)
    9.33032e+05   -4.46631e+06    3.12920e+02    5.87466e+00

Writing checkpoint, step 27325890 at Thu Sep 28 21:29:11 2023


Writing checkpoint, step 27523730 at Thu Sep 28 21:44:11 2023


DD  step 27599999 load imb.: force 11.4%

           Step           Time
       27600000   690000.00000

   Energies (kJ/mol)
           Bond       G96Angle        LJ (SR)   Coulomb (SR)      Potential
    2.61462e+05    4.92835e+04   -5.68888e+06   -2.61330e+04   -5.40426e+06
    Kinetic En.   Total Energy    Temperature Pressure (bar)
    9.29404e+05   -4.47486e+06    3.11703e+02    5.45790e+00

Writing checkpoint, step 27721990 at Thu Sep 28 21:59:11 2023


Writing checkpoint, step 27920010 at Thu Sep 28 22:14:11 2023


DD  step 27999999 load imb.: force 11.3%

           Step           Time
       28000000   700000.00000

   Energies (kJ/mol)
           Bond       G96Angle        LJ (SR)   Coulomb (SR)      Potential
    2.61812e+05    5.00537e+04   -5.69180e+06   -2.67273e+04   -5.40666e+06
    Kinetic En.   Total Energy    Temperature Pressure (bar)
    9.29816e+05   -4.47685e+06    3.11841e+02   -6.21209e+00

Writing checkpoint, step 28118630 at Thu Sep 28 22:29:11 2023


Writing checkpoint, step 28316660 at Thu Sep 28 22:44:11 2023


DD  step 28399999 load imb.: force 11.8%

           Step           Time
       28400000   710000.00000

   Energies (kJ/mol)
           Bond       G96Angle        LJ (SR)   Coulomb (SR)      Potential
    2.61271e+05    4.92406e+04   -5.69218e+06   -2.60656e+04   -5.40773e+06
    Kinetic En.   Total Energy    Temperature Pressure (bar)
    9.29058e+05   -4.47867e+06    3.11587e+02   -2.93056e+00

Writing checkpoint, step 28514580 at Thu Sep 28 22:59:11 2023


Writing checkpoint, step 28712150 at Thu Sep 28 23:14:11 2023


DD  step 28799999 load imb.: force 11.2%

           Step           Time
       28800000   720000.00000

   Energies (kJ/mol)
           Bond       G96Angle        LJ (SR)   Coulomb (SR)      Potential
    2.61716e+05    4.93448e+04   -5.68662e+06   -2.65179e+04   -5.40208e+06
    Kinetic En.   Total Energy    Temperature Pressure (bar)
    9.29899e+05   -4.47218e+06    3.11869e+02    6.00567e+00

Writing checkpoint, step 28909450 at Thu Sep 28 23:29:11 2023


Writing checkpoint, step 29107170 at Thu Sep 28 23:44:11 2023


DD  step 29199999 load imb.: force 11.3%

           Step           Time
       29200000   730000.00000

   Energies (kJ/mol)
           Bond       G96Angle        LJ (SR)   Coulomb (SR)      Potential
    2.61606e+05    4.92297e+04   -5.68606e+06   -2.57983e+04   -5.40102e+06
    Kinetic En.   Total Energy    Temperature Pressure (bar)
    9.33166e+05   -4.46786e+06    3.12965e+02    1.23415e+00

Writing checkpoint, step 29305470 at Thu Sep 28 23:59:11 2023


Writing checkpoint, step 29505300 at Fri Sep 29 00:14:11 2023


DD  step 29599999 load imb.: force  8.9%

           Step           Time
       29600000   740000.00000

   Energies (kJ/mol)
           Bond       G96Angle        LJ (SR)   Coulomb (SR)      Potential
    2.60987e+05    4.99183e+04   -5.68660e+06   -2.57330e+04   -5.40143e+06
    Kinetic En.   Total Energy    Temperature Pressure (bar)
    9.27535e+05   -4.47389e+06    3.11077e+02   -3.68988e+00

Writing checkpoint, step 29707210 at Fri Sep 29 00:29:11 2023


Writing checkpoint, step 29910560 at Fri Sep 29 00:44:11 2023


DD  step 29999999 load imb.: force  8.3%

           Step           Time
       30000000   750000.00000

   Energies (kJ/mol)
           Bond       G96Angle        LJ (SR)   Coulomb (SR)      Potential
    2.62155e+05    4.98591e+04   -5.68797e+06   -2.66428e+04   -5.40260e+06
    Kinetic En.   Total Energy    Temperature Pressure (bar)
    9.27436e+05   -4.47517e+06    3.11043e+02   -7.40621e+00

Writing checkpoint, step 30114000 at Fri Sep 29 00:59:11 2023


Writing checkpoint, step 30317820 at Fri Sep 29 01:14:11 2023


DD  step 30399999 load imb.: force  6.6%

           Step           Time
       30400000   760000.00000

   Energies (kJ/mol)
           Bond       G96Angle        LJ (SR)   Coulomb (SR)      Potential
    2.61415e+05    4.97046e+04   -5.68742e+06   -2.60239e+04   -5.40233e+06
    Kinetic En.   Total Energy    Temperature Pressure (bar)
    9.32448e+05   -4.46988e+06    3.12724e+02    8.28603e+00

Writing checkpoint, step 30521730 at Fri Sep 29 01:29:11 2023


Writing checkpoint, step 30726120 at Fri Sep 29 01:44:11 2023


DD  step 30799999 load imb.: force  9.8%

           Step           Time
       30800000   770000.00000

   Energies (kJ/mol)
           Bond       G96Angle        LJ (SR)   Coulomb (SR)      Potential
    2.61133e+05    4.97780e+04   -5.68811e+06   -2.57884e+04   -5.40299e+06
    Kinetic En.   Total Energy    Temperature Pressure (bar)
    9.31438e+05   -4.47155e+06    3.12385e+02   -5.51170e+00

Writing checkpoint, step 30929910 at Fri Sep 29 01:59:11 2023


Writing checkpoint, step 31133400 at Fri Sep 29 02:14:11 2023


DD  step 31199999 load imb.: force  7.0%

           Step           Time
       31200000   780000.00000

   Energies (kJ/mol)
           Bond       G96Angle        LJ (SR)   Coulomb (SR)      Potential
    2.59765e+05    4.97296e+04   -5.69259e+06   -2.66664e+04   -5.40976e+06
    Kinetic En.   Total Energy    Temperature Pressure (bar)
    9.28374e+05   -4.48139e+06    3.11358e+02   -4.60393e+00

Writing checkpoint, step 31336920 at Fri Sep 29 02:29:11 2023


Writing checkpoint, step 31539420 at Fri Sep 29 02:44:11 2023


DD  step 31599999 load imb.: force  9.1%

           Step           Time
       31600000   790000.00000

   Energies (kJ/mol)
           Bond       G96Angle        LJ (SR)   Coulomb (SR)      Potential
    2.60787e+05    4.97007e+04   -5.68430e+06   -2.62523e+04   -5.40007e+06
    Kinetic En.   Total Energy    Temperature Pressure (bar)
    9.31331e+05   -4.46874e+06    3.12349e+02    1.07266e+01

Writing checkpoint, step 31741850 at Fri Sep 29 02:59:11 2023


Writing checkpoint, step 31944870 at Fri Sep 29 03:14:11 2023


DD  step 31999999 load imb.: force  8.3%

           Step           Time
       32000000   800000.00000

   Energies (kJ/mol)
           Bond       G96Angle        LJ (SR)   Coulomb (SR)      Potential
    2.61503e+05    4.93474e+04   -5.68859e+06   -2.58307e+04   -5.40357e+06
    Kinetic En.   Total Energy    Temperature Pressure (bar)
    9.34030e+05   -4.46954e+06    3.13255e+02    4.49704e+00

Writing checkpoint, step 32147510 at Fri Sep 29 03:29:11 2023


Writing checkpoint, step 32350150 at Fri Sep 29 03:44:11 2023


DD  step 32399999 load imb.: force 11.9%

           Step           Time
       32400000   810000.00000

   Energies (kJ/mol)
           Bond       G96Angle        LJ (SR)   Coulomb (SR)      Potential
    2.62082e+05    4.92337e+04   -5.68612e+06   -2.58741e+04   -5.40068e+06
    Kinetic En.   Total Energy    Temperature Pressure (bar)
    9.31138e+05   -4.46954e+06    3.12285e+02    3.31904e+00

Writing checkpoint, step 32551710 at Fri Sep 29 03:59:11 2023


Writing checkpoint, step 32752180 at Fri Sep 29 04:14:11 2023


DD  step 32799999 load imb.: force 10.9%

           Step           Time
       32800000   820000.00000

   Energies (kJ/mol)
           Bond       G96Angle        LJ (SR)   Coulomb (SR)      Potential
    2.62449e+05    5.04710e+04   -5.68959e+06   -2.59988e+04   -5.40267e+06
    Kinetic En.   Total Energy    Temperature Pressure (bar)
    9.31722e+05   -4.47095e+06    3.12481e+02   -5.48251e-01

Writing checkpoint, step 32950360 at Fri Sep 29 04:29:11 2023


Writing checkpoint, step 33147760 at Fri Sep 29 04:44:11 2023


DD  step 33199999 load imb.: force 12.7%

           Step           Time
       33200000   830000.00000

   Energies (kJ/mol)
           Bond       G96Angle        LJ (SR)   Coulomb (SR)      Potential
    2.62346e+05    4.98823e+04   -5.68787e+06   -2.60700e+04   -5.40171e+06
    Kinetic En.   Total Energy    Temperature Pressure (bar)
    9.36042e+05   -4.46567e+06    3.13930e+02    1.26143e+01

Writing checkpoint, step 33345420 at Fri Sep 29 04:59:11 2023


Writing checkpoint, step 33543250 at Fri Sep 29 05:14:11 2023


DD  step 33599999 load imb.: force 11.1%

           Step           Time
       33600000   840000.00000

   Energies (kJ/mol)
           Bond       G96Angle        LJ (SR)   Coulomb (SR)      Potential
    2.62351e+05    4.98519e+04   -5.68895e+06   -2.63693e+04   -5.40312e+06
    Kinetic En.   Total Energy    Temperature Pressure (bar)
    9.30796e+05   -4.47232e+06    3.12170e+02   -4.73172e+00

Writing checkpoint, step 33741540 at Fri Sep 29 05:29:11 2023


Writing checkpoint, step 33939700 at Fri Sep 29 05:44:11 2023


DD  step 33999999 load imb.: force 10.8%

           Step           Time
       34000000   850000.00000

   Energies (kJ/mol)
           Bond       G96Angle        LJ (SR)   Coulomb (SR)      Potential
    2.62047e+05    4.86855e+04   -5.68511e+06   -2.61306e+04   -5.40051e+06
    Kinetic En.   Total Energy    Temperature Pressure (bar)
    9.33531e+05   -4.46698e+06    3.13087e+02    1.34649e+01

Writing checkpoint, step 34138680 at Fri Sep 29 05:59:11 2023


Writing checkpoint, step 34338420 at Fri Sep 29 06:14:11 2023


DD  step 34399999 load imb.: force 12.5%

           Step           Time
       34400000   860000.00000

   Energies (kJ/mol)
           Bond       G96Angle        LJ (SR)   Coulomb (SR)      Potential
    2.61670e+05    4.95297e+04   -5.68788e+06   -2.61888e+04   -5.40287e+06
    Kinetic En.   Total Energy    Temperature Pressure (bar)
    9.33081e+05   -4.46979e+06    3.12936e+02    1.50896e+01

Writing checkpoint, step 34537520 at Fri Sep 29 06:29:11 2023


Writing checkpoint, step 34736530 at Fri Sep 29 06:44:11 2023


DD  step 34799999 load imb.: force 10.1%

           Step           Time
       34800000   870000.00000

   Energies (kJ/mol)
           Bond       G96Angle        LJ (SR)   Coulomb (SR)      Potential
    2.63308e+05    4.95489e+04   -5.69189e+06   -2.61994e+04   -5.40524e+06
    Kinetic En.   Total Energy    Temperature Pressure (bar)
    9.31392e+05   -4.47384e+06    3.12370e+02   -9.13428e-01

Writing checkpoint, step 34937790 at Fri Sep 29 06:59:11 2023


Writing checkpoint, step 35139980 at Fri Sep 29 07:14:11 2023


DD  step 35199999 load imb.: force  7.4%

           Step           Time
       35200000   880000.00000

   Energies (kJ/mol)
           Bond       G96Angle        LJ (SR)   Coulomb (SR)      Potential
    2.63377e+05    4.97469e+04   -5.68700e+06   -2.60433e+04   -5.39992e+06
    Kinetic En.   Total Energy    Temperature Pressure (bar)
    9.33911e+05   -4.46600e+06    3.13215e+02    6.13578e+00

Writing checkpoint, step 35342910 at Fri Sep 29 07:29:11 2023


Writing checkpoint, step 35546210 at Fri Sep 29 07:44:11 2023


DD  step 35599999 load imb.: force  8.6%

           Step           Time
       35600000   890000.00000

   Energies (kJ/mol)
           Bond       G96Angle        LJ (SR)   Coulomb (SR)      Potential
    2.61419e+05    4.92508e+04   -5.68688e+06   -2.63250e+04   -5.40253e+06
    Kinetic En.   Total Energy    Temperature Pressure (bar)
    9.30105e+05   -4.47243e+06    3.11938e+02    2.14987e+00

Writing checkpoint, step 35748950 at Fri Sep 29 07:59:11 2023


Writing checkpoint, step 35951700 at Fri Sep 29 08:14:11 2023


DD  step 35999999 load imb.: force 11.8%

           Step           Time
       36000000   900000.00000

   Energies (kJ/mol)
           Bond       G96Angle        LJ (SR)   Coulomb (SR)      Potential
    2.61237e+05    4.95453e+04   -5.69004e+06   -2.62416e+04   -5.40550e+06
    Kinetic En.   Total Energy    Temperature Pressure (bar)
    9.30628e+05   -4.47487e+06    3.12114e+02   -3.39656e+00

Writing checkpoint, step 36154360 at Fri Sep 29 08:29:11 2023


Writing checkpoint, step 36356690 at Fri Sep 29 08:44:11 2023


DD  step 36399999 load imb.: force  9.2%

           Step           Time
       36400000   910000.00000

   Energies (kJ/mol)
           Bond       G96Angle        LJ (SR)   Coulomb (SR)      Potential
    2.62093e+05    4.93472e+04   -5.69079e+06   -2.56878e+04   -5.40504e+06
    Kinetic En.   Total Energy    Temperature Pressure (bar)
    9.27824e+05   -4.47721e+06    3.11173e+02   -1.37094e+00

Writing checkpoint, step 36557760 at Fri Sep 29 08:59:11 2023


Writing checkpoint, step 36758200 at Fri Sep 29 09:14:11 2023


DD  step 36799999 load imb.: force  9.7%

           Step           Time
       36800000   920000.00000

   Energies (kJ/mol)
           Bond       G96Angle        LJ (SR)   Coulomb (SR)      Potential
    2.60873e+05    4.94554e+04   -5.69491e+06   -2.59870e+04   -5.41057e+06
    Kinetic En.   Total Energy    Temperature Pressure (bar)
    9.28800e+05   -4.48177e+06    3.11501e+02   -1.32744e+01

Writing checkpoint, step 36958440 at Fri Sep 29 09:29:11 2023


Writing checkpoint, step 37157780 at Fri Sep 29 09:44:11 2023


DD  step 37199999 load imb.: force 10.5%

           Step           Time
       37200000   930000.00000

   Energies (kJ/mol)
           Bond       G96Angle        LJ (SR)   Coulomb (SR)      Potential
    2.60523e+05    4.97198e+04   -5.68686e+06   -2.61645e+04   -5.40278e+06
    Kinetic En.   Total Energy    Temperature Pressure (bar)
    9.28919e+05   -4.47386e+06    3.11541e+02    3.82175e-02

Writing checkpoint, step 37356680 at Fri Sep 29 09:59:11 2023


Writing checkpoint, step 37555420 at Fri Sep 29 10:14:11 2023


DD  step 37599999 load imb.: force 13.3%

           Step           Time
       37600000   940000.00000

   Energies (kJ/mol)
           Bond       G96Angle        LJ (SR)   Coulomb (SR)      Potential
    2.60634e+05    4.97078e+04   -5.68751e+06   -2.59234e+04   -5.40309e+06
    Kinetic En.   Total Energy    Temperature Pressure (bar)
    9.29009e+05   -4.47408e+06    3.11571e+02    6.41199e+00

Writing checkpoint, step 37754330 at Fri Sep 29 10:29:11 2023


Writing checkpoint, step 37953500 at Fri Sep 29 10:44:11 2023


DD  step 37999999 load imb.: force  9.5%

           Step           Time
       38000000   950000.00000

   Energies (kJ/mol)
           Bond       G96Angle        LJ (SR)   Coulomb (SR)      Potential
    2.63097e+05    4.93293e+04   -5.68945e+06   -2.63553e+04   -5.40338e+06
    Kinetic En.   Total Energy    Temperature Pressure (bar)
    9.32181e+05   -4.47120e+06    3.12635e+02   -9.93901e+00

Writing checkpoint, step 38153300 at Fri Sep 29 10:59:11 2023


Writing checkpoint, step 38352730 at Fri Sep 29 11:14:11 2023


DD  step 38399999 load imb.: force 14.1%

           Step           Time
       38400000   960000.00000

   Energies (kJ/mol)
           Bond       G96Angle        LJ (SR)   Coulomb (SR)      Potential
    2.61108e+05    4.95078e+04   -5.68522e+06   -2.59250e+04   -5.40053e+06
    Kinetic En.   Total Energy    Temperature Pressure (bar)
    9.30679e+05   -4.46985e+06    3.12131e+02    3.21860e+00

Writing checkpoint, step 38553360 at Fri Sep 29 11:29:11 2023


Writing checkpoint, step 38753320 at Fri Sep 29 11:44:11 2023


DD  step 38799999 load imb.: force 11.3%

           Step           Time
       38800000   970000.00000

   Energies (kJ/mol)
           Bond       G96Angle        LJ (SR)   Coulomb (SR)      Potential
    2.62734e+05    4.93518e+04   -5.68754e+06   -2.63820e+04   -5.40184e+06
    Kinetic En.   Total Energy    Temperature Pressure (bar)
    9.30438e+05   -4.47140e+06    3.12050e+02    4.85931e+00

Writing checkpoint, step 38952770 at Fri Sep 29 11:59:11 2023


Writing checkpoint, step 39154570 at Fri Sep 29 12:14:11 2023


DD  step 39199999 load imb.: force  7.7%

           Step           Time
       39200000   980000.00000

   Energies (kJ/mol)
           Bond       G96Angle        LJ (SR)   Coulomb (SR)      Potential
    2.60827e+05    4.96065e+04   -5.68477e+06   -2.61814e+04   -5.40052e+06
    Kinetic En.   Total Energy    Temperature Pressure (bar)
    9.32600e+05   -4.46792e+06    3.12775e+02    1.23293e+01

Writing checkpoint, step 39356750 at Fri Sep 29 12:29:11 2023


Writing checkpoint, step 39559020 at Fri Sep 29 12:44:11 2023


DD  step 39599999 load imb.: force 10.0%

           Step           Time
       39600000   990000.00000

   Energies (kJ/mol)
           Bond       G96Angle        LJ (SR)   Coulomb (SR)      Potential
    2.61514e+05    4.95345e+04   -5.69024e+06   -2.55537e+04   -5.40474e+06
    Kinetic En.   Total Energy    Temperature Pressure (bar)
    9.31475e+05   -4.47327e+06    3.12398e+02   -4.70084e+00

Writing checkpoint, step 39759180 at Fri Sep 29 12:59:11 2023


Writing checkpoint, step 39960670 at Fri Sep 29 13:14:11 2023


DD  step 39999999 load imb.: force  8.4%

           Step           Time
       40000000   1000000.00000

   Energies (kJ/mol)
           Bond       G96Angle        LJ (SR)   Coulomb (SR)      Potential
    2.62679e+05    4.88864e+04   -5.68990e+06   -2.64354e+04   -5.40477e+06
    Kinetic En.   Total Energy    Temperature Pressure (bar)
    9.30616e+05   -4.47415e+06    3.12110e+02   -5.16739e+00

Writing checkpoint, step 40163890 at Fri Sep 29 13:29:11 2023


Writing checkpoint, step 40367280 at Fri Sep 29 13:44:11 2023


DD  step 40399999 load imb.: force  9.0%

           Step           Time
       40400000   1010000.00000

   Energies (kJ/mol)
           Bond       G96Angle        LJ (SR)   Coulomb (SR)      Potential
    2.60769e+05    4.95724e+04   -5.68994e+06   -2.64431e+04   -5.40604e+06
    Kinetic En.   Total Energy    Temperature Pressure (bar)
    9.29130e+05   -4.47691e+06    3.11611e+02    6.13669e+00

Writing checkpoint, step 40570840 at Fri Sep 29 13:59:11 2023


Writing checkpoint, step 40774800 at Fri Sep 29 14:14:11 2023


DD  step 40799999 load imb.: force  6.7%

           Step           Time
       40800000   1020000.00000

   Energies (kJ/mol)
           Bond       G96Angle        LJ (SR)   Coulomb (SR)      Potential
    2.60211e+05    4.93443e+04   -5.68878e+06   -2.63453e+04   -5.40557e+06
    Kinetic En.   Total Energy    Temperature Pressure (bar)
    9.30358e+05   -4.47521e+06    3.12023e+02    7.26232e+00

Writing checkpoint, step 40979130 at Fri Sep 29 14:29:11 2023


Writing checkpoint, step 41184340 at Fri Sep 29 14:44:11 2023


DD  step 41199999 load imb.: force  5.9%

           Step           Time
       41200000   1030000.00000

   Energies (kJ/mol)
           Bond       G96Angle        LJ (SR)   Coulomb (SR)      Potential
    2.62068e+05    4.97107e+04   -5.68997e+06   -2.61837e+04   -5.40438e+06
    Kinetic En.   Total Energy    Temperature Pressure (bar)
    9.31665e+05   -4.47271e+06    3.12462e+02   -8.87904e+00

Writing checkpoint, step 41389650 at Fri Sep 29 14:59:11 2023


Writing checkpoint, step 41595050 at Fri Sep 29 15:14:11 2023


DD  step 41599999 load imb.: force  6.4%

           Step           Time
       41600000   1040000.00000

   Energies (kJ/mol)
           Bond       G96Angle        LJ (SR)   Coulomb (SR)      Potential
    2.61609e+05    4.99999e+04   -5.68737e+06   -2.61308e+04   -5.40189e+06
    Kinetic En.   Total Energy    Temperature Pressure (bar)
    9.30182e+05   -4.47171e+06    3.11964e+02   -2.84249e+00

Writing checkpoint, step 41800080 at Fri Sep 29 15:29:11 2023


DD  step 41999999 load imb.: force  8.6%

           Step           Time
       42000000   1050000.00000

   Energies (kJ/mol)
           Bond       G96Angle        LJ (SR)   Coulomb (SR)      Potential
    2.60717e+05    4.93150e+04   -5.68811e+06   -2.63265e+04   -5.40440e+06
    Kinetic En.   Total Energy    Temperature Pressure (bar)
    9.31212e+05   -4.47319e+06    3.12310e+02   -4.40138e+00

Writing checkpoint, step 42004130 at Fri Sep 29 15:44:11 2023


Writing checkpoint, step 42207420 at Fri Sep 29 15:59:11 2023


DD  step 42399999 load imb.: force  9.8%

           Step           Time
       42400000   1060000.00000

   Energies (kJ/mol)
           Bond       G96Angle        LJ (SR)   Coulomb (SR)      Potential
    2.61361e+05    4.93997e+04   -5.68774e+06   -2.65948e+04   -5.40357e+06
    Kinetic En.   Total Energy    Temperature Pressure (bar)
    9.28211e+05   -4.47536e+06    3.11303e+02   -1.99778e+00

Writing checkpoint, step 42410390 at Fri Sep 29 16:14:11 2023


Writing checkpoint, step 42611580 at Fri Sep 29 16:29:11 2023


DD  step 42799999 load imb.: force 11.3%

           Step           Time
       42800000   1070000.00000

   Energies (kJ/mol)
           Bond       G96Angle        LJ (SR)   Coulomb (SR)      Potential
    2.61367e+05    4.94603e+04   -5.69033e+06   -2.61186e+04   -5.40563e+06
    Kinetic En.   Total Energy    Temperature Pressure (bar)
    9.34521e+05   -4.47110e+06    3.13419e+02   -5.07024e+00

Writing checkpoint, step 42812360 at Fri Sep 29 16:44:11 2023


Writing checkpoint, step 43013820 at Fri Sep 29 16:59:11 2023


DD  step 43199999 load imb.: force  6.9%

           Step           Time
       43200000   1080000.00000

   Energies (kJ/mol)
           Bond       G96Angle        LJ (SR)   Coulomb (SR)      Potential
    2.61078e+05    4.96217e+04   -5.69015e+06   -2.56569e+04   -5.40511e+06
    Kinetic En.   Total Energy    Temperature Pressure (bar)
    9.32782e+05   -4.47232e+06    3.12836e+02    3.94402e-01

Writing checkpoint, step 43217020 at Fri Sep 29 17:14:11 2023


Writing checkpoint, step 43420140 at Fri Sep 29 17:29:11 2023


DD  step 43599999 load imb.: force  6.8%

           Step           Time
       43600000   1090000.00000

   Energies (kJ/mol)
           Bond       G96Angle        LJ (SR)   Coulomb (SR)      Potential
    2.61481e+05    4.94452e+04   -5.68777e+06   -2.58948e+04   -5.40274e+06
    Kinetic En.   Total Energy    Temperature Pressure (bar)
    9.31910e+05   -4.47083e+06    3.12544e+02    1.71724e+00

Writing checkpoint, step 43624310 at Fri Sep 29 17:44:11 2023


Writing checkpoint, step 43828530 at Fri Sep 29 17:59:11 2023


DD  step 43999999 load imb.: force 10.2%

           Step           Time
       44000000   1100000.00000

   Energies (kJ/mol)
           Bond       G96Angle        LJ (SR)   Coulomb (SR)      Potential
    2.61218e+05    4.93100e+04   -5.68798e+06   -2.57966e+04   -5.40325e+06
    Kinetic En.   Total Energy    Temperature Pressure (bar)
    9.29803e+05   -4.47344e+06    3.11837e+02    1.01840e+01

Writing checkpoint, step 44032710 at Fri Sep 29 18:14:11 2023


Writing checkpoint, step 44236010 at Fri Sep 29 18:29:11 2023


DD  step 44399999 load imb.: force  8.2%

           Step           Time
       44400000   1110000.00000

   Energies (kJ/mol)
           Bond       G96Angle        LJ (SR)   Coulomb (SR)      Potential
    2.60083e+05    4.94281e+04   -5.68980e+06   -2.60707e+04   -5.40636e+06
    Kinetic En.   Total Energy    Temperature Pressure (bar)
    9.28338e+05   -4.47803e+06    3.11346e+02    9.10019e-01

Writing checkpoint, step 44441090 at Fri Sep 29 18:44:11 2023


Writing checkpoint, step 44645990 at Fri Sep 29 18:59:11 2023


DD  step 44799999 load imb.: force  7.5%

           Step           Time
       44800000   1120000.00000

   Energies (kJ/mol)
           Bond       G96Angle        LJ (SR)   Coulomb (SR)      Potential
    2.60901e+05    4.96258e+04   -5.69074e+06   -2.58752e+04   -5.40608e+06
    Kinetic En.   Total Energy    Temperature Pressure (bar)
    9.28420e+05   -4.47766e+06    3.11373e+02   -1.01340e+00

Writing checkpoint, step 44849760 at Fri Sep 29 19:14:11 2023


Writing checkpoint, step 45051910 at Fri Sep 29 19:29:11 2023


DD  step 45199999 load imb.: force 10.8%

           Step           Time
       45200000   1130000.00000

   Energies (kJ/mol)
           Bond       G96Angle        LJ (SR)   Coulomb (SR)      Potential
    2.60727e+05    4.95189e+04   -5.68975e+06   -2.61999e+04   -5.40570e+06
    Kinetic En.   Total Energy    Temperature Pressure (bar)
    9.28388e+05   -4.47732e+06    3.11362e+02   -9.04000e+00

Writing checkpoint, step 45251180 at Fri Sep 29 19:44:11 2023


Writing checkpoint, step 45451050 at Fri Sep 29 19:59:11 2023


DD  step 45599999 load imb.: force  9.6%

           Step           Time
       45600000   1140000.00000

   Energies (kJ/mol)
           Bond       G96Angle        LJ (SR)   Coulomb (SR)      Potential
    2.61491e+05    4.95207e+04   -5.69199e+06   -2.60288e+04   -5.40701e+06
    Kinetic En.   Total Energy    Temperature Pressure (bar)
    9.27292e+05   -4.47971e+06    3.10995e+02   -2.53410e+00

Writing checkpoint, step 45652260 at Fri Sep 29 20:14:11 2023


Writing checkpoint, step 45854080 at Fri Sep 29 20:29:11 2023


DD  step 45999999 load imb.: force  8.8%

           Step           Time
       46000000   1150000.00000

   Energies (kJ/mol)
           Bond       G96Angle        LJ (SR)   Coulomb (SR)      Potential
    2.61644e+05    4.94624e+04   -5.68939e+06   -2.62057e+04   -5.40449e+06
    Kinetic En.   Total Energy    Temperature Pressure (bar)
    9.31459e+05   -4.47303e+06    3.12392e+02    4.22880e+00

Writing checkpoint, step 46058040 at Fri Sep 29 20:44:11 2023


Writing checkpoint, step 46263730 at Fri Sep 29 20:59:11 2023


DD  step 46399999 load imb.: force  5.5%

           Step           Time
       46400000   1160000.00000

   Energies (kJ/mol)
           Bond       G96Angle        LJ (SR)   Coulomb (SR)      Potential
    2.62143e+05    4.94740e+04   -5.68736e+06   -2.60075e+04   -5.40175e+06
    Kinetic En.   Total Energy    Temperature Pressure (bar)
    9.29701e+05   -4.47205e+06    3.11803e+02   -3.35810e+00

Writing checkpoint, step 46469770 at Fri Sep 29 21:14:11 2023


Writing checkpoint, step 46675610 at Fri Sep 29 21:29:11 2023


DD  step 46799999 load imb.: force  5.7%

           Step           Time
       46800000   1170000.00000

   Energies (kJ/mol)
           Bond       G96Angle        LJ (SR)   Coulomb (SR)      Potential
    2.61449e+05    4.98268e+04   -5.68848e+06   -2.62748e+04   -5.40348e+06
    Kinetic En.   Total Energy    Temperature Pressure (bar)
    9.32398e+05   -4.47108e+06    3.12707e+02    2.63933e+00

Writing checkpoint, step 46880540 at Fri Sep 29 21:44:11 2023


Writing checkpoint, step 47086060 at Fri Sep 29 21:59:11 2023


DD  step 47199999 load imb.: force  6.2%

           Step           Time
       47200000   1180000.00000

   Energies (kJ/mol)
           Bond       G96Angle        LJ (SR)   Coulomb (SR)      Potential
    2.62126e+05    4.93988e+04   -5.68979e+06   -2.65910e+04   -5.40485e+06
    Kinetic En.   Total Energy    Temperature Pressure (bar)
    9.31320e+05   -4.47353e+06    3.12346e+02   -1.03341e+01

Writing checkpoint, step 47291700 at Fri Sep 29 22:14:11 2023


Writing checkpoint, step 47497310 at Fri Sep 29 22:29:11 2023


DD  step 47599999 load imb.: force  6.2%

           Step           Time
       47600000   1190000.00000

   Energies (kJ/mol)
           Bond       G96Angle        LJ (SR)   Coulomb (SR)      Potential
    2.61674e+05    5.01877e+04   -5.68887e+06   -2.56572e+04   -5.40267e+06
    Kinetic En.   Total Energy    Temperature Pressure (bar)
    9.30806e+05   -4.47186e+06    3.12173e+02    4.95480e+00

Writing checkpoint, step 47702980 at Fri Sep 29 22:44:11 2023


Writing checkpoint, step 47908640 at Fri Sep 29 22:59:11 2023


DD  step 47999999 load imb.: force  5.7%

           Step           Time
       48000000   1200000.00000

   Energies (kJ/mol)
           Bond       G96Angle        LJ (SR)   Coulomb (SR)      Potential
    2.60828e+05    4.89519e+04   -5.68972e+06   -2.64697e+04   -5.40641e+06
    Kinetic En.   Total Energy    Temperature Pressure (bar)
    9.32635e+05   -4.47377e+06    3.12787e+02    8.28866e-01

Writing checkpoint, step 48114430 at Fri Sep 29 23:14:11 2023


Writing checkpoint, step 48320420 at Fri Sep 29 23:29:11 2023


DD  step 48399999 load imb.: force  6.2%

           Step           Time
       48400000   1210000.00000

   Energies (kJ/mol)
           Bond       G96Angle        LJ (SR)   Coulomb (SR)      Potential
    2.61611e+05    4.94441e+04   -5.68829e+06   -2.60055e+04   -5.40325e+06
    Kinetic En.   Total Energy    Temperature Pressure (bar)
    9.30980e+05   -4.47227e+06    3.12232e+02    7.74066e-01

Writing checkpoint, step 48526230 at Fri Sep 29 23:44:11 2023


Writing checkpoint, step 48731680 at Fri Sep 29 23:59:11 2023


DD  step 48799999 load imb.: force  6.5%

           Step           Time
       48800000   1220000.00000

   Energies (kJ/mol)
           Bond       G96Angle        LJ (SR)   Coulomb (SR)      Potential
    2.61887e+05    5.01501e+04   -5.68811e+06   -2.63952e+04   -5.40247e+06
    Kinetic En.   Total Energy    Temperature Pressure (bar)
    9.31595e+05   -4.47088e+06    3.12438e+02   -4.58449e+00

Writing checkpoint, step 48937700 at Sat Sep 30 00:14:11 2023


Writing checkpoint, step 49143840 at Sat Sep 30 00:29:11 2023


DD  step 49199999 load imb.: force  5.3%

           Step           Time
       49200000   1230000.00000

   Energies (kJ/mol)
           Bond       G96Angle        LJ (SR)   Coulomb (SR)      Potential
    2.61574e+05    4.99221e+04   -5.69028e+06   -2.57010e+04   -5.40448e+06
    Kinetic En.   Total Energy    Temperature Pressure (bar)
    9.30209e+05   -4.47427e+06    3.11973e+02   -1.94946e+00

Writing checkpoint, step 49349860 at Sat Sep 30 00:44:11 2023


Writing checkpoint, step 49555710 at Sat Sep 30 00:59:11 2023


DD  step 49599999 load imb.: force  7.2%

           Step           Time
       49600000   1240000.00000

   Energies (kJ/mol)
           Bond       G96Angle        LJ (SR)   Coulomb (SR)      Potential
    2.60858e+05    4.99801e+04   -5.68942e+06   -2.62164e+04   -5.40479e+06
    Kinetic En.   Total Energy    Temperature Pressure (bar)
    9.28359e+05   -4.47644e+06    3.11353e+02   -9.43104e+00

Writing checkpoint, step 49761750 at Sat Sep 30 01:14:11 2023


Writing checkpoint, step 49967940 at Sat Sep 30 01:29:11 2023


DD  step 49999999 load imb.: force  7.8%

           Step           Time
       50000000   1250000.00000

   Energies (kJ/mol)
           Bond       G96Angle        LJ (SR)   Coulomb (SR)      Potential
    2.61518e+05    4.97850e+04   -5.69166e+06   -2.58002e+04   -5.40615e+06
    Kinetic En.   Total Energy    Temperature Pressure (bar)
    9.31983e+05   -4.47417e+06    3.12568e+02   -7.25100e+00

Writing checkpoint, step 50174160 at Sat Sep 30 01:44:11 2023


Writing checkpoint, step 50380370 at Sat Sep 30 01:59:11 2023


DD  step 50399999 load imb.: force  7.1%

           Step           Time
       50400000   1260000.00000

   Energies (kJ/mol)
           Bond       G96Angle        LJ (SR)   Coulomb (SR)      Potential
    2.61044e+05    5.03395e+04   -5.68685e+06   -2.60484e+04   -5.40152e+06
    Kinetic En.   Total Energy    Temperature Pressure (bar)
    9.34613e+05   -4.46690e+06    3.13450e+02    6.70591e+00

Writing checkpoint, step 50586390 at Sat Sep 30 02:14:11 2023


Writing checkpoint, step 50792520 at Sat Sep 30 02:29:11 2023


DD  step 50799999 load imb.: force  6.6%

           Step           Time
       50800000   1270000.00000

   Energies (kJ/mol)
           Bond       G96Angle        LJ (SR)   Coulomb (SR)      Potential
    2.60952e+05    4.92630e+04   -5.69056e+06   -2.62554e+04   -5.40660e+06
    Kinetic En.   Total Energy    Temperature Pressure (bar)
    9.31441e+05   -4.47515e+06    3.12386e+02    3.76611e+00

Writing checkpoint, step 50998620 at Sat Sep 30 02:44:11 2023


DD  step 51199999 load imb.: force  6.1%

           Step           Time
       51200000   1280000.00000

   Energies (kJ/mol)
           Bond       G96Angle        LJ (SR)   Coulomb (SR)      Potential
    2.61302e+05    4.94574e+04   -5.68705e+06   -2.60330e+04   -5.40233e+06
    Kinetic En.   Total Energy    Temperature Pressure (bar)
    9.30107e+05   -4.47222e+06    3.11939e+02    4.85188e+00

Writing checkpoint, step 51204250 at Sat Sep 30 02:59:11 2023


Writing checkpoint, step 51409640 at Sat Sep 30 03:14:11 2023


DD  step 51599999 load imb.: force  6.7%

           Step           Time
       51600000   1290000.00000

   Energies (kJ/mol)
           Bond       G96Angle        LJ (SR)   Coulomb (SR)      Potential
    2.60552e+05    4.93285e+04   -5.68957e+06   -2.61311e+04   -5.40582e+06
    Kinetic En.   Total Energy    Temperature Pressure (bar)
    9.27794e+05   -4.47803e+06    3.11163e+02    8.05129e+00

Writing checkpoint, step 51615370 at Sat Sep 30 03:29:11 2023


Writing checkpoint, step 51821260 at Sat Sep 30 03:44:11 2023


DD  step 51999999 load imb.: force  6.0%

           Step           Time
       52000000   1300000.00000

   Energies (kJ/mol)
           Bond       G96Angle        LJ (SR)   Coulomb (SR)      Potential
    2.62705e+05    4.94826e+04   -5.68777e+06   -2.62169e+04   -5.40180e+06
    Kinetic En.   Total Energy    Temperature Pressure (bar)
    9.31052e+05   -4.47075e+06    3.12256e+02   -2.05601e+00

Writing checkpoint, step 52026900 at Sat Sep 30 03:59:11 2023


Writing checkpoint, step 52232620 at Sat Sep 30 04:14:11 2023


DD  step 52399999 load imb.: force  8.0%

           Step           Time
       52400000   1310000.00000

   Energies (kJ/mol)
           Bond       G96Angle        LJ (SR)   Coulomb (SR)      Potential
    2.61632e+05    4.99335e+04   -5.68621e+06   -2.62862e+04   -5.40093e+06
    Kinetic En.   Total Energy    Temperature Pressure (bar)
    9.33450e+05   -4.46748e+06    3.13060e+02    8.42950e+00

Writing checkpoint, step 52437410 at Sat Sep 30 04:29:11 2023


Writing checkpoint, step 52643070 at Sat Sep 30 04:44:11 2023


DD  step 52799999 load imb.: force  7.7%

           Step           Time
       52800000   1320000.00000

   Energies (kJ/mol)
           Bond       G96Angle        LJ (SR)   Coulomb (SR)      Potential
    2.60660e+05    4.94291e+04   -5.68859e+06   -2.59145e+04   -5.40441e+06
    Kinetic En.   Total Energy    Temperature Pressure (bar)
    9.29502e+05   -4.47491e+06    3.11736e+02   -2.80949e+00

Writing checkpoint, step 52849040 at Sat Sep 30 04:59:11 2023


Writing checkpoint, step 53052630 at Sat Sep 30 05:14:11 2023


DD  step 53199999 load imb.: force  6.4%

           Step           Time
       53200000   1330000.00000

   Energies (kJ/mol)
           Bond       G96Angle        LJ (SR)   Coulomb (SR)      Potential
    2.62234e+05    4.92465e+04   -5.68908e+06   -2.59173e+04   -5.40352e+06
    Kinetic En.   Total Energy    Temperature Pressure (bar)
    9.32836e+05   -4.47068e+06    3.12854e+02   -1.22793e+01

Writing checkpoint, step 53257380 at Sat Sep 30 05:29:11 2023


Writing checkpoint, step 53463560 at Sat Sep 30 05:44:11 2023


DD  step 53599999 load imb.: force  7.1%

           Step           Time
       53600000   1340000.00000

   Energies (kJ/mol)
           Bond       G96Angle        LJ (SR)   Coulomb (SR)      Potential
    2.61880e+05    4.95484e+04   -5.68841e+06   -2.63052e+04   -5.40328e+06
    Kinetic En.   Total Energy    Temperature Pressure (bar)
    9.29145e+05   -4.47414e+06    3.11617e+02    4.18155e+00

Writing checkpoint, step 53669500 at Sat Sep 30 05:59:11 2023


Writing checkpoint, step 53875820 at Sat Sep 30 06:14:11 2023


DD  step 53999999 load imb.: force  6.1%

           Step           Time
       54000000   1350000.00000

   Energies (kJ/mol)
           Bond       G96Angle        LJ (SR)   Coulomb (SR)      Potential
    2.62728e+05    4.96195e+04   -5.69220e+06   -2.61259e+04   -5.40598e+06
    Kinetic En.   Total Energy    Temperature Pressure (bar)
    9.27276e+05   -4.47870e+06    3.10989e+02   -1.12356e+00

Writing checkpoint, step 54081850 at Sat Sep 30 06:29:11 2023


Writing checkpoint, step 54287660 at Sat Sep 30 06:44:11 2023


DD  step 54399999 load imb.: force  6.7%

           Step           Time
       54400000   1360000.00000

   Energies (kJ/mol)
           Bond       G96Angle        LJ (SR)   Coulomb (SR)      Potential
    2.62157e+05    4.95492e+04   -5.68799e+06   -2.59486e+04   -5.40223e+06
    Kinetic En.   Total Energy    Temperature Pressure (bar)
    9.30561e+05   -4.47167e+06    3.12091e+02   -2.17478e+00

Writing checkpoint, step 54493370 at Sat Sep 30 06:59:11 2023


Writing checkpoint, step 54698820 at Sat Sep 30 07:14:11 2023


DD  step 54799999 load imb.: force  7.3%

           Step           Time
       54800000   1370000.00000

   Energies (kJ/mol)
           Bond       G96Angle        LJ (SR)   Coulomb (SR)      Potential
    2.61767e+05    4.99394e+04   -5.69047e+06   -2.58928e+04   -5.40466e+06
    Kinetic En.   Total Energy    Temperature Pressure (bar)
    9.30260e+05   -4.47440e+06    3.11990e+02   -5.04477e-01

Writing checkpoint, step 54904420 at Sat Sep 30 07:29:11 2023


Writing checkpoint, step 55109740 at Sat Sep 30 07:44:11 2023


DD  step 55199999 load imb.: force  7.4%

           Step           Time
       55200000   1380000.00000

   Energies (kJ/mol)
           Bond       G96Angle        LJ (SR)   Coulomb (SR)      Potential
    2.61999e+05    4.97009e+04   -5.68684e+06   -2.59838e+04   -5.40112e+06
    Kinetic En.   Total Energy    Temperature Pressure (bar)
    9.32206e+05   -4.46892e+06    3.12643e+02    1.16932e+00

Writing checkpoint, step 55313850 at Sat Sep 30 07:59:11 2023


Writing checkpoint, step 55517450 at Sat Sep 30 08:14:11 2023


DD  step 55599999 load imb.: force  7.7%

           Step           Time
       55600000   1390000.00000

   Energies (kJ/mol)
           Bond       G96Angle        LJ (SR)   Coulomb (SR)      Potential
    2.61988e+05    4.97112e+04   -5.68505e+06   -2.61894e+04   -5.39954e+06
    Kinetic En.   Total Energy    Temperature Pressure (bar)
    9.32574e+05   -4.46696e+06    3.12766e+02    2.87051e+00

Writing checkpoint, step 55721260 at Sat Sep 30 08:29:11 2023


Writing checkpoint, step 55924660 at Sat Sep 30 08:44:11 2023


DD  step 55999999 load imb.: force  7.6%

           Step           Time
       56000000   1400000.00000

   Energies (kJ/mol)
           Bond       G96Angle        LJ (SR)   Coulomb (SR)      Potential
    2.61906e+05    4.98989e+04   -5.68929e+06   -2.61685e+04   -5.40366e+06
    Kinetic En.   Total Energy    Temperature Pressure (bar)
    9.28441e+05   -4.47522e+06    3.11380e+02   -4.17018e+00

Writing checkpoint, step 56128880 at Sat Sep 30 08:59:11 2023


Writing checkpoint, step 56333290 at Sat Sep 30 09:14:11 2023


DD  step 56399999 load imb.: force  6.5%

           Step           Time
       56400000   1410000.00000

   Energies (kJ/mol)
           Bond       G96Angle        LJ (SR)   Coulomb (SR)      Potential
    2.61249e+05    4.92264e+04   -5.68634e+06   -2.65361e+04   -5.40241e+06
    Kinetic En.   Total Energy    Temperature Pressure (bar)
    9.31869e+05   -4.47054e+06    3.12530e+02    4.21735e+00

Writing checkpoint, step 56537870 at Sat Sep 30 09:29:11 2023


Writing checkpoint, step 56742690 at Sat Sep 30 09:44:11 2023


DD  step 56799999 load imb.: force  8.7%

           Step           Time
       56800000   1420000.00000

   Energies (kJ/mol)
           Bond       G96Angle        LJ (SR)   Coulomb (SR)      Potential
    2.62111e+05    4.87700e+04   -5.69130e+06   -2.63596e+04   -5.40677e+06
    Kinetic En.   Total Energy    Temperature Pressure (bar)
    9.30426e+05   -4.47635e+06    3.12046e+02   -6.07199e+00

Writing checkpoint, step 56947220 at Sat Sep 30 09:59:11 2023


Writing checkpoint, step 57152180 at Sat Sep 30 10:14:11 2023


DD  step 57199999 load imb.: force  6.9%

           Step           Time
       57200000   1430000.00000

   Energies (kJ/mol)
           Bond       G96Angle        LJ (SR)   Coulomb (SR)      Potential
    2.60970e+05    4.94233e+04   -5.68847e+06   -2.62029e+04   -5.40428e+06
    Kinetic En.   Total Energy    Temperature Pressure (bar)
    9.33856e+05   -4.47042e+06    3.13196e+02    6.45696e+00

Writing checkpoint, step 57357490 at Sat Sep 30 10:29:11 2023


Writing checkpoint, step 57561780 at Sat Sep 30 10:44:11 2023


DD  step 57599999 load imb.: force  7.8%

           Step           Time
       57600000   1440000.00000

   Energies (kJ/mol)
           Bond       G96Angle        LJ (SR)   Coulomb (SR)      Potential
    2.61582e+05    5.01439e+04   -5.69319e+06   -2.63081e+04   -5.40777e+06
    Kinetic En.   Total Energy    Temperature Pressure (bar)
    9.26446e+05   -4.48132e+06    3.10711e+02   -7.90554e+00

Writing checkpoint, step 57765000 at Sat Sep 30 10:59:11 2023


Writing checkpoint, step 57967350 at Sat Sep 30 11:14:11 2023


DD  step 57999999 load imb.: force  8.8%

           Step           Time
       58000000   1450000.00000

   Energies (kJ/mol)
           Bond       G96Angle        LJ (SR)   Coulomb (SR)      Potential
    2.61659e+05    4.89874e+04   -5.68683e+06   -2.60221e+04   -5.40220e+06
    Kinetic En.   Total Energy    Temperature Pressure (bar)
    9.30076e+05   -4.47213e+06    3.11929e+02    9.59975e+00



Received the second INT/TERM signal, stopping within 2 steps

           Step           Time
       58040016   1451000.40000

Writing checkpoint, step 58040016 at Sat Sep 30 11:19:35 2023




-----------------------------------------------------------
Restarting from checkpoint, appending to previous log file.

Log file opened on Mon Oct  2 10:18:36 2023
Host: halc024.amarel.rutgers.edu  pid: 252060  rank ID: 0  number of ranks:  32
                      :-) GROMACS - gmx mdrun, 2016.1 (-:

Executable:   /opt/sw/packages/intel-17.0.1/mvapich2-2.2/gromacs/2016.1/bin/gmx_mpi
Data prefix:  /opt/sw/packages/intel-17.0.1/mvapich2-2.2/gromacs/2016.1
Working dir:  /scratch/jje63/heat_lig_multinano/Common_Nanoparticle_5/Tetracosanethiol
Command line:
  gmx_mpi mdrun -s md2.tpr -cpi md.cpt -ntomp 1 -deffnm md -v -rdd 1.4

GROMACS version:    2016.1
Precision:          single
Memory model:       64 bit
MPI library:        MPI
OpenMP support:     enabled (GMX_OPENMP_MAX_THREADS = 32)
GPU support:        disabled
SIMD instructions:  AVX_256
FFT library:        Intel MKL
RDTSCP usage:       enabled
TNG support:        enabled
Hwloc support:      disabled
Tracing support:    disabled
Built on:           Wed Nov 23 15:27:26 EST 2016
Built by:           novosirj@perceval2.hpc.rutgers.edu [CMAKE]
Build OS/arch:      Linux 3.10.0-229.20.1.el7.x86_64 x86_64
Build CPU vendor:   Intel
Build CPU brand:    Intel(R) Xeon(R) CPU E5-2650 v3 @ 2.30GHz
Build CPU family:   6   Model: 63   Stepping: 2
Build CPU features: aes apic avx avx2 clfsh cmov cx8 cx16 f16c fma htt lahf mmx msr nonstop_tsc pcid pclmuldq pdcm pdpe1gb popcnt pse rdrnd rdtscp sse2 sse3 sse4.1 sse4.2 ssse3 tdt x2apic
C compiler:         /opt/sw/packages/intel/17.0.1/compilers_and_libraries/linux/bin/intel64/icc Intel 17.0.0.20161005
C compiler flags:    -mavx   -mkl=sequential  -std=gnu99  -O3 -DNDEBUG -ip -funroll-all-loops -alias-const -ansi-alias  
C++ compiler:       /opt/sw/packages/intel/17.0.1/compilers_and_libraries/linux/bin/intel64/icpc Intel 17.0.0.20161005
C++ compiler flags:  -mavx    -std=c++0x   -O3 -DNDEBUG -ip -funroll-all-loops -alias-const -ansi-alias  


Initializing Domain Decomposition on 32 ranks
Dynamic load balancing: auto
Minimum cell size due to bonded interactions: 1.400 nm
Domain decomposition grid 8 x 4 x 1, separate PME ranks 0
Domain decomposition rank 0, coordinates 0 0 0

The initial number of communication pulses is: X 1 Y 1
The initial domain decomposition cell size is: X 5.25 nm Y 10.49 nm

The maximum allowed distance for charge groups involved in interactions is:
                 non-bonded interactions           1.200 nm
(the following are initial values, they could change due to box deformation)
            two-body bonded interactions  (-rdd)   1.400 nm
          multi-body bonded interactions  (-rdd)   1.400 nm

When dynamic load balancing gets turned on, these settings will change to:
The maximum number of communication pulses is: X 1 Y 1
The minimum size for domain decomposition cells is 1.400 nm
The requested allowed shrink of DD cells (option -dds) is: 0.80
The allowed shrink of domain decomposition cells is: X 0.27 Y 0.13
The maximum allowed distance for charge groups involved in interactions is:
                 non-bonded interactions           1.200 nm
            two-body bonded interactions  (-rdd)   1.400 nm
          multi-body bonded interactions  (-rdd)   1.400 nm

Using 32 MPI processes


NOTE: This file uses the deprecated 'group' cutoff_scheme. This will be
removed in a future release when 'verlet' supports all interaction forms.

Table routines are used for coulomb: true
Table routines are used for vdw:     true
Using shifted Lennard-Jones, switch between 0.9 and 1.2 nm
Cut-off's:   NS: 1.2   Coulomb: 1.2   LJ: 1.2
System total charge: 0.000
Generated table with 1100 data points for Shift.
Tabscale = 500 points/nm
Generated table with 1100 data points for LJ6Shift.
Tabscale = 500 points/nm
Generated table with 1100 data points for LJ12Shift.
Tabscale = 500 points/nm
Potential shift: LJ r^-12: 0.000e+00 r^-6: 0.000e+00
Pinning threads with an auto-selected logical core stride of 1

Linking all bonded interactions to atoms

Intra-simulation communication will occur every 1 steps.
Center of mass motion removal mode is Linear
We have the following groups for center of mass motion removal:
  0:  rest
There are: 239078 Atoms
Atom distribution over 32 domains: av 7471 stddev 88 min 7394 max 7714
Grid: 7 x 12 x 15 cells
Initial temperature: 624.789 K

Started mdrun on rank 0 Mon Oct  2 10:18:36 2023

DD  step 58040019 load imb.: force 38.0%


step 58040040 Turning on dynamic load balancing, because the performance loss due to load imbalance is 6.2 %.


step 58041410 Turning off dynamic load balancing, because it is degrading performance.

Atom distribution over 32 domains: av 7471 stddev 90 min 7391 max 7738

step 58043010 Turning on dynamic load balancing, because the performance loss due to load imbalance is 2.2 %.


step 58043210 Turning off dynamic load balancing, because it is degrading performance.

Atom distribution over 32 domains: av 7471 stddev 89 min 7384 max 7713

step 58044010 Turning on dynamic load balancing, because the performance loss due to load imbalance is 2.2 %.


step 58044210 Turning off dynamic load balancing, because it is degrading performance.

Atom distribution over 32 domains: av 7471 stddev 96 min 7373 max 7739

step 58045010 Will no longer try dynamic load balancing, as it degraded performance.

Writing checkpoint, step 58240840 at Mon Oct  2 10:33:36 2023


DD  step 58399999 load imb.: force  8.3%

           Step           Time
       58400000   1460000.00000

   Energies (kJ/mol)
           Bond       G96Angle        LJ (SR)   Coulomb (SR)      Potential
    2.61870e+05    4.91839e+04   -5.69574e+06   -2.62017e+04   -5.41089e+06
    Kinetic En.   Total Energy    Temperature Pressure (bar)
    9.28412e+05   -4.48248e+06    3.11370e+02   -1.82883e+01

Writing checkpoint, step 58443170 at Mon Oct  2 10:48:36 2023


Writing checkpoint, step 58645810 at Mon Oct  2 11:03:36 2023


DD  step 58799999 load imb.: force  8.2%

           Step           Time
       58800000   1470000.00000

   Energies (kJ/mol)
           Bond       G96Angle        LJ (SR)   Coulomb (SR)      Potential
    2.61686e+05    4.93952e+04   -5.68772e+06   -2.65170e+04   -5.40316e+06
    Kinetic En.   Total Energy    Temperature Pressure (bar)
    9.32853e+05   -4.47030e+06    3.12860e+02   -4.49121e+00

Writing checkpoint, step 58847960 at Mon Oct  2 11:18:36 2023


Writing checkpoint, step 59049510 at Mon Oct  2 11:33:36 2023


DD  step 59199999 load imb.: force  9.0%

           Step           Time
       59200000   1480000.00000

   Energies (kJ/mol)
           Bond       G96Angle        LJ (SR)   Coulomb (SR)      Potential
    2.61682e+05    5.00033e+04   -5.69282e+06   -2.64281e+04   -5.40756e+06
    Kinetic En.   Total Energy    Temperature Pressure (bar)
    9.33221e+05   -4.47434e+06    3.12983e+02   -1.99602e+00

Writing checkpoint, step 59251810 at Mon Oct  2 11:48:36 2023


Writing checkpoint, step 59454760 at Mon Oct  2 12:03:36 2023


DD  step 59599999 load imb.: force  9.2%

           Step           Time
       59600000   1490000.00000

   Energies (kJ/mol)
           Bond       G96Angle        LJ (SR)   Coulomb (SR)      Potential
    2.60483e+05    4.99214e+04   -5.69243e+06   -2.56817e+04   -5.40771e+06
    Kinetic En.   Total Energy    Temperature Pressure (bar)
    9.32218e+05   -4.47549e+06    3.12647e+02   -9.85148e+00

Writing checkpoint, step 59657730 at Mon Oct  2 12:18:36 2023


Writing checkpoint, step 59860630 at Mon Oct  2 12:33:36 2023


DD  step 59999999 load imb.: force  8.0%

           Step           Time
       60000000   1500000.00000

   Energies (kJ/mol)
           Bond       G96Angle        LJ (SR)   Coulomb (SR)      Potential
    2.61728e+05    4.94467e+04   -5.68793e+06   -2.62416e+04   -5.40300e+06
    Kinetic En.   Total Energy    Temperature Pressure (bar)
    9.29260e+05   -4.47374e+06    3.11655e+02    1.17313e+01

Writing checkpoint, step 60064100 at Mon Oct  2 12:48:36 2023


Writing checkpoint, step 60269960 at Mon Oct  2 13:03:36 2023


DD  step 60399999 load imb.: force  7.1%

           Step           Time
       60400000   1510000.00000

   Energies (kJ/mol)
           Bond       G96Angle        LJ (SR)   Coulomb (SR)      Potential
    2.62090e+05    4.98965e+04   -5.68904e+06   -2.62213e+04   -5.40328e+06
    Kinetic En.   Total Energy    Temperature Pressure (bar)
    9.32765e+05   -4.47051e+06    3.12830e+02   -2.24811e+00

Writing checkpoint, step 60476300 at Mon Oct  2 13:18:36 2023


Writing checkpoint, step 60682500 at Mon Oct  2 13:33:36 2023


DD  step 60799999 load imb.: force  8.6%

           Step           Time
       60800000   1520000.00000

   Energies (kJ/mol)
           Bond       G96Angle        LJ (SR)   Coulomb (SR)      Potential
    2.59965e+05    4.96199e+04   -5.68611e+06   -2.61689e+04   -5.40269e+06
    Kinetic En.   Total Energy    Temperature Pressure (bar)
    9.35084e+05   -4.46761e+06    3.13608e+02    1.18998e+01

Writing checkpoint, step 60888200 at Mon Oct  2 13:48:36 2023


Writing checkpoint, step 61094560 at Mon Oct  2 14:03:36 2023


DD  step 61199999 load imb.: force  7.4%

           Step           Time
       61200000   1530000.00000

   Energies (kJ/mol)
           Bond       G96Angle        LJ (SR)   Coulomb (SR)      Potential
    2.59988e+05    5.03061e+04   -5.68484e+06   -2.63593e+04   -5.40090e+06
    Kinetic En.   Total Energy    Temperature Pressure (bar)
    9.27573e+05   -4.47333e+06    3.11089e+02    6.87797e+00

Writing checkpoint, step 61299940 at Mon Oct  2 14:18:36 2023


Writing checkpoint, step 61504790 at Mon Oct  2 14:33:36 2023


DD  step 61599999 load imb.: force  6.2%

           Step           Time
       61600000   1540000.00000

   Energies (kJ/mol)
           Bond       G96Angle        LJ (SR)   Coulomb (SR)      Potential
    2.62144e+05    4.99604e+04   -5.68724e+06   -2.58674e+04   -5.40100e+06
    Kinetic En.   Total Energy    Temperature Pressure (bar)
    9.33098e+05   -4.46790e+06    3.12942e+02    7.13538e+00

Writing checkpoint, step 61709880 at Mon Oct  2 14:48:36 2023


Writing checkpoint, step 61915520 at Mon Oct  2 15:03:36 2023


DD  step 61999999 load imb.: force  6.3%

           Step           Time
       62000000   1550000.00000

   Energies (kJ/mol)
           Bond       G96Angle        LJ (SR)   Coulomb (SR)      Potential
    2.62627e+05    4.96702e+04   -5.68510e+06   -2.57859e+04   -5.39859e+06
    Kinetic En.   Total Energy    Temperature Pressure (bar)
    9.33083e+05   -4.46551e+06    3.12937e+02    1.15796e+01

Writing checkpoint, step 62121290 at Mon Oct  2 15:18:36 2023


Writing checkpoint, step 62327380 at Mon Oct  2 15:33:36 2023


DD  step 62399999 load imb.: force  5.8%

           Step           Time
       62400000   1560000.00000

   Energies (kJ/mol)
           Bond       G96Angle        LJ (SR)   Coulomb (SR)      Potential
    2.62361e+05    4.91116e+04   -5.68679e+06   -2.59574e+04   -5.40128e+06
    Kinetic En.   Total Energy    Temperature Pressure (bar)
    9.30052e+05   -4.47122e+06    3.11921e+02    1.98991e+00

Writing checkpoint, step 62533550 at Mon Oct  2 15:48:36 2023


Writing checkpoint, step 62740000 at Mon Oct  2 16:03:36 2023


DD  step 62799999 load imb.: force  4.7%

           Step           Time
       62800000   1570000.00000

   Energies (kJ/mol)
           Bond       G96Angle        LJ (SR)   Coulomb (SR)      Potential
    2.61810e+05    4.98009e+04   -5.68552e+06   -2.64573e+04   -5.40036e+06
    Kinetic En.   Total Energy    Temperature Pressure (bar)
    9.31718e+05   -4.46864e+06    3.12479e+02    1.49193e-01

Writing checkpoint, step 62946000 at Mon Oct  2 16:18:36 2023


Writing checkpoint, step 63151280 at Mon Oct  2 16:33:36 2023


DD  step 63199999 load imb.: force  6.3%

           Step           Time
       63200000   1580000.00000

   Energies (kJ/mol)
           Bond       G96Angle        LJ (SR)   Coulomb (SR)      Potential
    2.62105e+05    4.97742e+04   -5.68945e+06   -2.60874e+04   -5.40366e+06
    Kinetic En.   Total Energy    Temperature Pressure (bar)
    9.31893e+05   -4.47177e+06    3.12538e+02    2.33199e+00

Writing checkpoint, step 63356950 at Mon Oct  2 16:48:36 2023


Writing checkpoint, step 63563020 at Mon Oct  2 17:03:36 2023


DD  step 63599999 load imb.: force  5.9%

           Step           Time
       63600000   1590000.00000

   Energies (kJ/mol)
           Bond       G96Angle        LJ (SR)   Coulomb (SR)      Potential
    2.60243e+05    4.95725e+04   -5.69079e+06   -2.63696e+04   -5.40734e+06
    Kinetic En.   Total Energy    Temperature Pressure (bar)
    9.31362e+05   -4.47598e+06    3.12360e+02   -2.35115e+00

Writing checkpoint, step 63768950 at Mon Oct  2 17:18:36 2023


Writing checkpoint, step 63974810 at Mon Oct  2 17:33:36 2023


DD  step 63999999 load imb.: force  6.4%

           Step           Time
       64000000   1600000.00000

   Energies (kJ/mol)
           Bond       G96Angle        LJ (SR)   Coulomb (SR)      Potential
    2.62347e+05    4.96388e+04   -5.68913e+06   -2.63722e+04   -5.40351e+06
    Kinetic En.   Total Energy    Temperature Pressure (bar)
    9.31462e+05   -4.47205e+06    3.12393e+02   -2.49586e+00

Writing checkpoint, step 64180800 at Mon Oct  2 17:48:36 2023


Writing checkpoint, step 64387000 at Mon Oct  2 18:03:36 2023


DD  step 64399999 load imb.: force  5.1%

           Step           Time
       64400000   1610000.00000

   Energies (kJ/mol)
           Bond       G96Angle        LJ (SR)   Coulomb (SR)      Potential
    2.62148e+05    4.94072e+04   -5.68371e+06   -2.61872e+04   -5.39834e+06
    Kinetic En.   Total Energy    Temperature Pressure (bar)
    9.34242e+05   -4.46410e+06    3.13326e+02    1.18552e+01

Writing checkpoint, step 64592690 at Mon Oct  2 18:18:36 2023


Writing checkpoint, step 64797920 at Mon Oct  2 18:33:36 2023


DD  step 64799999 load imb.: force  7.9%

           Step           Time
       64800000   1620000.00000

   Energies (kJ/mol)
           Bond       G96Angle        LJ (SR)   Coulomb (SR)      Potential
    2.62810e+05    4.91174e+04   -5.68629e+06   -2.62499e+04   -5.40061e+06
    Kinetic En.   Total Energy    Temperature Pressure (bar)
    9.30720e+05   -4.46989e+06    3.12145e+02    2.67454e+00

Writing checkpoint, step 65001910 at Mon Oct  2 18:48:36 2023


DD  step 65199999 load imb.: force  6.5%

           Step           Time
       65200000   1630000.00000

   Energies (kJ/mol)
           Bond       G96Angle        LJ (SR)   Coulomb (SR)      Potential
    2.62450e+05    4.93646e+04   -5.69201e+06   -2.60938e+04   -5.40629e+06
    Kinetic En.   Total Energy    Temperature Pressure (bar)
    9.33508e+05   -4.47278e+06    3.13080e+02    2.44512e+00

Writing checkpoint, step 65205810 at Mon Oct  2 19:03:36 2023


Writing checkpoint, step 65410630 at Mon Oct  2 19:18:36 2023


DD  step 65599999 load imb.: force  7.9%

           Step           Time
       65600000   1640000.00000

   Energies (kJ/mol)
           Bond       G96Angle        LJ (SR)   Coulomb (SR)      Potential
    2.60958e+05    4.93812e+04   -5.69169e+06   -2.61651e+04   -5.40751e+06
    Kinetic En.   Total Energy    Temperature Pressure (bar)
    9.32832e+05   -4.47468e+06    3.12853e+02   -1.20256e+00

Writing checkpoint, step 65614920 at Mon Oct  2 19:33:36 2023


Writing checkpoint, step 65820280 at Mon Oct  2 19:48:36 2023


DD  step 65999999 load imb.: force  6.4%

           Step           Time
       66000000   1650000.00000

   Energies (kJ/mol)
           Bond       G96Angle        LJ (SR)   Coulomb (SR)      Potential
    2.60245e+05    4.94341e+04   -5.68379e+06   -2.60524e+04   -5.40017e+06
    Kinetic En.   Total Energy    Temperature Pressure (bar)
    9.32201e+05   -4.46796e+06    3.12641e+02    2.18837e+01

Writing checkpoint, step 66025370 at Mon Oct  2 20:03:36 2023


Writing checkpoint, step 66231150 at Mon Oct  2 20:18:36 2023


DD  step 66399999 load imb.: force  6.3%

           Step           Time
       66400000   1660000.00000

   Energies (kJ/mol)
           Bond       G96Angle        LJ (SR)   Coulomb (SR)      Potential
    2.61694e+05    4.97388e+04   -5.68906e+06   -2.59454e+04   -5.40357e+06
    Kinetic En.   Total Energy    Temperature Pressure (bar)
    9.29678e+05   -4.47390e+06    3.11795e+02   -4.52090e+00

Writing checkpoint, step 66437000 at Mon Oct  2 20:33:36 2023


Writing checkpoint, step 66642680 at Mon Oct  2 20:48:36 2023


DD  step 66799999 load imb.: force  5.2%

           Step           Time
       66800000   1670000.00000

   Energies (kJ/mol)
           Bond       G96Angle        LJ (SR)   Coulomb (SR)      Potential
    2.62329e+05    4.91708e+04   -5.68713e+06   -2.59790e+04   -5.40161e+06
    Kinetic En.   Total Energy    Temperature Pressure (bar)
    9.34070e+05   -4.46754e+06    3.13268e+02    3.81675e+00

Writing checkpoint, step 66847860 at Mon Oct  2 21:03:36 2023


Writing checkpoint, step 67052670 at Mon Oct  2 21:18:36 2023


DD  step 67199999 load imb.: force  7.4%

           Step           Time
       67200000   1680000.00000

   Energies (kJ/mol)
           Bond       G96Angle        LJ (SR)   Coulomb (SR)      Potential
    2.60686e+05    4.97611e+04   -5.68563e+06   -2.58404e+04   -5.40102e+06
    Kinetic En.   Total Energy    Temperature Pressure (bar)
    9.30906e+05   -4.47012e+06    3.12207e+02    6.00558e+00

Writing checkpoint, step 67257200 at Mon Oct  2 21:33:36 2023


Writing checkpoint, step 67459980 at Mon Oct  2 21:48:36 2023


DD  step 67599999 load imb.: force  9.1%

           Step           Time
       67600000   1690000.00000

   Energies (kJ/mol)
           Bond       G96Angle        LJ (SR)   Coulomb (SR)      Potential
    2.60850e+05    5.04819e+04   -5.68670e+06   -2.59127e+04   -5.40128e+06
    Kinetic En.   Total Energy    Temperature Pressure (bar)
    9.28993e+05   -4.47228e+06    3.11565e+02   -7.42833e+00

Writing checkpoint, step 67662080 at Mon Oct  2 22:03:36 2023


Writing checkpoint, step 67865380 at Mon Oct  2 22:18:36 2023


DD  step 67999999 load imb.: force  7.3%

           Step           Time
       68000000   1700000.00000

   Energies (kJ/mol)
           Bond       G96Angle        LJ (SR)   Coulomb (SR)      Potential
    2.62564e+05    4.94379e+04   -5.69077e+06   -2.63261e+04   -5.40509e+06
    Kinetic En.   Total Energy    Temperature Pressure (bar)
    9.33473e+05   -4.47162e+06    3.13068e+02   -4.46818e+00

Writing checkpoint, step 68068660 at Mon Oct  2 22:33:36 2023


Writing checkpoint, step 68272160 at Mon Oct  2 22:48:36 2023


DD  step 68399999 load imb.: force 10.5%

           Step           Time
       68400000   1710000.00000

   Energies (kJ/mol)
           Bond       G96Angle        LJ (SR)   Coulomb (SR)      Potential
    2.61197e+05    4.94612e+04   -5.68626e+06   -2.59459e+04   -5.40154e+06
    Kinetic En.   Total Energy    Temperature Pressure (bar)
    9.35316e+05   -4.46623e+06    3.13686e+02    7.42113e+00

Writing checkpoint, step 68473880 at Mon Oct  2 23:03:36 2023


Writing checkpoint, step 68676100 at Mon Oct  2 23:18:36 2023


DD  step 68799999 load imb.: force  8.1%

           Step           Time
       68800000   1720000.00000

   Energies (kJ/mol)
           Bond       G96Angle        LJ (SR)   Coulomb (SR)      Potential
    2.60992e+05    4.94132e+04   -5.68254e+06   -2.57154e+04   -5.39785e+06
    Kinetic En.   Total Energy    Temperature Pressure (bar)
    9.34272e+05   -4.46357e+06    3.13336e+02    1.03833e+01

Writing checkpoint, step 68877920 at Mon Oct  2 23:33:36 2023


Writing checkpoint, step 69080100 at Mon Oct  2 23:48:36 2023


DD  step 69199999 load imb.: force  8.7%

           Step           Time
       69200000   1730000.00000

   Energies (kJ/mol)
           Bond       G96Angle        LJ (SR)   Coulomb (SR)      Potential
    2.61311e+05    4.94457e+04   -5.68807e+06   -2.61114e+04   -5.40342e+06
    Kinetic En.   Total Energy    Temperature Pressure (bar)
    9.29442e+05   -4.47398e+06    3.11716e+02   -7.47958e+00

Writing checkpoint, step 69282370 at Tue Oct  3 00:03:36 2023


Writing checkpoint, step 69485130 at Tue Oct  3 00:18:36 2023


DD  step 69599999 load imb.: force  5.7%

           Step           Time
       69600000   1740000.00000

   Energies (kJ/mol)
           Bond       G96Angle        LJ (SR)   Coulomb (SR)      Potential
    2.61778e+05    4.97385e+04   -5.68896e+06   -2.60857e+04   -5.40353e+06
    Kinetic En.   Total Energy    Temperature Pressure (bar)
    9.29831e+05   -4.47370e+06    3.11846e+02   -4.69731e-01

Writing checkpoint, step 69689160 at Tue Oct  3 00:33:36 2023


Writing checkpoint, step 69893990 at Tue Oct  3 00:48:36 2023


DD  step 69999999 load imb.: force  6.5%

           Step           Time
       70000000   1750000.00000

   Energies (kJ/mol)
           Bond       G96Angle        LJ (SR)   Coulomb (SR)      Potential
    2.61487e+05    4.92849e+04   -5.68774e+06   -2.62504e+04   -5.40322e+06
    Kinetic En.   Total Energy    Temperature Pressure (bar)
    9.29663e+05   -4.47356e+06    3.11790e+02    7.83365e+00

Writing checkpoint, step 70098230 at Tue Oct  3 01:03:36 2023


Writing checkpoint, step 70301470 at Tue Oct  3 01:18:36 2023


DD  step 70399999 load imb.: force  8.0%

           Step           Time
       70400000   1760000.00000

   Energies (kJ/mol)
           Bond       G96Angle        LJ (SR)   Coulomb (SR)      Potential
    2.60981e+05    4.96296e+04   -5.68727e+06   -2.58849e+04   -5.40254e+06
    Kinetic En.   Total Energy    Temperature Pressure (bar)
    9.32328e+05   -4.47021e+06    3.12684e+02    4.40543e+00

Writing checkpoint, step 70504070 at Tue Oct  3 01:33:36 2023


Writing checkpoint, step 70706240 at Tue Oct  3 01:48:36 2023


DD  step 70799999 load imb.: force  8.6%

           Step           Time
       70800000   1770000.00000

   Energies (kJ/mol)
           Bond       G96Angle        LJ (SR)   Coulomb (SR)      Potential
    2.61164e+05    4.97000e+04   -5.68764e+06   -2.60671e+04   -5.40285e+06
    Kinetic En.   Total Energy    Temperature Pressure (bar)
    9.27361e+05   -4.47549e+06    3.11018e+02   -3.28854e+00

Writing checkpoint, step 70907850 at Tue Oct  3 02:03:36 2023


Writing checkpoint, step 71110440 at Tue Oct  3 02:18:36 2023


DD  step 71199999 load imb.: force  9.2%

           Step           Time
       71200000   1780000.00000

   Energies (kJ/mol)
           Bond       G96Angle        LJ (SR)   Coulomb (SR)      Potential
    2.62425e+05    4.93293e+04   -5.68877e+06   -2.62539e+04   -5.40327e+06
    Kinetic En.   Total Energy    Temperature Pressure (bar)
    9.28602e+05   -4.47467e+06    3.11434e+02   -7.10392e+00

Writing checkpoint, step 71312270 at Tue Oct  3 02:33:36 2023


Writing checkpoint, step 71515400 at Tue Oct  3 02:48:36 2023


DD  step 71599999 load imb.: force  8.3%

           Step           Time
       71600000   1790000.00000

   Energies (kJ/mol)
           Bond       G96Angle        LJ (SR)   Coulomb (SR)      Potential
    2.61971e+05    5.02547e+04   -5.68911e+06   -2.61953e+04   -5.40308e+06
    Kinetic En.   Total Energy    Temperature Pressure (bar)
    9.33826e+05   -4.46926e+06    3.13186e+02   -3.78829e-02

Writing checkpoint, step 71717220 at Tue Oct  3 03:03:36 2023


Writing checkpoint, step 71918190 at Tue Oct  3 03:18:36 2023


DD  step 71999999 load imb.: force  8.9%

           Step           Time
       72000000   1800000.00000

   Energies (kJ/mol)
           Bond       G96Angle        LJ (SR)   Coulomb (SR)      Potential
    2.61668e+05    4.95709e+04   -5.69142e+06   -2.60388e+04   -5.40622e+06
    Kinetic En.   Total Energy    Temperature Pressure (bar)
    9.31702e+05   -4.47452e+06    3.12474e+02   -1.45371e+00

Writing checkpoint, step 72119370 at Tue Oct  3 03:33:36 2023


Writing checkpoint, step 72319400 at Tue Oct  3 03:48:36 2023


DD  step 72399999 load imb.: force  9.9%

           Step           Time
       72400000   1810000.00000

   Energies (kJ/mol)
           Bond       G96Angle        LJ (SR)   Coulomb (SR)      Potential
    2.62672e+05    4.93480e+04   -5.68803e+06   -2.59121e+04   -5.40192e+06
    Kinetic En.   Total Energy    Temperature Pressure (bar)
    9.32873e+05   -4.46904e+06    3.12867e+02   -4.03814e-01

Writing checkpoint, step 72519680 at Tue Oct  3 04:03:36 2023


Writing checkpoint, step 72721230 at Tue Oct  3 04:18:36 2023


DD  step 72799999 load imb.: force 10.0%

           Step           Time
       72800000   1820000.00000

   Energies (kJ/mol)
           Bond       G96Angle        LJ (SR)   Coulomb (SR)      Potential
    2.60255e+05    4.95989e+04   -5.68849e+06   -2.60119e+04   -5.40465e+06
    Kinetic En.   Total Energy    Temperature Pressure (bar)
    9.30312e+05   -4.47434e+06    3.12008e+02    7.37319e+00

Writing checkpoint, step 72922740 at Tue Oct  3 04:33:36 2023


Writing checkpoint, step 73124780 at Tue Oct  3 04:48:36 2023


DD  step 73199999 load imb.: force  8.5%

           Step           Time
       73200000   1830000.00000

   Energies (kJ/mol)
           Bond       G96Angle        LJ (SR)   Coulomb (SR)      Potential
    2.61669e+05    4.93602e+04   -5.68769e+06   -2.59365e+04   -5.40259e+06
    Kinetic En.   Total Energy    Temperature Pressure (bar)
    9.31737e+05   -4.47086e+06    3.12486e+02    4.46006e-01

Writing checkpoint, step 73327240 at Tue Oct  3 05:03:36 2023


Writing checkpoint, step 73530880 at Tue Oct  3 05:18:36 2023


DD  step 73599999 load imb.: force  7.9%

           Step           Time
       73600000   1840000.00000

   Energies (kJ/mol)
           Bond       G96Angle        LJ (SR)   Coulomb (SR)      Potential
    2.61220e+05    4.96108e+04   -5.68792e+06   -2.60023e+04   -5.40309e+06
    Kinetic En.   Total Energy    Temperature Pressure (bar)
    9.30371e+05   -4.47272e+06    3.12028e+02   -2.35160e+00

Writing checkpoint, step 73734890 at Tue Oct  3 05:33:36 2023


Writing checkpoint, step 73939960 at Tue Oct  3 05:48:36 2023


DD  step 73999999 load imb.: force  8.2%

           Step           Time
       74000000   1850000.00000

   Energies (kJ/mol)
           Bond       G96Angle        LJ (SR)   Coulomb (SR)      Potential
    2.63182e+05    4.93037e+04   -5.68774e+06   -2.59185e+04   -5.40117e+06
    Kinetic En.   Total Energy    Temperature Pressure (bar)
    9.29364e+05   -4.47181e+06    3.11690e+02    8.50994e+00

Writing checkpoint, step 74143530 at Tue Oct  3 06:03:36 2023


Writing checkpoint, step 74346750 at Tue Oct  3 06:18:36 2023


DD  step 74399999 load imb.: force  8.9%

           Step           Time
       74400000   1860000.00000

   Energies (kJ/mol)
           Bond       G96Angle        LJ (SR)   Coulomb (SR)      Potential
    2.60920e+05    4.97788e+04   -5.68538e+06   -2.59183e+04   -5.40060e+06
    Kinetic En.   Total Energy    Temperature Pressure (bar)
    9.32771e+05   -4.46783e+06    3.12832e+02   -1.87275e+00

Writing checkpoint, step 74549630 at Tue Oct  3 06:33:36 2023


Writing checkpoint, step 74751950 at Tue Oct  3 06:48:36 2023


DD  step 74799999 load imb.: force  8.6%

           Step           Time
       74800000   1870000.00000

   Energies (kJ/mol)
           Bond       G96Angle        LJ (SR)   Coulomb (SR)      Potential
    2.61923e+05    4.92608e+04   -5.68683e+06   -2.61580e+04   -5.40180e+06
    Kinetic En.   Total Energy    Temperature Pressure (bar)
    9.30362e+05   -4.47144e+06    3.12025e+02    5.82189e+00

Writing checkpoint, step 74954970 at Tue Oct  3 07:03:36 2023


Writing checkpoint, step 75158210 at Tue Oct  3 07:18:36 2023


DD  step 75199999 load imb.: force  7.1%

           Step           Time
       75200000   1880000.00000

   Energies (kJ/mol)
           Bond       G96Angle        LJ (SR)   Coulomb (SR)      Potential
    2.61251e+05    4.98247e+04   -5.68565e+06   -2.63777e+04   -5.40095e+06
    Kinetic En.   Total Energy    Temperature Pressure (bar)
    9.31904e+05   -4.46905e+06    3.12542e+02    5.29921e+00

Writing checkpoint, step 75361030 at Tue Oct  3 07:33:36 2023


Writing checkpoint, step 75564300 at Tue Oct  3 07:48:36 2023


DD  step 75599999 load imb.: force  6.7%

           Step           Time
       75600000   1890000.00000

   Energies (kJ/mol)
           Bond       G96Angle        LJ (SR)   Coulomb (SR)      Potential
    2.60676e+05    4.95213e+04   -5.68472e+06   -2.61053e+04   -5.40063e+06
    Kinetic En.   Total Energy    Temperature Pressure (bar)
    9.30730e+05   -4.46990e+06    3.12148e+02    1.23352e+01

Writing checkpoint, step 75769450 at Tue Oct  3 08:03:36 2023


Writing checkpoint, step 75974920 at Tue Oct  3 08:18:36 2023


DD  step 75999999 load imb.: force  7.5%

           Step           Time
       76000000   1900000.00000

   Energies (kJ/mol)
           Bond       G96Angle        LJ (SR)   Coulomb (SR)      Potential
    2.61382e+05    4.95046e+04   -5.68908e+06   -2.61711e+04   -5.40436e+06
    Kinetic En.   Total Energy    Temperature Pressure (bar)
    9.30255e+05   -4.47411e+06    3.11989e+02   -1.64856e+00

Writing checkpoint, step 76180460 at Tue Oct  3 08:33:36 2023


Writing checkpoint, step 76386410 at Tue Oct  3 08:48:36 2023


DD  step 76399999 load imb.: force  5.5%

           Step           Time
       76400000   1910000.00000

   Energies (kJ/mol)
           Bond       G96Angle        LJ (SR)   Coulomb (SR)      Potential
    2.63127e+05    4.97677e+04   -5.68712e+06   -2.58942e+04   -5.40012e+06
    Kinetic En.   Total Energy    Temperature Pressure (bar)
    9.29934e+05   -4.47018e+06    3.11881e+02    4.64024e+00

Writing checkpoint, step 76592200 at Tue Oct  3 09:03:36 2023


Writing checkpoint, step 76797550 at Tue Oct  3 09:18:36 2023


DD  step 76799999 load imb.: force  7.0%

           Step           Time
       76800000   1920000.00000

   Energies (kJ/mol)
           Bond       G96Angle        LJ (SR)   Coulomb (SR)      Potential
    2.62527e+05    4.97545e+04   -5.68535e+06   -2.61905e+04   -5.39926e+06
    Kinetic En.   Total Energy    Temperature Pressure (bar)
    9.33426e+05   -4.46583e+06    3.13052e+02    1.27849e+01

Writing checkpoint, step 77003210 at Tue Oct  3 09:33:36 2023


DD  step 77199999 load imb.: force  5.3%

           Step           Time
       77200000   1930000.00000

   Energies (kJ/mol)
           Bond       G96Angle        LJ (SR)   Coulomb (SR)      Potential
    2.62037e+05    4.95174e+04   -5.68479e+06   -2.60405e+04   -5.39928e+06
    Kinetic En.   Total Energy    Temperature Pressure (bar)
    9.30167e+05   -4.46911e+06    3.11959e+02    4.76172e+00

Writing checkpoint, step 77209130 at Tue Oct  3 09:48:36 2023


Writing checkpoint, step 77415600 at Tue Oct  3 10:03:36 2023


DD  step 77599999 load imb.: force  5.5%

           Step           Time
       77600000   1940000.00000

   Energies (kJ/mol)
           Bond       G96Angle        LJ (SR)   Coulomb (SR)      Potential
    2.62079e+05    4.92399e+04   -5.68719e+06   -2.62704e+04   -5.40214e+06
    Kinetic En.   Total Energy    Temperature Pressure (bar)
    9.30635e+05   -4.47151e+06    3.12116e+02   -3.78860e+00

Writing checkpoint, step 77621640 at Tue Oct  3 10:18:36 2023


Writing checkpoint, step 77827370 at Tue Oct  3 10:33:36 2023


DD  step 77999999 load imb.: force  6.5%

           Step           Time
       78000000   1950000.00000

   Energies (kJ/mol)
           Bond       G96Angle        LJ (SR)   Coulomb (SR)      Potential
    2.61638e+05    4.96974e+04   -5.69035e+06   -2.58477e+04   -5.40487e+06
    Kinetic En.   Total Energy    Temperature Pressure (bar)
    9.31699e+05   -4.47317e+06    3.12473e+02   -2.16473e+00

Writing checkpoint, step 78032320 at Tue Oct  3 10:48:36 2023


Writing checkpoint, step 78237840 at Tue Oct  3 11:03:36 2023


DD  step 78399999 load imb.: force  6.8%

           Step           Time
       78400000   1960000.00000

   Energies (kJ/mol)
           Bond       G96Angle        LJ (SR)   Coulomb (SR)      Potential
    2.61309e+05    4.95265e+04   -5.68360e+06   -2.56075e+04   -5.39838e+06
    Kinetic En.   Total Energy    Temperature Pressure (bar)
    9.33591e+05   -4.46479e+06    3.13107e+02   -9.91809e-01

Writing checkpoint, step 78443670 at Tue Oct  3 11:18:36 2023


Writing checkpoint, step 78649980 at Tue Oct  3 11:33:36 2023


DD  step 78799999 load imb.: force  5.4%

           Step           Time
       78800000   1970000.00000

   Energies (kJ/mol)
           Bond       G96Angle        LJ (SR)   Coulomb (SR)      Potential
    2.62544e+05    4.90065e+04   -5.69004e+06   -2.57733e+04   -5.40426e+06
    Kinetic En.   Total Energy    Temperature Pressure (bar)
    9.31211e+05   -4.47305e+06    3.12309e+02   -5.85747e+00

Writing checkpoint, step 78856140 at Tue Oct  3 11:48:36 2023


Writing checkpoint, step 79062170 at Tue Oct  3 12:03:36 2023


DD  step 79199999 load imb.: force  4.9%

           Step           Time
       79200000   1980000.00000

   Energies (kJ/mol)
           Bond       G96Angle        LJ (SR)   Coulomb (SR)      Potential
    2.61446e+05    4.97528e+04   -5.68798e+06   -2.63143e+04   -5.40310e+06
    Kinetic En.   Total Energy    Temperature Pressure (bar)
    9.27204e+05   -4.47589e+06    3.10965e+02    4.66596e+00

Writing checkpoint, step 79268180 at Tue Oct  3 12:18:36 2023


Writing checkpoint, step 79473210 at Tue Oct  3 12:33:36 2023


DD  step 79599999 load imb.: force  6.8%

           Step           Time
       79600000   1990000.00000

   Energies (kJ/mol)
           Bond       G96Angle        LJ (SR)   Coulomb (SR)      Potential
    2.61508e+05    4.96735e+04   -5.68427e+06   -2.65162e+04   -5.39961e+06
    Kinetic En.   Total Energy    Temperature Pressure (bar)
    9.31275e+05   -4.46833e+06    3.12331e+02    1.25913e+01

Writing checkpoint, step 79679340 at Tue Oct  3 12:48:36 2023


Writing checkpoint, step 79885210 at Tue Oct  3 13:03:36 2023


DD  step 79999999 load imb.: force  6.3%

           Step           Time
       80000000   2000000.00000

   Energies (kJ/mol)
           Bond       G96Angle        LJ (SR)   Coulomb (SR)      Potential
    2.61753e+05    4.89449e+04   -5.68992e+06   -2.63047e+04   -5.40553e+06
    Kinetic En.   Total Energy    Temperature Pressure (bar)
    9.31932e+05   -4.47360e+06    3.12551e+02    6.67531e+00

Writing checkpoint, step 80091150 at Tue Oct  3 13:18:36 2023


Writing checkpoint, step 80297040 at Tue Oct  3 13:33:36 2023


DD  step 80399999 load imb.: force  6.4%

           Step           Time
       80400000   2010000.00000

   Energies (kJ/mol)
           Bond       G96Angle        LJ (SR)   Coulomb (SR)      Potential
    2.61011e+05    4.97364e+04   -5.68980e+06   -2.59137e+04   -5.40497e+06
    Kinetic En.   Total Energy    Temperature Pressure (bar)
    9.30186e+05   -4.47478e+06    3.11966e+02    2.94804e-01

Writing checkpoint, step 80502910 at Tue Oct  3 13:48:36 2023


Writing checkpoint, step 80708420 at Tue Oct  3 14:03:36 2023


DD  step 80799999 load imb.: force  5.9%

           Step           Time
       80800000   2020000.00000

   Energies (kJ/mol)
           Bond       G96Angle        LJ (SR)   Coulomb (SR)      Potential
    2.61188e+05    4.89910e+04   -5.69032e+06   -2.61059e+04   -5.40625e+06
    Kinetic En.   Total Energy    Temperature Pressure (bar)
    9.28366e+05   -4.47788e+06    3.11355e+02   -2.36579e+00

Writing checkpoint, step 80913790 at Tue Oct  3 14:18:36 2023


Writing checkpoint, step 81119050 at Tue Oct  3 14:33:36 2023


DD  step 81199999 load imb.: force  7.3%

           Step           Time
       81200000   2030000.00000

   Energies (kJ/mol)
           Bond       G96Angle        LJ (SR)   Coulomb (SR)      Potential
    2.60963e+05    4.93061e+04   -5.68532e+06   -2.60200e+04   -5.40107e+06
    Kinetic En.   Total Energy    Temperature Pressure (bar)
    9.28654e+05   -4.47242e+06    3.11452e+02    5.22053e+00

Writing checkpoint, step 81322800 at Tue Oct  3 14:48:36 2023


Writing checkpoint, step 81525330 at Tue Oct  3 15:03:36 2023


DD  step 81599999 load imb.: force  7.4%

           Step           Time
       81600000   2040000.00000

   Energies (kJ/mol)
           Bond       G96Angle        LJ (SR)   Coulomb (SR)      Potential
    2.62125e+05    4.97750e+04   -5.68458e+06   -2.61847e+04   -5.39886e+06
    Kinetic En.   Total Energy    Temperature Pressure (bar)
    9.31892e+05   -4.46697e+06    3.12538e+02    7.71786e-01

Writing checkpoint, step 81728470 at Tue Oct  3 15:18:36 2023


Writing checkpoint, step 81931590 at Tue Oct  3 15:33:36 2023


DD  step 81999999 load imb.: force  6.8%

           Step           Time
       82000000   2050000.00000

   Energies (kJ/mol)
           Bond       G96Angle        LJ (SR)   Coulomb (SR)      Potential
    2.61774e+05    4.94355e+04   -5.68649e+06   -2.59886e+04   -5.40127e+06
    Kinetic En.   Total Energy    Temperature Pressure (bar)
    9.34630e+05   -4.46664e+06    3.13456e+02    1.00317e+00

Writing checkpoint, step 82134640 at Tue Oct  3 15:48:36 2023


Writing checkpoint, step 82337390 at Tue Oct  3 16:03:36 2023


DD  step 82399999 load imb.: force  8.6%

           Step           Time
       82400000   2060000.00000

   Energies (kJ/mol)
           Bond       G96Angle        LJ (SR)   Coulomb (SR)      Potential
    2.62472e+05    5.01539e+04   -5.68829e+06   -2.63621e+04   -5.40203e+06
    Kinetic En.   Total Energy    Temperature Pressure (bar)
    9.28078e+05   -4.47395e+06    3.11258e+02   -1.14305e+00

Writing checkpoint, step 82540590 at Tue Oct  3 16:18:36 2023


Writing checkpoint, step 82743360 at Tue Oct  3 16:33:36 2023


DD  step 82799999 load imb.: force  8.6%

           Step           Time
       82800000   2070000.00000

   Energies (kJ/mol)
           Bond       G96Angle        LJ (SR)   Coulomb (SR)      Potential
    2.60754e+05    4.98557e+04   -5.69108e+06   -2.63099e+04   -5.40678e+06
    Kinetic En.   Total Energy    Temperature Pressure (bar)
    9.26821e+05   -4.47996e+06    3.10837e+02   -4.49204e+00

Writing checkpoint, step 82944380 at Tue Oct  3 16:48:36 2023


Writing checkpoint, step 83145270 at Tue Oct  3 17:03:36 2023


DD  step 83199999 load imb.: force  7.5%

           Step           Time
       83200000   2080000.00000

   Energies (kJ/mol)
           Bond       G96Angle        LJ (SR)   Coulomb (SR)      Potential
    2.62011e+05    4.97221e+04   -5.68590e+06   -2.60253e+04   -5.40019e+06
    Kinetic En.   Total Energy    Temperature Pressure (bar)
    9.33008e+05   -4.46718e+06    3.12912e+02    1.72771e+00

Writing checkpoint, step 83346900 at Tue Oct  3 17:18:36 2023


Writing checkpoint, step 83548570 at Tue Oct  3 17:33:36 2023


DD  step 83599999 load imb.: force  8.7%

           Step           Time
       83600000   2090000.00000

   Energies (kJ/mol)
           Bond       G96Angle        LJ (SR)   Coulomb (SR)      Potential
    2.62039e+05    4.94221e+04   -5.68860e+06   -2.61823e+04   -5.40332e+06
    Kinetic En.   Total Energy    Temperature Pressure (bar)
    9.32678e+05   -4.47064e+06    3.12801e+02    1.02699e+00

Writing checkpoint, step 83749190 at Tue Oct  3 17:48:36 2023


Writing checkpoint, step 83949170 at Tue Oct  3 18:03:36 2023


DD  step 83999999 load imb.: force  9.1%

           Step           Time
       84000000   2100000.00000

   Energies (kJ/mol)
           Bond       G96Angle        LJ (SR)   Coulomb (SR)      Potential
    2.61297e+05    4.99327e+04   -5.68684e+06   -2.56861e+04   -5.40130e+06
    Kinetic En.   Total Energy    Temperature Pressure (bar)
    9.31092e+05   -4.47020e+06    3.12269e+02    1.29326e+01

Writing checkpoint, step 84150130 at Tue Oct  3 18:18:36 2023


Writing checkpoint, step 84352370 at Tue Oct  3 18:33:36 2023


DD  step 84399999 load imb.: force  8.9%

           Step           Time
       84400000   2110000.00000

   Energies (kJ/mol)
           Bond       G96Angle        LJ (SR)   Coulomb (SR)      Potential
    2.61702e+05    4.95514e+04   -5.68843e+06   -2.60359e+04   -5.40321e+06
    Kinetic En.   Total Energy    Temperature Pressure (bar)
    9.31369e+05   -4.47184e+06    3.12362e+02    6.02746e+00

Writing checkpoint, step 84553110 at Tue Oct  3 18:48:36 2023


Writing checkpoint, step 84753680 at Tue Oct  3 19:03:36 2023


DD  step 84799999 load imb.: force  9.5%

           Step           Time
       84800000   2120000.00000

   Energies (kJ/mol)
           Bond       G96Angle        LJ (SR)   Coulomb (SR)      Potential
    2.61520e+05    4.92718e+04   -5.69229e+06   -2.60598e+04   -5.40756e+06
    Kinetic En.   Total Energy    Temperature Pressure (bar)
    9.31041e+05   -4.47651e+06    3.12252e+02   -8.40521e+00

Writing checkpoint, step 84955000 at Tue Oct  3 19:18:36 2023


Writing checkpoint, step 85157710 at Tue Oct  3 19:33:36 2023


DD  step 85199999 load imb.: force  7.3%

           Step           Time
       85200000   2130000.00000

   Energies (kJ/mol)
           Bond       G96Angle        LJ (SR)   Coulomb (SR)      Potential
    2.61123e+05    4.98961e+04   -5.68435e+06   -2.62754e+04   -5.39961e+06
    Kinetic En.   Total Energy    Temperature Pressure (bar)
    9.32673e+05   -4.46694e+06    3.12800e+02    1.09412e+01

Writing checkpoint, step 85361740 at Tue Oct  3 19:48:36 2023


Writing checkpoint, step 85566450 at Tue Oct  3 20:03:36 2023


DD  step 85599999 load imb.: force  7.6%

           Step           Time
       85600000   2140000.00000

   Energies (kJ/mol)
           Bond       G96Angle        LJ (SR)   Coulomb (SR)      Potential
    2.60737e+05    4.95911e+04   -5.68673e+06   -2.58496e+04   -5.40225e+06
    Kinetic En.   Total Energy    Temperature Pressure (bar)
    9.31088e+05   -4.47117e+06    3.12268e+02    4.85304e+00

Writing checkpoint, step 85771730 at Tue Oct  3 20:18:36 2023


Writing checkpoint, step 85977170 at Tue Oct  3 20:33:36 2023


DD  step 85999999 load imb.: force  8.4%

           Step           Time
       86000000   2150000.00000

   Energies (kJ/mol)
           Bond       G96Angle        LJ (SR)   Coulomb (SR)      Potential
    2.61524e+05    4.92290e+04   -5.68749e+06   -2.60080e+04   -5.40274e+06
    Kinetic En.   Total Energy    Temperature Pressure (bar)
    9.29825e+05   -4.47292e+06    3.11845e+02    1.64717e+00

Writing checkpoint, step 86182060 at Tue Oct  3 20:48:36 2023


Writing checkpoint, step 86383770 at Tue Oct  3 21:03:36 2023


DD  step 86399999 load imb.: force  9.6%

           Step           Time
       86400000   2160000.00000

   Energies (kJ/mol)
           Bond       G96Angle        LJ (SR)   Coulomb (SR)      Potential
    2.60418e+05    5.01587e+04   -5.68806e+06   -2.59665e+04   -5.40344e+06
    Kinetic En.   Total Energy    Temperature Pressure (bar)
    9.30265e+05   -4.47318e+06    3.11992e+02   -1.91840e+00

Writing checkpoint, step 86584710 at Tue Oct  3 21:18:36 2023


Writing checkpoint, step 86784760 at Tue Oct  3 21:33:36 2023


DD  step 86799999 load imb.: force  9.8%

           Step           Time
       86800000   2170000.00000

   Energies (kJ/mol)
           Bond       G96Angle        LJ (SR)   Coulomb (SR)      Potential
    2.60794e+05    4.94568e+04   -5.68713e+06   -2.61478e+04   -5.40303e+06
    Kinetic En.   Total Energy    Temperature Pressure (bar)
    9.31400e+05   -4.47163e+06    3.12373e+02   -4.21003e+00

Writing checkpoint, step 86984630 at Tue Oct  3 21:48:36 2023


Writing checkpoint, step 87184630 at Tue Oct  3 22:03:36 2023


DD  step 87199999 load imb.: force  8.6%

           Step           Time
       87200000   2180000.00000

   Energies (kJ/mol)
           Bond       G96Angle        LJ (SR)   Coulomb (SR)      Potential
    2.61088e+05    4.97465e+04   -5.69243e+06   -2.59615e+04   -5.40756e+06
    Kinetic En.   Total Energy    Temperature Pressure (bar)
    9.30276e+05   -4.47728e+06    3.11996e+02   -1.10135e+00

Writing checkpoint, step 87385620 at Tue Oct  3 22:18:36 2023


Writing checkpoint, step 87587340 at Tue Oct  3 22:33:36 2023


DD  step 87599999 load imb.: force  8.3%

           Step           Time
       87600000   2190000.00000

   Energies (kJ/mol)
           Bond       G96Angle        LJ (SR)   Coulomb (SR)      Potential
    2.60297e+05    4.99467e+04   -5.69134e+06   -2.60808e+04   -5.40718e+06
    Kinetic En.   Total Energy    Temperature Pressure (bar)
    9.27617e+05   -4.47956e+06    3.11104e+02   -2.58796e-01

Writing checkpoint, step 87790370 at Tue Oct  3 22:48:36 2023


Writing checkpoint, step 87993120 at Tue Oct  3 23:03:36 2023


DD  step 87999999 load imb.: force 11.0%

           Step           Time
       88000000   2200000.00000

   Energies (kJ/mol)
           Bond       G96Angle        LJ (SR)   Coulomb (SR)      Potential
    2.60054e+05    4.96223e+04   -5.68809e+06   -2.59356e+04   -5.40435e+06
    Kinetic En.   Total Energy    Temperature Pressure (bar)
    9.28068e+05   -4.47628e+06    3.11255e+02   -1.00700e+01

Writing checkpoint, step 88193510 at Tue Oct  3 23:18:36 2023


Writing checkpoint, step 88392370 at Tue Oct  3 23:33:36 2023


DD  step 88399999 load imb.: force  9.3%

           Step           Time
       88400000   2210000.00000

   Energies (kJ/mol)
           Bond       G96Angle        LJ (SR)   Coulomb (SR)      Potential
    2.61862e+05    4.97914e+04   -5.68725e+06   -2.64599e+04   -5.40206e+06
    Kinetic En.   Total Energy    Temperature Pressure (bar)
    9.28647e+05   -4.47341e+06    3.11449e+02   -2.68450e+00

Writing checkpoint, step 88592350 at Tue Oct  3 23:48:36 2023


Writing checkpoint, step 88792610 at Wed Oct  4 00:03:36 2023


DD  step 88799999 load imb.: force 11.3%

           Step           Time
       88800000   2220000.00000

   Energies (kJ/mol)
           Bond       G96Angle        LJ (SR)   Coulomb (SR)      Potential
    2.62211e+05    4.92879e+04   -5.68565e+06   -2.59332e+04   -5.40008e+06
    Kinetic En.   Total Energy    Temperature Pressure (bar)
    9.32013e+05   -4.46807e+06    3.12578e+02    8.58701e+00

Writing checkpoint, step 88993190 at Wed Oct  4 00:18:36 2023


Writing checkpoint, step 89194210 at Wed Oct  4 00:33:36 2023


DD  step 89199999 load imb.: force  9.8%

           Step           Time
       89200000   2230000.00000

   Energies (kJ/mol)
           Bond       G96Angle        LJ (SR)   Coulomb (SR)      Potential
    2.60521e+05    5.01842e+04   -5.68846e+06   -2.56918e+04   -5.40345e+06
    Kinetic En.   Total Energy    Temperature Pressure (bar)
    9.31783e+05   -4.47166e+06    3.12501e+02   -5.31036e+00

Writing checkpoint, step 89394670 at Wed Oct  4 00:48:36 2023


Writing checkpoint, step 89595490 at Wed Oct  4 01:03:36 2023


DD  step 89599999 load imb.: force  7.5%

           Step           Time
       89600000   2240000.00000

   Energies (kJ/mol)
           Bond       G96Angle        LJ (SR)   Coulomb (SR)      Potential
    2.62248e+05    4.93693e+04   -5.68781e+06   -2.60040e+04   -5.40219e+06
    Kinetic En.   Total Energy    Temperature Pressure (bar)
    9.36458e+05   -4.46573e+06    3.14069e+02   -3.31773e+00

Writing checkpoint, step 89798570 at Wed Oct  4 01:18:36 2023


DD  step 89999999 load imb.: force  8.6%

           Step           Time
       90000000   2250000.00000

   Energies (kJ/mol)
           Bond       G96Angle        LJ (SR)   Coulomb (SR)      Potential
    2.62864e+05    4.88183e+04   -5.69018e+06   -2.66070e+04   -5.40511e+06
    Kinetic En.   Total Energy    Temperature Pressure (bar)
    9.31965e+05   -4.47314e+06    3.12562e+02   -1.08485e+01

Writing checkpoint, step 90002500 at Wed Oct  4 01:33:36 2023


Writing checkpoint, step 90205650 at Wed Oct  4 01:48:36 2023


DD  step 90399999 load imb.: force  6.9%

           Step           Time
       90400000   2260000.00000

   Energies (kJ/mol)
           Bond       G96Angle        LJ (SR)   Coulomb (SR)      Potential
    2.62093e+05    4.92982e+04   -5.68511e+06   -2.59289e+04   -5.39964e+06
    Kinetic En.   Total Energy    Temperature Pressure (bar)
    9.33280e+05   -4.46636e+06    3.13003e+02    6.10595e+00

Writing checkpoint, step 90409350 at Wed Oct  4 02:03:36 2023


Writing checkpoint, step 90612490 at Wed Oct  4 02:18:36 2023


DD  step 90799999 load imb.: force  8.6%

           Step           Time
       90800000   2270000.00000

   Energies (kJ/mol)
           Bond       G96Angle        LJ (SR)   Coulomb (SR)      Potential
    2.61795e+05    4.96323e+04   -5.68425e+06   -2.61829e+04   -5.39901e+06
    Kinetic En.   Total Energy    Temperature Pressure (bar)
    9.32576e+05   -4.46643e+06    3.12767e+02    6.85314e+00

Writing checkpoint, step 90814030 at Wed Oct  4 02:33:36 2023


Writing checkpoint, step 91018200 at Wed Oct  4 02:48:36 2023


DD  step 91199999 load imb.: force  7.0%

           Step           Time
       91200000   2280000.00000

   Energies (kJ/mol)
           Bond       G96Angle        LJ (SR)   Coulomb (SR)      Potential
    2.61756e+05    4.97518e+04   -5.68489e+06   -2.62018e+04   -5.39959e+06
    Kinetic En.   Total Energy    Temperature Pressure (bar)
    9.33747e+05   -4.46584e+06    3.13160e+02    4.72485e+00

Writing checkpoint, step 91223280 at Wed Oct  4 03:03:36 2023


Writing checkpoint, step 91427660 at Wed Oct  4 03:18:36 2023


DD  step 91599999 load imb.: force  7.5%

           Step           Time
       91600000   2290000.00000

   Energies (kJ/mol)
           Bond       G96Angle        LJ (SR)   Coulomb (SR)      Potential
    2.59498e+05    4.97861e+04   -5.69035e+06   -2.64061e+04   -5.40747e+06
    Kinetic En.   Total Energy    Temperature Pressure (bar)
    9.28002e+05   -4.47947e+06    3.11233e+02    5.90254e-01

Writing checkpoint, step 91631200 at Wed Oct  4 03:33:36 2023


Writing checkpoint, step 91834570 at Wed Oct  4 03:48:36 2023


DD  step 91999999 load imb.: force  8.1%

           Step           Time
       92000000   2300000.00000

   Energies (kJ/mol)
           Bond       G96Angle        LJ (SR)   Coulomb (SR)      Potential
    2.61398e+05    4.95936e+04   -5.68879e+06   -2.63941e+04   -5.40419e+06
    Kinetic En.   Total Energy    Temperature Pressure (bar)
    9.32069e+05   -4.47212e+06    3.12597e+02   -6.29061e+00

Writing checkpoint, step 92037610 at Wed Oct  4 04:03:36 2023


Writing checkpoint, step 92240150 at Wed Oct  4 04:18:36 2023


DD  step 92399999 load imb.: force 10.3%

           Step           Time
       92400000   2310000.00000

   Energies (kJ/mol)
           Bond       G96Angle        LJ (SR)   Coulomb (SR)      Potential
    2.61203e+05    4.98907e+04   -5.68937e+06   -2.61488e+04   -5.40442e+06
    Kinetic En.   Total Energy    Temperature Pressure (bar)
    9.32385e+05   -4.47204e+06    3.12703e+02    7.36526e+00

Writing checkpoint, step 92442190 at Wed Oct  4 04:33:36 2023


Writing checkpoint, step 92644080 at Wed Oct  4 04:48:36 2023


DD  step 92799999 load imb.: force  9.0%

           Step           Time
       92800000   2320000.00000

   Energies (kJ/mol)
           Bond       G96Angle        LJ (SR)   Coulomb (SR)      Potential
    2.61697e+05    4.97224e+04   -5.68949e+06   -2.60750e+04   -5.40415e+06
    Kinetic En.   Total Energy    Temperature Pressure (bar)
    9.35336e+05   -4.46881e+06    3.13693e+02   -5.87997e+00

Writing checkpoint, step 92844050 at Wed Oct  4 05:03:36 2023


Writing checkpoint, step 93044070 at Wed Oct  4 05:18:36 2023


DD  step 93199999 load imb.: force 10.7%

           Step           Time
       93200000   2330000.00000

   Energies (kJ/mol)
           Bond       G96Angle        LJ (SR)   Coulomb (SR)      Potential
    2.62310e+05    5.00636e+04   -5.68190e+06   -2.62901e+04   -5.39582e+06
    Kinetic En.   Total Energy    Temperature Pressure (bar)
    9.34828e+05   -4.46099e+06    3.13522e+02    7.03268e+00

Writing checkpoint, step 93243320 at Wed Oct  4 05:33:36 2023


Writing checkpoint, step 93442420 at Wed Oct  4 05:48:36 2023


DD  step 93599999 load imb.: force 11.7%

           Step           Time
       93600000   2340000.00000

   Energies (kJ/mol)
           Bond       G96Angle        LJ (SR)   Coulomb (SR)      Potential
    2.61602e+05    4.95410e+04   -5.68701e+06   -2.63220e+04   -5.40219e+06
    Kinetic En.   Total Energy    Temperature Pressure (bar)
    9.30946e+05   -4.47124e+06    3.12220e+02    4.58245e+00

Writing checkpoint, step 93641890 at Wed Oct  4 06:03:36 2023


Writing checkpoint, step 93841620 at Wed Oct  4 06:18:36 2023


DD  step 93999999 load imb.: force  9.6%

           Step           Time
       94000000   2350000.00000

   Energies (kJ/mol)
           Bond       G96Angle        LJ (SR)   Coulomb (SR)      Potential
    2.61257e+05    4.96805e+04   -5.69132e+06   -2.57629e+04   -5.40615e+06
    Kinetic En.   Total Energy    Temperature Pressure (bar)
    9.31700e+05   -4.47445e+06    3.12473e+02   -9.42991e-01

Writing checkpoint, step 94041660 at Wed Oct  4 06:33:36 2023


Writing checkpoint, step 94241450 at Wed Oct  4 06:48:36 2023


DD  step 94399999 load imb.: force  9.8%

           Step           Time
       94400000   2360000.00000

   Energies (kJ/mol)
           Bond       G96Angle        LJ (SR)   Coulomb (SR)      Potential
    2.62019e+05    4.94200e+04   -5.68869e+06   -2.61776e+04   -5.40343e+06
    Kinetic En.   Total Energy    Temperature Pressure (bar)
    9.31063e+05   -4.47237e+06    3.12260e+02    4.28322e+00

Writing checkpoint, step 94441920 at Wed Oct  4 07:03:36 2023


Writing checkpoint, step 94644330 at Wed Oct  4 07:18:36 2023


DD  step 94799999 load imb.: force  8.2%

           Step           Time
       94800000   2370000.00000

   Energies (kJ/mol)
           Bond       G96Angle        LJ (SR)   Coulomb (SR)      Potential
    2.60951e+05    4.90321e+04   -5.68805e+06   -2.58805e+04   -5.40395e+06
    Kinetic En.   Total Energy    Temperature Pressure (bar)
    9.30530e+05   -4.47342e+06    3.12081e+02    6.71757e+00

Writing checkpoint, step 94846480 at Wed Oct  4 07:33:36 2023


Writing checkpoint, step 95047290 at Wed Oct  4 07:48:36 2023


DD  step 95199999 load imb.: force 11.6%

           Step           Time
       95200000   2380000.00000

   Energies (kJ/mol)
           Bond       G96Angle        LJ (SR)   Coulomb (SR)      Potential
    2.60777e+05    4.95369e+04   -5.68626e+06   -2.62030e+04   -5.40215e+06
    Kinetic En.   Total Energy    Temperature Pressure (bar)
    9.31310e+05   -4.47084e+06    3.12342e+02    8.60375e+00

Writing checkpoint, step 95248110 at Wed Oct  4 08:03:36 2023


Writing checkpoint, step 95449460 at Wed Oct  4 08:18:36 2023


DD  step 95599999 load imb.: force  8.5%

           Step           Time
       95600000   2390000.00000

   Energies (kJ/mol)
           Bond       G96Angle        LJ (SR)   Coulomb (SR)      Potential
    2.61918e+05    4.93711e+04   -5.68856e+06   -2.65507e+04   -5.40382e+06
    Kinetic En.   Total Energy    Temperature Pressure (bar)
    9.32484e+05   -4.47134e+06    3.12736e+02   -6.43071e+00

Writing checkpoint, step 95652510 at Wed Oct  4 08:33:36 2023


Writing checkpoint, step 95855380 at Wed Oct  4 08:48:36 2023


DD  step 95999999 load imb.: force  8.1%

           Step           Time
       96000000   2400000.00000

   Energies (kJ/mol)
           Bond       G96Angle        LJ (SR)   Coulomb (SR)      Potential
    2.61098e+05    5.00095e+04   -5.68714e+06   -2.61916e+04   -5.40222e+06
    Kinetic En.   Total Energy    Temperature Pressure (bar)
    9.32430e+05   -4.46979e+06    3.12718e+02    5.01368e+00

Writing checkpoint, step 96058300 at Wed Oct  4 09:03:36 2023


Writing checkpoint, step 96261110 at Wed Oct  4 09:18:36 2023


DD  step 96399999 load imb.: force 11.2%

           Step           Time
       96400000   2410000.00000

   Energies (kJ/mol)
           Bond       G96Angle        LJ (SR)   Coulomb (SR)      Potential
    2.61821e+05    4.95162e+04   -5.68842e+06   -2.64101e+04   -5.40349e+06
    Kinetic En.   Total Energy    Temperature Pressure (bar)
    9.35223e+05   -4.46827e+06    3.13655e+02    4.65186e+00

Writing checkpoint, step 96461780 at Wed Oct  4 09:33:36 2023


Writing checkpoint, step 96662750 at Wed Oct  4 09:48:36 2023


DD  step 96799999 load imb.: force  9.5%

           Step           Time
       96800000   2420000.00000

   Energies (kJ/mol)
           Bond       G96Angle        LJ (SR)   Coulomb (SR)      Potential
    2.61677e+05    5.03257e+04   -5.68350e+06   -2.55343e+04   -5.39704e+06
    Kinetic En.   Total Energy    Temperature Pressure (bar)
    9.34695e+05   -4.46234e+06    3.13478e+02    1.15964e+01

Writing checkpoint, step 96864340 at Wed Oct  4 10:03:36 2023


Writing checkpoint, step 97066740 at Wed Oct  4 10:18:36 2023


DD  step 97199999 load imb.: force  7.6%

           Step           Time
       97200000   2430000.00000

   Energies (kJ/mol)
           Bond       G96Angle        LJ (SR)   Coulomb (SR)      Potential
    2.61988e+05    4.99128e+04   -5.69087e+06   -2.59183e+04   -5.40489e+06
    Kinetic En.   Total Energy    Temperature Pressure (bar)
    9.31256e+05   -4.47363e+06    3.12324e+02   -6.72946e+00

Writing checkpoint, step 97269810 at Wed Oct  4 10:33:36 2023


Writing checkpoint, step 97472210 at Wed Oct  4 10:48:36 2023


DD  step 97599999 load imb.: force  8.2%

           Step           Time
       97600000   2440000.00000

   Energies (kJ/mol)
           Bond       G96Angle        LJ (SR)   Coulomb (SR)      Potential
    2.61010e+05    4.91552e+04   -5.68848e+06   -2.53239e+04   -5.40364e+06
    Kinetic En.   Total Energy    Temperature Pressure (bar)
    9.31732e+05   -4.47191e+06    3.12484e+02   -5.91550e+00

Writing checkpoint, step 97676170 at Wed Oct  4 11:03:36 2023


Writing checkpoint, step 97880160 at Wed Oct  4 11:18:36 2023


DD  step 97999999 load imb.: force  8.4%

           Step           Time
       98000000   2450000.00000

   Energies (kJ/mol)
           Bond       G96Angle        LJ (SR)   Coulomb (SR)      Potential
    2.62583e+05    4.87696e+04   -5.68805e+06   -2.61459e+04   -5.40285e+06
    Kinetic En.   Total Energy    Temperature Pressure (bar)
    9.31758e+05   -4.47109e+06    3.12493e+02   -1.28799e+00

Writing checkpoint, step 98083950 at Wed Oct  4 11:33:36 2023


Writing checkpoint, step 98288240 at Wed Oct  4 11:48:36 2023


DD  step 98399999 load imb.: force  8.4%

           Step           Time
       98400000   2460000.00000

   Energies (kJ/mol)
           Bond       G96Angle        LJ (SR)   Coulomb (SR)      Potential
    2.61251e+05    5.00702e+04   -5.68611e+06   -2.63613e+04   -5.40115e+06
    Kinetic En.   Total Energy    Temperature Pressure (bar)
    9.34311e+05   -4.46684e+06    3.13349e+02    1.95868e+00

Writing checkpoint, step 98492530 at Wed Oct  4 12:03:36 2023


Writing checkpoint, step 98694870 at Wed Oct  4 12:18:36 2023


DD  step 98799999 load imb.: force  7.9%

           Step           Time
       98800000   2470000.00000

   Energies (kJ/mol)
           Bond       G96Angle        LJ (SR)   Coulomb (SR)      Potential
    2.61340e+05    4.97256e+04   -5.68985e+06   -2.65301e+04   -5.40532e+06
    Kinetic En.   Total Energy    Temperature Pressure (bar)
    9.34420e+05   -4.47090e+06    3.13385e+02    3.66260e+00

Writing checkpoint, step 98896940 at Wed Oct  4 12:33:36 2023


Writing checkpoint, step 99100050 at Wed Oct  4 12:48:36 2023


DD  step 99199999 load imb.: force  7.4%

           Step           Time
       99200000   2480000.00000

   Energies (kJ/mol)
           Bond       G96Angle        LJ (SR)   Coulomb (SR)      Potential
    2.61682e+05    4.95154e+04   -5.68747e+06   -2.59626e+04   -5.40224e+06
    Kinetic En.   Total Energy    Temperature Pressure (bar)
    9.29682e+05   -4.47256e+06    3.11797e+02    6.70192e+00

Writing checkpoint, step 99303410 at Wed Oct  4 13:03:36 2023


Writing checkpoint, step 99507290 at Wed Oct  4 13:18:36 2023


DD  step 99599999 load imb.: force  9.0%

           Step           Time
       99600000   2490000.00000

   Energies (kJ/mol)
           Bond       G96Angle        LJ (SR)   Coulomb (SR)      Potential
    2.60613e+05    4.91607e+04   -5.68758e+06   -2.64439e+04   -5.40425e+06
    Kinetic En.   Total Energy    Temperature Pressure (bar)
    9.29705e+05   -4.47454e+06    3.11804e+02   -4.92729e+00

Writing checkpoint, step 99710960 at Wed Oct  4 13:33:36 2023


Writing checkpoint, step 99914030 at Wed Oct  4 13:48:36 2023


DD  step 99999999 load imb.: force  9.3%

           Step           Time
      100000000   2500000.00000

   Energies (kJ/mol)
           Bond       G96Angle        LJ (SR)   Coulomb (SR)      Potential
    2.61564e+05    4.97645e+04   -5.69053e+06   -2.60933e+04   -5.40529e+06
    Kinetic En.   Total Energy    Temperature Pressure (bar)
    9.32503e+05   -4.47279e+06    3.12743e+02    5.24617e+00

Writing checkpoint, step 100117470 at Wed Oct  4 14:03:36 2023


Writing checkpoint, step 100321470 at Wed Oct  4 14:18:36 2023


DD  step 100399999 load imb.: force  6.4%

           Step           Time
      100400000   2510000.00000

   Energies (kJ/mol)
           Bond       G96Angle        LJ (SR)   Coulomb (SR)      Potential
    2.62084e+05    4.97781e+04   -5.69108e+06   -2.61697e+04   -5.40539e+06
    Kinetic En.   Total Energy    Temperature Pressure (bar)
    9.29996e+05   -4.47540e+06    3.11902e+02   -3.54117e+00

Writing checkpoint, step 100524630 at Wed Oct  4 14:33:36 2023


Writing checkpoint, step 100727390 at Wed Oct  4 14:48:36 2023


DD  step 100799999 load imb.: force  6.9%

           Step           Time
      100800000   2520000.00000

   Energies (kJ/mol)
           Bond       G96Angle        LJ (SR)   Coulomb (SR)      Potential
    2.61524e+05    4.93921e+04   -5.69132e+06   -2.64945e+04   -5.40690e+06
    Kinetic En.   Total Energy    Temperature Pressure (bar)
    9.27703e+05   -4.47920e+06    3.11133e+02   -1.78032e+01

Writing checkpoint, step 100931380 at Wed Oct  4 15:03:36 2023


Writing checkpoint, step 101135950 at Wed Oct  4 15:18:36 2023


DD  step 101199999 load imb.: force  6.4%

           Step           Time
      101200000   2530000.00000

   Energies (kJ/mol)
           Bond       G96Angle        LJ (SR)   Coulomb (SR)      Potential
    2.62540e+05    4.93958e+04   -5.68909e+06   -2.57395e+04   -5.40289e+06
    Kinetic En.   Total Energy    Temperature Pressure (bar)
    9.27640e+05   -4.47525e+06    3.11112e+02    5.04755e+00

Writing checkpoint, step 101338950 at Wed Oct  4 15:33:36 2023


Writing checkpoint, step 101542720 at Wed Oct  4 15:48:36 2023


DD  step 101599999 load imb.: force  6.1%

           Step           Time
      101600000   2540000.00000

   Energies (kJ/mol)
           Bond       G96Angle        LJ (SR)   Coulomb (SR)      Potential
    2.62484e+05    4.98388e+04   -5.68964e+06   -2.62645e+04   -5.40358e+06
    Kinetic En.   Total Energy    Temperature Pressure (bar)
    9.28438e+05   -4.47514e+06    3.11379e+02   -2.35524e+00

Writing checkpoint, step 101747980 at Wed Oct  4 16:03:36 2023


Writing checkpoint, step 101952960 at Wed Oct  4 16:18:36 2023


DD  step 101999999 load imb.: force  7.9%

           Step           Time
      102000000   2550000.00000

   Energies (kJ/mol)
           Bond       G96Angle        LJ (SR)   Coulomb (SR)      Potential
    2.60651e+05    4.93166e+04   -5.69077e+06   -2.61581e+04   -5.40696e+06
    Kinetic En.   Total Energy    Temperature Pressure (bar)
    9.36078e+05   -4.47089e+06    3.13942e+02   -6.36025e+00

Writing checkpoint, step 102157720 at Wed Oct  4 16:33:36 2023


Writing checkpoint, step 102362250 at Wed Oct  4 16:48:36 2023


DD  step 102399999 load imb.: force  8.1%

           Step           Time
      102400000   2560000.00000

   Energies (kJ/mol)
           Bond       G96Angle        LJ (SR)   Coulomb (SR)      Potential
    2.61363e+05    4.96109e+04   -5.68701e+06   -2.59478e+04   -5.40198e+06
    Kinetic En.   Total Energy    Temperature Pressure (bar)
    9.35530e+05   -4.46645e+06    3.13758e+02    4.20715e+00

Writing checkpoint, step 102565940 at Wed Oct  4 17:03:36 2023


Writing checkpoint, step 102769680 at Wed Oct  4 17:18:36 2023


DD  step 102799999 load imb.: force  5.8%

           Step           Time
      102800000   2570000.00000

   Energies (kJ/mol)
           Bond       G96Angle        LJ (SR)   Coulomb (SR)      Potential
    2.60632e+05    4.92408e+04   -5.68715e+06   -2.60604e+04   -5.40334e+06
    Kinetic En.   Total Energy    Temperature Pressure (bar)
    9.29932e+05   -4.47341e+06    3.11880e+02    5.28910e+00

Writing checkpoint, step 102973720 at Wed Oct  4 17:33:36 2023


Writing checkpoint, step 103177440 at Wed Oct  4 17:48:36 2023


DD  step 103199999 load imb.: force  7.9%

           Step           Time
      103200000   2580000.00000

   Energies (kJ/mol)
           Bond       G96Angle        LJ (SR)   Coulomb (SR)      Potential
    2.62694e+05    4.96002e+04   -5.68562e+06   -2.63282e+04   -5.39965e+06
    Kinetic En.   Total Energy    Temperature Pressure (bar)
    9.30116e+05   -4.46953e+06    3.11942e+02    6.18560e+00

Writing checkpoint, step 103381690 at Wed Oct  4 18:03:36 2023


Writing checkpoint, step 103587240 at Wed Oct  4 18:18:36 2023


DD  step 103599999 load imb.: force  7.0%

           Step           Time
      103600000   2590000.00000

   Energies (kJ/mol)
           Bond       G96Angle        LJ (SR)   Coulomb (SR)      Potential
    2.60566e+05    4.95320e+04   -5.69249e+06   -2.55323e+04   -5.40792e+06
    Kinetic En.   Total Energy    Temperature Pressure (bar)
    9.31853e+05   -4.47607e+06    3.12525e+02   -1.16714e+01

Writing checkpoint, step 103792620 at Wed Oct  4 18:33:36 2023


Writing checkpoint, step 103997470 at Wed Oct  4 18:48:36 2023


DD  step 103999999 load imb.: force  6.5%

           Step           Time
      104000000   2600000.00000

   Energies (kJ/mol)
           Bond       G96Angle        LJ (SR)   Coulomb (SR)      Potential
    2.62434e+05    4.96087e+04   -5.68926e+06   -2.59920e+04   -5.40321e+06
    Kinetic En.   Total Energy    Temperature Pressure (bar)
    9.30049e+05   -4.47316e+06    3.11920e+02   -3.39367e+00

Writing checkpoint, step 104202390 at Wed Oct  4 19:03:36 2023


DD  step 104399999 load imb.: force  5.7%

           Step           Time
      104400000   2610000.00000

   Energies (kJ/mol)
           Bond       G96Angle        LJ (SR)   Coulomb (SR)      Potential
    2.62014e+05    4.98518e+04   -5.68743e+06   -2.60040e+04   -5.40156e+06
    Kinetic En.   Total Energy    Temperature Pressure (bar)
    9.31168e+05   -4.47040e+06    3.12295e+02   -3.44726e+00

Writing checkpoint, step 104407610 at Wed Oct  4 19:18:36 2023


Writing checkpoint, step 104610990 at Wed Oct  4 19:33:36 2023


DD  step 104799999 load imb.: force  6.5%

           Step           Time
      104800000   2620000.00000

   Energies (kJ/mol)
           Bond       G96Angle        LJ (SR)   Coulomb (SR)      Potential
    2.62273e+05    4.94159e+04   -5.69091e+06   -2.62219e+04   -5.40544e+06
    Kinetic En.   Total Energy    Temperature Pressure (bar)
    9.33058e+05   -4.47238e+06    3.12929e+02   -7.11418e+00

Writing checkpoint, step 104815070 at Wed Oct  4 19:48:36 2023


Writing checkpoint, step 105019990 at Wed Oct  4 20:03:36 2023


DD  step 105199999 load imb.: force  8.3%

           Step           Time
      105200000   2630000.00000

   Energies (kJ/mol)
           Bond       G96Angle        LJ (SR)   Coulomb (SR)      Potential
    2.61125e+05    4.98066e+04   -5.68932e+06   -2.61650e+04   -5.40456e+06
    Kinetic En.   Total Energy    Temperature Pressure (bar)
    9.31841e+05   -4.47271e+06    3.12521e+02    2.63384e+00

Writing checkpoint, step 105225400 at Wed Oct  4 20:18:36 2023


Writing checkpoint, step 105431770 at Wed Oct  4 20:33:36 2023


DD  step 105599999 load imb.: force  6.5%

           Step           Time
      105600000   2640000.00000

   Energies (kJ/mol)
           Bond       G96Angle        LJ (SR)   Coulomb (SR)      Potential
    2.61053e+05    4.91948e+04   -5.69082e+06   -2.56134e+04   -5.40618e+06
    Kinetic En.   Total Energy    Temperature Pressure (bar)
    9.30342e+05   -4.47584e+06    3.12018e+02   -3.68179e+00

Writing checkpoint, step 105638010 at Wed Oct  4 20:48:36 2023


Writing checkpoint, step 105844170 at Wed Oct  4 21:03:36 2023


DD  step 105999999 load imb.: force  5.4%

           Step           Time
      106000000   2650000.00000

   Energies (kJ/mol)
           Bond       G96Angle        LJ (SR)   Coulomb (SR)      Potential
    2.61786e+05    4.98042e+04   -5.68511e+06   -2.61406e+04   -5.39966e+06
    Kinetic En.   Total Energy    Temperature Pressure (bar)
    9.30888e+05   -4.46877e+06    3.12201e+02    7.28532e+00

Writing checkpoint, step 106050600 at Wed Oct  4 21:18:36 2023


Writing checkpoint, step 106257220 at Wed Oct  4 21:33:36 2023


DD  step 106399999 load imb.: force  4.8%

           Step           Time
      106400000   2660000.00000

   Energies (kJ/mol)
           Bond       G96Angle        LJ (SR)   Coulomb (SR)      Potential
    2.62724e+05    4.89591e+04   -5.68930e+06   -2.63112e+04   -5.40392e+06
    Kinetic En.   Total Energy    Temperature Pressure (bar)
    9.31763e+05   -4.47216e+06    3.12494e+02    3.63242e+00

Writing checkpoint, step 106463860 at Wed Oct  4 21:48:36 2023


Writing checkpoint, step 106670550 at Wed Oct  4 22:03:36 2023


DD  step 106799999 load imb.: force  5.7%

           Step           Time
      106800000   2670000.00000

   Energies (kJ/mol)
           Bond       G96Angle        LJ (SR)   Coulomb (SR)      Potential
    2.62071e+05    4.94099e+04   -5.68570e+06   -2.60612e+04   -5.40028e+06
    Kinetic En.   Total Energy    Temperature Pressure (bar)
    9.29423e+05   -4.47086e+06    3.11710e+02    9.02353e+00

Writing checkpoint, step 106876710 at Wed Oct  4 22:18:36 2023


Writing checkpoint, step 107080370 at Wed Oct  4 22:33:36 2023


DD  step 107199999 load imb.: force  7.9%

           Step           Time
      107200000   2680000.00000

   Energies (kJ/mol)
           Bond       G96Angle        LJ (SR)   Coulomb (SR)      Potential
    2.60967e+05    4.91536e+04   -5.68858e+06   -2.63303e+04   -5.40479e+06
    Kinetic En.   Total Energy    Temperature Pressure (bar)
    9.31912e+05   -4.47288e+06    3.12544e+02   -8.17533e-01

Writing checkpoint, step 107283340 at Wed Oct  4 22:48:36 2023


Writing checkpoint, step 107486890 at Wed Oct  4 23:03:36 2023


DD  step 107599999 load imb.: force  8.1%

           Step           Time
      107600000   2690000.00000

   Energies (kJ/mol)
           Bond       G96Angle        LJ (SR)   Coulomb (SR)      Potential
    2.61154e+05    4.93958e+04   -5.68709e+06   -2.60956e+04   -5.40263e+06
    Kinetic En.   Total Energy    Temperature Pressure (bar)
    9.28991e+05   -4.47364e+06    3.11565e+02    7.07718e-01

Writing checkpoint, step 107690080 at Wed Oct  4 23:18:36 2023


Writing checkpoint, step 107892730 at Wed Oct  4 23:33:36 2023


DD  step 107999999 load imb.: force  8.9%

           Step           Time
      108000000   2700000.00000

   Energies (kJ/mol)
           Bond       G96Angle        LJ (SR)   Coulomb (SR)      Potential
    2.61957e+05    4.97614e+04   -5.68885e+06   -2.59202e+04   -5.40306e+06
    Kinetic En.   Total Energy    Temperature Pressure (bar)
    9.32381e+05   -4.47068e+06    3.12702e+02   -6.12199e+00

Writing checkpoint, step 108095500 at Wed Oct  4 23:48:36 2023


Writing checkpoint, step 108297150 at Thu Oct  5 00:03:36 2023


DD  step 108399999 load imb.: force 11.0%

           Step           Time
      108400000   2710000.00000

   Energies (kJ/mol)
           Bond       G96Angle        LJ (SR)   Coulomb (SR)      Potential
    2.61777e+05    4.93881e+04   -5.68880e+06   -2.61433e+04   -5.40378e+06
    Kinetic En.   Total Energy    Temperature Pressure (bar)
    9.29391e+05   -4.47439e+06    3.11699e+02   -4.82882e+00

Writing checkpoint, step 108499550 at Thu Oct  5 00:18:36 2023


Writing checkpoint, step 108703030 at Thu Oct  5 00:33:36 2023


DD  step 108799999 load imb.: force 10.7%

           Step           Time
      108800000   2720000.00000

   Energies (kJ/mol)
           Bond       G96Angle        LJ (SR)   Coulomb (SR)      Potential
    2.60310e+05    4.99149e+04   -5.69026e+06   -2.62595e+04   -5.40630e+06
    Kinetic En.   Total Energy    Temperature Pressure (bar)
    9.28538e+05   -4.47776e+06    3.11413e+02   -5.27080e+00

Writing checkpoint, step 108906320 at Thu Oct  5 00:48:36 2023


Writing checkpoint, step 109108520 at Thu Oct  5 01:03:36 2023


DD  step 109199999 load imb.: force  9.5%

           Step           Time
      109200000   2730000.00000

   Energies (kJ/mol)
           Bond       G96Angle        LJ (SR)   Coulomb (SR)      Potential
    2.61463e+05    5.00031e+04   -5.69080e+06   -2.57472e+04   -5.40508e+06
    Kinetic En.   Total Energy    Temperature Pressure (bar)
    9.32806e+05   -4.47227e+06    3.12844e+02   -5.65714e+00

Writing checkpoint, step 109310530 at Thu Oct  5 01:18:36 2023


Writing checkpoint, step 109513170 at Thu Oct  5 01:33:36 2023


DD  step 109599999 load imb.: force  7.3%

           Step           Time
      109600000   2740000.00000

   Energies (kJ/mol)
           Bond       G96Angle        LJ (SR)   Coulomb (SR)      Potential
    2.62154e+05    5.00919e+04   -5.68997e+06   -2.64186e+04   -5.40414e+06
    Kinetic En.   Total Energy    Temperature Pressure (bar)
    9.31687e+05   -4.47246e+06    3.12469e+02   -1.02906e+01

Writing checkpoint, step 109717060 at Thu Oct  5 01:48:36 2023


Writing checkpoint, step 109921970 at Thu Oct  5 02:03:36 2023


DD  step 109999999 load imb.: force  8.4%

           Step           Time
      110000000   2750000.00000

   Energies (kJ/mol)
           Bond       G96Angle        LJ (SR)   Coulomb (SR)      Potential
    2.62575e+05    4.97697e+04   -5.68648e+06   -2.61141e+04   -5.40025e+06
    Kinetic En.   Total Energy    Temperature Pressure (bar)
    9.30980e+05   -4.46927e+06    3.12232e+02   -4.68728e-01

Writing checkpoint, step 110125180 at Thu Oct  5 02:18:36 2023


Writing checkpoint, step 110327750 at Thu Oct  5 02:33:36 2023


DD  step 110399999 load imb.: force  9.8%

           Step           Time
      110400000   2760000.00000

   Energies (kJ/mol)
           Bond       G96Angle        LJ (SR)   Coulomb (SR)      Potential
    2.61940e+05    4.98702e+04   -5.69027e+06   -2.61014e+04   -5.40457e+06
    Kinetic En.   Total Energy    Temperature Pressure (bar)
    9.33411e+05   -4.47115e+06    3.13047e+02   -6.82081e+00

Writing checkpoint, step 110530380 at Thu Oct  5 02:48:36 2023


Writing checkpoint, step 110733390 at Thu Oct  5 03:03:36 2023


DD  step 110799999 load imb.: force  7.1%

           Step           Time
      110800000   2770000.00000

   Energies (kJ/mol)
           Bond       G96Angle        LJ (SR)   Coulomb (SR)      Potential
    2.61746e+05    4.94357e+04   -5.69292e+06   -2.57944e+04   -5.40753e+06
    Kinetic En.   Total Energy    Temperature Pressure (bar)
    9.32676e+05   -4.47486e+06    3.12800e+02   -3.16602e-01

Writing checkpoint, step 110937940 at Thu Oct  5 03:18:36 2023


Writing checkpoint, step 111143580 at Thu Oct  5 03:33:36 2023


DD  step 111199999 load imb.: force  6.0%

           Step           Time
      111200000   2780000.00000

   Energies (kJ/mol)
           Bond       G96Angle        LJ (SR)   Coulomb (SR)      Potential
    2.62774e+05    5.01247e+04   -5.68556e+06   -2.59710e+04   -5.39863e+06
    Kinetic En.   Total Energy    Temperature Pressure (bar)
    9.35282e+05   -4.46335e+06    3.13675e+02    6.65612e+00

Writing checkpoint, step 111349820 at Thu Oct  5 03:48:36 2023


Writing checkpoint, step 111556280 at Thu Oct  5 04:03:36 2023


DD  step 111599999 load imb.: force  4.8%

           Step           Time
      111600000   2790000.00000

   Energies (kJ/mol)
           Bond       G96Angle        LJ (SR)   Coulomb (SR)      Potential
    2.61986e+05    4.94007e+04   -5.68892e+06   -2.66452e+04   -5.40418e+06
    Kinetic En.   Total Energy    Temperature Pressure (bar)
    9.31677e+05   -4.47250e+06    3.12466e+02   -8.00970e+00

Writing checkpoint, step 111762880 at Thu Oct  5 04:18:36 2023


Writing checkpoint, step 111969410 at Thu Oct  5 04:33:36 2023


DD  step 111999999 load imb.: force  6.3%

           Step           Time
      112000000   2800000.00000

   Energies (kJ/mol)
           Bond       G96Angle        LJ (SR)   Coulomb (SR)      Potential
    2.62664e+05    4.97864e+04   -5.68843e+06   -2.61477e+04   -5.40213e+06
    Kinetic En.   Total Energy    Temperature Pressure (bar)
    9.32070e+05   -4.47006e+06    3.12597e+02    2.51568e+00

Writing checkpoint, step 112175730 at Thu Oct  5 04:48:36 2023


Writing checkpoint, step 112382190 at Thu Oct  5 05:03:36 2023


DD  step 112399999 load imb.: force  6.7%

           Step           Time
      112400000   2810000.00000

   Energies (kJ/mol)
           Bond       G96Angle        LJ (SR)   Coulomb (SR)      Potential
    2.61230e+05    4.96166e+04   -5.68555e+06   -2.62136e+04   -5.40091e+06
    Kinetic En.   Total Energy    Temperature Pressure (bar)
    9.33168e+05   -4.46774e+06    3.12966e+02    4.92046e+00

Writing checkpoint, step 112588430 at Thu Oct  5 05:18:36 2023


Writing checkpoint, step 112793780 at Thu Oct  5 05:33:36 2023


DD  step 112799999 load imb.: force  8.9%

           Step           Time
      112800000   2820000.00000

   Energies (kJ/mol)
           Bond       G96Angle        LJ (SR)   Coulomb (SR)      Potential
    2.62478e+05    4.91677e+04   -5.68675e+06   -2.58153e+04   -5.40092e+06
    Kinetic En.   Total Energy    Temperature Pressure (bar)
    9.31981e+05   -4.46894e+06    3.12568e+02    7.33344e+00

Writing checkpoint, step 112997970 at Thu Oct  5 05:48:36 2023


DD  step 113199999 load imb.: force  8.5%

           Step           Time
      113200000   2830000.00000

   Energies (kJ/mol)
           Bond       G96Angle        LJ (SR)   Coulomb (SR)      Potential
    2.60692e+05    4.95838e+04   -5.68912e+06   -2.60378e+04   -5.40488e+06
    Kinetic En.   Total Energy    Temperature Pressure (bar)
    9.27201e+05   -4.47768e+06    3.10964e+02   -9.34383e+00

Writing checkpoint, step 113201680 at Thu Oct  5 06:03:36 2023


Writing checkpoint, step 113407080 at Thu Oct  5 06:18:36 2023


DD  step 113599999 load imb.: force  7.4%

           Step           Time
      113600000   2840000.00000

   Energies (kJ/mol)
           Bond       G96Angle        LJ (SR)   Coulomb (SR)      Potential
    2.61160e+05    4.90431e+04   -5.68592e+06   -2.58569e+04   -5.40158e+06
    Kinetic En.   Total Energy    Temperature Pressure (bar)
    9.32446e+05   -4.46913e+06    3.12724e+02    2.63274e+00

Writing checkpoint, step 113610960 at Thu Oct  5 06:33:36 2023


Writing checkpoint, step 113814040 at Thu Oct  5 06:48:36 2023


DD  step 113999999 load imb.: force  8.7%

           Step           Time
      114000000   2850000.00000

   Energies (kJ/mol)
           Bond       G96Angle        LJ (SR)   Coulomb (SR)      Potential
    2.61480e+05    4.97719e+04   -5.69370e+06   -2.61681e+04   -5.40862e+06
    Kinetic En.   Total Energy    Temperature Pressure (bar)
    9.30445e+05   -4.47818e+06    3.12052e+02   -9.29432e+00

Writing checkpoint, step 114016570 at Thu Oct  5 07:03:36 2023


Writing checkpoint, step 114219530 at Thu Oct  5 07:18:36 2023


DD  step 114399999 load imb.: force 10.8%

           Step           Time
      114400000   2860000.00000

   Energies (kJ/mol)
           Bond       G96Angle        LJ (SR)   Coulomb (SR)      Potential
    2.62438e+05    4.99946e+04   -5.68558e+06   -2.61956e+04   -5.39935e+06
    Kinetic En.   Total Energy    Temperature Pressure (bar)
    9.30634e+05   -4.46871e+06    3.12116e+02    3.71140e+00

Writing checkpoint, step 114422410 at Thu Oct  5 07:33:36 2023


Writing checkpoint, step 114624820 at Thu Oct  5 07:48:36 2023


DD  step 114799999 load imb.: force  8.5%

           Step           Time
      114800000   2870000.00000

   Energies (kJ/mol)
           Bond       G96Angle        LJ (SR)   Coulomb (SR)      Potential
    2.61834e+05    4.90956e+04   -5.68688e+06   -2.59549e+04   -5.40190e+06
    Kinetic En.   Total Energy    Temperature Pressure (bar)
    9.32341e+05   -4.46956e+06    3.12688e+02    5.33098e+00

Writing checkpoint, step 114827430 at Thu Oct  5 08:03:36 2023


Writing checkpoint, step 115030890 at Thu Oct  5 08:18:36 2023


DD  step 115199999 load imb.: force  8.6%

           Step           Time
      115200000   2880000.00000

   Energies (kJ/mol)
           Bond       G96Angle        LJ (SR)   Coulomb (SR)      Potential
    2.61704e+05    4.94813e+04   -5.68600e+06   -2.65228e+04   -5.40134e+06
    Kinetic En.   Total Energy    Temperature Pressure (bar)
    9.33076e+05   -4.46826e+06    3.12935e+02    3.64869e+00

Writing checkpoint, step 115233650 at Thu Oct  5 08:33:36 2023


Writing checkpoint, step 115436640 at Thu Oct  5 08:48:36 2023


DD  step 115599999 load imb.: force  8.6%

           Step           Time
      115600000   2890000.00000

   Energies (kJ/mol)
           Bond       G96Angle        LJ (SR)   Coulomb (SR)      Potential
    2.62230e+05    4.87935e+04   -5.68475e+06   -2.64641e+04   -5.40020e+06
    Kinetic En.   Total Energy    Temperature Pressure (bar)
    9.30794e+05   -4.46940e+06    3.12169e+02    2.83966e+00

Writing checkpoint, step 115639650 at Thu Oct  5 09:03:36 2023


Writing checkpoint, step 115843250 at Thu Oct  5 09:18:36 2023


DD  step 115999999 load imb.: force  7.3%

           Step           Time
      116000000   2900000.00000

   Energies (kJ/mol)
           Bond       G96Angle        LJ (SR)   Coulomb (SR)      Potential
    2.60836e+05    4.91313e+04   -5.69214e+06   -2.60979e+04   -5.40827e+06
    Kinetic En.   Total Energy    Temperature Pressure (bar)
    9.30055e+05   -4.47822e+06    3.11922e+02   -1.61314e+00

Writing checkpoint, step 116047190 at Thu Oct  5 09:33:36 2023


Writing checkpoint, step 116250930 at Thu Oct  5 09:48:36 2023


DD  step 116399999 load imb.: force  8.8%

           Step           Time
      116400000   2910000.00000

   Energies (kJ/mol)
           Bond       G96Angle        LJ (SR)   Coulomb (SR)      Potential
    2.61082e+05    4.95151e+04   -5.68559e+06   -2.59256e+04   -5.40092e+06
    Kinetic En.   Total Energy    Temperature Pressure (bar)
    9.33043e+05   -4.46788e+06    3.12924e+02    6.11943e+00

Writing checkpoint, step 116454900 at Thu Oct  5 10:03:36 2023


Writing checkpoint, step 116659580 at Thu Oct  5 10:18:36 2023




Received the second INT/TERM signal, stopping within 2 steps

           Step           Time
      116663171   2916579.27500

Writing checkpoint, step 116663171 at Thu Oct  5 10:18:52 2023




-----------------------------------------------------------
Restarting from checkpoint, appending to previous log file.

Log file opened on Thu Oct  5 17:24:01 2023
Host: halc051.amarel.rutgers.edu  pid: 146920  rank ID: 0  number of ranks:  32
                      :-) GROMACS - gmx mdrun, 2016.1 (-:

Executable:   /opt/sw/packages/intel-17.0.1/mvapich2-2.2/gromacs/2016.1/bin/gmx_mpi
Data prefix:  /opt/sw/packages/intel-17.0.1/mvapich2-2.2/gromacs/2016.1
Working dir:  /scratch/jje63/heat_lig_multinano/Common_Nanoparticle_5/Tetracosanethiol
Command line:
  gmx_mpi mdrun -s md2.tpr -cpi md.cpt -ntomp 1 -deffnm md -v -rdd 1.4

GROMACS version:    2016.1
Precision:          single
Memory model:       64 bit
MPI library:        MPI
OpenMP support:     enabled (GMX_OPENMP_MAX_THREADS = 32)
GPU support:        disabled
SIMD instructions:  AVX_256
FFT library:        Intel MKL
RDTSCP usage:       enabled
TNG support:        enabled
Hwloc support:      disabled
Tracing support:    disabled
Built on:           Wed Nov 23 15:27:26 EST 2016
Built by:           novosirj@perceval2.hpc.rutgers.edu [CMAKE]
Build OS/arch:      Linux 3.10.0-229.20.1.el7.x86_64 x86_64
Build CPU vendor:   Intel
Build CPU brand:    Intel(R) Xeon(R) CPU E5-2650 v3 @ 2.30GHz
Build CPU family:   6   Model: 63   Stepping: 2
Build CPU features: aes apic avx avx2 clfsh cmov cx8 cx16 f16c fma htt lahf mmx msr nonstop_tsc pcid pclmuldq pdcm pdpe1gb popcnt pse rdrnd rdtscp sse2 sse3 sse4.1 sse4.2 ssse3 tdt x2apic
C compiler:         /opt/sw/packages/intel/17.0.1/compilers_and_libraries/linux/bin/intel64/icc Intel 17.0.0.20161005
C compiler flags:    -mavx   -mkl=sequential  -std=gnu99  -O3 -DNDEBUG -ip -funroll-all-loops -alias-const -ansi-alias  
C++ compiler:       /opt/sw/packages/intel/17.0.1/compilers_and_libraries/linux/bin/intel64/icpc Intel 17.0.0.20161005
C++ compiler flags:  -mavx    -std=c++0x   -O3 -DNDEBUG -ip -funroll-all-loops -alias-const -ansi-alias  


Initializing Domain Decomposition on 32 ranks
Dynamic load balancing: auto
Minimum cell size due to bonded interactions: 1.400 nm
Domain decomposition grid 8 x 4 x 1, separate PME ranks 0
Domain decomposition rank 0, coordinates 0 0 0

The initial number of communication pulses is: X 1 Y 1
The initial domain decomposition cell size is: X 5.25 nm Y 10.50 nm

The maximum allowed distance for charge groups involved in interactions is:
                 non-bonded interactions           1.200 nm
(the following are initial values, they could change due to box deformation)
            two-body bonded interactions  (-rdd)   1.400 nm
          multi-body bonded interactions  (-rdd)   1.400 nm

When dynamic load balancing gets turned on, these settings will change to:
The maximum number of communication pulses is: X 1 Y 1
The minimum size for domain decomposition cells is 1.400 nm
The requested allowed shrink of DD cells (option -dds) is: 0.80
The allowed shrink of domain decomposition cells is: X 0.27 Y 0.13
The maximum allowed distance for charge groups involved in interactions is:
                 non-bonded interactions           1.200 nm
            two-body bonded interactions  (-rdd)   1.400 nm
          multi-body bonded interactions  (-rdd)   1.400 nm

Using 32 MPI processes


NOTE: This file uses the deprecated 'group' cutoff_scheme. This will be
removed in a future release when 'verlet' supports all interaction forms.

Table routines are used for coulomb: true
Table routines are used for vdw:     true
Using shifted Lennard-Jones, switch between 0.9 and 1.2 nm
Cut-off's:   NS: 1.2   Coulomb: 1.2   LJ: 1.2
System total charge: 0.000
Generated table with 1100 data points for Shift.
Tabscale = 500 points/nm
Generated table with 1100 data points for LJ6Shift.
Tabscale = 500 points/nm
Generated table with 1100 data points for LJ12Shift.
Tabscale = 500 points/nm
Potential shift: LJ r^-12: 0.000e+00 r^-6: 0.000e+00

Non-default thread affinity set probably by the OpenMP library,
disabling internal thread affinity

Linking all bonded interactions to atoms

Intra-simulation communication will occur every 1 steps.
Center of mass motion removal mode is Linear
We have the following groups for center of mass motion removal:
  0:  rest
There are: 239078 Atoms
Atom distribution over 32 domains: av 7471 stddev 85 min 7387 max 7628
Grid: 7 x 12 x 15 cells
Initial temperature: 626.747 K

Started mdrun on rank 0 Thu Oct  5 17:24:02 2023

DD  step 116663179 load imb.: force 43.5%


step 116664170 Turning on dynamic load balancing, because the performance loss due to load imbalance is 2.7 %.

DD  step 116799999  vol min/aver 0.869  load imb.: force  1.1%

           Step           Time
      116800000   2920000.00000

   Energies (kJ/mol)
           Bond       G96Angle        LJ (SR)   Coulomb (SR)      Potential
    2.63048e+05    4.97212e+04   -5.69283e+06   -2.58799e+04   -5.40594e+06
    Kinetic En.   Total Energy    Temperature Pressure (bar)
    9.33991e+05   -4.47195e+06    3.13242e+02   -4.71338e+00

Writing checkpoint, step 116880540 at Thu Oct  5 17:39:02 2023


Writing checkpoint, step 117106820 at Thu Oct  5 17:54:02 2023


DD  step 117199999  vol min/aver 0.873  load imb.: force  1.6%

           Step           Time
      117200000   2930000.00000

   Energies (kJ/mol)
           Bond       G96Angle        LJ (SR)   Coulomb (SR)      Potential
    2.62438e+05    4.96864e+04   -5.68492e+06   -2.63245e+04   -5.39912e+06
    Kinetic En.   Total Energy    Temperature Pressure (bar)
    9.33305e+05   -4.46582e+06    3.13012e+02    1.34973e+01

Writing checkpoint, step 117330450 at Thu Oct  5 18:09:02 2023


Writing checkpoint, step 117553940 at Thu Oct  5 18:24:02 2023


DD  step 117599999  vol min/aver 0.874  load imb.: force  0.9%

           Step           Time
      117600000   2940000.00000

   Energies (kJ/mol)
           Bond       G96Angle        LJ (SR)   Coulomb (SR)      Potential
    2.62461e+05    4.96753e+04   -5.68506e+06   -2.58325e+04   -5.39876e+06
    Kinetic En.   Total Energy    Temperature Pressure (bar)
    9.30946e+05   -4.46781e+06    3.12220e+02    8.17181e+00


step 117653970 Turning off dynamic load balancing, because it is degrading performance.

Atom distribution over 32 domains: av 7471 stddev 83 min 7379 max 7610
Writing checkpoint, step 117780380 at Thu Oct  5 18:39:02 2023


Writing checkpoint, step 117996670 at Thu Oct  5 18:54:02 2023


DD  step 117999999 load imb.: force 14.1%

           Step           Time
      118000000   2950000.00000

   Energies (kJ/mol)
           Bond       G96Angle        LJ (SR)   Coulomb (SR)      Potential
    2.62279e+05    4.97558e+04   -5.69056e+06   -2.61840e+04   -5.40471e+06
    Kinetic En.   Total Energy    Temperature Pressure (bar)
    9.29098e+05   -4.47561e+06    3.11600e+02   -2.16373e+00

Writing checkpoint, step 118195560 at Thu Oct  5 19:09:02 2023


DD  step 118399999 load imb.: force 18.5%

           Step           Time
      118400000   2960000.00000

   Energies (kJ/mol)
           Bond       G96Angle        LJ (SR)   Coulomb (SR)      Potential
    2.60841e+05    4.97834e+04   -5.68791e+06   -2.60874e+04   -5.40337e+06
    Kinetic En.   Total Energy    Temperature Pressure (bar)
    9.29594e+05   -4.47377e+06    3.11767e+02   -2.72486e+00

Writing checkpoint, step 118407750 at Thu Oct  5 19:24:02 2023


Writing checkpoint, step 118626030 at Thu Oct  5 19:39:02 2023


DD  step 118799999 load imb.: force 17.8%

           Step           Time
      118800000   2970000.00000

   Energies (kJ/mol)
           Bond       G96Angle        LJ (SR)   Coulomb (SR)      Potential
    2.61200e+05    4.92919e+04   -5.68612e+06   -2.61418e+04   -5.40177e+06
    Kinetic En.   Total Energy    Temperature Pressure (bar)
    9.31766e+05   -4.47001e+06    3.12495e+02    7.08853e+00

Writing checkpoint, step 118839800 at Thu Oct  5 19:54:02 2023


Writing checkpoint, step 119040780 at Thu Oct  5 20:09:02 2023


DD  step 119199999 load imb.: force 17.9%

           Step           Time
      119200000   2980000.00000

   Energies (kJ/mol)
           Bond       G96Angle        LJ (SR)   Coulomb (SR)      Potential
    2.62053e+05    4.95107e+04   -5.68849e+06   -2.62903e+04   -5.40322e+06
    Kinetic En.   Total Energy    Temperature Pressure (bar)
    9.33686e+05   -4.46954e+06    3.13139e+02   -2.89143e+00

Writing checkpoint, step 119254940 at Thu Oct  5 20:24:02 2023


Writing checkpoint, step 119470560 at Thu Oct  5 20:39:02 2023


DD  step 119599999 load imb.: force 17.9%

           Step           Time
      119600000   2990000.00000

   Energies (kJ/mol)
           Bond       G96Angle        LJ (SR)   Coulomb (SR)      Potential
    2.60292e+05    4.96751e+04   -5.68819e+06   -2.60062e+04   -5.40423e+06
    Kinetic En.   Total Energy    Temperature Pressure (bar)
    9.33248e+05   -4.47098e+06    3.12993e+02   -3.24499e+00

Writing checkpoint, step 119678780 at Thu Oct  5 20:54:02 2023


Writing checkpoint, step 119887170 at Thu Oct  5 21:09:02 2023



step 119989170 Turning on dynamic load balancing, because the performance loss due to load imbalance is 2.0 %.


step 119989370 Turning off dynamic load balancing, because it is degrading performance.

Atom distribution over 32 domains: av 7471 stddev 95 min 7393 max 7698

step 119991170 Turning on dynamic load balancing, because the performance loss due to load imbalance is 2.0 %.


step 119991370 Turning off dynamic load balancing, because it is degrading performance.

Atom distribution over 32 domains: av 7471 stddev 94 min 7386 max 7691

step 119992170 Will no longer try dynamic load balancing, as it degraded performance.

DD  step 119999999 load imb.: force 17.3%

           Step           Time
      120000000   3000000.00000

   Energies (kJ/mol)
           Bond       G96Angle        LJ (SR)   Coulomb (SR)      Potential
    2.61970e+05    4.96085e+04   -5.68988e+06   -2.60993e+04   -5.40440e+06
    Kinetic En.   Total Energy    Temperature Pressure (bar)
    9.31866e+05   -4.47254e+06    3.12529e+02   -7.57665e+00

Writing checkpoint, step 120098470 at Thu Oct  5 21:24:02 2023


Writing checkpoint, step 120310130 at Thu Oct  5 21:39:02 2023


DD  step 120399999 load imb.: force 18.2%

           Step           Time
      120400000   3010000.00000

   Energies (kJ/mol)
           Bond       G96Angle        LJ (SR)   Coulomb (SR)      Potential
    2.61244e+05    4.91976e+04   -5.68709e+06   -2.66965e+04   -5.40334e+06
    Kinetic En.   Total Energy    Temperature Pressure (bar)
    9.30915e+05   -4.47243e+06    3.12210e+02    2.44281e+00

Writing checkpoint, step 120525060 at Thu Oct  5 21:54:02 2023


Writing checkpoint, step 120740010 at Thu Oct  5 22:09:02 2023


DD  step 120799999 load imb.: force 16.0%

           Step           Time
      120800000   3020000.00000

   Energies (kJ/mol)
           Bond       G96Angle        LJ (SR)   Coulomb (SR)      Potential
    2.62769e+05    4.93243e+04   -5.68824e+06   -2.60305e+04   -5.40218e+06
    Kinetic En.   Total Energy    Temperature Pressure (bar)
    9.34298e+05   -4.46788e+06    3.13345e+02   -1.53728e+00

Writing checkpoint, step 120937240 at Thu Oct  5 22:24:02 2023


Writing checkpoint, step 121144880 at Thu Oct  5 22:39:02 2023


DD  step 121199999 load imb.: force 16.0%

           Step           Time
      121200000   3030000.00000

   Energies (kJ/mol)
           Bond       G96Angle        LJ (SR)   Coulomb (SR)      Potential
    2.60779e+05    4.97373e+04   -5.68921e+06   -2.57774e+04   -5.40447e+06
    Kinetic En.   Total Energy    Temperature Pressure (bar)
    9.35604e+05   -4.46886e+06    3.13783e+02   -2.91246e+00

Writing checkpoint, step 121345880 at Thu Oct  5 22:54:02 2023


Writing checkpoint, step 121548920 at Thu Oct  5 23:09:02 2023


DD  step 121599999 load imb.: force 11.9%

           Step           Time
      121600000   3040000.00000

   Energies (kJ/mol)
           Bond       G96Angle        LJ (SR)   Coulomb (SR)      Potential
    2.61460e+05    4.99699e+04   -5.69002e+06   -2.59022e+04   -5.40449e+06
    Kinetic En.   Total Energy    Temperature Pressure (bar)
    9.31304e+05   -4.47318e+06    3.12340e+02    3.93532e+00

Writing checkpoint, step 121766550 at Thu Oct  5 23:24:02 2023


Writing checkpoint, step 121970280 at Thu Oct  5 23:39:02 2023


DD  step 121999999 load imb.: force 10.6%

           Step           Time
      122000000   3050000.00000

   Energies (kJ/mol)
           Bond       G96Angle        LJ (SR)   Coulomb (SR)      Potential
    2.60930e+05    4.95740e+04   -5.68590e+06   -2.60701e+04   -5.40147e+06
    Kinetic En.   Total Energy    Temperature Pressure (bar)
    9.32849e+05   -4.46862e+06    3.12859e+02   -2.32739e+00

Writing checkpoint, step 122178540 at Thu Oct  5 23:54:02 2023


DD  step 122399999 load imb.: force 11.3%

           Step           Time
      122400000   3060000.00000

   Energies (kJ/mol)
           Bond       G96Angle        LJ (SR)   Coulomb (SR)      Potential
    2.61072e+05    5.01162e+04   -5.68577e+06   -2.60908e+04   -5.40068e+06
    Kinetic En.   Total Energy    Temperature Pressure (bar)
    9.34188e+05   -4.46649e+06    3.13308e+02   -7.81053e+00

Writing checkpoint, step 122403040 at Fri Oct  6 00:09:02 2023


Writing checkpoint, step 122626530 at Fri Oct  6 00:24:02 2023


DD  step 122799999 load imb.: force 10.7%

           Step           Time
      122800000   3070000.00000

   Energies (kJ/mol)
           Bond       G96Angle        LJ (SR)   Coulomb (SR)      Potential
    2.61337e+05    4.98018e+04   -5.68694e+06   -2.61778e+04   -5.40198e+06
    Kinetic En.   Total Energy    Temperature Pressure (bar)
    9.31794e+05   -4.47018e+06    3.12505e+02   -1.96828e+00

Writing checkpoint, step 122838600 at Fri Oct  6 00:39:02 2023


Writing checkpoint, step 123058970 at Fri Oct  6 00:54:02 2023


DD  step 123199999 load imb.: force 10.0%

           Step           Time
      123200000   3080000.00000

   Energies (kJ/mol)
           Bond       G96Angle        LJ (SR)   Coulomb (SR)      Potential
    2.62608e+05    4.91507e+04   -5.69104e+06   -2.60548e+04   -5.40534e+06
    Kinetic En.   Total Energy    Temperature Pressure (bar)
    9.31628e+05   -4.47371e+06    3.12449e+02   -2.66576e+00

Writing checkpoint, step 123275560 at Fri Oct  6 01:09:02 2023


Writing checkpoint, step 123502420 at Fri Oct  6 01:24:02 2023


DD  step 123599999 load imb.: force  9.6%

           Step           Time
      123600000   3090000.00000

   Energies (kJ/mol)
           Bond       G96Angle        LJ (SR)   Coulomb (SR)      Potential
    2.62034e+05    4.96770e+04   -5.68504e+06   -2.61940e+04   -5.39953e+06
    Kinetic En.   Total Energy    Temperature Pressure (bar)
    9.32068e+05   -4.46746e+06    3.12597e+02    7.87720e+00

Writing checkpoint, step 123728690 at Fri Oct  6 01:39:02 2023


Writing checkpoint, step 123939410 at Fri Oct  6 01:54:02 2023


DD  step 123999999 load imb.: force 10.3%

           Step           Time
      124000000   3100000.00000

   Energies (kJ/mol)
           Bond       G96Angle        LJ (SR)   Coulomb (SR)      Potential
    2.63520e+05    4.98208e+04   -5.68708e+06   -2.62046e+04   -5.39995e+06
    Kinetic En.   Total Energy    Temperature Pressure (bar)
    9.34777e+05   -4.46517e+06    3.13505e+02    6.72606e+00

Writing checkpoint, step 124162420 at Fri Oct  6 02:09:02 2023


Writing checkpoint, step 124365370 at Fri Oct  6 02:24:02 2023


DD  step 124399999 load imb.: force  9.8%

           Step           Time
      124400000   3110000.00000

   Energies (kJ/mol)
           Bond       G96Angle        LJ (SR)   Coulomb (SR)      Potential
    2.61186e+05    4.97313e+04   -5.68802e+06   -2.63564e+04   -5.40346e+06
    Kinetic En.   Total Energy    Temperature Pressure (bar)
    9.33077e+05   -4.47038e+06    3.12935e+02    4.57416e+00

Writing checkpoint, step 124580910 at Fri Oct  6 02:39:02 2023


DD  step 124799999 load imb.: force 11.8%

           Step           Time
      124800000   3120000.00000

   Energies (kJ/mol)
           Bond       G96Angle        LJ (SR)   Coulomb (SR)      Potential
    2.61186e+05    4.91479e+04   -5.68659e+06   -2.65637e+04   -5.40282e+06
    Kinetic En.   Total Energy    Temperature Pressure (bar)
    9.29734e+05   -4.47308e+06    3.11814e+02    1.33451e+00

Writing checkpoint, step 124800240 at Fri Oct  6 02:54:02 2023


Writing checkpoint, step 125027060 at Fri Oct  6 03:09:02 2023


DD  step 125199999 load imb.: force 10.8%

           Step           Time
      125200000   3130000.00000

   Energies (kJ/mol)
           Bond       G96Angle        LJ (SR)   Coulomb (SR)      Potential
    2.61379e+05    4.96587e+04   -5.68824e+06   -2.59740e+04   -5.40317e+06
    Kinetic En.   Total Energy    Temperature Pressure (bar)
    9.33334e+05   -4.46984e+06    3.13021e+02    1.11317e+00

Writing checkpoint, step 125252950 at Fri Oct  6 03:24:02 2023


Writing checkpoint, step 125473190 at Fri Oct  6 03:39:02 2023


DD  step 125599999 load imb.: force 12.6%

           Step           Time
      125600000   3140000.00000

   Energies (kJ/mol)
           Bond       G96Angle        LJ (SR)   Coulomb (SR)      Potential
    2.61998e+05    4.96955e+04   -5.68657e+06   -2.58623e+04   -5.40074e+06
    Kinetic En.   Total Energy    Temperature Pressure (bar)
    9.33494e+05   -4.46725e+06    3.13075e+02    1.19782e+01

Writing checkpoint, step 125690510 at Fri Oct  6 03:54:02 2023


Writing checkpoint, step 125895910 at Fri Oct  6 04:09:02 2023


DD  step 125999999 load imb.: force 14.7%

           Step           Time
      126000000   3150000.00000

   Energies (kJ/mol)
           Bond       G96Angle        LJ (SR)   Coulomb (SR)      Potential
    2.61679e+05    4.96770e+04   -5.68870e+06   -2.61710e+04   -5.40352e+06
    Kinetic En.   Total Energy    Temperature Pressure (bar)
    9.32876e+05   -4.47064e+06    3.12868e+02    4.35374e+00

Writing checkpoint, step 126102200 at Fri Oct  6 04:24:02 2023


Writing checkpoint, step 126310770 at Fri Oct  6 04:39:02 2023


DD  step 126399999 load imb.: force 17.0%

           Step           Time
      126400000   3160000.00000

   Energies (kJ/mol)
           Bond       G96Angle        LJ (SR)   Coulomb (SR)      Potential
    2.62337e+05    4.96045e+04   -5.68405e+06   -2.63549e+04   -5.39846e+06
    Kinetic En.   Total Energy    Temperature Pressure (bar)
    9.32174e+05   -4.46629e+06    3.12632e+02    1.10847e+01

Writing checkpoint, step 126521470 at Fri Oct  6 04:54:02 2023


Writing checkpoint, step 126730620 at Fri Oct  6 05:09:02 2023


DD  step 126799999 load imb.: force 12.3%

           Step           Time
      126800000   3170000.00000

   Energies (kJ/mol)
           Bond       G96Angle        LJ (SR)   Coulomb (SR)      Potential
    2.61116e+05    4.96614e+04   -5.68840e+06   -2.61726e+04   -5.40380e+06
    Kinetic En.   Total Energy    Temperature Pressure (bar)
    9.30090e+05   -4.47371e+06    3.11933e+02   -1.50771e+00

Writing checkpoint, step 126945010 at Fri Oct  6 05:24:02 2023


Writing checkpoint, step 127153960 at Fri Oct  6 05:39:02 2023


DD  step 127199999 load imb.: force 13.0%

           Step           Time
      127200000   3180000.00000

   Energies (kJ/mol)
           Bond       G96Angle        LJ (SR)   Coulomb (SR)      Potential
    2.61291e+05    4.93705e+04   -5.68621e+06   -2.64442e+04   -5.40199e+06
    Kinetic En.   Total Energy    Temperature Pressure (bar)
    9.29555e+05   -4.47244e+06    3.11754e+02    1.28929e+01

Writing checkpoint, step 127363280 at Fri Oct  6 05:54:02 2023


Writing checkpoint, step 127580710 at Fri Oct  6 06:09:02 2023


DD  step 127599999 load imb.: force 14.3%

           Step           Time
      127600000   3190000.00000

   Energies (kJ/mol)
           Bond       G96Angle        LJ (SR)   Coulomb (SR)      Potential
    2.61912e+05    4.97789e+04   -5.68686e+06   -2.61858e+04   -5.40136e+06
    Kinetic En.   Total Energy    Temperature Pressure (bar)
    9.28637e+05   -4.47272e+06    3.11446e+02   -6.70548e+00

Writing checkpoint, step 127794220 at Fri Oct  6 06:24:02 2023


DD  step 127999999 load imb.: force 11.6%

           Step           Time
      128000000   3200000.00000

   Energies (kJ/mol)
           Bond       G96Angle        LJ (SR)   Coulomb (SR)      Potential
    2.62556e+05    5.01178e+04   -5.68634e+06   -2.58400e+04   -5.39951e+06
    Kinetic En.   Total Energy    Temperature Pressure (bar)
    9.30346e+05   -4.46917e+06    3.12019e+02   -1.50630e+00

Writing checkpoint, step 128012700 at Fri Oct  6 06:39:02 2023


Writing checkpoint, step 128224450 at Fri Oct  6 06:54:02 2023


DD  step 128399999 load imb.: force 16.7%

           Step           Time
      128400000   3210000.00000

   Energies (kJ/mol)
           Bond       G96Angle        LJ (SR)   Coulomb (SR)      Potential
    2.62174e+05    4.99527e+04   -5.68642e+06   -2.59300e+04   -5.40022e+06
    Kinetic En.   Total Energy    Temperature Pressure (bar)
    9.33576e+05   -4.46665e+06    3.13102e+02    6.96855e+00

Writing checkpoint, step 128433070 at Fri Oct  6 07:09:02 2023


Writing checkpoint, step 128637010 at Fri Oct  6 07:24:02 2023


DD  step 128799999 load imb.: force 15.3%

           Step           Time
      128800000   3220000.00000

   Energies (kJ/mol)
           Bond       G96Angle        LJ (SR)   Coulomb (SR)      Potential
    2.60391e+05    4.97577e+04   -5.68792e+06   -2.58606e+04   -5.40363e+06
    Kinetic En.   Total Energy    Temperature Pressure (bar)
    9.27364e+05   -4.47626e+06    3.11019e+02   -5.76632e-01

Writing checkpoint, step 128852150 at Fri Oct  6 07:39:02 2023


Writing checkpoint, step 129066390 at Fri Oct  6 07:54:02 2023


DD  step 129199999 load imb.: force 12.3%

           Step           Time
      129200000   3230000.00000

   Energies (kJ/mol)
           Bond       G96Angle        LJ (SR)   Coulomb (SR)      Potential
    2.60942e+05    4.98978e+04   -5.68811e+06   -2.63839e+04   -5.40365e+06
    Kinetic En.   Total Energy    Temperature Pressure (bar)
    9.27603e+05   -4.47605e+06    3.11099e+02   -1.26957e+01

Writing checkpoint, step 129285550 at Fri Oct  6 08:09:02 2023


Writing checkpoint, step 129494560 at Fri Oct  6 08:24:02 2023


DD  step 129599999 load imb.: force 11.0%

           Step           Time
      129600000   3240000.00000

   Energies (kJ/mol)
           Bond       G96Angle        LJ (SR)   Coulomb (SR)      Potential
    2.61331e+05    4.95489e+04   -5.68633e+06   -2.60472e+04   -5.40150e+06
    Kinetic En.   Total Energy    Temperature Pressure (bar)
    9.34051e+05   -4.46744e+06    3.13262e+02    1.23557e+01

Writing checkpoint, step 129711930 at Fri Oct  6 08:39:02 2023


Writing checkpoint, step 129932820 at Fri Oct  6 08:54:02 2023


DD  step 129999999 load imb.: force 11.3%

           Step           Time
      130000000   3250000.00000

   Energies (kJ/mol)
           Bond       G96Angle        LJ (SR)   Coulomb (SR)      Potential
    2.61324e+05    4.89560e+04   -5.68612e+06   -2.60052e+04   -5.40184e+06
    Kinetic En.   Total Energy    Temperature Pressure (bar)
    9.29578e+05   -4.47226e+06    3.11762e+02    1.67934e-01

Writing checkpoint, step 130155760 at Fri Oct  6 09:09:02 2023


Writing checkpoint, step 130377280 at Fri Oct  6 09:24:02 2023


DD  step 130399999 load imb.: force 10.4%

           Step           Time
      130400000   3260000.00000

   Energies (kJ/mol)
           Bond       G96Angle        LJ (SR)   Coulomb (SR)      Potential
    2.61719e+05    4.94400e+04   -5.68716e+06   -2.63481e+04   -5.40235e+06
    Kinetic En.   Total Energy    Temperature Pressure (bar)
    9.29167e+05   -4.47319e+06    3.11624e+02    4.98285e+00

Writing checkpoint, step 130599170 at Fri Oct  6 09:39:02 2023


DD  step 130799999 load imb.: force 10.2%

           Step           Time
      130800000   3270000.00000

   Energies (kJ/mol)
           Bond       G96Angle        LJ (SR)   Coulomb (SR)      Potential
    2.61576e+05    4.91507e+04   -5.69058e+06   -2.60761e+04   -5.40593e+06
    Kinetic En.   Total Energy    Temperature Pressure (bar)
    9.30544e+05   -4.47538e+06    3.12086e+02   -2.29326e+00

Writing checkpoint, step 130821890 at Fri Oct  6 09:54:02 2023


Writing checkpoint, step 131039410 at Fri Oct  6 10:09:02 2023


DD  step 131199999 load imb.: force 10.3%

           Step           Time
      131200000   3280000.00000

   Energies (kJ/mol)
           Bond       G96Angle        LJ (SR)   Coulomb (SR)      Potential
    2.61747e+05    4.91242e+04   -5.69160e+06   -2.58377e+04   -5.40657e+06
    Kinetic En.   Total Energy    Temperature Pressure (bar)
    9.30632e+05   -4.47594e+06    3.12115e+02   -1.10746e+01

Writing checkpoint, step 131254410 at Fri Oct  6 10:24:02 2023


Writing checkpoint, step 131469200 at Fri Oct  6 10:39:02 2023


DD  step 131599999 load imb.: force 10.1%

           Step           Time
      131600000   3290000.00000

   Energies (kJ/mol)
           Bond       G96Angle        LJ (SR)   Coulomb (SR)      Potential
    2.61015e+05    4.94856e+04   -5.68844e+06   -2.63306e+04   -5.40427e+06
    Kinetic En.   Total Energy    Temperature Pressure (bar)
    9.29324e+05   -4.47495e+06    3.11676e+02   -4.21657e-01

Writing checkpoint, step 131682580 at Fri Oct  6 10:54:02 2023


Writing checkpoint, step 131894070 at Fri Oct  6 11:09:02 2023


DD  step 131999999 load imb.: force 10.8%

           Step           Time
      132000000   3300000.00000

   Energies (kJ/mol)
           Bond       G96Angle        LJ (SR)   Coulomb (SR)      Potential
    2.60135e+05    4.98433e+04   -5.69124e+06   -2.65644e+04   -5.40782e+06
    Kinetic En.   Total Energy    Temperature Pressure (bar)
    9.30322e+05   -4.47750e+06    3.12011e+02   -2.88728e+00

Writing checkpoint, step 132115540 at Fri Oct  6 11:24:02 2023


Writing checkpoint, step 132332000 at Fri Oct  6 11:39:02 2023


DD  step 132399999 load imb.: force 12.0%

           Step           Time
      132400000   3310000.00000

   Energies (kJ/mol)
           Bond       G96Angle        LJ (SR)   Coulomb (SR)      Potential
    2.61539e+05    4.98024e+04   -5.68461e+06   -2.60282e+04   -5.39930e+06
    Kinetic En.   Total Energy    Temperature Pressure (bar)
    9.34363e+05   -4.46494e+06    3.13366e+02    1.56993e+00

Writing checkpoint, step 132554120 at Fri Oct  6 11:54:02 2023


Writing checkpoint, step 132766320 at Fri Oct  6 12:09:02 2023


DD  step 132799999 load imb.: force 12.2%

           Step           Time
      132800000   3320000.00000

   Energies (kJ/mol)
           Bond       G96Angle        LJ (SR)   Coulomb (SR)      Potential
    2.61387e+05    4.94227e+04   -5.68814e+06   -2.60257e+04   -5.40336e+06
    Kinetic En.   Total Energy    Temperature Pressure (bar)
    9.30580e+05   -4.47278e+06    3.12098e+02    1.27247e+00

Writing checkpoint, step 132986440 at Fri Oct  6 12:24:02 2023


DD  step 133199999 load imb.: force 10.4%

           Step           Time
      133200000   3330000.00000

   Energies (kJ/mol)
           Bond       G96Angle        LJ (SR)   Coulomb (SR)      Potential
    2.62235e+05    5.01973e+04   -5.68522e+06   -2.60046e+04   -5.39879e+06
    Kinetic En.   Total Energy    Temperature Pressure (bar)
    9.34414e+05   -4.46438e+06    3.13383e+02    4.80527e+00

Writing checkpoint, step 133204590 at Fri Oct  6 12:39:02 2023


Writing checkpoint, step 133412840 at Fri Oct  6 12:54:02 2023


DD  step 133599999 load imb.: force 10.3%

           Step           Time
      133600000   3340000.00000

   Energies (kJ/mol)
           Bond       G96Angle        LJ (SR)   Coulomb (SR)      Potential
    2.62593e+05    4.90590e+04   -5.68769e+06   -2.58534e+04   -5.40189e+06
    Kinetic En.   Total Energy    Temperature Pressure (bar)
    9.30151e+05   -4.47174e+06    3.11954e+02   -5.79199e+00

Writing checkpoint, step 133625550 at Fri Oct  6 13:09:02 2023


Writing checkpoint, step 133847120 at Fri Oct  6 13:24:02 2023


DD  step 133999999 load imb.: force 10.6%

           Step           Time
      134000000   3350000.00000

   Energies (kJ/mol)
           Bond       G96Angle        LJ (SR)   Coulomb (SR)      Potential
    2.62158e+05    4.88433e+04   -5.68987e+06   -2.63869e+04   -5.40525e+06
    Kinetic En.   Total Energy    Temperature Pressure (bar)
    9.31631e+05   -4.47362e+06    3.12450e+02    2.80916e-01

Writing checkpoint, step 134073620 at Fri Oct  6 13:39:02 2023


Writing checkpoint, step 134296520 at Fri Oct  6 13:54:02 2023


DD  step 134399999 load imb.: force  9.2%

           Step           Time
      134400000   3360000.00000

   Energies (kJ/mol)
           Bond       G96Angle        LJ (SR)   Coulomb (SR)      Potential
    2.61013e+05    4.91548e+04   -5.69355e+06   -2.59461e+04   -5.40933e+06
    Kinetic En.   Total Energy    Temperature Pressure (bar)
    9.27354e+05   -4.48198e+06    3.11016e+02   -1.29301e+01

Writing checkpoint, step 134516220 at Fri Oct  6 14:09:02 2023


Writing checkpoint, step 134726360 at Fri Oct  6 14:24:02 2023


DD  step 134799999 load imb.: force 89.7%

           Step           Time
      134800000   3370000.00000

   Energies (kJ/mol)
           Bond       G96Angle        LJ (SR)   Coulomb (SR)      Potential
    2.61410e+05    4.92619e+04   -5.69193e+06   -2.62352e+04   -5.40749e+06
    Kinetic En.   Total Energy    Temperature Pressure (bar)
    9.30166e+05   -4.47733e+06    3.11959e+02   -6.60198e+00

Writing checkpoint, step 134935530 at Fri Oct  6 14:39:02 2023


Writing checkpoint, step 135157520 at Fri Oct  6 14:54:02 2023


DD  step 135199999 load imb.: force 11.5%

           Step           Time
      135200000   3380000.00000

   Energies (kJ/mol)
           Bond       G96Angle        LJ (SR)   Coulomb (SR)      Potential
    2.59962e+05    4.99091e+04   -5.68661e+06   -2.58846e+04   -5.40262e+06
    Kinetic En.   Total Energy    Temperature Pressure (bar)
    9.30407e+05   -4.47222e+06    3.12040e+02    1.10934e+00

Writing checkpoint, step 135377750 at Fri Oct  6 15:09:02 2023


Writing checkpoint, step 135580690 at Fri Oct  6 15:24:02 2023


DD  step 135599999 load imb.: force 15.2%

           Step           Time
      135600000   3390000.00000

   Energies (kJ/mol)
           Bond       G96Angle        LJ (SR)   Coulomb (SR)      Potential
    2.60501e+05    4.93057e+04   -5.68830e+06   -2.64332e+04   -5.40492e+06
    Kinetic En.   Total Energy    Temperature Pressure (bar)
    9.29330e+05   -4.47559e+06    3.11679e+02    1.28679e+00

Writing checkpoint, step 135788690 at Fri Oct  6 15:39:02 2023


DD  step 135999999 load imb.: force 17.5%

           Step           Time
      136000000   3400000.00000

   Energies (kJ/mol)
           Bond       G96Angle        LJ (SR)   Coulomb (SR)      Potential
    2.61684e+05    4.96425e+04   -5.68772e+06   -2.60440e+04   -5.40244e+06
    Kinetic En.   Total Energy    Temperature Pressure (bar)
    9.33477e+05   -4.46896e+06    3.13069e+02    9.10166e-01

Writing checkpoint, step 136006540 at Fri Oct  6 15:54:02 2023


Writing checkpoint, step 136222740 at Fri Oct  6 16:09:02 2023


DD  step 136399999 load imb.: force 18.2%

           Step           Time
      136400000   3410000.00000

   Energies (kJ/mol)
           Bond       G96Angle        LJ (SR)   Coulomb (SR)      Potential
    2.61988e+05    4.96634e+04   -5.68596e+06   -2.60696e+04   -5.40038e+06
    Kinetic En.   Total Energy    Temperature Pressure (bar)
    9.36647e+05   -4.46373e+06    3.14132e+02    6.30383e+00

Writing checkpoint, step 136428960 at Fri Oct  6 16:24:02 2023


Writing checkpoint, step 136638100 at Fri Oct  6 16:39:02 2023


DD  step 136799999 load imb.: force 18.7%

           Step           Time
      136800000   3420000.00000

   Energies (kJ/mol)
           Bond       G96Angle        LJ (SR)   Coulomb (SR)      Potential
    2.62001e+05    4.97294e+04   -5.68780e+06   -2.65521e+04   -5.40262e+06
    Kinetic En.   Total Energy    Temperature Pressure (bar)
    9.30753e+05   -4.47187e+06    3.12156e+02    6.02853e+00

Writing checkpoint, step 136840890 at Fri Oct  6 16:54:02 2023


Writing checkpoint, step 137048080 at Fri Oct  6 17:09:02 2023


DD  step 137199999 load imb.: force 11.6%

           Step           Time
      137200000   3430000.00000

   Energies (kJ/mol)
           Bond       G96Angle        LJ (SR)   Coulomb (SR)      Potential
    2.61150e+05    4.93837e+04   -5.68912e+06   -2.62531e+04   -5.40484e+06
    Kinetic En.   Total Energy    Temperature Pressure (bar)
    9.27822e+05   -4.47702e+06    3.11172e+02    2.10205e+00

Writing checkpoint, step 137256040 at Fri Oct  6 17:24:02 2023


Writing checkpoint, step 137464360 at Fri Oct  6 17:39:02 2023


DD  step 137599999 load imb.: force 12.1%

           Step           Time
      137600000   3440000.00000

   Energies (kJ/mol)
           Bond       G96Angle        LJ (SR)   Coulomb (SR)      Potential
    2.60340e+05    4.92338e+04   -5.68534e+06   -2.59245e+04   -5.40169e+06
    Kinetic En.   Total Energy    Temperature Pressure (bar)
    9.32843e+05   -4.46885e+06    3.12856e+02    8.74864e+00

Writing checkpoint, step 137676600 at Fri Oct  6 17:54:02 2023


Writing checkpoint, step 137892990 at Fri Oct  6 18:09:02 2023


DD  step 137999999 load imb.: force 11.7%

           Step           Time
      138000000   3450000.00000

   Energies (kJ/mol)
           Bond       G96Angle        LJ (SR)   Coulomb (SR)      Potential
    2.61135e+05    4.94479e+04   -5.68700e+06   -2.64069e+04   -5.40282e+06
    Kinetic En.   Total Energy    Temperature Pressure (bar)
    9.32213e+05   -4.47061e+06    3.12645e+02   -2.44388e+00

Writing checkpoint, step 138099400 at Fri Oct  6 18:24:02 2023


Writing checkpoint, step 138306820 at Fri Oct  6 18:39:02 2023


DD  step 138399999 load imb.: force 28.6%

           Step           Time
      138400000   3460000.00000

   Energies (kJ/mol)
           Bond       G96Angle        LJ (SR)   Coulomb (SR)      Potential
    2.60418e+05    4.92590e+04   -5.68634e+06   -2.59427e+04   -5.40260e+06
    Kinetic En.   Total Energy    Temperature Pressure (bar)
    9.34128e+05   -4.46848e+06    3.13288e+02    6.39381e+00

Writing checkpoint, step 138528920 at Fri Oct  6 18:54:02 2023


Writing checkpoint, step 138750950 at Fri Oct  6 19:09:02 2023


DD  step 138799999 load imb.: force 11.0%

           Step           Time
      138800000   3470000.00000

   Energies (kJ/mol)
           Bond       G96Angle        LJ (SR)   Coulomb (SR)      Potential
    2.60741e+05    4.99486e+04   -5.68684e+06   -2.59239e+04   -5.40208e+06
    Kinetic En.   Total Energy    Temperature Pressure (bar)
    9.32366e+05   -4.46971e+06    3.12697e+02    6.90562e+00

Writing checkpoint, step 138976200 at Fri Oct  6 19:24:02 2023


DD  step 139199999 load imb.: force 15.0%

           Step           Time
      139200000   3480000.00000

   Energies (kJ/mol)
           Bond       G96Angle        LJ (SR)   Coulomb (SR)      Potential
    2.63107e+05    4.95745e+04   -5.68687e+06   -2.61372e+04   -5.40032e+06
    Kinetic En.   Total Energy    Temperature Pressure (bar)
    9.35250e+05   -4.46507e+06    3.13664e+02    5.44692e+00

Writing checkpoint, step 139201230 at Fri Oct  6 19:39:02 2023


Writing checkpoint, step 139417600 at Fri Oct  6 19:54:02 2023


DD  step 139599999 load imb.: force 17.5%

           Step           Time
      139600000   3490000.00000

   Energies (kJ/mol)
           Bond       G96Angle        LJ (SR)   Coulomb (SR)      Potential
    2.62011e+05    4.96986e+04   -5.68776e+06   -2.63713e+04   -5.40242e+06
    Kinetic En.   Total Energy    Temperature Pressure (bar)
    9.34030e+05   -4.46839e+06    3.13255e+02    2.39782e+00

Writing checkpoint, step 139636090 at Fri Oct  6 20:09:02 2023


Writing checkpoint, step 139832020 at Fri Oct  6 20:24:02 2023


DD  step 139999999 load imb.: force 17.0%

           Step           Time
      140000000   3500000.00000

   Energies (kJ/mol)
           Bond       G96Angle        LJ (SR)   Coulomb (SR)      Potential
    2.61209e+05    4.94915e+04   -5.68898e+06   -2.64139e+04   -5.40470e+06
    Kinetic En.   Total Energy    Temperature Pressure (bar)
    9.32203e+05   -4.47249e+06    3.12642e+02   -6.17924e-01

Writing checkpoint, step 140041820 at Fri Oct  6 20:39:02 2023


Writing checkpoint, step 140257320 at Fri Oct  6 20:54:02 2023


DD  step 140399999 load imb.: force 18.8%

           Step           Time
      140400000   3510000.00000

   Energies (kJ/mol)
           Bond       G96Angle        LJ (SR)   Coulomb (SR)      Potential
    2.60906e+05    4.95379e+04   -5.68413e+06   -2.62130e+04   -5.39990e+06
    Kinetic En.   Total Energy    Temperature Pressure (bar)
    9.29991e+05   -4.46991e+06    3.11900e+02    3.23383e+00

Writing checkpoint, step 140465700 at Fri Oct  6 21:09:02 2023


Writing checkpoint, step 140678570 at Fri Oct  6 21:24:02 2023


DD  step 140799999 load imb.: force 17.9%

           Step           Time
      140800000   3520000.00000

   Energies (kJ/mol)
           Bond       G96Angle        LJ (SR)   Coulomb (SR)      Potential
    2.62460e+05    4.94678e+04   -5.68767e+06   -2.64597e+04   -5.40221e+06
    Kinetic En.   Total Energy    Temperature Pressure (bar)
    9.29495e+05   -4.47271e+06    3.11734e+02    7.91607e+00

Writing checkpoint, step 140892390 at Fri Oct  6 21:39:02 2023


Writing checkpoint, step 141087250 at Fri Oct  6 21:54:02 2023


DD  step 141199999 load imb.: force 18.3%

           Step           Time
      141200000   3530000.00000

   Energies (kJ/mol)
           Bond       G96Angle        LJ (SR)   Coulomb (SR)      Potential
    2.61885e+05    4.92475e+04   -5.68403e+06   -2.61296e+04   -5.39903e+06
    Kinetic En.   Total Energy    Temperature Pressure (bar)
    9.32992e+05   -4.46604e+06    3.12907e+02    1.94487e+00

Writing checkpoint, step 141282970 at Fri Oct  6 22:09:02 2023


Writing checkpoint, step 141493340 at Fri Oct  6 22:24:02 2023


DD  step 141599999 load imb.: force 18.2%

           Step           Time
      141600000   3540000.00000

   Energies (kJ/mol)
           Bond       G96Angle        LJ (SR)   Coulomb (SR)      Potential
    2.60308e+05    4.87755e+04   -5.68819e+06   -2.61319e+04   -5.40524e+06
    Kinetic En.   Total Energy    Temperature Pressure (bar)
    9.32261e+05   -4.47298e+06    3.12661e+02    2.94242e+00

Writing checkpoint, step 141702810 at Fri Oct  6 22:39:02 2023


Writing checkpoint, step 141917430 at Fri Oct  6 22:54:02 2023


DD  step 141999999 load imb.: force 17.8%

           Step           Time
      142000000   3550000.00000

   Energies (kJ/mol)
           Bond       G96Angle        LJ (SR)   Coulomb (SR)      Potential
    2.61459e+05    4.95211e+04   -5.68670e+06   -2.63767e+04   -5.40210e+06
    Kinetic En.   Total Energy    Temperature Pressure (bar)
    9.31674e+05   -4.47043e+06    3.12465e+02    6.55678e+00

Writing checkpoint, step 142127060 at Fri Oct  6 23:09:02 2023


Writing checkpoint, step 142345610 at Fri Oct  6 23:24:02 2023


DD  step 142399999 load imb.: force 11.4%

           Step           Time
      142400000   3560000.00000

   Energies (kJ/mol)
           Bond       G96Angle        LJ (SR)   Coulomb (SR)      Potential
    2.62013e+05    4.98283e+04   -5.68820e+06   -2.59390e+04   -5.40230e+06
    Kinetic En.   Total Energy    Temperature Pressure (bar)
    9.28866e+05   -4.47344e+06    3.11523e+02    6.27401e+00

Writing checkpoint, step 142561510 at Fri Oct  6 23:39:02 2023


Writing checkpoint, step 142769400 at Fri Oct  6 23:54:02 2023


DD  step 142799999 load imb.: force 60.8%

           Step           Time
      142800000   3570000.00000

   Energies (kJ/mol)
           Bond       G96Angle        LJ (SR)   Coulomb (SR)      Potential
    2.62752e+05    4.91385e+04   -5.68647e+06   -2.65206e+04   -5.40110e+06
    Kinetic En.   Total Energy    Temperature Pressure (bar)
    9.31115e+05   -4.46998e+06    3.12277e+02   -4.15466e+00

Writing checkpoint, step 142978890 at Sat Oct  7 00:09:02 2023


Writing checkpoint, step 143191010 at Sat Oct  7 00:24:02 2023


DD  step 143199999 load imb.: force 14.6%

           Step           Time
      143200000   3580000.00000

   Energies (kJ/mol)
           Bond       G96Angle        LJ (SR)   Coulomb (SR)      Potential
    2.61446e+05    4.94719e+04   -5.69160e+06   -2.62887e+04   -5.40697e+06
    Kinetic En.   Total Energy    Temperature Pressure (bar)
    9.31402e+05   -4.47557e+06    3.12373e+02    7.06678e-01

Writing checkpoint, step 143402430 at Sat Oct  7 00:39:02 2023


DD  step 143599999 load imb.: force 17.9%

           Step           Time
      143600000   3590000.00000

   Energies (kJ/mol)
           Bond       G96Angle        LJ (SR)   Coulomb (SR)      Potential
    2.60903e+05    4.96246e+04   -5.68797e+06   -2.62060e+04   -5.40365e+06
    Kinetic En.   Total Energy    Temperature Pressure (bar)
    9.31779e+05   -4.47187e+06    3.12500e+02    4.54329e+00

Writing checkpoint, step 143615450 at Sat Oct  7 00:54:02 2023


Writing checkpoint, step 143831410 at Sat Oct  7 01:09:02 2023


DD  step 143999999 load imb.: force 15.8%

           Step           Time
      144000000   3600000.00000

   Energies (kJ/mol)
           Bond       G96Angle        LJ (SR)   Coulomb (SR)      Potential
    2.62055e+05    4.99041e+04   -5.68651e+06   -2.57871e+04   -5.40034e+06
    Kinetic En.   Total Energy    Temperature Pressure (bar)
    9.31246e+05   -4.46909e+06    3.12321e+02    1.14844e+01

Writing checkpoint, step 144040760 at Sat Oct  7 01:24:02 2023


Writing checkpoint, step 144243770 at Sat Oct  7 01:39:02 2023


DD  step 144399999 load imb.: force 20.4%

           Step           Time
      144400000   3610000.00000

   Energies (kJ/mol)
           Bond       G96Angle        LJ (SR)   Coulomb (SR)      Potential
    2.61809e+05    4.91645e+04   -5.68550e+06   -2.60981e+04   -5.40062e+06
    Kinetic En.   Total Energy    Temperature Pressure (bar)
    9.34163e+05   -4.46646e+06    3.13299e+02    7.23754e+00

Writing checkpoint, step 144459020 at Sat Oct  7 01:54:02 2023


Writing checkpoint, step 144670840 at Sat Oct  7 02:09:02 2023


DD  step 144799999 load imb.: force 18.3%

           Step           Time
      144800000   3620000.00000

   Energies (kJ/mol)
           Bond       G96Angle        LJ (SR)   Coulomb (SR)      Potential
    2.61655e+05    4.90223e+04   -5.69126e+06   -2.65652e+04   -5.40715e+06
    Kinetic En.   Total Energy    Temperature Pressure (bar)
    9.33495e+05   -4.47366e+06    3.13075e+02   -6.26403e+00

Writing checkpoint, step 144875760 at Sat Oct  7 02:24:02 2023


Writing checkpoint, step 145079260 at Sat Oct  7 02:39:02 2023


DD  step 145199999 load imb.: force 19.2%

           Step           Time
      145200000   3630000.00000

   Energies (kJ/mol)
           Bond       G96Angle        LJ (SR)   Coulomb (SR)      Potential
    2.60666e+05    4.96786e+04   -5.68783e+06   -2.65009e+04   -5.40398e+06
    Kinetic En.   Total Energy    Temperature Pressure (bar)
    9.28236e+05   -4.47575e+06    3.11311e+02   -2.27277e+00

Writing checkpoint, step 145279360 at Sat Oct  7 02:54:02 2023


Writing checkpoint, step 145492090 at Sat Oct  7 03:09:02 2023


DD  step 145599999 load imb.: force 20.0%

           Step           Time
      145600000   3640000.00000

   Energies (kJ/mol)
           Bond       G96Angle        LJ (SR)   Coulomb (SR)      Potential
    2.62080e+05    4.95950e+04   -5.68431e+06   -2.54853e+04   -5.39812e+06
    Kinetic En.   Total Energy    Temperature Pressure (bar)
    9.30468e+05   -4.46766e+06    3.12060e+02    1.97440e+00

Writing checkpoint, step 145693710 at Sat Oct  7 03:24:02 2023


Writing checkpoint, step 145910360 at Sat Oct  7 03:39:02 2023


DD  step 145999999 load imb.: force  9.9%

           Step           Time
      146000000   3650000.00000

   Energies (kJ/mol)
           Bond       G96Angle        LJ (SR)   Coulomb (SR)      Potential
    2.60496e+05    4.93275e+04   -5.68520e+06   -2.60069e+04   -5.40139e+06
    Kinetic En.   Total Energy    Temperature Pressure (bar)
    9.30603e+05   -4.47078e+06    3.12105e+02    7.78816e+00

Writing checkpoint, step 146123990 at Sat Oct  7 03:54:02 2023


Writing checkpoint, step 146327780 at Sat Oct  7 04:09:02 2023


DD  step 146399999 load imb.: force 18.1%

           Step           Time
      146400000   3660000.00000

   Energies (kJ/mol)
           Bond       G96Angle        LJ (SR)   Coulomb (SR)      Potential
    2.60397e+05    4.93390e+04   -5.68994e+06   -2.54613e+04   -5.40567e+06
    Kinetic En.   Total Energy    Temperature Pressure (bar)
    9.30475e+05   -4.47519e+06    3.12062e+02    2.29683e-01

Writing checkpoint, step 146527570 at Sat Oct  7 04:24:02 2023


Writing checkpoint, step 146741020 at Sat Oct  7 04:39:02 2023


DD  step 146799999 load imb.: force 19.5%

           Step           Time
      146800000   3670000.00000

   Energies (kJ/mol)
           Bond       G96Angle        LJ (SR)   Coulomb (SR)      Potential
    2.61332e+05    4.92505e+04   -5.69174e+06   -2.61188e+04   -5.40728e+06
    Kinetic En.   Total Energy    Temperature Pressure (bar)
    9.29876e+05   -4.47740e+06    3.11862e+02    5.47391e-01

Writing checkpoint, step 146950830 at Sat Oct  7 04:54:02 2023


Writing checkpoint, step 147157830 at Sat Oct  7 05:09:02 2023


DD  step 147199999 load imb.: force 18.5%

           Step           Time
      147200000   3680000.00000

   Energies (kJ/mol)
           Bond       G96Angle        LJ (SR)   Coulomb (SR)      Potential
    2.60667e+05    5.01601e+04   -5.69151e+06   -2.60856e+04   -5.40677e+06
    Kinetic En.   Total Energy    Temperature Pressure (bar)
    9.29244e+05   -4.47752e+06    3.11650e+02   -1.78672e+00

Writing checkpoint, step 147371600 at Sat Oct  7 05:24:02 2023


Writing checkpoint, step 147577830 at Sat Oct  7 05:39:02 2023


DD  step 147599999 load imb.: force 19.7%

           Step           Time
      147600000   3690000.00000

   Energies (kJ/mol)
           Bond       G96Angle        LJ (SR)   Coulomb (SR)      Potential
    2.60782e+05    4.92658e+04   -5.68718e+06   -2.63912e+04   -5.40352e+06
    Kinetic En.   Total Energy    Temperature Pressure (bar)
    9.32633e+05   -4.47089e+06    3.12786e+02    1.02448e+01

Writing checkpoint, step 147787080 at Sat Oct  7 05:54:02 2023


Writing checkpoint, step 147991540 at Sat Oct  7 06:09:02 2023


DD  step 147999999 load imb.: force 17.5%

           Step           Time
      148000000   3700000.00000

   Energies (kJ/mol)
           Bond       G96Angle        LJ (SR)   Coulomb (SR)      Potential
    2.61630e+05    4.99175e+04   -5.68466e+06   -2.57858e+04   -5.39890e+06
    Kinetic En.   Total Energy    Temperature Pressure (bar)
    9.30944e+05   -4.46796e+06    3.12220e+02    1.57562e+01

Writing checkpoint, step 148197250 at Sat Oct  7 06:24:02 2023


Writing checkpoint, step 148396170 at Sat Oct  7 06:39:02 2023


DD  step 148399999 load imb.: force 17.8%

           Step           Time
      148400000   3710000.00000

   Energies (kJ/mol)
           Bond       G96Angle        LJ (SR)   Coulomb (SR)      Potential
    2.60466e+05    5.01673e+04   -5.69473e+06   -2.59598e+04   -5.41006e+06
    Kinetic En.   Total Energy    Temperature Pressure (bar)
    9.27454e+05   -4.48260e+06    3.11049e+02   -1.55078e+01

Writing checkpoint, step 148610080 at Sat Oct  7 06:54:02 2023


DD  step 148799999 load imb.: force 18.6%

           Step           Time
      148800000   3720000.00000

   Energies (kJ/mol)
           Bond       G96Angle        LJ (SR)   Coulomb (SR)      Potential
    2.62121e+05    4.97809e+04   -5.68568e+06   -2.61071e+04   -5.39989e+06
    Kinetic En.   Total Energy    Temperature Pressure (bar)
    9.31436e+05   -4.46845e+06    3.12385e+02    4.93412e+00

Writing checkpoint, step 148826150 at Sat Oct  7 07:09:02 2023


Writing checkpoint, step 149033730 at Sat Oct  7 07:24:02 2023


DD  step 149199999 load imb.: force 15.0%

           Step           Time
      149200000   3730000.00000

   Energies (kJ/mol)
           Bond       G96Angle        LJ (SR)   Coulomb (SR)      Potential
    2.62110e+05    4.92776e+04   -5.69092e+06   -2.59173e+04   -5.40545e+06
    Kinetic En.   Total Energy    Temperature Pressure (bar)
    9.30207e+05   -4.47524e+06    3.11973e+02   -1.15506e+01

Writing checkpoint, step 149261020 at Sat Oct  7 07:39:02 2023


Writing checkpoint, step 149488290 at Sat Oct  7 07:54:02 2023


DD  step 149599999 load imb.: force 10.9%

           Step           Time
      149600000   3740000.00000

   Energies (kJ/mol)
           Bond       G96Angle        LJ (SR)   Coulomb (SR)      Potential
    2.61016e+05    4.94704e+04   -5.69268e+06   -2.66522e+04   -5.40884e+06
    Kinetic En.   Total Energy    Temperature Pressure (bar)
    9.26752e+05   -4.48209e+06    3.10814e+02    1.20840e+00

Writing checkpoint, step 149697100 at Sat Oct  7 08:09:02 2023


Writing checkpoint, step 149921500 at Sat Oct  7 08:24:02 2023


DD  step 149999999 load imb.: force 10.4%

           Step           Time
      150000000   3750000.00000

   Energies (kJ/mol)
           Bond       G96Angle        LJ (SR)   Coulomb (SR)      Potential
    2.62246e+05    4.93352e+04   -5.69026e+06   -2.62671e+04   -5.40495e+06
    Kinetic En.   Total Energy    Temperature Pressure (bar)
    9.29824e+05   -4.47512e+06    3.11844e+02   -5.98614e+00

Writing checkpoint, step 150141530 at Sat Oct  7 08:39:02 2023


Writing checkpoint, step 150347120 at Sat Oct  7 08:54:02 2023


DD  step 150399999 load imb.: force 11.3%

           Step           Time
      150400000   3760000.00000

   Energies (kJ/mol)
           Bond       G96Angle        LJ (SR)   Coulomb (SR)      Potential
    2.61538e+05    4.99420e+04   -5.69030e+06   -2.55805e+04   -5.40440e+06
    Kinetic En.   Total Energy    Temperature Pressure (bar)
    9.31466e+05   -4.47294e+06    3.12395e+02    5.88339e+00

Writing checkpoint, step 150566720 at Sat Oct  7 09:09:02 2023


Writing checkpoint, step 150767900 at Sat Oct  7 09:24:02 2023


DD  step 150799999 load imb.: force  9.1%

           Step           Time
      150800000   3770000.00000

   Energies (kJ/mol)
           Bond       G96Angle        LJ (SR)   Coulomb (SR)      Potential
    2.61694e+05    4.97892e+04   -5.68522e+06   -2.61660e+04   -5.39991e+06
    Kinetic En.   Total Energy    Temperature Pressure (bar)
    9.28676e+05   -4.47123e+06    3.11459e+02    1.10590e+01

Writing checkpoint, step 150990380 at Sat Oct  7 09:39:02 2023


DD  step 151199999 load imb.: force 11.3%

           Step           Time
      151200000   3780000.00000

   Energies (kJ/mol)
           Bond       G96Angle        LJ (SR)   Coulomb (SR)      Potential
    2.62068e+05    4.96934e+04   -5.68589e+06   -2.63258e+04   -5.40046e+06
    Kinetic En.   Total Energy    Temperature Pressure (bar)
    9.29795e+05   -4.47066e+06    3.11834e+02    8.07798e+00

Writing checkpoint, step 151215140 at Sat Oct  7 09:54:02 2023


Writing checkpoint, step 151428570 at Sat Oct  7 10:09:02 2023


DD  step 151599999 load imb.: force 11.6%

           Step           Time
      151600000   3790000.00000

   Energies (kJ/mol)
           Bond       G96Angle        LJ (SR)   Coulomb (SR)      Potential
    2.61273e+05    4.90471e+04   -5.68894e+06   -2.62335e+04   -5.40485e+06
    Kinetic En.   Total Energy    Temperature Pressure (bar)
    9.28194e+05   -4.47666e+06    3.11297e+02    9.20642e-02

Writing checkpoint, step 151653720 at Sat Oct  7 10:24:02 2023


Writing checkpoint, step 151861820 at Sat Oct  7 10:39:02 2023


DD  step 151999999 load imb.: force 10.6%

           Step           Time
      152000000   3800000.00000

   Energies (kJ/mol)
           Bond       G96Angle        LJ (SR)   Coulomb (SR)      Potential
    2.62524e+05    4.97333e+04   -5.68880e+06   -2.64802e+04   -5.40302e+06
    Kinetic En.   Total Energy    Temperature Pressure (bar)
    9.32601e+05   -4.47042e+06    3.12776e+02   -7.31112e+00

Writing checkpoint, step 152088460 at Sat Oct  7 10:54:02 2023


Writing checkpoint, step 152310790 at Sat Oct  7 11:09:02 2023


DD  step 152399999 load imb.: force 10.3%

           Step           Time
      152400000   3810000.00000

   Energies (kJ/mol)
           Bond       G96Angle        LJ (SR)   Coulomb (SR)      Potential
    2.60419e+05    4.91133e+04   -5.68917e+06   -2.59937e+04   -5.40563e+06
    Kinetic En.   Total Energy    Temperature Pressure (bar)
    9.30719e+05   -4.47491e+06    3.12144e+02   -5.22372e+00

Writing checkpoint, step 152526710 at Sat Oct  7 11:24:02 2023


Writing checkpoint, step 152732060 at Sat Oct  7 11:39:02 2023


DD  step 152799999 load imb.: force 12.1%

           Step           Time
      152800000   3820000.00000

   Energies (kJ/mol)
           Bond       G96Angle        LJ (SR)   Coulomb (SR)      Potential
    2.62488e+05    4.91846e+04   -5.68410e+06   -2.63726e+04   -5.39880e+06
    Kinetic En.   Total Energy    Temperature Pressure (bar)
    9.34034e+05   -4.46477e+06    3.13256e+02    1.43670e+01

Writing checkpoint, step 152946690 at Sat Oct  7 11:54:02 2023


Writing checkpoint, step 153153090 at Sat Oct  7 12:09:02 2023


DD  step 153199999 load imb.: force 11.8%

           Step           Time
      153200000   3830000.00000

   Energies (kJ/mol)
           Bond       G96Angle        LJ (SR)   Coulomb (SR)      Potential
    2.61111e+05    4.95900e+04   -5.68866e+06   -2.65386e+04   -5.40450e+06
    Kinetic En.   Total Energy    Temperature Pressure (bar)
    9.29632e+05   -4.47487e+06    3.11780e+02   -4.03142e+00

Writing checkpoint, step 153375860 at Sat Oct  7 12:24:02 2023


Writing checkpoint, step 153593880 at Sat Oct  7 12:39:02 2023


DD  step 153599999 load imb.: force 10.9%

           Step           Time
      153600000   3840000.00000

   Energies (kJ/mol)
           Bond       G96Angle        LJ (SR)   Coulomb (SR)      Potential
    2.62834e+05    4.95222e+04   -5.68848e+06   -2.59876e+04   -5.40211e+06
    Kinetic En.   Total Energy    Temperature Pressure (bar)
    9.29612e+05   -4.47250e+06    3.11773e+02   -5.45360e-01

Writing checkpoint, step 153818570 at Sat Oct  7 12:54:02 2023


DD  step 153999999 load imb.: force 10.8%

           Step           Time
      154000000   3850000.00000

   Energies (kJ/mol)
           Bond       G96Angle        LJ (SR)   Coulomb (SR)      Potential
    2.61088e+05    4.95057e+04   -5.68661e+06   -2.64479e+04   -5.40246e+06
    Kinetic En.   Total Energy    Temperature Pressure (bar)
    9.30257e+05   -4.47220e+06    3.11989e+02   -9.00661e-01

Writing checkpoint, step 154039960 at Sat Oct  7 13:09:02 2023


Writing checkpoint, step 154269690 at Sat Oct  7 13:24:02 2023


DD  step 154399999 load imb.: force 10.4%

           Step           Time
      154400000   3860000.00000

   Energies (kJ/mol)
           Bond       G96Angle        LJ (SR)   Coulomb (SR)      Potential
    2.60563e+05    4.92337e+04   -5.68883e+06   -2.60336e+04   -5.40506e+06
    Kinetic En.   Total Energy    Temperature Pressure (bar)
    9.29487e+05   -4.47558e+06    3.11731e+02   -3.74282e+00

Writing checkpoint, step 154497090 at Sat Oct  7 13:39:02 2023


Writing checkpoint, step 154704000 at Sat Oct  7 13:54:02 2023


DD  step 154799999 load imb.: force 16.2%

           Step           Time
      154800000   3870000.00000

   Energies (kJ/mol)
           Bond       G96Angle        LJ (SR)   Coulomb (SR)      Potential
    2.61147e+05    4.96554e+04   -5.69017e+06   -2.58701e+04   -5.40523e+06
    Kinetic En.   Total Energy    Temperature Pressure (bar)
    9.31273e+05   -4.47396e+06    3.12330e+02   -3.94398e+00

Writing checkpoint, step 154909610 at Sat Oct  7 14:09:02 2023


Writing checkpoint, step 155116190 at Sat Oct  7 14:24:02 2023


DD  step 155199999 load imb.: force 11.4%

           Step           Time
      155200000   3880000.00000

   Energies (kJ/mol)
           Bond       G96Angle        LJ (SR)   Coulomb (SR)      Potential
    2.60533e+05    4.93202e+04   -5.68750e+06   -2.62492e+04   -5.40390e+06
    Kinetic En.   Total Energy    Temperature Pressure (bar)
    9.29830e+05   -4.47407e+06    3.11846e+02    7.23883e+00

Writing checkpoint, step 155338660 at Sat Oct  7 14:39:02 2023


Writing checkpoint, step 155558050 at Sat Oct  7 14:54:02 2023


DD  step 155599999 load imb.: force  9.8%

           Step           Time
      155600000   3890000.00000

   Energies (kJ/mol)
           Bond       G96Angle        LJ (SR)   Coulomb (SR)      Potential
    2.60812e+05    5.01123e+04   -5.69243e+06   -2.58486e+04   -5.40735e+06
    Kinetic En.   Total Energy    Temperature Pressure (bar)
    9.28226e+05   -4.47913e+06    3.11308e+02   -5.69186e-01

Writing checkpoint, step 155770100 at Sat Oct  7 15:09:02 2023


Writing checkpoint, step 155991760 at Sat Oct  7 15:24:02 2023


DD  step 155999999 load imb.: force 10.3%

           Step           Time
      156000000   3900000.00000

   Energies (kJ/mol)
           Bond       G96Angle        LJ (SR)   Coulomb (SR)      Potential
    2.61715e+05    4.92239e+04   -5.68851e+06   -2.59350e+04   -5.40351e+06
    Kinetic En.   Total Energy    Temperature Pressure (bar)
    9.31570e+05   -4.47194e+06    3.12430e+02    1.91557e+00

Writing checkpoint, step 156200590 at Sat Oct  7 15:39:02 2023


DD  step 156399999 load imb.: force 10.0%

           Step           Time
      156400000   3910000.00000

   Energies (kJ/mol)
           Bond       G96Angle        LJ (SR)   Coulomb (SR)      Potential
    2.61334e+05    4.94528e+04   -5.68860e+06   -2.62157e+04   -5.40402e+06
    Kinetic En.   Total Energy    Temperature Pressure (bar)
    9.32325e+05   -4.47170e+06    3.12683e+02    6.44171e+00

Writing checkpoint, step 156417980 at Sat Oct  7 15:54:02 2023


Writing checkpoint, step 156639690 at Sat Oct  7 16:09:02 2023


DD  step 156799999 load imb.: force 10.4%

           Step           Time
      156800000   3920000.00000

   Energies (kJ/mol)
           Bond       G96Angle        LJ (SR)   Coulomb (SR)      Potential
    2.60611e+05    4.98829e+04   -5.68901e+06   -2.54755e+04   -5.40399e+06
    Kinetic En.   Total Energy    Temperature Pressure (bar)
    9.28293e+05   -4.47570e+06    3.11331e+02   -2.60097e+00

Writing checkpoint, step 156850290 at Sat Oct  7 16:24:02 2023


Writing checkpoint, step 157073490 at Sat Oct  7 16:39:02 2023


DD  step 157199999 load imb.: force 10.3%

           Step           Time
      157200000   3930000.00000

   Energies (kJ/mol)
           Bond       G96Angle        LJ (SR)   Coulomb (SR)      Potential
    2.62653e+05    4.96437e+04   -5.68450e+06   -2.60538e+04   -5.39826e+06
    Kinetic En.   Total Energy    Temperature Pressure (bar)
    9.34165e+05   -4.46410e+06    3.13300e+02    5.70891e+00

Writing checkpoint, step 157288360 at Sat Oct  7 16:54:02 2023


Writing checkpoint, step 157503520 at Sat Oct  7 17:09:02 2023


DD  step 157599999 load imb.: force 11.4%

           Step           Time
      157600000   3940000.00000

   Energies (kJ/mol)
           Bond       G96Angle        LJ (SR)   Coulomb (SR)      Potential
    2.61084e+05    4.94042e+04   -5.69132e+06   -2.59793e+04   -5.40681e+06
    Kinetic En.   Total Energy    Temperature Pressure (bar)
    9.29061e+05   -4.47775e+06    3.11588e+02   -1.43108e+00

Writing checkpoint, step 157720020 at Sat Oct  7 17:24:02 2023


Writing checkpoint, step 157922950 at Sat Oct  7 17:39:02 2023


DD  step 157999999 load imb.: force 10.5%

           Step           Time
      158000000   3950000.00000

   Energies (kJ/mol)
           Bond       G96Angle        LJ (SR)   Coulomb (SR)      Potential
    2.62467e+05    4.98083e+04   -5.68779e+06   -2.58918e+04   -5.40140e+06
    Kinetic En.   Total Energy    Temperature Pressure (bar)
    9.34714e+05   -4.46669e+06    3.13484e+02   -1.50165e+00

Writing checkpoint, step 158143770 at Sat Oct  7 17:54:02 2023


Writing checkpoint, step 158364810 at Sat Oct  7 18:09:02 2023


DD  step 158399999 load imb.: force 10.8%

           Step           Time
      158400000   3960000.00000

   Energies (kJ/mol)
           Bond       G96Angle        LJ (SR)   Coulomb (SR)      Potential
    2.62114e+05    4.91769e+04   -5.68788e+06   -2.58877e+04   -5.40248e+06
    Kinetic En.   Total Energy    Temperature Pressure (bar)
    9.32735e+05   -4.46974e+06    3.12820e+02    2.89353e+00

Writing checkpoint, step 158586910 at Sat Oct  7 18:24:02 2023


DD  step 158799999 load imb.: force 15.4%

           Step           Time
      158800000   3970000.00000

   Energies (kJ/mol)
           Bond       G96Angle        LJ (SR)   Coulomb (SR)      Potential
    2.61293e+05    4.98110e+04   -5.69058e+06   -2.63842e+04   -5.40586e+06
    Kinetic En.   Total Energy    Temperature Pressure (bar)
    9.31420e+05   -4.47444e+06    3.12380e+02   -4.42114e+00

Writing checkpoint, step 158806720 at Sat Oct  7 18:39:02 2023


Writing checkpoint, step 159021540 at Sat Oct  7 18:54:02 2023


DD  step 159199999 load imb.: force 17.3%

           Step           Time
      159200000   3980000.00000

   Energies (kJ/mol)
           Bond       G96Angle        LJ (SR)   Coulomb (SR)      Potential
    2.61729e+05    4.92358e+04   -5.68850e+06   -2.63570e+04   -5.40390e+06
    Kinetic En.   Total Energy    Temperature Pressure (bar)
    9.31753e+05   -4.47214e+06    3.12491e+02    6.45305e+00

Writing checkpoint, step 159235540 at Sat Oct  7 19:09:02 2023


Writing checkpoint, step 159439180 at Sat Oct  7 19:24:02 2023


DD  step 159599999 load imb.: force 19.0%

           Step           Time
      159600000   3990000.00000

   Energies (kJ/mol)
           Bond       G96Angle        LJ (SR)   Coulomb (SR)      Potential
    2.61710e+05    5.02825e+04   -5.68643e+06   -2.66573e+04   -5.40110e+06
    Kinetic En.   Total Energy    Temperature Pressure (bar)
    9.25358e+05   -4.47574e+06    3.10346e+02    5.78391e+00

Writing checkpoint, step 159637400 at Sat Oct  7 19:39:02 2023


Writing checkpoint, step 159854140 at Sat Oct  7 19:54:02 2023


DD  step 159999999 load imb.: force 18.4%

           Step           Time
      160000000   4000000.00000

   Energies (kJ/mol)
           Bond       G96Angle        LJ (SR)   Coulomb (SR)      Potential
    2.62176e+05    5.01648e+04   -5.68500e+06   -2.59882e+04   -5.39865e+06
    Kinetic En.   Total Energy    Temperature Pressure (bar)
    9.31725e+05   -4.46693e+06    3.12482e+02    1.60776e+01

Writing checkpoint, step 160064410 at Sat Oct  7 20:09:02 2023


Writing checkpoint, step 160270430 at Sat Oct  7 20:24:02 2023


DD  step 160399999 load imb.: force 16.7%

           Step           Time
      160400000   4010000.00000

   Energies (kJ/mol)
           Bond       G96Angle        LJ (SR)   Coulomb (SR)      Potential
    2.61402e+05    4.97396e+04   -5.68794e+06   -2.60549e+04   -5.40286e+06
    Kinetic En.   Total Energy    Temperature Pressure (bar)
    9.27154e+05   -4.47570e+06    3.10948e+02    1.35732e+00

Writing checkpoint, step 160488400 at Sat Oct  7 20:39:02 2023


Writing checkpoint, step 160685640 at Sat Oct  7 20:54:02 2023


DD  step 160799999 load imb.: force 18.4%

           Step           Time
      160800000   4020000.00000

   Energies (kJ/mol)
           Bond       G96Angle        LJ (SR)   Coulomb (SR)      Potential
    2.60994e+05    4.93742e+04   -5.69061e+06   -2.60407e+04   -5.40628e+06
    Kinetic En.   Total Energy    Temperature Pressure (bar)
    9.31834e+05   -4.47445e+06    3.12518e+02    3.86609e-01

Writing checkpoint, step 160895060 at Sat Oct  7 21:09:02 2023


Writing checkpoint, step 161102820 at Sat Oct  7 21:24:02 2023


DD  step 161199999 load imb.: force 19.1%

           Step           Time
      161200000   4030000.00000

   Energies (kJ/mol)
           Bond       G96Angle        LJ (SR)   Coulomb (SR)      Potential
    2.61165e+05    4.96342e+04   -5.69065e+06   -2.58568e+04   -5.40571e+06
    Kinetic En.   Total Energy    Temperature Pressure (bar)
    9.30344e+05   -4.47537e+06    3.12019e+02   -6.02525e-01

Writing checkpoint, step 161316370 at Sat Oct  7 21:39:02 2023


Writing checkpoint, step 161528250 at Sat Oct  7 21:54:02 2023


DD  step 161599999 load imb.: force 19.4%

           Step           Time
      161600000   4040000.00000

   Energies (kJ/mol)
           Bond       G96Angle        LJ (SR)   Coulomb (SR)      Potential
    2.62406e+05    4.96694e+04   -5.68852e+06   -2.58814e+04   -5.40232e+06
    Kinetic En.   Total Energy    Temperature Pressure (bar)
    9.32475e+05   -4.46985e+06    3.12733e+02    2.98262e+00

Writing checkpoint, step 161735480 at Sat Oct  7 22:09:02 2023


Writing checkpoint, step 161943200 at Sat Oct  7 22:24:02 2023


DD  step 161999999 load imb.: force 18.6%

           Step           Time
      162000000   4050000.00000

   Energies (kJ/mol)
           Bond       G96Angle        LJ (SR)   Coulomb (SR)      Potential
    2.60705e+05    4.88957e+04   -5.69161e+06   -2.61824e+04   -5.40820e+06
    Kinetic En.   Total Energy    Temperature Pressure (bar)
    9.28589e+05   -4.47961e+06    3.11430e+02   -6.56643e+00

Writing checkpoint, step 162156400 at Sat Oct  7 22:39:02 2023


Writing checkpoint, step 162358560 at Sat Oct  7 22:54:02 2023


DD  step 162399999 load imb.: force 19.6%

           Step           Time
      162400000   4060000.00000

   Energies (kJ/mol)
           Bond       G96Angle        LJ (SR)   Coulomb (SR)      Potential
    2.63146e+05    4.92088e+04   -5.68838e+06   -2.58298e+04   -5.40185e+06
    Kinetic En.   Total Energy    Temperature Pressure (bar)
    9.32069e+05   -4.46978e+06    3.12597e+02    4.68842e+00

Writing checkpoint, step 162563420 at Sat Oct  7 23:09:02 2023


Writing checkpoint, step 162772600 at Sat Oct  7 23:24:02 2023


DD  step 162799999 load imb.: force 18.6%

           Step           Time
      162800000   4070000.00000

   Energies (kJ/mol)
           Bond       G96Angle        LJ (SR)   Coulomb (SR)      Potential
    2.61368e+05    4.96792e+04   -5.68769e+06   -2.65148e+04   -5.40316e+06
    Kinetic En.   Total Energy    Temperature Pressure (bar)
    9.29487e+05   -4.47367e+06    3.11731e+02   -1.90353e+00

Writing checkpoint, step 162978530 at Sat Oct  7 23:39:02 2023


Writing checkpoint, step 163183840 at Sat Oct  7 23:54:02 2023


DD  step 163199999 load imb.: force 18.7%

           Step           Time
      163200000   4080000.00000

   Energies (kJ/mol)
           Bond       G96Angle        LJ (SR)   Coulomb (SR)      Potential
    2.62575e+05    4.95493e+04   -5.69025e+06   -2.61056e+04   -5.40423e+06
    Kinetic En.   Total Energy    Temperature Pressure (bar)
    9.32947e+05   -4.47128e+06    3.12892e+02   -5.14073e+00

Writing checkpoint, step 163394400 at Sun Oct  8 00:09:02 2023


DD  step 163599999 load imb.: force 18.5%

           Step           Time
      163600000   4090000.00000

   Energies (kJ/mol)
           Bond       G96Angle        LJ (SR)   Coulomb (SR)      Potential
    2.61753e+05    4.99541e+04   -5.68392e+06   -2.59815e+04   -5.39820e+06
    Kinetic En.   Total Energy    Temperature Pressure (bar)
    9.32814e+05   -4.46538e+06    3.12847e+02    6.64195e+00

Writing checkpoint, step 163608200 at Sun Oct  8 00:24:02 2023


Writing checkpoint, step 163814070 at Sun Oct  8 00:39:02 2023


DD  step 163999999 load imb.: force 18.4%

           Step           Time
      164000000   4100000.00000

   Energies (kJ/mol)
           Bond       G96Angle        LJ (SR)   Coulomb (SR)      Potential
    2.61258e+05    4.97065e+04   -5.68891e+06   -2.61520e+04   -5.40410e+06
    Kinetic En.   Total Energy    Temperature Pressure (bar)
    9.29853e+05   -4.47425e+06    3.11854e+02   -7.07140e-01

Writing checkpoint, step 164011040 at Sun Oct  8 00:54:02 2023


Writing checkpoint, step 164221370 at Sun Oct  8 01:09:02 2023


DD  step 164399999 load imb.: force 19.5%

           Step           Time
      164400000   4110000.00000

   Energies (kJ/mol)
           Bond       G96Angle        LJ (SR)   Coulomb (SR)      Potential
    2.61347e+05    4.95659e+04   -5.68742e+06   -2.61967e+04   -5.40271e+06
    Kinetic En.   Total Energy    Temperature Pressure (bar)
    9.32030e+05   -4.47068e+06    3.12584e+02    1.99963e+00

Writing checkpoint, step 164437640 at Sun Oct  8 01:24:02 2023


Writing checkpoint, step 164637750 at Sun Oct  8 01:39:02 2023


DD  step 164799999 load imb.: force 19.1%

           Step           Time
      164800000   4120000.00000

   Energies (kJ/mol)
           Bond       G96Angle        LJ (SR)   Coulomb (SR)      Potential
    2.60737e+05    5.00956e+04   -5.69222e+06   -2.57313e+04   -5.40712e+06
    Kinetic En.   Total Energy    Temperature Pressure (bar)
    9.28100e+05   -4.47902e+06    3.11266e+02   -6.99835e+00

Writing checkpoint, step 164821380 at Sun Oct  8 01:54:02 2023


Writing checkpoint, step 165023110 at Sun Oct  8 02:09:02 2023


DD  step 165199999 load imb.: force 17.4%

           Step           Time
      165200000   4130000.00000

   Energies (kJ/mol)
           Bond       G96Angle        LJ (SR)   Coulomb (SR)      Potential
    2.61415e+05    4.95557e+04   -5.68881e+06   -2.54337e+04   -5.40327e+06
    Kinetic En.   Total Energy    Temperature Pressure (bar)
    9.31671e+05   -4.47160e+06    3.12463e+02   -5.15559e+00

Writing checkpoint, step 165240750 at Sun Oct  8 02:24:02 2023


Writing checkpoint, step 165456170 at Sun Oct  8 02:39:02 2023


DD  step 165599999 load imb.: force 17.6%

           Step           Time
      165600000   4140000.00000

   Energies (kJ/mol)
           Bond       G96Angle        LJ (SR)   Coulomb (SR)      Potential
    2.61877e+05    4.97052e+04   -5.68724e+06   -2.61313e+04   -5.40179e+06
    Kinetic En.   Total Energy    Temperature Pressure (bar)
    9.32145e+05   -4.46965e+06    3.12623e+02   -5.61759e+00

Writing checkpoint, step 165661110 at Sun Oct  8 02:54:02 2023


Writing checkpoint, step 165874610 at Sun Oct  8 03:09:02 2023


DD  step 165999999 load imb.: force 14.8%

           Step           Time
      166000000   4150000.00000

   Energies (kJ/mol)
           Bond       G96Angle        LJ (SR)   Coulomb (SR)      Potential
    2.62621e+05    4.91325e+04   -5.68768e+06   -2.59875e+04   -5.40191e+06
    Kinetic En.   Total Energy    Temperature Pressure (bar)
    9.39323e+05   -4.46259e+06    3.15030e+02    5.85701e+00

Writing checkpoint, step 166084470 at Sun Oct  8 03:24:02 2023


Writing checkpoint, step 166293800 at Sun Oct  8 03:39:02 2023


DD  step 166399999 load imb.: force 18.6%

           Step           Time
      166400000   4160000.00000

   Energies (kJ/mol)
           Bond       G96Angle        LJ (SR)   Coulomb (SR)      Potential
    2.61508e+05    4.92594e+04   -5.68548e+06   -2.61869e+04   -5.40090e+06
    Kinetic En.   Total Energy    Temperature Pressure (bar)
    9.33228e+05   -4.46768e+06    3.12986e+02    3.48609e+00

Writing checkpoint, step 166482990 at Sun Oct  8 03:54:02 2023


Writing checkpoint, step 166692270 at Sun Oct  8 04:09:02 2023


DD  step 166799999 load imb.: force 17.8%

           Step           Time
      166800000   4170000.00000

   Energies (kJ/mol)
           Bond       G96Angle        LJ (SR)   Coulomb (SR)      Potential
    2.60567e+05    5.02382e+04   -5.68768e+06   -2.60934e+04   -5.40297e+06
    Kinetic En.   Total Energy    Temperature Pressure (bar)
    9.30242e+05   -4.47273e+06    3.11984e+02    1.22261e+00

Writing checkpoint, step 166901030 at Sun Oct  8 04:24:02 2023


Writing checkpoint, step 167104590 at Sun Oct  8 04:39:02 2023


DD  step 167199999 load imb.: force 17.4%

           Step           Time
      167200000   4180000.00000

   Energies (kJ/mol)
           Bond       G96Angle        LJ (SR)   Coulomb (SR)      Potential
    2.62760e+05    4.96569e+04   -5.68816e+06   -2.59193e+04   -5.40166e+06
    Kinetic En.   Total Energy    Temperature Pressure (bar)
    9.31009e+05   -4.47065e+06    3.12242e+02   -2.00791e+00

Writing checkpoint, step 167306260 at Sun Oct  8 04:54:02 2023


Writing checkpoint, step 167516790 at Sun Oct  8 05:09:02 2023


DD  step 167599999 load imb.: force 15.5%

           Step           Time
      167600000   4190000.00000

   Energies (kJ/mol)
           Bond       G96Angle        LJ (SR)   Coulomb (SR)      Potential
    2.61014e+05    4.92560e+04   -5.68665e+06   -2.60001e+04   -5.40238e+06
    Kinetic En.   Total Energy    Temperature Pressure (bar)
    9.31507e+05   -4.47088e+06    3.12409e+02    8.62978e+00

Writing checkpoint, step 167732020 at Sun Oct  8 05:24:02 2023


Writing checkpoint, step 167932180 at Sun Oct  8 05:39:02 2023


DD  step 167999999 load imb.: force 16.9%

           Step           Time
      168000000   4200000.00000

   Energies (kJ/mol)
           Bond       G96Angle        LJ (SR)   Coulomb (SR)      Potential
    2.62470e+05    4.96732e+04   -5.68950e+06   -2.61469e+04   -5.40350e+06
    Kinetic En.   Total Energy    Temperature Pressure (bar)
    9.31000e+05   -4.47250e+06    3.12238e+02   -8.00655e+00

Writing checkpoint, step 168139510 at Sun Oct  8 05:54:02 2023


Writing checkpoint, step 168350700 at Sun Oct  8 06:09:02 2023


DD  step 168399999 load imb.: force 13.4%

           Step           Time
      168400000   4210000.00000

   Energies (kJ/mol)
           Bond       G96Angle        LJ (SR)   Coulomb (SR)      Potential
    2.61657e+05    4.90428e+04   -5.68900e+06   -2.61709e+04   -5.40447e+06
    Kinetic En.   Total Energy    Temperature Pressure (bar)
    9.33678e+05   -4.47080e+06    3.13137e+02   -1.89951e+00

Writing checkpoint, step 168567520 at Sun Oct  8 06:24:02 2023


Writing checkpoint, step 168775360 at Sun Oct  8 06:39:02 2023


DD  step 168799999 load imb.: force 15.4%

           Step           Time
      168800000   4220000.00000

   Energies (kJ/mol)
           Bond       G96Angle        LJ (SR)   Coulomb (SR)      Potential
    2.61597e+05    4.92971e+04   -5.68695e+06   -2.56990e+04   -5.40175e+06
    Kinetic En.   Total Energy    Temperature Pressure (bar)
    9.29513e+05   -4.47224e+06    3.11740e+02   -6.48257e-01

Writing checkpoint, step 168991660 at Sun Oct  8 06:54:02 2023


DD  step 169199999 load imb.: force 13.6%

           Step           Time
      169200000   4230000.00000

   Energies (kJ/mol)
           Bond       G96Angle        LJ (SR)   Coulomb (SR)      Potential
    2.61420e+05    4.95248e+04   -5.69061e+06   -2.59143e+04   -5.40558e+06
    Kinetic En.   Total Energy    Temperature Pressure (bar)
    9.32591e+05   -4.47299e+06    3.12772e+02   -1.06211e+00

Writing checkpoint, step 169205000 at Sun Oct  8 07:09:02 2023


Writing checkpoint, step 169424800 at Sun Oct  8 07:24:02 2023


DD  step 169599999 load imb.: force 11.8%

           Step           Time
      169600000   4240000.00000

   Energies (kJ/mol)
           Bond       G96Angle        LJ (SR)   Coulomb (SR)      Potential
    2.60807e+05    4.94739e+04   -5.69103e+06   -2.60233e+04   -5.40678e+06
    Kinetic En.   Total Energy    Temperature Pressure (bar)
    9.30708e+05   -4.47607e+06    3.12141e+02   -5.36759e+00

Writing checkpoint, step 169628400 at Sun Oct  8 07:39:02 2023


Writing checkpoint, step 169840410 at Sun Oct  8 07:54:02 2023


DD  step 169999999 load imb.: force 11.3%

           Step           Time
      170000000   4250000.00000

   Energies (kJ/mol)
           Bond       G96Angle        LJ (SR)   Coulomb (SR)      Potential
    2.61600e+05    4.97247e+04   -5.68754e+06   -2.63683e+04   -5.40258e+06
    Kinetic En.   Total Energy    Temperature Pressure (bar)
    9.33380e+05   -4.46920e+06    3.13037e+02    8.88545e+00

Writing checkpoint, step 170058620 at Sun Oct  8 08:09:02 2023


Writing checkpoint, step 170277890 at Sun Oct  8 08:24:02 2023


DD  step 170399999 load imb.: force 15.3%

           Step           Time
      170400000   4260000.00000

   Energies (kJ/mol)
           Bond       G96Angle        LJ (SR)   Coulomb (SR)      Potential
    2.61632e+05    4.99803e+04   -5.68555e+06   -2.60538e+04   -5.39999e+06
    Kinetic En.   Total Energy    Temperature Pressure (bar)
    9.31863e+05   -4.46813e+06    3.12528e+02    2.38519e+00

Writing checkpoint, step 170489270 at Sun Oct  8 08:39:02 2023


Writing checkpoint, step 170695720 at Sun Oct  8 08:54:02 2023


DD  step 170799999 load imb.: force 14.4%

           Step           Time
      170800000   4270000.00000

   Energies (kJ/mol)
           Bond       G96Angle        LJ (SR)   Coulomb (SR)      Potential
    2.61094e+05    4.91614e+04   -5.68848e+06   -2.60762e+04   -5.40430e+06
    Kinetic En.   Total Energy    Temperature Pressure (bar)
    9.29192e+05   -4.47511e+06    3.11632e+02    3.07904e+00

Writing checkpoint, step 170916100 at Sun Oct  8 09:09:02 2023


Writing checkpoint, step 171126140 at Sun Oct  8 09:24:02 2023


DD  step 171199999 load imb.: force 17.3%

           Step           Time
      171200000   4280000.00000

   Energies (kJ/mol)
           Bond       G96Angle        LJ (SR)   Coulomb (SR)      Potential
    2.61196e+05    4.88307e+04   -5.68779e+06   -2.61558e+04   -5.40392e+06
    Kinetic En.   Total Energy    Temperature Pressure (bar)
    9.30634e+05   -4.47328e+06    3.12116e+02   -5.38378e+00

Writing checkpoint, step 171344840 at Sun Oct  8 09:39:02 2023


Writing checkpoint, step 171558510 at Sun Oct  8 09:54:02 2023


DD  step 171599999 load imb.: force 13.0%

           Step           Time
      171600000   4290000.00000

   Energies (kJ/mol)
           Bond       G96Angle        LJ (SR)   Coulomb (SR)      Potential
    2.60265e+05    4.90820e+04   -5.69257e+06   -2.58642e+04   -5.40908e+06
    Kinetic En.   Total Energy    Temperature Pressure (bar)
    9.30901e+05   -4.47818e+06    3.12205e+02   -6.29660e+00

Writing checkpoint, step 171761680 at Sun Oct  8 10:09:02 2023


Writing checkpoint, step 171966640 at Sun Oct  8 10:24:02 2023


DD  step 171999999 load imb.: force 17.2%

           Step           Time
      172000000   4300000.00000

   Energies (kJ/mol)
           Bond       G96Angle        LJ (SR)   Coulomb (SR)      Potential
    2.60466e+05    4.91105e+04   -5.68805e+06   -2.58070e+04   -5.40428e+06
    Kinetic En.   Total Energy    Temperature Pressure (bar)
    9.29405e+05   -4.47488e+06    3.11703e+02   -2.26422e+00

Writing checkpoint, step 172178960 at Sun Oct  8 10:39:02 2023


Writing checkpoint, step 172387670 at Sun Oct  8 10:54:02 2023


DD  step 172399999 load imb.: force 17.4%

           Step           Time
      172400000   4310000.00000

   Energies (kJ/mol)
           Bond       G96Angle        LJ (SR)   Coulomb (SR)      Potential
    2.62400e+05    4.98462e+04   -5.68812e+06   -2.58590e+04   -5.40174e+06
    Kinetic En.   Total Energy    Temperature Pressure (bar)
    9.29547e+05   -4.47219e+06    3.11751e+02   -3.95181e+00

Writing checkpoint, step 172599630 at Sun Oct  8 11:09:02 2023


DD  step 172799999 load imb.: force 18.4%

           Step           Time
      172800000   4320000.00000

   Energies (kJ/mol)
           Bond       G96Angle        LJ (SR)   Coulomb (SR)      Potential
    2.61595e+05    4.94145e+04   -5.68751e+06   -2.63602e+04   -5.40286e+06
    Kinetic En.   Total Energy    Temperature Pressure (bar)
    9.31702e+05   -4.47116e+06    3.12474e+02    3.48737e+00

Writing checkpoint, step 172805510 at Sun Oct  8 11:24:02 2023


Writing checkpoint, step 173019390 at Sun Oct  8 11:39:02 2023


DD  step 173199999 load imb.: force 10.8%

           Step           Time
      173200000   4330000.00000

   Energies (kJ/mol)
           Bond       G96Angle        LJ (SR)   Coulomb (SR)      Potential
    2.61705e+05    4.95040e+04   -5.68569e+06   -2.65875e+04   -5.40107e+06
    Kinetic En.   Total Energy    Temperature Pressure (bar)
    9.32996e+05   -4.46807e+06    3.12908e+02    6.48002e+00

Writing checkpoint, step 173226390 at Sun Oct  8 11:54:02 2023


Writing checkpoint, step 173433730 at Sun Oct  8 12:09:02 2023


DD  step 173599999 load imb.: force 10.8%

           Step           Time
      173600000   4340000.00000

   Energies (kJ/mol)
           Bond       G96Angle        LJ (SR)   Coulomb (SR)      Potential
    2.62175e+05    4.91834e+04   -5.68539e+06   -2.64634e+04   -5.40050e+06
    Kinetic En.   Total Energy    Temperature Pressure (bar)
    9.32554e+05   -4.46794e+06    3.12760e+02    1.57426e-01

Writing checkpoint, step 173659390 at Sun Oct  8 12:24:02 2023


Writing checkpoint, step 173874650 at Sun Oct  8 12:39:02 2023


DD  step 173999999 load imb.: force 10.5%

           Step           Time
      174000000   4350000.00000

   Energies (kJ/mol)
           Bond       G96Angle        LJ (SR)   Coulomb (SR)      Potential
    2.59787e+05    4.97823e+04   -5.69163e+06   -2.58601e+04   -5.40792e+06
    Kinetic En.   Total Energy    Temperature Pressure (bar)
    9.27588e+05   -4.48034e+06    3.11094e+02    2.62184e+00

Writing checkpoint, step 174092360 at Sun Oct  8 12:54:02 2023


Writing checkpoint, step 174310730 at Sun Oct  8 13:09:02 2023


DD  step 174399999 load imb.: force 10.6%

           Step           Time
      174400000   4360000.00000

   Energies (kJ/mol)
           Bond       G96Angle        LJ (SR)   Coulomb (SR)      Potential
    2.61115e+05    5.04099e+04   -5.68001e+06   -2.58170e+04   -5.39430e+06
    Kinetic En.   Total Energy    Temperature Pressure (bar)
    9.34327e+05   -4.45997e+06    3.13354e+02    1.66472e+01

Writing checkpoint, step 174522270 at Sun Oct  8 13:24:02 2023


Writing checkpoint, step 174744980 at Sun Oct  8 13:39:02 2023


DD  step 174799999 load imb.: force 17.6%

           Step           Time
      174800000   4370000.00000

   Energies (kJ/mol)
           Bond       G96Angle        LJ (SR)   Coulomb (SR)      Potential
    2.60843e+05    4.92110e+04   -5.68824e+06   -2.61545e+04   -5.40434e+06
    Kinetic En.   Total Energy    Temperature Pressure (bar)
    9.30026e+05   -4.47432e+06    3.11912e+02    2.08555e+00

Writing checkpoint, step 174961560 at Sun Oct  8 13:54:02 2023


Writing checkpoint, step 175172690 at Sun Oct  8 14:09:02 2023


DD  step 175199999 load imb.: force 13.0%

           Step           Time
      175200000   4380000.00000

   Energies (kJ/mol)
           Bond       G96Angle        LJ (SR)   Coulomb (SR)      Potential
    2.61246e+05    4.96676e+04   -5.68688e+06   -2.63879e+04   -5.40235e+06
    Kinetic En.   Total Energy    Temperature Pressure (bar)
    9.29083e+05   -4.47327e+06    3.11595e+02    7.62968e+00

Writing checkpoint, step 175385090 at Sun Oct  8 14:24:02 2023


Writing checkpoint, step 175597300 at Sun Oct  8 14:39:02 2023


DD  step 175599999 load imb.: force 10.9%

           Step           Time
      175600000   4390000.00000

   Energies (kJ/mol)
           Bond       G96Angle        LJ (SR)   Coulomb (SR)      Potential
    2.60423e+05    4.93712e+04   -5.68760e+06   -2.59153e+04   -5.40372e+06
    Kinetic En.   Total Energy    Temperature Pressure (bar)
    9.33576e+05   -4.47015e+06    3.13102e+02    3.07427e+00

Writing checkpoint, step 175810120 at Sun Oct  8 14:54:02 2023


DD  step 175999999 load imb.: force 12.4%

           Step           Time
      176000000   4400000.00000

   Energies (kJ/mol)
           Bond       G96Angle        LJ (SR)   Coulomb (SR)      Potential
    2.61582e+05    4.96551e+04   -5.68876e+06   -2.60186e+04   -5.40354e+06
    Kinetic En.   Total Energy    Temperature Pressure (bar)
    9.30910e+05   -4.47263e+06    3.12208e+02    1.36952e+00

Writing checkpoint, step 176023400 at Sun Oct  8 15:09:02 2023


Writing checkpoint, step 176224600 at Sun Oct  8 15:24:02 2023


DD  step 176399999 load imb.: force 14.9%

           Step           Time
      176400000   4410000.00000

   Energies (kJ/mol)
           Bond       G96Angle        LJ (SR)   Coulomb (SR)      Potential
    2.60910e+05    4.92428e+04   -5.69031e+06   -2.62817e+04   -5.40644e+06
    Kinetic En.   Total Energy    Temperature Pressure (bar)
    9.30000e+05   -4.47644e+06    3.11903e+02   -9.04615e+00

Writing checkpoint, step 176439350 at Sun Oct  8 15:39:02 2023


Writing checkpoint, step 176637530 at Sun Oct  8 15:54:02 2023


DD  step 176799999 load imb.: force 12.5%

           Step           Time
      176800000   4420000.00000

   Energies (kJ/mol)
           Bond       G96Angle        LJ (SR)   Coulomb (SR)      Potential
    2.61316e+05    4.98893e+04   -5.68122e+06   -2.59126e+04   -5.39593e+06
    Kinetic En.   Total Energy    Temperature Pressure (bar)
    9.33552e+05   -4.46238e+06    3.13095e+02    1.89001e+01

Writing checkpoint, step 176849110 at Sun Oct  8 16:09:02 2023


Writing checkpoint, step 177068170 at Sun Oct  8 16:24:02 2023


DD  step 177199999 load imb.: force 16.5%

           Step           Time
      177200000   4430000.00000

   Energies (kJ/mol)
           Bond       G96Angle        LJ (SR)   Coulomb (SR)      Potential
    2.60751e+05    4.98165e+04   -5.68802e+06   -2.56027e+04   -5.40306e+06
    Kinetic En.   Total Energy    Temperature Pressure (bar)
    9.32285e+05   -4.47077e+06    3.12669e+02    3.75961e+00

Writing checkpoint, step 177281720 at Sun Oct  8 16:39:02 2023


Writing checkpoint, step 177497020 at Sun Oct  8 16:54:02 2023


DD  step 177599999 load imb.: force 16.9%

           Step           Time
      177600000   4440000.00000

   Energies (kJ/mol)
           Bond       G96Angle        LJ (SR)   Coulomb (SR)      Potential
    2.61442e+05    4.95498e+04   -5.68804e+06   -2.64044e+04   -5.40345e+06
    Kinetic En.   Total Energy    Temperature Pressure (bar)
    9.32431e+05   -4.47102e+06    3.12718e+02    3.99141e+00

Writing checkpoint, step 177702260 at Sun Oct  8 17:09:02 2023


Writing checkpoint, step 177908290 at Sun Oct  8 17:24:02 2023




Received the TERM signal, stopping within 10 steps

           Step           Time
      177911578   4447789.45000

Writing checkpoint, step 177911578 at Sun Oct  8 17:24:15 2023




-----------------------------------------------------------
Restarting from checkpoint, appending to previous log file.

Log file opened on Tue Oct 10 14:18:58 2023
Host: halc051.amarel.rutgers.edu  pid: 84035  rank ID: 0  number of ranks:  32
                      :-) GROMACS - gmx mdrun, 2016.1 (-:

Executable:   /opt/sw/packages/intel-17.0.1/mvapich2-2.2/gromacs/2016.1/bin/gmx_mpi
Data prefix:  /opt/sw/packages/intel-17.0.1/mvapich2-2.2/gromacs/2016.1
Working dir:  /scratch/jje63/heat_lig_multinano/Common_Nanoparticle_5/Tetracosanethiol
Command line:
  gmx_mpi mdrun -s md2.tpr -cpi md.cpt -ntomp 1 -deffnm md -v -rdd 1.4

GROMACS version:    2016.1
Precision:          single
Memory model:       64 bit
MPI library:        MPI
OpenMP support:     enabled (GMX_OPENMP_MAX_THREADS = 32)
GPU support:        disabled
SIMD instructions:  AVX_256
FFT library:        Intel MKL
RDTSCP usage:       enabled
TNG support:        enabled
Hwloc support:      disabled
Tracing support:    disabled
Built on:           Wed Nov 23 15:27:26 EST 2016
Built by:           novosirj@perceval2.hpc.rutgers.edu [CMAKE]
Build OS/arch:      Linux 3.10.0-229.20.1.el7.x86_64 x86_64
Build CPU vendor:   Intel
Build CPU brand:    Intel(R) Xeon(R) CPU E5-2650 v3 @ 2.30GHz
Build CPU family:   6   Model: 63   Stepping: 2
Build CPU features: aes apic avx avx2 clfsh cmov cx8 cx16 f16c fma htt lahf mmx msr nonstop_tsc pcid pclmuldq pdcm pdpe1gb popcnt pse rdrnd rdtscp sse2 sse3 sse4.1 sse4.2 ssse3 tdt x2apic
C compiler:         /opt/sw/packages/intel/17.0.1/compilers_and_libraries/linux/bin/intel64/icc Intel 17.0.0.20161005
C compiler flags:    -mavx   -mkl=sequential  -std=gnu99  -O3 -DNDEBUG -ip -funroll-all-loops -alias-const -ansi-alias  
C++ compiler:       /opt/sw/packages/intel/17.0.1/compilers_and_libraries/linux/bin/intel64/icpc Intel 17.0.0.20161005
C++ compiler flags:  -mavx    -std=c++0x   -O3 -DNDEBUG -ip -funroll-all-loops -alias-const -ansi-alias  


Initializing Domain Decomposition on 32 ranks
Dynamic load balancing: auto
Minimum cell size due to bonded interactions: 1.400 nm
Domain decomposition grid 8 x 4 x 1, separate PME ranks 0
Domain decomposition rank 0, coordinates 0 0 0

The initial number of communication pulses is: X 1 Y 1
The initial domain decomposition cell size is: X 5.25 nm Y 10.50 nm

The maximum allowed distance for charge groups involved in interactions is:
                 non-bonded interactions           1.200 nm
(the following are initial values, they could change due to box deformation)
            two-body bonded interactions  (-rdd)   1.400 nm
          multi-body bonded interactions  (-rdd)   1.400 nm

When dynamic load balancing gets turned on, these settings will change to:
The maximum number of communication pulses is: X 1 Y 1
The minimum size for domain decomposition cells is 1.400 nm
The requested allowed shrink of DD cells (option -dds) is: 0.80
The allowed shrink of domain decomposition cells is: X 0.27 Y 0.13
The maximum allowed distance for charge groups involved in interactions is:
                 non-bonded interactions           1.200 nm
            two-body bonded interactions  (-rdd)   1.400 nm
          multi-body bonded interactions  (-rdd)   1.400 nm

Using 32 MPI processes


NOTE: This file uses the deprecated 'group' cutoff_scheme. This will be
removed in a future release when 'verlet' supports all interaction forms.

Table routines are used for coulomb: true
Table routines are used for vdw:     true
Using shifted Lennard-Jones, switch between 0.9 and 1.2 nm
Cut-off's:   NS: 1.2   Coulomb: 1.2   LJ: 1.2
System total charge: 0.000
Generated table with 1100 data points for Shift.
Tabscale = 500 points/nm
Generated table with 1100 data points for LJ6Shift.
Tabscale = 500 points/nm
Generated table with 1100 data points for LJ12Shift.
Tabscale = 500 points/nm
Potential shift: LJ r^-12: 0.000e+00 r^-6: 0.000e+00

Non-default thread affinity set probably by the OpenMP library,
disabling internal thread affinity

Linking all bonded interactions to atoms

Intra-simulation communication will occur every 1 steps.
Center of mass motion removal mode is Linear
We have the following groups for center of mass motion removal:
  0:  rest
There are: 239078 Atoms
Atom distribution over 32 domains: av 7471 stddev 88 min 7377 max 7691
Grid: 7 x 12 x 15 cells
Initial temperature: 624.903 K

Started mdrun on rank 0 Tue Oct 10 14:18:58 2023

DD  step 177911579 load imb.: force 108.6%


step 177911600 Turning on dynamic load balancing, because the performance loss due to load imbalance is 8.0 %.


step 177911770 Turning off dynamic load balancing, because it is degrading performance.

Atom distribution over 32 domains: av 7471 stddev 93 min 7393 max 7705

step 177913570 Turning on dynamic load balancing, because the performance loss due to load imbalance is 2.9 %.


step 177913770 Turning off dynamic load balancing, because it is degrading performance.

Atom distribution over 32 domains: av 7471 stddev 92 min 7389 max 7710

step 177914570 Will no longer try dynamic load balancing, as it degraded performance.

DD  step 177999999 load imb.: force 10.4%

           Step           Time
      178000000   4450000.00000

   Energies (kJ/mol)
           Bond       G96Angle        LJ (SR)   Coulomb (SR)      Potential
    2.61511e+05    4.97611e+04   -5.69096e+06   -2.65966e+04   -5.40628e+06
    Kinetic En.   Total Energy    Temperature Pressure (bar)
    9.32807e+05   -4.47347e+06    3.12845e+02   -3.28932e+00

Writing checkpoint, step 178126220 at Tue Oct 10 14:33:58 2023


Writing checkpoint, step 178329550 at Tue Oct 10 14:48:58 2023


DD  step 178399999 load imb.: force 11.3%

           Step           Time
      178400000   4460000.00000

   Energies (kJ/mol)
           Bond       G96Angle        LJ (SR)   Coulomb (SR)      Potential
    2.62131e+05    4.97583e+04   -5.68492e+06   -2.61261e+04   -5.39916e+06
    Kinetic En.   Total Energy    Temperature Pressure (bar)
    9.31854e+05   -4.46731e+06    3.12525e+02    2.52330e+00

Writing checkpoint, step 178540310 at Tue Oct 10 15:03:58 2023


Writing checkpoint, step 178758400 at Tue Oct 10 15:18:58 2023


DD  step 178799999 load imb.: force 10.9%

           Step           Time
      178800000   4470000.00000

   Energies (kJ/mol)
           Bond       G96Angle        LJ (SR)   Coulomb (SR)      Potential
    2.61760e+05    4.88295e+04   -5.68839e+06   -2.63224e+04   -5.40412e+06
    Kinetic En.   Total Energy    Temperature Pressure (bar)
    9.28340e+05   -4.47578e+06    3.11346e+02   -9.94739e+00

Writing checkpoint, step 178972890 at Tue Oct 10 15:33:58 2023


Writing checkpoint, step 179187760 at Tue Oct 10 15:48:58 2023


DD  step 179199999 load imb.: force 12.9%

           Step           Time
      179200000   4480000.00000

   Energies (kJ/mol)
           Bond       G96Angle        LJ (SR)   Coulomb (SR)      Potential
    2.61743e+05    5.04578e+04   -5.68664e+06   -2.60134e+04   -5.40046e+06
    Kinetic En.   Total Energy    Temperature Pressure (bar)
    9.32571e+05   -4.46789e+06    3.12765e+02    3.55715e+00

Writing checkpoint, step 179405760 at Tue Oct 10 16:03:58 2023


DD  step 179599999 load imb.: force 13.5%

           Step           Time
      179600000   4490000.00000

   Energies (kJ/mol)
           Bond       G96Angle        LJ (SR)   Coulomb (SR)      Potential
    2.61650e+05    4.90314e+04   -5.69041e+06   -2.56084e+04   -5.40534e+06
    Kinetic En.   Total Energy    Temperature Pressure (bar)
    9.31429e+05   -4.47391e+06    3.12382e+02   -1.34097e+00

Writing checkpoint, step 179621880 at Tue Oct 10 16:18:58 2023


Writing checkpoint, step 179844410 at Tue Oct 10 16:33:58 2023


DD  step 179999999 load imb.: force 11.4%

           Step           Time
      180000000   4500000.00000

   Energies (kJ/mol)
           Bond       G96Angle        LJ (SR)   Coulomb (SR)      Potential
    2.60999e+05    4.94720e+04   -5.68886e+06   -2.65266e+04   -5.40492e+06
    Kinetic En.   Total Energy    Temperature Pressure (bar)
    9.29910e+05   -4.47501e+06    3.11873e+02   -8.58917e+00

Writing checkpoint, step 180068680 at Tue Oct 10 16:48:58 2023


Writing checkpoint, step 180293530 at Tue Oct 10 17:03:58 2023


DD  step 180399999 load imb.: force 35.8%

           Step           Time
      180400000   4510000.00000

   Energies (kJ/mol)
           Bond       G96Angle        LJ (SR)   Coulomb (SR)      Potential
    2.60229e+05    4.95881e+04   -5.68521e+06   -2.62012e+04   -5.40160e+06
    Kinetic En.   Total Energy    Temperature Pressure (bar)
    9.31068e+05   -4.47053e+06    3.12261e+02    3.13368e+00

Writing checkpoint, step 180510030 at Tue Oct 10 17:18:58 2023


Writing checkpoint, step 180725370 at Tue Oct 10 17:33:58 2023


DD  step 180799999 load imb.: force  9.2%

           Step           Time
      180800000   4520000.00000

   Energies (kJ/mol)
           Bond       G96Angle        LJ (SR)   Coulomb (SR)      Potential
    2.61407e+05    4.97009e+04   -5.68566e+06   -2.60948e+04   -5.40065e+06
    Kinetic En.   Total Energy    Temperature Pressure (bar)
    9.33882e+05   -4.46677e+06    3.13205e+02    8.67131e+00

Writing checkpoint, step 180944260 at Tue Oct 10 17:48:58 2023


Writing checkpoint, step 181165600 at Tue Oct 10 18:03:58 2023


DD  step 181199999 load imb.: force 11.0%

           Step           Time
      181200000   4530000.00000

   Energies (kJ/mol)
           Bond       G96Angle        LJ (SR)   Coulomb (SR)      Potential
    2.61571e+05    4.94558e+04   -5.69023e+06   -2.59991e+04   -5.40520e+06
    Kinetic En.   Total Energy    Temperature Pressure (bar)
    9.26981e+05   -4.47822e+06    3.10891e+02   -6.22414e+00

Writing checkpoint, step 181381730 at Tue Oct 10 18:18:58 2023


Writing checkpoint, step 181590970 at Tue Oct 10 18:33:58 2023


DD  step 181599999 load imb.: force 18.4%

           Step           Time
      181600000   4540000.00000

   Energies (kJ/mol)
           Bond       G96Angle        LJ (SR)   Coulomb (SR)      Potential
    2.61804e+05    4.96752e+04   -5.68668e+06   -2.58299e+04   -5.40104e+06
    Kinetic En.   Total Energy    Temperature Pressure (bar)
    9.30415e+05   -4.47062e+06    3.12042e+02    3.85140e+00

Writing checkpoint, step 181801510 at Tue Oct 10 18:48:58 2023


DD  step 181999999 load imb.: force  8.7%

           Step           Time
      182000000   4550000.00000

   Energies (kJ/mol)
           Bond       G96Angle        LJ (SR)   Coulomb (SR)      Potential
    2.62142e+05    5.01171e+04   -5.69184e+06   -2.61562e+04   -5.40574e+06
    Kinetic En.   Total Energy    Temperature Pressure (bar)
    9.30752e+05   -4.47499e+06    3.12155e+02   -5.21303e-01

Writing checkpoint, step 182025030 at Tue Oct 10 19:03:58 2023


Writing checkpoint, step 182242390 at Tue Oct 10 19:18:58 2023


DD  step 182399999 load imb.: force 18.3%

           Step           Time
      182400000   4560000.00000

   Energies (kJ/mol)
           Bond       G96Angle        LJ (SR)   Coulomb (SR)      Potential
    2.61542e+05    4.93836e+04   -5.68632e+06   -2.57838e+04   -5.40118e+06
    Kinetic En.   Total Energy    Temperature Pressure (bar)
    9.35666e+05   -4.46552e+06    3.13803e+02    9.50904e+00

Writing checkpoint, step 182450910 at Tue Oct 10 19:33:58 2023


Writing checkpoint, step 182659860 at Tue Oct 10 19:48:58 2023


DD  step 182799999 load imb.: force 19.3%

           Step           Time
      182800000   4570000.00000

   Energies (kJ/mol)
           Bond       G96Angle        LJ (SR)   Coulomb (SR)      Potential
    2.61516e+05    4.97587e+04   -5.68869e+06   -2.65788e+04   -5.40399e+06
    Kinetic En.   Total Energy    Temperature Pressure (bar)
    9.30185e+05   -4.47381e+06    3.11965e+02   -1.40295e+00

Writing checkpoint, step 182872390 at Tue Oct 10 20:03:58 2023


Writing checkpoint, step 183082960 at Tue Oct 10 20:18:58 2023


DD  step 183199999 load imb.: force 18.4%

           Step           Time
      183200000   4580000.00000

   Energies (kJ/mol)
           Bond       G96Angle        LJ (SR)   Coulomb (SR)      Potential
    2.63672e+05    4.93735e+04   -5.68729e+06   -2.61403e+04   -5.40038e+06
    Kinetic En.   Total Energy    Temperature Pressure (bar)
    9.28044e+05   -4.47234e+06    3.11247e+02    5.39996e+00

Writing checkpoint, step 183289350 at Tue Oct 10 20:33:58 2023


Writing checkpoint, step 183506210 at Tue Oct 10 20:48:58 2023


DD  step 183599999 load imb.: force 17.9%

           Step           Time
      183600000   4590000.00000

   Energies (kJ/mol)
           Bond       G96Angle        LJ (SR)   Coulomb (SR)      Potential
    2.62386e+05    4.91267e+04   -5.68478e+06   -2.63907e+04   -5.39966e+06
    Kinetic En.   Total Energy    Temperature Pressure (bar)
    9.33155e+05   -4.46650e+06    3.12961e+02    7.48751e-01

Writing checkpoint, step 183711040 at Tue Oct 10 21:03:58 2023


Writing checkpoint, step 183920090 at Tue Oct 10 21:18:58 2023


DD  step 183999999 load imb.: force 18.0%

           Step           Time
      184000000   4600000.00000

   Energies (kJ/mol)
           Bond       G96Angle        LJ (SR)   Coulomb (SR)      Potential
    2.61378e+05    4.93763e+04   -5.69071e+06   -2.60864e+04   -5.40604e+06
    Kinetic En.   Total Energy    Temperature Pressure (bar)
    9.31195e+05   -4.47485e+06    3.12304e+02   -7.78612e+00

Writing checkpoint, step 184126840 at Tue Oct 10 21:33:58 2023


Writing checkpoint, step 184340100 at Tue Oct 10 21:48:58 2023


DD  step 184399999 load imb.: force 16.0%

           Step           Time
      184400000   4610000.00000

   Energies (kJ/mol)
           Bond       G96Angle        LJ (SR)   Coulomb (SR)      Potential
    2.60761e+05    4.93034e+04   -5.68836e+06   -2.66209e+04   -5.40492e+06
    Kinetic En.   Total Energy    Temperature Pressure (bar)
    9.28879e+05   -4.47604e+06    3.11527e+02    4.15280e+00

Writing checkpoint, step 184546930 at Tue Oct 10 22:03:58 2023


Writing checkpoint, step 184770330 at Tue Oct 10 22:18:58 2023


DD  step 184799999 load imb.: force 12.1%

           Step           Time
      184800000   4620000.00000

   Energies (kJ/mol)
           Bond       G96Angle        LJ (SR)   Coulomb (SR)      Potential
    2.62022e+05    4.89722e+04   -5.68647e+06   -2.58988e+04   -5.40137e+06
    Kinetic En.   Total Energy    Temperature Pressure (bar)
    9.31596e+05   -4.46978e+06    3.12438e+02    2.55904e+00

Writing checkpoint, step 184985980 at Tue Oct 10 22:33:58 2023


DD  step 185199999 load imb.: force 10.1%

           Step           Time
      185200000   4630000.00000

   Energies (kJ/mol)
           Bond       G96Angle        LJ (SR)   Coulomb (SR)      Potential
    2.60698e+05    4.96672e+04   -5.68718e+06   -2.61726e+04   -5.40299e+06
    Kinetic En.   Total Energy    Temperature Pressure (bar)
    9.32247e+05   -4.47074e+06    3.12657e+02    1.14154e+01

Writing checkpoint, step 185209900 at Tue Oct 10 22:48:58 2023


Writing checkpoint, step 185432060 at Tue Oct 10 23:03:58 2023


DD  step 185599999 load imb.: force 11.1%

           Step           Time
      185600000   4640000.00000

   Energies (kJ/mol)
           Bond       G96Angle        LJ (SR)   Coulomb (SR)      Potential
    2.62689e+05    4.95328e+04   -5.69090e+06   -2.61260e+04   -5.40480e+06
    Kinetic En.   Total Energy    Temperature Pressure (bar)
    9.29281e+05   -4.47552e+06    3.11662e+02   -7.48245e+00

Writing checkpoint, step 185649790 at Tue Oct 10 23:18:58 2023


Writing checkpoint, step 185865180 at Tue Oct 10 23:33:58 2023


DD  step 185999999 load imb.: force 10.1%

           Step           Time
      186000000   4650000.00000

   Energies (kJ/mol)
           Bond       G96Angle        LJ (SR)   Coulomb (SR)      Potential
    2.61086e+05    4.95428e+04   -5.68922e+06   -2.57896e+04   -5.40438e+06
    Kinetic En.   Total Energy    Temperature Pressure (bar)
    9.32763e+05   -4.47162e+06    3.12830e+02   -4.92966e+00

Writing checkpoint, step 186069490 at Tue Oct 10 23:48:58 2023


Writing checkpoint, step 186291700 at Wed Oct 11 00:03:58 2023


DD  step 186399999 load imb.: force 16.5%

           Step           Time
      186400000   4660000.00000

   Energies (kJ/mol)
           Bond       G96Angle        LJ (SR)   Coulomb (SR)      Potential
    2.61662e+05    4.96240e+04   -5.68777e+06   -2.57453e+04   -5.40223e+06
    Kinetic En.   Total Energy    Temperature Pressure (bar)
    9.36942e+05   -4.46529e+06    3.14231e+02    2.65098e-02

Writing checkpoint, step 186519220 at Wed Oct 11 00:18:58 2023


Writing checkpoint, step 186728660 at Wed Oct 11 00:33:58 2023


DD  step 186799999 load imb.: force 10.5%

           Step           Time
      186800000   4670000.00000

   Energies (kJ/mol)
           Bond       G96Angle        LJ (SR)   Coulomb (SR)      Potential
    2.62341e+05    4.94100e+04   -5.68622e+06   -2.59575e+04   -5.40043e+06
    Kinetic En.   Total Energy    Temperature Pressure (bar)
    9.35784e+05   -4.46464e+06    3.13843e+02   -6.10627e+00

Writing checkpoint, step 186945830 at Wed Oct 11 00:48:58 2023


Writing checkpoint, step 187161840 at Wed Oct 11 01:03:58 2023


DD  step 187199999 load imb.: force 10.5%

           Step           Time
      187200000   4680000.00000

   Energies (kJ/mol)
           Bond       G96Angle        LJ (SR)   Coulomb (SR)      Potential
    2.62721e+05    4.91355e+04   -5.68725e+06   -2.61420e+04   -5.40154e+06
    Kinetic En.   Total Energy    Temperature Pressure (bar)
    9.29453e+05   -4.47208e+06    3.11720e+02   -2.57044e+00

Writing checkpoint, step 187386880 at Wed Oct 11 01:18:58 2023


DD  step 187599999 load imb.: force 10.8%

           Step           Time
      187600000   4690000.00000

   Energies (kJ/mol)
           Bond       G96Angle        LJ (SR)   Coulomb (SR)      Potential
    2.61820e+05    4.89881e+04   -5.68696e+06   -2.58811e+04   -5.40203e+06
    Kinetic En.   Total Energy    Temperature Pressure (bar)
    9.28590e+05   -4.47344e+06    3.11430e+02    3.00959e+00

Writing checkpoint, step 187607740 at Wed Oct 11 01:33:58 2023


Writing checkpoint, step 187824550 at Wed Oct 11 01:48:58 2023


DD  step 187999999 load imb.: force 10.5%

           Step           Time
      188000000   4700000.00000

   Energies (kJ/mol)
           Bond       G96Angle        LJ (SR)   Coulomb (SR)      Potential
    2.63505e+05    4.93593e+04   -5.68813e+06   -2.62738e+04   -5.40154e+06
    Kinetic En.   Total Energy    Temperature Pressure (bar)
    9.32372e+05   -4.46917e+06    3.12699e+02   -1.59526e-01

Writing checkpoint, step 188040140 at Wed Oct 11 02:03:58 2023


Writing checkpoint, step 188251410 at Wed Oct 11 02:18:58 2023


DD  step 188399999 load imb.: force 10.3%

           Step           Time
      188400000   4710000.00000

   Energies (kJ/mol)
           Bond       G96Angle        LJ (SR)   Coulomb (SR)      Potential
    2.61394e+05    4.96308e+04   -5.68885e+06   -2.61501e+04   -5.40397e+06
    Kinetic En.   Total Energy    Temperature Pressure (bar)
    9.29592e+05   -4.47438e+06    3.11766e+02   -3.19927e+00

Writing checkpoint, step 188466810 at Wed Oct 11 02:33:58 2023


Writing checkpoint, step 188680750 at Wed Oct 11 02:48:59 2023


DD  step 188799999 load imb.: force 10.0%

           Step           Time
      188800000   4720000.00000

   Energies (kJ/mol)
           Bond       G96Angle        LJ (SR)   Coulomb (SR)      Potential
    2.61522e+05    4.98847e+04   -5.68738e+06   -2.60543e+04   -5.40203e+06
    Kinetic En.   Total Energy    Temperature Pressure (bar)
    9.30712e+05   -4.47132e+06    3.12142e+02    6.96752e+00

Writing checkpoint, step 188897560 at Wed Oct 11 03:03:58 2023


Writing checkpoint, step 189122420 at Wed Oct 11 03:18:58 2023


DD  step 189199999 load imb.: force  7.9%

           Step           Time
      189200000   4730000.00000

   Energies (kJ/mol)
           Bond       G96Angle        LJ (SR)   Coulomb (SR)      Potential
    2.63587e+05    4.98956e+04   -5.69110e+06   -2.59568e+04   -5.40357e+06
    Kinetic En.   Total Energy    Temperature Pressure (bar)
    9.30178e+05   -4.47339e+06    3.11963e+02   -7.12222e+00

Writing checkpoint, step 189342830 at Wed Oct 11 03:33:58 2023


Writing checkpoint, step 189568200 at Wed Oct 11 03:48:58 2023


DD  step 189599999 load imb.: force 11.3%

           Step           Time
      189600000   4740000.00000

   Energies (kJ/mol)
           Bond       G96Angle        LJ (SR)   Coulomb (SR)      Potential
    2.62371e+05    4.96935e+04   -5.68787e+06   -2.59352e+04   -5.40174e+06
    Kinetic En.   Total Energy    Temperature Pressure (bar)
    9.37756e+05   -4.46398e+06    3.14504e+02    1.31957e+01

Writing checkpoint, step 189790650 at Wed Oct 11 04:03:58 2023


DD  step 189999999 load imb.: force 10.6%

           Step           Time
      190000000   4750000.00000

   Energies (kJ/mol)
           Bond       G96Angle        LJ (SR)   Coulomb (SR)      Potential
    2.60982e+05    4.96574e+04   -5.68552e+06   -2.62389e+04   -5.40112e+06
    Kinetic En.   Total Energy    Temperature Pressure (bar)
    9.29132e+05   -4.47198e+06    3.11612e+02    1.60621e+00

Writing checkpoint, step 190013630 at Wed Oct 11 04:18:58 2023


Writing checkpoint, step 190236070 at Wed Oct 11 04:33:58 2023


DD  step 190399999 load imb.: force 13.7%

           Step           Time
      190400000   4760000.00000

   Energies (kJ/mol)
           Bond       G96Angle        LJ (SR)   Coulomb (SR)      Potential
    2.61498e+05    4.91660e+04   -5.69439e+06   -2.62780e+04   -5.41000e+06
    Kinetic En.   Total Energy    Temperature Pressure (bar)
    9.30954e+05   -4.47905e+06    3.12223e+02   -6.33139e+00

Writing checkpoint, step 190458880 at Wed Oct 11 04:48:58 2023


Writing checkpoint, step 190677270 at Wed Oct 11 05:03:58 2023


DD  step 190799999 load imb.: force 11.4%

           Step           Time
      190800000   4770000.00000

   Energies (kJ/mol)
           Bond       G96Angle        LJ (SR)   Coulomb (SR)      Potential
    2.61650e+05    4.97737e+04   -5.68986e+06   -2.59465e+04   -5.40438e+06
    Kinetic En.   Total Energy    Temperature Pressure (bar)
    9.28819e+05   -4.47557e+06    3.11507e+02   -2.88628e+00

Writing checkpoint, step 190897780 at Wed Oct 11 05:18:58 2023


Writing checkpoint, step 191115570 at Wed Oct 11 05:33:58 2023


DD  step 191199999 load imb.: force 10.9%

           Step           Time
      191200000   4780000.00000

   Energies (kJ/mol)
           Bond       G96Angle        LJ (SR)   Coulomb (SR)      Potential
    2.60766e+05    4.92767e+04   -5.68598e+06   -2.59692e+04   -5.40191e+06
    Kinetic En.   Total Energy    Temperature Pressure (bar)
    9.32549e+05   -4.46936e+06    3.12758e+02    5.58253e+00

Writing checkpoint, step 191338210 at Wed Oct 11 05:48:58 2023


Writing checkpoint, step 191562530 at Wed Oct 11 06:03:58 2023


DD  step 191599999 load imb.: force 10.7%

           Step           Time
      191600000   4790000.00000

   Energies (kJ/mol)
           Bond       G96Angle        LJ (SR)   Coulomb (SR)      Potential
    2.61864e+05    4.99157e+04   -5.68677e+06   -2.59509e+04   -5.40094e+06
    Kinetic En.   Total Energy    Temperature Pressure (bar)
    9.28593e+05   -4.47235e+06    3.11431e+02   -5.29910e+00

Writing checkpoint, step 191788560 at Wed Oct 11 06:18:58 2023


DD  step 191999999 load imb.: force 10.3%

           Step           Time
      192000000   4800000.00000

   Energies (kJ/mol)
           Bond       G96Angle        LJ (SR)   Coulomb (SR)      Potential
    2.61008e+05    4.93332e+04   -5.68885e+06   -2.61869e+04   -5.40470e+06
    Kinetic En.   Total Energy    Temperature Pressure (bar)
    9.29466e+05   -4.47523e+06    3.11724e+02    1.91692e+00

Writing checkpoint, step 192011360 at Wed Oct 11 06:33:58 2023


Writing checkpoint, step 192234230 at Wed Oct 11 06:48:58 2023


DD  step 192399999 load imb.: force  8.0%

           Step           Time
      192400000   4810000.00000

   Energies (kJ/mol)
           Bond       G96Angle        LJ (SR)   Coulomb (SR)      Potential
    2.61797e+05    4.91781e+04   -5.68568e+06   -2.60650e+04   -5.40077e+06
    Kinetic En.   Total Energy    Temperature Pressure (bar)
    9.35094e+05   -4.46568e+06    3.13612e+02    4.29241e+00

Writing checkpoint, step 192453270 at Wed Oct 11 07:03:58 2023


Writing checkpoint, step 192673450 at Wed Oct 11 07:18:58 2023


DD  step 192799999 load imb.: force  9.6%

           Step           Time
      192800000   4820000.00000

   Energies (kJ/mol)
           Bond       G96Angle        LJ (SR)   Coulomb (SR)      Potential
    2.62723e+05    4.94022e+04   -5.68712e+06   -2.59469e+04   -5.40094e+06
    Kinetic En.   Total Energy    Temperature Pressure (bar)
    9.33482e+05   -4.46746e+06    3.13071e+02    1.00893e+01

Writing checkpoint, step 192897360 at Wed Oct 11 07:33:58 2023


Writing checkpoint, step 193113940 at Wed Oct 11 07:48:58 2023


DD  step 193199999 load imb.: force 11.3%

           Step           Time
      193200000   4830000.00000

   Energies (kJ/mol)
           Bond       G96Angle        LJ (SR)   Coulomb (SR)      Potential
    2.61547e+05    4.88695e+04   -5.68857e+06   -2.61757e+04   -5.40433e+06
    Kinetic En.   Total Energy    Temperature Pressure (bar)
    9.31775e+05   -4.47255e+06    3.12498e+02    5.20141e-01

Writing checkpoint, step 193341290 at Wed Oct 11 08:03:58 2023


Writing checkpoint, step 193551270 at Wed Oct 11 08:18:58 2023


DD  step 193599999 load imb.: force  9.6%

           Step           Time
      193600000   4840000.00000

   Energies (kJ/mol)
           Bond       G96Angle        LJ (SR)   Coulomb (SR)      Potential
    2.62078e+05    4.91214e+04   -5.68876e+06   -2.59433e+04   -5.40350e+06
    Kinetic En.   Total Energy    Temperature Pressure (bar)
    9.32882e+05   -4.47062e+06    3.12870e+02    4.20780e+00

Writing checkpoint, step 193773910 at Wed Oct 11 08:33:58 2023


Writing checkpoint, step 193989910 at Wed Oct 11 08:48:58 2023


DD  step 193999999 load imb.: force 12.2%

           Step           Time
      194000000   4850000.00000

   Energies (kJ/mol)
           Bond       G96Angle        LJ (SR)   Coulomb (SR)      Potential
    2.62922e+05    4.92289e+04   -5.68849e+06   -2.62396e+04   -5.40258e+06
    Kinetic En.   Total Energy    Temperature Pressure (bar)
    9.32920e+05   -4.46966e+06    3.12882e+02   -1.53200e+00

Writing checkpoint, step 194195690 at Wed Oct 11 09:03:58 2023


DD  step 194399999 load imb.: force 11.0%

           Step           Time
      194400000   4860000.00000

   Energies (kJ/mol)
           Bond       G96Angle        LJ (SR)   Coulomb (SR)      Potential
    2.62216e+05    4.95391e+04   -5.68809e+06   -2.61639e+04   -5.40250e+06
    Kinetic En.   Total Energy    Temperature Pressure (bar)
    9.32486e+05   -4.47002e+06    3.12737e+02    1.82639e+00

Writing checkpoint, step 194408000 at Wed Oct 11 09:18:58 2023


Writing checkpoint, step 194623270 at Wed Oct 11 09:33:58 2023


DD  step 194799999 load imb.: force 11.6%

           Step           Time
      194800000   4870000.00000

   Energies (kJ/mol)
           Bond       G96Angle        LJ (SR)   Coulomb (SR)      Potential
    2.60970e+05    4.92922e+04   -5.69436e+06   -2.58808e+04   -5.40998e+06
    Kinetic En.   Total Energy    Temperature Pressure (bar)
    9.24843e+05   -4.48514e+06    3.10174e+02   -6.95612e+00

Writing checkpoint, step 194837190 at Wed Oct 11 09:48:59 2023


Writing checkpoint, step 195050070 at Wed Oct 11 10:03:58 2023


DD  step 195199999 load imb.: force 12.3%

           Step           Time
      195200000   4880000.00000

   Energies (kJ/mol)
           Bond       G96Angle        LJ (SR)   Coulomb (SR)      Potential
    2.59617e+05    5.00568e+04   -5.68865e+06   -2.57501e+04   -5.40472e+06
    Kinetic En.   Total Energy    Temperature Pressure (bar)
    9.29844e+05   -4.47488e+06    3.11851e+02   -1.48450e+00

Writing checkpoint, step 195266520 at Wed Oct 11 10:18:58 2023


Writing checkpoint, step 195494220 at Wed Oct 11 10:33:58 2023


DD  step 195599999 load imb.: force 10.9%

           Step           Time
      195600000   4890000.00000

   Energies (kJ/mol)
           Bond       G96Angle        LJ (SR)   Coulomb (SR)      Potential
    2.62096e+05    4.96698e+04   -5.68835e+06   -2.60152e+04   -5.40260e+06
    Kinetic En.   Total Energy    Temperature Pressure (bar)
    9.32335e+05   -4.47026e+06    3.12686e+02    3.04304e+00

Writing checkpoint, step 195715920 at Wed Oct 11 10:48:58 2023


Writing checkpoint, step 195933920 at Wed Oct 11 11:03:58 2023


DD  step 195999999 load imb.: force 18.6%

           Step           Time
      196000000   4900000.00000

   Energies (kJ/mol)
           Bond       G96Angle        LJ (SR)   Coulomb (SR)      Potential
    2.62078e+05    5.01150e+04   -5.69038e+06   -2.59340e+04   -5.40413e+06
    Kinetic En.   Total Energy    Temperature Pressure (bar)
    9.31065e+05   -4.47306e+06    3.12260e+02   -1.18937e+01

Writing checkpoint, step 196148140 at Wed Oct 11 11:18:58 2023


Writing checkpoint, step 196367710 at Wed Oct 11 11:33:58 2023


DD  step 196399999 load imb.: force 12.2%

           Step           Time
      196400000   4910000.00000

   Energies (kJ/mol)
           Bond       G96Angle        LJ (SR)   Coulomb (SR)      Potential
    2.61036e+05    4.92758e+04   -5.68492e+06   -2.61136e+04   -5.40072e+06
    Kinetic En.   Total Energy    Temperature Pressure (bar)
    9.32328e+05   -4.46840e+06    3.12684e+02    5.75991e+00

Writing checkpoint, step 196573950 at Wed Oct 11 11:48:58 2023


Writing checkpoint, step 196790490 at Wed Oct 11 12:03:58 2023


DD  step 196799999 load imb.: force 15.8%

           Step           Time
      196800000   4920000.00000

   Energies (kJ/mol)
           Bond       G96Angle        LJ (SR)   Coulomb (SR)      Potential
    2.61159e+05    4.94843e+04   -5.68799e+06   -2.63464e+04   -5.40370e+06
    Kinetic En.   Total Energy    Temperature Pressure (bar)
    9.28037e+05   -4.47566e+06    3.11245e+02    7.99846e-01

Writing checkpoint, step 197008580 at Wed Oct 11 12:18:58 2023


DD  step 197199999 load imb.: force 14.9%

           Step           Time
      197200000   4930000.00000

   Energies (kJ/mol)
           Bond       G96Angle        LJ (SR)   Coulomb (SR)      Potential
    2.61251e+05    4.99020e+04   -5.68556e+06   -2.64697e+04   -5.40088e+06
    Kinetic En.   Total Energy    Temperature Pressure (bar)
    9.37313e+05   -4.46356e+06    3.14356e+02    1.20482e-01

Writing checkpoint, step 197225780 at Wed Oct 11 12:33:58 2023


Writing checkpoint, step 197448420 at Wed Oct 11 12:48:58 2023


DD  step 197599999 load imb.: force 10.1%

           Step           Time
      197600000   4940000.00000

   Energies (kJ/mol)
           Bond       G96Angle        LJ (SR)   Coulomb (SR)      Potential
    2.62162e+05    4.97201e+04   -5.68617e+06   -2.58522e+04   -5.40014e+06
    Kinetic En.   Total Energy    Temperature Pressure (bar)
    9.33498e+05   -4.46664e+06    3.13076e+02    4.78773e+00

Writing checkpoint, step 197671950 at Wed Oct 11 13:03:58 2023


Writing checkpoint, step 197891590 at Wed Oct 11 13:18:58 2023


DD  step 197999999 load imb.: force 11.4%

           Step           Time
      198000000   4950000.00000

   Energies (kJ/mol)
           Bond       G96Angle        LJ (SR)   Coulomb (SR)      Potential
    2.61104e+05    4.93209e+04   -5.68817e+06   -2.58540e+04   -5.40360e+06
    Kinetic En.   Total Energy    Temperature Pressure (bar)
    9.29984e+05   -4.47361e+06    3.11898e+02    3.60327e+00

Writing checkpoint, step 198107950 at Wed Oct 11 13:33:58 2023


Writing checkpoint, step 198330450 at Wed Oct 11 13:48:58 2023


DD  step 198399999 load imb.: force 10.6%

           Step           Time
      198400000   4960000.00000

   Energies (kJ/mol)
           Bond       G96Angle        LJ (SR)   Coulomb (SR)      Potential
    2.61582e+05    4.95716e+04   -5.68435e+06   -2.65566e+04   -5.39975e+06
    Kinetic En.   Total Energy    Temperature Pressure (bar)
    9.33633e+05   -4.46612e+06    3.13122e+02    6.29357e+00

Writing checkpoint, step 198545680 at Wed Oct 11 14:03:59 2023


Writing checkpoint, step 198767290 at Wed Oct 11 14:18:58 2023


DD  step 198799999 load imb.: force 10.5%

           Step           Time
      198800000   4970000.00000

   Energies (kJ/mol)
           Bond       G96Angle        LJ (SR)   Coulomb (SR)      Potential
    2.62958e+05    4.96685e+04   -5.68703e+06   -2.66209e+04   -5.40102e+06
    Kinetic En.   Total Energy    Temperature Pressure (bar)
    9.30566e+05   -4.47046e+06    3.12093e+02   -5.65705e+00

Writing checkpoint, step 198988460 at Wed Oct 11 14:33:58 2023


DD  step 199199999 load imb.: force 10.7%

           Step           Time
      199200000   4980000.00000

   Energies (kJ/mol)
           Bond       G96Angle        LJ (SR)   Coulomb (SR)      Potential
    2.60785e+05    4.95512e+04   -5.68993e+06   -2.60940e+04   -5.40569e+06
    Kinetic En.   Total Energy    Temperature Pressure (bar)
    9.28335e+05   -4.47735e+06    3.11345e+02   -2.57759e+00

Writing checkpoint, step 199210840 at Wed Oct 11 14:48:58 2023


Writing checkpoint, step 199424890 at Wed Oct 11 15:03:58 2023


DD  step 199599999 load imb.: force 11.0%

           Step           Time
      199600000   4990000.00000

   Energies (kJ/mol)
           Bond       G96Angle        LJ (SR)   Coulomb (SR)      Potential
    2.62166e+05    4.99752e+04   -5.68600e+06   -2.58807e+04   -5.39974e+06
    Kinetic En.   Total Energy    Temperature Pressure (bar)
    9.32346e+05   -4.46739e+06    3.12690e+02    1.85804e+00

Writing checkpoint, step 199645060 at Wed Oct 11 15:18:58 2023


Writing checkpoint, step 199860710 at Wed Oct 11 15:33:58 2023


DD  step 199999999 load imb.: force 13.1%

           Step           Time
      200000000   5000000.00000

Writing checkpoint, step 200000000 at Wed Oct 11 15:43:36 2023


   Energies (kJ/mol)
           Bond       G96Angle        LJ (SR)   Coulomb (SR)      Potential
    2.60481e+05    4.87546e+04   -5.69315e+06   -2.58362e+04   -5.40975e+06
    Kinetic En.   Total Energy    Temperature Pressure (bar)
    9.30970e+05   -4.47878e+06    3.12228e+02   -3.02353e+00

	<======  ###############  ==>
	<====  A V E R A G E S  ====>
	<==  ###############  ======>

	Statistics over 200000001 steps using 2000001 frames

   Energies (kJ/mol)
           Bond       G96Angle        LJ (SR)   Coulomb (SR)      Potential
    2.61603e+05    4.95183e+04   -5.68815e+06   -2.61282e+04   -5.40315e+06
    Kinetic En.   Total Energy    Temperature Pressure (bar)
    9.31253e+05   -4.47190e+06    3.12323e+02    1.00042e+00

          Box-X          Box-Y          Box-Z
    4.20223e+01    4.20223e+01    1.57093e+01

   Total Virial (kJ/mol)
    3.09590e+05   -9.11523e+00   -4.28622e-01
   -9.11614e+00    3.09592e+05   -3.47019e-01
   -4.29343e-01   -3.47634e-01    3.09564e+05

   Pressure (bar)
    1.00207e+00    1.11850e-02    4.27589e-04
    1.11861e-02    9.99181e-01    5.67106e-04
    4.28452e-04    5.67842e-04    1.00001e+00

           T-AU         T-POPC            T-W          T-ION
    3.12591e+02    3.12236e+02    3.12345e+02    3.12461e+02


	M E G A - F L O P S   A C C O U N T I N G

 NB=Group-cutoff nonbonded kernels    NxN=N-by-N cluster Verlet kernels
 RF=Reaction-Field  VdW=Van der Waals  QSTab=quadratic-spline table
 W3=SPC/TIP3p  W4=TIP4p (single or pairs)
 V&F=Potential and force  V=Potential only  F=Force only

 Computing:                               M-Number         M-Flops  % Flops
-----------------------------------------------------------------------------
 NB VdW [V&F]                     103490598.487887   103490598.488     0.9
 NB VdW [F]                       8807457086.101883  8807457086.102    80.3
 NB VdW & Elec. [V&F]               1976839.196939     1976839.197     0.0
 NB VdW & Elec. [F]               163816456.718394   163816456.718     1.5
 NS-Pairs                          69553874.824665  1460631371.318    13.3
 Reset In Box                        528085.288598     1584255.866     0.0
 CG-CoM                              528086.005832     1584258.017     0.0
 Bonds                              1695176.023135   100015385.365     0.9
 Angles                             1019601.605680   171293069.754     1.6
 Virial                              531266.500674     9562797.012     0.1
 Stop-CM                              52808.744030      528087.440     0.0
 P-Coupling                          528085.527676     3168513.166     0.0
 Calc-Ekin                          5280855.993994   142583111.838     1.3
-----------------------------------------------------------------------------
 Total                                             10967691830.282   100.0
-----------------------------------------------------------------------------


    D O M A I N   D E C O M P O S I T I O N   S T A T I S T I C S

 av. #atoms communicated per step for force:  2 x 87290.1

 Average load imbalance: 12.4 %
 Part of the total run time spent waiting due to load imbalance: 5.3 %

NOTE: 5.3 % of the available CPU time was lost due to load imbalance
      in the domain decomposition.
      You might want to use dynamic load balancing (option -dlb.)


     R E A L   C Y C L E   A N D   T I M E   A C C O U N T I N G

On 32 MPI ranks

 Computing:          Num   Num      Call    Wall time         Giga-Cycles
                     Ranks Threads  Count      (s)         total sum    %
-----------------------------------------------------------------------------
 Domain decomp.        32    1    2208843    4602.028     367299.321   5.0
 DD comm. load         32    1     220923      11.203        894.151   0.0
 DD comm. bounds       32    1         37       0.070          5.624   0.0
 Neighbor search       32    1    2208844   25582.157    2041775.647  28.0
 Comm. coord.          32    1   22088423    1895.303     151268.855   2.1
 Force                 32    1   22088423   43614.709    3480998.606  47.7
 Wait + Comm. F        32    1   22088423    5907.528     471494.526   6.5
 Write traj.           32    1       2862       6.683        533.417   0.0
 Update                32    1   22088423    1662.413     132681.358   1.8
 Comm. energies        32    1   22088423    7115.570     567911.384   7.8
 Rest                                        1080.704      86253.669   1.2
-----------------------------------------------------------------------------
 Total                                      91478.369    7301116.557 100.0
-----------------------------------------------------------------------------

NOTE: 8 % of the run time was spent communicating energies,
      you might want to use the -gcom option of mdrun


               Core t (s)   Wall t (s)        (%)
       Time:  2927307.823    91478.369     3200.0
                         1d01h24:38
                 (ns/day)    (hour/ns)
Performance:      521.555        0.046
Finished mdrun on rank 0 Wed Oct 11 15:43:37 2023
