250 5 1.0 144.14897918796746
250 5 10.0 112.68365377611735
250 5 11.0 128.08524291129348
250 5 12.0 107.73151841149824
250 5 13.0 123.3512632186722
250 5 14.0 103.2297228214792
250 5 15.0 112.41234288690653
250 5 16.0 111.58287001784697
250 5 17.0 126.0000754220896
250 5 18.0 113.3700646831264
250 5 19.0 150.73055902681074
250 5 2.0 106.39583618760341
250 5 20.0 158.91383713637597
250 5 21.0 160.01897760407564
250 5 22.0 97.05578300897336
250 5 23.0 126.9525985005278
250 5 24.0 137.7300275840844
250 5 25.0 104.15371827525496
250 5 26.0 94.31104247826791
250 5 27.0 105.69708932124873
250 5 28.0 161.18332875439754
250 5 29.0 137.00168925364446
250 5 3.0 95.13251927992123
250 5 30.0 139.86006038601755
250 5 31.0 111.74849662937616
250 5 32.0 143.38352954893878
250 5 33.0 109.39769953444286
250 5 34.0 117.73943783538063
250 5 35.0 128.384559604277
250 5 36.0 115.96939226749011
250 5 37.0 88.34707229846491
250 5 38.0 114.7151086717662
250 5 39.0 168.42910770146813
250 5 4.0 122.66551819761034
250 5 40.0 103.93009791102074
250 5 41.0 118.8555370993542
250 5 42.0 130.25344857432768
250 5 43.0 95.95084166357988
250 5 44.0 92.25122145346319
250 5 45.0 116.53823556874765
250 5 46.0 142.42918777923535
250 5 47.0 173.71439439040407
250 5 48.0 156.29672663909886
250 5 49.0 123.36492896991719
250 5 5.0 120.01077784147658
250 5 50.0 140.50286471593117
250 5 51.0 118.69682208409259
250 5 52.0 168.21259319214803
250 5 53.0 137.57962872014883
250 5 54.0 102.40035505385383
250 5 55.0 132.467000420649
250 5 56.0 131.48454911790492
250 5 57.0 109.9046352573931
250 5 58.0 114.64060581583627
250 5 59.0 143.61088714702444
250 5 6.0 164.27328470779256
250 5 60.0 113.70987541840155
250 5 7.0 73.91335805018754
250 5 8.0 138.1852377888463
250 5 9.0 101.78753355766196
250 6 1.0 126.4664980491829
250 6 10.0 175.70621745226805
250 6 11.0 100.06183046977705
250 6 12.0 134.31698888251108
250 6 13.0 142.68374440643234
250 6 14.0 149.08761369908925
250 6 15.0 107.83822142782667
250 6 16.0 171.7172023696037
250 6 17.0 122.34660134356396
250 6 18.0 67.89122416818182
250 6 19.0 110.30684397753586
250 6 2.0 158.71690024251734
250 6 20.0 115.54576438242216
250 6 21.0 122.49778250406492
250 6 22.0 100.69584755605818
250 6 23.0 134.35991735763773
250 6 24.0 147.75338934973954
250 6 25.0 113.78489245389748
250 6 26.0 167.63913764725774
250 6 27.0 151.30565995336224
250 6 28.0 97.43405743299793
250 6 29.0 132.31630990156702
250 6 3.0 164.4628133028736
250 6 30.0 124.41123613661655
250 6 31.0 92.56210468034352
250 6 32.0 106.33831297018163
250 6 33.0 130.07198340776915
250 6 34.0 125.43558850374286
250 6 35.0 136.5434571448897
250 6 36.0 128.77598576051773
250 6 37.0 106.56107155065632
250 6 38.0 77.54366456588255
250 6 39.0 157.72698539834414
250 6 4.0 133.82343155622203
250 6 40.0 122.20455679781507
250 6 41.0 112.9384046998432
250 6 42.0 112.4171275927331
250 6 43.0 107.6779912573689
250 6 44.0 87.26065229851248
250 6 45.0 155.0858604083114
250 6 46.0 113.43596869169215
250 6 47.0 124.57914286533159
250 6 48.0 125.0372860528187
250 6 49.0 120.14475535006922
250 6 5.0 170.92388718591556
250 6 50.0 98.81785045438025
250 6 51.0 109.36877208147176
250 6 52.0 138.6380498839157
250 6 53.0 98.13733493842737
250 6 54.0 133.08832532820398
250 6 55.0 138.69879229058333
250 6 56.0 149.2576532357298
250 6 57.0 94.81077370463248
250 6 58.0 85.5157605206568
250 6 59.0 163.46177691401942
250 6 6.0 148.56697483664394
250 6 60.0 147.45148375198866
250 6 7.0 161.6405201908941
250 6 8.0 125.25996004164381
250 6 9.0 159.6775515973665
251 5 1.0 150.58589788520996
251 5 10.0 123.63945830415969
251 5 11.0 106.78005101720163
251 5 12.0 121.61419656668349
251 5 13.0 98.96634241908517
251 5 14.0 109.33395488782078
251 5 15.0 145.00497484825644
251 5 16.0 128.90055537573278
251 5 17.0 125.54029077093185
251 5 18.0 118.3455493441233
251 5 19.0 116.79862970098948
251 5 2.0 82.83613460474356
251 5 20.0 95.89766568321853
251 5 21.0 96.14342515711452
251 5 22.0 92.46673918250858
251 5 23.0 145.58877690673083
251 5 24.0 86.93535832040963
251 5 25.0 103.46444178912421
251 5 26.0 116.12235344897817
251 5 27.0 155.94960013938382
251 5 28.0 169.12053929013447
251 5 29.0 82.47934710908675
251 5 3.0 174.89854603502957
251 5 30.0 148.78204819115695
251 5 31.0 91.67588043054336
251 5 32.0 123.4484812575799
251 5 33.0 172.8786088771892
251 5 34.0 147.18806418483703
251 5 35.0 61.982089252380064
251 5 36.0 129.14923511340638
251 5 37.0 88.38636960682248
251 5 38.0 103.49913406881214
251 5 39.0 105.24750892943912
251 5 4.0 114.40599658202599
251 5 40.0 108.63904671388939
251 5 41.0 112.76748582006894
251 5 42.0 109.15648729539471
251 5 43.0 99.24735198387482
251 5 44.0 117.8467425298758
251 5 45.0 111.77469764506705
251 5 46.0 129.95472281249081
251 5 47.0 154.9749577103957
251 5 48.0 172.33199707632903
251 5 49.0 134.65212303371024
251 5 5.0 127.66772711441187
251 5 50.0 118.28520000637835
251 5 51.0 108.67988199843424
251 5 52.0 153.19955049977227
251 5 53.0 124.89101306148356
251 5 54.0 100.61166925096225
251 5 55.0 149.44791091334858
251 5 56.0 158.23475427265979
251 5 57.0 98.15879314901592
251 5 58.0 116.82750773984485
251 5 59.0 142.60118065120804
251 5 6.0 93.04311780725784
251 5 60.0 88.10933646860978
251 5 7.0 136.60313257830634
251 5 8.0 158.3705614720309
251 5 9.0 122.00481955449102
251 6 1.0 166.2180829536111
251 6 10.0 117.62757904435244
251 6 11.0 84.56871671285356
251 6 12.0 121.89254489521866
251 6 13.0 151.19206504649222
251 6 14.0 122.12884149605286
251 6 15.0 125.5797477412761
251 6 16.0 156.3577136765879
251 6 17.0 112.11496662854728
251 6 18.0 99.20025360095825
251 6 19.0 165.52028010029665
251 6 2.0 152.33577609440397
251 6 20.0 135.6511140240006
251 6 21.0 134.75545845537323
251 6 22.0 118.48232233823589
251 6 23.0 129.78921649930507
251 6 24.0 138.98476613052867
251 6 25.0 122.66747164393938
251 6 26.0 123.2587182109786
251 6 27.0 123.17712301012308
251 6 28.0 100.17578301804743
251 6 29.0 98.9126277610275
251 6 3.0 137.24671748159685
251 6 30.0 166.47806032531585
251 6 31.0 115.39500087914233
251 6 32.0 124.08653756540264
251 6 33.0 89.48331283218603
251 6 34.0 145.35660852842335
251 6 35.0 101.70258737352154
251 6 36.0 134.0344200319627
251 6 37.0 138.30750814572892
251 6 38.0 83.11879699845827
251 6 39.0 111.58106474254174
251 6 4.0 130.57492142926162
251 6 40.0 109.1844524787497
251 6 41.0 101.44480473651922
251 6 42.0 106.64335730012128
251 6 43.0 92.79877424852488
251 6 44.0 132.82643396266315
251 6 45.0 106.12558814526199
251 6 46.0 147.8724218441683
251 6 47.0 164.31327466587285
251 6 48.0 149.49769331310432
251 6 49.0 84.63964658941386
251 6 5.0 139.46788754555251
251 6 50.0 95.75319024994562
251 6 51.0 164.5504882681205
251 6 52.0 160.92072478383545
251 6 53.0 121.00142587746338
251 6 54.0 154.58256170809324
251 6 55.0 89.80052409934359
251 6 56.0 105.60666705775704
251 6 57.0 143.53892155223153
251 6 58.0 82.99319975438695
251 6 59.0 144.76020800817733
251 6 6.0 133.13952751102784
251 6 60.0 74.08978352157095
251 6 7.0 146.9995030581545
251 6 8.0 118.02117218185515
251 6 9.0 115.32904869234625
252 5 1.0 113.49355520499996
252 5 10.0 99.74465788178095
252 5 11.0 101.3042566210781
252 5 12.0 95.71404047951934
252 5 13.0 120.21582108175353
252 5 14.0 119.52408099693587
252 5 15.0 143.1300889812858
252 5 16.0 133.9678856249114
252 5 17.0 122.03683686457268
252 5 18.0 89.07069363867815
252 5 19.0 145.1374862196187
252 5 2.0 96.7385610016783
252 5 20.0 90.16528049624809
252 5 21.0 88.83724363126284
252 5 22.0 159.13451543610734
252 5 23.0 161.18868016785754
252 5 24.0 149.9423708513771
252 5 25.0 117.24267570506306
252 5 26.0 88.71438296733821
252 5 27.0 120.32855760460264
252 5 28.0 170.66958839912093
252 5 29.0 152.84055594759573
252 5 3.0 105.29929011278608
252 5 30.0 159.76083598906564
252 5 31.0 125.25376468785925
252 5 32.0 139.66388867487635
252 5 33.0 148.92362612718756
252 5 34.0 93.15033812637363
252 5 35.0 174.5524934936905
252 5 36.0 102.32889158036176
252 5 37.0 161.32961798714135
252 5 38.0 83.8678779469999
252 5 39.0 154.32361327180496
252 5 4.0 102.35730994113058
252 5 40.0 116.41903551678709
252 5 41.0 84.9483104025383
252 5 42.0 102.11906838828577
252 5 43.0 118.55322645101303
252 5 44.0 114.04333698284321
252 5 45.0 108.0763962002788
252 5 46.0 90.91779513573209
252 5 47.0 149.77948289578828
252 5 48.0 143.37664655560016
252 5 49.0 147.75466282112015
252 5 5.0 95.33376322279436
252 5 50.0 112.75302743785706
252 5 51.0 160.31127931868565
252 5 52.0 93.23309289416338
252 5 53.0 124.88631728827714
252 5 54.0 124.58076326177988
252 5 55.0 138.91702907909485
252 5 56.0 156.46872653221223
252 5 57.0 98.60636606602166
252 5 58.0 124.69473121958589
252 5 59.0 137.6525127160091
252 5 6.0 135.09341342219116
252 5 60.0 87.26884884232459
252 5 7.0 118.82149597523595
252 5 8.0 89.90898429941912
252 5 9.0 85.4336195747153
252 6 1.0 124.69415732824173
252 6 10.0 148.51823752681213
252 6 11.0 116.06412562614973
252 6 12.0 129.2650575738108
252 6 13.0 121.99277886321383
252 6 14.0 123.84901835208471
252 6 15.0 106.13129034456028
252 6 16.0 142.11621764525532
252 6 17.0 129.87259897994142
252 6 18.0 153.09372086638845
252 6 19.0 143.2219782981963
252 6 2.0 126.00644349266642
252 6 20.0 142.3961902989269
252 6 21.0 119.0162850710947
252 6 22.0 147.15617410637316
252 6 23.0 148.7175770650103
252 6 24.0 101.38316614059077
252 6 25.0 130.8054319689879
252 6 26.0 94.43905633320213
252 6 27.0 103.78802524312286
252 6 28.0 105.16440119203989
252 6 29.0 98.68405666459425
252 6 3.0 119.88881768604081
252 6 30.0 153.25827267033515
252 6 31.0 126.5920524994993
252 6 32.0 125.63688121812028
252 6 33.0 92.24959913997145
252 6 34.0 148.48435630124015
252 6 35.0 101.30684772308781
252 6 36.0 97.43182700377295
252 6 37.0 156.10653766458734
252 6 38.0 132.6613460900079
252 6 39.0 137.85419722452468
252 6 4.0 121.3186800477043
252 6 40.0 106.72133266026451
252 6 41.0 127.09319826643194
252 6 42.0 107.0689797070873
252 6 43.0 109.31907665152414
252 6 44.0 127.37556532814673
252 6 45.0 117.01098084462879
252 6 46.0 91.54942814327865
252 6 47.0 121.00179672054185
252 6 48.0 124.77186372058571
252 6 49.0 115.25798312005503
252 6 5.0 150.51227879245263
252 6 50.0 138.28434032374676
252 6 51.0 146.8733654726635
252 6 52.0 102.681459877027
252 6 53.0 133.156837493746
252 6 54.0 153.64899537788216
252 6 55.0 157.7778425180071
252 6 56.0 127.21413905742682
252 6 57.0 154.90975411991013
252 6 58.0 126.07258049774453
252 6 59.0 167.84106008908262
252 6 6.0 156.83956015600302
252 6 60.0 88.45484843391868
252 6 7.0 117.46269734805144
252 6 8.0 89.23357787810174
252 6 9.0 94.53883454215162
253 5 1.0 96.40455277059759
253 5 10.0 100.36620121581204
253 5 11.0 97.33696181755052
253 5 12.0 93.98186775537101
253 5 13.0 167.64802921332114
253 5 14.0 125.94110868538837
253 5 15.0 107.17803047950576
253 5 16.0 109.980029162915
253 5 17.0 124.59926369560083
253 5 18.0 112.70227370897682
253 5 19.0 153.32337567445413
253 5 2.0 82.47458131195151
253 5 20.0 104.10747599910212
253 5 21.0 104.01881974908548
253 5 22.0 135.44073166975713
253 5 23.0 125.03543873655887
253 5 24.0 113.24142464722766
253 5 25.0 164.34151601986053
253 5 26.0 112.4223101934087
253 5 27.0 96.28221377660161
253 5 28.0 148.62375429540316
253 5 29.0 99.9516848257521
253 5 3.0 108.69464215734354
253 5 30.0 131.7103071689278
253 5 31.0 109.52829153106036
253 5 32.0 121.10233353365939
253 5 33.0 152.7091023398876
253 5 34.0 127.61451823506005
253 5 35.0 126.01230824420823
253 5 36.0 114.29466148410465
253 5 37.0 131.85064474635075
253 5 38.0 104.53625929507129
253 5 39.0 162.38705896586364
253 5 4.0 138.89478189967411
253 5 40.0 100.28590977669901
253 5 41.0 150.91779530386816
253 5 42.0 130.81234189919937
253 5 43.0 84.16485520305002
253 5 44.0 93.18462149583708
253 5 45.0 122.12618752480329
253 5 46.0 89.3324523834515
253 5 47.0 120.01578921791446
253 5 48.0 147.851141320449
253 5 49.0 108.63840982914427
253 5 5.0 122.0151364134695
253 5 50.0 138.97907014555446
253 5 51.0 158.86156367977193
253 5 52.0 137.64845552108483
253 5 53.0 131.4198833352522
253 5 54.0 117.89776490954971
253 5 55.0 134.7428944711764
253 5 56.0 132.78417804353967
253 5 57.0 106.38670947266849
253 5 58.0 116.57725415099802
253 5 59.0 143.12283484105728
253 5 6.0 94.11832936109028
253 5 60.0 82.15286958103204
253 5 7.0 146.71501624104764
253 5 8.0 105.5725795477625
253 5 9.0 86.94302084205874
253 6 1.0 131.155434740394
253 6 10.0 91.0856839457246
253 6 11.0 111.715195882456
253 6 12.0 176.4868729819991
253 6 13.0 165.1498835114511
253 6 14.0 106.36861606313765
253 6 15.0 96.04312207875104
253 6 16.0 168.73541639943247
253 6 17.0 118.2210021064308
253 6 18.0 87.45229774089181
253 6 19.0 130.86307643991736
253 6 2.0 124.48601298575646
253 6 20.0 146.95292249083641
253 6 21.0 114.12104822609794
253 6 22.0 108.28537778529787
253 6 23.0 86.61601431614923
253 6 24.0 82.44898508833353
253 6 25.0 149.76479346661495
253 6 26.0 96.61135674702827
253 6 27.0 153.38758638684718
253 6 28.0 78.78279631024795
253 6 29.0 122.37094965223122
253 6 3.0 116.25051962564285
253 6 30.0 143.14103271583474
253 6 31.0 127.44159109740863
253 6 32.0 134.0790577737939
253 6 33.0 116.41664175699614
253 6 34.0 103.87141867394908
253 6 35.0 126.71741656471522
253 6 36.0 169.51992533724484
253 6 37.0 107.95578576295354
253 6 38.0 155.607428983548
253 6 39.0 103.43677807725905
253 6 4.0 122.22482173358613
253 6 40.0 150.81975704964464
253 6 41.0 145.6405543682143
253 6 42.0 130.28080004309916
253 6 43.0 126.84345578891813
253 6 44.0 99.6225534031271
253 6 45.0 101.04509175719686
253 6 46.0 96.88358609238759
253 6 47.0 132.9975727994066
253 6 48.0 117.36844762154796
253 6 49.0 140.4019816191
253 6 5.0 153.18226635495037
253 6 50.0 107.90841860455173
253 6 51.0 140.12055940506517
253 6 52.0 149.35150481187443
253 6 53.0 104.86812184067993
253 6 54.0 150.38782806734056
253 6 55.0 114.39929845575558
253 6 56.0 139.56529420115152
253 6 57.0 153.07011225960682
253 6 58.0 151.95206052575512
253 6 59.0 83.81683414411962
253 6 6.0 117.81264392891885
253 6 60.0 94.88989935773517
253 6 7.0 142.1651083983291
253 6 8.0 109.92403908930017
253 6 9.0 121.45648214965755
254 5 1.0 125.6499284665796
254 5 10.0 86.32874851513421
254 5 11.0 140.11331081041783
254 5 12.0 98.83513047734027
254 5 13.0 89.0696797288915
254 5 14.0 117.20706938797177
254 5 15.0 143.80179424753985
254 5 16.0 116.46107758203586
254 5 17.0 157.9668016228703
254 5 18.0 104.71960554809989
254 5 19.0 78.77130538336158
254 5 2.0 113.20214550996927
254 5 20.0 131.80279588351496
254 5 21.0 65.88326411701206
254 5 22.0 100.90031029869805
254 5 23.0 82.89035289971267
254 5 24.0 168.33189466848566
254 5 25.0 99.35629959365707
254 5 26.0 114.01358015800713
254 5 27.0 146.19502417846053
254 5 28.0 151.63831739054018
254 5 29.0 140.6200160145157
254 5 3.0 109.32147527197102
254 5 30.0 128.08203822123932
254 5 31.0 115.10949754699044
254 5 32.0 104.3061615992185
254 5 33.0 160.90574151438565
254 5 34.0 103.12287211380531
254 5 35.0 110.6752858226099
254 5 36.0 130.9554662591688
254 5 37.0 94.6615866478639
254 5 38.0 147.14440709233767
254 5 39.0 115.0164199557448
254 5 4.0 127.89738019381252
254 5 40.0 102.62633672324174
254 5 41.0 162.01742377874515
254 5 42.0 126.99521542796421
254 5 43.0 146.97713063170872
254 5 44.0 132.92958629798227
254 5 45.0 96.54958431427735
254 5 46.0 146.48856549341585
254 5 47.0 96.579759279971
254 5 48.0 124.8063306925826
254 5 49.0 121.06898763409863
254 5 5.0 147.3833337614862
254 5 50.0 100.43662490646601
254 5 51.0 173.3581792326192
254 5 52.0 142.93865963168489
254 5 53.0 116.1403756567359
254 5 54.0 88.10194428547626
254 5 55.0 121.0470528960757
254 5 56.0 114.29682892948347
254 5 57.0 99.74654079376533
254 5 58.0 123.71258036949449
254 5 59.0 152.11705404783447
254 5 6.0 130.67617523419864
254 5 60.0 86.65942929752867
254 5 7.0 158.53802378170732
254 5 8.0 92.1682353123751
254 5 9.0 89.51828613580138
254 6 1.0 160.03660441327605
254 6 10.0 143.060003723702
254 6 11.0 116.96414358630368
254 6 12.0 101.87202027300137
254 6 13.0 164.47716991254222
254 6 14.0 141.9553849115287
254 6 15.0 123.61579742555213
254 6 16.0 168.37917055865398
254 6 17.0 119.77393668604577
254 6 18.0 130.93599362023895
254 6 19.0 144.58957228281983
254 6 2.0 74.2910840783611
254 6 20.0 144.43509434981505
254 6 21.0 98.34106469522509
254 6 22.0 80.3221969830256
254 6 23.0 128.98839211235858
254 6 24.0 101.4023291369827
254 6 25.0 150.06414167813628
254 6 26.0 107.02145659892926
254 6 27.0 89.9233431716582
254 6 28.0 88.52169843648355
254 6 29.0 142.67745693005145
254 6 3.0 155.29297856656245
254 6 30.0 109.28602837493557
254 6 31.0 122.27143184740726
254 6 32.0 169.08961073753406
254 6 33.0 130.5797760131478
254 6 34.0 148.91066968608772
254 6 35.0 142.4910626373051
254 6 36.0 132.13953446756113
254 6 37.0 123.02687826552118
254 6 38.0 106.38129237228333
254 6 39.0 103.84505479330218
254 6 4.0 149.78077824687827
254 6 40.0 108.88569189699881
254 6 41.0 120.62769362552686
254 6 42.0 107.06191896246462
254 6 43.0 100.83381697188096
254 6 44.0 105.1279406835839
254 6 45.0 99.2606540379507
254 6 46.0 95.33871176864787
254 6 47.0 115.06342154903516
254 6 48.0 164.7722273952327
254 6 49.0 131.96062186194825
254 6 5.0 149.93292171014755
254 6 50.0 103.89949545278364
254 6 51.0 146.55552306628147
254 6 52.0 145.84400049923505
254 6 53.0 120.23697436062122
254 6 54.0 144.7512183334115
254 6 55.0 117.14149505716661
254 6 56.0 111.72095939180272
254 6 57.0 92.24473706276461
254 6 58.0 118.64093883180132
254 6 59.0 122.08512740882601
254 6 6.0 123.64881051861089
254 6 60.0 77.06876443143696
254 6 7.0 111.57832286856353
254 6 8.0 84.5812271313121
254 6 9.0 122.05712550998267
255 5 1.0 132.5229452116777
255 5 10.0 148.6318576448654
255 5 11.0 119.69788538082686
255 5 12.0 126.08403055276808
255 5 13.0 123.51723685712233
255 5 14.0 131.89130251360328
255 5 15.0 129.41484655714623
255 5 16.0 130.2528512864176
255 5 17.0 152.7666993356303
255 5 18.0 92.21648975293829
255 5 19.0 88.47989667922882
255 5 2.0 114.83496361240142
255 5 20.0 77.44973359713308
255 5 21.0 145.59856198601753
255 5 22.0 136.36076948769443
255 5 23.0 158.65947685591402
255 5 24.0 136.73809201927102
255 5 25.0 106.72749066921847
255 5 26.0 127.25108332018793
255 5 27.0 105.60015551409947
255 5 28.0 115.5790736071753
255 5 29.0 128.30566091847462
255 5 3.0 128.33003802209026
255 5 30.0 159.74141788160117
255 5 31.0 109.28917896586918
255 5 32.0 159.18463702860527
255 5 33.0 105.77235821778292
255 5 34.0 139.70588833113513
255 5 35.0 126.29645969874784
255 5 36.0 156.53445464860692
255 5 37.0 101.68965955342522
255 5 38.0 116.87931306269923
255 5 39.0 147.71247301884142
255 5 4.0 121.03135486499284
255 5 40.0 137.1024106205802
255 5 41.0 119.93945418421397
255 5 42.0 93.67907707285701
255 5 43.0 159.2182072540054
255 5 44.0 134.16837399281997
255 5 45.0 83.37836790884539
255 5 46.0 167.09143730440462
255 5 47.0 124.47612595026678
255 5 48.0 118.76623409997418
255 5 49.0 159.37862676928256
255 5 5.0 123.90704128513688
255 5 50.0 101.00014398413684
255 5 51.0 166.76870233432004
255 5 52.0 149.23748658775654
255 5 53.0 156.97201509245684
255 5 54.0 152.72556900650952
255 5 55.0 140.11561227844552
255 5 56.0 160.0793244846023
255 5 57.0 150.03581847931545
255 5 58.0 86.22234592780858
255 5 59.0 157.34270094386372
255 5 6.0 114.96770250655486
255 5 60.0 96.96818305333606
255 5 7.0 128.93371401230357
255 5 8.0 92.9779720186446
255 5 9.0 136.84814469288014
255 6 1.0 139.58314963120785
255 6 10.0 131.68993632396848
255 6 11.0 114.72399044047313
255 6 12.0 130.45381273827616
255 6 13.0 109.78284965861017
255 6 14.0 129.53768909343003
255 6 15.0 93.80286646855843
255 6 16.0 131.42393284792294
255 6 17.0 151.8204204972673
255 6 18.0 159.41661700524276
255 6 19.0 108.45699889359244
255 6 2.0 144.5827164581319
255 6 20.0 118.21314647645573
255 6 21.0 131.82987852042493
255 6 22.0 141.70979940245104
255 6 23.0 118.51770813314828
255 6 24.0 74.45472519066202
255 6 25.0 89.82434263647684
255 6 26.0 106.17896907292732
255 6 27.0 117.10552236158354
255 6 28.0 101.88158542729073
255 6 29.0 84.60978442925918
255 6 3.0 120.97697877110613
255 6 30.0 132.0184733023328
255 6 31.0 143.8095401136818
255 6 32.0 143.9304792588405
255 6 33.0 146.48221139797454
255 6 34.0 112.61051418534082
255 6 35.0 141.60952201574446
255 6 36.0 132.89052382701317
255 6 37.0 112.30880458033043
255 6 38.0 175.2409921448642
255 6 39.0 153.08211748242312
255 6 4.0 153.03574945288565
255 6 40.0 104.9898674081531
255 6 41.0 131.5937075640448
255 6 42.0 99.4072000215775
255 6 43.0 109.76340318712367
255 6 44.0 122.11658686917703
255 6 45.0 156.61618285879206
255 6 46.0 110.9441356925412
255 6 47.0 94.25314333104025
255 6 48.0 174.93810357126887
255 6 49.0 136.7564988087923
255 6 5.0 122.78469182537056
255 6 50.0 131.2714026164421
255 6 51.0 132.55197838300475
255 6 52.0 136.75175982695492
255 6 53.0 164.12274614345424
255 6 54.0 123.47619879217362
255 6 55.0 126.98510323813943
255 6 56.0 155.75648061458463
255 6 57.0 116.686542705467
255 6 58.0 126.22261232755653
255 6 59.0 156.63167268787507
255 6 6.0 101.23599162979616
255 6 60.0 86.5039681334772
255 6 7.0 99.85885480558635
255 6 8.0 120.84319539492955
255 6 9.0 123.11313276199772
256 5 1.0 121.30343237549705
256 5 10.0 126.11012298599063
256 5 11.0 137.67902930126832
256 5 12.0 112.64232728573212
256 5 13.0 154.23502677573615
256 5 14.0 120.78257320170587
256 5 15.0 139.5308967216584
256 5 16.0 107.89721975034513
256 5 17.0 119.68753810298216
256 5 18.0 144.49118393368386
256 5 19.0 93.38692817875166
256 5 2.0 104.09077396069456
256 5 20.0 105.47642080885583
256 5 21.0 131.45395424608378
256 5 22.0 172.02861612894975
256 5 23.0 97.0661643271406
256 5 24.0 110.97538958853187
256 5 25.0 132.12883878172482
256 5 26.0 138.89124226017086
256 5 27.0 170.55820160567524
256 5 28.0 126.99963811808965
256 5 29.0 124.69927435972907
256 5 3.0 100.5911683008024
256 5 30.0 133.96101902116533
256 5 31.0 103.41152521993135
256 5 32.0 155.59318384368802
256 5 33.0 98.71002877701487
256 5 34.0 124.87248953655404
256 5 35.0 122.88819084643389
256 5 36.0 100.40790736103378
256 5 37.0 97.0737747762453
256 5 38.0 110.16460836778701
256 5 39.0 106.87016898077376
256 5 4.0 103.16080541577067
256 5 40.0 137.0380440091524
256 5 41.0 135.5207153080064
256 5 42.0 133.65362077437823
256 5 43.0 165.84371249126986
256 5 44.0 104.44406476374552
256 5 45.0 129.203166409464
256 5 46.0 95.24241743939984
256 5 47.0 147.94493741880234
256 5 48.0 170.66341298798946
256 5 49.0 121.48822543845526
256 5 5.0 82.58798449097074
256 5 50.0 125.59853852341563
256 5 51.0 144.4473197187394
256 5 52.0 114.35924894287983
256 5 53.0 100.31622760762825
256 5 54.0 129.1443640746057
256 5 55.0 107.45949040590138
256 5 56.0 108.07960620523413
256 5 57.0 101.72123056154126
256 5 58.0 100.19019009365087
256 5 59.0 160.00380218642977
256 5 6.0 129.57957812832026
256 5 60.0 154.14903466579224
256 5 7.0 128.0511178854959
256 5 8.0 94.64493388639465
256 5 9.0 104.98359968110285
256 6 1.0 119.74076131396215
256 6 10.0 120.80720983754846
256 6 11.0 72.27169762797537
256 6 12.0 125.06859398694574
256 6 13.0 101.10264022346884
256 6 14.0 127.24329040049214
256 6 15.0 106.92199915022745
256 6 16.0 174.55364741073913
256 6 17.0 114.74271597163123
256 6 18.0 108.34892528648487
256 6 19.0 108.54137808563746
256 6 2.0 137.68668426893552
256 6 20.0 151.14208781339394
256 6 21.0 110.23140207248049
256 6 22.0 107.1320921069237
256 6 23.0 159.60524972599225
256 6 24.0 134.51599046922775
256 6 25.0 84.51340313816655
256 6 26.0 93.46508828303709
256 6 27.0 145.26334359513405
256 6 28.0 101.76092062152927
256 6 29.0 122.79514976647476
256 6 3.0 122.37159509479658
256 6 30.0 135.58355314357934
256 6 31.0 147.6658613493627
256 6 32.0 94.47656419294074
256 6 33.0 137.98855164590682
256 6 34.0 156.6011577988727
256 6 35.0 147.7156946803013
256 6 36.0 157.41727074064502
256 6 37.0 96.18581170964265
256 6 38.0 136.5903592495432
256 6 39.0 108.22695521655315
256 6 4.0 128.14718114329887
256 6 40.0 115.30315606008273
256 6 41.0 122.2869945069458
256 6 42.0 113.3701067839182
256 6 43.0 114.37242509560103
256 6 44.0 145.60425653303946
256 6 45.0 137.35051280436633
256 6 46.0 144.60984007139592
256 6 47.0 114.56752232220198
256 6 48.0 154.7025635437533
256 6 49.0 159.222126646638
256 6 5.0 133.11243065491863
256 6 50.0 133.01658009883926
256 6 51.0 162.18922199532082
256 6 52.0 128.9775157062851
256 6 53.0 163.00808110961285
256 6 54.0 110.40803666045679
256 6 55.0 162.71069450483992
256 6 56.0 111.26337802779221
256 6 57.0 88.47301788998195
256 6 58.0 132.00608951866684
256 6 59.0 126.29115563978105
256 6 6.0 99.37498327312753
256 6 60.0 115.24400264528221
256 6 7.0 120.99644134281175
256 6 8.0 114.92784459738934
256 6 9.0 115.91989745082014
257 5 1.0 151.31367243931038
257 5 10.0 97.88654501792603
257 5 11.0 130.25656410983925
257 5 12.0 110.70031791073735
257 5 13.0 130.13203036467146
257 5 14.0 146.52641164064087
257 5 15.0 112.66515795106048
257 5 16.0 135.579531184385
257 5 17.0 177.68251662927582
257 5 18.0 173.3110432562828
257 5 19.0 160.11386531886342
257 5 2.0 139.17220855600021
257 5 20.0 132.25531694250964
257 5 21.0 128.68608421529183
257 5 22.0 145.81376717177886
257 5 23.0 168.26251477624552
257 5 24.0 102.48780858122484
257 5 25.0 115.37553217740052
257 5 26.0 103.66608040447635
257 5 27.0 131.30593597776934
257 5 28.0 102.51338793632968
257 5 29.0 92.5408057777139
257 5 3.0 103.49789616323947
257 5 30.0 152.0803136593362
257 5 31.0 114.56714053140097
257 5 32.0 150.8389446556756
257 5 33.0 125.87710266823767
257 5 34.0 154.86475914156733
257 5 35.0 173.4902591991127
257 5 36.0 109.15672971622917
257 5 37.0 109.3189088371157
257 5 38.0 94.13376195405078
257 5 39.0 109.01254187946698
257 5 4.0 156.38495522248508
257 5 40.0 119.8352068868215
257 5 41.0 139.74517571764372
257 5 42.0 133.86935372779413
257 5 43.0 146.33632218011243
257 5 44.0 129.3858451367226
257 5 45.0 106.26027808321881
257 5 46.0 102.36976274414508
257 5 47.0 129.09375006232375
257 5 48.0 101.42928097719025
257 5 49.0 132.6341194797824
257 5 5.0 172.33651473760736
257 5 50.0 123.26174600459683
257 5 51.0 154.76072791240148
257 5 52.0 129.03655153678048
257 5 53.0 136.09964265409306
257 5 54.0 129.20603037824318
257 5 55.0 128.5020604698495
257 5 56.0 114.12845582604157
257 5 57.0 116.54428039168887
257 5 58.0 141.15931112175176
257 5 59.0 118.53169275107602
257 5 6.0 90.02235076791769
257 5 60.0 85.79534658273236
257 5 7.0 170.97951584695778
257 5 8.0 100.86990320778173
257 5 9.0 83.7055704292979
257 6 1.0 107.2735132651111
257 6 10.0 120.65253727985439
257 6 11.0 96.61509389754673
257 6 12.0 123.40215164634783
257 6 13.0 142.4262015663012
257 6 14.0 148.5179608141119
257 6 15.0 108.23237095264307
257 6 16.0 143.34954481460167
257 6 17.0 158.69479371967492
257 6 18.0 148.6847886038284
257 6 19.0 106.53248723595853
257 6 2.0 141.1927678569275
257 6 20.0 129.03213073203105
257 6 21.0 123.48700294447818
257 6 22.0 113.12356867194883
257 6 23.0 75.4961432198115
257 6 24.0 159.2090981954604
257 6 25.0 110.90505625846828
257 6 26.0 91.1747441339889
257 6 27.0 107.8229493474799
257 6 28.0 104.76449873791638
257 6 29.0 129.0402873020514
257 6 3.0 140.7587020265959
257 6 30.0 167.92653679275918
257 6 31.0 152.01543348185416
257 6 32.0 152.268219269415
257 6 33.0 129.26914850206478
257 6 34.0 157.6264190908019
257 6 35.0 105.04440053946985
257 6 36.0 155.1503743039053
257 6 37.0 135.95948595432793
257 6 38.0 76.78156678151359
257 6 39.0 121.24217245347664
257 6 4.0 94.20160986426531
257 6 40.0 94.12395853165816
257 6 41.0 127.07454305230077
257 6 42.0 79.52767711409916
257 6 43.0 133.21572603920984
257 6 44.0 124.57909022302489
257 6 45.0 154.28017744762084
257 6 46.0 115.32815901307886
257 6 47.0 116.39546404376763
257 6 48.0 132.57600362200222
257 6 49.0 146.47092642615658
257 6 5.0 121.31282018382684
257 6 50.0 124.67955371038421
257 6 51.0 131.56864685389104
257 6 52.0 141.2003503258479
257 6 53.0 94.66538061854317
257 6 54.0 120.09606619207841
257 6 55.0 135.6357568848102
257 6 56.0 114.6258747374762
257 6 57.0 91.60835456182052
257 6 58.0 134.4189210513678
257 6 59.0 147.4815030230945
257 6 6.0 110.07408262093044
257 6 60.0 81.71554270063321
257 6 7.0 139.90337956332252
257 6 8.0 120.96996703544447
257 6 9.0 121.4550728585091
258 5 1.0 136.19282466710555
258 5 10.0 126.65438222362573
258 5 11.0 137.49396784854468
258 5 12.0 108.47036983100689
258 5 13.0 119.60335977314072
258 5 14.0 153.372989370407
258 5 15.0 118.18316445278354
258 5 16.0 167.9346863082683
258 5 17.0 151.31911272992133
258 5 18.0 133.16556593611799
258 5 19.0 102.66171779119634
258 5 2.0 131.23717426380412
258 5 20.0 105.33777192917236
258 5 21.0 80.19183482370543
258 5 22.0 139.83845714731297
258 5 23.0 113.7796973160196
258 5 24.0 133.98042690283975
258 5 25.0 141.6873896321579
258 5 26.0 105.78496014323805
258 5 27.0 119.11604176385187
258 5 28.0 147.62672267304978
258 5 29.0 118.62888968743358
258 5 3.0 131.732661471382
258 5 30.0 128.80348332802433
258 5 31.0 132.9530420528615
258 5 32.0 152.83716112620255
258 5 33.0 148.83001875937887
258 5 34.0 139.39234555751577
258 5 35.0 152.4362505553592
258 5 36.0 94.35540186199572
258 5 37.0 121.17511289865361
258 5 38.0 74.85311467247115
258 5 39.0 164.25248062346287
258 5 4.0 151.97432314084773
258 5 40.0 118.84307910363316
258 5 41.0 109.26712821130036
258 5 42.0 101.08304267143973
258 5 43.0 140.15870195555956
258 5 44.0 123.45969659234235
258 5 45.0 154.41639535271815
258 5 46.0 89.95473962146836
258 5 47.0 100.16152884424072
258 5 48.0 155.00643134291897
258 5 49.0 147.10752125635764
258 5 5.0 117.28100965602562
258 5 50.0 133.54551564037914
258 5 51.0 143.453914978609
258 5 52.0 127.12752728985606
258 5 53.0 129.58066816555186
258 5 54.0 133.2683686632457
258 5 55.0 155.42371510737314
258 5 56.0 163.021915201579
258 5 57.0 94.10581063977935
258 5 58.0 141.74260933470356
258 5 59.0 126.81613276128931
258 5 6.0 101.74756788387741
258 5 60.0 83.86304899774115
258 5 7.0 137.97382131748043
258 5 8.0 98.71950395406444
258 5 9.0 143.27971219890622
258 6 1.0 140.87496370620508
258 6 10.0 125.69357596144134
258 6 11.0 136.00546891511027
258 6 12.0 151.6904149193134
258 6 13.0 138.24088242595482
258 6 14.0 141.60960331187474
258 6 15.0 139.44591449629402
258 6 16.0 167.33972278172374
258 6 17.0 113.52145133569068
258 6 18.0 108.44150884055863
258 6 19.0 146.1163931749508
258 6 2.0 136.37542944154322
258 6 20.0 129.6545701316374
258 6 21.0 116.08859561564542
258 6 22.0 145.115390210106
258 6 23.0 115.66246096724743
258 6 24.0 151.74096557010395
258 6 25.0 113.90678447187055
258 6 26.0 92.93264932770583
258 6 27.0 137.636182772711
258 6 28.0 86.59889176568753
258 6 29.0 142.99917618066507
258 6 3.0 121.22398793649691
258 6 30.0 140.54513521760978
258 6 31.0 154.0949433837817
258 6 32.0 140.42561283763612
258 6 33.0 114.32094964311425
258 6 34.0 111.86012185277504
258 6 35.0 137.015511129141
258 6 36.0 131.92226094126303
258 6 37.0 127.82436947393899
258 6 38.0 120.98551584107446
258 6 39.0 73.82195462270785
258 6 4.0 166.1920074202094
258 6 40.0 109.99206537307265
258 6 41.0 113.83696330781348
258 6 42.0 81.00933967100802
258 6 43.0 135.88514817163176
258 6 44.0 119.38276756581297
258 6 45.0 99.82735995030612
258 6 46.0 104.09053289205578
258 6 47.0 98.9870781195831
258 6 48.0 150.68355426500247
258 6 49.0 123.9507723618727
258 6 5.0 90.07224506145637
258 6 50.0 141.10669866865604
258 6 51.0 84.0968977878262
258 6 52.0 108.37139717890454
258 6 53.0 128.95967954869238
258 6 54.0 83.87142863936974
258 6 55.0 136.4311153705926
258 6 56.0 76.9918893690179
258 6 57.0 115.22114069134514
258 6 58.0 97.4979211321414
258 6 59.0 145.83872470930683
258 6 6.0 125.30752909003107
258 6 60.0 78.74172544218062
258 6 7.0 135.05430530999902
258 6 8.0 116.10059755007897
258 6 9.0 158.98884420908772
259 5 1.0 143.07146198065027
259 5 10.0 150.88448869601106
259 5 11.0 121.57715529770203
259 5 12.0 111.45228032166112
259 5 13.0 108.38712043985258
259 5 14.0 134.40535891278117
259 5 15.0 84.7204736732333
259 5 16.0 144.78647035461225
259 5 17.0 135.16755985548372
259 5 18.0 117.50968654414426
259 5 19.0 145.45325511476983
259 5 2.0 106.10608531582554
259 5 20.0 136.79022979632126
259 5 21.0 151.71779730754477
259 5 22.0 112.41654799622181
259 5 23.0 81.16861686443892
259 5 24.0 127.89539226393633
259 5 25.0 112.82255568227372
259 5 26.0 146.32257743267218
259 5 27.0 131.38490660725355
259 5 28.0 155.099051430815
259 5 29.0 118.77048736048077
259 5 3.0 146.65225799497037
259 5 30.0 159.62943816161516
259 5 31.0 119.62926432120173
259 5 32.0 120.90339746712974
259 5 33.0 95.92217482548926
259 5 34.0 129.96791117992964
259 5 35.0 92.00260701665816
259 5 36.0 156.75669855460197
259 5 37.0 95.83137229032445
259 5 38.0 116.23204454379105
259 5 39.0 104.65531745717625
259 5 4.0 86.1467708991691
259 5 40.0 114.89061825823094
259 5 41.0 139.9524690404224
259 5 42.0 105.50379995308113
259 5 43.0 171.2674403813934
259 5 44.0 151.60461932103073
259 5 45.0 98.46453484155806
259 5 46.0 163.2995144146471
259 5 47.0 81.58113593755061
259 5 48.0 133.8967754599037
259 5 49.0 143.86758399515992
259 5 5.0 126.80622927703428
259 5 50.0 134.9090641224596
259 5 51.0 158.80580552079516
259 5 52.0 156.04523842500998
259 5 53.0 141.71810233020162
259 5 54.0 136.302735608795
259 5 55.0 125.58017846081559
259 5 56.0 77.5797117974253
259 5 57.0 147.80423242015215
259 5 58.0 109.36186215257906
259 5 59.0 100.58428185716267
259 5 6.0 130.58414480336367
259 5 60.0 96.89905811760443
259 5 7.0 102.63151231531774
259 5 8.0 111.88904675571702
259 5 9.0 133.41945609111235
259 6 1.0 154.66074169108393
259 6 10.0 123.59472502809766
259 6 11.0 118.16294859849084
259 6 12.0 151.37192086753032
259 6 13.0 177.12296188532548
259 6 14.0 110.90949758484378
259 6 15.0 138.58241552380997
259 6 16.0 127.72982474118997
259 6 17.0 140.69110674384152
259 6 18.0 163.87955525873133
259 6 19.0 119.24371029515103
259 6 2.0 109.05941888694869
259 6 20.0 127.08315704522431
259 6 21.0 83.68241936992065
259 6 22.0 126.96882295935764
259 6 23.0 163.83323609743093
259 6 24.0 135.05272462932834
259 6 25.0 123.41950249245029
259 6 26.0 124.56394803164845
259 6 27.0 84.998603883417
259 6 28.0 89.11933493153882
259 6 29.0 155.74134553886412
259 6 3.0 103.13428167830723
259 6 30.0 171.8328487033032
259 6 31.0 107.7997632190209
259 6 32.0 140.63423701228766
259 6 33.0 140.78892099817216
259 6 34.0 165.97789814026197
259 6 35.0 157.42559857381224
259 6 36.0 129.58918493225045
259 6 37.0 106.65274713226313
259 6 38.0 94.65846891652674
259 6 39.0 77.17896907542958
259 6 4.0 155.61039469897548
259 6 40.0 132.3383715131374
259 6 41.0 109.7775147180844
259 6 42.0 98.02471854786178
259 6 43.0 92.74978839131734
259 6 44.0 148.07310486457993
259 6 45.0 83.08020448561092
259 6 46.0 126.4106128717027
259 6 47.0 145.8960320947343
259 6 48.0 169.79222556708459
259 6 49.0 152.35068828983745
259 6 5.0 120.67755388558524
259 6 50.0 129.6928802351918
259 6 51.0 161.899679369679
259 6 52.0 149.2445286362036
259 6 53.0 101.57869447362776
259 6 54.0 98.80957862785402
259 6 55.0 138.01528185248165
259 6 56.0 141.37885425662287
259 6 57.0 149.20162089580853
259 6 58.0 116.87248676530855
259 6 59.0 98.5914135317601
259 6 6.0 144.2459884110599
259 6 60.0 127.49171839112827
259 6 7.0 100.06552804735354
259 6 8.0 139.1878243467015
259 6 9.0 101.6580477160823
260 5 1.0 164.27014824593687
260 5 10.0 154.91067115267458
260 5 11.0 94.87944702797742
260 5 12.0 111.39020579412944
260 5 13.0 118.82671336228034
260 5 14.0 120.07321019890267
260 5 15.0 160.66506158639658
260 5 16.0 121.19689599892274
260 5 17.0 108.67790924323855
260 5 18.0 147.42555957628312
260 5 19.0 149.43476850027278
260 5 2.0 115.60954125348033
260 5 20.0 117.11940144153711
260 5 21.0 125.05857871679666
260 5 22.0 136.21363977744267
260 5 23.0 157.3313381256314
260 5 24.0 119.67932215593862
260 5 25.0 107.14298003232693
260 5 26.0 147.02778658778533
260 5 27.0 113.56908602944131
260 5 28.0 113.44038922985385
260 5 29.0 127.29630464614122
260 5 3.0 138.82732160731214
260 5 30.0 174.46314733071472
260 5 31.0 101.52081076050186
260 5 32.0 154.14266165169036
260 5 33.0 123.06779302614083
260 5 34.0 153.03982732854485
260 5 35.0 95.92540403790224
260 5 36.0 91.54483455772773
260 5 37.0 104.13052869891095
260 5 38.0 96.98367280866778
260 5 39.0 106.81355619422294
260 5 4.0 125.90557713691824
260 5 40.0 146.52453710198014
260 5 41.0 136.15417931057638
260 5 42.0 72.17772673380027
260 5 43.0 95.81148099064859
260 5 44.0 102.89548114785143
260 5 45.0 125.78996971658883
260 5 46.0 128.8337322727369
260 5 47.0 147.3686631243083
260 5 48.0 117.38891925510461
260 5 49.0 161.84445051114693
260 5 5.0 94.39021909264292
260 5 50.0 82.28387874225443
260 5 51.0 156.0922090313723
260 5 52.0 156.04249543046066
260 5 53.0 132.5155261981473
260 5 54.0 106.94586779141852
260 5 55.0 168.8027682757064
260 5 56.0 151.24971010325842
260 5 57.0 97.3934238832478
260 5 58.0 141.3028414485815
260 5 59.0 125.95184120435435
260 5 6.0 103.66828964615479
260 5 60.0 141.50551801955365
260 5 7.0 138.3156383041812
260 5 8.0 153.7881932124254
260 5 9.0 86.13930835622529
260 6 1.0 141.99522434378844
260 6 10.0 103.6801548373811
260 6 11.0 101.81490674387334
260 6 12.0 115.63978641044586
260 6 13.0 152.2133145752179
260 6 14.0 88.33949715364446
260 6 15.0 98.45300391003995
260 6 16.0 172.42669520328224
260 6 17.0 95.115241757853
260 6 18.0 168.2987946872427
260 6 19.0 84.06165263961877
260 6 2.0 112.36010299589557
260 6 20.0 106.48498527150025
260 6 21.0 111.80424972661535
260 6 22.0 161.8114580553782
260 6 23.0 163.98681827582743
260 6 24.0 106.96515449322789
260 6 25.0 128.2009461671759
260 6 26.0 118.36790582471274
260 6 27.0 156.0938465521362
260 6 28.0 84.92320239727401
260 6 29.0 131.755845005161
260 6 3.0 100.83256359174825
260 6 30.0 175.66871189237602
260 6 31.0 167.9835510023513
260 6 32.0 134.38313684950083
260 6 33.0 113.92812503785548
260 6 34.0 114.03332436549034
260 6 35.0 55.87663530570699
260 6 36.0 103.18525329605636
260 6 37.0 163.2213961320906
260 6 38.0 140.72544961672543
260 6 39.0 66.48729165202012
260 6 4.0 125.68071699726104
260 6 40.0 123.97698719329317
260 6 41.0 160.62122058541195
260 6 42.0 125.95366358200086
260 6 43.0 114.14694233309665
260 6 44.0 110.0740711888438
260 6 45.0 118.40143199919548
260 6 46.0 117.1389975443877
260 6 47.0 128.1857342912383
260 6 48.0 157.52247322131848
260 6 49.0 137.02472031121803
260 6 5.0 145.37287978070435
260 6 50.0 151.36914158176788
260 6 51.0 135.9909314072542
260 6 52.0 146.50963756733415
260 6 53.0 77.84627531854265
260 6 54.0 82.53233741590643
260 6 55.0 117.36605937844293
260 6 56.0 94.77426630647989
260 6 57.0 115.90370360418858
260 6 58.0 101.3526047365263
260 6 59.0 125.31421633885043
260 6 6.0 123.84225655629336
260 6 60.0 74.75974355274064
260 6 7.0 137.61437181743796
260 6 8.0 108.06850538707533
260 6 9.0 100.30483546819919
261 5 1.0 167.2397157089473
261 5 10.0 104.47796154655741
261 5 11.0 134.8309097710507
261 5 12.0 96.85842265429658
261 5 13.0 131.78029340034746
261 5 14.0 84.30886526483879
261 5 15.0 108.80288599036703
261 5 16.0 117.69483417349029
261 5 17.0 102.31014110675949
261 5 18.0 131.6435278486592
261 5 19.0 169.92760976596227
261 5 2.0 84.00785267097027
261 5 20.0 151.42945820132206
261 5 21.0 143.63776856722745
261 5 22.0 113.30106463558856
261 5 23.0 119.09128744252958
261 5 24.0 99.44684299180179
261 5 25.0 113.22179152262466
261 5 26.0 134.68899270457516
261 5 27.0 164.30530947215465
261 5 28.0 159.66623819727508
261 5 29.0 130.25072166475385
261 5 3.0 96.47647500213426
261 5 30.0 131.43219351921152
261 5 31.0 120.90668386324771
261 5 32.0 119.98872877646579
261 5 33.0 166.79660616151094
261 5 34.0 126.14138109359881
261 5 35.0 133.2586703130294
261 5 36.0 128.12916162436335
261 5 37.0 102.50428945506393
261 5 38.0 100.33820307307121
261 5 39.0 115.30971236521985
261 5 4.0 122.13014552258966
261 5 40.0 125.57823272972831
261 5 41.0 122.1596060555578
261 5 42.0 105.94292970236889
261 5 43.0 122.60963049878514
261 5 44.0 114.38845145960077
261 5 45.0 89.18427821232365
261 5 46.0 103.16832962739353
261 5 47.0 124.80610475012415
261 5 48.0 169.9184510889016
261 5 49.0 145.63451433704694
261 5 5.0 141.71545807975332
261 5 50.0 148.6987003514309
261 5 51.0 146.59728656421962
261 5 52.0 153.6703226470457
261 5 53.0 84.40170436714571
261 5 54.0 120.00647117336933
261 5 55.0 126.5753101193873
261 5 56.0 156.1236564441202
261 5 57.0 123.13390059486659
261 5 58.0 132.69259337370636
261 5 59.0 157.40932316815844
261 5 6.0 91.98285800206006
261 5 60.0 114.38028009320192
261 5 7.0 74.727304642004
261 5 8.0 110.70720450431136
261 5 9.0 102.54284273060442
261 6 1.0 126.49938546258436
261 6 10.0 100.43749794195081
261 6 11.0 119.21595398665728
261 6 12.0 141.8263348279225
261 6 13.0 150.70226534735252
261 6 14.0 115.75242348578531
261 6 15.0 137.3836003995506
261 6 16.0 150.91003953843114
261 6 17.0 127.94893907192149
261 6 18.0 76.69499749395094
261 6 19.0 104.3747037681596
261 6 2.0 122.6479619928206
261 6 20.0 153.23771552985698
261 6 21.0 173.60640593613456
261 6 22.0 134.83703449463468
261 6 23.0 122.6543398850106
261 6 24.0 75.30995974612411
261 6 25.0 85.42457303893315
261 6 26.0 91.83468012092342
261 6 27.0 100.86581124434144
261 6 28.0 77.73998817672796
261 6 29.0 88.92897377867857
261 6 3.0 120.19220393042441
261 6 30.0 127.121623015225
261 6 31.0 116.39269067758806
261 6 32.0 111.96559180147592
261 6 33.0 117.53711723800357
261 6 34.0 103.71502880936735
261 6 35.0 102.92470141292148
261 6 36.0 115.9156843255782
261 6 37.0 107.47436510771396
261 6 38.0 121.92898406429407
261 6 39.0 98.99897779864615
261 6 4.0 132.48879347401905
261 6 40.0 116.41768613906626
261 6 41.0 116.02369367548836
261 6 42.0 105.57538730685695
261 6 43.0 97.07857770021229
261 6 44.0 90.73728920443537
261 6 45.0 82.00712569363897
261 6 46.0 132.55875092570173
261 6 47.0 128.52547107702426
261 6 48.0 160.81809554942836
261 6 49.0 73.71663776595089
261 6 5.0 138.7758349390699
261 6 50.0 101.95990855038045
261 6 51.0 163.45738880152047
261 6 52.0 178.3742454327364
261 6 53.0 118.04427296443853
261 6 54.0 100.24800358156155
261 6 55.0 124.97412061859437
261 6 56.0 119.05641396673484
261 6 57.0 89.8991210251742
261 6 58.0 157.87120894247136
261 6 59.0 160.6560726268787
261 6 6.0 136.99191702889138
261 6 60.0 93.49384801172482
261 6 7.0 143.72483604175525
261 6 8.0 159.4080697786162
261 6 9.0 96.9151253436406
262 5 1.0 136.4516879822544
262 5 10.0 158.25324226793597
262 5 11.0 112.75976805874885
262 5 12.0 100.45341628611438
262 5 13.0 105.69391500816741
262 5 14.0 146.21168093448543
262 5 15.0 161.47882983181293
262 5 16.0 124.31689756046387
262 5 17.0 124.22770887666299
262 5 18.0 112.05743083718733
262 5 19.0 142.73718893109134
262 5 2.0 133.2345902974199
262 5 20.0 117.93838224595612
262 5 21.0 108.8432819265238
262 5 22.0 90.04920515901195
262 5 23.0 120.31216036620523
262 5 24.0 89.82394812008222
262 5 25.0 120.54466042601294
262 5 26.0 105.54604751340855
262 5 27.0 110.91133095406248
262 5 28.0 135.38208745315427
262 5 29.0 92.64952134785747
262 5 3.0 116.28544060213157
262 5 30.0 125.52830684722032
262 5 31.0 124.52121947875668
262 5 32.0 123.20086651794935
262 5 33.0 91.31076842037245
262 5 34.0 124.42604378545651
262 5 35.0 122.49200942137942
262 5 36.0 123.86517321587527
262 5 37.0 97.91821567462458
262 5 38.0 108.99331653551532
262 5 39.0 143.2640315499181
262 5 4.0 108.3411191571576
262 5 40.0 124.50545466387861
262 5 41.0 148.845513339271
262 5 42.0 175.6312836687737
262 5 43.0 122.34366168536263
262 5 44.0 118.3491718729073
262 5 45.0 92.15242099967952
262 5 46.0 98.98907911735117
262 5 47.0 117.62302145845696
262 5 48.0 125.83094155153825
262 5 49.0 154.4489002769629
262 5 5.0 95.74343952892092
262 5 50.0 104.8451897396656
262 5 51.0 112.4728057220895
262 5 52.0 145.60210442113132
262 5 53.0 144.30924435389585
262 5 54.0 90.67298785178865
262 5 55.0 152.252383046517
262 5 56.0 151.3440370369618
262 5 57.0 97.9275382013572
262 5 58.0 121.64617861024712
262 5 59.0 135.06839503971727
262 5 6.0 135.72625418590576
262 5 60.0 101.01669108472235
262 5 7.0 124.51384549612747
262 5 8.0 118.26973191534127
262 5 9.0 86.52189542686877
262 6 1.0 93.25396900456535
262 6 10.0 147.3094373065627
262 6 11.0 146.11858889616934
262 6 12.0 83.1105383360414
262 6 13.0 130.3133089745807
262 6 14.0 135.37287200095307
262 6 15.0 122.2757836264281
262 6 16.0 123.90859097008368
262 6 17.0 113.43390366700046
262 6 18.0 109.52972836032421
262 6 19.0 86.33579633188484
262 6 2.0 96.38732607887016
262 6 20.0 114.7042985896778
262 6 21.0 113.48998896134412
262 6 22.0 87.69201391751142
262 6 23.0 96.65424508823823
262 6 24.0 103.91839068393074
262 6 25.0 108.04103398014847
262 6 26.0 88.6293667519071
262 6 27.0 107.55539110867059
262 6 28.0 92.1203494222291
262 6 29.0 138.30646025465288
262 6 3.0 119.62876431231163
262 6 30.0 154.68944812099275
262 6 31.0 151.52394659650312
262 6 32.0 136.09601113508882
262 6 33.0 140.52907698591054
262 6 34.0 123.05924159910478
262 6 35.0 76.93871711150824
262 6 36.0 172.32525968350186
262 6 37.0 130.62656979588277
262 6 38.0 124.21845401011205
262 6 39.0 74.1192889142632
262 6 4.0 133.01277213385168
262 6 40.0 149.23919216389822
262 6 41.0 120.30376541026799
262 6 42.0 137.11592234816078
262 6 43.0 131.53338529052402
262 6 44.0 117.23955333161102
262 6 45.0 127.82177532890601
262 6 46.0 122.14681128064323
262 6 47.0 101.63159518041897
262 6 48.0 96.24803715502098
262 6 49.0 110.96509351894169
262 6 5.0 155.64900082213185
262 6 50.0 169.58434024587547
262 6 51.0 140.67352618584854
262 6 52.0 176.5493117069443
262 6 53.0 121.8239529071955
262 6 54.0 91.65023997094792
262 6 55.0 119.30495162100846
262 6 56.0 109.02195389371795
262 6 57.0 156.57876862913025
262 6 58.0 100.56134021839013
262 6 59.0 118.89108859027601
262 6 6.0 116.7734046543192
262 6 60.0 76.42368342854105
262 6 7.0 131.26491811565947
262 6 8.0 122.99230050653269
262 6 9.0 102.37747643924189
263 5 1.0 159.52751164882417
263 5 10.0 112.47570268365055
263 5 11.0 109.1547240065134
263 5 12.0 114.45798593547894
263 5 13.0 141.68404517219415
263 5 14.0 140.9395462340326
263 5 15.0 157.58948015296525
263 5 16.0 119.84986127757142
263 5 17.0 115.90479214404935
263 5 18.0 133.18438889197094
263 5 19.0 168.60641175704944
263 5 2.0 111.71128649983686
263 5 20.0 115.44866818314274
263 5 21.0 122.7198852129231
263 5 22.0 145.16986465004888
263 5 23.0 112.9074223544999
263 5 24.0 111.22250815747402
263 5 25.0 90.66413847151766
263 5 26.0 85.10228603224499
263 5 27.0 125.59892869271314
263 5 28.0 98.09582154478194
263 5 29.0 114.66021009079294
263 5 3.0 113.66934913286893
263 5 30.0 104.08475532328634
263 5 31.0 126.04420988523513
263 5 32.0 110.88942415835668
263 5 33.0 139.0151371971522
263 5 34.0 153.2008340930174
263 5 35.0 166.33602732573436
263 5 36.0 120.7672187400101
263 5 37.0 103.06808442572101
263 5 38.0 110.65788518782088
263 5 39.0 122.89581640965169
263 5 4.0 94.33444097555486
263 5 40.0 85.01593476674994
263 5 41.0 154.32901929370476
263 5 42.0 95.38401230835028
263 5 43.0 150.33203833404247
263 5 44.0 116.92510132136842
263 5 45.0 88.49558763379238
263 5 46.0 157.30950167616479
263 5 47.0 115.22340069849264
263 5 48.0 131.56215425667935
263 5 49.0 175.43679832214323
263 5 5.0 96.08827981213018
263 5 50.0 151.46960270694157
263 5 51.0 140.81720581928792
263 5 52.0 117.6592877867626
263 5 53.0 159.25885942753567
263 5 54.0 138.32985991476568
263 5 55.0 141.26048590912438
263 5 56.0 112.36783354770186
263 5 57.0 157.79413318646314
263 5 58.0 156.82283592820872
263 5 59.0 107.11588816180569
263 5 6.0 146.35774546514546
263 5 60.0 78.09023674125329
263 5 7.0 100.93134965917432
263 5 8.0 109.76467703555039
263 5 9.0 90.93952942807093
263 6 1.0 149.7444133462
263 6 10.0 88.99731109147406
263 6 11.0 138.38871691573993
263 6 12.0 128.50174330676427
263 6 13.0 90.83165373682466
263 6 14.0 160.20872820550878
263 6 15.0 121.39096145183147
263 6 16.0 142.34526611734162
263 6 17.0 150.90251522358736
263 6 18.0 150.61722147144164
263 6 19.0 127.67101367319263
263 6 2.0 102.16386179576618
263 6 20.0 129.31332914636474
263 6 21.0 119.49601641084577
263 6 22.0 125.2589350077311
263 6 23.0 118.8499453416321
263 6 24.0 163.36325325265463
263 6 25.0 147.73650977520828
263 6 26.0 98.62210360859056
263 6 27.0 111.80962359206626
263 6 28.0 132.7468408754193
263 6 29.0 87.27147267563574
263 6 3.0 115.08108035546034
263 6 30.0 102.32295206899241
263 6 31.0 117.64937525052817
263 6 32.0 153.92462045932183
263 6 33.0 139.41736265659415
263 6 34.0 148.52430726059276
263 6 35.0 87.34639157521451
263 6 36.0 176.64706281740504
263 6 37.0 138.51173560921018
263 6 38.0 105.56202440300791
263 6 39.0 83.46281492758521
263 6 4.0 140.60758758259115
263 6 40.0 137.8358472848409
263 6 41.0 135.7579695526207
263 6 42.0 103.01288278111467
263 6 43.0 139.78423799586156
263 6 44.0 111.8370809568631
263 6 45.0 105.98515096218614
263 6 46.0 93.28187470013484
263 6 47.0 93.93309134646266
263 6 48.0 126.68525914247405
263 6 49.0 140.96292076273463
263 6 5.0 129.0906140578603
263 6 50.0 107.86324924396453
263 6 51.0 140.14425207441917
263 6 52.0 146.32828388851215
263 6 53.0 85.9896301436583
263 6 54.0 124.27887730508992
263 6 55.0 138.15016146808745
263 6 56.0 164.1667800902486
263 6 57.0 100.78681198154489
263 6 58.0 145.73139422426055
263 6 59.0 102.94287364400064
263 6 6.0 85.58493224075191
263 6 60.0 66.45208863322331
263 6 7.0 133.12467418276975
263 6 8.0 118.06143525963718
263 6 9.0 97.42042654878372
264 5 1.0 162.17780569308576
264 5 10.0 110.19838737590335
264 5 11.0 103.40093852469916
264 5 12.0 126.06248919902616
264 5 13.0 146.04572611348516
264 5 14.0 145.85379604950913
264 5 15.0 148.92047545470436
264 5 16.0 145.00824246444932
264 5 17.0 152.1293785762358
264 5 18.0 142.24871015761514
264 5 19.0 102.29867926773778
264 5 2.0 84.73550334650169
264 5 20.0 114.17418776944207
264 5 21.0 154.57501864915565
264 5 22.0 133.6178489545478
264 5 23.0 144.90845807408073
264 5 24.0 97.15761337604135
264 5 25.0 97.07523014190114
264 5 26.0 117.61854703259539
264 5 27.0 163.74115749329843
264 5 28.0 130.92654779572814
264 5 29.0 80.74477598888105
264 5 3.0 95.36019033267459
264 5 30.0 142.86264697806936
264 5 31.0 103.54439946249248
264 5 32.0 100.25710644401032
264 5 33.0 137.5924292982347
264 5 34.0 123.29907017490562
264 5 35.0 147.19770722031114
264 5 36.0 115.03820924860639
264 5 37.0 94.10246039924004
264 5 38.0 133.9353197090924
264 5 39.0 163.37896871929877
264 5 4.0 119.45139492032061
264 5 40.0 122.71156926707324
264 5 41.0 116.76974783995279
264 5 42.0 120.00433270407395
264 5 43.0 119.44048241803503
264 5 44.0 161.61038278337398
264 5 45.0 94.43154952520715
264 5 46.0 124.71524663493666
264 5 47.0 127.45314722067916
264 5 48.0 148.8343612419876
264 5 49.0 146.96622987933085
264 5 5.0 137.91052465235023
264 5 50.0 174.65381519888535
264 5 51.0 149.9298673296896
264 5 52.0 142.52793097185403
264 5 53.0 167.78438184843813
264 5 54.0 94.97802158276487
264 5 55.0 161.27024045820352
264 5 56.0 119.82397179545013
264 5 57.0 102.3812620036527
264 5 58.0 155.79476307503154
264 5 59.0 172.96146219992738
264 5 6.0 123.26519218302725
264 5 60.0 84.78456140639688
264 5 7.0 120.40555369192256
264 5 8.0 113.89387688583093
264 5 9.0 163.47693065529714
264 6 1.0 113.6279660500519
264 6 10.0 142.67590727936093
264 6 11.0 120.54144640211834
264 6 12.0 114.35559814170675
264 6 13.0 137.7165183346979
264 6 14.0 131.40200907561356
264 6 15.0 123.3466079582261
264 6 16.0 173.9383226770022
264 6 17.0 148.37289274032543
264 6 18.0 146.2174309609087
264 6 19.0 153.60884051525323
264 6 2.0 106.83268268559343
264 6 20.0 122.36823293332651
264 6 21.0 94.46414215760034
264 6 22.0 156.96804808093893
264 6 23.0 104.68189378373413
264 6 24.0 166.91216988755662
264 6 25.0 151.4021132957898
264 6 26.0 111.07055879592987
264 6 27.0 141.20407942974774
264 6 28.0 111.68191559929583
264 6 29.0 110.84960899279449
264 6 3.0 74.49370451997879
264 6 30.0 96.43340956264632
264 6 31.0 110.62412470233366
264 6 32.0 120.17146183857412
264 6 33.0 150.26116915149635
264 6 34.0 143.9242022468413
264 6 35.0 129.16629962627556
264 6 36.0 134.63810373688767
264 6 37.0 115.34913189629106
264 6 38.0 108.9866268075785
264 6 39.0 121.0693573568347
264 6 4.0 137.35857712095796
264 6 40.0 126.07853748129945
264 6 41.0 99.53547462953419
264 6 42.0 116.72854602221526
264 6 43.0 92.72781249973676
264 6 44.0 123.83971565614688
264 6 45.0 125.27083257921565
264 6 46.0 84.84622405350753
264 6 47.0 116.08588412444703
264 6 48.0 126.53343476389364
264 6 49.0 125.69650368136767
264 6 5.0 101.08758733614607
264 6 50.0 141.28653835651713
264 6 51.0 93.80301840821652
264 6 52.0 143.64881026252758
264 6 53.0 84.70805947197012
264 6 54.0 163.14680715951414
264 6 55.0 133.77003686425002
264 6 56.0 87.17247652969974
264 6 57.0 151.23755047569006
264 6 58.0 103.8475269714063
264 6 59.0 166.04756136354777
264 6 6.0 124.27198976327999
264 6 60.0 109.66368736708935
264 6 7.0 115.19264455898035
264 6 8.0 145.80514221054358
264 6 9.0 138.7811800359957
265 5 1.0 128.23637579117056
265 5 10.0 107.62525109325689
265 5 11.0 106.29076905248307
265 5 12.0 118.44015212753563
265 5 13.0 105.64803573121131
265 5 14.0 88.15156178241429
265 5 15.0 107.55454313185946
265 5 16.0 98.44804252557633
265 5 17.0 125.85909822165311
265 5 18.0 98.63504033977742
265 5 19.0 166.5704960432532
265 5 2.0 107.99637828501844
265 5 20.0 68.84279484200613
265 5 21.0 120.13892158874008
265 5 22.0 153.10285534543587
265 5 23.0 132.57461850876948
265 5 24.0 90.08535955283536
265 5 25.0 126.27265804295459
265 5 26.0 102.29877223225704
265 5 27.0 143.0366961523175
265 5 28.0 106.4796857372102
265 5 29.0 78.37715624978617
265 5 3.0 141.46129177425925
265 5 30.0 118.39579085625556
265 5 31.0 95.57766453222955
265 5 32.0 128.30806925552807
265 5 33.0 139.89259257979336
265 5 34.0 82.93221602417516
265 5 35.0 173.2775984677851
265 5 36.0 143.6869927177264
265 5 37.0 98.73884659020821
265 5 38.0 114.72555317176625
265 5 39.0 143.73723496893328
265 5 4.0 120.68089835104799
265 5 40.0 115.81464691868662
265 5 41.0 124.99875530389474
265 5 42.0 109.32871506919233
265 5 43.0 121.893656574177
265 5 44.0 107.53188113306523
265 5 45.0 158.0566784671807
265 5 46.0 80.25074223231516
265 5 47.0 113.75789631852808
265 5 48.0 101.29949800887644
265 5 49.0 136.18573879852687
265 5 5.0 110.41973253353378
265 5 50.0 113.19077491859733
265 5 51.0 147.3574378761534
265 5 52.0 150.87355520664227
265 5 53.0 118.23306752963515
265 5 54.0 142.19106230469583
265 5 55.0 123.40380746858006
265 5 56.0 115.35353041624037
265 5 57.0 112.81752886198271
265 5 58.0 129.4824234833743
265 5 59.0 133.4132406805407
265 5 6.0 109.24765486033132
265 5 60.0 91.79513452998359
265 5 7.0 109.80909581216495
265 5 8.0 108.64865238408522
265 5 9.0 110.25247784020262
265 6 1.0 111.82889209685563
265 6 10.0 115.36476175804769
265 6 11.0 115.7696777350131
265 6 12.0 103.56236292489847
265 6 13.0 160.36866262195858
265 6 14.0 144.26527539923092
265 6 15.0 155.0031210883997
265 6 16.0 166.465407228004
265 6 17.0 119.98792491246873
265 6 18.0 135.29272118962749
265 6 19.0 153.5482274063091
265 6 2.0 120.76138935011187
265 6 20.0 104.11128792247197
265 6 21.0 102.9979850457816
265 6 22.0 116.51022967225931
265 6 23.0 93.16209997648758
265 6 24.0 124.86011831821882
265 6 25.0 116.78895640336196
265 6 26.0 98.89015127476989
265 6 27.0 120.33242168578477
265 6 28.0 109.71150721032977
265 6 29.0 105.53829795761038
265 6 3.0 142.1442569408161
265 6 30.0 152.51741527120967
265 6 31.0 91.7806204923665
265 6 32.0 126.31571935415333
265 6 33.0 107.31123191254623
265 6 34.0 104.63559611952472
265 6 35.0 107.77696771130566
265 6 36.0 146.0868701495119
265 6 37.0 95.07461386348886
265 6 38.0 87.85484127997468
265 6 39.0 102.6153204598267
265 6 4.0 160.1215156555976
265 6 40.0 117.23963621453825
265 6 41.0 85.35001297167118
265 6 42.0 136.4773483659241
265 6 43.0 109.75126511467691
265 6 44.0 119.35749825425312
265 6 45.0 147.1077466484193
265 6 46.0 101.57628710278698
265 6 47.0 129.60762956498766
265 6 48.0 160.27874702555698
265 6 49.0 101.17609618075795
265 6 5.0 135.15613340037802
265 6 50.0 149.1209804247265
265 6 51.0 134.89434790922533
265 6 52.0 153.9365684195006
265 6 53.0 100.27103554021816
265 6 54.0 155.59326740632798
265 6 55.0 134.99131413379777
265 6 56.0 140.83574038781043
265 6 57.0 102.85753952851752
265 6 58.0 128.00455979896952
265 6 59.0 136.48033057601782
265 6 6.0 147.38358411523424
265 6 60.0 111.78672118036802
265 6 7.0 115.04829651284106
265 6 8.0 141.5890518037314
265 6 9.0 119.38197353013912
266 5 1.0 97.00221952191397
266 5 10.0 113.86155288099128
266 5 11.0 129.29080247242067
266 5 12.0 94.10257334174875
266 5 13.0 126.13890712559562
266 5 14.0 94.3419337078933
266 5 15.0 102.72500955399036
266 5 16.0 97.56362491256617
266 5 17.0 151.95163646764254
266 5 18.0 161.2083103847899
266 5 19.0 112.05587203133726
266 5 2.0 125.54397856615932
266 5 20.0 132.2968336918836
266 5 21.0 155.79326643334167
266 5 22.0 105.45879868355587
266 5 23.0 150.5266764130819
266 5 24.0 88.06237655417196
266 5 25.0 112.33877291428283
266 5 26.0 105.46010734817126
266 5 27.0 139.9487673357465
266 5 28.0 140.10202711154827
266 5 29.0 132.8599744874227
266 5 3.0 135.68504149356926
266 5 30.0 134.51687466021835
266 5 31.0 107.99386957829763
266 5 32.0 172.79936029537652
266 5 33.0 173.90202482933313
266 5 34.0 174.92965618588795
266 5 35.0 115.1218213870877
266 5 36.0 120.98000656159884
266 5 37.0 98.62797797748111
266 5 38.0 131.67007443153946
266 5 39.0 153.3818672084543
266 5 4.0 102.32920342447458
266 5 40.0 108.55378946529551
266 5 41.0 140.32038769644632
266 5 42.0 150.02914424066168
266 5 43.0 161.75679054287505
266 5 44.0 157.97505092463123
266 5 45.0 175.5073853837629
266 5 46.0 130.95677385043228
266 5 47.0 150.87431744639224
266 5 48.0 163.93655449437364
266 5 49.0 127.03910155975201
266 5 5.0 88.48453294830362
266 5 50.0 153.39036967884962
266 5 51.0 125.0344370920213
266 5 52.0 112.75040943314767
266 5 53.0 111.66813138509093
266 5 54.0 129.8729990854546
266 5 55.0 127.26789118498188
266 5 56.0 165.7472973488631
266 5 57.0 98.21858612377119
266 5 58.0 101.31718910574364
266 5 59.0 137.1448595430566
266 5 6.0 138.1061598724095
266 5 60.0 109.85490719380624
266 5 7.0 126.45918457422374
266 5 8.0 112.25884659850693
266 5 9.0 166.3506377716992
266 6 1.0 102.28812121671344
266 6 10.0 137.55430681793868
266 6 11.0 115.39444787421183
266 6 12.0 105.54344389176161
266 6 13.0 139.44227315635428
266 6 14.0 111.1765959981958
266 6 15.0 158.30940256549036
266 6 16.0 127.88844034917572
266 6 17.0 110.45269339315801
266 6 18.0 151.08395315889288
266 6 19.0 116.93813060997118
266 6 2.0 110.8960421811336
266 6 20.0 156.05938125261045
266 6 21.0 115.5847313759216
266 6 22.0 121.07088592150275
266 6 23.0 124.26506702337399
266 6 24.0 95.62811870092533
266 6 25.0 122.03297803463647
266 6 26.0 95.75558620595898
266 6 27.0 140.66441462413613
266 6 28.0 119.39827476482442
266 6 29.0 114.3960555287993
266 6 3.0 128.98105416064834
266 6 30.0 144.30910271476282
266 6 31.0 136.78026960362592
266 6 32.0 128.73602619943506
266 6 33.0 173.7984243396648
266 6 34.0 123.24061807328927
266 6 35.0 107.81150540358391
266 6 36.0 91.22759432711354
266 6 37.0 100.78455442278313
266 6 38.0 136.58285868586708
266 6 39.0 151.36845646010923
266 6 4.0 148.06061839447455
266 6 40.0 91.70570836282256
266 6 41.0 143.34994310194227
266 6 42.0 118.62137721213793
266 6 43.0 91.2588519520343
266 6 44.0 120.63086728076267
266 6 45.0 113.6799619460411
266 6 46.0 93.31288693967896
266 6 47.0 142.85117691316287
266 6 48.0 119.55353326016117
266 6 49.0 128.35171130252903
266 6 5.0 137.601423968701
266 6 50.0 158.93461322735197
266 6 51.0 146.182512120789
266 6 52.0 163.8627671158313
266 6 53.0 129.96837746236244
266 6 54.0 131.31655856085703
266 6 55.0 116.1758041286113
266 6 56.0 112.47858989059083
266 6 57.0 94.74497146544253
266 6 58.0 83.33402827563027
266 6 59.0 104.99983569890139
266 6 6.0 135.9400271860233
266 6 60.0 120.10129932169909
266 6 7.0 143.8294925699816
266 6 8.0 113.07285073994771
266 6 9.0 128.24798684236626
267 5 1.0 65.35133849364492
267 5 10.0 118.48918477367975
267 5 11.0 105.01796345502133
267 5 12.0 122.56865114420788
267 5 13.0 145.63819876025056
267 5 14.0 127.00019631306648
267 5 15.0 150.36127813345223
267 5 16.0 90.4212047477367
267 5 17.0 99.23770377184728
267 5 18.0 114.26598940078838
267 5 19.0 139.7859684020582
267 5 2.0 102.41714200798816
267 5 20.0 105.28853403800777
267 5 21.0 166.83947355769547
267 5 22.0 134.45048001205456
267 5 23.0 128.99612677717948
267 5 24.0 126.83373149677665
267 5 25.0 136.90009343300815
267 5 26.0 120.99956627214621
267 5 27.0 125.37514473594356
267 5 28.0 105.9175852122627
267 5 29.0 80.25834821074572
267 5 3.0 121.13566624291059
267 5 30.0 113.42665618666683
267 5 31.0 120.59180103578893
267 5 32.0 124.17852338590461
267 5 33.0 122.7545027959023
267 5 34.0 123.88183437164209
267 5 35.0 156.0812237210039
267 5 36.0 111.84009945460669
267 5 37.0 121.26583473814297
267 5 38.0 125.35719915031467
267 5 39.0 134.95081706276576
267 5 4.0 81.91713604097146
267 5 40.0 125.26125118832284
267 5 41.0 123.3840471087823
267 5 42.0 115.71272295355207
267 5 43.0 130.11505649719473
267 5 44.0 99.3344452836356
267 5 45.0 96.44870787012955
267 5 46.0 112.1756362922411
267 5 47.0 124.72191092330856
267 5 48.0 91.15518919290753
267 5 49.0 167.51402919500546
267 5 5.0 99.78516673637537
267 5 50.0 113.31278529062364
267 5 51.0 144.46853201472706
267 5 52.0 175.6024026221153
267 5 53.0 137.682686444336
267 5 54.0 85.54323310936158
267 5 55.0 147.2321976440837
267 5 56.0 101.06455981714274
267 5 57.0 105.90531723308978
267 5 58.0 142.26501378034374
267 5 59.0 162.63587801837215
267 5 6.0 104.72276420431194
267 5 60.0 79.93144539089003
267 5 7.0 95.69156130199107
267 5 8.0 126.30774161860892
267 5 9.0 82.84752219739185
267 6 1.0 136.19737803010693
267 6 10.0 84.6110952212012
267 6 11.0 109.80706296428767
267 6 12.0 135.28448063407797
267 6 13.0 142.0476565264829
267 6 14.0 135.65014232372317
267 6 15.0 139.99689157567468
267 6 16.0 132.59464389304398
267 6 17.0 110.18134109234076
267 6 18.0 97.25627975621067
267 6 19.0 152.39682394795187
267 6 2.0 117.33908614636206
267 6 20.0 126.8595511779066
267 6 21.0 116.96791369465392
267 6 22.0 88.61892991084096
267 6 23.0 142.50119128293238
267 6 24.0 75.8207739814445
267 6 25.0 143.49202474647527
267 6 26.0 124.20074330940042
267 6 27.0 106.94735619408402
267 6 28.0 105.4374699534635
267 6 29.0 123.83748792299356
267 6 3.0 92.23875076403677
267 6 30.0 169.4478055433814
267 6 31.0 124.02561098843603
267 6 32.0 109.41107462110845
267 6 33.0 137.68875746618002
267 6 34.0 113.7396275174913
267 6 35.0 145.9326489085381
267 6 36.0 134.88499135366848
267 6 37.0 105.40711447489153
267 6 38.0 172.19887282243053
267 6 39.0 174.61323011842958
267 6 4.0 133.17453899054937
267 6 40.0 134.52401582300078
267 6 41.0 95.7624743071854
267 6 42.0 115.47755710504927
267 6 43.0 127.29222889920342
267 6 44.0 157.55179164744118
267 6 45.0 135.55060661535896
267 6 46.0 103.5716999347511
267 6 47.0 172.36346091507608
267 6 48.0 122.64481930097618
267 6 49.0 106.03985992757214
267 6 5.0 130.41218868651183
267 6 50.0 127.41586429378253
267 6 51.0 152.79477477451894
267 6 52.0 111.58417654331082
267 6 53.0 132.10106192513592
267 6 54.0 152.5394936167711
267 6 55.0 109.57514499635984
267 6 56.0 135.62329843223918
267 6 57.0 168.45232751016098
267 6 58.0 91.94619444511403
267 6 59.0 118.9512637605209
267 6 6.0 102.72430516317569
267 6 60.0 134.45009150327041
267 6 7.0 151.54956460886544
267 6 8.0 117.75950075052914
267 6 9.0 98.69743867928732
268 5 1.0 138.43734424598364
268 5 10.0 123.8677001693678
268 5 11.0 85.36245902359427
268 5 12.0 96.26484499237837
268 5 13.0 145.93205408910293
268 5 14.0 139.21039257094355
268 5 15.0 164.71581773552805
268 5 16.0 153.77770489134895
268 5 17.0 135.05855591433206
268 5 18.0 120.39782969709997
268 5 19.0 118.56648615260468
268 5 2.0 123.11402695217097
268 5 20.0 107.62980789251127
268 5 21.0 99.95863513027578
268 5 22.0 161.26099952245707
268 5 23.0 138.03222025852003
268 5 24.0 107.9766991200273
268 5 25.0 141.6166181258533
268 5 26.0 157.26140557825966
268 5 27.0 136.49759824761625
268 5 28.0 156.03601931948933
268 5 29.0 156.14867032174996
268 5 3.0 129.96237950612343
268 5 30.0 121.21430332355627
268 5 31.0 114.38602507495251
268 5 32.0 121.81927376499371
268 5 33.0 123.43894573447534
268 5 34.0 70.59860095874195
268 5 35.0 121.12160526482762
268 5 36.0 132.6969058172917
268 5 37.0 123.48156132565332
268 5 38.0 136.17346680082383
268 5 39.0 141.59217647954637
268 5 4.0 107.6855488932312
268 5 40.0 142.10307541132218
268 5 41.0 139.46160528982537
268 5 42.0 103.48989896138619
268 5 43.0 164.1523932625514
268 5 44.0 101.16942913650159
268 5 45.0 154.9129186060654
268 5 46.0 96.85053154863851
268 5 47.0 172.4836312555523
268 5 48.0 104.2668535947511
268 5 49.0 155.65364469350317
268 5 5.0 99.74537968597802
268 5 50.0 100.381196236523
268 5 51.0 108.25009211115257
268 5 52.0 116.73437040431267
268 5 53.0 127.63695433699287
268 5 54.0 79.04146445987882
268 5 55.0 120.9539997076171
268 5 56.0 135.8349434159227
268 5 57.0 126.24992395753608
268 5 58.0 149.69091469242463
268 5 59.0 121.87409122510874
268 5 6.0 151.06420897570615
268 5 60.0 124.46499907813474
268 5 7.0 75.02676125930938
268 5 8.0 94.21730408936995
268 5 9.0 122.98376086600577
268 6 1.0 126.10239026860457
268 6 10.0 117.18922717618251
268 6 11.0 144.10626318954206
268 6 12.0 93.05764895524645
268 6 13.0 75.17639043404213
268 6 14.0 144.65181795041437
268 6 15.0 110.92204527120231
268 6 16.0 170.7485845140512
268 6 17.0 92.65349043587487
268 6 18.0 100.09143881982772
268 6 19.0 153.55021635799
268 6 2.0 138.790187780279
268 6 20.0 134.59594172140572
268 6 21.0 104.8241275302622
268 6 22.0 116.662784024047
268 6 23.0 85.47252181230411
268 6 24.0 115.99243912024679
268 6 25.0 169.5951258526948
268 6 26.0 111.1305610978997
268 6 27.0 134.123402990241
268 6 28.0 102.43873206243559
268 6 29.0 160.05041644326903
268 6 3.0 124.1274333780008
268 6 30.0 165.59130224609862
268 6 31.0 123.26886170485294
268 6 32.0 176.4093758323683
268 6 33.0 123.81957244357893
268 6 34.0 131.14397284918576
268 6 35.0 156.33480001630815
268 6 36.0 158.2225415677783
268 6 37.0 125.24332034211304
268 6 38.0 110.39285071622376
268 6 39.0 112.42295509544945
268 6 4.0 140.01490050941393
268 6 40.0 101.21399181948767
268 6 41.0 161.14771999754217
268 6 42.0 125.30454585861625
268 6 43.0 100.54959254107673
268 6 44.0 98.48278527442567
268 6 45.0 150.1533059767191
268 6 46.0 90.60772566139009
268 6 47.0 137.50162510084468
268 6 48.0 134.5555564878187
268 6 49.0 102.11078138908606
268 6 5.0 131.27227216115293
268 6 50.0 110.35152975649314
268 6 51.0 165.987852282965
268 6 52.0 85.96047978850862
268 6 53.0 130.81571230880388
268 6 54.0 124.52404322567592
268 6 55.0 129.09522880574255
268 6 56.0 134.96828700748213
268 6 57.0 83.35082214810662
268 6 58.0 143.14148058345165
268 6 59.0 112.3297385830419
268 6 6.0 147.9729039674519
268 6 60.0 93.33189656888534
268 6 7.0 120.7642661316571
268 6 8.0 122.59144028319645
268 6 9.0 165.493617501241
269 5 1.0 165.97853465834015
269 5 10.0 103.2188729215417
269 5 11.0 149.01240588689433
269 5 12.0 95.78886965978063
269 5 13.0 130.17050832270053
269 5 14.0 116.84125923959976
269 5 15.0 77.40638015242425
269 5 16.0 168.01570809860274
269 5 17.0 135.96395215599253
269 5 18.0 100.40856050260885
269 5 19.0 113.7119427813593
269 5 2.0 111.09666680806505
269 5 20.0 79.7876360383761
269 5 21.0 157.24363282254035
269 5 22.0 114.68138415796432
269 5 23.0 99.15465602198573
269 5 24.0 118.78317776881707
269 5 25.0 156.90108010386163
269 5 26.0 109.34050679265376
269 5 27.0 140.4884799610121
269 5 28.0 147.34427165874078
269 5 29.0 105.53771574864334
269 5 3.0 111.38157426217299
269 5 30.0 127.97723284625293
269 5 31.0 132.97414281107217
269 5 32.0 158.59743713651858
269 5 33.0 142.77388938051135
269 5 34.0 126.86416537344304
269 5 35.0 104.9202852939798
269 5 36.0 116.56671660528826
269 5 37.0 99.05686491784691
269 5 38.0 125.172241721882
269 5 39.0 123.82543429218686
269 5 4.0 92.85384552367695
269 5 40.0 151.70540755111236
269 5 41.0 132.98529851179566
269 5 42.0 142.66419519512473
269 5 43.0 152.1692153605282
269 5 44.0 115.28270015950517
269 5 45.0 90.71299051896669
269 5 46.0 145.5482773841826
269 5 47.0 149.1651831635998
269 5 48.0 139.67559363270385
269 5 49.0 152.82423247598174
269 5 5.0 99.85220124200492
269 5 50.0 126.9689225723039
269 5 51.0 163.80209341769046
269 5 52.0 159.16453944135498
269 5 53.0 117.31589337641435
269 5 54.0 109.3960464669435
269 5 55.0 138.85986002236626
269 5 56.0 173.64185291177742
269 5 57.0 133.76751814364283
269 5 58.0 119.90896715774139
269 5 59.0 128.36291636968022
269 5 6.0 149.41023124091777
269 5 60.0 145.89370510592767
269 5 7.0 130.41178050057675
269 5 8.0 87.9569309036412
269 5 9.0 115.48418212619329
269 6 1.0 99.10209968811412
269 6 10.0 136.5259620262786
269 6 11.0 75.51313085960054
269 6 12.0 101.82487155669298
269 6 13.0 155.55474932589783
269 6 14.0 122.78631774484843
269 6 15.0 135.83925216358563
269 6 16.0 129.09685640125286
269 6 17.0 107.3054192653517
269 6 18.0 101.89114207887158
269 6 19.0 141.3852097586727
269 6 2.0 107.21347189307015
269 6 20.0 108.24035573901337
269 6 21.0 121.52859517380719
269 6 22.0 111.18906813973777
269 6 23.0 103.05150605690525
269 6 24.0 149.88165543335765
269 6 25.0 128.54539035817567
269 6 26.0 94.78611178869187
269 6 27.0 106.15740809401653
269 6 28.0 94.6512417746495
269 6 29.0 108.09563455031049
269 6 3.0 84.37633323987697
269 6 30.0 173.40433062441824
269 6 31.0 140.4040553829545
269 6 32.0 114.59292099240992
269 6 33.0 97.66496537495877
269 6 34.0 133.64918449684416
269 6 35.0 104.15157050563964
269 6 36.0 138.06087142803955
269 6 37.0 146.97081918055613
269 6 38.0 104.01378756953004
269 6 39.0 158.27606933242802
269 6 4.0 139.12845651269242
269 6 40.0 124.51663308176566
269 6 41.0 126.47224360387173
269 6 42.0 99.60981292114533
269 6 43.0 92.31980467784079
269 6 44.0 136.64117128298642
269 6 45.0 122.97049592528124
269 6 46.0 109.57864796208646
269 6 47.0 154.5025947085675
269 6 48.0 129.5162901325888
269 6 49.0 160.44224003606897
269 6 5.0 135.87382697416342
269 6 50.0 157.93658260057086
269 6 51.0 137.91875322829543
269 6 52.0 129.37860319117294
269 6 53.0 135.05293727782814
269 6 54.0 139.38357158686418
269 6 55.0 129.06747080662058
269 6 56.0 111.61110119396012
269 6 57.0 94.32513765082648
269 6 58.0 108.55232510533567
269 6 59.0 146.92129628618446
269 6 6.0 86.2289290737119
269 6 60.0 98.00207373573012
269 6 7.0 86.58448654195482
269 6 8.0 96.70923060242279
269 6 9.0 126.77591136715738
270 5 1.0 146.89653048716661
270 5 10.0 111.99759956858635
270 5 11.0 160.66658430681272
270 5 12.0 128.89887900524303
270 5 13.0 139.7897939722041
270 5 14.0 132.17981416322348
270 5 15.0 113.58655434600676
270 5 16.0 128.64171822959196
270 5 17.0 138.75092512549585
270 5 18.0 100.75625393485844
270 5 19.0 122.97458647536105
270 5 2.0 116.82824755807928
270 5 20.0 104.12380644155947
270 5 21.0 115.1869340635587
270 5 22.0 127.56422612900278
270 5 23.0 170.70152066688715
270 5 24.0 158.2087812344597
270 5 25.0 128.95281901798367
270 5 26.0 142.24587859988986
270 5 27.0 168.43409204821936
270 5 28.0 96.21015818665343
270 5 29.0 127.38684262676644
270 5 3.0 114.2284232389137
270 5 30.0 121.37222154857699
270 5 31.0 129.485513601059
270 5 32.0 74.93585927412785
270 5 33.0 154.77982314900257
270 5 34.0 140.67331115558784
270 5 35.0 116.10096047451614
270 5 36.0 157.26678301438412
270 5 37.0 89.19308991867562
270 5 38.0 112.8673307337293
270 5 39.0 117.42119210520066
270 5 4.0 120.83649376794286
270 5 40.0 142.24154320403895
270 5 41.0 153.86423548569823
270 5 42.0 143.93108149275585
270 5 43.0 76.82726829246357
270 5 44.0 95.7480610680624
270 5 45.0 91.17031239823282
270 5 46.0 158.528744439169
270 5 47.0 123.97040547377325
270 5 48.0 142.72733136966062
270 5 49.0 126.47397514625277
270 5 5.0 109.95339728848977
270 5 50.0 146.12198725861506
270 5 51.0 163.64593994979987
270 5 52.0 146.08551558191175
270 5 53.0 110.90314831542383
270 5 54.0 126.71913190156133
270 5 55.0 156.93722574558774
270 5 56.0 101.13570743667469
270 5 57.0 100.65153292929281
270 5 58.0 136.43633093786124
270 5 59.0 122.34343607452942
270 5 6.0 118.74649562152565
270 5 60.0 122.61094902597273
270 5 7.0 95.3160175809668
270 5 8.0 88.47242006367098
270 5 9.0 166.37560556650658
270 6 1.0 164.65723290519108
270 6 10.0 124.87274758115987
270 6 11.0 138.86574737258144
270 6 12.0 118.56355447565818
270 6 13.0 144.6382992958118
270 6 14.0 153.90382913801506
270 6 15.0 107.73103063939399
270 6 16.0 137.84522234945885
270 6 17.0 110.26941209604361
270 6 18.0 112.8204541510181
270 6 19.0 149.490940626097
270 6 2.0 130.67742824773842
270 6 20.0 131.56066304487504
270 6 21.0 113.75539571433343
270 6 22.0 117.22172179881643
270 6 23.0 120.97090557923553
270 6 24.0 136.98543097992913
270 6 25.0 109.3835788606716
270 6 26.0 90.09039907055048
270 6 27.0 146.9473171313117
270 6 28.0 100.53408686309585
270 6 29.0 128.59048674562786
270 6 3.0 116.12452986406498
270 6 30.0 129.25514885296369
270 6 31.0 130.7844500678139
270 6 32.0 133.05918660415315
270 6 33.0 149.60169763085275
270 6 34.0 116.66827397747896
270 6 35.0 123.42320261421978
270 6 36.0 157.98565765815465
270 6 37.0 125.41434934134926
270 6 38.0 142.44992771299428
270 6 39.0 137.57364475738763
270 6 4.0 111.82512792657258
270 6 40.0 102.94043078472639
270 6 41.0 110.36240142325973
270 6 42.0 113.02364830013818
270 6 43.0 158.02170564095402
270 6 44.0 97.73475469484514
270 6 45.0 101.33469662313651
270 6 46.0 162.75716993603962
270 6 47.0 119.43290639248309
270 6 48.0 113.84669800165312
270 6 49.0 88.64227667257717
270 6 5.0 112.04566202836074
270 6 50.0 135.16177010350464
270 6 51.0 113.7505233270001
270 6 52.0 127.88848027169627
270 6 53.0 157.17712420189702
270 6 54.0 89.55491505533797
270 6 55.0 141.613616865169
270 6 56.0 128.24409690406324
270 6 57.0 83.37649497893344
270 6 58.0 151.2476025616174
270 6 59.0 122.32002256382407
270 6 6.0 169.65524747783627
270 6 60.0 92.67992050795725
270 6 7.0 117.39351775990605
270 6 8.0 147.8393368530915
270 6 9.0 88.36399361311254
271 5 1.0 94.17640899719268
271 5 10.0 111.71701822816347
271 5 11.0 83.71145280791835
271 5 12.0 93.92928097960818
271 5 13.0 74.34092225125013
271 5 14.0 153.22867271662244
271 5 15.0 92.84272698526432
271 5 16.0 165.66741599878887
271 5 17.0 160.32776375463945
271 5 18.0 171.3327390219951
271 5 19.0 115.36347076783969
271 5 2.0 105.78752140307678
271 5 20.0 167.07416328750514
271 5 21.0 101.4677247023097
271 5 22.0 131.89550099052943
271 5 23.0 113.76630956420576
271 5 24.0 128.187541179233
271 5 25.0 122.82642231021929
271 5 26.0 131.55983815950725
271 5 27.0 136.6919005477227
271 5 28.0 150.23391597891106
271 5 29.0 108.8947786953091
271 5 3.0 131.31152025592604
271 5 30.0 152.8214562167756
271 5 31.0 111.23109899038649
271 5 32.0 91.82356695999265
271 5 33.0 125.33005678029421
271 5 34.0 159.0624276363529
271 5 35.0 126.53525313730847
271 5 36.0 123.63269101675839
271 5 37.0 91.50359329582633
271 5 38.0 107.17313452567261
271 5 39.0 110.1385846774893
271 5 4.0 96.69147667518764
271 5 40.0 123.11017443799314
271 5 41.0 102.76741291306418
271 5 42.0 144.0678522771185
271 5 43.0 70.5138618822689
271 5 44.0 118.1915155138409
271 5 45.0 84.68996784221208
271 5 46.0 125.03731150623602
271 5 47.0 109.36449849305419
271 5 48.0 87.34266229224258
271 5 49.0 166.85957380903093
271 5 5.0 146.51483803068786
271 5 50.0 104.2376090764381
271 5 51.0 132.40943347021818
271 5 52.0 127.01725054591257
271 5 53.0 133.95715850650657
271 5 54.0 88.2865738684578
271 5 55.0 160.85310521414038
271 5 56.0 121.26034517471808
271 5 57.0 107.27235096659683
271 5 58.0 107.2300068857122
271 5 59.0 153.8798377119709
271 5 6.0 106.17807177624704
271 5 60.0 84.93445175060862
271 5 7.0 97.7646742295487
271 5 8.0 99.56522311293995
271 5 9.0 89.16810724940508
271 6 1.0 111.87553711893796
271 6 10.0 157.81183878299126
271 6 11.0 126.95754618761809
271 6 12.0 144.13983492106127
271 6 13.0 157.26029434635169
271 6 14.0 94.91624574025892
271 6 15.0 120.52462965491809
271 6 16.0 153.43568710274116
271 6 17.0 109.51653327754174
271 6 18.0 80.15771007508103
271 6 19.0 150.08276701126985
271 6 2.0 175.82512972696114
271 6 20.0 115.98922552550646
271 6 21.0 109.39644176961308
271 6 22.0 118.35252141825816
271 6 23.0 93.86063890230226
271 6 24.0 131.1223398093258
271 6 25.0 84.37221604115183
271 6 26.0 112.74523700642771
271 6 27.0 114.69099428568708
271 6 28.0 127.61455693078302
271 6 29.0 132.6310569967029
271 6 3.0 112.42836851705684
271 6 30.0 125.24372194424176
271 6 31.0 96.68779066349951
271 6 32.0 148.48762880112977
271 6 33.0 124.4193159472901
271 6 34.0 148.28962512093946
271 6 35.0 158.09079150702402
271 6 36.0 159.48243853416605
271 6 37.0 99.50565892573782
271 6 38.0 119.55261131313067
271 6 39.0 124.2544494841078
271 6 4.0 166.44004847351945
271 6 40.0 93.22255642475473
271 6 41.0 78.9685774248806
271 6 42.0 100.64458368857862
271 6 43.0 98.15307710408206
271 6 44.0 152.83129594815486
271 6 45.0 110.47314166955603
271 6 46.0 78.06123905371813
271 6 47.0 166.5541906545594
271 6 48.0 140.3880868411491
271 6 49.0 144.37451928454072
271 6 5.0 138.32346145844653
271 6 50.0 111.42794275768811
271 6 51.0 135.2972871162275
271 6 52.0 152.5667023512016
271 6 53.0 123.1586233361384
271 6 54.0 134.0928547654798
271 6 55.0 144.0029307276942
271 6 56.0 138.3266356506283
271 6 57.0 144.12168554785518
271 6 58.0 109.75121293997526
271 6 59.0 150.11659073769368
271 6 6.0 121.90549099225395
271 6 60.0 110.57749876722033
271 6 7.0 90.53467264792413
271 6 8.0 115.40632229290162
271 6 9.0 163.14482559318367
272 5 1.0 104.0844941869775
272 5 10.0 120.03572933268563
272 5 11.0 146.42225245356613
272 5 12.0 82.15186090319169
272 5 13.0 57.89335592577718
272 5 14.0 151.44983925215345
272 5 15.0 144.35251393032416
272 5 16.0 115.68283870456565
272 5 17.0 105.84814216515154
272 5 18.0 147.11621903794764
272 5 19.0 117.46904626743765
272 5 2.0 74.23043286193972
272 5 20.0 130.73689184239578
272 5 21.0 134.6942952310187
272 5 22.0 165.8457257369325
272 5 23.0 121.28122975258567
272 5 24.0 159.53326575013574
272 5 25.0 85.72436270348058
272 5 26.0 115.82692029596227
272 5 27.0 124.78733808597201
272 5 28.0 160.84164468990454
272 5 29.0 128.74050249232238
272 5 3.0 97.65659177433635
272 5 30.0 135.642022379255
272 5 31.0 75.11615344030251
272 5 32.0 152.12699381956048
272 5 33.0 136.25140349812193
272 5 34.0 118.0974564532579
272 5 35.0 132.42656229518965
272 5 36.0 118.23640933293308
272 5 37.0 91.79840200276776
272 5 38.0 92.45891098292414
272 5 39.0 116.16589286421139
272 5 4.0 146.97293335013563
272 5 40.0 109.31068554917977
272 5 41.0 149.33540043847634
272 5 42.0 133.66659160049906
272 5 43.0 132.30938096914974
272 5 44.0 131.4213022101405
272 5 45.0 141.05357798532236
272 5 46.0 129.42274192848697
272 5 47.0 147.93263649898583
272 5 48.0 154.81031046439955
272 5 49.0 136.58705602859845
272 5 5.0 93.5479577995108
272 5 50.0 90.13457265981198
272 5 51.0 161.66866787774487
272 5 52.0 157.5382330238661
272 5 53.0 117.7130080321067
272 5 54.0 92.65790277175374
272 5 55.0 138.93463430760147
272 5 56.0 133.01769685585833
272 5 57.0 92.8010412639937
272 5 58.0 125.29580231467709
272 5 59.0 146.14051835140208
272 5 6.0 147.65293064429576
272 5 60.0 112.54991234128403
272 5 7.0 163.20537120748435
272 5 8.0 128.95221428202146
272 5 9.0 66.59089388943228
272 6 1.0 93.91743259407792
272 6 10.0 149.4201887697901
272 6 11.0 101.00231593724028
272 6 12.0 139.0715602670036
272 6 13.0 107.4220011482207
272 6 14.0 118.9064641108652
272 6 15.0 143.9073881003297
272 6 16.0 133.34420828105957
272 6 17.0 163.6248943016042
272 6 18.0 112.5499863180085
272 6 19.0 122.35446092883853
272 6 2.0 109.95559879517394
272 6 20.0 72.85990556949504
272 6 21.0 113.85893632112143
272 6 22.0 149.88344242774141
272 6 23.0 152.61366158688008
272 6 24.0 151.77185895208112
272 6 25.0 93.2388547945344
272 6 26.0 98.83515102649427
272 6 27.0 167.86161438720916
272 6 28.0 84.77090402648736
272 6 29.0 168.387106722317
272 6 3.0 111.24687386950436
272 6 30.0 121.13300526424109
272 6 31.0 152.1666447989854
272 6 32.0 159.73330383529378
272 6 33.0 151.6197915062529
272 6 34.0 118.29874885855358
272 6 35.0 116.01794267283394
272 6 36.0 113.61266964352507
272 6 37.0 150.03284583257948
272 6 38.0 131.78042844312753
272 6 39.0 133.62263587233352
272 6 4.0 101.20229612082326
272 6 40.0 91.67807619801418
272 6 41.0 95.5608528502959
272 6 42.0 96.78418486694589
272 6 43.0 94.23580360756128
272 6 44.0 105.52914179964738
272 6 45.0 160.8189149639391
272 6 46.0 136.6514642574127
272 6 47.0 137.0092735044707
272 6 48.0 116.60195099107526
272 6 49.0 70.58058772750732
272 6 5.0 159.66433284954388
272 6 50.0 152.14218717960685
272 6 51.0 119.76762226394382
272 6 52.0 148.46589886516253
272 6 53.0 123.83504038395758
272 6 54.0 147.05069191292782
272 6 55.0 159.1003577976151
272 6 56.0 115.23295670464648
272 6 57.0 115.69374301852983
272 6 58.0 138.10349569872957
272 6 59.0 133.48723790555965
272 6 6.0 138.73901518352858
272 6 60.0 130.67575711991523
272 6 7.0 148.01943127664384
272 6 8.0 139.2924417421874
272 6 9.0 72.98599207564023
273 5 1.0 163.64059718739168
273 5 10.0 80.93230151433107
273 5 11.0 123.6742103688714
273 5 12.0 103.73486139572644
273 5 13.0 142.0118282200576
273 5 14.0 105.90963019908152
273 5 15.0 120.85012409665586
273 5 16.0 136.06510783826312
273 5 17.0 144.64464612894318
273 5 18.0 128.66553934360547
273 5 19.0 135.12527977753703
273 5 2.0 98.48960880355556
273 5 20.0 119.47389843970885
273 5 21.0 102.02990556942731
273 5 22.0 153.58682463113507
273 5 23.0 147.70371008510458
273 5 24.0 126.37805788154138
273 5 25.0 141.63073332727683
273 5 26.0 122.66876994224602
273 5 27.0 165.73340218718448
273 5 28.0 150.27652713662405
273 5 29.0 121.67939881356003
273 5 3.0 144.82076582462722
273 5 30.0 86.82134190088303
273 5 31.0 103.34381005950844
273 5 32.0 120.55022316733307
273 5 33.0 136.52506647477236
273 5 34.0 103.75136150401488
273 5 35.0 138.17567642791846
273 5 36.0 88.90300785097413
273 5 37.0 100.24016709551591
273 5 38.0 92.10597394159706
273 5 39.0 101.97131739708132
273 5 4.0 100.77238117437042
273 5 40.0 119.54797434756114
273 5 41.0 148.48926707688682
273 5 42.0 94.09363877008286
273 5 43.0 128.69600694190393
273 5 44.0 147.8782211979827
273 5 45.0 106.023858011461
273 5 46.0 114.56251917510642
273 5 47.0 120.62506531890553
273 5 48.0 170.3778757571025
273 5 49.0 167.58779735445177
273 5 5.0 121.49545500665725
273 5 50.0 112.94562119500354
273 5 51.0 128.9053427412015
273 5 52.0 165.2171617892993
273 5 53.0 134.16357975031724
273 5 54.0 128.5510708985096
273 5 55.0 134.39471898267058
273 5 56.0 135.32518122989367
273 5 57.0 120.41344987156745
273 5 58.0 147.1358589946297
273 5 59.0 90.07139948076278
273 5 6.0 133.70253557312435
273 5 60.0 93.4211498351071
273 5 7.0 77.32629062590483
273 5 8.0 89.80496129844173
273 5 9.0 71.08422229024592
273 6 1.0 123.62483824124735
273 6 10.0 122.8172572501185
273 6 11.0 123.29154484060385
273 6 12.0 157.57362230092465
273 6 13.0 161.7305538701889
273 6 14.0 107.80672015819525
273 6 15.0 167.40810733562313
273 6 16.0 163.67861236733347
273 6 17.0 129.63820712557526
273 6 18.0 103.43320856717816
273 6 19.0 131.669064777428
273 6 2.0 151.27874264147337
273 6 20.0 120.72976418113399
273 6 21.0 142.6691344149179
273 6 22.0 115.32685615233198
273 6 23.0 89.27305216394569
273 6 24.0 138.36799874127001
273 6 25.0 64.64476184202717
273 6 26.0 108.87377718752302
273 6 27.0 175.54887469210533
273 6 28.0 86.89134207288393
273 6 29.0 110.38620845160864
273 6 3.0 132.54259422669335
273 6 30.0 138.89459445532398
273 6 31.0 123.58924587242434
273 6 32.0 128.44450485482298
273 6 33.0 109.47165877861518
273 6 34.0 155.84354246563888
273 6 35.0 119.78376048766708
273 6 36.0 127.90060764083532
273 6 37.0 88.78248242219509
273 6 38.0 133.4462936557677
273 6 39.0 177.12282481996604
273 6 4.0 158.8816268456519
273 6 40.0 117.60048693304468
273 6 41.0 126.65727835689104
273 6 42.0 110.54527365754686
273 6 43.0 147.07160798772063
273 6 44.0 107.71000600384455
273 6 45.0 110.988140944865
273 6 46.0 127.6307212874107
273 6 47.0 158.17418197538328
273 6 48.0 115.88017393075431
273 6 49.0 86.24350406458079
273 6 5.0 118.92004958121166
273 6 50.0 140.48477200984996
273 6 51.0 123.09314281506565
273 6 52.0 144.03305531290704
273 6 53.0 105.33192194250617
273 6 54.0 105.96192451377242
273 6 55.0 121.46453017702007
273 6 56.0 152.02422923158807
273 6 57.0 98.86501452167731
273 6 58.0 152.1689242048415
273 6 59.0 138.75467120663114
273 6 6.0 123.64102442146182
273 6 60.0 106.78042384987323
273 6 7.0 91.37984898413885
273 6 8.0 122.47874701334636
273 6 9.0 121.15410692272395
274 5 1.0 108.45913749462373
274 5 10.0 119.37262963936998
274 5 11.0 159.44313756608793
274 5 12.0 96.86924345209664
274 5 13.0 108.51836230055584
274 5 14.0 86.80288554059489
274 5 15.0 100.63648188748054
274 5 16.0 84.63074114638188
274 5 17.0 160.021572603254
274 5 18.0 132.79179639058273
274 5 19.0 123.24335020480626
274 5 2.0 100.58649554040092
274 5 20.0 107.7835356173171
274 5 21.0 108.90748144810347
274 5 22.0 146.5538273633192
274 5 23.0 133.81250412779747
274 5 24.0 93.16193236104323
274 5 25.0 91.17498664448958
274 5 26.0 171.17682960077804
274 5 27.0 154.13009175142057
274 5 28.0 153.19443540279704
274 5 29.0 83.31084068004398
274 5 3.0 88.27534124103819
274 5 30.0 128.14709240656438
274 5 31.0 95.98762090647007
274 5 32.0 110.84037425124315
274 5 33.0 103.0098678664617
274 5 34.0 162.94218707487303
274 5 35.0 161.96496425867966
274 5 36.0 121.40525812261039
274 5 37.0 106.05765580838548
274 5 38.0 90.47532428667766
274 5 39.0 151.40237027106843
274 5 4.0 105.9518046117363
274 5 40.0 106.98737227864532
274 5 41.0 158.65254459613865
274 5 42.0 134.348689771286
274 5 43.0 107.99152057776226
274 5 44.0 156.6231633533878
274 5 45.0 103.99169575429886
274 5 46.0 97.75803631179302
274 5 47.0 139.23883380511205
274 5 48.0 167.6590634849153
274 5 49.0 146.12491483002847
274 5 5.0 125.30052180582456
274 5 50.0 139.20760278441327
274 5 51.0 134.77975859454256
274 5 52.0 166.83024046758797
274 5 53.0 100.81071650134885
274 5 54.0 91.03994838510259
274 5 55.0 110.14414277677915
274 5 56.0 100.96039519092501
274 5 57.0 152.23011477271703
274 5 58.0 116.30462221815986
274 5 59.0 92.20466115629169
274 5 6.0 127.23904174414547
274 5 60.0 80.46433382435956
274 5 7.0 101.88614339130922
274 5 8.0 113.09792084505074
274 5 9.0 121.44109908847335
274 6 1.0 135.1249739599543
274 6 10.0 138.54081892718978
274 6 11.0 109.80935512959446
274 6 12.0 115.78348724541492
274 6 13.0 168.32387358627602
274 6 14.0 136.61523882216923
274 6 15.0 103.12236577545673
274 6 16.0 131.00538371779567
274 6 17.0 125.63816091032268
274 6 18.0 175.23994734497094
274 6 19.0 128.47926051640235
274 6 2.0 134.940604941466
274 6 20.0 118.70775805492353
274 6 21.0 127.28849472683358
274 6 22.0 95.49776651651652
274 6 23.0 87.87140037422829
274 6 24.0 115.59890063056734
274 6 25.0 140.91588036247435
274 6 26.0 118.06869656855335
274 6 27.0 149.15193260602072
274 6 28.0 85.52733877768003
274 6 29.0 134.64584920602107
274 6 3.0 137.4667088964356
274 6 30.0 141.40630418453418
274 6 31.0 89.3224376924891
274 6 32.0 114.38027647603764
274 6 33.0 120.1780648382386
274 6 34.0 136.81736807360033
274 6 35.0 114.32375457619476
274 6 36.0 166.08605149568044
274 6 37.0 121.54748505780407
274 6 38.0 93.37994910498408
274 6 39.0 176.6292730147947
274 6 4.0 161.62820891231445
274 6 40.0 151.05259124543133
274 6 41.0 130.09362367893263
274 6 42.0 121.26296965857145
274 6 43.0 98.07109795698096
274 6 44.0 124.17310979496136
274 6 45.0 116.38109486902637
274 6 46.0 142.94500562409914
274 6 47.0 171.3074420322699
274 6 48.0 147.77112650865848
274 6 49.0 72.6352375149918
274 6 5.0 145.3459740855537
274 6 50.0 132.88184955352946
274 6 51.0 130.7839692672623
274 6 52.0 142.3349611242933
274 6 53.0 92.64266844882584
274 6 54.0 158.96019583015055
274 6 55.0 140.2373080663966
274 6 56.0 141.18032397113956
274 6 57.0 110.83694164589014
274 6 58.0 93.2948625765511
274 6 59.0 129.36153697854778
274 6 6.0 99.56600753718574
274 6 60.0 110.01938126648356
274 6 7.0 115.29602596823406
274 6 8.0 147.68097069308706
274 6 9.0 166.44375146180633
275 5 1.0 123.55475896557815
275 5 10.0 108.11160127745649
275 5 11.0 140.59229482626148
275 5 12.0 92.68942149165674
275 5 13.0 99.14844989672604
275 5 14.0 109.91717348254356
275 5 15.0 134.71550893278823
275 5 16.0 134.92174916489827
275 5 17.0 139.41553958619585
275 5 18.0 105.11662535189882
275 5 19.0 126.01793523630423
275 5 2.0 90.7441834995634
275 5 20.0 114.17071195481309
275 5 21.0 102.65047787030647
275 5 22.0 118.45322138719465
275 5 23.0 120.62969581242017
275 5 24.0 110.65477280793121
275 5 25.0 167.25162026466722
275 5 26.0 96.33122167237273
275 5 27.0 134.88334241376265
275 5 28.0 155.2936039184585
275 5 29.0 99.81654966530016
275 5 3.0 103.43124194230818
275 5 30.0 155.71124138221646
275 5 31.0 103.24821202614918
275 5 32.0 102.03958543077795
275 5 33.0 127.68569020384597
275 5 34.0 84.86776119031595
275 5 35.0 146.93872941533377
275 5 36.0 132.9241515124802
275 5 37.0 117.13545954717847
275 5 38.0 97.86860715022503
275 5 39.0 147.6766315222109
275 5 4.0 123.88741089044774
275 5 40.0 102.80747938344157
275 5 41.0 126.11313527831703
275 5 42.0 86.5603374805666
275 5 43.0 172.36952103628045
275 5 44.0 142.71390770443904
275 5 45.0 77.09468158616093
275 5 46.0 108.33481267749478
275 5 47.0 144.09886187436442
275 5 48.0 146.34811316997258
275 5 49.0 121.70805160097653
275 5 5.0 101.48049202090658
275 5 50.0 127.61730625475435
275 5 51.0 142.22319631578623
275 5 52.0 156.21331518001972
275 5 53.0 154.1545058461607
275 5 54.0 83.55638923961821
275 5 55.0 150.84875694406026
275 5 56.0 149.8149232431973
275 5 57.0 156.16849203941206
275 5 58.0 104.48836084964233
275 5 59.0 156.10571808386587
275 5 6.0 140.85372508469186
275 5 60.0 93.369454939803
275 5 7.0 85.93882052253296
275 5 8.0 154.9085807940663
275 5 9.0 100.37437179697888
275 6 1.0 160.1588578041661
275 6 10.0 111.32199331474943
275 6 11.0 107.52159779750404
275 6 12.0 138.59736283515534
275 6 13.0 152.1986135673766
275 6 14.0 142.34567540185714
275 6 15.0 138.97867548175861
275 6 16.0 145.22382668599178
275 6 17.0 105.37251575765406
275 6 18.0 116.83190210446392
275 6 19.0 87.33920057565867
275 6 2.0 123.91217130155054
275 6 20.0 136.4066842361904
275 6 21.0 119.0281288921938
275 6 22.0 61.37631954836106
275 6 23.0 143.91454731801343
275 6 24.0 118.93461212967583
275 6 25.0 150.5396218291624
275 6 26.0 109.88475668186867
275 6 27.0 110.45320563849543
275 6 28.0 99.06670581173613
275 6 29.0 98.76240194849741
275 6 3.0 110.01970243621733
275 6 30.0 155.86503560406268
275 6 31.0 117.1115783845953
275 6 32.0 131.35885112155995
275 6 33.0 129.43975618079205
275 6 34.0 115.71904275392309
275 6 35.0 97.50849666073306
275 6 36.0 153.49409331320658
275 6 37.0 126.89278652909275
275 6 38.0 107.06805586806729
275 6 39.0 71.96394325791482
275 6 4.0 130.57410395424728
275 6 40.0 106.89080207074258
275 6 41.0 102.07605093576187
275 6 42.0 119.38604999769866
275 6 43.0 135.19649797393407
275 6 44.0 127.71812668060727
275 6 45.0 113.29091299155881
275 6 46.0 135.3311659117904
275 6 47.0 104.89616224673071
275 6 48.0 137.9957324913066
275 6 49.0 96.93681318684239
275 6 5.0 117.14253317949617
275 6 50.0 152.1706892627765
275 6 51.0 151.13952352786438
275 6 52.0 140.5321634099984
275 6 53.0 124.53475018726962
275 6 54.0 163.04871858473763
275 6 55.0 152.9132123320244
275 6 56.0 105.05046904474538
275 6 57.0 157.06195499592857
275 6 58.0 83.9075726363842
275 6 59.0 127.30395041620254
275 6 6.0 86.18687066142924
275 6 60.0 130.17941850240942
275 6 7.0 124.45014024271644
275 6 8.0 75.17803626690542
275 6 9.0 157.9941198054214
276 5 1.0 157.99375660641022
276 5 10.0 120.63735417183477
276 5 11.0 83.48984806373798
276 5 12.0 110.13099877389236
276 5 13.0 116.94181707142734
276 5 14.0 137.08152784952287
276 5 15.0 109.85495749869543
276 5 16.0 157.8034444974178
276 5 17.0 120.57265943184107
276 5 18.0 159.37613560690838
276 5 19.0 109.69618119252186
276 5 2.0 97.53838011986444
276 5 20.0 112.73199846656425
276 5 21.0 152.31436537681284
276 5 22.0 88.18940792412818
276 5 23.0 129.048482890278
276 5 24.0 129.63184051338146
276 5 25.0 120.47462432667048
276 5 26.0 84.14649800444542
276 5 27.0 127.21658970696082
276 5 28.0 134.05778021272408
276 5 29.0 125.99417595999127
276 5 3.0 121.77379877673059
276 5 30.0 93.51752148843131
276 5 31.0 129.351494645913
276 5 32.0 159.0463187130651
276 5 33.0 143.73651466294444
276 5 34.0 154.21039100767246
276 5 35.0 139.93604341667444
276 5 36.0 141.0280566259052
276 5 37.0 114.88766716846656
276 5 38.0 85.56077201798476
276 5 39.0 150.46627119602886
276 5 4.0 103.15124010788612
276 5 40.0 126.32686027370933
276 5 41.0 134.6844449875357
276 5 42.0 109.4801400213794
276 5 43.0 137.82766416967092
276 5 44.0 118.47170448988108
276 5 45.0 158.0233141048471
276 5 46.0 136.06389839716758
276 5 47.0 125.18110124556343
276 5 48.0 140.7981854999386
276 5 49.0 132.8768240762863
276 5 5.0 92.85731741857488
276 5 50.0 93.9058787251817
276 5 51.0 172.04702898132794
276 5 52.0 155.48390201289047
276 5 53.0 143.51607554997173
276 5 54.0 90.99534786880392
276 5 55.0 108.00139602617759
276 5 56.0 92.47750227075468
276 5 57.0 116.15444687729932
276 5 58.0 127.0620580419346
276 5 59.0 155.96619355112406
276 5 6.0 98.28294460917417
276 5 60.0 161.60531964749129
276 5 7.0 170.46281660672787
276 5 8.0 128.46906846069126
276 5 9.0 120.35614819051457
276 6 1.0 139.62397144584384
276 6 10.0 163.53312620400456
276 6 11.0 101.80618339675978
276 6 12.0 110.94766570483166
276 6 13.0 162.80720060270536
276 6 14.0 111.85663822881014
276 6 15.0 146.3458552279026
276 6 16.0 113.72272656572684
276 6 17.0 133.93720166741318
276 6 18.0 73.30594120900558
276 6 19.0 164.45734709205414
276 6 2.0 163.7949822947097
276 6 20.0 113.73014777714316
276 6 21.0 127.03883769160647
276 6 22.0 63.650828937054655
276 6 23.0 88.39783387536616
276 6 24.0 121.51835700022808
276 6 25.0 117.40421783731207
276 6 26.0 137.69025893722778
276 6 27.0 123.1268565887004
276 6 28.0 135.90050279633584
276 6 29.0 136.99013402420204
276 6 3.0 131.5151135487337
276 6 30.0 135.52598312153177
276 6 31.0 94.01642199777959
276 6 32.0 133.92303260068698
276 6 33.0 114.10596052892488
276 6 34.0 95.8914750745163
276 6 35.0 127.12360224121383
276 6 36.0 145.28746722245174
276 6 37.0 111.11046800104262
276 6 38.0 164.8662741324317
276 6 39.0 128.86873664659626
276 6 4.0 123.71119974829551
276 6 40.0 146.47707232751785
276 6 41.0 88.26207873468894
276 6 42.0 101.2362946702579
276 6 43.0 114.36918175120823
276 6 44.0 111.18980757309438
276 6 45.0 134.45795498958861
276 6 46.0 115.55747580651735
276 6 47.0 152.23108133741331
276 6 48.0 133.56958449435692
276 6 49.0 154.54753131605426
276 6 5.0 125.59143338386949
276 6 50.0 154.46509166154206
276 6 51.0 169.52445482545718
276 6 52.0 133.3604288340364
276 6 53.0 101.26955532990662
276 6 54.0 135.5436090867569
276 6 55.0 94.32310201146541
276 6 56.0 135.27500371031078
276 6 57.0 109.63052880739325
276 6 58.0 108.87997423293885
276 6 59.0 139.8097408729692
276 6 6.0 113.22766002188361
276 6 60.0 96.21633251500498
276 6 7.0 152.79151555627186
276 6 8.0 120.29525079874955
276 6 9.0 111.57779023277173
277 5 1.0 110.80882095847294
277 5 10.0 68.45367109511639
277 5 11.0 116.87406473475599
277 5 12.0 88.73059003848171
277 5 13.0 156.9467429601612
277 5 14.0 81.90713569212666
277 5 15.0 139.4007592985944
277 5 16.0 153.63567177797702
277 5 17.0 107.76113614273633
277 5 18.0 113.619340967792
277 5 19.0 142.32648591032594
277 5 2.0 96.49553338827182
277 5 20.0 103.09943204897334
277 5 21.0 131.570495555347
277 5 22.0 141.55386583224626
277 5 23.0 149.87588448658286
277 5 24.0 166.28927697235096
277 5 25.0 71.97010313057041
277 5 26.0 117.80871625941495
277 5 27.0 128.06728066501478
277 5 28.0 150.23228465062456
277 5 29.0 163.40797370132375
277 5 3.0 161.3566058906102
277 5 30.0 123.57135565518186
277 5 31.0 123.1036942180955
277 5 32.0 163.4817580570129
277 5 33.0 145.57903552569925
277 5 34.0 136.03700188429448
277 5 35.0 125.02098898806089
277 5 36.0 122.27701892046578
277 5 37.0 112.78450760972525
277 5 38.0 87.18509185107061
277 5 39.0 131.31802135792262
277 5 4.0 98.7162798548557
277 5 40.0 127.88900387410267
277 5 41.0 123.45800255232365
277 5 42.0 117.68651588345305
277 5 43.0 110.9526207999914
277 5 44.0 137.13605218122302
277 5 45.0 109.02376911457135
277 5 46.0 134.95550304149526
277 5 47.0 90.05932725491301
277 5 48.0 160.22274159035996
277 5 49.0 137.5995844165016
277 5 5.0 79.42049675413604
277 5 50.0 114.18222964732739
277 5 51.0 143.68563787746055
277 5 52.0 110.89062153487095
277 5 53.0 128.906773652968
277 5 54.0 113.79743731668495
277 5 55.0 139.11334684989205
277 5 56.0 144.49922753265454
277 5 57.0 152.27425598150936
277 5 58.0 73.22356820001453
277 5 59.0 115.29340299144755
277 5 6.0 129.12221848560384
277 5 60.0 163.5526749688962
277 5 7.0 102.89278193358388
277 5 8.0 162.01305440497467
277 5 9.0 108.45292427725511
277 6 1.0 135.4312212977187
277 6 10.0 106.57221522544664
277 6 11.0 124.44414733218507
277 6 12.0 86.1975262733117
277 6 13.0 139.53489391602105
277 6 14.0 144.34670156781303
277 6 15.0 149.85849495911594
277 6 16.0 169.08273860421176
277 6 17.0 109.70061881867746
277 6 18.0 96.2342015212059
277 6 19.0 165.64254941903562
277 6 2.0 137.0546535789337
277 6 20.0 132.81178617950061
277 6 21.0 84.87069106575252
277 6 22.0 104.3774030770611
277 6 23.0 129.2404095306272
277 6 24.0 103.81539651437642
277 6 25.0 140.7339580708475
277 6 26.0 86.02652676309236
277 6 27.0 129.32976648756906
277 6 28.0 143.6331869145762
277 6 29.0 120.71693973865905
277 6 3.0 114.7900567180044
277 6 30.0 83.52337455670586
277 6 31.0 111.41635714439781
277 6 32.0 87.04956740721536
277 6 33.0 128.98456371777365
277 6 34.0 124.72713153687506
277 6 35.0 74.80257859438055
277 6 36.0 99.09945686085264
277 6 37.0 112.88331457521225
277 6 38.0 88.80936924781285
277 6 39.0 130.78083071451098
277 6 4.0 159.06612634391286
277 6 40.0 121.10401691860481
277 6 41.0 106.81241918988502
277 6 42.0 119.96626179684975
277 6 43.0 117.20527753379062
277 6 44.0 99.2186913768849
277 6 45.0 133.58550902171513
277 6 46.0 74.85432891155283
277 6 47.0 100.28890799593087
277 6 48.0 128.64257459802957
277 6 49.0 128.86890387208283
277 6 5.0 118.76219930667726
277 6 50.0 164.89543882645134
277 6 51.0 118.39114349543352
277 6 52.0 153.36079671858795
277 6 53.0 105.64844938951232
277 6 54.0 153.81448439769952
277 6 55.0 146.86893000017517
277 6 56.0 122.77326917232021
277 6 57.0 132.28242833773825
277 6 58.0 146.35275958984025
277 6 59.0 144.0095834886105
277 6 6.0 102.00790570466302
277 6 60.0 116.18788830507248
277 6 7.0 155.52364253611378
277 6 8.0 136.08395030093203
277 6 9.0 95.37859853552638
278 5 1.0 77.99328433304301
278 5 10.0 138.3504769554931
278 5 11.0 100.60188063003218
278 5 12.0 126.9792481097939
278 5 13.0 130.12806270029606
278 5 14.0 110.12760102555053
278 5 15.0 141.7232303049085
278 5 16.0 127.64256853611977
278 5 17.0 106.28435871702666
278 5 18.0 72.03378680372842
278 5 19.0 113.73150382135681
278 5 2.0 141.62066102956825
278 5 20.0 138.80276740824905
278 5 21.0 124.77780494502406
278 5 22.0 112.94602186635248
278 5 23.0 151.13119127193244
278 5 24.0 126.29623750543514
278 5 25.0 110.567010075164
278 5 26.0 89.78341575792912
278 5 27.0 160.4625710057303
278 5 28.0 126.90323459253636
278 5 29.0 101.04359735793385
278 5 3.0 161.23784026577883
278 5 30.0 118.78083932276017
278 5 31.0 119.88709224996896
278 5 32.0 171.48378404397099
278 5 33.0 112.75273992914163
278 5 34.0 110.38818724748278
278 5 35.0 132.71689275547607
278 5 36.0 134.27103729853798
278 5 37.0 118.90485878521781
278 5 38.0 87.9683552985926
278 5 39.0 140.68740898449428
278 5 4.0 126.99090967992933
278 5 40.0 140.00575063197897
278 5 41.0 126.72626393221856
278 5 42.0 125.04016875396663
278 5 43.0 118.45934139598604
278 5 44.0 66.9524723960075
278 5 45.0 90.72557722254781
278 5 46.0 140.46018631639745
278 5 47.0 168.90638653166874
278 5 48.0 127.35047513656977
278 5 49.0 111.6701421096999
278 5 5.0 104.19239219322415
278 5 50.0 163.7969898224539
278 5 51.0 121.29920771021156
278 5 52.0 115.692716989326
278 5 53.0 175.03100360630785
278 5 54.0 134.8343422647439
278 5 55.0 113.69216830674537
278 5 56.0 92.18378207733197
278 5 57.0 107.43070972159249
278 5 58.0 155.72375933536196
278 5 59.0 121.61329897377519
278 5 6.0 128.17032649834107
278 5 60.0 132.6598797001806
278 5 7.0 94.37865259887086
278 5 8.0 85.85606699714117
278 5 9.0 137.13349087836238
278 6 1.0 81.80307892814227
278 6 10.0 151.66101538460555
278 6 11.0 82.67351313088574
278 6 12.0 117.3379782830548
278 6 13.0 134.90397159953042
278 6 14.0 125.63498302851592
278 6 15.0 107.16663218317754
278 6 16.0 113.55573027824411
278 6 17.0 122.21295113497185
278 6 18.0 96.82154584584877
278 6 19.0 119.9765294661024
278 6 2.0 156.39602797386536
278 6 20.0 126.05621776074356
278 6 21.0 109.39053978153274
278 6 22.0 158.57994486782638
278 6 23.0 158.8309199444988
278 6 24.0 88.48095935061393
278 6 25.0 129.15130123108887
278 6 26.0 92.55730436828391
278 6 27.0 139.7276784182213
278 6 28.0 85.7850838596717
278 6 29.0 145.76673590587143
278 6 3.0 151.96460872999256
278 6 30.0 153.6167858651725
278 6 31.0 108.22149587153672
278 6 32.0 142.34944981979282
278 6 33.0 135.46776927924674
278 6 34.0 164.3490817964756
278 6 35.0 148.59652825888014
278 6 36.0 145.23913038752087
278 6 37.0 149.59082840033795
278 6 38.0 122.53244250145768
278 6 39.0 92.81324432095052
278 6 4.0 141.49658547428606
278 6 40.0 157.515913338936
278 6 41.0 103.99011746313118
278 6 42.0 107.7367557089681
278 6 43.0 125.68076181296148
278 6 44.0 106.38040930956132
278 6 45.0 150.68537870112408
278 6 46.0 128.13803859267216
278 6 47.0 126.6874697686344
278 6 48.0 117.64673880731301
278 6 49.0 116.25453703339531
278 6 5.0 157.78568073662092
278 6 50.0 131.36701606901167
278 6 51.0 118.84894059553312
278 6 52.0 94.93534040324447
278 6 53.0 129.3262792558726
278 6 54.0 156.51056588929706
278 6 55.0 90.70885512917
278 6 56.0 111.01284557937929
278 6 57.0 108.31516155988656
278 6 58.0 144.68305006257268
278 6 59.0 111.79916808337524
278 6 6.0 158.70059452897758
278 6 60.0 113.95313818850698
278 6 7.0 90.56128553414477
278 6 8.0 135.2810626285099
278 6 9.0 108.81802795925924
279 5 1.0 160.06174798324156
279 5 10.0 99.6578069643829
279 5 11.0 116.53841605479185
279 5 12.0 73.41870579166587
279 5 13.0 166.48203641837327
279 5 14.0 138.12617260603636
279 5 15.0 73.79801116838914
279 5 16.0 131.56136579716582
279 5 17.0 158.26306426400794
279 5 18.0 117.58184143207181
279 5 19.0 108.32499327707278
279 5 2.0 123.80349500843766
279 5 20.0 168.22285756924194
279 5 21.0 102.70090722050897
279 5 22.0 146.21841804726336
279 5 23.0 123.73971632543447
279 5 24.0 114.94971533929431
279 5 25.0 146.4215091519512
279 5 26.0 100.53183832174587
279 5 27.0 150.01919085132607
279 5 28.0 145.1522850465269
279 5 29.0 82.08905188762533
279 5 3.0 93.75330180901709
279 5 30.0 141.57248729916594
279 5 31.0 104.93461892355892
279 5 32.0 124.50411906815368
279 5 33.0 120.98664540611993
279 5 34.0 131.07169653798135
279 5 35.0 142.48918344069023
279 5 36.0 127.28940784899721
279 5 37.0 89.99479196883804
279 5 38.0 90.44809277115291
279 5 39.0 151.95457752928175
279 5 4.0 152.31465809342825
279 5 40.0 110.08912996151473
279 5 41.0 159.78572429761874
279 5 42.0 103.7736055171936
279 5 43.0 124.1344972660784
279 5 44.0 161.71058403192495
279 5 45.0 126.24339576348325
279 5 46.0 136.83228172467585
279 5 47.0 143.14209112273267
279 5 48.0 145.06706817573962
279 5 49.0 152.66154101944443
279 5 5.0 165.50675937607147
279 5 50.0 106.9289622523647
279 5 51.0 155.2248274641628
279 5 52.0 139.81596007466734
279 5 53.0 137.270857787439
279 5 54.0 167.88388834461276
279 5 55.0 122.93564774731489
279 5 56.0 135.0627666845948
279 5 57.0 118.0889209388165
279 5 58.0 153.37390534017305
279 5 59.0 138.04740191872438
279 5 6.0 145.44398368080246
279 5 60.0 102.38597127553385
279 5 7.0 98.4753774395668
279 5 8.0 123.39472411740034
279 5 9.0 130.58967599809571
279 6 1.0 121.19936071418043
279 6 10.0 120.63678905398216
279 6 11.0 133.44053985197834
279 6 12.0 116.96148471002492
279 6 13.0 142.59489123235778
279 6 14.0 140.3600370667055
279 6 15.0 165.2331338469211
279 6 16.0 113.40995477471768
279 6 17.0 94.63047124781251
279 6 18.0 80.56644359382965
279 6 19.0 72.91356918819307
279 6 2.0 141.51461645254867
279 6 20.0 116.43543238403217
279 6 21.0 107.98772263112441
279 6 22.0 63.05571832548935
279 6 23.0 130.38152881426726
279 6 24.0 77.57454884967845
279 6 25.0 145.73815921594354
279 6 26.0 100.8034268590215
279 6 27.0 109.03719800106495
279 6 28.0 122.37221383016518
279 6 29.0 175.76981601136794
279 6 3.0 124.87011334018814
279 6 30.0 127.82740612398062
279 6 31.0 128.55118676932742
279 6 32.0 129.1669771484966
279 6 33.0 141.0363626067607
279 6 34.0 147.09078639069782
279 6 35.0 95.22946060332592
279 6 36.0 128.06137944438763
279 6 37.0 118.09483111698185
279 6 38.0 83.40731574539122
279 6 39.0 118.62506808491041
279 6 4.0 159.8836339259678
279 6 40.0 145.71218807957197
279 6 41.0 104.08330587809898
279 6 42.0 101.76594391529137
279 6 43.0 106.70316206999553
279 6 44.0 140.28059034301629
279 6 45.0 105.96786657828757
279 6 46.0 109.7946473590504
279 6 47.0 168.1588514835407
279 6 48.0 147.14596245696904
279 6 49.0 154.61605630142213
279 6 5.0 175.1946388506624
279 6 50.0 125.74318953306695
279 6 51.0 123.97351551938578
279 6 52.0 141.59785751496352
279 6 53.0 101.87748361260304
279 6 54.0 150.7652383928203
279 6 55.0 141.6224803529799
279 6 56.0 114.54002896281196
279 6 57.0 132.6305660023103
279 6 58.0 172.516471120967
279 6 59.0 154.89653726667484
279 6 6.0 155.83595750682295
279 6 60.0 141.8327191910557
279 6 7.0 134.33035313438285
279 6 8.0 118.1823295268007
279 6 9.0 138.04595832744738
280 5 1.0 123.2822517923902
280 5 10.0 114.92015690074369
280 5 11.0 104.86978662777042
280 5 12.0 97.49232311640999
280 5 13.0 91.07471581619534
280 5 14.0 133.38042028051063
280 5 15.0 134.72485727897492
280 5 16.0 137.33381516070315
280 5 17.0 109.85664336249036
280 5 18.0 144.52083469247563
280 5 19.0 160.0901947749638
280 5 2.0 125.91606226465065
280 5 20.0 103.50571640903739
280 5 21.0 107.76526435787393
280 5 22.0 104.09205209341863
280 5 23.0 134.81771628507227
280 5 24.0 164.871314389961
280 5 25.0 135.92514995319314
280 5 26.0 96.24747818022267
280 5 27.0 143.84000875014374
280 5 28.0 169.91180597461434
280 5 29.0 119.92222443648926
280 5 3.0 123.61039385138142
280 5 30.0 104.49548569641735
280 5 31.0 107.81544859039599
280 5 32.0 110.6507894782254
280 5 33.0 165.48131425642757
280 5 34.0 130.27857312288975
280 5 35.0 134.11147106204726
280 5 36.0 163.3477939192022
280 5 37.0 115.96533037340292
280 5 38.0 85.8661952817859
280 5 39.0 146.53268755113305
280 5 4.0 137.39614248357464
280 5 40.0 116.84682289955323
280 5 41.0 170.79688875452865
280 5 42.0 129.57718647029148
280 5 43.0 99.49250846237058
280 5 44.0 141.1037026649541
280 5 45.0 84.52640418257184
280 5 46.0 88.95175730409517
280 5 47.0 133.5469236927506
280 5 48.0 149.66220219486775
280 5 49.0 131.9066058823838
280 5 5.0 150.29240536303686
280 5 50.0 100.46232939059644
280 5 51.0 157.3257316469483
280 5 52.0 137.30106378000136
280 5 53.0 155.17136235315397
280 5 54.0 96.23075724085864
280 5 55.0 151.55625084030783
280 5 56.0 113.103037519269
280 5 57.0 141.37836500469763
280 5 58.0 126.09421230258131
280 5 59.0 107.92107182961252
280 5 6.0 134.88858825683985
280 5 60.0 98.82570494501906
280 5 7.0 110.2145094318736
280 5 8.0 105.50690572326643
280 5 9.0 118.53854493193259
280 6 1.0 129.69104165637924
280 6 10.0 102.83442275303804
280 6 11.0 108.8190842172609
280 6 12.0 137.13896406182008
280 6 13.0 100.60683132716434
280 6 14.0 123.5384559463453
280 6 15.0 101.0123994301203
280 6 16.0 117.27195514233611
280 6 17.0 144.5473694687463
280 6 18.0 123.69459036429367
280 6 19.0 159.30544005640732
280 6 2.0 130.20681109460278
280 6 20.0 136.36922665167344
280 6 21.0 128.64548626707122
280 6 22.0 81.007695925053
280 6 23.0 167.5186798003053
280 6 24.0 69.08733470311891
280 6 25.0 133.3307680366846
280 6 26.0 105.01189099968492
280 6 27.0 111.75987126076244
280 6 28.0 102.8771142321261
280 6 29.0 87.41947612811533
280 6 3.0 117.56629954591524
280 6 30.0 135.9547432670574
280 6 31.0 91.86032965284222
280 6 32.0 136.30313345791743
280 6 33.0 120.2240212892906
280 6 34.0 103.55192077834356
280 6 35.0 118.22029346214316
280 6 36.0 90.26777713870018
280 6 37.0 122.17202944120858
280 6 38.0 123.03854321000807
280 6 39.0 148.96766145549879
280 6 4.0 140.9875495688783
280 6 40.0 114.10521265822352
280 6 41.0 103.15299297500978
280 6 42.0 106.39783762864705
280 6 43.0 143.18115313541537
280 6 44.0 126.51340315884819
280 6 45.0 145.1499726434254
280 6 46.0 131.88475661924338
280 6 47.0 113.85639854807216
280 6 48.0 128.2277683927303
280 6 49.0 76.41265559235028
280 6 5.0 125.78406107028073
280 6 50.0 138.20520681958456
280 6 51.0 113.12184651565362
280 6 52.0 139.7563163440887
280 6 53.0 117.86280372783838
280 6 54.0 103.09916276363613
280 6 55.0 143.69992843306537
280 6 56.0 94.80333814656531
280 6 57.0 137.02556769492054
280 6 58.0 132.49972651363996
280 6 59.0 140.26371494576878
280 6 6.0 112.63674364110393
280 6 60.0 76.43199268514003
280 6 7.0 156.8591877428045
280 6 8.0 104.92026843686959
280 6 9.0 150.81055290907017
281 5 1.0 129.8118170940762
281 5 10.0 107.76372563198063
281 5 11.0 171.59816962680904
281 5 12.0 82.96991467764767
281 5 13.0 132.89680367481964
281 5 14.0 162.00706826013277
281 5 15.0 144.61115112595897
281 5 16.0 140.7277812772294
281 5 17.0 118.04562110166876
281 5 18.0 79.15716619907293
281 5 19.0 161.5968902361395
281 5 2.0 124.61452603712391
281 5 20.0 127.60968922993725
281 5 21.0 119.48160252989497
281 5 22.0 154.60537310826035
281 5 23.0 130.05576335817634
281 5 24.0 128.57013736568186
281 5 25.0 89.3821811547209
281 5 26.0 145.32449669485464
281 5 27.0 123.12231529656755
281 5 28.0 93.46264558980575
281 5 29.0 129.90937084835286
281 5 3.0 100.96691586192081
281 5 30.0 161.66370825679485
281 5 31.0 89.87037788703051
281 5 32.0 113.75768620450376
281 5 33.0 140.81774254587123
281 5 34.0 139.05638529160743
281 5 35.0 143.6800050931273
281 5 36.0 130.9858814666177
281 5 37.0 97.84120696593885
281 5 38.0 101.56765376208207
281 5 39.0 116.42464014720456
281 5 4.0 130.36802211733198
281 5 40.0 104.9785328820499
281 5 41.0 136.10748224721672
281 5 42.0 147.4822481778851
281 5 43.0 101.89057220900463
281 5 44.0 99.07243382238907
281 5 45.0 96.90602000704631
281 5 46.0 107.75205179835275
281 5 47.0 162.4372898266276
281 5 48.0 154.1275438932311
281 5 49.0 131.4959289124138
281 5 5.0 105.92220573401471
281 5 50.0 115.91643462833463
281 5 51.0 116.49141893955527
281 5 52.0 156.57989466040817
281 5 53.0 164.00901886045895
281 5 54.0 158.85598834135408
281 5 55.0 103.30574161690512
281 5 56.0 116.06311300542728
281 5 57.0 92.44155557264727
281 5 58.0 149.42925255503872
281 5 59.0 127.48195644835674
281 5 6.0 159.56599662682186
281 5 60.0 83.23792489521212
281 5 7.0 99.53631814935115
281 5 8.0 143.35305227713434
281 5 9.0 135.81916615390685
281 6 1.0 130.41873430309008
281 6 10.0 128.95572086595269
281 6 11.0 95.54587030289996
281 6 12.0 80.90129987364074
281 6 13.0 150.72743443381594
281 6 14.0 120.11201826143521
281 6 15.0 119.26660090768173
281 6 16.0 142.40631010505726
281 6 17.0 108.673481626502
281 6 18.0 113.5232188517462
281 6 19.0 127.99965326849312
281 6 2.0 173.49366895527794
281 6 20.0 135.1079293250627
281 6 21.0 144.59481209361732
281 6 22.0 93.7035323276812
281 6 23.0 130.28851769078057
281 6 24.0 87.00837167259556
281 6 25.0 116.61914138836042
281 6 26.0 130.7184250156928
281 6 27.0 103.71119121344806
281 6 28.0 94.51497987303489
281 6 29.0 113.57729492418699
281 6 3.0 150.10134090827952
281 6 30.0 147.21338613557944
281 6 31.0 117.67061735476784
281 6 32.0 120.9942780841042
281 6 33.0 166.37869243014612
281 6 34.0 121.53781228758265
281 6 35.0 125.92020518084661
281 6 36.0 142.53468085889546
281 6 37.0 94.55169641176515
281 6 38.0 87.76442570341422
281 6 39.0 111.65437863481269
281 6 4.0 148.943635550228
281 6 40.0 140.73830972971953
281 6 41.0 114.55003076086605
281 6 42.0 90.19913929464538
281 6 43.0 145.47934036173322
281 6 44.0 166.82348926278107
281 6 45.0 167.8222413392826
281 6 46.0 101.1296641674788
281 6 47.0 110.36705695961587
281 6 48.0 112.99203467832778
281 6 49.0 101.37394963726817
281 6 5.0 133.10020557433046
281 6 50.0 153.6469947085587
281 6 51.0 126.64799895092743
281 6 52.0 133.16600868671273
281 6 53.0 123.40519037566747
281 6 54.0 143.80399446966442
281 6 55.0 138.8924835369826
281 6 56.0 102.08196786066287
281 6 57.0 92.89395777838789
281 6 58.0 150.5126529536047
281 6 59.0 162.901688051967
281 6 6.0 138.04874005834532
281 6 60.0 149.62921185419856
281 6 7.0 86.84544416508804
281 6 8.0 111.06492555913017
281 6 9.0 109.19804577920296
282 5 1.0 92.54639216114181
282 5 10.0 132.91812078340388
282 5 11.0 112.12734781574765
282 5 12.0 101.21457259910359
282 5 13.0 102.65329338426217
282 5 14.0 144.7628120493547
282 5 15.0 111.80697369318253
282 5 16.0 159.40863809522477
282 5 17.0 84.65538524122815
282 5 18.0 130.83529751155257
282 5 19.0 118.47822238044455
282 5 2.0 120.72419228252296
282 5 20.0 135.86951911921574
282 5 21.0 122.17731349648162
282 5 22.0 102.47075181161165
282 5 23.0 141.05247853734986
282 5 24.0 132.795631339228
282 5 25.0 124.0124543746899
282 5 26.0 95.87965215272851
282 5 27.0 125.57469598098417
282 5 28.0 144.478161384332
282 5 29.0 82.30649234440556
282 5 3.0 103.37202854554462
282 5 30.0 136.031092288565
282 5 31.0 109.13099952216966
282 5 32.0 117.62032971782065
282 5 33.0 95.02410068647332
282 5 34.0 81.05618267710481
282 5 35.0 153.2186999182883
282 5 36.0 134.4051584568755
282 5 37.0 91.84539897804794
282 5 38.0 87.90394879010859
282 5 39.0 174.32913554637827
282 5 4.0 172.9601236289371
282 5 40.0 122.40674643829102
282 5 41.0 158.73056725529463
282 5 42.0 93.11437199879563
282 5 43.0 159.2339032968001
282 5 44.0 164.1218480782612
282 5 45.0 134.33009517893456
282 5 46.0 123.69083116196485
282 5 47.0 168.59603067846385
282 5 48.0 131.66750048760284
282 5 49.0 166.58983110895642
282 5 5.0 99.82032404900741
282 5 50.0 110.04653026951976
282 5 51.0 133.16530503555293
282 5 52.0 129.8203305307704
282 5 53.0 150.12408282456275
282 5 54.0 99.09309938640715
282 5 55.0 170.9854886750341
282 5 56.0 152.3270627686304
282 5 57.0 99.04503771919504
282 5 58.0 121.36935834598859
282 5 59.0 141.72408856902734
282 5 6.0 111.2138431097417
282 5 60.0 66.43667686518944
282 5 7.0 143.37738033141335
282 5 8.0 93.74215096389234
282 5 9.0 107.13881460670542
282 6 1.0 142.99078686311566
282 6 10.0 138.94974712831518
282 6 11.0 120.94104112759315
282 6 12.0 122.32012656872702
282 6 13.0 148.178855597662
282 6 14.0 90.59228567583693
282 6 15.0 150.04719283869022
282 6 16.0 159.25365582662278
282 6 17.0 106.85355260659824
282 6 18.0 135.62615598605032
282 6 19.0 125.38439798370078
282 6 2.0 147.20323954413666
282 6 20.0 77.39642110072379
282 6 21.0 110.01317408192143
282 6 22.0 157.3171809795574
282 6 23.0 82.7956521297946
282 6 24.0 94.39612009634547
282 6 25.0 149.61332548290815
282 6 26.0 107.70786795429525
282 6 27.0 138.20383192268312
282 6 28.0 147.52564006168225
282 6 29.0 80.60092445465817
282 6 3.0 117.17144760425185
282 6 30.0 99.21020046397828
282 6 31.0 95.41939095347867
282 6 32.0 115.55939757709463
282 6 33.0 138.96608915847733
282 6 34.0 110.9703731547878
282 6 35.0 178.4902679946975
282 6 36.0 125.55452337525817
282 6 37.0 131.62656551766884
282 6 38.0 103.17690342811298
282 6 39.0 128.8778313564094
282 6 4.0 82.39697568357539
282 6 40.0 106.3038975261998
282 6 41.0 119.5578148290748
282 6 42.0 107.5554223008919
282 6 43.0 120.14024626900367
282 6 44.0 121.20232954544456
282 6 45.0 79.32347431067346
282 6 46.0 91.90301570701885
282 6 47.0 126.9502995111047
282 6 48.0 144.39001503098692
282 6 49.0 82.4485147015758
282 6 5.0 130.3801069999506
282 6 50.0 130.73389188062154
282 6 51.0 156.34139734544826
282 6 52.0 147.9896176699448
282 6 53.0 119.25415234378262
282 6 54.0 108.02399495275176
282 6 55.0 133.61149038448042
282 6 56.0 134.1593071326245
282 6 57.0 141.12157395557895
282 6 58.0 79.8886313408361
282 6 59.0 154.31952333972555
282 6 6.0 108.10580721968013
282 6 60.0 124.49948274299174
282 6 7.0 115.27064525582834
282 6 8.0 163.01820762706805
282 6 9.0 153.6573781264474
283 5 1.0 137.80242443445027
283 5 10.0 116.21119099570025
283 5 11.0 136.8063325787576
283 5 12.0 121.06715635906778
283 5 13.0 113.59510249856417
283 5 14.0 112.6231591843606
283 5 15.0 136.2166632250998
283 5 16.0 170.22404316546755
283 5 17.0 144.38557555908565
283 5 18.0 143.4289209452567
283 5 19.0 148.3123056452758
283 5 2.0 91.18557632998004
283 5 20.0 150.42350765884441
283 5 21.0 101.56968507608453
283 5 22.0 147.9659585363478
283 5 23.0 96.94526865727491
283 5 24.0 143.18179010742696
283 5 25.0 106.5503718926029
283 5 26.0 109.6142851567035
283 5 27.0 123.60802215684724
283 5 28.0 127.66079819623354
283 5 29.0 107.56347331962452
283 5 3.0 122.59915768618656
283 5 30.0 149.7833325996174
283 5 31.0 99.71205947118086
283 5 32.0 87.86896547748624
283 5 33.0 149.93401579636102
283 5 34.0 171.36182419206858
283 5 35.0 80.84347582437772
283 5 36.0 113.24412448722398
283 5 37.0 113.72147208349608
283 5 38.0 94.87721253050024
283 5 39.0 146.04584709219716
283 5 4.0 156.91182597507742
283 5 40.0 125.86463151969795
283 5 41.0 141.13719650595158
283 5 42.0 138.8713439819501
283 5 43.0 114.56675091836681
283 5 44.0 91.02836562768212
283 5 45.0 91.17357609713116
283 5 46.0 159.89521954589006
283 5 47.0 117.957459627598
283 5 48.0 143.87422235252063
283 5 49.0 147.8101854481311
283 5 5.0 159.15965185568234
283 5 50.0 109.98189760783394
283 5 51.0 154.2371539681889
283 5 52.0 169.65181613266466
283 5 53.0 117.77174300425575
283 5 54.0 118.56956559418776
283 5 55.0 173.76997441656903
283 5 56.0 123.52659855285079
283 5 57.0 91.90669678578028
283 5 58.0 114.23851911355806
283 5 59.0 134.83916206330187
283 5 6.0 95.3081503881528
283 5 60.0 103.22618926265338
283 5 7.0 150.5606873547761
283 5 8.0 128.85074454823075
283 5 9.0 143.91059793810254
283 6 1.0 95.39078513975218
283 6 10.0 103.55141451868275
283 6 11.0 106.90485166682952
283 6 12.0 130.62411885686893
283 6 13.0 139.63219697012346
283 6 14.0 96.16591994235652
283 6 15.0 150.96553493440655
283 6 16.0 118.67503826539533
283 6 17.0 116.2899398037739
283 6 18.0 145.92636692803313
283 6 19.0 140.75465448396716
283 6 2.0 91.50138748050207
283 6 20.0 143.2291462889706
283 6 21.0 96.93877359785763
283 6 22.0 103.9290939956586
283 6 23.0 106.08940716824995
283 6 24.0 108.5953487140271
283 6 25.0 96.23378943595927
283 6 26.0 116.47242797048804
283 6 27.0 154.8443037345056
283 6 28.0 113.48649410489125
283 6 29.0 81.15619296301175
283 6 3.0 124.66364509913659
283 6 30.0 129.76813785580833
283 6 31.0 141.39940199936441
283 6 32.0 128.98824029104688
283 6 33.0 141.67291893757078
283 6 34.0 138.79993022249167
283 6 35.0 117.28550122486119
283 6 36.0 151.5954619957424
283 6 37.0 131.08862690010898
283 6 38.0 107.21825896080395
283 6 39.0 125.27460751840147
283 6 4.0 114.94430237519371
283 6 40.0 113.91524182167937
283 6 41.0 113.572530940296
283 6 42.0 92.51939105863244
283 6 43.0 107.62207994652118
283 6 44.0 132.4853709413988
283 6 45.0 161.7642247632432
283 6 46.0 116.75351356082187
283 6 47.0 136.4865595383367
283 6 48.0 132.2613363962193
283 6 49.0 128.89227037732613
283 6 5.0 116.9735896558131
283 6 50.0 100.70813601880705
283 6 51.0 105.31527904310963
283 6 52.0 157.01144817282562
283 6 53.0 158.56349250773616
283 6 54.0 93.58533418243545
283 6 55.0 149.13905022077148
283 6 56.0 137.39834899181415
283 6 57.0 81.58614382350558
283 6 58.0 114.83195922842712
283 6 59.0 133.18085170381224
283 6 6.0 85.00880942495967
283 6 60.0 118.95343810225474
283 6 7.0 128.7688908820432
283 6 8.0 149.04828477362207
283 6 9.0 131.0388965332962
284 5 1.0 127.46079210366058
284 5 10.0 108.06445561822683
284 5 11.0 176.21356385477185
284 5 12.0 108.53274947698606
284 5 13.0 114.18546865863603
284 5 14.0 76.05509034570339
284 5 15.0 132.72713680237118
284 5 16.0 139.61797593921105
284 5 17.0 159.02698994405773
284 5 18.0 143.52368300597126
284 5 19.0 125.9862859168745
284 5 2.0 81.45635376082349
284 5 20.0 130.22843572595357
284 5 21.0 118.7486532758717
284 5 22.0 123.26906484784149
284 5 23.0 156.69241136361404
284 5 24.0 161.38622305702685
284 5 25.0 147.46887192953517
284 5 26.0 126.231853303678
284 5 27.0 118.98620478096298
284 5 28.0 156.65052825525464
284 5 29.0 136.97215624816593
284 5 3.0 155.15871296107412
284 5 30.0 148.24059795222976
284 5 31.0 135.05283989514115
284 5 32.0 129.4589269737083
284 5 33.0 164.32076298612972
284 5 34.0 162.4959591307887
284 5 35.0 131.3133993399947
284 5 36.0 93.05113796834367
284 5 37.0 90.26728886995619
284 5 38.0 93.08803083964123
284 5 39.0 170.45906427838304
284 5 4.0 123.44604815196655
284 5 40.0 136.7969503711219
284 5 41.0 152.4916316541095
284 5 42.0 142.81997833582093
284 5 43.0 108.57255561157656
284 5 44.0 139.4047733232324
284 5 45.0 126.46817836263688
284 5 46.0 136.16953965212113
284 5 47.0 129.9599558723326
284 5 48.0 145.79697343507232
284 5 49.0 105.61446795751453
284 5 5.0 93.06054503514268
284 5 50.0 115.93188618551902
284 5 51.0 154.5627958257223
284 5 52.0 143.79315372576548
284 5 53.0 117.68423205516031
284 5 54.0 109.66238382251994
284 5 55.0 121.59931362303428
284 5 56.0 104.41224007573909
284 5 57.0 133.81628961066838
284 5 58.0 124.47398280429468
284 5 59.0 118.56496462442114
284 5 6.0 96.64808822851451
284 5 60.0 100.8904455455284
284 5 7.0 133.89114457869667
284 5 8.0 113.54249714080876
284 5 9.0 70.96257184289968
284 6 1.0 132.89840531475582
284 6 10.0 93.59371208959524
284 6 11.0 110.29144276924394
284 6 12.0 106.08254460738766
284 6 13.0 146.57776163193608
284 6 14.0 151.9006181779138
284 6 15.0 98.65767877151909
284 6 16.0 177.50296526769895
284 6 17.0 119.39676439463159
284 6 18.0 123.18192053287999
284 6 19.0 75.21356855194225
284 6 2.0 161.83423119797746
284 6 20.0 130.6842045194451
284 6 21.0 112.87968742246268
284 6 22.0 110.99532376782345
284 6 23.0 118.09489240889395
284 6 24.0 76.19275590826014
284 6 25.0 115.52000986781877
284 6 26.0 86.42206687307036
284 6 27.0 152.7040815799064
284 6 28.0 114.24618969796718
284 6 29.0 108.42720356045497
284 6 3.0 96.99022032040061
284 6 30.0 143.66894221404857
284 6 31.0 140.99459060552556
284 6 32.0 142.0535396147064
284 6 33.0 149.39161186945526
284 6 34.0 155.29149329954916
284 6 35.0 111.03023095383556
284 6 36.0 87.04047160516912
284 6 37.0 145.28104724441783
284 6 38.0 91.39319238323418
284 6 39.0 90.1351583790321
284 6 4.0 139.1280984145166
284 6 40.0 114.5496047902356
284 6 41.0 117.28412482060335
284 6 42.0 120.47373632486924
284 6 43.0 115.05769287492842
284 6 44.0 91.28187265273503
284 6 45.0 125.4839310728995
284 6 46.0 87.23852763843894
284 6 47.0 121.7825766028936
284 6 48.0 149.32357263249978
284 6 49.0 127.36905772782352
284 6 5.0 104.90920963359275
284 6 50.0 172.74446533651604
284 6 51.0 160.75486981067044
284 6 52.0 169.6605173559861
284 6 53.0 143.06865252995738
284 6 54.0 119.97308510227683
284 6 55.0 169.7357541779272
284 6 56.0 111.25923436735073
284 6 57.0 133.6507590709354
284 6 58.0 113.51459940285132
284 6 59.0 152.33738012477642
284 6 6.0 122.68491436754903
284 6 60.0 98.29710638888476
284 6 7.0 136.24003817932825
284 6 8.0 137.22102541751295
284 6 9.0 106.1213739781206
285 5 1.0 132.94600461614462
285 5 10.0 87.79469358658818
285 5 11.0 108.77589833961527
285 5 12.0 96.24577169039125
285 5 13.0 94.4754797872319
285 5 14.0 141.19724635826418
285 5 15.0 90.86283965907373
285 5 16.0 144.4882265608309
285 5 17.0 129.85114257590513
285 5 18.0 151.96057292166384
285 5 19.0 115.38034212418911
285 5 2.0 133.09070901755007
285 5 20.0 125.18813018746236
285 5 21.0 127.25962255124054
285 5 22.0 165.75446766458396
285 5 23.0 167.72937213649536
285 5 24.0 136.67583412523678
285 5 25.0 105.23276163335618
285 5 26.0 137.50157162575425
285 5 27.0 158.86816226715283
285 5 28.0 152.92343409452505
285 5 29.0 108.19899992263633
285 5 3.0 103.67598061166781
285 5 30.0 148.1299771229475
285 5 31.0 100.69707649393696
285 5 32.0 137.8207985913717
285 5 33.0 140.07957488644186
285 5 34.0 156.2719831937494
285 5 35.0 172.6004461716162
285 5 36.0 103.08832339273435
285 5 37.0 123.41403136759858
285 5 38.0 85.75950831810071
285 5 39.0 176.03897646477228
285 5 4.0 105.72130470575516
285 5 40.0 140.8443466687343
285 5 41.0 136.06599743295018
285 5 42.0 107.60393859155121
285 5 43.0 130.3240864160949
285 5 44.0 120.81081561814261
285 5 45.0 109.76653581468312
285 5 46.0 131.16141289319577
285 5 47.0 125.53554321279167
285 5 48.0 146.71359047582075
285 5 49.0 154.93448468697417
285 5 5.0 93.97018356055533
285 5 50.0 156.0666766661863
285 5 51.0 126.61417496473274
285 5 52.0 171.50109973932064
285 5 53.0 137.8082300609444
285 5 54.0 100.10206437142494
285 5 55.0 153.89919357562653
285 5 56.0 165.4015705258517
285 5 57.0 111.10818593624924
285 5 58.0 115.81012861495505
285 5 59.0 153.82686920811614
285 5 6.0 118.1300290861738
285 5 60.0 83.82373791672504
285 5 7.0 82.15354108834299
285 5 8.0 114.50814977998161
285 5 9.0 101.62326702023267
285 6 1.0 150.817737043247
285 6 10.0 128.25440641002447
285 6 11.0 88.5221401392979
285 6 12.0 137.67797569547403
285 6 13.0 147.75544492552794
285 6 14.0 95.5766059967182
285 6 15.0 138.0607790949341
285 6 16.0 164.4229826363645
285 6 17.0 75.08980334344925
285 6 18.0 94.27586812708823
285 6 19.0 110.79741587196496
285 6 2.0 91.08587333113098
285 6 20.0 116.71610010807211
285 6 21.0 98.02288517781336
285 6 22.0 160.1675760104986
285 6 23.0 110.52580510054366
285 6 24.0 111.64465398339104
285 6 25.0 67.32144659534526
285 6 26.0 117.39263893755648
285 6 27.0 125.28808138908009
285 6 28.0 125.14436790452285
285 6 29.0 123.7206302770491
285 6 3.0 111.01091618003149
285 6 30.0 103.57836585360084
285 6 31.0 143.32605433297172
285 6 32.0 135.16591553078433
285 6 33.0 149.32879111107258
285 6 34.0 146.93533104701783
285 6 35.0 97.69379133616121
285 6 36.0 104.37402203930583
285 6 37.0 94.82633362601534
285 6 38.0 125.99523655886321
285 6 39.0 121.74937131717263
285 6 4.0 140.6588850516514
285 6 40.0 87.11285278736999
285 6 41.0 96.99632912827754
285 6 42.0 86.98890694024507
285 6 43.0 114.72284799798055
285 6 44.0 145.23508354871635
285 6 45.0 100.57169458734865
285 6 46.0 131.77242747599104
285 6 47.0 102.45574293281076
285 6 48.0 166.5325043915738
285 6 49.0 150.40000845944354
285 6 5.0 134.15544690472973
285 6 50.0 119.63850607768656
285 6 51.0 138.633231488255
285 6 52.0 159.97902526228506
285 6 53.0 97.13403570687088
285 6 54.0 135.98227879833073
285 6 55.0 144.09991612785834
285 6 56.0 143.14593555154087
285 6 57.0 89.98269397351609
285 6 58.0 145.11946942306906
285 6 59.0 161.69318989956423
285 6 6.0 96.53421102346744
285 6 60.0 150.13616117877814
285 6 7.0 136.53759009866954
285 6 8.0 114.05466158499624
285 6 9.0 107.11704462347416
286 5 1.0 138.16062867899117
286 5 10.0 107.05438108996368
286 5 11.0 130.46998020804102
286 5 12.0 104.07744493169888
286 5 13.0 95.6415070420158
286 5 14.0 90.510541423409
286 5 15.0 97.60074012980682
286 5 16.0 150.47839688941616
286 5 17.0 107.47661244597198
286 5 18.0 110.63729413587687
286 5 19.0 118.05959663763178
286 5 2.0 163.24060691307687
286 5 20.0 139.51054253672226
286 5 21.0 117.07825562798075
286 5 22.0 168.02242356464
286 5 23.0 140.90477049724487
286 5 24.0 84.43933621280165
286 5 25.0 86.61572124121922
286 5 26.0 91.73528316200111
286 5 27.0 150.07178522116595
286 5 28.0 117.38986692219636
286 5 29.0 126.67837409794974
286 5 3.0 120.43102231505443
286 5 30.0 130.44038754988253
286 5 31.0 89.71975071237738
286 5 32.0 175.79839845621464
286 5 33.0 139.45222220074842
286 5 34.0 113.96789511785016
286 5 35.0 145.0352951696954
286 5 36.0 126.58702594336194
286 5 37.0 121.94536615299674
286 5 38.0 111.42136011504473
286 5 39.0 169.26839513632635
286 5 4.0 113.24796641553574
286 5 40.0 116.16563074483614
286 5 41.0 144.37430528331765
286 5 42.0 113.37744173462019
286 5 43.0 127.31419705771057
286 5 44.0 128.27679353011297
286 5 45.0 82.56083646691178
286 5 46.0 103.23275901467747
286 5 47.0 168.6538225243585
286 5 48.0 153.36783156113557
286 5 49.0 94.67702939078545
286 5 5.0 133.34156070649524
286 5 50.0 138.6901858897863
286 5 51.0 167.02981682014556
286 5 52.0 166.53267576574885
286 5 53.0 114.46141212268708
286 5 54.0 110.06932180337816
286 5 55.0 130.16634752949312
286 5 56.0 125.42663796032424
286 5 57.0 138.49207415025865
286 5 58.0 143.5699964844349
286 5 59.0 118.00137441787057
286 5 6.0 117.44992512764864
286 5 60.0 99.51253768365983
286 5 7.0 101.97804011836308
286 5 8.0 97.67342632017798
286 5 9.0 137.6992879623324
286 6 1.0 142.31116920079546
286 6 10.0 163.71838232685505
286 6 11.0 130.87811619577712
286 6 12.0 126.30563676609226
286 6 13.0 121.49325164726802
286 6 14.0 136.3365188285007
286 6 15.0 134.66416889051072
286 6 16.0 115.81170339323499
286 6 17.0 122.8175669563561
286 6 18.0 139.71375385841176
286 6 19.0 135.4446263308182
286 6 2.0 139.3276473670586
286 6 20.0 114.20071709551694
286 6 21.0 82.48003106867289
286 6 22.0 135.60102932630807
286 6 23.0 164.70334392525504
286 6 24.0 140.99855643000575
286 6 25.0 77.93126844622492
286 6 26.0 102.06234649929327
286 6 27.0 145.56429320624218
286 6 28.0 168.47766963741276
286 6 29.0 128.74853211903906
286 6 3.0 129.90640879131112
286 6 30.0 119.30544997033522
286 6 31.0 131.9374170276964
286 6 32.0 153.49666775874695
286 6 33.0 127.88942371639956
286 6 34.0 171.418280939819
286 6 35.0 166.0963650993348
286 6 36.0 145.1853278795107
286 6 37.0 122.00985050144713
286 6 38.0 100.46588245157075
286 6 39.0 113.31825081633748
286 6 4.0 165.10188872530915
286 6 40.0 141.61344711820678
286 6 41.0 123.51712394166412
286 6 42.0 121.90847402634527
286 6 43.0 154.51167317714942
286 6 44.0 118.15068178672423
286 6 45.0 164.18275201748216
286 6 46.0 141.23074691405787
286 6 47.0 143.31138209881922
286 6 48.0 118.6453642820764
286 6 49.0 151.62807815928136
286 6 5.0 94.57442768005122
286 6 50.0 152.27515761772634
286 6 51.0 157.17774124062066
286 6 52.0 144.01417968810813
286 6 53.0 93.8839417479423
286 6 54.0 140.74999052799572
286 6 55.0 118.95224673975993
286 6 56.0 130.7464966105375
286 6 57.0 94.6878259298682
286 6 58.0 122.03337485409442
286 6 59.0 138.26147001574176
286 6 6.0 113.91033633498185
286 6 60.0 100.69715203359898
286 6 7.0 159.15315922785712
286 6 8.0 114.45760623017776
286 6 9.0 115.21027456787435
287 5 1.0 117.11066477272286
287 5 10.0 110.98341647707768
287 5 11.0 120.32343498783948
287 5 12.0 133.16185778487056
287 5 13.0 138.68566895309309
287 5 14.0 159.01133323240302
287 5 15.0 88.6828673808722
287 5 16.0 157.23705245679767
287 5 17.0 121.86820471591317
287 5 18.0 107.02119212230541
287 5 19.0 106.85353939673121
287 5 2.0 124.70197791755832
287 5 20.0 97.5167557239896
287 5 21.0 136.55631455078586
287 5 22.0 101.07492108155634
287 5 23.0 119.96647012681389
287 5 24.0 114.35933849023091
287 5 25.0 114.66969866124622
287 5 26.0 144.65135832968738
287 5 27.0 124.12251079788251
287 5 28.0 149.18421783723056
287 5 29.0 153.64500695903192
287 5 3.0 154.7452697080527
287 5 30.0 132.9581270841713
287 5 31.0 135.0213778067368
287 5 32.0 136.6550539091922
287 5 33.0 148.45237238427316
287 5 34.0 146.08963338191157
287 5 35.0 130.5158290307899
287 5 36.0 133.43407072639877
287 5 37.0 124.14917839035228
287 5 38.0 81.99673190907659
287 5 39.0 135.3710624115879
287 5 4.0 138.77912597962097
287 5 40.0 109.14752415178567
287 5 41.0 169.11275796740796
287 5 42.0 132.8644346738636
287 5 43.0 151.15610057950215
287 5 44.0 105.2704418626445
287 5 45.0 100.40829625687176
287 5 46.0 93.27593393025168
287 5 47.0 112.26350839519256
287 5 48.0 127.27966823310555
287 5 49.0 159.21751206274828
287 5 5.0 143.91189731945872
287 5 50.0 108.38402352069434
287 5 51.0 149.65245356701539
287 5 52.0 149.3255749537085
287 5 53.0 123.20473165321641
287 5 54.0 91.32020475379699
287 5 55.0 134.31796592720826
287 5 56.0 143.95951396536256
287 5 57.0 136.63522282974967
287 5 58.0 147.99664386165225
287 5 59.0 115.73581464909351
287 5 6.0 78.14415514319832
287 5 60.0 74.77618540171527
287 5 7.0 109.22099305925745
287 5 8.0 127.00656073032742
287 5 9.0 105.63994431963259
287 6 1.0 148.12734440479434
287 6 10.0 127.60108186542439
287 6 11.0 107.31459907988081
287 6 12.0 150.98648797201193
287 6 13.0 156.8500998656916
287 6 14.0 155.74107249079728
287 6 15.0 127.72725966260195
287 6 16.0 125.28629366928915
287 6 17.0 96.49354116018311
287 6 18.0 122.45690572578219
287 6 19.0 121.84829153079151
287 6 2.0 125.93015939042225
287 6 20.0 84.71923868631217
287 6 21.0 147.43081799697612
287 6 22.0 134.9717544186686
287 6 23.0 95.05905426771174
287 6 24.0 103.91415195956154
287 6 25.0 148.94415007165506
287 6 26.0 99.35001274227692
287 6 27.0 144.72611772779575
287 6 28.0 133.18482513318344
287 6 29.0 86.59168985360382
287 6 3.0 146.31581771590052
287 6 30.0 120.07430445908403
287 6 31.0 86.36652485684021
287 6 32.0 96.70351586520992
287 6 33.0 112.20076887251045
287 6 34.0 111.60020013647602
287 6 35.0 120.45872877483067
287 6 36.0 140.12550297593037
287 6 37.0 127.82321794632414
287 6 38.0 140.19794499906462
287 6 39.0 130.80062711597947
287 6 4.0 151.13973673631884
287 6 40.0 140.06985722276053
287 6 41.0 121.41802270513907
287 6 42.0 132.59198558458172
287 6 43.0 112.42514085420889
287 6 44.0 115.20490797742976
287 6 45.0 162.70588981898933
287 6 46.0 105.08503053982088
287 6 47.0 136.00140306371574
287 6 48.0 121.69690126864067
287 6 49.0 139.2659246960563
287 6 5.0 84.770783953567
287 6 50.0 114.42435235723819
287 6 51.0 168.06210101750477
287 6 52.0 155.3673018365349
287 6 53.0 152.91376278947877
287 6 54.0 83.73831247972825
287 6 55.0 119.24449166564453
287 6 56.0 131.6339860060188
287 6 57.0 66.7255228203472
287 6 58.0 78.14853193513584
287 6 59.0 113.2032995508364
287 6 6.0 126.17144568016089
287 6 60.0 149.95494144915696
287 6 7.0 136.8828951582879
287 6 8.0 159.70637654665208
287 6 9.0 124.74601571969896
288 5 1.0 140.09398426444628
288 5 10.0 138.10284810345803
288 5 11.0 166.23724729858236
288 5 12.0 111.02344732061266
288 5 13.0 121.37959082965857
288 5 14.0 152.74916240990194
288 5 15.0 142.3433269788932
288 5 16.0 124.52371912343217
288 5 17.0 118.1873123369536
288 5 18.0 130.1685059236607
288 5 19.0 109.0277220316843
288 5 2.0 135.19695296740846
288 5 20.0 135.3354144921746
288 5 21.0 140.78485547704673
288 5 22.0 144.56653343257958
288 5 23.0 129.5438976825436
288 5 24.0 133.17193628339282
288 5 25.0 126.67999374637746
288 5 26.0 104.87275913719326
288 5 27.0 130.75549086869228
288 5 28.0 125.12559788661521
288 5 29.0 143.47151381116956
288 5 3.0 170.6062935938987
288 5 30.0 140.90407767423716
288 5 31.0 89.7969469818079
288 5 32.0 138.11298385597522
288 5 33.0 145.32136117615747
288 5 34.0 111.27494502658574
288 5 35.0 96.8556503693761
288 5 36.0 168.48727196189793
288 5 37.0 105.76641613661798
288 5 38.0 78.92901594581177
288 5 39.0 141.48649278566128
288 5 4.0 128.1684485398942
288 5 40.0 84.40895176641595
288 5 41.0 142.72776701282183
288 5 42.0 97.36947932231813
288 5 43.0 140.87676339794854
288 5 44.0 149.33927120489696
288 5 45.0 98.03250668960281
288 5 46.0 88.41095453391044
288 5 47.0 106.27885786077762
288 5 48.0 146.69808379615634
288 5 49.0 145.28452273022415
288 5 5.0 112.21308803687145
288 5 50.0 103.29468973056188
288 5 51.0 178.7841959356029
288 5 52.0 157.7775213640225
288 5 53.0 135.7163571854689
288 5 54.0 122.21894171483399
288 5 55.0 139.00505118301982
288 5 56.0 128.80780132024387
288 5 57.0 106.22575127428287
288 5 58.0 141.32845049387524
288 5 59.0 140.88682516269392
288 5 6.0 134.82922931296915
288 5 60.0 102.71699008671031
288 5 7.0 75.99459292653266
288 5 8.0 107.65352752490702
288 5 9.0 94.46509737747506
288 6 1.0 139.97590999635065
288 6 10.0 130.57058019326442
288 6 11.0 102.00342872916353
288 6 12.0 90.2455264624513
288 6 13.0 133.65522644899636
288 6 14.0 136.85831276722556
288 6 15.0 138.32732460947145
288 6 16.0 128.73204939066716
288 6 17.0 162.59823240885441
288 6 18.0 146.0354284505813
288 6 19.0 145.14303111282973
288 6 2.0 117.16027056217989
288 6 20.0 140.10100514862586
288 6 21.0 129.21694288472136
288 6 22.0 125.49385234364956
288 6 23.0 145.8592749159318
288 6 24.0 143.21367591120205
288 6 25.0 171.9172502345575
288 6 26.0 111.72515377033137
288 6 27.0 121.68404718172044
288 6 28.0 135.0190581120916
288 6 29.0 103.73299877158767
288 6 3.0 139.13913121307152
288 6 30.0 137.94926594146256
288 6 31.0 113.1134337378117
288 6 32.0 106.51929604128503
288 6 33.0 121.91692061077043
288 6 34.0 129.71060637169322
288 6 35.0 118.59030247639997
288 6 36.0 153.37619727495357
288 6 37.0 103.8959101906125
288 6 38.0 151.09208166387566
288 6 39.0 137.06225059662495
288 6 4.0 167.48353278899924
288 6 40.0 98.47115705734865
288 6 41.0 124.14513981484244
288 6 42.0 91.01013480611094
288 6 43.0 122.27146304304542
288 6 44.0 125.76182925451606
288 6 45.0 99.0783992587808
288 6 46.0 104.4394981621359
288 6 47.0 158.6062857726877
288 6 48.0 124.33766039755349
288 6 49.0 101.7857862109839
288 6 5.0 115.56354297913501
288 6 50.0 99.36624788034553
288 6 51.0 139.2605922709251
288 6 52.0 126.26534343193677
288 6 53.0 140.19795518197478
288 6 54.0 74.14354183976947
288 6 55.0 158.69327403991588
288 6 56.0 122.36852644553662
288 6 57.0 100.14474907124324
288 6 58.0 159.91196775041269
288 6 59.0 144.0870815540511
288 6 6.0 115.47001083569724
288 6 60.0 134.40236207215145
288 6 7.0 120.50795719744026
288 6 8.0 108.83407731982645
288 6 9.0 143.24980054255192
289 5 1.0 96.6151142216711
289 5 10.0 154.4741193820798
289 5 11.0 158.66283483600031
289 5 12.0 121.0735052613504
289 5 13.0 125.77390043757731
289 5 14.0 128.3405452358154
289 5 15.0 111.0804332970785
289 5 16.0 113.70477915410864
289 5 17.0 113.44535718284665
289 5 18.0 137.30156823879562
289 5 19.0 140.85001887177074
289 5 2.0 120.25723131654992
289 5 20.0 95.73029780405685
289 5 21.0 122.74303177081869
289 5 22.0 115.10464043977218
289 5 23.0 150.3507945508583
289 5 24.0 88.10320660930947
289 5 25.0 91.7722623323299
289 5 26.0 81.8280970343173
289 5 27.0 143.06359806298215
289 5 28.0 119.97239361310982
289 5 29.0 130.3803423400117
289 5 3.0 133.30992403440294
289 5 30.0 161.87681844994452
289 5 31.0 132.15042912860307
289 5 32.0 156.8385812566888
289 5 33.0 133.60438818181817
289 5 34.0 128.38398046234116
289 5 35.0 87.25014492739618
289 5 36.0 111.84965581564249
289 5 37.0 127.34335354506604
289 5 38.0 87.63624702472644
289 5 39.0 137.90319983392067
289 5 4.0 104.73183246133684
289 5 40.0 127.20555580658855
289 5 41.0 127.41595177996331
289 5 42.0 173.5178228022727
289 5 43.0 110.15748142383104
289 5 44.0 142.61870711956155
289 5 45.0 127.27015270211405
289 5 46.0 90.82318323427944
289 5 47.0 143.59620889075515
289 5 48.0 115.19199164119934
289 5 49.0 138.93809224935583
289 5 5.0 102.34793347593617
289 5 50.0 107.09862694487254
289 5 51.0 157.57271978265638
289 5 52.0 136.9087862628715
289 5 53.0 85.83628375629279
289 5 54.0 130.40002274917222
289 5 55.0 140.95675278951012
289 5 56.0 156.09781923348947
289 5 57.0 104.40115518403326
289 5 58.0 102.5058794316614
289 5 59.0 124.40526351836333
289 5 6.0 156.6836577724984
289 5 60.0 100.43203970634688
289 5 7.0 133.46872762736632
289 5 8.0 121.10639654860269
289 5 9.0 132.2440697625934
289 6 1.0 126.1972603113562
289 6 10.0 150.4864846263701
289 6 11.0 109.8126446006512
289 6 12.0 90.38638366854553
289 6 13.0 108.79553091172495
289 6 14.0 148.02421718920488
289 6 15.0 117.92187509812602
289 6 16.0 94.51765754872412
289 6 17.0 74.13475811438205
289 6 18.0 102.0312372896378
289 6 19.0 104.94337174340892
289 6 2.0 137.63136880415934
289 6 20.0 147.56885057857517
289 6 21.0 109.10640853618817
289 6 22.0 140.00984944780905
289 6 23.0 101.58694829362246
289 6 24.0 87.73383545275401
289 6 25.0 119.21836486995139
289 6 26.0 111.25593450106686
289 6 27.0 108.80407500971832
289 6 28.0 118.96399059391817
289 6 29.0 124.8018160728388
289 6 3.0 127.17127885711383
289 6 30.0 160.7737291290406
289 6 31.0 128.13131520184234
289 6 32.0 139.25508666923457
289 6 33.0 129.03215569252376
289 6 34.0 162.281685390951
289 6 35.0 113.96290572458027
289 6 36.0 118.93740711757458
289 6 37.0 143.62069557873173
289 6 38.0 154.10403769897715
289 6 39.0 115.83734225620171
289 6 4.0 165.8661879310884
289 6 40.0 114.00040353953023
289 6 41.0 106.87365415781693
289 6 42.0 157.39625508470263
289 6 43.0 105.67457291545051
289 6 44.0 102.24677121839945
289 6 45.0 173.92702789129544
289 6 46.0 115.84025578065074
289 6 47.0 118.82498925680505
289 6 48.0 116.67176449091377
289 6 49.0 136.88159296682366
289 6 5.0 111.75766153632722
289 6 50.0 169.48758746641573
289 6 51.0 119.1811402601684
289 6 52.0 122.52317285397149
289 6 53.0 156.90361680244774
289 6 54.0 99.8505547061239
289 6 55.0 145.4080673058641
289 6 56.0 116.09646506635681
289 6 57.0 134.10023258698556
289 6 58.0 127.25969758655451
289 6 59.0 105.89524991297499
289 6 6.0 101.77615489508322
289 6 60.0 111.6199727177792
289 6 7.0 168.5462061926563
289 6 8.0 103.165834942665
289 6 9.0 89.25617147743006
290 5 1.0 148.42835078847955
290 5 10.0 94.09775364211461
290 5 11.0 109.21105694662874
290 5 12.0 120.62499798374118
290 5 13.0 115.22119157348571
290 5 14.0 130.0229081839297
290 5 15.0 165.66109260971206
290 5 16.0 134.09533881908825
290 5 17.0 93.05320954151038
290 5 18.0 107.8615193777113
290 5 19.0 168.79290518898299
290 5 2.0 94.27345190028431
290 5 20.0 112.18990944666767
290 5 21.0 102.9229679915291
290 5 22.0 113.0678432909202
290 5 23.0 105.40785070937544
290 5 24.0 136.40194207538835
290 5 25.0 116.01656760644086
290 5 26.0 118.32262045468718
290 5 27.0 108.32133664082711
290 5 28.0 125.63990921739442
290 5 29.0 148.21346276866677
290 5 3.0 74.73711351221726
290 5 30.0 115.84523745369815
290 5 31.0 121.17425539089908
290 5 32.0 148.6373610845578
290 5 33.0 140.3152605811707
290 5 34.0 142.07887538432746
290 5 35.0 137.71360104925319
290 5 36.0 105.67047721535916
290 5 37.0 106.53427746154391
290 5 38.0 70.68794954269404
290 5 39.0 148.8885135763342
290 5 4.0 130.81035765420154
290 5 40.0 140.73761250647684
290 5 41.0 125.63437772172541
290 5 42.0 86.32699712938708
290 5 43.0 87.47653596562381
290 5 44.0 139.3484305414614
290 5 45.0 123.2615832869595
290 5 46.0 110.57043997515984
290 5 47.0 122.82406103669891
290 5 48.0 144.56328724756472
290 5 49.0 162.65788806366987
290 5 5.0 97.23079396748847
290 5 50.0 169.4759600484616
290 5 51.0 143.1486927183528
290 5 52.0 163.22241122296725
290 5 53.0 157.03978659093968
290 5 54.0 115.19799757423144
290 5 55.0 137.3508525144463
290 5 56.0 140.58124549666206
290 5 57.0 136.74638031798028
290 5 58.0 155.2862336848917
290 5 59.0 161.37437355568431
290 5 6.0 93.33918723235112
290 5 60.0 77.73064393535293
290 5 7.0 96.73763320564935
290 5 8.0 143.92553507810172
290 5 9.0 121.42002029443653
290 6 1.0 119.23108975202649
290 6 10.0 129.51556659138564
290 6 11.0 116.28746514574435
290 6 12.0 117.01839532980647
290 6 13.0 157.8221089984774
290 6 14.0 130.3302192596872
290 6 15.0 123.355485581607
290 6 16.0 141.27876108810662
290 6 17.0 106.23757321956342
290 6 18.0 78.22086802664727
290 6 19.0 139.6393912705082
290 6 2.0 79.69314096782851
290 6 20.0 126.15927251623599
290 6 21.0 175.77562722427817
290 6 22.0 170.97073082151198
290 6 23.0 80.1482904571182
290 6 24.0 148.93572760477704
290 6 25.0 138.9111663496201
290 6 26.0 82.97762464358779
290 6 27.0 121.55098909241882
290 6 28.0 124.49333375097399
290 6 29.0 149.98994562788977
290 6 3.0 141.7205226499707
290 6 30.0 142.90267786628203
290 6 31.0 103.64296091813974
290 6 32.0 136.59064372272368
290 6 33.0 111.92293487644643
290 6 34.0 170.6192623278157
290 6 35.0 123.16775020649841
290 6 36.0 106.66712427390672
290 6 37.0 148.561719929346
290 6 38.0 109.28670763115859
290 6 39.0 91.12109246636435
290 6 4.0 162.25441550917023
290 6 40.0 99.26281353439661
290 6 41.0 135.78640298573586
290 6 42.0 126.39637332850631
290 6 43.0 94.33633138160383
290 6 44.0 115.02332248971555
290 6 45.0 128.6908135681749
290 6 46.0 98.66824734978579
290 6 47.0 112.32064976725361
290 6 48.0 152.82855710395788
290 6 49.0 131.9350990812574
290 6 5.0 128.09909783239095
290 6 50.0 131.70942254073242
290 6 51.0 149.5673229393627
290 6 52.0 139.94304840453194
290 6 53.0 158.78486991691474
290 6 54.0 82.45811527136996
290 6 55.0 134.47686248164237
290 6 56.0 113.60798309258874
290 6 57.0 133.88652095540607
290 6 58.0 72.23286006590918
290 6 59.0 138.01709441673344
290 6 6.0 94.326817615215
290 6 60.0 115.07752849404226
290 6 7.0 161.190312806794
290 6 8.0 109.7772119102357
290 6 9.0 120.15173128641709
291 5 1.0 96.91221413855999
291 5 10.0 98.7682648476461
291 5 11.0 137.96989681849695
291 5 12.0 139.12183759714452
291 5 13.0 128.59434479354968
291 5 14.0 113.68178303013818
291 5 15.0 100.1200258093073
291 5 16.0 129.29486224133512
291 5 17.0 98.99980500246173
291 5 18.0 133.40563146699395
291 5 19.0 153.98472317294838
291 5 2.0 94.17303041787774
291 5 20.0 77.06486088005236
291 5 21.0 104.22103433088256
291 5 22.0 170.85184148631384
291 5 23.0 117.98474281732211
291 5 24.0 91.37270485630194
291 5 25.0 87.82381458921743
291 5 26.0 132.49483223187633
291 5 27.0 97.55857406983728
291 5 28.0 140.46907328871583
291 5 29.0 99.77101824003857
291 5 3.0 137.99664433818705
291 5 30.0 144.72729768278103
291 5 31.0 102.30253887337621
291 5 32.0 113.2286076104177
291 5 33.0 126.87887910137584
291 5 34.0 116.27134812977295
291 5 35.0 140.16585361573667
291 5 36.0 104.6525219982583
291 5 37.0 150.76908103465672
291 5 38.0 90.12062838536119
291 5 39.0 101.95270131024783
291 5 4.0 153.4271377008502
291 5 40.0 113.21585820716743
291 5 41.0 159.7015931219967
291 5 42.0 76.64995392701715
291 5 43.0 141.88020938043584
291 5 44.0 157.88572363077765
291 5 45.0 162.17794658087678
291 5 46.0 144.80008415879925
291 5 47.0 120.18026270754227
291 5 48.0 147.9152636370251
291 5 49.0 141.31595732779218
291 5 5.0 97.01034744878756
291 5 50.0 144.94807847530552
291 5 51.0 135.66973421370503
291 5 52.0 117.76342243162645
291 5 53.0 112.34010700249448
291 5 54.0 101.56903414992242
291 5 55.0 128.8759020782222
291 5 56.0 153.62915530942226
291 5 57.0 101.35665605349574
291 5 58.0 140.7311543463581
291 5 59.0 163.56080566822436
291 5 6.0 93.96444317109494
291 5 60.0 97.54291054532366
291 5 7.0 68.48708683445473
291 5 8.0 136.26775518460323
291 5 9.0 149.46594324199106
291 6 1.0 134.28974886969164
291 6 10.0 147.2925263532911
291 6 11.0 160.73995400380926
291 6 12.0 108.57457935786977
291 6 13.0 170.34899542831477
291 6 14.0 155.07806181942726
291 6 15.0 141.7039420855698
291 6 16.0 169.94539619696283
291 6 17.0 125.19287186457008
291 6 18.0 100.60754187862085
291 6 19.0 130.94658951725455
291 6 2.0 132.9210550700253
291 6 20.0 120.72757454529733
291 6 21.0 145.99986067916547
291 6 22.0 112.58005383885232
291 6 23.0 140.72515601104107
291 6 24.0 99.51803652363822
291 6 25.0 117.9511258537625
291 6 26.0 114.52567400557942
291 6 27.0 146.27784071925464
291 6 28.0 79.06293379944276
291 6 29.0 135.61573967823787
291 6 3.0 137.67243768923638
291 6 30.0 156.95516494465002
291 6 31.0 123.7913835361903
291 6 32.0 113.21290978302245
291 6 33.0 121.92673473565782
291 6 34.0 114.70619788579576
291 6 35.0 118.03275935753015
291 6 36.0 96.86662764484534
291 6 37.0 105.41115006440461
291 6 38.0 142.74404162849314
291 6 39.0 131.60423892627261
291 6 4.0 143.94378349622113
291 6 40.0 95.70438474854855
291 6 41.0 125.78355284733301
291 6 42.0 80.6153747927292
291 6 43.0 93.1735706189367
291 6 44.0 140.36869594256555
291 6 45.0 140.40307837877415
291 6 46.0 93.37537645566492
291 6 47.0 106.59796120715394
291 6 48.0 125.85517400018341
291 6 49.0 156.25778195151992
291 6 5.0 145.03235427933723
291 6 50.0 164.7801044849446
291 6 51.0 171.0854709526911
291 6 52.0 117.75626662148717
291 6 53.0 140.02633446373537
291 6 54.0 87.89066899266074
291 6 55.0 76.23059278255016
291 6 56.0 148.25795850865714
291 6 57.0 77.99832174328698
291 6 58.0 131.91729662320364
291 6 59.0 157.99715884597143
291 6 6.0 136.36128319087607
291 6 60.0 81.88794815283995
291 6 7.0 135.68251558110558
291 6 8.0 143.6054481895022
291 6 9.0 142.78129309649543
292 5 1.0 124.84797242301106
292 5 10.0 79.21834064458722
292 5 11.0 160.22888090263166
292 5 12.0 113.74951805560318
292 5 13.0 158.1820889400668
292 5 14.0 146.5866001110125
292 5 15.0 90.81303055481243
292 5 16.0 129.65084603449856
292 5 17.0 160.90121096859374
292 5 18.0 123.43268329163891
292 5 19.0 94.2564821395621
292 5 2.0 127.63828886982239
292 5 20.0 99.8344329782285
292 5 21.0 144.7471746367844
292 5 22.0 73.68146054066798
292 5 23.0 101.12785953267543
292 5 24.0 95.29075827266867
292 5 25.0 104.46557905798848
292 5 26.0 123.74263899114149
292 5 27.0 174.13231850679546
292 5 28.0 151.1521176326269
292 5 29.0 137.3616416779501
292 5 3.0 110.8047114815698
292 5 30.0 139.33994525418956
292 5 31.0 125.9830169996554
292 5 32.0 128.1773846353591
292 5 33.0 164.41894534771023
292 5 34.0 108.36526151408506
292 5 35.0 108.09597707492048
292 5 36.0 98.32752677714745
292 5 37.0 112.77664675622907
292 5 38.0 80.05805704600343
292 5 39.0 96.18870703635342
292 5 4.0 102.32223739189877
292 5 40.0 127.07186493024071
292 5 41.0 144.72553694828807
292 5 42.0 95.04404916502702
292 5 43.0 108.23270546812597
292 5 44.0 122.63715581134562
292 5 45.0 118.3713043796926
292 5 46.0 109.05638169963551
292 5 47.0 141.2702776143903
292 5 48.0 157.83406591660244
292 5 49.0 156.96737012071938
292 5 5.0 104.38150622629873
292 5 50.0 103.04167090118072
292 5 51.0 133.33443449474188
292 5 52.0 136.22573516732695
292 5 53.0 90.08920831011021
292 5 54.0 99.03491040288712
292 5 55.0 166.253761228835
292 5 56.0 147.08045305810228
292 5 57.0 143.06790541508994
292 5 58.0 156.710180719291
292 5 59.0 153.53382992434757
292 5 6.0 119.91594479213315
292 5 60.0 157.67534317584196
292 5 7.0 91.47639613245647
292 5 8.0 152.49761625314997
292 5 9.0 146.6374694438529
292 6 1.0 143.9857237333789
292 6 10.0 135.5199288105193
292 6 11.0 109.38634856230323
292 6 12.0 123.51883704147139
292 6 13.0 137.1211226145518
292 6 14.0 148.59986943932998
292 6 15.0 173.96097017528723
292 6 16.0 152.74615307474687
292 6 17.0 132.86589377339394
292 6 18.0 70.66545951154728
292 6 19.0 158.14371633597798
292 6 2.0 134.49244212749247
292 6 20.0 137.19606962156652
292 6 21.0 112.3454301891067
292 6 22.0 108.74060057289074
292 6 23.0 154.18712022894908
292 6 24.0 106.27952451754678
292 6 25.0 128.87004147186283
292 6 26.0 91.68364542069648
292 6 27.0 126.73390256878228
292 6 28.0 102.06709380144505
292 6 29.0 134.2725863688818
292 6 3.0 161.14015683195626
292 6 30.0 175.69456243878236
292 6 31.0 98.07955746070738
292 6 32.0 97.31816739226596
292 6 33.0 106.77680064268087
292 6 34.0 104.58990612357852
292 6 35.0 64.49061297965712
292 6 36.0 103.18626043066605
292 6 37.0 111.49096662655245
292 6 38.0 155.52597523152141
292 6 39.0 159.07185995196062
292 6 4.0 148.11594020007593
292 6 40.0 148.90116025276865
292 6 41.0 129.0226644550239
292 6 42.0 108.4966366289394
292 6 43.0 108.47136728782093
292 6 44.0 100.5883020901086
292 6 45.0 140.5770402769225
292 6 46.0 82.94956892663012
292 6 47.0 135.8197191162446
292 6 48.0 135.66170000647662
292 6 49.0 147.62252270031686
292 6 5.0 134.34867968607574
292 6 50.0 131.1421739414707
292 6 51.0 146.96989502753235
292 6 52.0 104.60957645899408
292 6 53.0 122.49639760862622
292 6 54.0 89.2779186603342
292 6 55.0 127.58482682107936
292 6 56.0 100.35210671272068
292 6 57.0 95.13236396488709
292 6 58.0 170.30244457775115
292 6 59.0 119.73530559231803
292 6 6.0 131.61487676109329
292 6 60.0 109.10408302557549
292 6 7.0 138.902822923027
292 6 8.0 157.40235401456192
292 6 9.0 109.19755064754611
293 5 1.0 135.07321589386703
293 5 10.0 107.81800960691024
293 5 11.0 145.9588026704869
293 5 12.0 113.34649847554246
293 5 13.0 126.16077345790343
293 5 14.0 140.42975761945496
293 5 15.0 121.54066205667395
293 5 16.0 123.92106622071172
293 5 17.0 104.56358065587827
293 5 18.0 117.47884130084157
293 5 19.0 155.89222146898993
293 5 2.0 150.82830780625974
293 5 20.0 133.40078013648443
293 5 21.0 121.41388708622151
293 5 22.0 135.10716953332164
293 5 23.0 154.34402232638396
293 5 24.0 77.05497287084115
293 5 25.0 120.00026412817348
293 5 26.0 112.98367531107472
293 5 27.0 130.644229141177
293 5 28.0 152.34351107082043
293 5 29.0 108.43523590705006
293 5 3.0 114.95612568583923
293 5 30.0 114.76352415705716
293 5 31.0 90.93421580644244
293 5 32.0 129.11922487233474
293 5 33.0 140.331542675745
293 5 34.0 102.08609633147866
293 5 35.0 134.7920756949165
293 5 36.0 102.15273582901224
293 5 37.0 130.58790272317307
293 5 38.0 81.69312896765291
293 5 39.0 171.00188997778696
293 5 4.0 142.57193114465815
293 5 40.0 119.19828565394502
293 5 41.0 113.53017874601589
293 5 42.0 124.16691337856297
293 5 43.0 142.58656724393887
293 5 44.0 94.49157872929077
293 5 45.0 96.00887159844676
293 5 46.0 139.42364111466043
293 5 47.0 170.79053117710603
293 5 48.0 174.1080185738812
293 5 49.0 167.2845788277834
293 5 5.0 112.51907554373025
293 5 50.0 77.70001289195204
293 5 51.0 158.98772088111286
293 5 52.0 113.18789425930117
293 5 53.0 113.37688892027901
293 5 54.0 113.50426954964695
293 5 55.0 146.51516839381046
293 5 56.0 140.29308673406723
293 5 57.0 121.70140828475215
293 5 58.0 138.46226168212877
293 5 59.0 135.8648537704145
293 5 6.0 117.55626930851443
293 5 60.0 82.10239533269113
293 5 7.0 140.70081679481373
293 5 8.0 92.07070643219367
293 5 9.0 129.18202051303936
293 6 1.0 120.97208425092651
293 6 10.0 144.1991176256897
293 6 11.0 102.54098036230509
293 6 12.0 137.124482359434
293 6 13.0 145.89100161081086
293 6 14.0 145.11179397671376
293 6 15.0 161.63830985779413
293 6 16.0 124.14140803088878
293 6 17.0 120.49282742336207
293 6 18.0 105.64260956500321
293 6 19.0 115.87976301453686
293 6 2.0 66.64769387940295
293 6 20.0 108.76671157673437
293 6 21.0 135.6483739710289
293 6 22.0 103.68177232077139
293 6 23.0 87.46841615589555
293 6 24.0 95.57470577409026
293 6 25.0 150.41044658178004
293 6 26.0 142.73639659253448
293 6 27.0 99.27287308738578
293 6 28.0 89.3170371749131
293 6 29.0 154.73527813873525
293 6 3.0 83.4795359763496
293 6 30.0 145.36583016095588
293 6 31.0 125.92905919964892
293 6 32.0 127.67895677494921
293 6 33.0 120.98231109750321
293 6 34.0 144.66300374288434
293 6 35.0 88.48468206770217
293 6 36.0 125.9493202892352
293 6 37.0 93.63156065675769
293 6 38.0 108.44932293004632
293 6 39.0 75.3214918529979
293 6 4.0 163.41207440015745
293 6 40.0 151.62531486870847
293 6 41.0 96.03940562976756
293 6 42.0 114.71601104230653
293 6 43.0 110.69265026936438
293 6 44.0 141.0466427337709
293 6 45.0 109.77966985242186
293 6 46.0 111.3484054732018
293 6 47.0 141.85001127668446
293 6 48.0 147.10815510569333
293 6 49.0 112.0693333811801
293 6 5.0 155.28415915926263
293 6 50.0 153.84313717245564
293 6 51.0 124.23479860771998
293 6 52.0 149.26157211584373
293 6 53.0 113.04420802032399
293 6 54.0 104.79830817061786
293 6 55.0 130.38361224570374
293 6 56.0 77.70037576907329
293 6 57.0 137.75076306394587
293 6 58.0 86.21968300229356
293 6 59.0 105.82089888278577
293 6 6.0 171.72689085404085
293 6 60.0 90.86033032562477
293 6 7.0 148.52145608845666
293 6 8.0 108.6577049627494
293 6 9.0 107.41176206783427
294 5 1.0 124.23684967058453
294 5 10.0 117.10581948735947
294 5 11.0 122.40467223588904
294 5 12.0 113.21082782155966
294 5 13.0 142.42684376912743
294 5 14.0 116.05695055085067
294 5 15.0 159.2989058616601
294 5 16.0 106.03096151756549
294 5 17.0 128.93243941241897
294 5 18.0 105.12082168661776
294 5 19.0 152.40842528755076
294 5 2.0 83.8117030472177
294 5 20.0 127.56230438427656
294 5 21.0 100.50296482063398
294 5 22.0 125.83412534126455
294 5 23.0 149.0249290819414
294 5 24.0 141.59357577113735
294 5 25.0 99.56182853274355
294 5 26.0 98.53567778928782
294 5 27.0 128.08705678740012
294 5 28.0 153.14107326237027
294 5 29.0 109.59475764117286
294 5 3.0 109.35911683118705
294 5 30.0 134.66318883684667
294 5 31.0 116.0473977468838
294 5 32.0 156.7662274783177
294 5 33.0 136.0174209639209
294 5 34.0 147.91741709718133
294 5 35.0 133.98360734561027
294 5 36.0 148.84503458238643
294 5 37.0 111.26440268628616
294 5 38.0 74.48660843365919
294 5 39.0 122.91999443058117
294 5 4.0 84.91280861273567
294 5 40.0 95.290278738868
294 5 41.0 170.73925823327755
294 5 42.0 122.34201195083688
294 5 43.0 133.3962765625865
294 5 44.0 100.37934766340072
294 5 45.0 86.6440665881146
294 5 46.0 100.62548992512475
294 5 47.0 140.0215202556015
294 5 48.0 129.23407532473144
294 5 49.0 119.777331553948
294 5 5.0 89.80520484139112
294 5 50.0 170.35563897848886
294 5 51.0 159.3631457205973
294 5 52.0 116.41691106424521
294 5 53.0 147.61460145364123
294 5 54.0 101.88519475961358
294 5 55.0 129.75390904284086
294 5 56.0 118.47967609465968
294 5 57.0 126.33820806781334
294 5 58.0 134.42290403646624
294 5 59.0 174.1625898609622
294 5 6.0 110.43065890649294
294 5 60.0 103.60555334395566
294 5 7.0 123.0338284350307
294 5 8.0 115.12752448178358
294 5 9.0 84.26256817252963
294 6 1.0 143.77709820054304
294 6 10.0 136.9719347820893
294 6 11.0 132.28518957140412
294 6 12.0 96.26058274295764
294 6 13.0 156.18370840610277
294 6 14.0 148.95390260354225
294 6 15.0 121.04544475495547
294 6 16.0 122.25816017464732
294 6 17.0 160.77171113554218
294 6 18.0 149.9815814477422
294 6 19.0 92.74166904634045
294 6 2.0 138.82665876196955
294 6 20.0 94.39265545608636
294 6 21.0 133.1544016298311
294 6 22.0 151.27568467689582
294 6 23.0 146.56606251624999
294 6 24.0 100.83103977052404
294 6 25.0 101.84596641279674
294 6 26.0 107.69928213816083
294 6 27.0 137.5239257466697
294 6 28.0 125.00784210296789
294 6 29.0 146.05014294432763
294 6 3.0 157.74775138083388
294 6 30.0 172.29061388665954
294 6 31.0 102.23355375449572
294 6 32.0 144.546627704917
294 6 33.0 112.63043902367909
294 6 34.0 93.43769073425185
294 6 35.0 149.45593952821176
294 6 36.0 103.69061475415306
294 6 37.0 104.45561449997668
294 6 38.0 128.79720771660547
294 6 39.0 73.29386910309694
294 6 4.0 137.25429946231247
294 6 40.0 132.50292349027498
294 6 41.0 103.28648193047138
294 6 42.0 106.77552105505585
294 6 43.0 92.97581604343969
294 6 44.0 121.92647590065798
294 6 45.0 112.54197885759007
294 6 46.0 141.18031145853857
294 6 47.0 120.30336626768472
294 6 48.0 158.60875501320794
294 6 49.0 109.32549758868389
294 6 5.0 159.17047027105616
294 6 50.0 83.55130949370344
294 6 51.0 111.58088577320292
294 6 52.0 150.89368489218356
294 6 53.0 150.15068746986447
294 6 54.0 110.44671925487592
294 6 55.0 148.09064482638018
294 6 56.0 108.0214745180245
294 6 57.0 99.82780869353779
294 6 58.0 120.60512065365867
294 6 59.0 93.34024255745342
294 6 6.0 148.54385204711284
294 6 60.0 80.85920620996326
294 6 7.0 149.11672657273363
294 6 8.0 88.08514513215759
294 6 9.0 67.42684889727785
295 5 1.0 157.79613945038065
295 5 10.0 95.17595027196991
295 5 11.0 125.2178470236436
295 5 12.0 118.79967167028606
295 5 13.0 113.53323389505796
295 5 14.0 155.93851638976534
295 5 15.0 157.50025237704654
295 5 16.0 114.58307021635481
295 5 17.0 133.2003663547373
295 5 18.0 118.22274774143133
295 5 19.0 114.71466748197084
295 5 2.0 93.33216871187419
295 5 20.0 126.77402066307663
295 5 21.0 134.3012518888175
295 5 22.0 170.75064893112523
295 5 23.0 133.898051783633
295 5 24.0 98.97489838107658
295 5 25.0 116.61572196724522
295 5 26.0 132.1260267765632
295 5 27.0 100.72002076250172
295 5 28.0 168.04935173948053
295 5 29.0 140.8549981497919
295 5 3.0 106.77745604149307
295 5 30.0 117.66391609504304
295 5 31.0 85.89576118398715
295 5 32.0 110.63351427562068
295 5 33.0 89.54821362590798
295 5 34.0 102.02823558926023
295 5 35.0 93.49662679223401
295 5 36.0 126.3313670415396
295 5 37.0 101.35329111837044
295 5 38.0 78.95194234317418
295 5 39.0 167.03439580208067
295 5 4.0 84.14265881636625
295 5 40.0 125.46570944923754
295 5 41.0 164.0313004597754
295 5 42.0 143.66584575131125
295 5 43.0 87.21535964183434
295 5 44.0 122.30742855120347
295 5 45.0 160.23199460136405
295 5 46.0 138.5624645908106
295 5 47.0 156.9241310061737
295 5 48.0 125.87556666119116
295 5 49.0 166.17853009017009
295 5 5.0 114.77270940001601
295 5 50.0 157.90102525178153
295 5 51.0 120.80218427649869
295 5 52.0 133.4619180126667
295 5 53.0 135.21646286347558
295 5 54.0 86.99593139972262
295 5 55.0 127.68708075979795
295 5 56.0 144.80518572690335
295 5 57.0 148.4554988635437
295 5 58.0 152.83155158889082
295 5 59.0 129.29169113272323
295 5 6.0 68.5399810054455
295 5 60.0 99.65338714402621
295 5 7.0 162.66584525155
295 5 8.0 115.54120058687238
295 5 9.0 103.17851610073184
295 6 1.0 135.66231320583813
295 6 10.0 147.64508361631206
295 6 11.0 84.93072063965022
295 6 12.0 158.89702853488018
295 6 13.0 153.59857850022334
295 6 14.0 151.13386630651289
295 6 15.0 104.32459089362354
295 6 16.0 124.06149443592435
295 6 17.0 144.8577213935238
295 6 18.0 129.1369128739621
295 6 19.0 146.00036093231319
295 6 2.0 81.10698034491664
295 6 20.0 123.45892781085969
295 6 21.0 128.72281524514102
295 6 22.0 128.63202579483172
295 6 23.0 119.50987060877291
295 6 24.0 168.99300771228874
295 6 25.0 147.30339010243873
295 6 26.0 96.80788484012434
295 6 27.0 116.56058521707838
295 6 28.0 123.02626973331357
295 6 29.0 119.68754093649092
295 6 3.0 98.79974248983451
295 6 30.0 115.13857295109283
295 6 31.0 100.28354269681346
295 6 32.0 149.85068661897415
295 6 33.0 106.2468745171488
295 6 34.0 149.12257389431616
295 6 35.0 117.64784946508688
295 6 36.0 139.93723051965432
295 6 37.0 123.33404118733395
295 6 38.0 127.42154530361422
295 6 39.0 95.13731595668942
295 6 4.0 136.2266864473955
295 6 40.0 140.05064630079397
295 6 41.0 77.90139248794786
295 6 42.0 133.29984677953524
295 6 43.0 85.4506217539497
295 6 44.0 155.8349382267325
295 6 45.0 148.75797652299963
295 6 46.0 129.37366295947342
295 6 47.0 153.94598961341
295 6 48.0 143.76797315214986
295 6 49.0 101.95934353586003
295 6 5.0 127.5818883993925
295 6 50.0 122.69022305950965
295 6 51.0 143.4710850111172
295 6 52.0 144.28440137429013
295 6 53.0 160.04213850004675
295 6 54.0 112.55127780923456
295 6 55.0 109.42222161396349
295 6 56.0 89.23022956725383
295 6 57.0 112.13300937306254
295 6 58.0 105.2836227464338
295 6 59.0 147.06754957739545
295 6 6.0 135.23856155557414
295 6 60.0 83.14776969051383
295 6 7.0 77.72506545015834
295 6 8.0 111.73843865580109
295 6 9.0 100.16167858853622
296 5 1.0 126.3727984264334
296 5 10.0 115.03095340941951
296 5 11.0 170.3283967365489
296 5 12.0 107.16595639217604
296 5 13.0 96.650307213108
296 5 14.0 172.26990168536236
296 5 15.0 143.35753350289764
296 5 16.0 126.6319572595897
296 5 17.0 170.24851502524427
296 5 18.0 141.0821505814314
296 5 19.0 132.9648587428151
296 5 2.0 133.33522447688605
296 5 20.0 139.73351111275088
296 5 21.0 108.57229175094675
296 5 22.0 143.46324026872102
296 5 23.0 157.51864824364057
296 5 24.0 106.97713540269376
296 5 25.0 102.13112401360516
296 5 26.0 118.34747725814515
296 5 27.0 132.49907780331094
296 5 28.0 170.78035688168205
296 5 29.0 130.97825148532496
296 5 3.0 127.97213711461428
296 5 30.0 120.79023071879773
296 5 31.0 71.03548933468868
296 5 32.0 151.57461774523944
296 5 33.0 85.83389045657854
296 5 34.0 120.87864872778351
296 5 35.0 134.50335357944797
296 5 36.0 100.34232500089807
296 5 37.0 100.85503294122519
296 5 38.0 70.3180643866697
296 5 39.0 120.63822940711366
296 5 4.0 146.68666185572104
296 5 40.0 141.92731329097066
296 5 41.0 116.71954895962156
296 5 42.0 90.7010576275145
296 5 43.0 125.80667429814103
296 5 44.0 130.46699809789516
296 5 45.0 128.74475237710345
296 5 46.0 126.07512140398535
296 5 47.0 97.73651231456876
296 5 48.0 124.77199012171118
296 5 49.0 164.5528066815516
296 5 5.0 146.4306883261402
296 5 50.0 102.13614256318851
296 5 51.0 133.7524749425737
296 5 52.0 166.11858609223836
296 5 53.0 119.65310295727942
296 5 54.0 131.17067991271793
296 5 55.0 127.2492766834506
296 5 56.0 123.08693169061586
296 5 57.0 163.13492038304744
296 5 58.0 175.98843472222612
296 5 59.0 126.0274678892534
296 5 6.0 129.88207387332469
296 5 60.0 115.35195122384431
296 5 7.0 149.01284116461446
296 5 8.0 126.93011443138136
296 5 9.0 70.48297877311816
296 6 1.0 142.4789562769824
296 6 10.0 151.5129732326133
296 6 11.0 107.47114986886562
296 6 12.0 105.12359954143982
296 6 13.0 111.53442166107571
296 6 14.0 116.67116802360627
296 6 15.0 101.2275939812777
296 6 16.0 120.2756439053691
296 6 17.0 119.7309304725423
296 6 18.0 108.27857403918864
296 6 19.0 101.49174876609842
296 6 2.0 151.7621219984126
296 6 20.0 130.0388384279933
296 6 21.0 108.14732717328955
296 6 22.0 154.82441239338783
296 6 23.0 125.42848792400093
296 6 24.0 110.77486416978148
296 6 25.0 90.3516517418737
296 6 26.0 141.50166681665655
296 6 27.0 94.62727729706576
296 6 28.0 132.19067332519435
296 6 29.0 140.9150094910532
296 6 3.0 113.35699419714614
296 6 30.0 168.98597366612407
296 6 31.0 98.3303027279378
296 6 32.0 113.64883010910654
296 6 33.0 108.40474596183908
296 6 34.0 170.74616055583758
296 6 35.0 156.86635199233024
296 6 36.0 140.55016743180883
296 6 37.0 92.19580515069858
296 6 38.0 93.88262905686057
296 6 39.0 156.00967285298418
296 6 4.0 131.67271054945053
296 6 40.0 147.52240803178356
296 6 41.0 102.39714362148997
296 6 42.0 100.03177323546932
296 6 43.0 95.37475996547248
296 6 44.0 120.97188182777265
296 6 45.0 148.41833006672664
296 6 46.0 89.68287133065236
296 6 47.0 114.6621090632607
296 6 48.0 163.40127142601145
296 6 49.0 158.0041083849015
296 6 5.0 123.82895462871907
296 6 50.0 152.0999362230368
296 6 51.0 146.44045263594896
296 6 52.0 166.2671062121529
296 6 53.0 134.51080888173385
296 6 54.0 100.57334423118633
296 6 55.0 151.1032444291774
296 6 56.0 167.1152354201993
296 6 57.0 120.25779211660631
296 6 58.0 120.93582055951943
296 6 59.0 137.6378188694308
296 6 6.0 90.0233847270096
296 6 60.0 90.46610430076771
296 6 7.0 126.29948582894963
296 6 8.0 90.12188042417168
296 6 9.0 151.5652622841187
297 5 1.0 119.75405280526051
297 5 10.0 132.51988255826453
297 5 11.0 141.11995053297184
297 5 12.0 126.55811025263093
297 5 13.0 123.48977714897075
297 5 14.0 156.92478905682972
297 5 15.0 148.59107242463668
297 5 16.0 111.0271029825452
297 5 17.0 134.0233382340207
297 5 18.0 162.4374143957284
297 5 19.0 149.17005566575693
297 5 2.0 100.92985292918371
297 5 20.0 114.56205595218366
297 5 21.0 125.2702209254497
297 5 22.0 142.41152469255846
297 5 23.0 155.943990111497
297 5 24.0 101.18407422852194
297 5 25.0 136.24454091201372
297 5 26.0 108.56324790880937
297 5 27.0 115.11142920516083
297 5 28.0 149.08024461521194
297 5 29.0 164.34369997325615
297 5 3.0 101.94027461657528
297 5 30.0 141.70061749708267
297 5 31.0 101.0000946115676
297 5 32.0 107.19683175647295
297 5 33.0 115.85469217804436
297 5 34.0 110.37700302750777
297 5 35.0 145.91817069992106
297 5 36.0 150.89583664386248
297 5 37.0 98.023401186139
297 5 38.0 102.93660584072317
297 5 39.0 92.9734486836022
297 5 4.0 106.926251122712
297 5 40.0 165.0765872342101
297 5 41.0 115.0498879520762
297 5 42.0 86.2833663530765
297 5 43.0 137.29027412658613
297 5 44.0 160.46537630741295
297 5 45.0 144.15102853131827
297 5 46.0 103.76623235990932
297 5 47.0 150.85903420441892
297 5 48.0 117.43173014170465
297 5 49.0 159.78991410355036
297 5 5.0 102.84691831049166
297 5 50.0 123.80985834981205
297 5 51.0 157.46022981612188
297 5 52.0 169.19374471957028
297 5 53.0 123.3405521301165
297 5 54.0 120.15461908607648
297 5 55.0 137.82116882899422
297 5 56.0 123.37544590535666
297 5 57.0 149.11229609506253
297 5 58.0 166.48128352943115
297 5 59.0 163.32542161759287
297 5 6.0 117.78369411170053
297 5 60.0 69.65886089279094
297 5 7.0 101.51499233836482
297 5 8.0 123.47508220654376
297 5 9.0 96.35450101393592
297 6 1.0 118.31747521483973
297 6 10.0 113.11843191971897
297 6 11.0 126.32204763986604
297 6 12.0 141.87970186722288
297 6 13.0 136.80206556302394
297 6 14.0 120.25939927237081
297 6 15.0 148.49656063890933
297 6 16.0 165.79352610700803
297 6 17.0 88.08303367066854
297 6 18.0 118.7079036090847
297 6 19.0 140.79718249159328
297 6 2.0 122.0921339263516
297 6 20.0 89.66222716933618
297 6 21.0 113.93149110749206
297 6 22.0 157.24916131062096
297 6 23.0 83.48316004405254
297 6 24.0 129.01173756392643
297 6 25.0 128.8624409524838
297 6 26.0 114.68689510946577
297 6 27.0 143.6624464278037
297 6 28.0 106.50965027277705
297 6 29.0 147.45097752781447
297 6 3.0 151.49373783672414
297 6 30.0 101.61884305744344
297 6 31.0 121.29260809060433
297 6 32.0 149.85632075553488
297 6 33.0 130.16405365029948
297 6 34.0 158.60410673599682
297 6 35.0 134.82043837899596
297 6 36.0 117.5723194477103
297 6 37.0 120.72567146649494
297 6 38.0 94.4096240988071
297 6 39.0 91.79375792666477
297 6 4.0 132.2574233134548
297 6 40.0 113.68500211284986
297 6 41.0 103.16227273507253
297 6 42.0 92.07968876228199
297 6 43.0 159.42084465534114
297 6 44.0 161.9813146574169
297 6 45.0 134.02917342047405
297 6 46.0 105.60083322046563
297 6 47.0 144.26332847860635
297 6 48.0 167.63407848130097
297 6 49.0 129.79975777977717
297 6 5.0 107.13574828598
297 6 50.0 145.65380263880405
297 6 51.0 152.26942021380566
297 6 52.0 157.76686567590255
297 6 53.0 176.440952864954
297 6 54.0 109.69169403151201
297 6 55.0 114.44381251737582
297 6 56.0 74.75296150874631
297 6 57.0 123.1709309122208
297 6 58.0 138.50124679624315
297 6 59.0 128.76164731913542
297 6 6.0 97.95555389920531
297 6 60.0 81.0765731440463
297 6 7.0 136.95779237570375
297 6 8.0 103.5104296214772
297 6 9.0 113.62862600289249
298 5 1.0 150.67500714649097
298 5 10.0 113.41044913020076
298 5 11.0 163.04804835876524
298 5 12.0 84.39050706693418
298 5 13.0 90.19466740569733
298 5 14.0 158.4924458542262
298 5 15.0 99.61067381160001
298 5 16.0 116.03982981254772
298 5 17.0 131.204262002866
298 5 18.0 114.13746407444118
298 5 19.0 158.04304142761526
298 5 2.0 101.16776605727262
298 5 20.0 151.33978690344873
298 5 21.0 134.24650940548116
298 5 22.0 121.89123409440576
298 5 23.0 119.93353927755568
298 5 24.0 102.46006519529631
298 5 25.0 87.80735986803197
298 5 26.0 130.34198833649097
298 5 27.0 116.14453856013778
298 5 28.0 107.21931828640155
298 5 29.0 122.12253282187352
298 5 3.0 88.62669316416194
298 5 30.0 156.35665375261908
298 5 31.0 127.12274642983796
298 5 32.0 104.61229824864301
298 5 33.0 78.48119336296942
298 5 34.0 134.17380551740553
298 5 35.0 154.99504669578863
298 5 36.0 173.7284073682999
298 5 37.0 99.25943791624576
298 5 38.0 105.3548949140691
298 5 39.0 112.37917318863565
298 5 4.0 135.00366971368035
298 5 40.0 124.0920274182498
298 5 41.0 115.84377351963417
298 5 42.0 100.57697578706238
298 5 43.0 128.90616555675928
298 5 44.0 112.51949141702244
298 5 45.0 147.01458343581223
298 5 46.0 95.80213013629638
298 5 47.0 165.40922701716147
298 5 48.0 124.50425806598784
298 5 49.0 144.38260100358056
298 5 5.0 100.00045095220193
298 5 50.0 121.56930801863247
298 5 51.0 140.7060990150216
298 5 52.0 172.66390175403546
298 5 53.0 160.40590156901322
298 5 54.0 136.98771506492983
298 5 55.0 92.17632020778369
298 5 56.0 139.77228150430233
298 5 57.0 137.37012393138804
298 5 58.0 135.80097923538275
298 5 59.0 170.5701413023086
298 5 6.0 91.97377990330088
298 5 60.0 81.3367383243339
298 5 7.0 92.1245293868964
298 5 8.0 126.15212066158651
298 5 9.0 167.95640870313454
298 6 1.0 112.39738664314595
298 6 10.0 149.7865114912522
298 6 11.0 101.92006808567501
298 6 12.0 114.82333491262376
298 6 13.0 134.58624819494565
298 6 14.0 80.18064834726113
298 6 15.0 122.90978359150343
298 6 16.0 108.3694642551215
298 6 17.0 87.35250477291338
298 6 18.0 76.19308106798327
298 6 19.0 109.47270098339034
298 6 2.0 139.3692167534942
298 6 20.0 129.85807602895377
298 6 21.0 102.74307888543328
298 6 22.0 109.8045660940799
298 6 23.0 94.66166851580238
298 6 24.0 133.8037143002823
298 6 25.0 142.17007368270313
298 6 26.0 100.25245839491741
298 6 27.0 132.5465914500704
298 6 28.0 120.53115889929282
298 6 29.0 143.89925430168483
298 6 3.0 141.03433221345625
298 6 30.0 154.13577580145417
298 6 31.0 148.54048849396744
298 6 32.0 130.59714299037867
298 6 33.0 84.1592708210648
298 6 34.0 127.8594906313425
298 6 35.0 109.5454971774381
298 6 36.0 148.2632623769568
298 6 37.0 85.7404809749887
298 6 38.0 107.64159770912242
298 6 39.0 153.1955291997528
298 6 4.0 152.53283349915904
298 6 40.0 127.5589689135074
298 6 41.0 97.15461637931959
298 6 42.0 98.77353570632278
298 6 43.0 96.76108766022153
298 6 44.0 161.39161032122635
298 6 45.0 141.4146367977698
298 6 46.0 109.04064534210855
298 6 47.0 127.05769355967571
298 6 48.0 148.14296886089977
298 6 49.0 149.356075540889
298 6 5.0 136.8946584708271
298 6 50.0 144.34235718063223
298 6 51.0 158.21321989482374
298 6 52.0 178.62878410443142
298 6 53.0 173.62558728745338
298 6 54.0 86.7387327495774
298 6 55.0 151.9769490712913
298 6 56.0 115.100383172006
298 6 57.0 113.45464125222323
298 6 58.0 166.50650017917766
298 6 59.0 144.60121920160765
298 6 6.0 115.78656417417511
298 6 60.0 95.74838145064302
298 6 7.0 169.91918664533682
298 6 8.0 135.8605955937619
298 6 9.0 149.1165845429632
299 5 1.0 128.23933203270687
299 5 10.0 91.00087515746525
299 5 11.0 142.72476338620905
299 5 12.0 96.37854511354081
299 5 13.0 136.2875760623093
299 5 14.0 132.62770841846668
299 5 15.0 131.7337058973902
299 5 16.0 144.35788340230488
299 5 17.0 142.78042681328623
299 5 18.0 160.69172255622206
299 5 19.0 158.66802005049422
299 5 2.0 104.19732410559472
299 5 20.0 85.23827962966668
299 5 21.0 150.3884431848722
299 5 22.0 135.51063053414333
299 5 23.0 119.2172720041867
299 5 24.0 109.55631146598381
299 5 25.0 109.33746561303506
299 5 26.0 89.17629072995611
299 5 27.0 120.1146301215539
299 5 28.0 150.4509701854719
299 5 29.0 133.12534418277036
299 5 3.0 82.48787187560494
299 5 30.0 115.23953349131043
299 5 31.0 119.97477227819817
299 5 32.0 103.96314344496172
299 5 33.0 107.40750851202111
299 5 34.0 166.9405836192531
299 5 35.0 132.6963922593089
299 5 36.0 102.42320853783241
299 5 37.0 101.5246724392288
299 5 38.0 102.39031799223083
299 5 39.0 136.98145494526284
299 5 4.0 116.07094183806718
299 5 40.0 104.74229409410775
299 5 41.0 119.42371305176715
299 5 42.0 130.3273594131295
299 5 43.0 116.11728093344348
299 5 44.0 147.71686698154025
299 5 45.0 81.46723166793917
299 5 46.0 111.81347114579724
299 5 47.0 86.56063180247996
299 5 48.0 162.8149705133192
299 5 49.0 129.24576728936398
299 5 5.0 118.33759650460294
299 5 50.0 161.64070472511477
299 5 51.0 162.89026472768018
299 5 52.0 136.92055310517523
299 5 53.0 126.31337335449031
299 5 54.0 113.48228992482917
299 5 55.0 114.25921064264293
299 5 56.0 71.3935686349271
299 5 57.0 134.68981786687004
299 5 58.0 84.74203000459508
299 5 59.0 121.18260466497814
299 5 6.0 109.5938321189984
299 5 60.0 103.8147055304952
299 5 7.0 112.61004538781991
299 5 8.0 93.02672072693233
299 5 9.0 91.44266793793278
299 6 1.0 154.24817703205332
299 6 10.0 99.85068120666531
299 6 11.0 105.90463728867381
299 6 12.0 143.7776626959701
299 6 13.0 142.24298497207522
299 6 14.0 158.7345121905731
299 6 15.0 146.70002619762136
299 6 16.0 157.3534140902865
299 6 17.0 162.58994413359588
299 6 18.0 171.8721179982059
299 6 19.0 103.2700888757443
299 6 2.0 114.81167085074816
299 6 20.0 112.90670648018391
299 6 21.0 97.2730944678263
299 6 22.0 150.3576530886346
299 6 23.0 98.04057675773227
299 6 24.0 133.20083367641718
299 6 25.0 142.19595353573433
299 6 26.0 95.8280116031192
299 6 27.0 128.23619426095917
299 6 28.0 108.53056168978905
299 6 29.0 96.13321451314252
299 6 3.0 119.65069156119938
299 6 30.0 102.71291041286213
299 6 31.0 116.82678809970197
299 6 32.0 144.10979407241598
299 6 33.0 117.72990792602147
299 6 34.0 148.63785583484844
299 6 35.0 95.06541579326162
299 6 36.0 100.79713105891607
299 6 37.0 145.8714439265131
299 6 38.0 97.21762560151889
299 6 39.0 127.88638442235448
299 6 4.0 159.92152825766257
299 6 40.0 99.55817151196165
299 6 41.0 84.69285865660345
299 6 42.0 116.35271898293854
299 6 43.0 108.24704248499177
299 6 44.0 118.09899270102487
299 6 45.0 116.9943399118707
299 6 46.0 92.07991113150852
299 6 47.0 87.18975925173822
299 6 48.0 158.44354998576927
299 6 49.0 141.43500897995233
299 6 5.0 163.0319416448103
299 6 50.0 165.99778842289246
299 6 51.0 113.45207026889994
299 6 52.0 171.40261879919248
299 6 53.0 162.86834587290036
299 6 54.0 99.5879785437682
299 6 55.0 94.22046254456049
299 6 56.0 91.8294808439294
299 6 57.0 102.43908737369303
299 6 58.0 122.45957370466358
299 6 59.0 175.64972073770124
299 6 6.0 109.58241812212137
299 6 60.0 102.22809093106329
299 6 7.0 140.42478084350535
299 6 8.0 114.36223980370946
299 6 9.0 131.68589633729698
300 5 1.0 110.41859084876009
300 5 10.0 98.56600637362035
300 5 11.0 110.12572607587127
300 5 12.0 99.5812502260759
300 5 13.0 157.37004286599833
300 5 14.0 163.853094342039
300 5 15.0 169.27456320838084
300 5 16.0 157.95191640767695
300 5 17.0 141.28334730437362
300 5 18.0 139.9273053599528
300 5 19.0 116.3601132640375
300 5 2.0 107.53976800291687
300 5 20.0 114.70598035300392
300 5 21.0 118.41330438777823
300 5 22.0 92.34262317852583
300 5 23.0 89.4681105619478
300 5 24.0 155.51871009396174
300 5 25.0 103.57080728380953
300 5 26.0 108.87462667768602
300 5 27.0 152.00863487677287
300 5 28.0 120.12140208223047
300 5 29.0 99.10796282072624
300 5 3.0 109.26430769754319
300 5 30.0 139.8614124841265
300 5 31.0 103.3120746389113
300 5 32.0 128.1462275039086
300 5 33.0 159.64517061393502
300 5 34.0 140.37954580141317
300 5 35.0 106.56983417784295
300 5 36.0 124.11438795510128
300 5 37.0 128.5293983998448
300 5 38.0 97.50626239428792
300 5 39.0 111.2550681846165
300 5 4.0 148.69913502080814
300 5 40.0 113.42026599080857
300 5 41.0 148.91001714486077
300 5 42.0 106.56941195701657
300 5 43.0 95.87277970821467
300 5 44.0 153.63627584793156
300 5 45.0 116.5572395778108
300 5 46.0 123.66726635694991
300 5 47.0 137.93531945112608
300 5 48.0 131.51605388354108
300 5 49.0 157.35896615801073
300 5 5.0 101.46701301531576
300 5 50.0 158.86672600721565
300 5 51.0 152.43387702151895
300 5 52.0 133.59516976585155
300 5 53.0 114.96864403779011
300 5 54.0 93.29752186165885
300 5 55.0 175.06855789717167
300 5 56.0 159.6991144381122
300 5 57.0 115.24931998239833
300 5 58.0 105.14945425812316
300 5 59.0 104.38514234099205
300 5 6.0 110.81143395567294
300 5 60.0 86.018526500181
300 5 7.0 158.48129885358952
300 5 8.0 137.95520100301877
300 5 9.0 126.14495384671491
300 6 1.0 83.447430493525
300 6 10.0 115.53716555000142
300 6 11.0 112.47301792282833
300 6 12.0 108.36353768006876
300 6 13.0 140.00247945644256
300 6 14.0 113.00393673042734
300 6 15.0 117.5815953893236
300 6 16.0 127.08551044416073
300 6 17.0 107.54583072622765
300 6 18.0 169.06767877140013
300 6 19.0 128.87978728542527
300 6 2.0 134.26793975155104
300 6 20.0 141.04165097984145
300 6 21.0 109.8552404065034
300 6 22.0 107.5695436224521
300 6 23.0 110.16612039599012
300 6 24.0 79.8321849765986
300 6 25.0 130.08914201474335
300 6 26.0 98.34181976548255
300 6 27.0 100.48121261684356
300 6 28.0 140.98160716081307
300 6 29.0 145.5191137850323
300 6 3.0 148.97160243430037
300 6 30.0 126.41658585244024
300 6 31.0 99.26297106235744
300 6 32.0 144.4621406554415
300 6 33.0 110.62796332466627
300 6 34.0 113.06926318806245
300 6 35.0 116.68651092711602
300 6 36.0 94.14593541423096
300 6 37.0 115.62094017832847
300 6 38.0 110.6527154015868
300 6 39.0 75.39580123581835
300 6 4.0 119.8949377605826
300 6 40.0 145.87345524227206
300 6 41.0 79.65041585145129
300 6 42.0 102.10790051280895
300 6 43.0 100.39393918910032
300 6 44.0 158.54011537375243
300 6 45.0 87.91576363034774
300 6 46.0 115.74167992368324
300 6 47.0 133.26898470157184
300 6 48.0 105.00359559063268
300 6 49.0 165.55912417171555
300 6 5.0 94.95564877656628
300 6 50.0 138.14545557245117
300 6 51.0 105.81258731400672
300 6 52.0 98.2954239431691
300 6 53.0 90.90258679326722
300 6 54.0 151.23976915556253
300 6 55.0 138.7762936241416
300 6 56.0 162.7105448940386
300 6 57.0 150.31459386776106
300 6 58.0 93.32558618904308
300 6 59.0 161.94792963584788
300 6 6.0 163.06381824867242
300 6 60.0 88.51853048455378
300 6 7.0 151.42432779779813
300 6 8.0 94.55886728445785
300 6 9.0 74.81482579470413
301 5 1.0 134.3163389792499
301 5 10.0 94.58881888038488
301 5 11.0 126.65081767065143
301 5 12.0 99.00083385442316
301 5 13.0 112.27997806330308
301 5 14.0 156.98479739612222
301 5 15.0 89.8401512167171
301 5 16.0 121.3791785691896
301 5 17.0 139.67601821935892
301 5 18.0 154.4000237280956
301 5 19.0 136.8532672963056
301 5 2.0 62.41008780575751
301 5 20.0 134.55177874129762
301 5 21.0 165.89407139035134
301 5 22.0 145.708502456023
301 5 23.0 143.59545900651466
301 5 24.0 136.49699223747996
301 5 25.0 101.93778025268678
301 5 26.0 134.19909962501114
301 5 27.0 159.5254280534733
301 5 28.0 125.09683947957545
301 5 29.0 103.88661436664849
301 5 3.0 144.81088594304921
301 5 30.0 116.90069044595991
301 5 31.0 106.00002736644454
301 5 32.0 156.81527403187678
301 5 33.0 124.2890247329485
301 5 34.0 97.12870856057415
301 5 35.0 118.62703783948001
301 5 36.0 100.65358096257343
301 5 37.0 114.42249585075795
301 5 38.0 114.30321656177448
301 5 39.0 116.50714900449009
301 5 4.0 148.3633330064169
301 5 40.0 147.2481957501948
301 5 41.0 153.42891727934594
301 5 42.0 95.02958924094169
301 5 43.0 141.18566332235386
301 5 44.0 110.65007055908083
301 5 45.0 141.31129253339884
301 5 46.0 133.29652487872673
301 5 47.0 152.32848612812668
301 5 48.0 133.9305049288878
301 5 49.0 135.40967351295026
301 5 5.0 92.02612383837094
301 5 50.0 115.8416673791743
301 5 51.0 168.8872173587217
301 5 52.0 158.78833550106637
301 5 53.0 133.50662236471902
301 5 54.0 112.52104130893228
301 5 55.0 118.45346969292532
301 5 56.0 142.26324606825378
301 5 57.0 95.31584098699558
301 5 58.0 98.35168277075763
301 5 59.0 113.67916968073561
301 5 6.0 110.5637659535833
301 5 60.0 98.69977353952805
301 5 7.0 147.39566155071492
301 5 8.0 126.0905881959288
301 5 9.0 89.63075041550655
301 6 1.0 153.04550149110608
301 6 10.0 90.16368241949259
301 6 11.0 109.31781886531716
301 6 12.0 150.94281966291638
301 6 13.0 144.98920975946683
301 6 14.0 134.75940486397656
301 6 15.0 80.93172387799602
301 6 16.0 144.846539428268
301 6 17.0 124.35384765574729
301 6 18.0 140.34591424917664
301 6 19.0 77.26178387760372
301 6 2.0 91.29447484706957
301 6 20.0 107.07052286883733
301 6 21.0 100.4913481711907
301 6 22.0 126.0057027336049
301 6 23.0 70.09486907289116
301 6 24.0 117.50732334383328
301 6 25.0 128.77725702031296
301 6 26.0 118.31323688755295
301 6 27.0 123.2914778412844
301 6 28.0 109.78795534181984
301 6 29.0 86.72381484682101
301 6 3.0 160.2844980830805
301 6 30.0 131.35779050397142
301 6 31.0 155.23494325901018
301 6 32.0 110.05070183634724
301 6 33.0 143.70733997450887
301 6 34.0 140.20049466319307
301 6 35.0 125.3393352897176
301 6 36.0 124.04222849947337
301 6 37.0 96.2978841601904
301 6 38.0 96.6649621501606
301 6 39.0 79.88438771631434
301 6 4.0 122.97262753601443
301 6 40.0 120.80746265596038
301 6 41.0 94.35507906273388
301 6 42.0 102.25066548602234
301 6 43.0 114.24754660017018
301 6 44.0 141.5346588070462
301 6 45.0 136.55983707349816
301 6 46.0 108.76689605092932
301 6 47.0 120.83411352507336
301 6 48.0 111.70896627375419
301 6 49.0 109.7297147454135
301 6 5.0 137.27246718645793
301 6 50.0 118.87032123568629
301 6 51.0 92.38501140312967
301 6 52.0 119.64999368248883
301 6 53.0 156.4922334187744
301 6 54.0 96.62736918548647
301 6 55.0 127.72714305471274
301 6 56.0 173.1350405932897
301 6 57.0 115.02545040078822
301 6 58.0 130.9682563894425
301 6 59.0 171.22852587561488
301 6 6.0 168.08984972235612
301 6 60.0 80.85912924203981
301 6 7.0 117.14581862717142
301 6 8.0 132.87094872446264
301 6 9.0 138.3797359449979
302 5 1.0 158.84125327813626
302 5 10.0 99.73179244195391
302 5 11.0 157.55128667989183
302 5 12.0 144.88184292679102
302 5 13.0 119.75323510459201
302 5 14.0 163.45920225267096
302 5 15.0 109.5577205709116
302 5 16.0 156.7896424349934
302 5 17.0 111.13316176560922
302 5 18.0 70.3481626691364
302 5 19.0 103.97122820565751
302 5 2.0 137.81707143002893
302 5 20.0 129.2198281676033
302 5 21.0 146.41294871187856
302 5 22.0 118.47698458785662
302 5 23.0 72.15654210330237
302 5 24.0 119.09081795438462
302 5 25.0 97.18786913415613
302 5 26.0 122.17886013994517
302 5 27.0 141.9289303999532
302 5 28.0 145.96778262472327
302 5 29.0 137.0704801896737
302 5 3.0 105.69150233191777
302 5 30.0 159.9796122456443
302 5 31.0 109.0526949048859
302 5 32.0 138.7359091577003
302 5 33.0 121.76010925977687
302 5 34.0 146.9735063479059
302 5 35.0 150.8031799268736
302 5 36.0 108.3948334943478
302 5 37.0 137.05594961109546
302 5 38.0 117.00429847794655
302 5 39.0 119.25352831768657
302 5 4.0 106.49550986986422
302 5 40.0 111.94790262656439
302 5 41.0 169.2868834456043
302 5 42.0 95.10562965311017
302 5 43.0 153.83334789483968
302 5 44.0 116.49382346279849
302 5 45.0 106.30523547269135
302 5 46.0 111.21218913494144
302 5 47.0 176.26077693803074
302 5 48.0 151.3958281192311
302 5 49.0 141.3444533290935
302 5 5.0 80.34116120590855
302 5 50.0 129.02257203024254
302 5 51.0 130.95434156616653
302 5 52.0 143.33357980155768
302 5 53.0 131.04014030828858
302 5 54.0 149.56499375784054
302 5 55.0 155.60559768042776
302 5 56.0 146.2323815664427
302 5 57.0 99.59625172647185
302 5 58.0 141.2628232348186
302 5 59.0 108.65589931930492
302 5 6.0 74.38069894071388
302 5 60.0 138.34271411718836
302 5 7.0 94.57165826532339
302 5 8.0 152.13463918944458
302 5 9.0 114.54669348011396
302 6 1.0 126.55593122242522
302 6 10.0 122.20376979912093
302 6 11.0 133.67095550157086
302 6 12.0 86.98929738981045
302 6 13.0 98.17075954472651
302 6 14.0 141.39420007665265
302 6 15.0 119.8676057762934
302 6 16.0 128.6089169222597
302 6 17.0 130.96028069562402
302 6 18.0 81.19512172476061
302 6 19.0 132.7613625193077
302 6 2.0 81.15447386576825
302 6 20.0 165.05550132051843
302 6 21.0 143.80538652565443
302 6 22.0 132.36523094167785
302 6 23.0 106.56710279396204
302 6 24.0 132.3548703963749
302 6 25.0 126.42020186220796
302 6 26.0 101.46390415261585
302 6 27.0 143.8630939824568
302 6 28.0 113.33155591757821
302 6 29.0 120.93214291212581
302 6 3.0 118.12378552386905
302 6 30.0 96.72339610034703
302 6 31.0 118.34481613468228
302 6 32.0 124.18488226398946
302 6 33.0 123.04257211043664
302 6 34.0 96.45062779566285
302 6 35.0 130.4262683639702
302 6 36.0 170.42121852567047
302 6 37.0 101.82078547658492
302 6 38.0 136.7047428195347
302 6 39.0 105.0161003791953
302 6 4.0 105.00831247550262
302 6 40.0 102.96032597374719
302 6 41.0 134.7670370941083
302 6 42.0 126.89228707078014
302 6 43.0 148.96325056048377
302 6 44.0 142.2160206906106
302 6 45.0 132.67442926070063
302 6 46.0 97.03019384515204
302 6 47.0 121.52519690313727
302 6 48.0 114.12269376981261
302 6 49.0 123.04939165680945
302 6 5.0 110.0888026715161
302 6 50.0 136.7295349916325
302 6 51.0 101.98224674610778
302 6 52.0 125.6304646039018
302 6 53.0 97.45374481839319
302 6 54.0 155.30695999120596
302 6 55.0 132.5324818249777
302 6 56.0 115.8104596803628
302 6 57.0 160.4001580191756
302 6 58.0 162.87007677798667
302 6 59.0 133.6845579091359
302 6 6.0 94.85468086840001
302 6 60.0 93.23154303955161
302 6 7.0 144.69878473116125
302 6 8.0 127.10968690022665
302 6 9.0 97.52738875425948
303 5 1.0 150.6334663882015
303 5 10.0 116.92068422071819
303 5 11.0 126.59248428482726
303 5 12.0 111.37991383752606
303 5 13.0 92.10649511825127
303 5 14.0 93.92655679373041
303 5 15.0 151.04421492100036
303 5 16.0 158.66297852364096
303 5 17.0 163.53973301453036
303 5 18.0 152.32582904714855
303 5 19.0 142.06621257728682
303 5 2.0 165.79011920631464
303 5 20.0 128.45340748470662
303 5 21.0 160.39996535200746
303 5 22.0 137.33740885991423
303 5 23.0 80.59170739843265
303 5 24.0 102.75977413135953
303 5 25.0 78.78352198209399
303 5 26.0 146.48033687794876
303 5 27.0 141.37839847274492
303 5 28.0 132.45737158216022
303 5 29.0 129.0882876606738
303 5 3.0 89.25449266302749
303 5 30.0 167.593904124113
303 5 31.0 128.54860089878494
303 5 32.0 153.49980858808792
303 5 33.0 100.12969392756628
303 5 34.0 111.31228414997842
303 5 35.0 161.80143545182145
303 5 36.0 119.95248572986814
303 5 37.0 102.8580668017274
303 5 38.0 82.12895243325825
303 5 39.0 114.31212699992638
303 5 4.0 127.92958863564375
303 5 40.0 107.70523881127518
303 5 41.0 107.90992907081348
303 5 42.0 122.18876502292218
303 5 43.0 134.74976861841165
303 5 44.0 97.40335654602309
303 5 45.0 115.01931585675621
303 5 46.0 124.63085931607885
303 5 47.0 125.54301408722652
303 5 48.0 126.21530763145493
303 5 49.0 134.18555099321273
303 5 5.0 128.25328343987132
303 5 50.0 152.61481300939056
303 5 51.0 131.09962517359935
303 5 52.0 108.14245097401967
303 5 53.0 120.38497907319005
303 5 54.0 160.1637882546018
303 5 55.0 144.03534282013408
303 5 56.0 105.29240340695681
303 5 57.0 122.87546817580686
303 5 58.0 137.72057793824604
303 5 59.0 80.39718876203122
303 5 6.0 124.0776318649748
303 5 60.0 84.27550896447887
303 5 7.0 144.76039137862244
303 5 8.0 127.24040301662428
303 5 9.0 121.08041233624783
303 6 1.0 137.88318024404035
303 6 10.0 162.40826793925567
303 6 11.0 70.3320655965931
303 6 12.0 138.52457581137224
303 6 13.0 139.41406156475503
303 6 14.0 143.32610632682162
303 6 15.0 140.16421760514743
303 6 16.0 138.40868070884267
303 6 17.0 125.77402028241248
303 6 18.0 160.01676046379484
303 6 19.0 118.83506777185451
303 6 2.0 131.75026642237498
303 6 20.0 157.51711651173824
303 6 21.0 106.020861573643
303 6 22.0 111.9391656477557
303 6 23.0 124.6501071023359
303 6 24.0 126.66812238247452
303 6 25.0 128.36556130035416
303 6 26.0 96.85863503870081
303 6 27.0 154.8021625940901
303 6 28.0 135.03494242617694
303 6 29.0 119.20199136973513
303 6 3.0 154.54659899435794
303 6 30.0 134.4760984835037
303 6 31.0 133.03320212156825
303 6 32.0 141.41215445393976
303 6 33.0 127.1328644628068
303 6 34.0 151.59974951672856
303 6 35.0 73.65578785187422
303 6 36.0 130.6278971876423
303 6 37.0 112.81278263176176
303 6 38.0 80.09314362282848
303 6 39.0 125.23577544443732
303 6 4.0 152.9633746005092
303 6 40.0 136.02598575413563
303 6 41.0 121.05052385783799
303 6 42.0 134.96056095143328
303 6 43.0 126.6563387363638
303 6 44.0 117.05694062759298
303 6 45.0 125.08653430706354
303 6 46.0 98.23726946848608
303 6 47.0 146.37608008017568
303 6 48.0 155.9323192938055
303 6 49.0 97.31354636532247
303 6 5.0 146.60216091964386
303 6 50.0 111.97619183346667
303 6 51.0 171.10568937650078
303 6 52.0 115.48244693775388
303 6 53.0 127.47811361361175
303 6 54.0 170.61362340297876
303 6 55.0 99.12330683412178
303 6 56.0 89.61820734714301
303 6 57.0 98.32536704825277
303 6 58.0 93.7542921764786
303 6 59.0 146.07529105299938
303 6 6.0 138.99126342082573
303 6 60.0 72.70606992198897
303 6 7.0 147.52984265469695
303 6 8.0 113.44673957034728
303 6 9.0 82.38486387485732
304 5 1.0 145.7356997903297
304 5 10.0 70.87757485704941
304 5 11.0 153.42581864194585
304 5 12.0 111.16925100835923
304 5 13.0 125.23080232190027
304 5 14.0 114.668493246997
304 5 15.0 150.85782810409583
304 5 16.0 158.9368911913222
304 5 17.0 99.94388271822505
304 5 18.0 160.03034505500162
304 5 19.0 111.98068075348883
304 5 2.0 133.73170561824094
304 5 20.0 135.6156327242726
304 5 21.0 115.09131384194832
304 5 22.0 143.97713114476102
304 5 23.0 110.9884314575986
304 5 24.0 98.92135483159593
304 5 25.0 126.4386592570341
304 5 26.0 89.91055549673659
304 5 27.0 155.69400737761168
304 5 28.0 100.06035614319659
304 5 29.0 134.64117726694823
304 5 3.0 151.67082100984018
304 5 30.0 150.68238654107407
304 5 31.0 72.3254682817855
304 5 32.0 127.44763164133705
304 5 33.0 116.74746132634137
304 5 34.0 142.00100464124372
304 5 35.0 114.92670196012831
304 5 36.0 144.99725992472958
304 5 37.0 122.04179484664553
304 5 38.0 114.3070499694842
304 5 39.0 111.24984380309432
304 5 4.0 101.22168241844894
304 5 40.0 116.92385463083816
304 5 41.0 136.78319866368548
304 5 42.0 121.65343152528449
304 5 43.0 161.686733121969
304 5 44.0 141.2706547282772
304 5 45.0 100.33125055970507
304 5 46.0 135.55625042969524
304 5 47.0 114.5224757190763
304 5 48.0 94.85648707194491
304 5 49.0 149.1313953015228
304 5 5.0 130.6355024173583
304 5 50.0 117.93490179004422
304 5 51.0 97.81090836130801
304 5 52.0 143.6862836112536
304 5 53.0 123.92941419411244
304 5 54.0 86.90442229734313
304 5 55.0 171.56957777933042
304 5 56.0 119.89020406835338
304 5 57.0 147.5827510884491
304 5 58.0 130.88583198533848
304 5 59.0 134.26680844233684
304 5 6.0 81.35914481916954
304 5 60.0 104.52368577725203
304 5 7.0 91.69129221153236
304 5 8.0 99.32484955656872
304 5 9.0 94.55553392905676
304 6 1.0 139.64909658260132
304 6 10.0 152.52321269378405
304 6 11.0 123.3728387119759
304 6 12.0 107.63418205209746
304 6 13.0 149.98980071021253
304 6 14.0 123.01488606779992
304 6 15.0 130.27365372389355
304 6 16.0 164.30839061687203
304 6 17.0 174.5895324051057
304 6 18.0 112.15802947955956
304 6 19.0 73.88236906027922
304 6 2.0 123.54664768199594
304 6 20.0 111.63180999404581
304 6 21.0 114.72983630146113
304 6 22.0 119.38991962418207
304 6 23.0 156.6773431206164
304 6 24.0 76.14873934862045
304 6 25.0 134.06657882962435
304 6 26.0 100.97585727218421
304 6 27.0 113.5785143493488
304 6 28.0 139.4212310713975
304 6 29.0 88.69970956600142
304 6 3.0 118.32782525460647
304 6 30.0 149.9522344260123
304 6 31.0 121.265037019416
304 6 32.0 138.61723000731223
304 6 33.0 145.85108076500464
304 6 34.0 141.11406292831515
304 6 35.0 105.99713961083208
304 6 36.0 159.6038826043857
304 6 37.0 121.99563737605872
304 6 38.0 108.00562994143519
304 6 39.0 144.0214467827864
304 6 4.0 117.44811180899798
304 6 40.0 106.9980017305468
304 6 41.0 106.69513734173599
304 6 42.0 92.41246385739808
304 6 43.0 88.46093111529088
304 6 44.0 153.46786046960764
304 6 45.0 97.460995937529
304 6 46.0 111.09994311629167
304 6 47.0 150.17084531657045
304 6 48.0 116.01470722495294
304 6 49.0 77.11754224484415
304 6 5.0 143.75767594147285
304 6 50.0 110.98967467752611
304 6 51.0 118.41843566397199
304 6 52.0 149.16005536464414
304 6 53.0 136.37132700268398
304 6 54.0 88.19796330790611
304 6 55.0 140.44000255829707
304 6 56.0 88.91696610645701
304 6 57.0 131.80280714950922
304 6 58.0 137.06576483977256
304 6 59.0 123.97558805388151
304 6 6.0 138.68298016536943
304 6 60.0 79.91944916426318
304 6 7.0 114.90489674780034
304 6 8.0 155.10274492141568
304 6 9.0 153.9392920872484
305 5 1.0 115.2989267815813
305 5 10.0 66.08017361592125
305 5 11.0 140.71539352828447
305 5 12.0 118.3701206431678
305 5 13.0 120.38216087320976
305 5 14.0 111.27926912614774
305 5 15.0 139.69757165991962
305 5 16.0 154.7916447260702
305 5 17.0 107.5704366485304
305 5 18.0 142.9175810138422
305 5 19.0 170.25358321538542
305 5 2.0 85.59014714262507
305 5 20.0 87.91353930681414
305 5 21.0 142.2198861817322
305 5 22.0 121.8926912377196
305 5 23.0 148.87508609671747
305 5 24.0 129.52985369018634
305 5 25.0 84.195605635796
305 5 26.0 164.36433362937686
305 5 27.0 137.87990388134816
305 5 28.0 132.30799723206863
305 5 29.0 132.3993583302239
305 5 3.0 123.99923061809864
305 5 30.0 104.91928631989123
305 5 31.0 113.66556205367245
305 5 32.0 139.95429967185578
305 5 33.0 129.7383144352383
305 5 34.0 138.71041239575717
305 5 35.0 126.3383114755965
305 5 36.0 129.7872120852007
305 5 37.0 107.52394478931583
305 5 38.0 90.24092517955893
305 5 39.0 116.24576092473013
305 5 4.0 133.25423094474286
305 5 40.0 143.6872193442178
305 5 41.0 84.10316040225345
305 5 42.0 94.84029840506139
305 5 43.0 109.82224363109293
305 5 44.0 145.58672211069384
305 5 45.0 147.64277961944268
305 5 46.0 166.62696404135156
305 5 47.0 117.63771187528167
305 5 48.0 141.0129606825136
305 5 49.0 137.52951127492324
305 5 5.0 163.59464086906144
305 5 50.0 100.46396135644636
305 5 51.0 147.62829583841344
305 5 52.0 161.92747154334208
305 5 53.0 160.28238590060596
305 5 54.0 134.0678128592725
305 5 55.0 95.34659089940992
305 5 56.0 120.70746386083357
305 5 57.0 159.26339688712892
305 5 58.0 126.40088731889777
305 5 59.0 139.37283163000905
305 5 6.0 137.29141414764462
305 5 60.0 97.76753813749792
305 5 7.0 147.75061305175214
305 5 8.0 152.514377759201
305 5 9.0 136.1116106984513
305 6 1.0 111.75241820423176
305 6 10.0 97.98785212884539
305 6 11.0 116.34256033906138
305 6 12.0 155.66163234024972
305 6 13.0 133.54392845028804
305 6 14.0 112.445527486218
305 6 15.0 135.1788256733851
305 6 16.0 132.29182070887404
305 6 17.0 93.49915496272675
305 6 18.0 121.55921660522185
305 6 19.0 146.64964752606772
305 6 2.0 151.2301685419135
305 6 20.0 154.71296472880266
305 6 21.0 66.41503602056609
305 6 22.0 131.81840621186217
305 6 23.0 136.33966641913915
305 6 24.0 105.98065474382207
305 6 25.0 145.1866091301166
305 6 26.0 103.6730854433242
305 6 27.0 160.6013432517291
305 6 28.0 104.86820969572683
305 6 29.0 109.53142823806606
305 6 3.0 142.89231160921426
305 6 30.0 150.17663815795345
305 6 31.0 137.07020463288356
305 6 32.0 125.57797052486828
305 6 33.0 121.40193342582376
305 6 34.0 176.31392297037007
305 6 35.0 144.6036874447686
305 6 36.0 100.77162842603795
305 6 37.0 150.50726040224856
305 6 38.0 97.14196924332289
305 6 39.0 123.79937271804457
305 6 4.0 132.43963838697053
305 6 40.0 135.2546098950488
305 6 41.0 123.02378464136636
305 6 42.0 132.3626984485243
305 6 43.0 115.33718964645195
305 6 44.0 105.58493800634793
305 6 45.0 123.07986594678097
305 6 46.0 103.96864237665952
305 6 47.0 133.32187332078078
305 6 48.0 144.14785244451306
305 6 49.0 77.57180048662283
305 6 5.0 167.63680684576627
305 6 50.0 103.69190630907168
305 6 51.0 124.45199761076292
305 6 52.0 147.15631784090561
305 6 53.0 98.35483591604088
305 6 54.0 120.89590584599625
305 6 55.0 111.92840838238692
305 6 56.0 112.74945819687079
305 6 57.0 102.79537812634776
305 6 58.0 153.7526951949377
305 6 59.0 151.4956482174673
305 6 6.0 99.21758029039073
305 6 60.0 139.03548857448453
305 6 7.0 92.1100725973705
305 6 8.0 161.33805334621786
305 6 9.0 92.59844596966488
306 5 1.0 132.65335664887482
306 5 10.0 108.34816903459237
306 5 11.0 84.45178054569958
306 5 12.0 98.34610793830494
306 5 13.0 103.66155852031048
306 5 14.0 137.6939764399259
306 5 15.0 157.40800717893143
306 5 16.0 144.63733356529067
306 5 17.0 150.69794870939964
306 5 18.0 165.9756003165854
306 5 19.0 169.6367574701761
306 5 2.0 83.80876848114549
306 5 20.0 159.00330094905814
306 5 21.0 114.39910410687074
306 5 22.0 148.0988917369743
306 5 23.0 151.5860493986655
306 5 24.0 174.52651535480462
306 5 25.0 101.722397301728
306 5 26.0 138.545451839138
306 5 27.0 163.51580290948218
306 5 28.0 142.72668644856915
306 5 29.0 90.02309631532738
306 5 3.0 98.07505662089747
306 5 30.0 123.36959274627237
306 5 31.0 82.24478727988446
306 5 32.0 118.50247552942741
306 5 33.0 142.502282817092
306 5 34.0 150.5251669153166
306 5 35.0 162.53382245483232
306 5 36.0 152.1069938131381
306 5 37.0 121.5713955551585
306 5 38.0 106.04443071596259
306 5 39.0 109.61391520685662
306 5 4.0 113.03272110645742
306 5 40.0 117.59524658713867
306 5 41.0 173.63679438858458
306 5 42.0 79.18766388941121
306 5 43.0 155.07490340193579
306 5 44.0 144.0629932468263
306 5 45.0 85.6999955060812
306 5 46.0 126.21509466076256
306 5 47.0 140.28239814995976
306 5 48.0 148.58326618373667
306 5 49.0 122.1931897043682
306 5 5.0 157.36169779141164
306 5 50.0 130.82891812060456
306 5 51.0 154.4509060694094
306 5 52.0 118.95386641900717
306 5 53.0 110.9196862068444
306 5 54.0 88.4445550022491
306 5 55.0 135.48843452620886
306 5 56.0 98.77978597671992
306 5 57.0 114.3970988266663
306 5 58.0 128.32982250428364
306 5 59.0 126.14994210874339
306 5 6.0 109.77771069876754
306 5 60.0 80.18717852364435
306 5 7.0 86.3060915054214
306 5 8.0 115.60798112413659
306 5 9.0 92.25400300091627
306 6 1.0 154.52445690391133
306 6 10.0 107.52270795698928
306 6 11.0 120.81589854415425
306 6 12.0 111.95233486626218
306 6 13.0 134.73755019865737
306 6 14.0 143.44279147939974
306 6 15.0 107.82953130110353
306 6 16.0 99.50308643312312
306 6 17.0 90.73726954936008
306 6 18.0 79.15194627043952
306 6 19.0 143.46289412827454
306 6 2.0 169.8683072784975
306 6 20.0 142.58282290289262
306 6 21.0 149.2302358035683
306 6 22.0 99.73159268960782
306 6 23.0 82.55056845980269
306 6 24.0 82.04558265947112
306 6 25.0 126.74376494364375
306 6 26.0 107.73103423864406
306 6 27.0 130.8899340289541
306 6 28.0 123.04283103353315
306 6 29.0 104.97217543181316
306 6 3.0 149.799602599849
306 6 30.0 95.66591262980572
306 6 31.0 162.72771742157005
306 6 32.0 140.15855612816557
306 6 33.0 98.97172895567087
306 6 34.0 146.7872293626399
306 6 35.0 102.26093877313744
306 6 36.0 101.1249796181002
306 6 37.0 156.28877320563504
306 6 38.0 96.42134030046581
306 6 39.0 166.68893318003413
306 6 4.0 136.26406126760108
306 6 40.0 135.75959147440463
306 6 41.0 101.63764897641991
306 6 42.0 133.60341227076967
306 6 43.0 113.13295707751567
306 6 44.0 145.13111226169022
306 6 45.0 137.06582205451386
306 6 46.0 91.51228841415855
306 6 47.0 136.34855329752057
306 6 48.0 126.63450589126649
306 6 49.0 121.2613412138284
306 6 5.0 136.61794745806134
306 6 50.0 95.59542238514537
306 6 51.0 113.39155992494156
306 6 52.0 111.3599046803807
306 6 53.0 108.08718501647468
306 6 54.0 102.09997656338656
306 6 55.0 153.00373753172715
306 6 56.0 115.76092590207631
306 6 57.0 134.1050813835201
306 6 58.0 150.9341555116398
306 6 59.0 155.3696228065763
306 6 6.0 126.51595267047767
306 6 60.0 103.32096328397877
306 6 7.0 111.3231987135282
306 6 8.0 103.83321434320612
306 6 9.0 150.2589267785145
307 5 1.0 142.7518594397609
307 5 10.0 83.73227872793399
307 5 11.0 105.62958669629165
307 5 12.0 137.78208102422684
307 5 13.0 103.58291027971138
307 5 14.0 152.32737871208784
307 5 15.0 157.9755601875895
307 5 16.0 176.98110660986558
307 5 17.0 97.37256104403484
307 5 18.0 134.28812853906558
307 5 19.0 157.47642397768317
307 5 2.0 111.42209625519904
307 5 20.0 89.97802770502734
307 5 21.0 118.24334306201256
307 5 22.0 133.44941645000756
307 5 23.0 109.88307623282957
307 5 24.0 138.80317970663555
307 5 25.0 104.63694830743765
307 5 26.0 76.42645345097091
307 5 27.0 149.82600237839878
307 5 28.0 101.76230743830897
307 5 29.0 97.26945611102101
307 5 3.0 93.1339085234574
307 5 30.0 160.35729557326286
307 5 31.0 93.30040400152635
307 5 32.0 134.42392128946088
307 5 33.0 128.07934835817983
307 5 34.0 135.98424317211092
307 5 35.0 136.3709237992206
307 5 36.0 133.0721463011828
307 5 37.0 139.1347254985101
307 5 38.0 113.82814592050065
307 5 39.0 160.72164550443335
307 5 4.0 110.69995522631731
307 5 40.0 112.42222301354288
307 5 41.0 157.37592409213192
307 5 42.0 80.60458034794607
307 5 43.0 125.35725052286956
307 5 44.0 106.73445278730038
307 5 45.0 77.61265348456627
307 5 46.0 130.1990060677705
307 5 47.0 108.18081105572024
307 5 48.0 140.61313435152877
307 5 49.0 136.32363202307343
307 5 5.0 91.71439812193479
307 5 50.0 138.8603699995432
307 5 51.0 97.31674013516414
307 5 52.0 103.25820501253918
307 5 53.0 139.0163645642172
307 5 54.0 136.77940514985463
307 5 55.0 126.05032555358984
307 5 56.0 143.20756491714633
307 5 57.0 83.6876001749577
307 5 58.0 113.3789596469759
307 5 59.0 135.9706944714051
307 5 6.0 123.31011021270345
307 5 60.0 65.61780731644436
307 5 7.0 167.8568544587546
307 5 8.0 131.585194865751
307 5 9.0 83.5693712214675
307 6 1.0 121.95056220292135
307 6 10.0 163.270350419769
307 6 11.0 70.81985555952011
307 6 12.0 101.9487209839061
307 6 13.0 127.77280050811004
307 6 14.0 132.92088621964518
307 6 15.0 98.98350925564914
307 6 16.0 137.8086362503992
307 6 17.0 121.80501188218788
307 6 18.0 107.59866797985828
307 6 19.0 110.09784377376307
307 6 2.0 125.07186459786145
307 6 20.0 135.2727508606199
307 6 21.0 129.07079311124755
307 6 22.0 108.34987858668092
307 6 23.0 157.8299032164851
307 6 24.0 155.0493024849215
307 6 25.0 157.73197488656484
307 6 26.0 107.19888009452606
307 6 27.0 151.19884047132783
307 6 28.0 122.90386382061466
307 6 29.0 141.14092453206231
307 6 3.0 104.40868426947833
307 6 30.0 146.36960731857934
307 6 31.0 86.79374491737964
307 6 32.0 113.54893773500142
307 6 33.0 131.271793147421
307 6 34.0 169.7383877475607
307 6 35.0 102.5569218470954
307 6 36.0 113.66895634032704
307 6 37.0 116.12323772229907
307 6 38.0 134.5848191364798
307 6 39.0 83.73105301750779
307 6 4.0 129.7085346401671
307 6 40.0 139.28593587405402
307 6 41.0 142.49894055939822
307 6 42.0 132.64088164255136
307 6 43.0 119.00335298054497
307 6 44.0 113.23324494347054
307 6 45.0 103.10211131540716
307 6 46.0 84.07557668978833
307 6 47.0 136.00278650229674
307 6 48.0 149.3213073789113
307 6 49.0 112.69081742374628
307 6 5.0 143.58760121161217
307 6 50.0 144.06075894291106
307 6 51.0 150.64687688675593
307 6 52.0 132.43097975798435
307 6 53.0 142.07691170759904
307 6 54.0 96.61374581239411
307 6 55.0 157.37852436551753
307 6 56.0 127.76896840704826
307 6 57.0 97.84859767602806
307 6 58.0 154.69473901813305
307 6 59.0 149.010267890302
307 6 6.0 113.71767724266931
307 6 60.0 116.01350269606681
307 6 7.0 149.48331815009286
307 6 8.0 101.76925039885683
307 6 9.0 87.52828455871496
308 5 1.0 134.22294373272481
308 5 10.0 142.29891739443516
308 5 11.0 82.1985742586838
308 5 12.0 98.88885007041858
308 5 13.0 142.7885090213417
308 5 14.0 159.31154690587923
308 5 15.0 125.28700604450198
308 5 16.0 131.08572694771505
308 5 17.0 163.90274726621118
308 5 18.0 157.7568922749363
308 5 19.0 136.09648119496833
308 5 2.0 102.6164718181506
308 5 20.0 126.69753408821414
308 5 21.0 94.14227319946598
308 5 22.0 139.2927412397069
308 5 23.0 113.05969383466756
308 5 24.0 173.81264361045712
308 5 25.0 135.01070554528067
308 5 26.0 114.96058811299659
308 5 27.0 108.17830456943696
308 5 28.0 122.62694324113062
308 5 29.0 105.98177934939268
308 5 3.0 118.05441751854545
308 5 30.0 144.01745570296885
308 5 31.0 120.73470520857717
308 5 32.0 142.34320627897227
308 5 33.0 98.9062450935297
308 5 34.0 123.62396725109826
308 5 35.0 155.84230645801
308 5 36.0 143.02817194314574
308 5 37.0 156.9040153547772
308 5 38.0 81.90013332074797
308 5 39.0 147.16620294740912
308 5 4.0 99.64158030942205
308 5 40.0 109.28806692696382
308 5 41.0 149.9251092194905
308 5 42.0 128.9886970806514
308 5 43.0 144.01337937067254
308 5 44.0 99.88382836175063
308 5 45.0 157.9153592728967
308 5 46.0 110.06793358567325
308 5 47.0 131.5277891759672
308 5 48.0 161.42360018522072
308 5 49.0 147.0703929475003
308 5 5.0 100.55274910271321
308 5 50.0 91.86946742947966
308 5 51.0 137.39772629946248
308 5 52.0 158.58485139443573
308 5 53.0 142.44456372832266
308 5 54.0 108.44028926116627
308 5 55.0 131.95279922626244
308 5 56.0 122.00033733163013
308 5 57.0 148.35158819867794
308 5 58.0 149.83118440274222
308 5 59.0 137.0841458259738
308 5 6.0 124.81349006387381
308 5 60.0 100.96059924844262
308 5 7.0 135.4921013710333
308 5 8.0 101.67834356660646
308 5 9.0 128.64277294354653
308 6 1.0 114.32961984592399
308 6 10.0 65.23252122418835
308 6 11.0 125.61877108277955
308 6 12.0 126.40593650428137
308 6 13.0 112.7745103212946
308 6 14.0 140.85769454217856
308 6 15.0 143.73642135466037
308 6 16.0 165.48871475569376
308 6 17.0 118.36214497299164
308 6 18.0 142.5520856519244
308 6 19.0 126.71313136001443
308 6 2.0 133.145277027048
308 6 20.0 164.18698662201678
308 6 21.0 130.10169107423314
308 6 22.0 104.10359918017083
308 6 23.0 71.74628977587246
308 6 24.0 100.19372490284
308 6 25.0 146.13027443252616
308 6 26.0 101.60638631666313
308 6 27.0 108.50084208308024
308 6 28.0 135.6631446071687
308 6 29.0 149.17530636646467
308 6 3.0 132.12900475959796
308 6 30.0 136.22077901041533
308 6 31.0 130.51882230387818
308 6 32.0 95.7483877934278
308 6 33.0 141.45027295294872
308 6 34.0 153.0787060896426
308 6 35.0 110.97127348905236
308 6 36.0 91.30663480656291
308 6 37.0 125.29524561488839
308 6 38.0 77.77006421068535
308 6 39.0 134.96949696190302
308 6 4.0 151.9321952942517
308 6 40.0 91.28990305843743
308 6 41.0 127.64951341143524
308 6 42.0 117.6922938479139
308 6 43.0 115.7239282251407
308 6 44.0 81.37834483434342
308 6 45.0 122.9348353959037
308 6 46.0 118.2002809587724
308 6 47.0 105.5682315327059
308 6 48.0 141.8488072648348
308 6 49.0 129.71640934552715
308 6 5.0 168.40901860881206
308 6 50.0 112.16161754956535
308 6 51.0 112.68983275681309
308 6 52.0 137.32532893026917
308 6 53.0 122.78414729285743
308 6 54.0 109.86980558707903
308 6 55.0 122.76795325320218
308 6 56.0 129.49143488901635
308 6 57.0 110.64586618305302
308 6 58.0 118.35502585386695
308 6 59.0 104.49434515963598
308 6 6.0 139.70505270876555
308 6 60.0 144.4124963192824
308 6 7.0 139.71298708408278
308 6 8.0 93.76109461922204
308 6 9.0 130.48407344895205
309 5 1.0 148.31871802318418
309 5 10.0 107.8727774067219
309 5 11.0 96.33184790190991
309 5 12.0 95.92935533211569
309 5 13.0 104.61403282837323
309 5 14.0 80.83202551889194
309 5 15.0 150.69974239952106
309 5 16.0 152.00637085060652
309 5 17.0 153.2890509004279
309 5 18.0 157.52826560272726
309 5 19.0 124.16269150558315
309 5 2.0 130.6962541425168
309 5 20.0 129.23392011138966
309 5 21.0 125.3407272415763
309 5 22.0 134.3705795038686
309 5 23.0 118.13912083562192
309 5 24.0 120.64660377586455
309 5 25.0 114.00273824160853
309 5 26.0 131.78683360020082
309 5 27.0 107.15052773083599
309 5 28.0 176.26474494347192
309 5 29.0 143.55045925059434
309 5 3.0 139.83051411374854
309 5 30.0 120.45525090411927
309 5 31.0 121.88850640139142
309 5 32.0 133.57752408140914
309 5 33.0 143.5229568825556
309 5 34.0 114.14511751652492
309 5 35.0 155.05853226075286
309 5 36.0 109.06419324964435
309 5 37.0 155.38269091076623
309 5 38.0 107.34295881057963
309 5 39.0 122.4802674225469
309 5 4.0 169.64454636159434
309 5 40.0 105.68109116801581
309 5 41.0 159.8866191089794
309 5 42.0 81.82851451954912
309 5 43.0 136.4911374473664
309 5 44.0 151.35728170420646
309 5 45.0 105.06637101731586
309 5 46.0 128.89592821918492
309 5 47.0 125.0583557662673
309 5 48.0 120.54578213054629
309 5 49.0 137.50744516283973
309 5 5.0 140.35326592049708
309 5 50.0 123.70724263185419
309 5 51.0 151.3731368399525
309 5 52.0 126.26211648812968
309 5 53.0 114.59731058136397
309 5 54.0 110.64577338621203
309 5 55.0 159.2739242845548
309 5 56.0 100.37662426620058
309 5 57.0 124.89924507704094
309 5 58.0 177.52668703949684
309 5 59.0 123.05445078157817
309 5 6.0 127.25534145381177
309 5 60.0 91.26104056234212
309 5 7.0 104.48329069391605
309 5 8.0 120.88435520703713
309 5 9.0 106.14346771591386
309 6 1.0 127.70333019338798
309 6 10.0 61.7782625749793
309 6 11.0 108.09979568374065
309 6 12.0 160.10727177644816
309 6 13.0 171.4517094442131
309 6 14.0 155.58211230498088
309 6 15.0 120.69576171184926
309 6 16.0 140.64490677394937
309 6 17.0 98.67534896609115
309 6 18.0 156.81753675838792
309 6 19.0 107.21361400029099
309 6 2.0 148.80697770973146
309 6 20.0 136.67944880450136
309 6 21.0 92.76862605690214
309 6 22.0 123.9872041640395
309 6 23.0 95.72784681559283
309 6 24.0 123.07795791200454
309 6 25.0 103.06619575788119
309 6 26.0 99.67802429928335
309 6 27.0 118.07287453810176
309 6 28.0 109.38612506143649
309 6 29.0 97.53475761882669
309 6 3.0 101.14331108396944
309 6 30.0 109.65128096076394
309 6 31.0 122.66692076241416
309 6 32.0 112.1492842171005
309 6 33.0 156.88465661692518
309 6 34.0 159.90272471023886
309 6 35.0 127.12940360659012
309 6 36.0 165.8067095535384
309 6 37.0 127.54897588523067
309 6 38.0 114.68484066708005
309 6 39.0 154.60112477154127
309 6 4.0 119.40263489203166
309 6 40.0 138.4489406023973
309 6 41.0 92.92081973441736
309 6 42.0 108.04351496565721
309 6 43.0 93.3819821840486
309 6 44.0 116.04549784014887
309 6 45.0 134.61375335107326
309 6 46.0 96.64336052976687
309 6 47.0 154.04239922299797
309 6 48.0 117.47148118327425
309 6 49.0 97.72506339220165
309 6 5.0 146.16178361619902
309 6 50.0 119.07686593185234
309 6 51.0 145.96622489374266
309 6 52.0 126.07597048798574
309 6 53.0 139.25652792705768
309 6 54.0 89.92665993481917
309 6 55.0 157.26904420572373
309 6 56.0 145.41887331232715
309 6 57.0 80.00582229137243
309 6 58.0 145.05216991126278
309 6 59.0 131.5980329527465
309 6 6.0 88.59601771528267
309 6 60.0 142.43264956311975
309 6 7.0 81.1108741931604
309 6 8.0 107.38718978303815
309 6 9.0 124.1339657373031
310 5 1.0 97.01253862559643
310 5 10.0 63.81825895961131
310 5 11.0 145.69708023716626
310 5 12.0 113.8320870797115
310 5 13.0 120.56611772041958
310 5 14.0 149.18236162506875
310 5 15.0 169.65142057343255
310 5 16.0 144.0084333564265
310 5 17.0 143.34959941067797
310 5 18.0 84.72399086401929
310 5 19.0 126.67669239299664
310 5 2.0 100.58236903118929
310 5 20.0 132.39269937128537
310 5 21.0 127.85596920545599
310 5 22.0 152.4272377037173
310 5 23.0 156.69425944782333
310 5 24.0 127.21655451558337
310 5 25.0 117.70048974200353
310 5 26.0 118.24503990181265
310 5 27.0 112.91413495092611
310 5 28.0 140.98993884025816
310 5 29.0 134.676508415105
310 5 3.0 152.39004487392447
310 5 30.0 121.85357806053399
310 5 31.0 128.48969277718484
310 5 32.0 142.58817859261643
310 5 33.0 148.04921091605902
310 5 34.0 119.3942530189083
310 5 35.0 156.6099136244839
310 5 36.0 133.55596509085305
310 5 37.0 165.95378800597314
310 5 38.0 117.17042366711055
310 5 39.0 110.78615144524088
310 5 4.0 116.6526678283592
310 5 40.0 102.02140302322832
310 5 41.0 137.2864664879691
310 5 42.0 103.3052496524166
310 5 43.0 118.0000247909123
310 5 44.0 86.82178822048995
310 5 45.0 97.02575347317534
310 5 46.0 109.39818113512537
310 5 47.0 112.07204983490853
310 5 48.0 113.70374856860909
310 5 49.0 141.6763359345584
310 5 5.0 148.02963259440895
310 5 50.0 127.11751864250343
310 5 51.0 155.65215713857103
310 5 52.0 116.90043140581504
310 5 53.0 120.27135394764618
310 5 54.0 124.59786086905841
310 5 55.0 154.0101385439115
310 5 56.0 163.14933554525138
310 5 57.0 124.28270768502989
310 5 58.0 169.17777220027324
310 5 59.0 135.46751929151307
310 5 6.0 130.56171566781086
310 5 60.0 146.74974478956926
310 5 7.0 69.03231246694472
310 5 8.0 111.26914078594173
310 5 9.0 107.15802317371634
310 6 1.0 145.1312818407898
310 6 10.0 135.94416482009635
310 6 11.0 140.60303375209767
310 6 12.0 146.1191442027417
310 6 13.0 116.8925837987981
310 6 14.0 156.9659495341279
310 6 15.0 148.7110201330445
310 6 16.0 108.25427515015842
310 6 17.0 160.50216498665165
310 6 18.0 145.2510693039595
310 6 19.0 169.4388792454413
310 6 2.0 154.66154363342966
310 6 20.0 121.98620703988912
310 6 21.0 90.62237973335037
310 6 22.0 131.70063964530044
310 6 23.0 101.16112935713446
310 6 24.0 119.16392141207938
310 6 25.0 158.76888610184105
310 6 26.0 101.93083809669812
310 6 27.0 157.37573127625367
310 6 28.0 107.7437381728128
310 6 29.0 104.58827656926225
310 6 3.0 106.66582329433906
310 6 30.0 120.34331015297751
310 6 31.0 168.1721467993399
310 6 32.0 145.0451192288659
310 6 33.0 105.29359499944199
310 6 34.0 148.4146413203245
310 6 35.0 131.805667676314
310 6 36.0 113.15760860998449
310 6 37.0 146.59641769738403
310 6 38.0 123.05352005764446
310 6 39.0 67.16201572255225
310 6 4.0 151.3312893597871
310 6 40.0 92.02456581930868
310 6 41.0 93.643602891473
310 6 42.0 126.7115450854075
310 6 43.0 132.34740742854507
310 6 44.0 129.78257185476272
310 6 45.0 107.67135185867828
310 6 46.0 78.7977845183836
310 6 47.0 145.48097811285308
310 6 48.0 121.65236581098036
310 6 49.0 141.81524856666542
310 6 5.0 115.97946677357749
310 6 50.0 174.3383332781979
310 6 51.0 136.8942478557298
310 6 52.0 131.224992583703
310 6 53.0 160.9249313782764
310 6 54.0 99.26418907213652
310 6 55.0 102.19725695754809
310 6 56.0 97.06800093330746
310 6 57.0 152.05065429114475
310 6 58.0 95.72395190722875
310 6 59.0 129.44775501525206
310 6 6.0 139.15057525228573
310 6 60.0 94.60926303201909
310 6 7.0 135.44443285890418
310 6 8.0 105.41718003478384
310 6 9.0 110.69001902390757
311 5 1.0 149.42078861472334
311 5 10.0 91.12236201003476
311 5 11.0 92.6204677569477
311 5 12.0 109.31738218485187
311 5 13.0 106.6064353179143
311 5 14.0 166.791240508342
311 5 15.0 106.27392797937078
311 5 16.0 154.24146134723378
311 5 17.0 121.18871809830401
311 5 18.0 82.23342446207778
311 5 19.0 151.22880314068695
311 5 2.0 101.87009347564282
311 5 20.0 172.96158275911824
311 5 21.0 87.94554549724613
311 5 22.0 76.49726066926672
311 5 23.0 149.73645224456305
311 5 24.0 111.79279705240387
311 5 25.0 109.65357163613841
311 5 26.0 107.04028953502474
311 5 27.0 148.1007485776276
311 5 28.0 153.14391051293308
311 5 29.0 122.88121644821221
311 5 3.0 157.3285929614859
311 5 30.0 128.07630257410898
311 5 31.0 140.65156516389104
311 5 32.0 155.87838904724214
311 5 33.0 117.1597998304763
311 5 34.0 113.34484317589926
311 5 35.0 136.72108610478196
311 5 36.0 128.68462756439968
311 5 37.0 127.6916458575789
311 5 38.0 76.74146103708124
311 5 39.0 160.07478183183306
311 5 4.0 128.19482032620988
311 5 40.0 112.69511905298141
311 5 41.0 167.4101319661937
311 5 42.0 139.20578490971263
311 5 43.0 152.49179125324633
311 5 44.0 153.09750289310475
311 5 45.0 102.43889798516383
311 5 46.0 103.16518601631482
311 5 47.0 137.5939918275796
311 5 48.0 136.57320187491325
311 5 49.0 119.2042597349748
311 5 5.0 105.87181171668392
311 5 50.0 80.76091351551965
311 5 51.0 150.80622790883044
311 5 52.0 156.2605498455778
311 5 53.0 166.26279565618873
311 5 54.0 143.37115709178582
311 5 55.0 126.23894436975144
311 5 56.0 106.46644704319515
311 5 57.0 142.67129335756795
311 5 58.0 134.1224979178694
311 5 59.0 120.88926345703929
311 5 6.0 104.31856517857706
311 5 60.0 87.78644813092627
311 5 7.0 76.27147748009894
311 5 8.0 91.64614256174859
311 5 9.0 117.94885318784759
311 6 1.0 133.62923602760793
311 6 10.0 130.86143176329318
311 6 11.0 98.26395945436616
311 6 12.0 135.09881436459773
311 6 13.0 112.63743944401091
311 6 14.0 169.43480485775865
311 6 15.0 121.28580440296469
311 6 16.0 104.46055674934564
311 6 17.0 142.0923665528977
311 6 18.0 100.3133364313594
311 6 19.0 139.22838608062017
311 6 2.0 111.25760706568038
311 6 20.0 108.06556334525077
311 6 21.0 99.57691096863049
311 6 22.0 119.78339545313617
311 6 23.0 128.8082629363933
311 6 24.0 101.82560822935287
311 6 25.0 146.47588693717987
311 6 26.0 98.50684607181927
311 6 27.0 140.98699305392367
311 6 28.0 119.43293010594105
311 6 29.0 112.0072466483452
311 6 3.0 111.25743204762546
311 6 30.0 95.00095749827148
311 6 31.0 95.3887426220621
311 6 32.0 157.2916322549141
311 6 33.0 115.43399827830503
311 6 34.0 83.57970533393146
311 6 35.0 84.02161935856772
311 6 36.0 128.15480784917628
311 6 37.0 89.46594686474265
311 6 38.0 97.99582456450301
311 6 39.0 150.44257848938582
311 6 4.0 160.36214098420675
311 6 40.0 114.957138447225
311 6 41.0 110.37789637645673
311 6 42.0 127.89965494097734
311 6 43.0 142.18363021839266
311 6 44.0 126.2315111119347
311 6 45.0 144.6518376128216
311 6 46.0 101.85925947750292
311 6 47.0 143.00457676087584
311 6 48.0 99.18871397328229
311 6 49.0 168.29456956672973
311 6 5.0 159.56217805636328
311 6 50.0 131.27275216969528
311 6 51.0 154.72194439109975
311 6 52.0 160.1027983121075
311 6 53.0 124.69234085478918
311 6 54.0 148.9986735255598
311 6 55.0 126.2485678585655
311 6 56.0 108.28130208890661
311 6 57.0 125.22871759213429
311 6 58.0 113.07489703897167
311 6 59.0 157.22551730258618
311 6 6.0 138.099831537852
311 6 60.0 79.03122953027992
311 6 7.0 149.39949781993926
311 6 8.0 140.63802080194375
311 6 9.0 123.490998832938
312 5 1.0 128.75799128979838
312 5 10.0 146.98333307747683
312 5 11.0 102.27631758491522
312 5 12.0 106.31670507436834
312 5 13.0 114.3426590316674
312 5 14.0 126.82281763526127
312 5 15.0 125.7748123541984
312 5 16.0 139.08060469350525
312 5 17.0 132.23823482054223
312 5 18.0 100.54333410436931
312 5 19.0 118.47998535740128
312 5 2.0 91.57711501049533
312 5 20.0 129.71063727261645
312 5 21.0 119.4411406005629
312 5 22.0 115.44126226435205
312 5 23.0 131.4927775630473
312 5 24.0 150.9745357945419
312 5 25.0 110.34431390043979
312 5 26.0 154.47624605926313
312 5 27.0 126.81164823055222
312 5 28.0 176.5606812631254
312 5 29.0 131.48266259576394
312 5 3.0 134.8170986286032
312 5 30.0 124.89748662685794
312 5 31.0 125.33405297562962
312 5 32.0 153.24437116070055
312 5 33.0 147.15060569289795
312 5 34.0 110.16411549304667
312 5 35.0 167.74904094252634
312 5 36.0 134.65778871942703
312 5 37.0 122.33701614992637
312 5 38.0 81.33731195848605
312 5 39.0 114.39499409023179
312 5 4.0 123.22692952272843
312 5 40.0 109.41396291624615
312 5 41.0 131.84426320254306
312 5 42.0 133.04430336952765
312 5 43.0 120.42205927247335
312 5 44.0 134.1194699095126
312 5 45.0 122.21939714760626
312 5 46.0 71.78687243472602
312 5 47.0 142.01327152624367
312 5 48.0 152.62237350393136
312 5 49.0 123.25035139399587
312 5 5.0 114.59773101666003
312 5 50.0 102.79018811682003
312 5 51.0 154.4691257313517
312 5 52.0 124.14318530906269
312 5 53.0 124.37766894398052
312 5 54.0 121.93953697466081
312 5 55.0 137.657036780608
312 5 56.0 137.28046016068956
312 5 57.0 87.06575532954622
312 5 58.0 170.36826192635
312 5 59.0 165.47156343560448
312 5 6.0 135.89714667753717
312 5 60.0 87.7608663626069
312 5 7.0 147.27458769280935
312 5 8.0 123.99630855278633
312 5 9.0 87.39201136427043
312 6 1.0 114.51793240264696
312 6 10.0 138.75885404898017
312 6 11.0 81.9658837028108
312 6 12.0 98.45042171470445
312 6 13.0 163.76755026101992
312 6 14.0 138.8974569331347
312 6 15.0 125.95553784192988
312 6 16.0 157.80340930146548
312 6 17.0 103.35523522965374
312 6 18.0 133.3257944651906
312 6 19.0 168.00084549167664
312 6 2.0 144.02880758234272
312 6 20.0 105.43176150599716
312 6 21.0 121.0819854302048
312 6 22.0 155.9008140841402
312 6 23.0 98.92222372077208
312 6 24.0 89.59896577454803
312 6 25.0 75.96285042774784
312 6 26.0 111.27796825006246
312 6 27.0 147.6506866613478
312 6 28.0 114.20763216379714
312 6 29.0 123.88790217874077
312 6 3.0 141.2820378127776
312 6 30.0 114.33875427906608
312 6 31.0 142.27662926018016
312 6 32.0 163.51205750451686
312 6 33.0 158.01871321069032
312 6 34.0 154.0723148744513
312 6 35.0 147.78153987719702
312 6 36.0 134.5677472675047
312 6 37.0 123.83548675978459
312 6 38.0 129.95792674458963
312 6 39.0 73.88012084166637
312 6 4.0 142.739762771433
312 6 40.0 144.44115563657323
312 6 41.0 87.15260112624416
312 6 42.0 113.23839169210143
312 6 43.0 93.19497539956873
312 6 44.0 137.0053448616978
312 6 45.0 135.6370418680861
312 6 46.0 79.42854923970026
312 6 47.0 114.65985906545598
312 6 48.0 115.43029720309438
312 6 49.0 156.80035298106802
312 6 5.0 146.60261269353992
312 6 50.0 83.10094360523836
312 6 51.0 151.88428121807436
312 6 52.0 143.66671780040951
312 6 53.0 135.58212884384918
312 6 54.0 115.6452470379842
312 6 55.0 149.7203276888602
312 6 56.0 132.95775493019508
312 6 57.0 113.2320610678022
312 6 58.0 131.3805927537318
312 6 59.0 136.68370200287788
312 6 6.0 174.57637261288937
312 6 60.0 146.7739298196293
312 6 7.0 113.28170454579525
312 6 8.0 106.36499753048975
312 6 9.0 80.52671395685381
313 5 1.0 144.87275605367557
313 5 10.0 121.51159586991704
313 5 11.0 126.22285703420226
313 5 12.0 114.81725575217229
313 5 13.0 125.03860816417101
313 5 14.0 132.13193966757362
313 5 15.0 124.84534183483667
313 5 16.0 161.27185315956822
313 5 17.0 132.04782015841076
313 5 18.0 123.5485472322357
313 5 19.0 147.87100792709157
313 5 2.0 104.32077021741837
313 5 20.0 103.85472181460095
313 5 21.0 117.8043571427052
313 5 22.0 152.23329329533638
313 5 23.0 139.31945093520804
313 5 24.0 113.04157497589637
313 5 25.0 154.31593825815753
313 5 26.0 156.28416757644862
313 5 27.0 174.74220247473346
313 5 28.0 145.958835993283
313 5 29.0 106.41390561875794
313 5 3.0 110.52889112920711
313 5 30.0 118.25500936250724
313 5 31.0 126.75508634171457
313 5 32.0 148.53566548742234
313 5 33.0 151.1249848147543
313 5 34.0 109.14873500369787
313 5 35.0 159.67150754675507
313 5 36.0 153.6385718558427
313 5 37.0 100.9432323803393
313 5 38.0 77.1175172700657
313 5 39.0 143.12162999200413
313 5 4.0 105.56427494065471
313 5 40.0 79.7563891511938
313 5 41.0 150.16575457018072
313 5 42.0 140.04157744828237
313 5 43.0 140.57179388827174
313 5 44.0 103.20721772957427
313 5 45.0 116.3189600153205
313 5 46.0 99.21159710069318
313 5 47.0 159.96529831031347
313 5 48.0 109.12506007263482
313 5 49.0 157.589292429872
313 5 5.0 102.59518696307946
313 5 50.0 148.11704567998046
313 5 51.0 158.70544182801916
313 5 52.0 149.5697721945903
313 5 53.0 133.30878872682527
313 5 54.0 132.4600898960468
313 5 55.0 168.2157951214071
313 5 56.0 129.75666967395765
313 5 57.0 129.11406848583303
313 5 58.0 151.02667480471908
313 5 59.0 139.90958312382398
313 5 6.0 134.70355834696588
313 5 60.0 89.24211053379418
313 5 7.0 81.20481906345728
313 5 8.0 130.38303837836233
313 5 9.0 87.68845963146265
313 6 1.0 150.32759473277096
313 6 10.0 131.6588358628309
313 6 11.0 155.98433580965784
313 6 12.0 128.5821914195837
313 6 13.0 118.765687177165
313 6 14.0 126.773575668419
313 6 15.0 114.68719508080919
313 6 16.0 86.62282757814518
313 6 17.0 120.16052452108434
313 6 18.0 76.75812677091021
313 6 19.0 87.17088085331872
313 6 2.0 121.36572567880249
313 6 20.0 131.03231822670972
313 6 21.0 92.03224092869159
313 6 22.0 89.75987642454973
313 6 23.0 90.33561932236837
313 6 24.0 113.2042735588847
313 6 25.0 116.7084352270493
313 6 26.0 108.3628085991476
313 6 27.0 130.1403882595152
313 6 28.0 125.0542258472749
313 6 29.0 156.70492625681518
313 6 3.0 107.25835763518627
313 6 30.0 118.78084618563531
313 6 31.0 97.92387228011661
313 6 32.0 142.96343960889223
313 6 33.0 110.36232376114378
313 6 34.0 126.81394531064457
313 6 35.0 143.06243312133407
313 6 36.0 119.15599679251241
313 6 37.0 154.7793760790425
313 6 38.0 116.6501603644794
313 6 39.0 70.65029514243611
313 6 4.0 119.25296589993826
313 6 40.0 130.7424327874531
313 6 41.0 91.2534240240444
313 6 42.0 98.13466892106734
313 6 43.0 105.9343719543228
313 6 44.0 120.21160243201246
313 6 45.0 106.84681163006293
313 6 46.0 85.19642843123377
313 6 47.0 134.72147586659366
313 6 48.0 139.56418503814425
313 6 49.0 108.60199063333918
313 6 5.0 125.14065097125516
313 6 50.0 122.93052229666733
313 6 51.0 126.33071934833917
313 6 52.0 89.22388614119734
313 6 53.0 113.1750227947618
313 6 54.0 93.49602158028854
313 6 55.0 135.63895178662915
313 6 56.0 114.69572906417143
313 6 57.0 111.95523756989874
313 6 58.0 113.22335255241222
313 6 59.0 138.39155943193322
313 6 6.0 113.2701271372862
313 6 60.0 80.32853150455574
313 6 7.0 138.29481115926885
313 6 8.0 105.83550391275406
313 6 9.0 175.42081584111364
314 5 1.0 128.62945922338807
314 5 10.0 96.44685734193506
314 5 11.0 126.26852449577041
314 5 12.0 105.72409457607354
314 5 13.0 99.52126480437501
314 5 14.0 118.2586837782294
314 5 15.0 164.59244290714204
314 5 16.0 108.1835080607469
314 5 17.0 132.32230896149784
314 5 18.0 122.40219659700372
314 5 19.0 75.75913821904871
314 5 2.0 91.48136926645697
314 5 20.0 125.3507612026073
314 5 21.0 138.32353520220067
314 5 22.0 91.2975835862424
314 5 23.0 98.62154003323894
314 5 24.0 148.33716669613025
314 5 25.0 131.22093234461812
314 5 26.0 89.02135838281376
314 5 27.0 117.00083033599306
314 5 28.0 148.77099123253436
314 5 29.0 147.59256110844285
314 5 3.0 88.4549434529799
314 5 30.0 137.16651664259743
314 5 31.0 113.30137492671533
314 5 32.0 126.48736487823194
314 5 33.0 138.4752329110936
314 5 34.0 89.03102546991836
314 5 35.0 171.3107031041771
314 5 36.0 94.51191066251171
314 5 37.0 137.75421523130984
314 5 38.0 68.04726170310634
314 5 39.0 105.4910664897599
314 5 4.0 136.79844578218407
314 5 40.0 93.64378252818913
314 5 41.0 127.97400519289334
314 5 42.0 161.42857592880307
314 5 43.0 154.13096359498644
314 5 44.0 159.4697051083861
314 5 45.0 88.81602187276047
314 5 46.0 174.52995546939715
314 5 47.0 172.39046334417515
314 5 48.0 147.22101057363295
314 5 49.0 132.2833351273181
314 5 5.0 145.82191948325308
314 5 50.0 103.08139978202453
314 5 51.0 151.10393921824382
314 5 52.0 169.4642015817438
314 5 53.0 133.20057014710957
314 5 54.0 158.55005164135267
314 5 55.0 107.21287677820742
314 5 56.0 83.14605786370909
314 5 57.0 153.31231261075547
314 5 58.0 129.6148407487949
314 5 59.0 120.70542822686558
314 5 6.0 97.87555216321356
314 5 60.0 84.54940096656377
314 5 7.0 67.13136743340175
314 5 8.0 145.8488634144918
314 5 9.0 102.81694087414218
314 6 1.0 123.4017865247589
314 6 10.0 146.25436926178097
314 6 11.0 133.25955815626156
314 6 12.0 119.15925893936394
314 6 13.0 146.52147927303858
314 6 14.0 114.62025039547012
314 6 15.0 123.26483817550292
314 6 16.0 156.7730220414033
314 6 17.0 131.88609974492482
314 6 18.0 115.95972875602854
314 6 19.0 119.70788925797963
314 6 2.0 168.44598047699958
314 6 20.0 136.1829775272158
314 6 21.0 95.31991727469348
314 6 22.0 106.19883097749218
314 6 23.0 97.62156485520984
314 6 24.0 89.85144070034993
314 6 25.0 143.01240085929203
314 6 26.0 142.0201465582889
314 6 27.0 136.41248976946045
314 6 28.0 157.9226480437855
314 6 29.0 124.3413574483166
314 6 3.0 156.4675911038751
314 6 30.0 132.119803580509
314 6 31.0 148.96989241493768
314 6 32.0 85.18940100854886
314 6 33.0 101.44867824701112
314 6 34.0 107.69230375711038
314 6 35.0 145.465891876983
314 6 36.0 147.8929360124112
314 6 37.0 132.09409730537726
314 6 38.0 104.14033926515644
314 6 39.0 126.15477588922946
314 6 4.0 123.4157700140363
314 6 40.0 123.86860106926935
314 6 41.0 108.16080416634199
314 6 42.0 107.90920284553916
314 6 43.0 120.39921241493984
314 6 44.0 139.364498885628
314 6 45.0 107.21849962822952
314 6 46.0 135.62442689848888
314 6 47.0 162.45120019513809
314 6 48.0 134.82045417731
314 6 49.0 114.7551242375562
314 6 5.0 145.08375262830145
314 6 50.0 149.3491743760294
314 6 51.0 162.81388460052142
314 6 52.0 145.64999904820976
314 6 53.0 152.5495705935997
314 6 54.0 90.00598694022624
314 6 55.0 120.84079852995312
314 6 56.0 81.07595105009365
314 6 57.0 91.24782637994662
314 6 58.0 103.14169325682157
314 6 59.0 158.16490972582923
314 6 6.0 118.78391051579965
314 6 60.0 124.72589954289167
314 6 7.0 160.8475572250387
314 6 8.0 83.20998223827002
314 6 9.0 138.97031874782562
315 5 1.0 90.65008698637328
315 5 10.0 164.56579315992548
315 5 11.0 126.26418456655479
315 5 12.0 103.38430031385452
315 5 13.0 130.42635207887818
315 5 14.0 132.814224983211
315 5 15.0 150.3956118419682
315 5 16.0 154.65137092660035
315 5 17.0 140.88139816510252
315 5 18.0 129.44275462438983
315 5 19.0 144.03657451371797
315 5 2.0 149.30782983061513
315 5 20.0 100.91619735934293
315 5 21.0 130.62515625002004
315 5 22.0 151.0746722057742
315 5 23.0 167.69987525021483
315 5 24.0 66.04448669105709
315 5 25.0 84.43024616867626
315 5 26.0 96.72620222125356
315 5 27.0 147.33187721233654
315 5 28.0 126.56793941404446
315 5 29.0 157.61026350331497
315 5 3.0 170.2521590826352
315 5 30.0 149.613820571946
315 5 31.0 111.0357692536981
315 5 32.0 128.7433844927379
315 5 33.0 125.978340362357
315 5 34.0 107.8357062788661
315 5 35.0 116.14557975777282
315 5 36.0 122.78905462280562
315 5 37.0 112.8229292925481
315 5 38.0 90.07906109373259
315 5 39.0 127.28883490034757
315 5 4.0 129.77885324450182
315 5 40.0 111.41421737122147
315 5 41.0 116.73962499073242
315 5 42.0 112.85398850736121
315 5 43.0 96.07946134619367
315 5 44.0 109.90434716039707
315 5 45.0 139.33494647598727
315 5 46.0 96.22070006982774
315 5 47.0 167.04716173663326
315 5 48.0 161.9560262480534
315 5 49.0 145.64206743230702
315 5 5.0 151.4197816977978
315 5 50.0 88.83929034311171
315 5 51.0 135.93775263829176
315 5 52.0 154.80489455905433
315 5 53.0 147.60798003393464
315 5 54.0 95.47029193115027
315 5 55.0 153.10247434697558
315 5 56.0 160.40611145769307
315 5 57.0 100.85415502174432
315 5 58.0 123.01992414017151
315 5 59.0 143.54387041918648
315 5 6.0 135.49113970867253
315 5 60.0 110.8019737146775
315 5 7.0 139.54835957836707
315 5 8.0 145.25273604127437
315 5 9.0 71.52967423981272
315 6 1.0 140.293722911301
315 6 10.0 103.70737834078047
315 6 11.0 119.0819534848773
315 6 12.0 108.75730987531823
315 6 13.0 111.80864860607637
315 6 14.0 134.6925512051152
315 6 15.0 120.64799955460701
315 6 16.0 108.65819007914843
315 6 17.0 144.46696431200735
315 6 18.0 134.69267691018632
315 6 19.0 73.36532344462657
315 6 2.0 116.93806044655098
315 6 20.0 114.0687015566791
315 6 21.0 152.18192518120904
315 6 22.0 110.934069013674
315 6 23.0 106.69994927969195
315 6 24.0 162.0591007016214
315 6 25.0 148.7743087450063
315 6 26.0 99.78076520689781
315 6 27.0 137.07565283722602
315 6 28.0 152.9951624188407
315 6 29.0 97.53321187630654
315 6 3.0 108.50805715526893
315 6 30.0 149.5037689526131
315 6 31.0 137.61045977213908
315 6 32.0 115.86423438926948
315 6 33.0 122.75053716023426
315 6 34.0 148.40365244440588
315 6 35.0 61.788470536528514
315 6 36.0 152.26128286053185
315 6 37.0 92.53245225861744
315 6 38.0 118.53266557027214
315 6 39.0 101.82190141101293
315 6 4.0 155.3629160735606
315 6 40.0 93.57339919323914
315 6 41.0 130.401800086482
315 6 42.0 99.3346294394509
315 6 43.0 125.16772815732728
315 6 44.0 123.76102622001584
315 6 45.0 106.9517483319172
315 6 46.0 113.09444631194938
315 6 47.0 175.3932414185954
315 6 48.0 151.931801512493
315 6 49.0 117.5437832400622
315 6 5.0 128.04036826829946
315 6 50.0 127.16020800702866
315 6 51.0 164.4378838615743
315 6 52.0 133.71664987072552
315 6 53.0 104.10641702840103
315 6 54.0 90.26667116320677
315 6 55.0 135.05199426614445
315 6 56.0 131.8111468538671
315 6 57.0 149.94888017496504
315 6 58.0 113.65587554365567
315 6 59.0 148.65489276834987
315 6 6.0 135.50085886244756
315 6 60.0 74.94987478349904
315 6 7.0 146.92330028812438
315 6 8.0 147.13712873049946
315 6 9.0 100.32513622127402
316 5 1.0 164.62602504470183
316 5 10.0 126.53771322147136
316 5 11.0 154.5260091629151
316 5 12.0 104.59013591219703
316 5 13.0 102.68271743716645
316 5 14.0 107.14249371242416
316 5 15.0 159.44698841033903
316 5 16.0 149.94774146232066
316 5 17.0 141.63988541013106
316 5 18.0 136.77508777491965
316 5 19.0 128.07246766690693
316 5 2.0 144.6727588901452
316 5 20.0 80.11016918584971
316 5 21.0 145.4269307444159
316 5 22.0 118.16533337206265
316 5 23.0 144.29478261591098
316 5 24.0 143.96746513068877
316 5 25.0 105.81595848325432
316 5 26.0 131.9752331911792
316 5 27.0 89.4418402568154
316 5 28.0 123.66219135376156
316 5 29.0 133.78697706928733
316 5 3.0 124.46878717779748
316 5 30.0 149.0597786233742
316 5 31.0 113.20028114033977
316 5 32.0 157.64328128029118
316 5 33.0 89.0503231596115
316 5 34.0 108.20319349370511
316 5 35.0 121.18646633846433
316 5 36.0 127.47159999958858
316 5 37.0 89.70698775779536
316 5 38.0 90.16961780852816
316 5 39.0 127.18311801917285
316 5 4.0 159.6584482330314
316 5 40.0 115.1415974878743
316 5 41.0 133.99635395172203
316 5 42.0 138.98229510479962
316 5 43.0 108.77076491320409
316 5 44.0 167.67297217606526
316 5 45.0 115.49128937820151
316 5 46.0 136.86503897303632
316 5 47.0 140.49956485410527
316 5 48.0 169.49348445991535
316 5 49.0 160.0420774428808
316 5 5.0 105.56699372991316
316 5 50.0 77.63285851410433
316 5 51.0 161.46900788254112
316 5 52.0 151.93140763783035
316 5 53.0 152.32518486414975
316 5 54.0 91.63833750470172
316 5 55.0 144.90713726451582
316 5 56.0 144.23653094930967
316 5 57.0 130.77015707072061
316 5 58.0 123.26492991285447
316 5 59.0 151.88905544155296
316 5 6.0 105.56832724650238
316 5 60.0 105.47908551173293
316 5 7.0 91.16706995505925
316 5 8.0 86.90973471426572
316 5 9.0 72.25097562260491
316 6 1.0 107.78881674170879
316 6 10.0 122.47315696418585
316 6 11.0 114.19816357163813
316 6 12.0 99.67959213653786
316 6 13.0 151.9354856700521
316 6 14.0 124.04462061203665
316 6 15.0 147.82029463143078
316 6 16.0 135.46299654899272
316 6 17.0 148.61040778684568
316 6 18.0 92.42417763375326
316 6 19.0 151.844951422698
316 6 2.0 133.40561362854788
316 6 20.0 103.34900382449689
316 6 21.0 149.2724044976007
316 6 22.0 123.1998595130698
316 6 23.0 112.99195546379184
316 6 24.0 116.07834903227155
316 6 25.0 128.31756637968442
316 6 26.0 98.57924871893906
316 6 27.0 153.76946158516964
316 6 28.0 131.99298580477932
316 6 29.0 88.09613702260776
316 6 3.0 89.29715877758416
316 6 30.0 96.79927091430437
316 6 31.0 128.27551907419272
316 6 32.0 126.24910577941878
316 6 33.0 108.55498683214815
316 6 34.0 144.1621605820514
316 6 35.0 61.60829432333501
316 6 36.0 128.05954071528046
316 6 37.0 140.04227028057224
316 6 38.0 102.87311956909058
316 6 39.0 126.46458064742984
316 6 4.0 110.2141249322208
316 6 40.0 122.77806271104724
316 6 41.0 110.87660032193565
316 6 42.0 133.44983551026786
316 6 43.0 137.1741510992349
316 6 44.0 114.22620307996223
316 6 45.0 132.6859437787816
316 6 46.0 95.53166084251481
316 6 47.0 125.39680953115473
316 6 48.0 113.92170412248394
316 6 49.0 154.5565558695473
316 6 5.0 136.12522863298213
316 6 50.0 141.63888874298104
316 6 51.0 168.57755685297812
316 6 52.0 134.04609763214444
316 6 53.0 97.66715487595566
316 6 54.0 146.90180037715052
316 6 55.0 132.93968201847787
316 6 56.0 139.87767965629996
316 6 57.0 109.22478120647052
316 6 58.0 134.09552715250695
316 6 59.0 139.59774583355892
316 6 6.0 114.69252981312904
316 6 60.0 97.45246184023533
316 6 7.0 118.9887078130899
316 6 8.0 108.20049110879637
316 6 9.0 84.41557533835181
317 5 1.0 137.62470355716758
317 5 10.0 81.85866119069016
317 5 11.0 139.42869232301683
317 5 12.0 129.67013661041796
317 5 13.0 85.91532164433231
317 5 14.0 136.07714540981658
317 5 15.0 115.38589726321871
317 5 16.0 101.39576626268324
317 5 17.0 65.01330848868633
317 5 18.0 85.05162611069716
317 5 19.0 116.51063077649633
317 5 2.0 123.55563084753828
317 5 20.0 127.75114539902162
317 5 21.0 145.98048117484336
317 5 22.0 154.1455615709471
317 5 23.0 151.53191350252433
317 5 24.0 159.7437382899035
317 5 25.0 100.3820397101733
317 5 26.0 101.09677084086887
317 5 27.0 138.2696882688643
317 5 28.0 153.43885165057796
317 5 29.0 127.34724528662728
317 5 3.0 133.92574513847475
317 5 30.0 134.7675646279262
317 5 31.0 78.14237817890721
317 5 32.0 148.96940209189506
317 5 33.0 146.01723433629294
317 5 34.0 155.05319411968432
317 5 35.0 94.62381156871075
317 5 36.0 147.95260271925764
317 5 37.0 117.61982767875602
317 5 38.0 93.5528037636282
317 5 39.0 168.54178946349427
317 5 4.0 173.5330195753582
317 5 40.0 148.89455494367886
317 5 41.0 145.59420667677628
317 5 42.0 154.4070381745052
317 5 43.0 79.74354278920818
317 5 44.0 173.54545423106455
317 5 45.0 123.40431903964448
317 5 46.0 125.0173355597221
317 5 47.0 93.50557486417586
317 5 48.0 119.66696612101025
317 5 49.0 143.30186396766155
317 5 5.0 119.22228786885753
317 5 50.0 153.87130694453026
317 5 51.0 142.5461579468664
317 5 52.0 136.11387063127754
317 5 53.0 163.03953665137547
317 5 54.0 95.17581842217126
317 5 55.0 137.60258110122194
317 5 56.0 117.99444980014346
317 5 57.0 133.9694026052429
317 5 58.0 116.82171673778815
317 5 59.0 138.8252990712661
317 5 6.0 74.17542797098949
317 5 60.0 99.60924691347743
317 5 7.0 116.15185757856246
317 5 8.0 125.10194801505033
317 5 9.0 90.58082768705275
317 6 1.0 96.69577641645913
317 6 10.0 126.79856030479591
317 6 11.0 123.68082224626214
317 6 12.0 162.3693288905645
317 6 13.0 120.62944246997154
317 6 14.0 157.47153388752645
317 6 15.0 146.7771248732177
317 6 16.0 138.5327744399284
317 6 17.0 118.88680801353642
317 6 18.0 109.92104323447998
317 6 19.0 164.19299346841098
317 6 2.0 127.3955457295728
317 6 20.0 86.84013948623489
317 6 21.0 92.92279030879817
317 6 22.0 101.00399511770281
317 6 23.0 91.61377694086431
317 6 24.0 91.19689359179405
317 6 25.0 158.92521364782607
317 6 26.0 120.4160400612307
317 6 27.0 121.31840873709169
317 6 28.0 129.52892473486878
317 6 29.0 126.2425157402539
317 6 3.0 95.41564197374008
317 6 30.0 141.3532487333388
317 6 31.0 127.71959438134952
317 6 32.0 146.92899617409745
317 6 33.0 86.30301730246158
317 6 34.0 104.97528649709689
317 6 35.0 96.62359943174917
317 6 36.0 130.51231522132656
317 6 37.0 96.6782094352289
317 6 38.0 137.4613922001978
317 6 39.0 110.02384979949582
317 6 4.0 157.27173176117824
317 6 40.0 117.69708409145714
317 6 41.0 109.6973835798381
317 6 42.0 98.58276403218649
317 6 43.0 114.24170206701109
317 6 44.0 115.1866163865126
317 6 45.0 93.82807897720438
317 6 46.0 102.00830453307921
317 6 47.0 131.37457887449233
317 6 48.0 172.98423438974802
317 6 49.0 167.11267972035438
317 6 5.0 131.88927883498744
317 6 50.0 156.33970787271204
317 6 51.0 139.57588607374137
317 6 52.0 147.1435838164413
317 6 53.0 134.62596438535016
317 6 54.0 99.77261401371472
317 6 55.0 146.31702307750166
317 6 56.0 112.82321297241592
317 6 57.0 87.18828435547944
317 6 58.0 82.68017163898352
317 6 59.0 142.43489580253413
317 6 6.0 154.64217329583894
317 6 60.0 96.18506141437483
317 6 7.0 124.56712650049472
317 6 8.0 97.49522178414416
317 6 9.0 118.76913511903041
318 5 1.0 107.16084658386349
318 5 10.0 140.95097437295436
318 5 11.0 119.20912242701021
318 5 12.0 147.77374283031716
318 5 13.0 131.09773587780873
318 5 14.0 89.07184713745177
318 5 15.0 156.6057150359885
318 5 16.0 135.8203282723554
318 5 17.0 115.3239348775161
318 5 18.0 128.87764699182458
318 5 19.0 138.1496614933819
318 5 2.0 64.70646490721809
318 5 20.0 131.19356896022632
318 5 21.0 139.1971241979805
318 5 22.0 123.28120473747971
318 5 23.0 145.02023769092077
318 5 24.0 144.40413204971534
318 5 25.0 164.67319347233655
318 5 26.0 103.95690504265563
318 5 27.0 166.15611132978736
318 5 28.0 157.9939647469966
318 5 29.0 118.67371264172122
318 5 3.0 123.52367978373907
318 5 30.0 146.72522359682753
318 5 31.0 103.33107034654161
318 5 32.0 129.82205104270707
318 5 33.0 138.91345609743536
318 5 34.0 159.47715664949675
318 5 35.0 172.0264934023494
318 5 36.0 87.5694982523596
318 5 37.0 128.3605832214069
318 5 38.0 85.94759996683766
318 5 39.0 153.42341008300977
318 5 4.0 108.79328913528454
318 5 40.0 139.81059616508261
318 5 41.0 115.57343167328737
318 5 42.0 126.97048542019648
318 5 43.0 100.00199669743189
318 5 44.0 169.03082320164683
318 5 45.0 176.01553789849513
318 5 46.0 168.90913457963885
318 5 47.0 118.06377573076757
318 5 48.0 91.31567419429608
318 5 49.0 150.90956457966132
318 5 5.0 80.96596362467245
318 5 50.0 80.2826195106415
318 5 51.0 172.82290866556056
318 5 52.0 149.62294969949875
318 5 53.0 122.25949806124609
318 5 54.0 114.02637749082005
318 5 55.0 125.03697962124838
318 5 56.0 159.31857250764747
318 5 57.0 132.57476048785253
318 5 58.0 113.0566777915129
318 5 59.0 111.56447216742757
318 5 6.0 116.46334622632337
318 5 60.0 98.79807996222978
318 5 7.0 90.39040411854769
318 5 8.0 112.65480871191222
318 5 9.0 130.17901747338001
318 6 1.0 100.83683527487118
318 6 10.0 110.66079271582488
318 6 11.0 120.85796582104253
318 6 12.0 116.4781940102198
318 6 13.0 143.75613531900734
318 6 14.0 160.21146635812391
318 6 15.0 147.79354535774564
318 6 16.0 150.80793939747605
318 6 17.0 132.64281716961452
318 6 18.0 143.76633442264114
318 6 19.0 73.04095328637005
318 6 2.0 71.85209522625857
318 6 20.0 130.82233191626196
318 6 21.0 124.38882184461619
318 6 22.0 94.90367132807063
318 6 23.0 109.37965091236096
318 6 24.0 177.5732714449684
318 6 25.0 131.29561311354442
318 6 26.0 129.35932977205138
318 6 27.0 130.31075258008315
318 6 28.0 139.34851346088308
318 6 29.0 134.2844900644759
318 6 3.0 101.31338590909795
318 6 30.0 143.76776059600527
318 6 31.0 136.9936983231305
318 6 32.0 131.5212568284645
318 6 33.0 142.4440163715987
318 6 34.0 124.43064680730738
318 6 35.0 104.3273760061444
318 6 36.0 136.13533224030041
318 6 37.0 95.06458558075283
318 6 38.0 124.78324260939277
318 6 39.0 71.09729836257392
318 6 4.0 113.11810167770075
318 6 40.0 126.12020303507504
318 6 41.0 108.69179275530108
318 6 42.0 139.75895959579273
318 6 43.0 150.23671691398053
318 6 44.0 123.3676295679546
318 6 45.0 144.95948754474784
318 6 46.0 86.50345531942375
318 6 47.0 130.84723721522877
318 6 48.0 119.46102696086894
318 6 49.0 156.5667804892098
318 6 5.0 102.52136294147164
318 6 50.0 153.66055863721542
318 6 51.0 132.5739880744707
318 6 52.0 139.32731702511722
318 6 53.0 127.3634166425958
318 6 54.0 141.13966440848571
318 6 55.0 145.36212439158402
318 6 56.0 129.20962755840168
318 6 57.0 156.3094165338929
318 6 58.0 96.9827789676326
318 6 59.0 141.82610212221658
318 6 6.0 138.46709089279415
318 6 60.0 100.99887349360546
318 6 7.0 82.16215867197035
318 6 8.0 110.6005311097094
318 6 9.0 125.48881451410291
319 5 1.0 177.55649002357828
319 5 10.0 165.4690788180956
319 5 11.0 167.34097775114634
319 5 12.0 105.87346516322782
319 5 13.0 133.61817900447267
319 5 14.0 114.47776703031808
319 5 15.0 165.92348422753324
319 5 16.0 159.33488686857453
319 5 17.0 154.51574798924494
319 5 18.0 94.4624465544232
319 5 19.0 152.89781316625402
319 5 2.0 98.03274364820263
319 5 20.0 161.43511241416053
319 5 21.0 128.76043361051146
319 5 22.0 132.6193419544352
319 5 23.0 155.28084593885382
319 5 24.0 120.14664840855642
319 5 25.0 117.4377889995793
319 5 26.0 91.70613091089729
319 5 27.0 136.67199708487476
319 5 28.0 89.47750764101919
319 5 29.0 146.77349628717144
319 5 3.0 118.13887640494293
319 5 30.0 106.70017587912713
319 5 31.0 112.7071856558938
319 5 32.0 137.2003985758139
319 5 33.0 126.134915529882
319 5 34.0 109.3221756367791
319 5 35.0 117.79746902207421
319 5 36.0 84.25054102018453
319 5 37.0 91.77945872433443
319 5 38.0 83.58889134012222
319 5 39.0 135.6833721660236
319 5 4.0 90.42063854818349
319 5 40.0 134.4393580188995
319 5 41.0 80.27109996987421
319 5 42.0 94.05636215584623
319 5 43.0 140.38078152552453
319 5 44.0 149.7520050113888
319 5 45.0 137.35637567092735
319 5 46.0 93.19489516757133
319 5 47.0 151.78325922894155
319 5 48.0 167.18417099950793
319 5 49.0 153.35087123524374
319 5 5.0 129.11318621950753
319 5 50.0 81.33861762272988
319 5 51.0 154.8431459332086
319 5 52.0 156.49471610958244
319 5 53.0 129.39302430542998
319 5 54.0 118.8150660794611
319 5 55.0 174.1544706358892
319 5 56.0 130.6623624218897
319 5 57.0 126.70195917062773
319 5 58.0 97.6347407135191
319 5 59.0 125.06019324785768
319 5 6.0 100.58512259432737
319 5 60.0 107.2042407040853
319 5 7.0 154.51054939406723
319 5 8.0 108.76422335977315
319 5 9.0 128.74647723668843
319 6 1.0 131.31546044754475
319 6 10.0 122.3953919999423
319 6 11.0 102.29959723700239
319 6 12.0 134.1901100507753
319 6 13.0 147.83891278183376
319 6 14.0 154.22847168750434
319 6 15.0 108.4255992022991
319 6 16.0 164.859762621699
319 6 17.0 88.79898330335561
319 6 18.0 111.97299152850087
319 6 19.0 82.97093974166539
319 6 2.0 152.3355906787336
319 6 20.0 107.88002421649574
319 6 21.0 116.65006055950208
319 6 22.0 119.6413096308394
319 6 23.0 152.36089987248033
319 6 24.0 135.36687036894656
319 6 25.0 156.99334644099596
319 6 26.0 148.31830377099377
319 6 27.0 151.95873508008552
319 6 28.0 141.93761500042143
319 6 29.0 155.18268862365233
319 6 3.0 155.22365616650237
319 6 30.0 99.68437057916687
319 6 31.0 94.6530467411403
319 6 32.0 103.0397652394293
319 6 33.0 86.71624634549718
319 6 34.0 97.75493671356926
319 6 35.0 60.93193658838844
319 6 36.0 122.83863922540411
319 6 37.0 133.70594897652987
319 6 38.0 138.41346889528955
319 6 39.0 129.58475603441727
319 6 4.0 172.1725788083388
319 6 40.0 159.69445492633437
319 6 41.0 119.79645700757729
319 6 42.0 140.3310643990216
319 6 43.0 114.09236932434034
319 6 44.0 134.11399208593022
319 6 45.0 115.69016559948498
319 6 46.0 95.20063798085448
319 6 47.0 166.06570320728963
319 6 48.0 151.21010836568703
319 6 49.0 145.38356762673155
319 6 5.0 139.3209721134686
319 6 50.0 135.12582466937235
319 6 51.0 116.38022734784788
319 6 52.0 126.25455802944228
319 6 53.0 140.26046518139142
319 6 54.0 112.64931360133521
319 6 55.0 148.14874601203124
319 6 56.0 83.52762928229329
319 6 57.0 103.88103345441925
319 6 58.0 140.9657612157946
319 6 59.0 148.42359264824668
319 6 6.0 154.86777295897457
319 6 60.0 84.00005313727308
319 6 7.0 118.99734964748471
319 6 8.0 95.25918157538464
319 6 9.0 113.49942575642041
320 5 1.0 166.21003804556543
320 5 10.0 119.40056118548131
320 5 11.0 114.8986317715642
320 5 12.0 138.68799006036244
320 5 13.0 133.39943907839407
320 5 14.0 145.05457941419593
320 5 15.0 150.28399755921257
320 5 16.0 166.14899602418637
320 5 17.0 107.35795281035371
320 5 18.0 150.54217536763338
320 5 19.0 146.928994487254
320 5 2.0 95.15486052139032
320 5 20.0 154.78357423613465
320 5 21.0 137.5954176056497
320 5 22.0 115.94857899761624
320 5 23.0 131.2847984753169
320 5 24.0 141.64995852724465
320 5 25.0 103.99017392775161
320 5 26.0 96.401115366772
320 5 27.0 140.61017696940155
320 5 28.0 142.02621423019536
320 5 29.0 124.51678648366362
320 5 3.0 108.59848501888017
320 5 30.0 154.07879673284503
320 5 31.0 119.50718040524501
320 5 32.0 121.63251184378741
320 5 33.0 134.71699058124437
320 5 34.0 121.13738615177454
320 5 35.0 97.43796547125403
320 5 36.0 138.06854831107165
320 5 37.0 125.18918062439153
320 5 38.0 80.78752827009646
320 5 39.0 142.87341345709063
320 5 4.0 70.45440904753795
320 5 40.0 82.88248357408011
320 5 41.0 129.71308110219817
320 5 42.0 103.41401307509078
320 5 43.0 93.80513051865722
320 5 44.0 140.07931104511312
320 5 45.0 158.20755704637898
320 5 46.0 92.72277193594145
320 5 47.0 132.5942319787639
320 5 48.0 130.73474183971274
320 5 49.0 147.9618157244315
320 5 5.0 120.20628206215603
320 5 50.0 138.6345742546853
320 5 51.0 100.84360617046657
320 5 52.0 136.7047750026488
320 5 53.0 123.40912996137634
320 5 54.0 121.75150500169268
320 5 55.0 139.98957299325872
320 5 56.0 107.50220708041579
320 5 57.0 130.99130795173866
320 5 58.0 141.39427851094703
320 5 59.0 100.8807296017042
320 5 6.0 148.24273045588578
320 5 60.0 86.85665269231644
320 5 7.0 120.00418075822381
320 5 8.0 96.58560935332002
320 5 9.0 135.87610382368024
320 6 1.0 145.97620616704802
320 6 10.0 157.66633707481998
320 6 11.0 119.85876283685327
320 6 12.0 110.87777401353279
320 6 13.0 166.94466756192307
320 6 14.0 82.25148309194462
320 6 15.0 162.41512733376166
320 6 16.0 157.68926813247373
320 6 17.0 95.4327908106146
320 6 18.0 94.99460990886912
320 6 19.0 122.58579598170081
320 6 2.0 84.47767210006208
320 6 20.0 152.93711185676696
320 6 21.0 142.75534548756843
320 6 22.0 97.48304556226049
320 6 23.0 116.46313215467752
320 6 24.0 112.87368346869998
320 6 25.0 122.89098378505385
320 6 26.0 102.01192450965365
320 6 27.0 148.85748264103105
320 6 28.0 138.704857944476
320 6 29.0 87.94903603535288
320 6 3.0 135.35499947459735
320 6 30.0 116.6458275093966
320 6 31.0 117.4476947358683
320 6 32.0 155.2353472726115
320 6 33.0 132.94978379202732
320 6 34.0 98.50336365589376
320 6 35.0 158.91289808764841
320 6 36.0 119.61274709022332
320 6 37.0 111.10140775147265
320 6 38.0 157.4973258328112
320 6 39.0 159.69424232652966
320 6 4.0 121.47443070819739
320 6 40.0 105.27726096116669
320 6 41.0 142.1115789876186
320 6 42.0 96.21719516985604
320 6 43.0 106.77000609644162
320 6 44.0 151.05958045413962
320 6 45.0 136.61982914668783
320 6 46.0 102.4881997608428
320 6 47.0 125.27519712447659
320 6 48.0 149.50158144296236
320 6 49.0 146.1853034434153
320 6 5.0 82.88193915175239
320 6 50.0 116.15075622501324
320 6 51.0 127.36945840241277
320 6 52.0 120.44190165910491
320 6 53.0 144.3039741936235
320 6 54.0 84.6918646289097
320 6 55.0 150.96741046511622
320 6 56.0 113.73884499932811
320 6 57.0 137.2876523151571
320 6 58.0 90.29361169250868
320 6 59.0 121.50491644845071
320 6 6.0 167.3512148403064
320 6 60.0 78.82611559576846
320 6 7.0 155.84254814247694
320 6 8.0 172.88782251067454
320 6 9.0 146.03894974116668
321 5 1.0 116.91165484039234
321 5 10.0 108.20745229942499
321 5 11.0 97.6437167818013
321 5 12.0 109.18515515166033
321 5 13.0 150.84318913014215
321 5 14.0 104.07459249330897
321 5 15.0 165.78946457095427
321 5 16.0 127.16092715691292
321 5 17.0 163.37869063097705
321 5 18.0 144.4148699218622
321 5 19.0 123.35982255001464
321 5 2.0 95.87143291745865
321 5 20.0 153.3149544754799
321 5 21.0 120.03796615109653
321 5 22.0 140.98446211410214
321 5 23.0 142.7731710617602
321 5 24.0 116.17257570504835
321 5 25.0 124.42186059400173
321 5 26.0 110.06510991887552
321 5 27.0 117.99006464558121
321 5 28.0 162.18741839495468
321 5 29.0 69.46879418833049
321 5 3.0 112.1541736773293
321 5 30.0 139.02267522426425
321 5 31.0 123.71654486778891
321 5 32.0 135.0332652257509
321 5 33.0 146.84807227702083
321 5 34.0 113.15173211198146
321 5 35.0 165.67889570558086
321 5 36.0 148.62200227008734
321 5 37.0 107.29317299165541
321 5 38.0 98.24040273442922
321 5 39.0 144.4782029372794
321 5 4.0 113.46459301316382
321 5 40.0 107.74025723471378
321 5 41.0 148.1271900683733
321 5 42.0 168.83715072088995
321 5 43.0 125.2660841216357
321 5 44.0 129.57287733667596
321 5 45.0 99.4055199782312
321 5 46.0 97.40807359479538
321 5 47.0 146.71135553164834
321 5 48.0 127.02563856278354
321 5 49.0 155.24508784238407
321 5 5.0 126.1694344664156
321 5 50.0 127.30210188798372
321 5 51.0 137.61359607674083
321 5 52.0 140.24202477676306
321 5 53.0 114.27279753926814
321 5 54.0 103.88305528682281
321 5 55.0 143.3787997376491
321 5 56.0 146.7605538043479
321 5 57.0 137.60325632606254
321 5 58.0 151.3498934044562
321 5 59.0 158.30649802706617
321 5 6.0 101.02023582933695
321 5 60.0 83.10387315009122
321 5 7.0 116.83241533358304
321 5 8.0 114.96795625679407
321 5 9.0 95.56631917185851
321 6 1.0 122.54471804256525
321 6 10.0 93.13404997312585
321 6 11.0 108.55983519244973
321 6 12.0 90.50894736399525
321 6 13.0 148.03370457384457
321 6 14.0 163.3773636686696
321 6 15.0 105.85310028531305
321 6 16.0 109.15601101139453
321 6 17.0 119.59914828121676
321 6 18.0 166.39484228732644
321 6 19.0 149.97749384375973
321 6 2.0 98.27727306517924
321 6 20.0 114.96351760976158
321 6 21.0 101.33700982631726
321 6 22.0 106.4249033263362
321 6 23.0 84.15685336271743
321 6 24.0 128.60455850798172
321 6 25.0 85.01040999481387
321 6 26.0 113.72871370019902
321 6 27.0 154.49122852096363
321 6 28.0 134.0528416332464
321 6 29.0 123.64862725771606
321 6 3.0 123.22163695721969
321 6 30.0 99.26876989883583
321 6 31.0 124.83782574267485
321 6 32.0 161.997539813613
321 6 33.0 162.58214290555503
321 6 34.0 155.41262822801355
321 6 35.0 134.58606422859364
321 6 36.0 154.59380708015607
321 6 37.0 90.59430186623305
321 6 38.0 130.8381076665352
321 6 39.0 125.1967336778514
321 6 4.0 93.32401409262988
321 6 40.0 137.42680900564108
321 6 41.0 88.51228008235864
321 6 42.0 145.47440114986657
321 6 43.0 135.18648028090902
321 6 44.0 123.73652176923093
321 6 45.0 120.39286980465886
321 6 46.0 77.068345130396
321 6 47.0 143.20955442295949
321 6 48.0 112.91194833542937
321 6 49.0 121.38196745577252
321 6 5.0 130.74422241843422
321 6 50.0 142.19838965815768
321 6 51.0 140.6037468848
321 6 52.0 151.91970976028347
321 6 53.0 109.23990836781216
321 6 54.0 145.28878780765572
321 6 55.0 129.66305596910223
321 6 56.0 146.9139159920386
321 6 57.0 102.06437627926441
321 6 58.0 103.3361297605384
321 6 59.0 163.93619076604676
321 6 6.0 94.1703187408871
321 6 60.0 91.63626082145598
321 6 7.0 162.2288891727463
321 6 8.0 140.0932239814516
321 6 9.0 115.73662825034583
322 5 1.0 132.82136616029524
322 5 10.0 88.86333197217961
322 5 11.0 167.20965319763056
322 5 12.0 112.95006257569939
322 5 13.0 122.42637992378765
322 5 14.0 148.1918868257864
322 5 15.0 154.24346616637044
322 5 16.0 115.26990641374347
322 5 17.0 140.58005676834892
322 5 18.0 143.27386814028796
322 5 19.0 145.22313667900707
322 5 2.0 91.73420968076483
322 5 20.0 75.62537769585836
322 5 21.0 167.087487210465
322 5 22.0 157.20741554136788
322 5 23.0 118.20920600675346
322 5 24.0 137.4157436023812
322 5 25.0 83.55551204492075
322 5 26.0 137.06142963510766
322 5 27.0 154.8485312487485
322 5 28.0 159.5945265109928
322 5 29.0 126.83424743084001
322 5 3.0 105.38026605853491
322 5 30.0 124.64568021274972
322 5 31.0 76.22324330576251
322 5 32.0 122.1840449968887
322 5 33.0 136.17646968629074
322 5 34.0 121.74015676882556
322 5 35.0 133.28085639062937
322 5 36.0 113.7491469556311
322 5 37.0 99.09160257156063
322 5 38.0 87.66580435650745
322 5 39.0 133.63789264166272
322 5 4.0 116.27308287473406
322 5 40.0 128.86885449535552
322 5 41.0 97.2371928476674
322 5 42.0 128.67656391313486
322 5 43.0 100.44763540278662
322 5 44.0 145.69303566488966
322 5 45.0 110.62972175957921
322 5 46.0 122.3024806093222
322 5 47.0 137.1102808056428
322 5 48.0 168.72772947051863
322 5 49.0 144.40039691062478
322 5 5.0 98.49909225359656
322 5 50.0 125.02179287899189
322 5 51.0 149.84701622098092
322 5 52.0 130.51318383799455
322 5 53.0 136.33646920532246
322 5 54.0 160.39436115504722
322 5 55.0 148.26670022257196
322 5 56.0 137.71707856951699
322 5 57.0 136.57436992750002
322 5 58.0 146.76290506829014
322 5 59.0 115.43422867904695
322 5 6.0 103.65709366695401
322 5 60.0 94.35386742029299
322 5 7.0 96.42691162504283
322 5 8.0 102.76867731295611
322 5 9.0 78.45049838497255
322 6 1.0 114.89331569416082
322 6 10.0 109.59651916010688
322 6 11.0 100.57317020107554
322 6 12.0 158.04619377464462
322 6 13.0 161.4681753358009
322 6 14.0 126.24536274617779
322 6 15.0 140.7688180132244
322 6 16.0 171.151440991824
322 6 17.0 94.10020031701023
322 6 18.0 98.03361409427819
322 6 19.0 116.44374241598945
322 6 2.0 169.46604029236926
322 6 20.0 67.0071193398756
322 6 21.0 114.85464564290845
322 6 22.0 162.250076046054
322 6 23.0 92.83029329827663
322 6 24.0 120.06970750098986
322 6 25.0 141.88147490990465
322 6 26.0 118.22877004250459
322 6 27.0 112.19019877978104
322 6 28.0 129.85482305590423
322 6 29.0 126.46087617503109
322 6 3.0 145.14148898364482
322 6 30.0 87.96433802476881
322 6 31.0 69.09955424985117
322 6 32.0 152.5806563571948
322 6 33.0 129.1779031395976
322 6 34.0 147.94004830070693
322 6 35.0 132.0917017117796
322 6 36.0 131.53913052291335
322 6 37.0 112.61014608123347
322 6 38.0 171.31185306087903
322 6 39.0 112.38056394807943
322 6 4.0 158.67119713747886
322 6 40.0 119.13814255451992
322 6 41.0 114.94318812931503
322 6 42.0 105.05426828022856
322 6 43.0 109.50529303548048
322 6 44.0 147.6672340541185
322 6 45.0 171.0200693860385
322 6 46.0 109.96235526338445
322 6 47.0 137.5935592856893
322 6 48.0 120.14608807413894
322 6 49.0 141.5592028618888
322 6 5.0 117.48378722905689
322 6 50.0 148.64884567393597
322 6 51.0 113.1588640118806
322 6 52.0 149.8410890598015
322 6 53.0 149.4471527646371
322 6 54.0 102.26483641068958
322 6 55.0 144.00671537491104
322 6 56.0 147.06451215546684
322 6 57.0 99.7925211838334
322 6 58.0 141.06196725953416
322 6 59.0 149.51556050119527
322 6 6.0 150.65709309297569
322 6 60.0 123.24525150975623
322 6 7.0 149.40857825689304
322 6 8.0 114.62412350155397
322 6 9.0 142.1764636702063
323 5 1.0 119.07384687671328
323 5 10.0 100.93218060928028
323 5 11.0 127.95696098088101
323 5 12.0 86.51580852325574
323 5 13.0 139.21166315565986
323 5 14.0 108.90290360994018
323 5 15.0 130.09858061164712
323 5 16.0 119.94772404856127
323 5 17.0 122.32729935916315
323 5 18.0 119.27870592605552
323 5 19.0 144.22840669639848
323 5 2.0 127.61907206833439
323 5 20.0 109.30475224453603
323 5 21.0 151.23516296035643
323 5 22.0 99.77118039969326
323 5 23.0 136.7470884000713
323 5 24.0 112.11470910555299
323 5 25.0 112.7247866748727
323 5 26.0 123.88143160989814
323 5 27.0 130.0299489878402
323 5 28.0 143.01499368482115
323 5 29.0 124.33620477687616
323 5 3.0 125.723185106445
323 5 30.0 161.7385812865289
323 5 31.0 117.24141928534402
323 5 32.0 103.67211628848251
323 5 33.0 108.36605320346426
323 5 34.0 114.41407118823513
323 5 35.0 112.78757627330695
323 5 36.0 146.90078756438237
323 5 37.0 105.77998649224041
323 5 38.0 89.59673947128643
323 5 39.0 140.1008660123445
323 5 4.0 95.08180698675683
323 5 40.0 133.2579598488893
323 5 41.0 111.89170191521609
323 5 42.0 121.27773433072504
323 5 43.0 93.2462592036435
323 5 44.0 163.22077687347036
323 5 45.0 149.85317725741461
323 5 46.0 89.87456915821502
323 5 47.0 150.30748768760836
323 5 48.0 170.41617801249592
323 5 49.0 160.8812949211908
323 5 5.0 91.05845163499234
323 5 50.0 120.10285640137103
323 5 51.0 145.261456385357
323 5 52.0 175.3761264252489
323 5 53.0 116.53814141173459
323 5 54.0 127.27718436785413
323 5 55.0 148.28167255962353
323 5 56.0 169.32534652226644
323 5 57.0 147.27241132433664
323 5 58.0 87.04986808216294
323 5 59.0 158.60125326348384
323 5 6.0 108.50994191584793
323 5 60.0 95.60098684586123
323 5 7.0 101.32576719980106
323 5 8.0 138.54703521410613
323 5 9.0 87.65876287110142
323 6 1.0 95.12599880974527
323 6 10.0 156.0964865611541
323 6 11.0 77.46095346520433
323 6 12.0 91.16470656431265
323 6 13.0 100.5602341649587
323 6 14.0 130.2614193070691
323 6 15.0 121.7850029951901
323 6 16.0 107.41807922470706
323 6 17.0 88.045480549915
323 6 18.0 139.10737101112238
323 6 19.0 65.6407125955037
323 6 2.0 149.6109526305785
323 6 20.0 105.14147075588127
323 6 21.0 137.67098305776548
323 6 22.0 122.86421086393622
323 6 23.0 99.74225792510559
323 6 24.0 135.36334315413833
323 6 25.0 70.225708725562
323 6 26.0 95.76264529187205
323 6 27.0 126.58739060905454
323 6 28.0 134.2771790512132
323 6 29.0 105.09080351398225
323 6 3.0 101.16056781881635
323 6 30.0 129.00784101529638
323 6 31.0 116.63043986772283
323 6 32.0 154.93610679746172
323 6 33.0 136.2120603038615
323 6 34.0 130.37451181700422
323 6 35.0 106.32082064770599
323 6 36.0 129.5736836452705
323 6 37.0 86.75628304427187
323 6 38.0 130.49358534156346
323 6 39.0 121.06116549113428
323 6 4.0 163.17485718129907
323 6 40.0 164.1915682444557
323 6 41.0 113.76383881018245
323 6 42.0 117.95189108068313
323 6 43.0 99.0068376569336
323 6 44.0 131.64017962552884
323 6 45.0 142.18679088954974
323 6 46.0 96.18462838528461
323 6 47.0 115.75502719243369
323 6 48.0 142.58983879484074
323 6 49.0 103.37896125589775
323 6 5.0 104.14522729971905
323 6 50.0 150.0577468844982
323 6 51.0 122.90173543421866
323 6 52.0 106.37798651717561
323 6 53.0 132.06729517248235
323 6 54.0 168.08444622354986
323 6 55.0 152.21633948843208
323 6 56.0 144.47194780264593
323 6 57.0 99.45501367663506
323 6 58.0 117.61167758269643
323 6 59.0 150.89593012613173
323 6 6.0 107.65205918864285
323 6 60.0 88.8850544723731
323 6 7.0 170.54427884849864
323 6 8.0 154.99129914858864
323 6 9.0 127.35497578245393
324 5 1.0 108.51765998809219
324 5 10.0 155.2294634774382
324 5 11.0 115.90728814274496
324 5 12.0 126.45420906794268
324 5 13.0 134.05787512314228
324 5 14.0 147.13957936332937
324 5 15.0 151.770192752826
324 5 16.0 146.15153487688883
324 5 17.0 108.3121455993858
324 5 18.0 150.01762782647432
324 5 19.0 132.28073190940285
324 5 2.0 89.89703047410615
324 5 20.0 97.81574007775143
324 5 21.0 128.7292331390582
324 5 22.0 138.69810248890562
324 5 23.0 132.62865593380224
324 5 24.0 95.71485491738805
324 5 25.0 107.5933691883319
324 5 26.0 98.97487308407415
324 5 27.0 117.73017580306394
324 5 28.0 119.67570805062637
324 5 29.0 129.1975586609816
324 5 3.0 115.24780764546097
324 5 30.0 132.41522505505128
324 5 31.0 122.45599913797768
324 5 32.0 136.53900767876686
324 5 33.0 171.23668531207156
324 5 34.0 160.8748913748911
324 5 35.0 102.12166194211486
324 5 36.0 125.71287021912362
324 5 37.0 85.855316021943
324 5 38.0 93.10197929471637
324 5 39.0 162.074882428166
324 5 4.0 114.25482045933738
324 5 40.0 102.96578248294855
324 5 41.0 93.25623330830798
324 5 42.0 127.23703998560961
324 5 43.0 102.87143395719355
324 5 44.0 165.43404709616232
324 5 45.0 162.07613159203004
324 5 46.0 105.00963447258924
324 5 47.0 150.2114975955341
324 5 48.0 134.0590841824009
324 5 49.0 87.48037058854219
324 5 5.0 104.49430259536214
324 5 50.0 149.11714512882156
324 5 51.0 165.72362622782086
324 5 52.0 155.2084401079411
324 5 53.0 145.4550474757261
324 5 54.0 115.16792664238366
324 5 55.0 132.89382797980824
324 5 56.0 158.1894560523592
324 5 57.0 130.97509621542704
324 5 58.0 164.08628196205106
324 5 59.0 95.71070754194777
324 5 6.0 111.92897341476944
324 5 60.0 103.51796006431151
324 5 7.0 158.58896089347266
324 5 8.0 130.53897118481154
324 5 9.0 123.34889621147732
324 6 1.0 131.91819159017393
324 6 10.0 113.08723062570695
324 6 11.0 121.06197788031957
324 6 12.0 97.09389849459347
324 6 13.0 146.68093929120815
324 6 14.0 140.53738887319923
324 6 15.0 121.78282463288267
324 6 16.0 116.06338088699377
324 6 17.0 97.31677668934104
324 6 18.0 147.6715291127391
324 6 19.0 69.7361160526285
324 6 2.0 100.83210845481446
324 6 20.0 100.4684514582433
324 6 21.0 144.44554547327
324 6 22.0 158.14094696110166
324 6 23.0 139.54245440575005
324 6 24.0 170.42700943435221
324 6 25.0 103.05989550931714
324 6 26.0 91.77275200569898
324 6 27.0 158.39471481524836
324 6 28.0 157.73942485833658
324 6 29.0 138.75830774609477
324 6 3.0 132.9106332331278
324 6 30.0 149.38328698633725
324 6 31.0 158.5285476176854
324 6 32.0 151.18687412330425
324 6 33.0 126.28135882222331
324 6 34.0 123.09843557367921
324 6 35.0 164.94533425055062
324 6 36.0 63.65051131106648
324 6 37.0 175.42482974423427
324 6 38.0 132.2282256545041
324 6 39.0 139.9027035697383
324 6 4.0 143.43370866277326
324 6 40.0 137.32107145538984
324 6 41.0 107.94518168293669
324 6 42.0 100.46914308603309
324 6 43.0 94.47813355109554
324 6 44.0 169.24323902265297
324 6 45.0 150.2348079311126
324 6 46.0 104.80527941301904
324 6 47.0 88.32636823821849
324 6 48.0 108.54424025586047
324 6 49.0 150.91349293808636
324 6 5.0 172.9914235634026
324 6 50.0 154.14628799402732
324 6 51.0 140.41226101132193
324 6 52.0 128.68215302193047
324 6 53.0 106.01530932037001
324 6 54.0 147.57091504345
324 6 55.0 155.46457456157611
324 6 56.0 176.39527650386106
324 6 57.0 136.63125493291287
324 6 58.0 120.8511784326355
324 6 59.0 146.4504686156667
324 6 6.0 141.30567483945143
324 6 60.0 81.45345634768235
324 6 7.0 123.37083974324266
324 6 8.0 169.8232051633738
324 6 9.0 144.88898810569427
325 5 1.0 126.99092758362289
325 5 10.0 124.73042980553272
325 5 11.0 87.07463237510242
325 5 12.0 108.32987263104032
325 5 13.0 87.16870303945088
325 5 14.0 149.09102903508125
325 5 15.0 138.55981243293894
325 5 16.0 134.36042506265014
325 5 17.0 162.79277584909377
325 5 18.0 119.67311290797709
325 5 19.0 127.9856503137447
325 5 2.0 78.33464582314448
325 5 20.0 95.20242585828053
325 5 21.0 120.4229894641485
325 5 22.0 152.32769469228617
325 5 23.0 118.20384021385878
325 5 24.0 104.34262257738017
325 5 25.0 170.6388748848495
325 5 26.0 107.1637707115735
325 5 27.0 115.19520777613538
325 5 28.0 103.85514715050442
325 5 29.0 105.88139716156189
325 5 3.0 147.86496247234524
325 5 30.0 94.95068882078432
325 5 31.0 115.78678121461515
325 5 32.0 114.58910438796728
325 5 33.0 123.80568591117563
325 5 34.0 167.91776592203976
325 5 35.0 129.86479840752492
325 5 36.0 88.22153358095953
325 5 37.0 97.32639427710842
325 5 38.0 79.47276488613882
325 5 39.0 132.6410895953782
325 5 4.0 105.89469397320902
325 5 40.0 155.35019904653842
325 5 41.0 102.09601324549402
325 5 42.0 131.25342774802903
325 5 43.0 148.5240694938239
325 5 44.0 160.41749422757894
325 5 45.0 138.1992506725529
325 5 46.0 105.99361459615832
325 5 47.0 166.7483542956074
325 5 48.0 119.92247063580277
325 5 49.0 172.41010316176983
325 5 5.0 121.27982997504209
325 5 50.0 141.16245944175773
325 5 51.0 152.12975283574823
325 5 52.0 125.74485204874166
325 5 53.0 141.4495015926613
325 5 54.0 129.34671201311184
325 5 55.0 164.2348685479014
325 5 56.0 136.99294212676938
325 5 57.0 93.11981887358944
325 5 58.0 101.97161156947314
325 5 59.0 117.91652958504159
325 5 6.0 149.96955352935302
325 5 60.0 113.83348842766496
325 5 7.0 78.84306662452202
325 5 8.0 124.71798067624898
325 5 9.0 106.81486361646637
325 6 1.0 151.8315632898181
325 6 10.0 111.95575266563725
325 6 11.0 111.37748433885122
325 6 12.0 121.56752313219847
325 6 13.0 129.19837108001806
325 6 14.0 125.46100334226423
325 6 15.0 126.25664894742827
325 6 16.0 157.39458332686388
325 6 17.0 86.12739979659543
325 6 18.0 83.1384274090463
325 6 19.0 68.22303304720195
325 6 2.0 106.31759570184525
325 6 20.0 142.64390034975932
325 6 21.0 101.59163452282922
325 6 22.0 127.7265817661218
325 6 23.0 92.9276683374835
325 6 24.0 77.23442138851888
325 6 25.0 133.72443082668312
325 6 26.0 132.65894248007461
325 6 27.0 109.77872173821164
325 6 28.0 130.60752740124218
325 6 29.0 105.85385556238155
325 6 3.0 143.65135035218648
325 6 30.0 161.53976441929868
325 6 31.0 139.8657700357683
325 6 32.0 137.5254978174471
325 6 33.0 128.41789526864403
325 6 34.0 163.82686415298136
325 6 35.0 126.74357696692744
325 6 36.0 138.4918409916284
325 6 37.0 131.35048599218462
325 6 38.0 109.24990085158012
325 6 39.0 88.27645422659529
325 6 4.0 155.00878071039278
325 6 40.0 136.67847103645587
325 6 41.0 118.28801561956188
325 6 42.0 126.6685717345044
325 6 43.0 93.10551108098188
325 6 44.0 141.91273446927696
325 6 45.0 122.32035655465553
325 6 46.0 104.83176812604626
325 6 47.0 120.8343282745794
325 6 48.0 135.9842427883502
325 6 49.0 127.62249296467348
325 6 5.0 127.20864513502148
325 6 50.0 86.66175139618737
325 6 51.0 171.25145450262877
325 6 52.0 97.5811951728619
325 6 53.0 133.63023237189518
325 6 54.0 125.49075332052719
325 6 55.0 138.8520895735105
325 6 56.0 97.89691622821051
325 6 57.0 165.32829540296325
325 6 58.0 95.04028505572052
325 6 59.0 165.97958714877512
325 6 6.0 94.40143642133688
325 6 60.0 122.2186700176766
325 6 7.0 136.07770387977638
325 6 8.0 128.13648139106783
325 6 9.0 158.76963127533827
326 5 1.0 152.2057887122936
326 5 10.0 157.38503416816678
326 5 11.0 118.23270847539662
326 5 12.0 96.8686104963807
326 5 13.0 157.51445859478196
326 5 14.0 165.13726066394028
326 5 15.0 164.74412066791183
326 5 16.0 140.0133062178142
326 5 17.0 133.6767850892248
326 5 18.0 93.20946107818256
326 5 19.0 132.53864288494174
326 5 2.0 148.25365422205005
326 5 20.0 121.23548296547526
326 5 21.0 134.19538696348843
326 5 22.0 139.58250897969168
326 5 23.0 168.37197374395456
326 5 24.0 155.41655920544184
326 5 25.0 109.66929272327334
326 5 26.0 130.2010788005694
326 5 27.0 132.12777132079881
326 5 28.0 124.50508792096798
326 5 29.0 103.12542585942113
326 5 3.0 114.66359228075562
326 5 30.0 148.21423221173654
326 5 31.0 116.1126946056409
326 5 32.0 88.35750850099082
326 5 33.0 147.97622797431845
326 5 34.0 112.98857207886854
326 5 35.0 174.84736273825874
326 5 36.0 106.9445900205791
326 5 37.0 94.56886681583883
326 5 38.0 78.62759511153166
326 5 39.0 147.34459288355654
326 5 4.0 167.47129411141066
326 5 40.0 137.84245410486383
326 5 41.0 121.39807289487806
326 5 42.0 139.08120795067222
326 5 43.0 125.99771585485283
326 5 44.0 159.53776122520367
326 5 45.0 78.5300165589759
326 5 46.0 121.01910580595504
326 5 47.0 144.5668300176345
326 5 48.0 155.9523466695123
326 5 49.0 172.46374286871117
326 5 5.0 132.6712017241019
326 5 50.0 109.93114139291382
326 5 51.0 139.98152719270712
326 5 52.0 140.9250876971572
326 5 53.0 149.43237308174457
326 5 54.0 100.0088901792558
326 5 55.0 114.70853868966316
326 5 56.0 114.75257488393328
326 5 57.0 124.83250045970924
326 5 58.0 119.3639674490116
326 5 59.0 124.17009117451165
326 5 6.0 103.62504227637945
326 5 60.0 105.90139491839783
326 5 7.0 144.36169247785463
326 5 8.0 158.37681604340685
326 5 9.0 86.09965325089
326 6 1.0 120.33443921255379
326 6 10.0 163.1336741365434
326 6 11.0 113.79085400195738
326 6 12.0 141.27740802627355
326 6 13.0 108.57888445977554
326 6 14.0 148.04251764077125
326 6 15.0 115.83590512242245
326 6 16.0 129.47288128530084
326 6 17.0 159.75336622837312
326 6 18.0 85.59441878010236
326 6 19.0 129.0723440706804
326 6 2.0 110.69911539035348
326 6 20.0 120.18422104819345
326 6 21.0 120.29201088888946
326 6 22.0 118.98419799074094
326 6 23.0 94.58021058703285
326 6 24.0 129.19387690386517
326 6 25.0 115.0522342760581
326 6 26.0 117.06214992838646
326 6 27.0 118.08539963503192
326 6 28.0 163.54798208233208
326 6 29.0 111.32898612333038
326 6 3.0 115.74014808835035
326 6 30.0 131.9685603692857
326 6 31.0 106.31126780080575
326 6 32.0 125.85585636385264
326 6 33.0 136.576159727248
326 6 34.0 123.77108882887363
326 6 35.0 124.915749753351
326 6 36.0 133.4170101998339
326 6 37.0 95.80079542995728
326 6 38.0 122.8470298429595
326 6 39.0 84.47468076197693
326 6 4.0 146.58543532175912
326 6 40.0 97.49058046060611
326 6 41.0 96.61498868993625
326 6 42.0 97.5519267706377
326 6 43.0 90.03628378168366
326 6 44.0 92.88027907799615
326 6 45.0 104.81468969145675
326 6 46.0 108.68879521767299
326 6 47.0 106.72682574215942
326 6 48.0 106.52817459435688
326 6 49.0 127.02830372760367
326 6 5.0 126.79844596073798
326 6 50.0 166.9768056787548
326 6 51.0 138.96149295912988
326 6 52.0 148.73372765665908
326 6 53.0 130.51087812933977
326 6 54.0 128.5979084093294
326 6 55.0 118.80588498565373
326 6 56.0 88.16665367866355
326 6 57.0 109.78223766309793
326 6 58.0 119.06565927533224
326 6 59.0 111.57414560150252
326 6 6.0 168.13667647764618
326 6 60.0 134.41346337056197
326 6 7.0 152.4806929096693
326 6 8.0 146.5148475055501
326 6 9.0 94.93164202976268
327 5 1.0 139.84923296026435
327 5 10.0 130.4075605936987
327 5 11.0 121.82829268742897
327 5 12.0 128.5460027572506
327 5 13.0 133.7985408426277
327 5 14.0 156.8897658287714
327 5 15.0 159.19616160983927
327 5 16.0 121.89652211362007
327 5 17.0 126.0351239103688
327 5 18.0 95.0727316769867
327 5 19.0 145.61085690409053
327 5 2.0 131.6735640663439
327 5 20.0 102.6767058263344
327 5 21.0 122.20799134366085
327 5 22.0 126.29687680988822
327 5 23.0 125.05927211983338
327 5 24.0 116.63744918752617
327 5 25.0 165.92327306937182
327 5 26.0 133.4936665916516
327 5 27.0 136.49693169848544
327 5 28.0 125.48232435081482
327 5 29.0 119.0445359527886
327 5 3.0 110.82525657289405
327 5 30.0 107.00229062467598
327 5 31.0 99.66732253231918
327 5 32.0 154.93829601971146
327 5 33.0 136.25207060927517
327 5 34.0 161.28819739347352
327 5 35.0 144.08329268360472
327 5 36.0 101.2378715824928
327 5 37.0 133.51043894981947
327 5 38.0 75.38369957434477
327 5 39.0 139.36513143046264
327 5 4.0 137.61862622651685
327 5 40.0 105.73353993929945
327 5 41.0 164.89116298168918
327 5 42.0 138.53283226359278
327 5 43.0 159.08201391101707
327 5 44.0 129.8277726694048
327 5 45.0 130.39167348893713
327 5 46.0 102.83025805057675
327 5 47.0 113.9628947750621
327 5 48.0 128.130086214092
327 5 49.0 106.07115515881276
327 5 5.0 101.49083721609387
327 5 50.0 127.77193058543935
327 5 51.0 99.394314396981
327 5 52.0 104.59784441744938
327 5 53.0 162.40755063176465
327 5 54.0 95.45371865955659
327 5 55.0 139.2130616324668
327 5 56.0 140.18205886101302
327 5 57.0 124.37511799357895
327 5 58.0 100.73463260972115
327 5 59.0 139.68202989774133
327 5 6.0 101.09635954174729
327 5 60.0 78.05586566348194
327 5 7.0 106.98235876906296
327 5 8.0 83.79301221919035
327 5 9.0 95.75439234981917
327 6 1.0 162.3130085872985
327 6 10.0 137.1897250540244
327 6 11.0 123.69440461694127
327 6 12.0 133.38824988556564
327 6 13.0 140.50321122549914
327 6 14.0 156.05903350769128
327 6 15.0 110.51650266055567
327 6 16.0 139.67684664439133
327 6 17.0 148.9044279744564
327 6 18.0 151.4427426441523
327 6 19.0 168.85530430730998
327 6 2.0 159.9660832932922
327 6 20.0 78.57385585643219
327 6 21.0 140.4276109205237
327 6 22.0 81.92323526963301
327 6 23.0 78.62060606592281
327 6 24.0 126.9740192266585
327 6 25.0 141.66086072423107
327 6 26.0 112.40449715146251
327 6 27.0 140.2108295906869
327 6 28.0 152.56828374226208
327 6 29.0 116.63093503834398
327 6 3.0 134.39292546797327
327 6 30.0 76.07396942270526
327 6 31.0 140.85044653833543
327 6 32.0 103.28549711621814
327 6 33.0 140.69618042339278
327 6 34.0 148.23120517646345
327 6 35.0 151.92835914401513
327 6 36.0 167.36049238514107
327 6 37.0 124.1620992365034
327 6 38.0 123.55768879992843
327 6 39.0 166.09155743051562
327 6 4.0 137.54213371831645
327 6 40.0 82.80259070320741
327 6 41.0 119.75257609653146
327 6 42.0 152.26408641304255
327 6 43.0 85.610393913973
327 6 44.0 107.75122889457904
327 6 45.0 97.08710771742865
327 6 46.0 98.37745889944419
327 6 47.0 94.86279114685951
327 6 48.0 154.3253680225801
327 6 49.0 118.65387545278008
327 6 5.0 120.56550563490799
327 6 50.0 85.31134786448985
327 6 51.0 156.48413569427152
327 6 52.0 159.51082247722678
327 6 53.0 109.55004237058344
327 6 54.0 107.89171828596895
327 6 55.0 143.6198609985482
327 6 56.0 174.45898724690204
327 6 57.0 108.90398125244614
327 6 58.0 95.92736243947154
327 6 59.0 166.31360487517728
327 6 6.0 109.75601961923391
327 6 60.0 79.19675606123576
327 6 7.0 135.3728932235505
327 6 8.0 114.10108500965575
327 6 9.0 123.58713719661112
328 5 1.0 152.38831047970484
328 5 10.0 137.51057161056767
328 5 11.0 152.28098029980023
328 5 12.0 87.12603480304432
328 5 13.0 149.184860745122
328 5 14.0 99.56104488161299
328 5 15.0 173.07847905264885
328 5 16.0 146.16399764965118
328 5 17.0 146.77411520345063
328 5 18.0 127.34302047905163
328 5 19.0 116.03704633893906
328 5 2.0 126.19138227649952
328 5 20.0 106.31246027508561
328 5 21.0 132.43119424850008
328 5 22.0 128.12588155728608
328 5 23.0 152.14252933918772
328 5 24.0 170.24569837798288
328 5 25.0 119.68471247792756
328 5 26.0 141.6574545152392
328 5 27.0 115.2124035189327
328 5 28.0 142.97929284010613
328 5 29.0 131.60506764901865
328 5 3.0 158.51826385877757
328 5 30.0 173.76054146159686
328 5 31.0 119.27277262033013
328 5 32.0 152.03045479980176
328 5 33.0 164.49101593365137
328 5 34.0 166.39989989441153
328 5 35.0 165.70373625466067
328 5 36.0 131.97306012304156
328 5 37.0 142.7043742487819
328 5 38.0 89.17819792793448
328 5 39.0 133.65373692621677
328 5 4.0 139.7307886130947
328 5 40.0 131.59238268731826
328 5 41.0 118.25144495228697
328 5 42.0 123.82655565619261
328 5 43.0 126.32664331017578
328 5 44.0 117.36606757275999
328 5 45.0 113.90942214502854
328 5 46.0 109.87582432304376
328 5 47.0 113.11766196683801
328 5 48.0 169.4936087302896
328 5 49.0 146.11853576818766
328 5 5.0 99.73280917740104
328 5 50.0 130.99093591223
328 5 51.0 148.3188824181946
328 5 52.0 167.31350857282962
328 5 53.0 160.4969001679685
328 5 54.0 88.29888687142393
328 5 55.0 153.39311506714745
328 5 56.0 123.37280617022108
328 5 57.0 130.68571587158584
328 5 58.0 77.51506340744963
328 5 59.0 153.50841336223576
328 5 6.0 89.24652064888956
328 5 60.0 112.39144652915435
328 5 7.0 96.35322242792532
328 5 8.0 105.28237267053171
328 5 9.0 88.46836043582901
328 6 1.0 135.82304877285983
328 6 10.0 119.18696621870976
328 6 11.0 120.63433960482276
328 6 12.0 134.90040251089113
328 6 13.0 138.80224314563358
328 6 14.0 129.5636411331701
328 6 15.0 92.13073684891398
328 6 16.0 123.40419082398344
328 6 17.0 107.39745722408551
328 6 18.0 115.71161452220024
328 6 19.0 90.08439023538008
328 6 2.0 164.17076909659437
328 6 20.0 98.43436710550786
328 6 21.0 163.41653449093872
328 6 22.0 137.49057300259383
328 6 23.0 107.90611091454163
328 6 24.0 146.38207598906436
328 6 25.0 167.63833692130646
328 6 26.0 99.21572098859446
328 6 27.0 142.2332821687284
328 6 28.0 111.8503890033276
328 6 29.0 137.05361456723364
328 6 3.0 143.93624190246567
328 6 30.0 142.814843713448
328 6 31.0 162.84404357296015
328 6 32.0 96.51595919080059
328 6 33.0 105.24523644790835
328 6 34.0 147.16648013166756
328 6 35.0 120.05911795325792
328 6 36.0 151.97403323020436
328 6 37.0 130.8504239666486
328 6 38.0 158.94355514912468
328 6 39.0 121.51045159894059
328 6 4.0 136.3123466604336
328 6 40.0 94.70341079634878
328 6 41.0 114.07040246370576
328 6 42.0 103.22051973982244
328 6 43.0 123.40137039373151
328 6 44.0 146.1277438298503
328 6 45.0 135.2966645254709
328 6 46.0 74.33082484299706
328 6 47.0 110.02550783086473
328 6 48.0 112.81325481280881
328 6 49.0 126.52339586354182
328 6 5.0 85.72879181403627
328 6 50.0 161.4562565874728
328 6 51.0 153.90676499031048
328 6 52.0 142.8883598013231
328 6 53.0 151.84958035705546
328 6 54.0 116.60622813362937
328 6 55.0 165.5167726610369
328 6 56.0 154.53757996120254
328 6 57.0 102.19103530648195
328 6 58.0 124.11356457640893
328 6 59.0 133.7768590757941
328 6 6.0 147.25967293070977
328 6 60.0 125.79998729448131
328 6 7.0 134.91096740605846
328 6 8.0 75.46208289938397
328 6 9.0 120.95069397572614
329 5 1.0 151.31510598656314
329 5 10.0 99.66941531217772
329 5 11.0 115.45367944718265
329 5 12.0 148.47332458416122
329 5 13.0 156.86002197396218
329 5 14.0 111.83467316735073
329 5 15.0 156.0587908172673
329 5 16.0 106.97219812431733
329 5 17.0 104.09353724119238
329 5 18.0 153.0634336265408
329 5 19.0 169.1565282201966
329 5 2.0 103.06896719349228
329 5 20.0 114.63362068824995
329 5 21.0 130.69835271918777
329 5 22.0 100.19015137049097
329 5 23.0 156.28775105301682
329 5 24.0 150.28166861990786
329 5 25.0 92.53713609950978
329 5 26.0 126.87424602473146
329 5 27.0 129.2016955721206
329 5 28.0 123.94627769957273
329 5 29.0 147.80604281607384
329 5 3.0 130.76375644795561
329 5 30.0 139.04009760011195
329 5 31.0 118.51627952858026
329 5 32.0 148.9153076233686
329 5 33.0 115.36023671202877
329 5 34.0 122.09909897934945
329 5 35.0 151.2870201259777
329 5 36.0 111.53971972181785
329 5 37.0 105.03323627528508
329 5 38.0 99.52158898126919
329 5 39.0 145.64025045679483
329 5 4.0 129.89052132899394
329 5 40.0 113.01249521038558
329 5 41.0 142.61409426562133
329 5 42.0 94.56136071421595
329 5 43.0 122.05273763439857
329 5 44.0 141.27150088192477
329 5 45.0 135.49579638983886
329 5 46.0 104.0984077366242
329 5 47.0 147.6930187727531
329 5 48.0 148.70511565264428
329 5 49.0 140.40478430151157
329 5 5.0 97.46129682417903
329 5 50.0 141.06603766632364
329 5 51.0 115.06769912500405
329 5 52.0 117.85469178174598
329 5 53.0 133.48969120659376
329 5 54.0 100.58153632187788
329 5 55.0 137.0054846142151
329 5 56.0 107.79657426029735
329 5 57.0 124.20398590010072
329 5 58.0 104.76892459568755
329 5 59.0 156.51855948903838
329 5 6.0 161.0036999545627
329 5 60.0 93.23689364176758
329 5 7.0 134.09224484124945
329 5 8.0 96.7275174807769
329 5 9.0 84.31315291283357
329 6 1.0 107.55384314264495
329 6 10.0 136.2435411374693
329 6 11.0 113.01800861927495
329 6 12.0 98.93757641560556
329 6 13.0 152.98044910629324
329 6 14.0 118.74775852300812
329 6 15.0 100.28594713276411
329 6 16.0 150.7940792222067
329 6 17.0 141.51350319562852
329 6 18.0 121.37788329269905
329 6 19.0 102.99306328372751
329 6 2.0 135.55803625957026
329 6 20.0 163.64343911309413
329 6 21.0 145.21860419915112
329 6 22.0 149.33948060794782
329 6 23.0 111.89914503483315
329 6 24.0 96.65152069230379
329 6 25.0 90.20641641100757
329 6 26.0 99.29012070135714
329 6 27.0 149.16477187583396
329 6 28.0 124.6771699953005
329 6 29.0 116.29102988229926
329 6 3.0 146.67477834695967
329 6 30.0 117.11503753742345
329 6 31.0 97.16598339766733
329 6 32.0 131.55241563231206
329 6 33.0 103.19350105125092
329 6 34.0 126.25799216041881
329 6 35.0 95.401084381161
329 6 36.0 98.1204514573345
329 6 37.0 122.49201710334056
329 6 38.0 73.19260930489561
329 6 39.0 102.09494662813661
329 6 4.0 155.77588114368302
329 6 40.0 156.4607723874927
329 6 41.0 132.55203280887048
329 6 42.0 114.97339959243446
329 6 43.0 111.16657345112405
329 6 44.0 146.3678685321714
329 6 45.0 144.13300988627512
329 6 46.0 117.32633431719046
329 6 47.0 157.89965972942062
329 6 48.0 136.21589957362866
329 6 49.0 155.49328410853988
329 6 5.0 116.6728089850786
329 6 50.0 139.06907353135003
329 6 51.0 151.30974768655216
329 6 52.0 167.91252086745186
329 6 53.0 122.59703456818092
329 6 54.0 144.8797836987624
329 6 55.0 160.30879579720522
329 6 56.0 82.36968706326086
329 6 57.0 123.90253697670188
329 6 58.0 136.45446047954493
329 6 59.0 139.7302143650584
329 6 6.0 85.86953865370893
329 6 60.0 93.4739766737926
329 6 7.0 128.8237298581588
329 6 8.0 102.11929778333293
329 6 9.0 85.39277430527834
330 5 1.0 148.7502366789999
330 5 10.0 147.28896957936237
330 5 11.0 137.4048515888592
330 5 12.0 98.82683434992292
330 5 13.0 140.92791370774134
330 5 14.0 79.45379883532881
330 5 15.0 116.70211333119273
330 5 16.0 146.77404531079185
330 5 17.0 160.62305510795238
330 5 18.0 133.2598354743212
330 5 19.0 172.14150516483033
330 5 2.0 105.02743780967496
330 5 20.0 110.30546868704708
330 5 21.0 112.86463874589224
330 5 22.0 142.75649842032877
330 5 23.0 137.32001268863993
330 5 24.0 85.00906651932057
330 5 25.0 150.08977161549646
330 5 26.0 111.09144432940988
330 5 27.0 166.94521422486145
330 5 28.0 96.16469788037021
330 5 29.0 130.62783566136116
330 5 3.0 93.37704389564931
330 5 30.0 124.85243503142623
330 5 31.0 115.26683737181803
330 5 32.0 93.43877746855661
330 5 33.0 141.5754450823622
330 5 34.0 122.43947441751642
330 5 35.0 106.53499760373347
330 5 36.0 95.66236191242028
330 5 37.0 142.42200038006536
330 5 38.0 78.74254106939168
330 5 39.0 107.39946254237047
330 5 4.0 95.6844460077656
330 5 40.0 131.8070857604699
330 5 41.0 164.00494224078778
330 5 42.0 109.53643314448954
330 5 43.0 94.45071324271184
330 5 44.0 105.79968232613422
330 5 45.0 129.95752601380727
330 5 46.0 111.5807842908434
330 5 47.0 86.85512465290321
330 5 48.0 156.45684153435454
330 5 49.0 143.84298364469646
330 5 5.0 78.41915484466081
330 5 50.0 134.8890946771031
330 5 51.0 104.04957086869699
330 5 52.0 156.27879699351584
330 5 53.0 97.68126717034353
330 5 54.0 93.04656703360001
330 5 55.0 106.51786730157866
330 5 56.0 114.07790291159405
330 5 57.0 136.52215623878018
330 5 58.0 100.95222460834964
330 5 59.0 88.37079410533296
330 5 6.0 118.47874323382047
330 5 60.0 82.65887098172527
330 5 7.0 163.9355409664772
330 5 8.0 144.88015430751364
330 5 9.0 135.50187764829505
330 6 1.0 139.504784154862
330 6 10.0 120.36760214773128
330 6 11.0 129.07990014524663
330 6 12.0 110.09305395131125
330 6 13.0 174.44052103120157
330 6 14.0 98.92715682737347
330 6 15.0 127.6427015317099
330 6 16.0 164.49838441307796
330 6 17.0 114.36472530023391
330 6 18.0 97.88154164154871
330 6 19.0 129.80324247927595
330 6 2.0 123.97114580463604
330 6 20.0 105.60698579138248
330 6 21.0 107.89130291640758
330 6 22.0 121.43772880258064
330 6 23.0 106.77353933897355
330 6 24.0 125.17943401910766
330 6 25.0 164.25107783520417
330 6 26.0 98.36023814674093
330 6 27.0 114.45159070240683
330 6 28.0 117.3885938008031
330 6 29.0 85.07792766192519
330 6 3.0 160.56393776249354
330 6 30.0 139.29346803441362
330 6 31.0 127.31314972504521
330 6 32.0 148.79424977685423
330 6 33.0 143.14126746177558
330 6 34.0 119.85821017980027
330 6 35.0 65.67624266567263
330 6 36.0 116.55766473143568
330 6 37.0 120.97179168159371
330 6 38.0 85.30785343434549
330 6 39.0 111.0654261105204
330 6 4.0 167.80140940615433
330 6 40.0 142.04805941552624
330 6 41.0 83.39480180000352
330 6 42.0 112.83804571410423
330 6 43.0 107.35292619459058
330 6 44.0 148.1302204868467
330 6 45.0 94.51601277135306
330 6 46.0 99.26731364893757
330 6 47.0 150.53074805396884
330 6 48.0 117.29546622657746
330 6 49.0 153.64242176667952
330 6 5.0 146.41857291564548
330 6 50.0 104.78405803927036
330 6 51.0 130.56618622530166
330 6 52.0 170.25722351680142
330 6 53.0 130.55585256137533
330 6 54.0 95.60145844893539
330 6 55.0 164.61243240072355
330 6 56.0 90.15283816131377
330 6 57.0 88.92639272315998
330 6 58.0 75.45012597568703
330 6 59.0 128.12926266290813
330 6 6.0 105.47970428889363
330 6 60.0 112.79286449485127
330 6 7.0 110.9757038159635
330 6 8.0 105.6829381527151
330 6 9.0 137.7362561331139
331 5 1.0 159.13982506517507
331 5 10.0 122.35044770048016
331 5 11.0 121.82516569386644
331 5 12.0 141.11903470816966
331 5 13.0 85.24548956122452
331 5 14.0 109.51295542870552
331 5 15.0 175.5974508751345
331 5 16.0 144.05145606603043
331 5 17.0 109.3133525686448
331 5 18.0 130.42448600724933
331 5 19.0 167.8396565902882
331 5 2.0 66.87287345515331
331 5 20.0 130.09047732421868
331 5 21.0 148.22250443017163
331 5 22.0 135.04196156836304
331 5 23.0 97.81829178485359
331 5 24.0 106.7660606203669
331 5 25.0 125.40947135944795
331 5 26.0 81.64662940950181
331 5 27.0 102.64069526062441
331 5 28.0 144.5815513944772
331 5 29.0 165.0205343774223
331 5 3.0 131.77536377930028
331 5 30.0 83.1469480491125
331 5 31.0 103.24929155045534
331 5 32.0 133.0424920817169
331 5 33.0 117.23117697669814
331 5 34.0 162.1542960042777
331 5 35.0 114.66929790249918
331 5 36.0 92.48781599816186
331 5 37.0 118.82845920887374
331 5 38.0 78.09391805126425
331 5 39.0 130.20089533214835
331 5 4.0 86.25989330031929
331 5 40.0 123.68091900919438
331 5 41.0 96.46060198657187
331 5 42.0 104.06602933297702
331 5 43.0 129.20865709783533
331 5 44.0 104.26579302533209
331 5 45.0 103.35132994776956
331 5 46.0 130.50094347820072
331 5 47.0 176.25189212830782
331 5 48.0 143.85683321886765
331 5 49.0 152.6145594375944
331 5 5.0 81.63066080609948
331 5 50.0 153.43318597182704
331 5 51.0 154.74922290868216
331 5 52.0 171.13806589010784
331 5 53.0 119.00097735247031
331 5 54.0 95.02600753406358
331 5 55.0 153.80590996735617
331 5 56.0 115.87638543430967
331 5 57.0 146.92718617402303
331 5 58.0 112.29181561313035
331 5 59.0 115.9916185995244
331 5 6.0 99.79132244794462
331 5 60.0 98.46060143455952
331 5 7.0 111.68425406037737
331 5 8.0 116.79787063162142
331 5 9.0 115.6188986734807
331 6 1.0 117.24926138462114
331 6 10.0 113.54080752441273
331 6 11.0 131.9371265497047
331 6 12.0 108.56727387371438
331 6 13.0 103.38836487378137
331 6 14.0 105.83933932305445
331 6 15.0 143.32243983567844
331 6 16.0 154.14487470919752
331 6 17.0 100.86905327378943
331 6 18.0 114.53010001402602
331 6 19.0 123.6105839068737
331 6 2.0 139.98229414428283
331 6 20.0 98.05803799414204
331 6 21.0 139.31559075672547
331 6 22.0 144.7212309762713
331 6 23.0 150.292255356167
331 6 24.0 105.97351571591531
331 6 25.0 125.16983300084674
331 6 26.0 101.23286392006366
331 6 27.0 122.03761188651228
331 6 28.0 121.0649807552109
331 6 29.0 127.1806864191147
331 6 3.0 84.09798889849571
331 6 30.0 136.514687395469
331 6 31.0 116.90216098325304
331 6 32.0 173.1754714305218
331 6 33.0 132.12918124945082
331 6 34.0 114.15034884417757
331 6 35.0 120.49335601928256
331 6 36.0 113.46346803258257
331 6 37.0 127.73844628202787
331 6 38.0 122.30921367050664
331 6 39.0 97.00100570248506
331 6 4.0 154.68092134230565
331 6 40.0 106.0323232894275
331 6 41.0 120.92871431646218
331 6 42.0 128.02809234289904
331 6 43.0 121.49704924219024
331 6 44.0 153.8806499680533
331 6 45.0 140.87987129792356
331 6 46.0 81.37272181253375
331 6 47.0 121.70476441759341
331 6 48.0 124.1947865732156
331 6 49.0 73.29475325852766
331 6 5.0 144.5147238391247
331 6 50.0 140.281660605441
331 6 51.0 163.9083128676024
331 6 52.0 99.77810585824838
331 6 53.0 123.56209856371376
331 6 54.0 106.47607380823867
331 6 55.0 135.85816933424815
331 6 56.0 125.15081212705695
331 6 57.0 94.0070496115981
331 6 58.0 76.42771544749517
331 6 59.0 146.84694193932728
331 6 6.0 106.9904164703751
331 6 60.0 100.89189356494563
331 6 7.0 166.38002217933007
331 6 8.0 81.48166303462915
331 6 9.0 139.96761875420913
332 5 1.0 105.47427800829026
332 5 10.0 128.18954406020254
332 5 11.0 82.58633516410052
332 5 12.0 135.21417084828775
332 5 13.0 132.50138756393847
332 5 14.0 157.31679230854502
332 5 15.0 158.71828443437644
332 5 16.0 90.97239782203884
332 5 17.0 132.81971746035993
332 5 18.0 152.57167223746316
332 5 19.0 81.74737518584203
332 5 2.0 97.76543656673903
332 5 20.0 151.07186472376594
332 5 21.0 140.83138229274894
332 5 22.0 147.08037661244242
332 5 23.0 103.95475943708483
332 5 24.0 153.1869484667889
332 5 25.0 117.38946310975147
332 5 26.0 86.45201658551208
332 5 27.0 124.11608010288306
332 5 28.0 142.2601946066298
332 5 29.0 115.21791268317159
332 5 3.0 117.44077700214456
332 5 30.0 156.52271957086808
332 5 31.0 115.45075844752427
332 5 32.0 136.2165680959354
332 5 33.0 115.75764013570429
332 5 34.0 137.31034533548797
332 5 35.0 122.45070009411874
332 5 36.0 71.86191811141828
332 5 37.0 111.8072732350824
332 5 38.0 69.77375391829139
332 5 39.0 168.14374501621543
332 5 4.0 157.86961788761963
332 5 40.0 140.19425607400512
332 5 41.0 160.8816809428225
332 5 42.0 119.52538670342642
332 5 43.0 146.91734779965685
332 5 44.0 133.25945479088296
332 5 45.0 93.62125279717137
332 5 46.0 94.73825364425339
332 5 47.0 101.1239339664255
332 5 48.0 151.9086833669365
332 5 49.0 157.76398898657894
332 5 5.0 114.77107241720768
332 5 50.0 123.09785942254786
332 5 51.0 144.4178624846259
332 5 52.0 167.82863748583867
332 5 53.0 138.41580416147582
332 5 54.0 141.01632951440027
332 5 55.0 149.32397917428224
332 5 56.0 147.75225311861564
332 5 57.0 110.42692487090584
332 5 58.0 93.97274387148825
332 5 59.0 114.52966685671228
332 5 6.0 116.566895055822
332 5 60.0 83.75513102058498
332 5 7.0 106.66102179276965
332 5 8.0 104.74033864635462
332 5 9.0 97.50784109476534
332 6 1.0 109.24934851750481
332 6 10.0 133.1683034128218
332 6 11.0 145.56023929769682
332 6 12.0 126.67202283175979
332 6 13.0 148.70917874749364
332 6 14.0 97.82689376755178
332 6 15.0 118.30320311111743
332 6 16.0 135.78943471654068
332 6 17.0 105.41122064613548
332 6 18.0 136.95287571440434
332 6 19.0 149.6836002578046
332 6 2.0 112.32868813046115
332 6 20.0 110.94980167195251
332 6 21.0 83.32838811702436
332 6 22.0 114.8766437751335
332 6 23.0 123.83406482579322
332 6 24.0 115.81818109241404
332 6 25.0 93.89304748822194
332 6 26.0 99.98791899568036
332 6 27.0 102.18351463599338
332 6 28.0 99.41261843458939
332 6 29.0 98.96510711428724
332 6 3.0 133.83684079761312
332 6 30.0 131.6236648793142
332 6 31.0 166.91884567525554
332 6 32.0 148.90854779184434
332 6 33.0 116.85609191122953
332 6 34.0 142.8188824641536
332 6 35.0 125.94528389314398
332 6 36.0 113.71912350237615
332 6 37.0 114.17708230064112
332 6 38.0 72.63644271942913
332 6 39.0 103.13920983753079
332 6 4.0 116.97668957713611
332 6 40.0 101.72387589166554
332 6 41.0 109.51839534607366
332 6 42.0 105.61614845658548
332 6 43.0 93.55318215897871
332 6 44.0 166.53133627645138
332 6 45.0 117.03435351774819
332 6 46.0 91.78456531346909
332 6 47.0 131.03761903195175
332 6 48.0 114.18176334424258
332 6 49.0 143.9581006078464
332 6 5.0 118.20852031239126
332 6 50.0 105.10159122925279
332 6 51.0 152.52963405999955
332 6 52.0 160.46127855281497
332 6 53.0 105.36602289027195
332 6 54.0 113.18336427234587
332 6 55.0 158.41864139130433
332 6 56.0 83.64167001970242
332 6 57.0 154.4661595074371
332 6 58.0 144.17874324647738
332 6 59.0 132.18036633070676
332 6 6.0 131.34436279744227
332 6 60.0 94.73745208859854
332 6 7.0 151.8251359050365
332 6 8.0 101.08834879645873
332 6 9.0 136.93680432413964
333 5 1.0 145.71131454939137
333 5 10.0 101.47187375188186
333 5 11.0 146.8305307870489
333 5 12.0 142.77874548500452
333 5 13.0 106.11184155847236
333 5 14.0 118.08062459345734
333 5 15.0 164.0055375438168
333 5 16.0 110.91917455333572
333 5 17.0 104.78485655480873
333 5 18.0 80.83601836947169
333 5 19.0 152.73144285441228
333 5 2.0 115.35181014796345
333 5 20.0 102.04433941506424
333 5 21.0 131.69947077920628
333 5 22.0 132.22914824509826
333 5 23.0 150.94142404993983
333 5 24.0 98.53341168496667
333 5 25.0 115.9342081643489
333 5 26.0 138.887155321515
333 5 27.0 120.23812343656931
333 5 28.0 137.82449174018475
333 5 29.0 134.24098751923975
333 5 3.0 98.09642929368404
333 5 30.0 172.6295921690157
333 5 31.0 88.90434417996491
333 5 32.0 161.82392149790587
333 5 33.0 149.91929934248427
333 5 34.0 136.91078789064835
333 5 35.0 95.42852159658368
333 5 36.0 111.8741248045211
333 5 37.0 103.26500165845671
333 5 38.0 91.81447528355976
333 5 39.0 114.72188919710746
333 5 4.0 133.29266540614464
333 5 40.0 118.45292048141367
333 5 41.0 129.67931913016682
333 5 42.0 154.4792922797691
333 5 43.0 148.76312035254966
333 5 44.0 148.83809719381273
333 5 45.0 154.76731539642583
333 5 46.0 115.26193967794474
333 5 47.0 153.30798957025547
333 5 48.0 136.1789856140156
333 5 49.0 154.235245234204
333 5 5.0 136.79563259462137
333 5 50.0 114.71526847881336
333 5 51.0 145.1587054898245
333 5 52.0 172.65252373490472
333 5 53.0 125.51515467085848
333 5 54.0 90.65024927019367
333 5 55.0 157.21892106163568
333 5 56.0 160.59218340609496
333 5 57.0 121.27929389904176
333 5 58.0 116.67436929134543
333 5 59.0 111.339564827363
333 5 6.0 75.19341978855059
333 5 60.0 117.14156654121778
333 5 7.0 65.63481696538784
333 5 8.0 152.71746945661798
333 5 9.0 68.87274073066304
333 6 1.0 125.39701141670938
333 6 10.0 114.39220202340591
333 6 11.0 112.08601143182653
333 6 12.0 79.75479894009513
333 6 13.0 113.81845144404305
333 6 14.0 122.31586796075717
333 6 15.0 108.0114382018919
333 6 16.0 109.24230706084012
333 6 17.0 127.90855817759741
333 6 18.0 77.9947549474373
333 6 19.0 130.76176013802632
333 6 2.0 144.27491435550868
333 6 20.0 162.7914179004163
333 6 21.0 85.24750650773584
333 6 22.0 86.69885076906951
333 6 23.0 133.8296490963582
333 6 24.0 123.30882072290557
333 6 25.0 140.820038548605
333 6 26.0 108.48704509746523
333 6 27.0 97.50474725281535
333 6 28.0 110.40943500081778
333 6 29.0 131.42642570464014
333 6 3.0 147.37915934108565
333 6 30.0 145.35602183135222
333 6 31.0 100.28412523276211
333 6 32.0 141.33465327591176
333 6 33.0 96.56489405166283
333 6 34.0 74.30422394338251
333 6 35.0 102.36215794148492
333 6 36.0 163.48001166839097
333 6 37.0 144.46283287776535
333 6 38.0 101.08747743981215
333 6 39.0 120.18251520647598
333 6 4.0 113.91711450433993
333 6 40.0 144.89492806319436
333 6 41.0 115.36133587987123
333 6 42.0 103.96158702947594
333 6 43.0 167.20150338606712
333 6 44.0 158.46087748520412
333 6 45.0 129.68962855240466
333 6 46.0 111.35026437879887
333 6 47.0 105.78257772386296
333 6 48.0 117.18087943672612
333 6 49.0 125.11210692822365
333 6 5.0 123.72081661204727
333 6 50.0 138.81678161622057
333 6 51.0 124.01075626833823
333 6 52.0 102.13632100878037
333 6 53.0 149.2230362176773
333 6 54.0 157.39656899601178
333 6 55.0 161.16527128360505
333 6 56.0 133.32944213125123
333 6 57.0 124.69536747648333
333 6 58.0 102.98166237465598
333 6 59.0 129.71860839396592
333 6 6.0 106.53602164543922
333 6 60.0 102.12008081666433
333 6 7.0 154.96843736927656
333 6 8.0 114.84095706726927
333 6 9.0 156.55529868118333
334 5 1.0 116.34456952131548
334 5 10.0 68.59530103960866
334 5 11.0 85.65513268149846
334 5 12.0 117.03002150005456
334 5 13.0 174.10290704831144
334 5 14.0 89.8726740687457
334 5 15.0 134.67635162259415
334 5 16.0 129.90699585275803
334 5 17.0 133.12789904102866
334 5 18.0 140.1198875917157
334 5 19.0 165.58915505049575
334 5 2.0 126.36162508268423
334 5 20.0 106.2586855833779
334 5 21.0 145.74456847988336
334 5 22.0 177.54341461421973
334 5 23.0 127.76905493865374
334 5 24.0 141.0448857130072
334 5 25.0 144.31591550524277
334 5 26.0 137.98068471068174
334 5 27.0 131.8809340539469
334 5 28.0 122.51605317955656
334 5 29.0 105.9858138837877
334 5 3.0 109.86923971672753
334 5 30.0 120.72657036200997
334 5 31.0 103.39470234016122
334 5 32.0 118.91140398424743
334 5 33.0 111.01202637112246
334 5 34.0 109.00217715336048
334 5 35.0 101.24342953929542
334 5 36.0 100.16995741776526
334 5 37.0 118.70141303250414
334 5 38.0 89.60211230819885
334 5 39.0 132.44745867598945
334 5 4.0 104.61953230491248
334 5 40.0 95.30487751622663
334 5 41.0 137.57896777564687
334 5 42.0 109.50210513776351
334 5 43.0 97.6667447716302
334 5 44.0 159.0168737861532
334 5 45.0 123.39948695424623
334 5 46.0 122.56845922192055
334 5 47.0 145.47441441739096
334 5 48.0 155.85842221609965
334 5 49.0 137.0016804238246
334 5 5.0 100.05658100109488
334 5 50.0 132.45452492142996
334 5 51.0 149.53545999260598
334 5 52.0 165.5685305235003
334 5 53.0 126.14562746305462
334 5 54.0 101.70148821387914
334 5 55.0 126.32505514212097
334 5 56.0 156.1125435221466
334 5 57.0 79.18196950347416
334 5 58.0 125.87810217481461
334 5 59.0 150.78365436259992
334 5 6.0 128.1784657753276
334 5 60.0 166.53146777208204
334 5 7.0 149.62408745407083
334 5 8.0 142.59047525774687
334 5 9.0 76.03080931058479
334 6 1.0 146.05700586747076
334 6 10.0 143.70859840640503
334 6 11.0 115.37208856275532
334 6 12.0 93.20749592211322
334 6 13.0 169.39351647395742
334 6 14.0 130.94813337058682
334 6 15.0 130.44907848805155
334 6 16.0 133.98542390738365
334 6 17.0 62.713574321917505
334 6 18.0 138.18438543071727
334 6 19.0 83.28629092868748
334 6 2.0 143.33448452192042
334 6 20.0 119.48974012174237
334 6 21.0 111.30269144451096
334 6 22.0 127.02257924197812
334 6 23.0 128.59120802103828
334 6 24.0 118.68723346645699
334 6 25.0 118.79122979986306
334 6 26.0 110.1107471943144
334 6 27.0 134.6340202132853
334 6 28.0 126.07305725121698
334 6 29.0 161.35200573569583
334 6 3.0 149.4804987694782
334 6 30.0 138.59155185706126
334 6 31.0 153.37501898785453
334 6 32.0 136.76281500733293
334 6 33.0 165.95000113046314
334 6 34.0 115.38574341537434
334 6 35.0 162.91511614735523
334 6 36.0 130.76279617178562
334 6 37.0 127.43078688074068
334 6 38.0 76.14073033208918
334 6 39.0 100.49751108968908
334 6 4.0 155.53737412950588
334 6 40.0 112.70757486353692
334 6 41.0 88.95313399530758
334 6 42.0 117.07534747912717
334 6 43.0 108.060356306858
334 6 44.0 118.45030540641993
334 6 45.0 172.69541790570958
334 6 46.0 124.58674902725811
334 6 47.0 99.02848090736666
334 6 48.0 120.53323775541273
334 6 49.0 111.95059309431736
334 6 5.0 133.65510703658697
334 6 50.0 104.04384360547857
334 6 51.0 129.17641717598286
334 6 52.0 142.4619259111547
334 6 53.0 152.87896888219842
334 6 54.0 108.27408844493245
334 6 55.0 136.11044631846485
334 6 56.0 110.82283478862384
334 6 57.0 167.32107594550294
334 6 58.0 114.41484562289196
334 6 59.0 139.5652327412984
334 6 6.0 144.6300776526754
334 6 60.0 142.97297894100558
334 6 7.0 105.5782058251913
334 6 8.0 109.80866318467805
334 6 9.0 93.43761576126704
335 5 1.0 146.74531661214695
335 5 10.0 91.43871836010364
335 5 11.0 112.8732481295904
335 5 12.0 107.3314232598928
335 5 13.0 140.5316852038009
335 5 14.0 167.2571561195065
335 5 15.0 127.42742763158782
335 5 16.0 177.15554708887825
335 5 17.0 115.88042988835952
335 5 18.0 130.17688515646813
335 5 19.0 137.76997177074597
335 5 2.0 126.4913340992954
335 5 20.0 117.09083227840235
335 5 21.0 151.0973731120936
335 5 22.0 124.44244389632648
335 5 23.0 170.72907511604646
335 5 24.0 158.63252018032009
335 5 25.0 112.0363534628811
335 5 26.0 89.07665528696234
335 5 27.0 117.60901871846872
335 5 28.0 137.4626439648957
335 5 29.0 128.6318153247232
335 5 3.0 87.90594958786177
335 5 30.0 101.07237698337975
335 5 31.0 127.33999257853448
335 5 32.0 133.9197272790635
335 5 33.0 166.01105150697097
335 5 34.0 149.68773057792782
335 5 35.0 120.91857077434815
335 5 36.0 112.95746708718319
335 5 37.0 122.2058911748946
335 5 38.0 112.164304423243
335 5 39.0 114.11585616446284
335 5 4.0 107.01679432200112
335 5 40.0 130.0889623558833
335 5 41.0 126.82081640377069
335 5 42.0 100.53588529941483
335 5 43.0 95.04235233450045
335 5 44.0 159.86982493138873
335 5 45.0 134.463891315129
335 5 46.0 82.62241485115024
335 5 47.0 129.72457883416394
335 5 48.0 179.01175278838087
335 5 49.0 148.1601443904334
335 5 5.0 108.26217119916952
335 5 50.0 120.56901847542797
335 5 51.0 133.0068803037178
335 5 52.0 147.87333732247683
335 5 53.0 126.00357382912858
335 5 54.0 102.16809503578969
335 5 55.0 141.82696613983512
335 5 56.0 114.78585292712553
335 5 57.0 113.44122740122059
335 5 58.0 96.11624324102985
335 5 59.0 102.75508756278407
335 5 6.0 99.85619109900466
335 5 60.0 75.308942751158
335 5 7.0 96.52312603735409
335 5 8.0 102.54576740592569
335 5 9.0 97.56798221798307
335 6 1.0 131.07720704440302
335 6 10.0 95.52448373170596
335 6 11.0 112.7152736659775
335 6 12.0 118.77995499322294
335 6 13.0 90.17507635647314
335 6 14.0 124.49753494739323
335 6 15.0 123.15349683695909
335 6 16.0 127.91302615848761
335 6 17.0 147.70132570377274
335 6 18.0 122.51153153451288
335 6 19.0 98.90398239019439
335 6 2.0 151.3085660459133
335 6 20.0 123.027739993761
335 6 21.0 126.5624171868108
335 6 22.0 82.80994731245029
335 6 23.0 137.8240589622422
335 6 24.0 102.58156264485042
335 6 25.0 129.8720600713506
335 6 26.0 106.12166740161753
335 6 27.0 121.27505664932823
335 6 28.0 90.68267949884007
335 6 29.0 133.71600395821076
335 6 3.0 120.89793088490862
335 6 30.0 113.88533078580832
335 6 31.0 143.22477460266867
335 6 32.0 153.90394823193793
335 6 33.0 152.89415120238183
335 6 34.0 142.36175007346077
335 6 35.0 116.41008560727686
335 6 36.0 135.00084133352155
335 6 37.0 154.71265349526516
335 6 38.0 102.42992424628878
335 6 39.0 128.02163227718782
335 6 4.0 125.76354132815908
335 6 40.0 112.53610506817684
335 6 41.0 95.18897714875015
335 6 42.0 97.24094199315869
335 6 43.0 107.14347250681023
335 6 44.0 161.47198329375684
335 6 45.0 146.689031407501
335 6 46.0 102.99327064155773
335 6 47.0 118.95658361718141
335 6 48.0 147.0879155825571
335 6 49.0 129.91795560056747
335 6 5.0 122.45976926194788
335 6 50.0 169.74319329363647
335 6 51.0 153.7421520970086
335 6 52.0 107.59907255171562
335 6 53.0 90.16743140044588
335 6 54.0 92.33852051292372
335 6 55.0 153.30663595652274
335 6 56.0 105.03209951571972
335 6 57.0 91.0505215871323
335 6 58.0 136.1898469405438
335 6 59.0 119.04067562239615
335 6 6.0 123.00086450123722
335 6 60.0 86.22869727563199
335 6 7.0 117.94214951046283
335 6 8.0 113.28807983708225
335 6 9.0 115.22805883852311
336 5 1.0 154.57717729822105
336 5 10.0 135.65989250814886
336 5 11.0 116.53158840322888
336 5 12.0 142.05823480465193
336 5 13.0 75.56644043744984
336 5 14.0 130.8742713722256
336 5 15.0 88.04046343601519
336 5 16.0 121.01410848992252
336 5 17.0 141.15737449109395
336 5 18.0 87.36134110248146
336 5 19.0 137.62013674851954
336 5 2.0 100.62567450594736
336 5 20.0 135.8537671105995
336 5 21.0 131.0722343537583
336 5 22.0 142.79737319175865
336 5 23.0 102.24591061879678
336 5 24.0 100.40476652423253
336 5 25.0 162.078299459257
336 5 26.0 94.93316143156319
336 5 27.0 132.57699985068942
336 5 28.0 123.96704786253498
336 5 29.0 175.39899140456163
336 5 3.0 87.80985761164058
336 5 30.0 158.80637093397544
336 5 31.0 115.00978721586951
336 5 32.0 114.75834589611668
336 5 33.0 145.09842348445724
336 5 34.0 160.5690298159011
336 5 35.0 163.61418979974906
336 5 36.0 94.2144455911287
336 5 37.0 97.23861917442879
336 5 38.0 113.92007028076787
336 5 39.0 126.2213123962281
336 5 4.0 98.55014013470237
336 5 40.0 113.42417402557392
336 5 41.0 134.40315717154564
336 5 42.0 105.72549457974324
336 5 43.0 90.74409998290622
336 5 44.0 144.4175417217143
336 5 45.0 110.4473337905043
336 5 46.0 134.0577568590354
336 5 47.0 150.37033203089757
336 5 48.0 144.4143856828697
336 5 49.0 145.8364435118707
336 5 5.0 97.95830563663938
336 5 50.0 144.88325456090442
336 5 51.0 157.50444562089294
336 5 52.0 147.7508177628896
336 5 53.0 120.11464529738224
336 5 54.0 93.36727348863644
336 5 55.0 159.2905676436375
336 5 56.0 164.32012623212216
336 5 57.0 119.14092195712558
336 5 58.0 91.52743170873995
336 5 59.0 141.2468523701816
336 5 6.0 94.00099381915122
336 5 60.0 89.7696019588275
336 5 7.0 166.3716240500065
336 5 8.0 120.4637728755801
336 5 9.0 95.23036195578192
336 6 1.0 132.3831006027694
336 6 10.0 128.14284733529496
336 6 11.0 121.19467471009705
336 6 12.0 139.36566723095325
336 6 13.0 165.16978506811927
336 6 14.0 122.2758392660132
336 6 15.0 115.09324346287288
336 6 16.0 139.68142117366557
336 6 17.0 88.5202363643262
336 6 18.0 107.72623891580965
336 6 19.0 119.78245777511393
336 6 2.0 138.04047689667277
336 6 20.0 147.24379745662284
336 6 21.0 99.56940288537477
336 6 22.0 83.287645320787
336 6 23.0 100.85523252536663
336 6 24.0 136.73185408648612
336 6 25.0 116.4298062089656
336 6 26.0 104.24946825581706
336 6 27.0 104.89709174711834
336 6 28.0 126.46253953447265
336 6 29.0 131.0979405241995
336 6 3.0 159.03570490840406
336 6 30.0 91.22345247657907
336 6 31.0 123.47673416221322
336 6 32.0 108.29561484147283
336 6 33.0 143.2612180705816
336 6 34.0 141.43931442821898
336 6 35.0 116.56956108958329
336 6 36.0 125.45866641093255
336 6 37.0 107.13721948681315
336 6 38.0 116.61975709432141
336 6 39.0 74.03579141571558
336 6 4.0 157.7433414593832
336 6 40.0 149.780742465336
336 6 41.0 107.48173777349164
336 6 42.0 101.51834605226404
336 6 43.0 133.4591136925478
336 6 44.0 110.74791967102485
336 6 45.0 132.95671538580962
336 6 46.0 137.17295548847818
336 6 47.0 102.87506316072628
336 6 48.0 160.67760017362934
336 6 49.0 108.22064309745618
336 6 5.0 129.21455724835795
336 6 50.0 106.08157523959642
336 6 51.0 132.42612651016208
336 6 52.0 140.03976454163907
336 6 53.0 129.82765490047456
336 6 54.0 154.3878095833558
336 6 55.0 119.13573160528473
336 6 56.0 146.0782868767276
336 6 57.0 98.77547749625673
336 6 58.0 86.51479117162307
336 6 59.0 138.86787665182743
336 6 6.0 116.43127016887998
336 6 60.0 90.66901460342775
336 6 7.0 132.3898425527205
336 6 8.0 91.38114254872387
336 6 9.0 98.29917865544813
337 5 1.0 166.5404203303669
337 5 10.0 116.1969633962823
337 5 11.0 128.6767899698872
337 5 12.0 130.11924478662328
337 5 13.0 99.48053731075605
337 5 14.0 140.9286646993238
337 5 15.0 165.52072032742802
337 5 16.0 139.9674980464221
337 5 17.0 136.375164637127
337 5 18.0 107.52909956877279
337 5 19.0 119.41711975196296
337 5 2.0 159.0192220275887
337 5 20.0 93.57389506277616
337 5 21.0 135.23657696031546
337 5 22.0 132.72196340447005
337 5 23.0 123.00313215914575
337 5 24.0 120.37834774013776
337 5 25.0 114.53128269972608
337 5 26.0 88.76861186655687
337 5 27.0 158.12982641807585
337 5 28.0 127.49988510681122
337 5 29.0 126.70526833888873
337 5 3.0 130.24785487916736
337 5 30.0 164.86437207684975
337 5 31.0 110.22647360929437
337 5 32.0 126.03201503881614
337 5 33.0 141.55219826474828
337 5 34.0 117.55165857084997
337 5 35.0 158.24030540634013
337 5 36.0 102.75004940786405
337 5 37.0 111.47999053668521
337 5 38.0 116.27539010796825
337 5 39.0 134.4482587370744
337 5 4.0 126.54706999209144
337 5 40.0 110.5870368637559
337 5 41.0 148.84382808424297
337 5 42.0 105.12270315181456
337 5 43.0 105.3963157790248
337 5 44.0 132.11400528757602
337 5 45.0 160.5285575598507
337 5 46.0 141.26858916553306
337 5 47.0 103.69645634306299
337 5 48.0 97.88335706153352
337 5 49.0 159.2948778865518
337 5 5.0 84.62828685994354
337 5 50.0 105.70060896893678
337 5 51.0 132.57414537541268
337 5 52.0 145.91395999184323
337 5 53.0 165.84550159212245
337 5 54.0 117.6431355452379
337 5 55.0 140.41882746525852
337 5 56.0 163.7954085598782
337 5 57.0 119.62261267822562
337 5 58.0 128.62401965159225
337 5 59.0 152.49370904945349
337 5 6.0 138.10707508595604
337 5 60.0 117.71293750857922
337 5 7.0 95.85346764872035
337 5 8.0 142.35384848177142
337 5 9.0 132.50592367878386
337 6 1.0 89.34038062627187
337 6 10.0 128.99306253905584
337 6 11.0 96.90030433399961
337 6 12.0 132.0456434302918
337 6 13.0 165.98421054019278
337 6 14.0 89.47197973940844
337 6 15.0 153.80420302278478
337 6 16.0 162.69463537178098
337 6 17.0 136.0235302352502
337 6 18.0 137.0813799441259
337 6 19.0 105.70338014926948
337 6 2.0 132.7063114944887
337 6 20.0 147.60495337136197
337 6 21.0 106.87748468027486
337 6 22.0 139.4882997482799
337 6 23.0 95.71223958175614
337 6 24.0 121.67628900858168
337 6 25.0 146.79129100742946
337 6 26.0 99.29724494125826
337 6 27.0 92.4900438900724
337 6 28.0 164.08971366937993
337 6 29.0 109.91337266866118
337 6 3.0 85.16301475169628
337 6 30.0 144.0918519729115
337 6 31.0 94.3304059754945
337 6 32.0 165.2560786807969
337 6 33.0 142.4330736007553
337 6 34.0 117.2768780025905
337 6 35.0 92.65321037045608
337 6 36.0 103.21836606020372
337 6 37.0 97.54355667289427
337 6 38.0 119.03855076260484
337 6 39.0 95.69741100173721
337 6 4.0 155.56253045107812
337 6 40.0 145.71962450109564
337 6 41.0 103.04339151235283
337 6 42.0 104.96604959656435
337 6 43.0 130.84076206710662
337 6 44.0 143.45956297197037
337 6 45.0 107.88328486849021
337 6 46.0 89.06387129342832
337 6 47.0 101.16249710231352
337 6 48.0 111.2186246689883
337 6 49.0 161.56462737506286
337 6 5.0 114.9448356055885
337 6 50.0 152.11403583767006
337 6 51.0 132.3986995394258
337 6 52.0 99.53553395105737
337 6 53.0 133.31477060352034
337 6 54.0 116.92416299143724
337 6 55.0 145.0871764436211
337 6 56.0 127.32141484103587
337 6 57.0 108.17726471733327
337 6 58.0 111.98044049852894
337 6 59.0 99.67305397776013
337 6 6.0 118.90708902204149
337 6 60.0 106.67452992955442
337 6 7.0 131.12406752789926
337 6 8.0 157.88465586538425
337 6 9.0 126.66832883280179
338 5 1.0 138.6943302091839
338 5 10.0 120.2282480685896
338 5 11.0 144.81417985653886
338 5 12.0 121.32343761579517
338 5 13.0 113.53743873713202
338 5 14.0 165.30759760582154
338 5 15.0 103.71572913122945
338 5 16.0 117.9699918182345
338 5 17.0 104.7340010108292
338 5 18.0 111.73805900387002
338 5 19.0 124.69280497762622
338 5 2.0 140.40921890875097
338 5 20.0 119.41476890911815
338 5 21.0 163.5018501145767
338 5 22.0 148.28536712796733
338 5 23.0 139.60499547301885
338 5 24.0 97.41361898399626
338 5 25.0 124.35315629259675
338 5 26.0 97.70249641018243
338 5 27.0 106.193664597633
338 5 28.0 141.08695559787034
338 5 29.0 103.93428837695218
338 5 3.0 141.41696009252223
338 5 30.0 132.17923713295673
338 5 31.0 122.41932402405875
338 5 32.0 171.37186049356146
338 5 33.0 96.18127254250807
338 5 34.0 134.24389294129338
338 5 35.0 113.51621089014634
338 5 36.0 132.37853140324737
338 5 37.0 119.5825404753414
338 5 38.0 126.30122938343796
338 5 39.0 168.81238684793934
338 5 4.0 163.63940255882838
338 5 40.0 127.7168505193938
338 5 41.0 115.42146602236492
338 5 42.0 89.7764091993466
338 5 43.0 78.45734489975905
338 5 44.0 136.32736997251246
338 5 45.0 169.62201716283852
338 5 46.0 83.35555665481267
338 5 47.0 128.27187864192095
338 5 48.0 151.72964505010802
338 5 49.0 140.90464875113804
338 5 5.0 104.18344102192499
338 5 50.0 145.6969607772992
338 5 51.0 151.71709805894812
338 5 52.0 127.90098734494605
338 5 53.0 157.65384683803293
338 5 54.0 159.8188342618508
338 5 55.0 142.9794652213345
338 5 56.0 149.16127844749926
338 5 57.0 135.61028251952888
338 5 58.0 137.90016334399877
338 5 59.0 125.12596375146993
338 5 6.0 91.68450861031329
338 5 60.0 134.38391835543234
338 5 7.0 98.8900271147326
338 5 8.0 134.00975684149725
338 5 9.0 122.47657310525632
338 6 1.0 97.02850354703952
338 6 10.0 95.37609423997527
338 6 11.0 100.706592777346
338 6 12.0 123.00134237460202
338 6 13.0 167.34010281057468
338 6 14.0 105.73998759481756
338 6 15.0 156.5942351289055
338 6 16.0 165.71228072892606
338 6 17.0 131.45175631432912
338 6 18.0 127.47397093567892
338 6 19.0 150.04853620329055
338 6 2.0 143.59124624042462
338 6 20.0 128.16463896797381
338 6 21.0 93.56480479960572
338 6 22.0 106.86836721051979
338 6 23.0 140.77806163964078
338 6 24.0 78.48804631321354
338 6 25.0 110.29565632292045
338 6 26.0 95.7583855673124
338 6 27.0 119.07866234262514
338 6 28.0 137.33863163494806
338 6 29.0 152.52422703532736
338 6 3.0 137.05316420852608
338 6 30.0 144.17053099748765
338 6 31.0 141.23481748766335
338 6 32.0 164.705049504046
338 6 33.0 122.4323885295595
338 6 34.0 130.99560549874832
338 6 35.0 121.61931384990362
338 6 36.0 121.67534043951576
338 6 37.0 89.4482484826414
338 6 38.0 115.90159810935472
338 6 39.0 107.96634426846146
338 6 4.0 143.14946163717755
338 6 40.0 124.67786887606188
338 6 41.0 115.89073980666738
338 6 42.0 99.94278758022327
338 6 43.0 162.29955448967368
338 6 44.0 131.8795913815312
338 6 45.0 105.85471142880424
338 6 46.0 96.85140896427744
338 6 47.0 142.04950465526494
338 6 48.0 149.5514098993137
338 6 49.0 115.95519588106032
338 6 5.0 154.15988905255674
338 6 50.0 118.68026588162788
338 6 51.0 104.91462339528623
338 6 52.0 141.03429621012205
338 6 53.0 90.3067126864557
338 6 54.0 71.72580178418458
338 6 55.0 126.02596808357636
338 6 56.0 136.92633505615342
338 6 57.0 113.92756988610105
338 6 58.0 139.53991786391023
338 6 59.0 146.71116372875102
338 6 6.0 145.73510690563307
338 6 60.0 79.8056406069669
338 6 7.0 117.85201093836824
338 6 8.0 124.86691272473963
338 6 9.0 105.02238119735013
339 5 1.0 98.39037580844904
339 5 10.0 144.58929390956817
339 5 11.0 164.5209897759886
339 5 12.0 111.18507566365011
339 5 13.0 113.1421433623062
339 5 14.0 126.08342480881583
339 5 15.0 141.24628300825157
339 5 16.0 168.9999179482568
339 5 17.0 111.8102712946072
339 5 18.0 155.45148461389255
339 5 19.0 164.01917682651742
339 5 2.0 134.4663135545515
339 5 20.0 117.96127897519496
339 5 21.0 144.56622040763537
339 5 22.0 122.19042852198513
339 5 23.0 72.90830276713706
339 5 24.0 80.79698819408299
339 5 25.0 89.48679323707954
339 5 26.0 103.4756080475098
339 5 27.0 112.53683850254889
339 5 28.0 134.20183091847858
339 5 29.0 81.17881350799478
339 5 3.0 117.30798562386694
339 5 30.0 136.5631493184904
339 5 31.0 119.38773613769555
339 5 32.0 113.45875439346273
339 5 33.0 141.16134720958638
339 5 34.0 134.40991237036653
339 5 35.0 98.63882520376613
339 5 36.0 98.44562474853565
339 5 37.0 125.71679268772057
339 5 38.0 101.53008479958935
339 5 39.0 99.30902535557216
339 5 4.0 149.11733115035975
339 5 40.0 110.58512164594416
339 5 41.0 116.60569971557958
339 5 42.0 150.8834302953205
339 5 43.0 97.34760679902557
339 5 44.0 89.0048599361553
339 5 45.0 105.23080022709256
339 5 46.0 136.57339365040528
339 5 47.0 125.03675108359865
339 5 48.0 132.29008390132682
339 5 49.0 144.0748118125571
339 5 5.0 172.90307528065958
339 5 50.0 79.89127148752968
339 5 51.0 137.31709784214877
339 5 52.0 129.39464242357715
339 5 53.0 141.62725553414018
339 5 54.0 120.3648593694355
339 5 55.0 165.39159237265466
339 5 56.0 117.27597621470258
339 5 57.0 107.45002204947991
339 5 58.0 152.46357998599606
339 5 59.0 103.43788064970857
339 5 6.0 165.33484803407723
339 5 60.0 88.36604656167701
339 5 7.0 114.7924559866817
339 5 8.0 96.9035863456065
339 5 9.0 115.74914152268386
339 6 1.0 116.11491758726245
339 6 10.0 97.70851404729437
339 6 11.0 126.77944708764674
339 6 12.0 124.53653714316654
339 6 13.0 172.60735021673491
339 6 14.0 115.04675222649577
339 6 15.0 119.81740164440191
339 6 16.0 138.67641260244747
339 6 17.0 85.38996999100115
339 6 18.0 118.17417229034356
339 6 19.0 124.59749360950205
339 6 2.0 108.85418276911224
339 6 20.0 142.18819863977404
339 6 21.0 77.97695275721256
339 6 22.0 108.38963961440675
339 6 23.0 158.76390895251885
339 6 24.0 90.04213892249417
339 6 25.0 116.28960512286962
339 6 26.0 97.71210868421551
339 6 27.0 103.6195650439721
339 6 28.0 100.98543289306241
339 6 29.0 124.24530457328927
339 6 3.0 140.21011399638178
339 6 30.0 133.25580614362215
339 6 31.0 87.77927002599213
339 6 32.0 163.64216567335174
339 6 33.0 121.39962398136731
339 6 34.0 158.15505376644995
339 6 35.0 103.55793209368053
339 6 36.0 89.6456872664099
339 6 37.0 97.17348507204174
339 6 38.0 159.79225016838524
339 6 39.0 161.81919754817974
339 6 4.0 137.42148094640586
339 6 40.0 109.65296118595748
339 6 41.0 108.91244318452361
339 6 42.0 92.92461732592153
339 6 43.0 137.66163112605838
339 6 44.0 156.02476275182576
339 6 45.0 90.05971392517891
339 6 46.0 93.16631105807191
339 6 47.0 136.3130110487075
339 6 48.0 151.78875189837706
339 6 49.0 85.48778016687754
339 6 5.0 139.0206730776298
339 6 50.0 100.49606904627363
339 6 51.0 119.76023199641223
339 6 52.0 147.82676263534086
339 6 53.0 159.74766706108505
339 6 54.0 90.71596599209957
339 6 55.0 161.230132529788
339 6 56.0 119.06674313531323
339 6 57.0 161.6596102312637
339 6 58.0 118.40351755119826
339 6 59.0 157.1004107828106
339 6 6.0 122.07205127254441
339 6 60.0 79.75114718948265
339 6 7.0 124.77244834123753
339 6 8.0 93.43447596019892
339 6 9.0 109.6945662369815
340 5 1.0 164.0001313539599
340 5 10.0 130.7570745604276
340 5 11.0 107.44504032991946
340 5 12.0 123.78964114301792
340 5 13.0 150.39233842247774
340 5 14.0 134.3900726060118
340 5 15.0 143.5882707524485
340 5 16.0 144.61106114823735
340 5 17.0 177.33287144709396
340 5 18.0 153.53617145076478
340 5 19.0 160.07709724984542
340 5 2.0 87.45147270333928
340 5 20.0 85.28405130365758
340 5 21.0 134.02676726528753
340 5 22.0 176.78836708911842
340 5 23.0 113.56316572972611
340 5 24.0 119.53925998230847
340 5 25.0 95.09632817599326
340 5 26.0 154.90476072320178
340 5 27.0 133.9609453223426
340 5 28.0 138.04195012596904
340 5 29.0 130.42554077338175
340 5 3.0 88.71391250044725
340 5 30.0 78.0568568123802
340 5 31.0 103.34279678089204
340 5 32.0 110.54181440991955
340 5 33.0 143.88957592198003
340 5 34.0 160.0257361514542
340 5 35.0 101.04261559073271
340 5 36.0 101.14762610247736
340 5 37.0 96.50429600852355
340 5 38.0 96.60480622151717
340 5 39.0 102.15324274031197
340 5 4.0 143.27043636237954
340 5 40.0 122.67463804539709
340 5 41.0 88.79992594178732
340 5 42.0 162.27128091944925
340 5 43.0 131.08802194798392
340 5 44.0 99.56837739511519
340 5 45.0 160.14652268353922
340 5 46.0 157.4167665369724
340 5 47.0 149.7645655635607
340 5 48.0 157.93392682684868
340 5 49.0 157.2974273471362
340 5 5.0 78.83371023321773
340 5 50.0 115.80035903504603
340 5 51.0 137.7278815670128
340 5 52.0 166.14294748907156
340 5 53.0 157.54319610017487
340 5 54.0 166.40117114551416
340 5 55.0 149.63744971021865
340 5 56.0 139.2460196222292
340 5 57.0 125.9651413461233
340 5 58.0 134.999904971708
340 5 59.0 156.76621868899872
340 5 6.0 106.09625010665549
340 5 60.0 99.94207769451023
340 5 7.0 111.41440363563679
340 5 8.0 118.59387143409705
340 5 9.0 128.03151793750544
340 6 1.0 121.22071786667148
340 6 10.0 118.67629894958958
340 6 11.0 100.75412135978662
340 6 12.0 97.28235889148735
340 6 13.0 102.54164502769491
340 6 14.0 114.09031708770524
340 6 15.0 156.45675900832538
340 6 16.0 132.51936362257177
340 6 17.0 113.9242627015555
340 6 18.0 112.68654973650871
340 6 19.0 143.24861159288812
340 6 2.0 119.05254077580985
340 6 20.0 123.52160451072213
340 6 21.0 122.50568871202891
340 6 22.0 137.71945280145508
340 6 23.0 146.97816775254412
340 6 24.0 110.34849482610151
340 6 25.0 172.28515898573124
340 6 26.0 98.19853307739606
340 6 27.0 137.4316787206954
340 6 28.0 93.05452199746098
340 6 29.0 110.6686065873982
340 6 3.0 156.29952941729908
340 6 30.0 163.44176248032292
340 6 31.0 97.41289989807973
340 6 32.0 104.51804739184877
340 6 33.0 156.6961413673328
340 6 34.0 150.45161328286088
340 6 35.0 136.8541943770566
340 6 36.0 105.14128223651136
340 6 37.0 124.12006518997852
340 6 38.0 74.10581347301958
340 6 39.0 148.55076307301638
340 6 4.0 146.72099913368183
340 6 40.0 103.14456767841632
340 6 41.0 116.83934331956125
340 6 42.0 107.14998088550412
340 6 43.0 170.2134002641303
340 6 44.0 119.69879572011224
340 6 45.0 110.49635855767822
340 6 46.0 103.15737560596553
340 6 47.0 104.73054910447921
340 6 48.0 124.21295484053262
340 6 49.0 154.5237309482275
340 6 5.0 140.21405502953002
340 6 50.0 110.59062291549006
340 6 51.0 141.0319512214483
340 6 52.0 130.41639579184488
340 6 53.0 142.55722030580395
340 6 54.0 108.73819561719756
340 6 55.0 154.95321193254068
340 6 56.0 133.4832777703303
340 6 57.0 156.14493365958805
340 6 58.0 160.62772433894395
340 6 59.0 106.13718419838487
340 6 6.0 128.0832184689125
340 6 60.0 86.58291348251454
340 6 7.0 123.14845668589611
340 6 8.0 164.42163390669947
340 6 9.0 97.25034586730867
341 5 1.0 135.22498538640812
341 5 10.0 102.07159147081789
341 5 11.0 106.78410329612149
341 5 12.0 91.44856391600804
341 5 13.0 126.92665114286659
341 5 14.0 100.50655457657555
341 5 15.0 91.06372708386425
341 5 16.0 126.77270365960061
341 5 17.0 134.2244136785631
341 5 18.0 112.81785204253222
341 5 19.0 148.10357412815404
341 5 2.0 104.3485317250571
341 5 20.0 163.93680433077353
341 5 21.0 133.11275896194095
341 5 22.0 157.92307374091487
341 5 23.0 147.19355872350818
341 5 24.0 100.07234235523302
341 5 25.0 100.29210762093324
341 5 26.0 131.09038437931534
341 5 27.0 167.9513190467486
341 5 28.0 134.54038993480236
341 5 29.0 85.91371226149509
341 5 3.0 115.70676365733982
341 5 30.0 169.02229592553613
341 5 31.0 119.55813261522277
341 5 32.0 104.13378072526925
341 5 33.0 126.45008808376804
341 5 34.0 119.31463425330271
341 5 35.0 142.82197104581448
341 5 36.0 132.78073608476592
341 5 37.0 104.16420509931828
341 5 38.0 115.11645872204558
341 5 39.0 121.3312956339615
341 5 4.0 138.82196910072096
341 5 40.0 115.65304734331387
341 5 41.0 115.03309819367446
341 5 42.0 97.39553546515857
341 5 43.0 136.36906704328024
341 5 44.0 143.47396195408032
341 5 45.0 135.8052247511133
341 5 46.0 163.64108367841794
341 5 47.0 145.6583967486416
341 5 48.0 116.18513998109844
341 5 49.0 95.15673566230424
341 5 5.0 93.85023089204772
341 5 50.0 117.06306746165447
341 5 51.0 155.39897671047302
341 5 52.0 153.6395004757699
341 5 53.0 104.76350317482793
341 5 54.0 151.3647206218475
341 5 55.0 149.9792498729435
341 5 56.0 159.29463055394507
341 5 57.0 134.874083455566
341 5 58.0 153.10190001182272
341 5 59.0 141.08297809429789
341 5 6.0 123.0280771389397
341 5 60.0 81.77711880159423
341 5 7.0 141.7002139772481
341 5 8.0 130.3022090974342
341 5 9.0 66.32892333280878
341 6 1.0 97.17480656933506
341 6 10.0 113.67032677841911
341 6 11.0 165.89752141736955
341 6 12.0 95.94018477309895
341 6 13.0 102.06805536140531
341 6 14.0 108.94854601314756
341 6 15.0 114.31682850195321
341 6 16.0 132.8610090855883
341 6 17.0 125.5335381578024
341 6 18.0 112.67858074616998
341 6 19.0 157.11899241676107
341 6 2.0 158.65634649617547
341 6 20.0 160.26995005489846
341 6 21.0 156.62202014207676
341 6 22.0 98.10434170719087
341 6 23.0 113.20721056545592
341 6 24.0 145.36630285363012
341 6 25.0 77.94014648465972
341 6 26.0 114.83966017403027
341 6 27.0 134.6921320793203
341 6 28.0 140.21098309773132
341 6 29.0 119.55585214917123
341 6 3.0 168.44824225662532
341 6 30.0 163.22513949714826
341 6 31.0 131.23182113398443
341 6 32.0 158.44706153406287
341 6 33.0 151.88592140865606
341 6 34.0 135.62533495308122
341 6 35.0 114.45178027043659
341 6 36.0 129.23064423006824
341 6 37.0 109.83925153620488
341 6 38.0 92.52523389507994
341 6 39.0 169.30365299881709
341 6 4.0 162.52660094252073
341 6 40.0 144.2192886809039
341 6 41.0 102.62583507943228
341 6 42.0 104.73387025646146
341 6 43.0 169.93237280737964
341 6 44.0 145.32609104157967
341 6 45.0 125.15572821200267
341 6 46.0 93.74489240902884
341 6 47.0 119.18116507781791
341 6 48.0 119.95739388178455
341 6 49.0 132.0872260839763
341 6 5.0 151.3620315502753
341 6 50.0 111.8245518148358
341 6 51.0 146.07211744693225
341 6 52.0 128.27872172617379
341 6 53.0 136.93290764214262
341 6 54.0 102.17212761854084
341 6 55.0 144.876427567913
341 6 56.0 141.81039019456225
341 6 57.0 100.45951557275467
341 6 58.0 103.31885433493156
341 6 59.0 122.5041198801893
341 6 6.0 125.33234415753338
341 6 60.0 103.29110406230973
341 6 7.0 145.99062511177252
341 6 8.0 141.05245591438901
341 6 9.0 73.72427819213853
342 5 1.0 142.4692778067259
342 5 10.0 103.21957803092438
342 5 11.0 106.81870516854562
342 5 12.0 106.98420274132232
342 5 13.0 143.38742367765113
342 5 14.0 128.5512720802184
342 5 15.0 83.08619943278559
342 5 16.0 129.85581741153868
342 5 17.0 165.3115627278841
342 5 18.0 114.3821004772798
342 5 19.0 168.26441122523605
342 5 2.0 82.31743880823522
342 5 20.0 106.06127430822309
342 5 21.0 109.26732958220728
342 5 22.0 133.96997578505594
342 5 23.0 140.0030601051591
342 5 24.0 107.84818284123598
342 5 25.0 116.9975829748202
342 5 26.0 93.12563756252098
342 5 27.0 122.17660990581483
342 5 28.0 139.89580690705404
342 5 29.0 138.19436750134446
342 5 3.0 91.96552155003
342 5 30.0 150.74767075405836
342 5 31.0 132.6880828451537
342 5 32.0 145.629491631098
342 5 33.0 135.60384521006057
342 5 34.0 143.83412814115678
342 5 35.0 99.76614807367874
342 5 36.0 101.9647648355683
342 5 37.0 126.85808409483361
342 5 38.0 118.52209048814306
342 5 39.0 115.82838029587354
342 5 4.0 108.14549433886613
342 5 40.0 151.58071064141316
342 5 41.0 111.0075181450629
342 5 42.0 122.077870871465
342 5 43.0 94.32570183449349
342 5 44.0 172.26337344301322
342 5 45.0 100.61390200978188
342 5 46.0 158.47004439664175
342 5 47.0 141.250681259379
342 5 48.0 147.6640092368149
342 5 49.0 161.3184065172816
342 5 5.0 143.54343147726502
342 5 50.0 110.1610835824537
342 5 51.0 144.27362951517892
342 5 52.0 141.83013675645435
342 5 53.0 145.67654458650432
342 5 54.0 102.24689390449598
342 5 55.0 154.3688481432186
342 5 56.0 125.7474767673143
342 5 57.0 130.9266993758573
342 5 58.0 155.61274358690034
342 5 59.0 128.19435446798528
342 5 6.0 123.5934104205825
342 5 60.0 90.47312175052839
342 5 7.0 113.2958654647386
342 5 8.0 119.10846446855793
342 5 9.0 89.98220049570816
342 6 1.0 102.94931701372231
342 6 10.0 91.82634473715677
342 6 11.0 143.10670324907792
342 6 12.0 115.32974509723998
342 6 13.0 161.09440975499334
342 6 14.0 116.44436939980336
342 6 15.0 88.28742078697665
342 6 16.0 102.07926723477549
342 6 17.0 115.45551873658574
342 6 18.0 144.49111150603287
342 6 19.0 169.49153785904625
342 6 2.0 159.52322226723584
342 6 20.0 134.2943843512093
342 6 21.0 114.64252975279433
342 6 22.0 115.45885709477997
342 6 23.0 140.62874729196326
342 6 24.0 138.06203215704514
342 6 25.0 119.1867129832191
342 6 26.0 107.71432701302426
342 6 27.0 138.61317655333977
342 6 28.0 108.133709545523
342 6 29.0 157.37494828870675
342 6 3.0 113.41154418373355
342 6 30.0 162.9705903777963
342 6 31.0 104.1967054779701
342 6 32.0 116.51862087987114
342 6 33.0 115.66805935024652
342 6 34.0 145.20456878236794
342 6 35.0 140.05094065967518
342 6 36.0 129.88532769056857
342 6 37.0 159.1242623271077
342 6 38.0 125.62713680531664
342 6 39.0 131.89660425904705
342 6 4.0 122.56956377419675
342 6 40.0 146.53019055038078
342 6 41.0 83.78466814001308
342 6 42.0 90.96963949486913
342 6 43.0 90.4418823042917
342 6 44.0 113.35470143329826
342 6 45.0 173.53102764072193
342 6 46.0 83.44888360626858
342 6 47.0 110.28071249070356
342 6 48.0 152.2873719723493
342 6 49.0 145.66746839044688
342 6 5.0 126.53398912202934
342 6 50.0 148.10643591086207
342 6 51.0 119.31004067413247
342 6 52.0 110.74995562615578
342 6 53.0 142.72825597893373
342 6 54.0 168.87036669792624
342 6 55.0 119.80412455755715
342 6 56.0 161.76868834025555
342 6 57.0 132.23330489885905
342 6 58.0 123.16596168684677
342 6 59.0 127.39522059011459
342 6 6.0 94.50585401557333
342 6 60.0 97.38875921026325
342 6 7.0 100.69069479633673
342 6 8.0 148.8718608740168
342 6 9.0 92.14180509107527
343 5 1.0 110.25216995026729
343 5 10.0 102.36511615063067
343 5 11.0 101.10712482073848
343 5 12.0 94.73147163868668
343 5 13.0 86.13707241670879
343 5 14.0 133.40923029988056
343 5 15.0 174.05005277473649
343 5 16.0 113.91851976827414
343 5 17.0 142.70405989472977
343 5 18.0 129.96636696618805
343 5 19.0 137.11170734773438
343 5 2.0 69.98683365904363
343 5 20.0 94.07194057035794
343 5 21.0 123.5550604222716
343 5 22.0 127.01637759820532
343 5 23.0 118.26744931914872
343 5 24.0 146.70322107357018
343 5 25.0 129.63574032225085
343 5 26.0 141.80357629730807
343 5 27.0 160.15898887535394
343 5 28.0 161.81215740930614
343 5 29.0 160.20660932131455
343 5 3.0 163.1305496204264
343 5 30.0 128.44995819234873
343 5 31.0 132.68093292575134
343 5 32.0 111.72927292014485
343 5 33.0 103.93607568195608
343 5 34.0 120.652811130815
343 5 35.0 95.4975875898547
343 5 36.0 110.87462051549305
343 5 37.0 115.59787451099662
343 5 38.0 140.78418646705006
343 5 39.0 116.9692734117622
343 5 4.0 106.57328948321397
343 5 40.0 119.8502404734444
343 5 41.0 104.93827405432336
343 5 42.0 95.09387179046486
343 5 43.0 93.68877784750957
343 5 44.0 114.65978222298874
343 5 45.0 105.21322393962812
343 5 46.0 166.04409871947894
343 5 47.0 108.81254558622727
343 5 48.0 159.67347524307223
343 5 49.0 105.23173254775166
343 5 5.0 113.01863498376362
343 5 50.0 80.2690592792051
343 5 51.0 121.94314515833368
343 5 52.0 150.55863388771473
343 5 53.0 152.1846695838689
343 5 54.0 129.45841086729237
343 5 55.0 152.4238887884901
343 5 56.0 124.42975173375018
343 5 57.0 124.40010920716799
343 5 58.0 99.71491217189121
343 5 59.0 98.90211503906339
343 5 6.0 115.48024372161665
343 5 60.0 115.29062171639808
343 5 7.0 139.66437465805535
343 5 8.0 103.03206440688426
343 5 9.0 80.36261661754155
343 6 1.0 100.68975626672676
343 6 10.0 127.28500596152044
343 6 11.0 122.09615989350904
343 6 12.0 103.26841881611549
343 6 13.0 133.0468538164382
343 6 14.0 119.14665987030637
343 6 15.0 86.25623658586923
343 6 16.0 123.48730994467007
343 6 17.0 109.04027266670916
343 6 18.0 108.1227470689334
343 6 19.0 124.84368336918754
343 6 2.0 136.00616237518184
343 6 20.0 143.98299142480346
343 6 21.0 125.45509389563544
343 6 22.0 153.2722860931188
343 6 23.0 82.73888203077328
343 6 24.0 80.65064248315132
343 6 25.0 120.02769001347842
343 6 26.0 103.7170897121891
343 6 27.0 118.24769658939749
343 6 28.0 139.40680590005496
343 6 29.0 120.12285958459479
343 6 3.0 125.44393726561947
343 6 30.0 147.9066423123663
343 6 31.0 150.2678648126125
343 6 32.0 157.32415933254413
343 6 33.0 136.04829003148737
343 6 34.0 146.70907558987642
343 6 35.0 108.56353228806684
343 6 36.0 177.38497548051134
343 6 37.0 116.84438069106484
343 6 38.0 84.99583522111907
343 6 39.0 129.8932431599484
343 6 4.0 156.36990273419661
343 6 40.0 151.34816782326612
343 6 41.0 112.47037275186393
343 6 42.0 95.3982186788471
343 6 43.0 122.29254138487894
343 6 44.0 120.15294198812155
343 6 45.0 128.42865198032325
343 6 46.0 125.79661622842626
343 6 47.0 151.65661409490926
343 6 48.0 137.9757882265635
343 6 49.0 145.64640331625571
343 6 5.0 114.69131918575768
343 6 50.0 134.84521992125306
343 6 51.0 114.95442048704837
343 6 52.0 109.58490831540105
343 6 53.0 105.2860403098664
343 6 54.0 123.21399035135018
343 6 55.0 138.8466672797309
343 6 56.0 167.0410950044046
343 6 57.0 134.51747676280613
343 6 58.0 101.75282726690457
343 6 59.0 147.0433093732292
343 6 6.0 132.7068478344834
343 6 60.0 76.08126393326914
343 6 7.0 140.17789656882596
343 6 8.0 106.81089338449148
343 6 9.0 138.42016183978293
344 5 1.0 143.25528390205397
344 5 10.0 99.18176967546043
344 5 11.0 154.5539142422584
344 5 12.0 92.03823415004375
344 5 13.0 111.22352815332023
344 5 14.0 135.08096254393377
344 5 15.0 122.38922889627695
344 5 16.0 94.73302730769463
344 5 17.0 113.89173633321464
344 5 18.0 93.87348081348384
344 5 19.0 137.3370125105439
344 5 2.0 83.75650491090306
344 5 20.0 117.62744531810938
344 5 21.0 109.83517206359062
344 5 22.0 110.58650692847709
344 5 23.0 130.16221722170607
344 5 24.0 98.50613078346616
344 5 25.0 150.97182932438847
344 5 26.0 149.0783416942274
344 5 27.0 129.66697100981455
344 5 28.0 142.30717668809015
344 5 29.0 81.38740211061047
344 5 3.0 170.61685946414477
344 5 30.0 132.23198614527138
344 5 31.0 103.97358118264661
344 5 32.0 138.46585876786926
344 5 33.0 122.36150416039187
344 5 34.0 134.5045057490091
344 5 35.0 106.27192911610139
344 5 36.0 129.96337069865524
344 5 37.0 122.16282438343865
344 5 38.0 162.63429119622137
344 5 39.0 99.5284070718959
344 5 4.0 106.93972378269095
344 5 40.0 82.98215560006035
344 5 41.0 128.7160630472045
344 5 42.0 135.35962941714334
344 5 43.0 133.66168007799644
344 5 44.0 120.07819078667913
344 5 45.0 149.6422477509568
344 5 46.0 100.88054701284084
344 5 47.0 112.36627353758675
344 5 48.0 157.38267834590664
344 5 49.0 126.62566632440074
344 5 5.0 149.95707359623214
344 5 50.0 121.81517335788634
344 5 51.0 109.84386099107155
344 5 52.0 138.5164783285676
344 5 53.0 103.7362712709052
344 5 54.0 82.92181504656665
344 5 55.0 165.2253025048442
344 5 56.0 136.15114300024013
344 5 57.0 111.38775809760278
344 5 58.0 156.74025374351064
344 5 59.0 119.0938556576778
344 5 6.0 140.13581096808656
344 5 60.0 121.53516772594989
344 5 7.0 84.5239458433206
344 5 8.0 116.51387883540302
344 5 9.0 80.952269207576
344 6 1.0 144.33285027321767
344 6 10.0 110.30656397477891
344 6 11.0 108.65556854554765
344 6 12.0 100.50881949055064
344 6 13.0 131.82125086296557
344 6 14.0 101.26605281280222
344 6 15.0 106.08892654246418
344 6 16.0 127.21998481453056
344 6 17.0 106.95093622525616
344 6 18.0 130.5723444658863
344 6 19.0 168.9070566035453
344 6 2.0 122.74633288883497
344 6 20.0 148.56502663284817
344 6 21.0 102.8166943824925
344 6 22.0 88.63775283926213
344 6 23.0 88.62883102803205
344 6 24.0 128.99443671777854
344 6 25.0 104.77250148496437
344 6 26.0 109.36917991227041
344 6 27.0 110.33848227165251
344 6 28.0 163.26505096902716
344 6 29.0 148.50946574689993
344 6 3.0 152.44835358721804
344 6 30.0 179.6251330311178
344 6 31.0 161.35882116484115
344 6 32.0 140.43859676570318
344 6 33.0 145.91342563897678
344 6 34.0 169.62608665311708
344 6 35.0 133.80031422613823
344 6 36.0 147.11220889941933
344 6 37.0 120.86271190516776
344 6 38.0 142.18869400771598
344 6 39.0 124.33548901664355
344 6 4.0 168.1648732825927
344 6 40.0 117.04190470551865
344 6 41.0 88.8648379966818
344 6 42.0 129.45436104671015
344 6 43.0 135.6485219201294
344 6 44.0 112.22707716045662
344 6 45.0 113.15271032671505
344 6 46.0 153.4275223082694
344 6 47.0 135.17892600245884
344 6 48.0 123.06212431240586
344 6 49.0 160.80408503024657
344 6 5.0 123.70075705012141
344 6 50.0 158.14461267395214
344 6 51.0 129.903139951035
344 6 52.0 135.31828689496612
344 6 53.0 130.766186005035
344 6 54.0 90.18867813906931
344 6 55.0 163.28374174644375
344 6 56.0 155.42422698369342
344 6 57.0 104.21199476167816
344 6 58.0 106.05254975121292
344 6 59.0 126.79392751364477
344 6 6.0 125.07870647574414
344 6 60.0 77.24904921770693
344 6 7.0 130.88296260418934
344 6 8.0 164.14694511152078
344 6 9.0 158.68770917456916
345 5 1.0 143.38645932579186
345 5 10.0 103.81618725302359
345 5 11.0 130.8694052578767
345 5 12.0 119.29509545884014
345 5 13.0 91.86379757875214
345 5 14.0 102.32228018423913
345 5 15.0 98.03678042634276
345 5 16.0 88.15812693933188
345 5 17.0 119.86676773910591
345 5 18.0 100.60709954493485
345 5 19.0 144.10527620520216
345 5 2.0 120.42743559721227
345 5 20.0 135.01773511854762
345 5 21.0 108.15788198529405
345 5 22.0 142.23288435025333
345 5 23.0 146.5153336510116
345 5 24.0 129.04361585838836
345 5 25.0 130.79345606265832
345 5 26.0 107.97880797236616
345 5 27.0 128.81213101500222
345 5 28.0 159.2755395142842
345 5 29.0 116.55622111669918
345 5 3.0 133.09549410836993
345 5 30.0 159.67540013199397
345 5 31.0 136.92049321900143
345 5 32.0 103.35325152444526
345 5 33.0 112.56513164321898
345 5 34.0 101.80681143277388
345 5 35.0 102.97406700909738
345 5 36.0 100.5905500390614
345 5 37.0 127.33680094320265
345 5 38.0 75.61106166048019
345 5 39.0 104.29379429934447
345 5 4.0 132.08677128182393
345 5 40.0 170.44671455782856
345 5 41.0 146.56575783386253
345 5 42.0 143.2640950697467
345 5 43.0 119.43007100668606
345 5 44.0 128.8894819933507
345 5 45.0 155.62951579490993
345 5 46.0 95.94758805585786
345 5 47.0 126.12103382579248
345 5 48.0 111.44287505821276
345 5 49.0 146.73417790265387
345 5 5.0 131.64984482639807
345 5 50.0 131.03237849874074
345 5 51.0 118.44655516402433
345 5 52.0 151.52048191214612
345 5 53.0 115.05193460961222
345 5 54.0 116.41243539517733
345 5 55.0 145.13928254512942
345 5 56.0 167.56329944024475
345 5 57.0 118.88113172784828
345 5 58.0 145.27742663756385
345 5 59.0 104.94110085113888
345 5 6.0 150.89621368896465
345 5 60.0 103.71488768931361
345 5 7.0 144.65149183516166
345 5 8.0 86.21301360869808
345 5 9.0 105.09306119849435
345 6 1.0 100.97700069332979
345 6 10.0 139.71868155227668
345 6 11.0 121.56511734405107
345 6 12.0 127.51048306150076
345 6 13.0 159.88157517961338
345 6 14.0 115.49660806751427
345 6 15.0 118.44358433402202
345 6 16.0 128.0847757868358
345 6 17.0 94.37988966635491
345 6 18.0 79.38503913128501
345 6 19.0 119.9804217141003
345 6 2.0 124.55013049126558
345 6 20.0 125.82959818317279
345 6 21.0 98.01936883495277
345 6 22.0 127.09519916781247
345 6 23.0 76.30185650387482
345 6 24.0 127.26330052072397
345 6 25.0 77.68219314859148
345 6 26.0 105.310972152948
345 6 27.0 104.214961300125
345 6 28.0 83.05945750094654
345 6 29.0 149.72584141356268
345 6 3.0 137.44619694986142
345 6 30.0 172.3822644568789
345 6 31.0 165.49567746001296
345 6 32.0 174.25510857523003
345 6 33.0 104.26947383839298
345 6 34.0 153.063209029057
345 6 35.0 117.16817506676315
345 6 36.0 120.89997885400375
345 6 37.0 94.97101164090392
345 6 38.0 96.4171478498267
345 6 39.0 85.4544367438783
345 6 4.0 159.78445516637936
345 6 40.0 120.76734567064639
345 6 41.0 95.89234526171585
345 6 42.0 137.49887378538693
345 6 43.0 117.69451735235245
345 6 44.0 135.37557100631398
345 6 45.0 152.81944028325813
345 6 46.0 104.29774380929521
345 6 47.0 97.12512838813346
345 6 48.0 162.3326096804123
345 6 49.0 165.55936610347933
345 6 5.0 119.46380064348043
345 6 50.0 131.1537002594198
345 6 51.0 131.95351181731013
345 6 52.0 137.1568121288614
345 6 53.0 109.70723856741255
345 6 54.0 112.0597572994635
345 6 55.0 112.85513624616001
345 6 56.0 141.34838555238963
345 6 57.0 161.41130036558567
345 6 58.0 111.68061146581422
345 6 59.0 127.36660783633768
345 6 6.0 118.885907887406
345 6 60.0 126.20599698973275
345 6 7.0 134.86381107290688
345 6 8.0 126.29266124293926
345 6 9.0 132.74860525442995
346 5 1.0 146.6706665048187
346 5 10.0 129.95337310491692
346 5 11.0 147.00351305784648
346 5 12.0 126.30013664994279
346 5 13.0 137.05983047979848
346 5 14.0 92.83861903044324
346 5 15.0 102.08005693520431
346 5 16.0 150.9121035991171
346 5 17.0 147.05630166592908
346 5 18.0 115.75908026578026
346 5 19.0 152.4571220538581
346 5 2.0 116.25739081739869
346 5 20.0 129.57863920554192
346 5 21.0 90.65401024347493
346 5 22.0 73.55870287704668
346 5 23.0 108.22794364706867
346 5 24.0 133.86696254629018
346 5 25.0 162.75278353398278
346 5 26.0 110.44299335207108
346 5 27.0 130.6426662505948
346 5 28.0 135.69608581587923
346 5 29.0 111.52604951670959
346 5 3.0 114.82074164581351
346 5 30.0 126.1376132232252
346 5 31.0 98.19376959529383
346 5 32.0 115.12272526646392
346 5 33.0 143.04949095774796
346 5 34.0 99.73730337105384
346 5 35.0 172.12125357947917
346 5 36.0 125.30224597349935
346 5 37.0 108.34078911859076
346 5 38.0 133.87722111542783
346 5 39.0 156.0324985044226
346 5 4.0 137.6861673565082
346 5 40.0 160.75368237214627
346 5 41.0 104.43408852522283
346 5 42.0 108.69432830257982
346 5 43.0 121.51164430146191
346 5 44.0 140.0315372169732
346 5 45.0 163.41413956672545
346 5 46.0 95.92639410317095
346 5 47.0 144.38004401893753
346 5 48.0 136.89689193986842
346 5 49.0 137.49262003159197
346 5 5.0 126.3244577113214
346 5 50.0 123.94410218982647
346 5 51.0 121.34576841352938
346 5 52.0 101.73502048337552
346 5 53.0 123.9471778368813
346 5 54.0 113.771970333654
346 5 55.0 141.12725746601325
346 5 56.0 146.57304937649099
346 5 57.0 93.61305458566962
346 5 58.0 125.00519098448986
346 5 59.0 93.81700294395407
346 5 6.0 143.36660594536116
346 5 60.0 119.17095475476759
346 5 7.0 64.17768468413809
346 5 8.0 97.68990287488052
346 5 9.0 86.7985572516413
346 6 1.0 126.57001978085393
346 6 10.0 103.78592319907457
346 6 11.0 110.15237955117959
346 6 12.0 166.48512836530196
346 6 13.0 162.02920829547116
346 6 14.0 83.80937452723828
346 6 15.0 157.32306058031946
346 6 16.0 136.7001351213795
346 6 17.0 118.61824087654723
346 6 18.0 120.58168850780301
346 6 19.0 102.01711503707986
346 6 2.0 143.23592193146848
346 6 20.0 130.79619426418847
346 6 21.0 108.56349365508707
346 6 22.0 152.21282380097202
346 6 23.0 140.42718910260373
346 6 24.0 136.1752219411895
346 6 25.0 133.40572325478007
346 6 26.0 109.21224713902271
346 6 27.0 102.28202173481834
346 6 28.0 89.63335991875847
346 6 29.0 144.65177183576873
346 6 3.0 121.04904457160316
346 6 30.0 151.33057268373065
346 6 31.0 100.64075322281506
346 6 32.0 144.34684005485002
346 6 33.0 155.8158548524522
346 6 34.0 93.67718283388231
346 6 35.0 96.1603192727557
346 6 36.0 143.06356754025185
346 6 37.0 127.35416966908707
346 6 38.0 120.43025711372518
346 6 39.0 154.83973768921223
346 6 4.0 142.8648941279073
346 6 40.0 114.6479227928146
346 6 41.0 124.49015326822797
346 6 42.0 142.97683641332802
346 6 43.0 97.90851588207946
346 6 44.0 111.82294281510337
346 6 45.0 102.8269120530876
346 6 46.0 112.7328140093222
346 6 47.0 100.7355900348435
346 6 48.0 125.44776452654932
346 6 49.0 76.27110987817731
346 6 5.0 148.44614184095218
346 6 50.0 101.04794627622066
346 6 51.0 117.93358235509618
346 6 52.0 108.99965749530232
346 6 53.0 81.62972517529582
346 6 54.0 121.10240410989961
346 6 55.0 139.97915131615238
346 6 56.0 135.60356407191546
346 6 57.0 148.770856534467
346 6 58.0 99.19690624046207
346 6 59.0 105.98981523655007
346 6 6.0 105.14872652695121
346 6 60.0 116.81224112078532
346 6 7.0 86.6273684442882
346 6 8.0 174.7298396404961
346 6 9.0 110.58599466668814
347 5 1.0 98.86587784952138
347 5 10.0 165.5762910277869
347 5 11.0 114.41420352092543
347 5 12.0 114.64141957073392
347 5 13.0 119.99204002927898
347 5 14.0 139.38158071848736
347 5 15.0 113.08713692767155
347 5 16.0 131.52513778442656
347 5 17.0 122.30696979735109
347 5 18.0 135.45319710705294
347 5 19.0 174.00578740271436
347 5 2.0 114.1583089382612
347 5 20.0 160.0209366230648
347 5 21.0 146.5584755730378
347 5 22.0 121.07318693124553
347 5 23.0 136.01054209853285
347 5 24.0 120.0243263217195
347 5 25.0 166.92219604954167
347 5 26.0 101.7420252697383
347 5 27.0 116.22169357233852
347 5 28.0 136.8199837592217
347 5 29.0 125.29829764396827
347 5 3.0 163.6899483246718
347 5 30.0 134.49828737051064
347 5 31.0 140.68753382044994
347 5 32.0 162.94269877744557
347 5 33.0 128.3017413101811
347 5 34.0 106.06285477283052
347 5 35.0 110.12581916308591
347 5 36.0 148.6091777624534
347 5 37.0 104.6589929198181
347 5 38.0 135.77887299657442
347 5 39.0 135.5275955296348
347 5 4.0 170.57974724303574
347 5 40.0 92.04684987288802
347 5 41.0 110.45695440133524
347 5 42.0 101.31055737598098
347 5 43.0 101.53660252843224
347 5 44.0 115.19833627356108
347 5 45.0 113.30770982103917
347 5 46.0 97.0825918632491
347 5 47.0 95.00556753677527
347 5 48.0 145.496905678764
347 5 49.0 136.28640538311598
347 5 5.0 84.10382883193518
347 5 50.0 119.13122068537358
347 5 51.0 129.1975806877815
347 5 52.0 161.80064857097634
347 5 53.0 132.27034325073868
347 5 54.0 101.42385176999962
347 5 55.0 122.98769216202746
347 5 56.0 116.86613208343506
347 5 57.0 100.79873840360716
347 5 58.0 105.58207706968427
347 5 59.0 143.88037162508718
347 5 6.0 116.01388431221461
347 5 60.0 98.18027674255663
347 5 7.0 95.66634038929286
347 5 8.0 101.26739348184137
347 5 9.0 96.82609795357372
347 6 1.0 122.31922077756678
347 6 10.0 154.80878418822357
347 6 11.0 88.30182855936158
347 6 12.0 102.43218438947417
347 6 13.0 141.01076455762276
347 6 14.0 125.67935036993778
347 6 15.0 176.1829639882513
347 6 16.0 176.6026817242041
347 6 17.0 121.938706498074
347 6 18.0 111.10437965925243
347 6 19.0 151.00488241548115
347 6 2.0 139.98601141099465
347 6 20.0 143.2852991302581
347 6 21.0 120.0094579740351
347 6 22.0 156.53373680957804
347 6 23.0 156.59314870399837
347 6 24.0 110.93393455642433
347 6 25.0 92.71851256948402
347 6 26.0 104.05047698257829
347 6 27.0 129.28121292875036
347 6 28.0 154.9983866136896
347 6 29.0 134.3823786575399
347 6 3.0 165.97392052950747
347 6 30.0 149.62264787094765
347 6 31.0 129.8337900039729
347 6 32.0 166.60688642035265
347 6 33.0 143.43377777292724
347 6 34.0 151.70557546261833
347 6 35.0 150.0926603415722
347 6 36.0 159.2528484945467
347 6 37.0 126.86061488171688
347 6 38.0 76.2650023941743
347 6 39.0 159.78637539236829
347 6 4.0 99.73224157462103
347 6 40.0 97.85753618649439
347 6 41.0 110.51725216814165
347 6 42.0 93.74507943848425
347 6 43.0 108.37540643908275
347 6 44.0 80.00904468003138
347 6 45.0 121.52289519018365
347 6 46.0 101.90115528908147
347 6 47.0 133.21732613352515
347 6 48.0 126.64977622417676
347 6 49.0 145.59384917212796
347 6 5.0 168.34444382320058
347 6 50.0 123.2715629656349
347 6 51.0 154.20796613248942
347 6 52.0 140.5568128630536
347 6 53.0 108.93445884704742
347 6 54.0 127.02449227917697
347 6 55.0 145.38243144663466
347 6 56.0 104.21580385775061
347 6 57.0 108.69659359688781
347 6 58.0 145.85437214740716
347 6 59.0 135.87222046449295
347 6 6.0 129.10745099516802
347 6 60.0 100.89834694153173
347 6 7.0 123.83845322158372
347 6 8.0 82.83162565133468
347 6 9.0 162.36319018882492
348 5 1.0 123.3320504527855
348 5 10.0 139.0435715062437
348 5 11.0 126.0333472969282
348 5 12.0 140.67380237622172
348 5 13.0 94.8991523898527
348 5 14.0 83.97750051133643
348 5 15.0 112.55592045362569
348 5 16.0 109.38254630406999
348 5 17.0 116.45828308616663
348 5 18.0 88.20916205282674
348 5 19.0 102.73512602230409
348 5 2.0 92.49696420258003
348 5 20.0 127.38606179073759
348 5 21.0 168.91805546365063
348 5 22.0 136.7505340801938
348 5 23.0 133.82078345811865
348 5 24.0 110.82847441901559
348 5 25.0 168.63541702421932
348 5 26.0 93.41403102646896
348 5 27.0 123.70361630847992
348 5 28.0 122.9646047102337
348 5 29.0 105.62253316597571
348 5 3.0 112.94020314787278
348 5 30.0 120.32043965093587
348 5 31.0 130.98110520172472
348 5 32.0 129.4712645940285
348 5 33.0 127.62991573041303
348 5 34.0 131.31170891402064
348 5 35.0 104.46581680983874
348 5 36.0 105.90381359618696
348 5 37.0 104.9307782024706
348 5 38.0 137.02217975106828
348 5 39.0 134.18276110839676
348 5 4.0 119.28779122955112
348 5 40.0 94.77048056938814
348 5 41.0 127.80815799620662
348 5 42.0 151.46875823943338
348 5 43.0 135.2013158405794
348 5 44.0 135.33049948177757
348 5 45.0 91.8479235740438
348 5 46.0 157.69185271178392
348 5 47.0 130.63630164072813
348 5 48.0 153.91372349032505
348 5 49.0 170.278758290312
348 5 5.0 92.84595642904058
348 5 50.0 118.1219009238275
348 5 51.0 161.2732208419613
348 5 52.0 171.2787549019691
348 5 53.0 128.0964525797774
348 5 54.0 110.01899113346172
348 5 55.0 151.5071093816533
348 5 56.0 150.82671415512564
348 5 57.0 95.70704719355032
348 5 58.0 143.07921366017854
348 5 59.0 136.4220456154109
348 5 6.0 147.53794594213244
348 5 60.0 116.02933372570084
348 5 7.0 133.93712747682008
348 5 8.0 105.99588975514865
348 5 9.0 115.78618002927685
348 6 1.0 132.56909348607115
348 6 10.0 137.4356339854283
348 6 11.0 155.12613867836146
348 6 12.0 136.17365481128846
348 6 13.0 149.51933523652374
348 6 14.0 112.3945455496891
348 6 15.0 122.8894399140434
348 6 16.0 115.02076935091291
348 6 17.0 132.07931491394888
348 6 18.0 139.366259858489
348 6 19.0 106.24809230738428
348 6 2.0 129.12059951866814
348 6 20.0 136.75752112272477
348 6 21.0 105.5424935064602
348 6 22.0 97.50985932404457
348 6 23.0 159.16771962043705
348 6 24.0 120.7286841416621
348 6 25.0 130.52095945718736
348 6 26.0 94.30041374764757
348 6 27.0 112.29147381694314
348 6 28.0 158.92109640444846
348 6 29.0 145.50926138786727
348 6 3.0 114.52537509045709
348 6 30.0 123.52509417812666
348 6 31.0 136.79449537414027
348 6 32.0 164.50269385348602
348 6 33.0 163.2355959943771
348 6 34.0 114.32001653880623
348 6 35.0 128.942159755065
348 6 36.0 93.39490874493758
348 6 37.0 154.98231149875625
348 6 38.0 72.69414139937037
348 6 39.0 121.4552539872001
348 6 4.0 158.0958974119136
348 6 40.0 109.0338019089878
348 6 41.0 118.79788382200158
348 6 42.0 105.97597363310521
348 6 43.0 126.14768573501219
348 6 44.0 136.75725261121062
348 6 45.0 117.12341956366258
348 6 46.0 120.81557377804434
348 6 47.0 121.57836944707458
348 6 48.0 95.53504508426145
348 6 49.0 159.444865074342
348 6 5.0 100.70329880394695
348 6 50.0 163.10541055841682
348 6 51.0 144.19228991531233
348 6 52.0 96.65302781944553
348 6 53.0 80.34789910173276
348 6 54.0 160.3066795298238
348 6 55.0 135.6662438773391
348 6 56.0 103.05091669320197
348 6 57.0 103.39601908546467
348 6 58.0 126.59881585830928
348 6 59.0 115.88398032170426
348 6 6.0 103.0207634403869
348 6 60.0 126.22990437797304
348 6 7.0 130.99168777058094
348 6 8.0 94.74887621813963
348 6 9.0 158.1967157399289
349 5 1.0 139.80725751875443
349 5 10.0 174.81009280272968
349 5 11.0 142.39355279956666
349 5 12.0 122.14203983400623
349 5 13.0 172.64120839799497
349 5 14.0 125.09288561024906
349 5 15.0 149.20666414201705
349 5 16.0 108.59222585513463
349 5 17.0 95.1268870603157
349 5 18.0 120.86548330267718
349 5 19.0 155.393253274439
349 5 2.0 121.45646511034359
349 5 20.0 74.45049069478908
349 5 21.0 89.46813472061905
349 5 22.0 113.54710077433955
349 5 23.0 159.7910975533877
349 5 24.0 93.22019990100492
349 5 25.0 133.1032389407013
349 5 26.0 106.18325749154299
349 5 27.0 109.52375261314874
349 5 28.0 133.5054593916752
349 5 29.0 89.09162391495161
349 5 3.0 113.8867912091239
349 5 30.0 153.9253002832417
349 5 31.0 122.56527616065122
349 5 32.0 148.09145249898845
349 5 33.0 113.87622710521005
349 5 34.0 105.51126128979685
349 5 35.0 124.09264114831798
349 5 36.0 128.15898868363922
349 5 37.0 111.48222348541107
349 5 38.0 144.58144444472762
349 5 39.0 161.36398348119218
349 5 4.0 155.41096375094165
349 5 40.0 111.58352074937181
349 5 41.0 109.38897396176203
349 5 42.0 101.16492922835356
349 5 43.0 108.5340951089339
349 5 44.0 142.60637258302162
349 5 45.0 106.40168686987384
349 5 46.0 133.19389614990067
349 5 47.0 141.28188277351188
349 5 48.0 133.59843754167832
349 5 49.0 170.34102739809208
349 5 5.0 106.78220736277295
349 5 50.0 111.94006534123756
349 5 51.0 92.40227484085631
349 5 52.0 156.88471254431028
349 5 53.0 96.55678947895754
349 5 54.0 121.24609912901485
349 5 55.0 162.11142219062452
349 5 56.0 137.90244978913583
349 5 57.0 114.52627436036393
349 5 58.0 122.77502621005262
349 5 59.0 106.07599138481825
349 5 6.0 148.52190699232483
349 5 60.0 110.76676251795632
349 5 7.0 130.4882464772604
349 5 8.0 138.8797246216796
349 5 9.0 71.83356932036088
349 6 1.0 107.21755544027128
349 6 10.0 161.02269790418762
349 6 11.0 96.22356525495576
349 6 12.0 124.14940969572898
349 6 13.0 148.63551545140635
349 6 14.0 103.83128857516623
349 6 15.0 163.16147460145615
349 6 16.0 118.81731778071118
349 6 17.0 124.92346148967935
349 6 18.0 151.67524033231072
349 6 19.0 161.85287951312677
349 6 2.0 125.88288455538448
349 6 20.0 130.36436645396162
349 6 21.0 98.13212730601974
349 6 22.0 161.76870958197574
349 6 23.0 89.37421988664467
349 6 24.0 103.10632666562638
349 6 25.0 150.84170195294791
349 6 26.0 89.10435167926263
349 6 27.0 100.21064486892784
349 6 28.0 167.15013895304418
349 6 29.0 141.40462858469783
349 6 3.0 136.89273752819093
349 6 30.0 123.44712292093249
349 6 31.0 137.34528854899062
349 6 32.0 114.50202616813405
349 6 33.0 168.98897818556378
349 6 34.0 147.85228837362254
349 6 35.0 153.73944758246031
349 6 36.0 173.99167772044964
349 6 37.0 95.54124938347948
349 6 38.0 113.25955764766768
349 6 39.0 88.06120338160679
349 6 4.0 172.24194184690887
349 6 40.0 123.10968701100072
349 6 41.0 98.2229834640437
349 6 42.0 163.5468589956256
349 6 43.0 95.50983479782602
349 6 44.0 91.33968723734642
349 6 45.0 158.07865661430642
349 6 46.0 93.50868413203403
349 6 47.0 124.37569198701996
349 6 48.0 159.84550404719576
349 6 49.0 76.45613477561535
349 6 5.0 112.92375338634642
349 6 50.0 108.01563947573067
349 6 51.0 122.60767926394027
349 6 52.0 109.60926447040684
349 6 53.0 114.51214746319177
349 6 54.0 85.14530223568143
349 6 55.0 142.08591587280176
349 6 56.0 141.38319610732052
349 6 57.0 105.35940251751418
349 6 58.0 93.54826703915506
349 6 59.0 143.87534136799573
349 6 6.0 136.0059886810462
349 6 60.0 110.34094651612106
349 6 7.0 106.00345193725794
349 6 8.0 105.54647877645046
349 6 9.0 97.1923634798657
350 5 1.0 112.17220328390933
350 5 10.0 133.51740168506842
350 5 11.0 112.0586063221086
350 5 12.0 113.57550157800982
350 5 13.0 88.7688756712139
350 5 14.0 72.34374901593591
350 5 15.0 106.34530257094764
350 5 16.0 87.83594089752869
350 5 17.0 109.65253061924886
350 5 18.0 144.27726472567977
350 5 19.0 76.08831950352078
350 5 2.0 104.66993055745051
350 5 20.0 154.85072442759687
350 5 21.0 107.10209452436482
350 5 22.0 133.78400003196344
350 5 23.0 132.75789635697026
350 5 24.0 124.14044618527059
350 5 25.0 106.72809876436132
350 5 26.0 108.67465344140822
350 5 27.0 131.37100842610158
350 5 28.0 94.37807460691788
350 5 29.0 129.37236058222766
350 5 3.0 121.11954765588385
350 5 30.0 96.41705143176688
350 5 31.0 137.59476984191141
350 5 32.0 141.46151945546086
350 5 33.0 128.72001295787342
350 5 34.0 117.42067175866386
350 5 35.0 116.01134330769511
350 5 36.0 132.9160476143975
350 5 37.0 132.29702241105798
350 5 38.0 80.58734096151962
350 5 39.0 156.3540645999729
350 5 4.0 147.23914797729043
350 5 40.0 89.96235203446668
350 5 41.0 150.73930504705967
350 5 42.0 127.65613643269327
350 5 43.0 105.8231677842916
350 5 44.0 162.43325389946182
350 5 45.0 96.44735367952451
350 5 46.0 98.19673344730721
350 5 47.0 170.4991114455348
350 5 48.0 106.14513057342711
350 5 49.0 145.4313867718934
350 5 5.0 118.65839121843301
350 5 50.0 125.68914067633787
350 5 51.0 88.75072387135056
350 5 52.0 114.33808264874854
350 5 53.0 114.58409219559385
350 5 54.0 150.34270492129107
350 5 55.0 133.92352730860065
350 5 56.0 101.89845342224339
350 5 57.0 96.36332577561767
350 5 58.0 130.70828440560032
350 5 59.0 155.3906963960026
350 5 6.0 133.21029615860303
350 5 60.0 106.18367549098308
350 5 7.0 127.67105619148779
350 5 8.0 129.937652358549
350 5 9.0 127.36506323417684
350 6 1.0 121.58245663649708
350 6 10.0 159.95759864700685
350 6 11.0 75.55615893592704
350 6 12.0 156.72688538332426
350 6 13.0 139.9877234225629
350 6 14.0 128.08937212624403
350 6 15.0 130.80057447292305
350 6 16.0 119.65056841617861
350 6 17.0 149.9429442921112
350 6 18.0 131.61744685360554
350 6 19.0 86.02542337783643
350 6 2.0 131.8948782125339
350 6 20.0 141.0841351640695
350 6 21.0 97.8898182530457
350 6 22.0 87.68703919249135
350 6 23.0 160.67368985729345
350 6 24.0 99.0461220844989
350 6 25.0 147.51716964332016
350 6 26.0 101.13265635448543
350 6 27.0 79.47150261473033
350 6 28.0 95.07449939023016
350 6 29.0 133.95100393673513
350 6 3.0 136.8424477454005
350 6 30.0 108.75570291952369
350 6 31.0 114.1030088303357
350 6 32.0 135.6981951067304
350 6 33.0 159.76664581953818
350 6 34.0 153.7346187976133
350 6 35.0 107.79440856688855
350 6 36.0 125.37243779368441
350 6 37.0 145.1491673371395
350 6 38.0 146.76564995385428
350 6 39.0 80.58133333082444
350 6 4.0 142.5449819286501
350 6 40.0 138.1043789983455
350 6 41.0 113.71943664880284
350 6 42.0 104.45084040336685
350 6 43.0 142.98876983945925
350 6 44.0 145.29488296559205
350 6 45.0 94.62607733084033
350 6 46.0 110.4918539208001
350 6 47.0 124.12667769613394
350 6 48.0 168.93609086951852
350 6 49.0 94.71035406509945
350 6 5.0 137.2634214563457
350 6 50.0 141.9718948854614
350 6 51.0 129.074123822939
350 6 52.0 126.83044061887297
350 6 53.0 150.9668120382955
350 6 54.0 70.66706829097372
350 6 55.0 127.11167059262996
350 6 56.0 104.99944179030658
350 6 57.0 149.09817885195818
350 6 58.0 101.61584669102635
350 6 59.0 154.45004108179563
350 6 6.0 86.84266855891957
350 6 60.0 86.14483593103894
350 6 7.0 128.2497994138482
350 6 8.0 120.78400450277191
350 6 9.0 138.8059800697358
351 5 1.0 100.59836095764992
351 5 10.0 143.28203447254418
351 5 11.0 133.01724248968503
351 5 12.0 133.53895788398606
351 5 13.0 104.60616377977081
351 5 14.0 145.126264984399
351 5 15.0 105.73582783848337
351 5 16.0 136.2580331482674
351 5 17.0 89.02073454843179
351 5 18.0 98.55011963584097
351 5 19.0 128.95872482154942
351 5 2.0 147.7794690627136
351 5 20.0 131.82764942408687
351 5 21.0 104.7387814321296
351 5 22.0 98.55149054216173
351 5 23.0 116.14508071447295
351 5 24.0 170.582506914467
351 5 25.0 114.85976466892669
351 5 26.0 96.75937337417795
351 5 27.0 81.96300065065279
351 5 28.0 94.22586266926352
351 5 29.0 112.20191849023455
351 5 3.0 146.16758293596624
351 5 30.0 96.70011386214824
351 5 31.0 130.0205991591439
351 5 32.0 140.7184990798474
351 5 33.0 112.50495323214949
351 5 34.0 126.09267458903892
351 5 35.0 166.20522728301546
351 5 36.0 114.89980727913445
351 5 37.0 128.26826852946877
351 5 38.0 108.05209815053027
351 5 39.0 139.113276090532
351 5 4.0 94.69205767420515
351 5 40.0 141.8936402479638
351 5 41.0 137.64499025034644
351 5 42.0 119.02658450261876
351 5 43.0 158.19719678671154
351 5 44.0 126.21852907054462
351 5 45.0 163.77684450729694
351 5 46.0 81.03721413417708
351 5 47.0 112.02360962650008
351 5 48.0 119.21112727178506
351 5 49.0 128.38455512032738
351 5 5.0 88.01567027083948
351 5 50.0 121.46451937025108
351 5 51.0 163.20300246296975
351 5 52.0 136.51161031601362
351 5 53.0 130.7510565375822
351 5 54.0 137.2242678785835
351 5 55.0 168.09617360621687
351 5 56.0 98.92208326319519
351 5 57.0 104.91483746232969
351 5 58.0 74.32935903337632
351 5 59.0 120.48905235976507
351 5 6.0 114.71611797643757
351 5 60.0 101.9789018098416
351 5 7.0 156.5372474063622
351 5 8.0 125.96911764518079
351 5 9.0 129.51156013937816
351 6 1.0 98.96150718373212
351 6 10.0 117.44430221185796
351 6 11.0 110.01365085205222
351 6 12.0 109.06582266719789
351 6 13.0 149.71801554996625
351 6 14.0 129.64227239940712
351 6 15.0 159.81134353287956
351 6 16.0 149.27535400872748
351 6 17.0 140.65417020555125
351 6 18.0 102.4729917436647
351 6 19.0 128.5602879306772
351 6 2.0 116.416053216769
351 6 20.0 120.62912481379155
351 6 21.0 97.50844838587585
351 6 22.0 104.12487310381057
351 6 23.0 98.59768874808658
351 6 24.0 78.05282877123278
351 6 25.0 137.06902852199144
351 6 26.0 95.16178232297595
351 6 27.0 120.47541856601293
351 6 28.0 108.9010686345542
351 6 29.0 109.58218225474822
351 6 3.0 148.3206887334464
351 6 30.0 122.46481079414909
351 6 31.0 137.95829932267287
351 6 32.0 107.9917434602215
351 6 33.0 139.38319817839186
351 6 34.0 160.7425530038034
351 6 35.0 174.56413089054948
351 6 36.0 153.66938424206433
351 6 37.0 116.52122408049934
351 6 38.0 107.21408502428524
351 6 39.0 68.07173710093534
351 6 4.0 148.77630940095946
351 6 40.0 99.00597514600801
351 6 41.0 98.51494931020169
351 6 42.0 101.45619597252889
351 6 43.0 85.78031383113866
351 6 44.0 85.44580028886148
351 6 45.0 92.27186707780525
351 6 46.0 141.12133976837455
351 6 47.0 132.6383840977613
351 6 48.0 134.36538999553852
351 6 49.0 92.9575994254126
351 6 5.0 155.57002108794524
351 6 50.0 117.82435344019258
351 6 51.0 107.73292586666476
351 6 52.0 123.75238496778837
351 6 53.0 146.77874353322633
351 6 54.0 159.12442448058147
351 6 55.0 143.16444180047046
351 6 56.0 107.9894396092572
351 6 57.0 98.53943730428824
351 6 58.0 155.13431143426027
351 6 59.0 131.68279619645958
351 6 6.0 132.34440082086752
351 6 60.0 92.82334467300686
351 6 7.0 80.71562823431083
351 6 8.0 119.45542863101153
351 6 9.0 149.6607005869766
352 5 1.0 143.92177773957596
352 5 10.0 96.83876580472703
352 5 11.0 127.16402519325861
352 5 12.0 93.90940931432915
352 5 13.0 154.58180632971394
352 5 14.0 138.98327342792038
352 5 15.0 137.88533660759433
352 5 16.0 133.7999548834018
352 5 17.0 148.64831803740609
352 5 18.0 119.00201526868855
352 5 19.0 116.4600881988579
352 5 2.0 142.70102859895442
352 5 20.0 170.11965540837892
352 5 21.0 163.7349085308404
352 5 22.0 115.37906897473343
352 5 23.0 146.40079664471395
352 5 24.0 110.14014455247357
352 5 25.0 117.09866372656514
352 5 26.0 99.10121158158015
352 5 27.0 120.20964848788041
352 5 28.0 126.94124242122378
352 5 29.0 82.33503077968915
352 5 3.0 147.82512521754379
352 5 30.0 122.3034198895999
352 5 31.0 122.72132226342553
352 5 32.0 120.24902587399092
352 5 33.0 155.52017408539194
352 5 34.0 88.92521755163602
352 5 35.0 137.03632129089587
352 5 36.0 125.79954201434131
352 5 37.0 129.2086694538487
352 5 38.0 112.68123477025574
352 5 39.0 148.40744118491267
352 5 4.0 111.25415948015204
352 5 40.0 121.94667601059379
352 5 41.0 137.03436208063596
352 5 42.0 95.05438922623854
352 5 43.0 170.94860978584
352 5 44.0 115.20987078416968
352 5 45.0 136.95606826182012
352 5 46.0 124.74261663904487
352 5 47.0 135.20768017756043
352 5 48.0 155.79625864800383
352 5 49.0 118.09732521549705
352 5 5.0 111.4724041623891
352 5 50.0 141.20141186940128
352 5 51.0 114.21318474135977
352 5 52.0 177.33831820477093
352 5 53.0 106.67578506943858
352 5 54.0 133.29073490173067
352 5 55.0 114.06411873798734
352 5 56.0 146.42272108481382
352 5 57.0 94.29896148083228
352 5 58.0 70.34460481493504
352 5 59.0 138.40135323537706
352 5 6.0 149.03028038853031
352 5 60.0 97.06763086401416
352 5 7.0 96.23003226718441
352 5 8.0 126.84197734884035
352 5 9.0 70.61682061076753
352 6 1.0 87.53126551041161
352 6 10.0 120.62433377194381
352 6 11.0 97.65595115113882
352 6 12.0 134.85840198082076
352 6 13.0 145.82559295284656
352 6 14.0 123.61358058264267
352 6 15.0 135.80239836536612
352 6 16.0 136.8514093531983
352 6 17.0 158.07225048425406
352 6 18.0 96.18814760043571
352 6 19.0 125.13286720492128
352 6 2.0 125.22901320131588
352 6 20.0 108.5250664393049
352 6 21.0 96.71998622014094
352 6 22.0 106.2812568372023
352 6 23.0 105.87934307428968
352 6 24.0 158.61255455014785
352 6 25.0 143.94485136553627
352 6 26.0 113.37466498745795
352 6 27.0 104.07977040074599
352 6 28.0 136.06577801983613
352 6 29.0 84.4953585338892
352 6 3.0 117.84172506034629
352 6 30.0 135.82568772899208
352 6 31.0 99.6161295719968
352 6 32.0 108.53602263446521
352 6 33.0 172.47663909884488
352 6 34.0 139.86218218957177
352 6 35.0 147.94768515981087
352 6 36.0 136.1484569493903
352 6 37.0 162.35554493873224
352 6 38.0 113.4905547984756
352 6 39.0 75.56517786269227
352 6 4.0 129.73354275367183
352 6 40.0 150.8055235928156
352 6 41.0 117.13101292120861
352 6 42.0 153.98237890991427
352 6 43.0 125.74226399162946
352 6 44.0 129.03966534666128
352 6 45.0 116.99630738769326
352 6 46.0 138.912469761628
352 6 47.0 116.38251204920076
352 6 48.0 136.08500737666753
352 6 49.0 165.11127668075622
352 6 5.0 133.6034861005886
352 6 50.0 100.49627285260073
352 6 51.0 113.6936230379488
352 6 52.0 117.23551281255534
352 6 53.0 113.7140779721295
352 6 54.0 151.4650698182022
352 6 55.0 141.22698988920467
352 6 56.0 75.84271551266761
352 6 57.0 96.76758640657053
352 6 58.0 124.19597974402102
352 6 59.0 127.22130920328647
352 6 6.0 142.37317378368397
352 6 60.0 131.3864833315645
352 6 7.0 100.64592180481989
352 6 8.0 95.118447288015
352 6 9.0 149.70279836700234
353 5 1.0 121.19108984566866
353 5 10.0 108.17371489573549
353 5 11.0 144.62226782649498
353 5 12.0 110.28708424730843
353 5 13.0 158.92894730336926
353 5 14.0 95.25276830698098
353 5 15.0 95.59055171618918
353 5 16.0 142.73800893852177
353 5 17.0 121.40661187701055
353 5 18.0 102.11635986121684
353 5 19.0 158.53590788284285
353 5 2.0 159.13283722198915
353 5 20.0 164.6028499112578
353 5 21.0 91.6256330016357
353 5 22.0 114.98828420919716
353 5 23.0 142.93268290498514
353 5 24.0 101.78979856222455
353 5 25.0 155.90499558470765
353 5 26.0 98.40161394153658
353 5 27.0 104.36276344655354
353 5 28.0 148.0371771146537
353 5 29.0 117.30445448504625
353 5 3.0 164.60780689875997
353 5 30.0 138.1952871813118
353 5 31.0 110.67493316367192
353 5 32.0 116.11385736675687
353 5 33.0 130.5849513010538
353 5 34.0 103.22509704549154
353 5 35.0 137.3329136054563
353 5 36.0 116.84013953365235
353 5 37.0 117.62950924630516
353 5 38.0 137.77022381325463
353 5 39.0 158.51807276103375
353 5 4.0 157.63295301555655
353 5 40.0 132.98127379126967
353 5 41.0 139.34824383956996
353 5 42.0 116.33515617452422
353 5 43.0 109.16846886197865
353 5 44.0 133.64991365968794
353 5 45.0 149.50722794973257
353 5 46.0 117.08477057765434
353 5 47.0 140.43432601472787
353 5 48.0 115.35551765431092
353 5 49.0 131.87493168531932
353 5 5.0 167.9429385528431
353 5 50.0 133.526531952285
353 5 51.0 168.77696375124071
353 5 52.0 106.6432112818431
353 5 53.0 127.9701603207334
353 5 54.0 95.15688292173643
353 5 55.0 113.76087935151992
353 5 56.0 139.55008764271358
353 5 57.0 101.0756479685509
353 5 58.0 157.13060604639875
353 5 59.0 123.00636201025634
353 5 6.0 147.64704702397674
353 5 60.0 147.85244428349108
353 5 7.0 119.10698417455696
353 5 8.0 90.5267807509793
353 5 9.0 140.5670308008955
353 6 1.0 147.0460069782384
353 6 10.0 112.35448846689312
353 6 11.0 88.3995384134081
353 6 12.0 91.63252039208605
353 6 13.0 166.09951952939306
353 6 14.0 114.04084644708593
353 6 15.0 113.99524318417244
353 6 16.0 107.38752403441798
353 6 17.0 153.15912202486007
353 6 18.0 101.46811649253958
353 6 19.0 112.42768280808257
353 6 2.0 161.38661440167851
353 6 20.0 135.36492790558216
353 6 21.0 117.0499060512364
353 6 22.0 112.55673768788051
353 6 23.0 114.05013412959713
353 6 24.0 112.31426644602726
353 6 25.0 114.97033953375774
353 6 26.0 101.38580498439109
353 6 27.0 143.5197492141722
353 6 28.0 119.97263597833043
353 6 29.0 118.9120805243954
353 6 3.0 161.9444012117302
353 6 30.0 134.9271349384322
353 6 31.0 151.2160849321033
353 6 32.0 82.16570091541854
353 6 33.0 146.77680555118698
353 6 34.0 139.9125278168471
353 6 35.0 140.97109142919993
353 6 36.0 156.2782631750489
353 6 37.0 124.86103334031931
353 6 38.0 123.91192853585285
353 6 39.0 123.61315949105176
353 6 4.0 154.20305012199603
353 6 40.0 118.63051258926896
353 6 41.0 107.16201063771517
353 6 42.0 107.28514159124168
353 6 43.0 129.66403480421516
353 6 44.0 121.39509502821362
353 6 45.0 111.12884596146492
353 6 46.0 72.86656545584056
353 6 47.0 96.5895802108998
353 6 48.0 148.13208071053074
353 6 49.0 122.52539745200728
353 6 5.0 132.5983501291456
353 6 50.0 177.334730449808
353 6 51.0 159.44806306665555
353 6 52.0 155.42848873340378
353 6 53.0 84.87538724226403
353 6 54.0 142.10343737146022
353 6 55.0 110.11398228210645
353 6 56.0 140.26174678721736
353 6 57.0 138.60065905193562
353 6 58.0 132.6944251624329
353 6 59.0 133.8557417094649
353 6 6.0 163.9785525465702
353 6 60.0 117.78791457316386
353 6 7.0 141.38964478868198
353 6 8.0 100.13123631238346
353 6 9.0 137.69770894730686
354 5 1.0 116.88953329516916
354 5 10.0 104.4260287169088
354 5 11.0 171.5291004291819
354 5 12.0 89.7941404261848
354 5 13.0 151.28994263637276
354 5 14.0 114.37813749122245
354 5 15.0 138.61523046347742
354 5 16.0 110.53110461989539
354 5 17.0 130.17949540209503
354 5 18.0 127.54887714366714
354 5 19.0 158.99735159981287
354 5 2.0 86.20733092930341
354 5 20.0 122.52895459278318
354 5 21.0 96.58474893061909
354 5 22.0 133.39599661805858
354 5 23.0 143.12765992615846
354 5 24.0 122.49997971318159
354 5 25.0 138.6065886018384
354 5 26.0 82.61124787401504
354 5 27.0 135.64675918372018
354 5 28.0 125.65088978762793
354 5 29.0 89.81119564255948
354 5 3.0 125.33048132843143
354 5 30.0 137.6550545834849
354 5 31.0 132.67468372887933
354 5 32.0 137.23395969996253
354 5 33.0 115.45877864783326
354 5 34.0 115.47522817074206
354 5 35.0 169.18992996528783
354 5 36.0 136.81154799645893
354 5 37.0 113.39451189819123
354 5 38.0 121.91659338958354
354 5 39.0 115.26866446720108
354 5 4.0 137.46751792595884
354 5 40.0 142.76083994722333
354 5 41.0 136.07503422957578
354 5 42.0 103.0415400621771
354 5 43.0 93.08225238742959
354 5 44.0 110.06615985036336
354 5 45.0 102.97153185623962
354 5 46.0 134.7743390858733
354 5 47.0 137.63647709107263
354 5 48.0 117.45807313695371
354 5 49.0 113.17696333334338
354 5 5.0 127.15256493864126
354 5 50.0 123.76040659578901
354 5 51.0 135.98228315341586
354 5 52.0 139.34778096471913
354 5 53.0 162.44678002497628
354 5 54.0 102.157154436902
354 5 55.0 113.21834897494506
354 5 56.0 155.79890006630717
354 5 57.0 112.37466153727854
354 5 58.0 112.27463175878506
354 5 59.0 167.135551254014
354 5 6.0 160.13762140687663
354 5 60.0 99.12194301784673
354 5 7.0 100.9020877563686
354 5 8.0 144.15501906163976
354 5 9.0 135.55364779077448
354 6 1.0 120.1425637136476
354 6 10.0 111.34124411704268
354 6 11.0 116.59992394054757
354 6 12.0 114.24904228941514
354 6 13.0 132.32461310860188
354 6 14.0 115.40822197660209
354 6 15.0 139.39076993241522
354 6 16.0 143.82491359011735
354 6 17.0 104.75727202267957
354 6 18.0 136.40627673358426
354 6 19.0 149.16128530825895
354 6 2.0 123.73992654545218
354 6 20.0 134.86736236177455
354 6 21.0 142.25180373743734
354 6 22.0 96.26310914926964
354 6 23.0 123.8342920387065
354 6 24.0 98.92650124934383
354 6 25.0 64.84758445623447
354 6 26.0 102.73925300204247
354 6 27.0 122.92771326472871
354 6 28.0 109.20715295232209
354 6 29.0 90.52742727052896
354 6 3.0 145.8756640197324
354 6 30.0 133.3914937303589
354 6 31.0 122.9578486929349
354 6 32.0 109.7880249647252
354 6 33.0 164.8375773606468
354 6 34.0 145.97730672580607
354 6 35.0 133.33627679382224
354 6 36.0 136.41406660487277
354 6 37.0 126.56721220022615
354 6 38.0 135.96093212289466
354 6 39.0 100.45808619339799
354 6 4.0 175.64573338764538
354 6 40.0 120.15770068552456
354 6 41.0 92.0185895633431
354 6 42.0 108.44066603875993
354 6 43.0 126.037723006528
354 6 44.0 132.42326074126464
354 6 45.0 154.80493244351445
354 6 46.0 91.20425579959074
354 6 47.0 91.79237213761556
354 6 48.0 123.05259073311542
354 6 49.0 69.66090417394452
354 6 5.0 96.49472675885276
354 6 50.0 120.29906012766766
354 6 51.0 146.5566702699981
354 6 52.0 94.22380746838427
354 6 53.0 148.00847395688936
354 6 54.0 102.32901286662172
354 6 55.0 172.17345404995822
354 6 56.0 124.33496269682068
354 6 57.0 133.6463392669974
354 6 58.0 116.72128586445378
354 6 59.0 85.37336026711428
354 6 6.0 92.49780593416266
354 6 60.0 97.09646976901308
354 6 7.0 109.2035533951097
354 6 8.0 100.50392832986206
354 6 9.0 134.09476096165022
355 5 1.0 158.64485914082695
355 5 10.0 116.66697246167688
355 5 11.0 88.68289480573625
355 5 12.0 103.59307797022569
355 5 13.0 73.33347549094017
355 5 14.0 85.1365628038257
355 5 15.0 130.47377273011534
355 5 16.0 114.65147568206994
355 5 17.0 168.88601450097116
355 5 18.0 134.65818084487708
355 5 19.0 108.23503972262989
355 5 2.0 81.92753093772308
355 5 20.0 154.45443955649105
355 5 21.0 130.75153022508516
355 5 22.0 144.94607116153188
355 5 23.0 119.37514999061608
355 5 24.0 123.02703400727539
355 5 25.0 157.64172846457896
355 5 26.0 112.46538036428711
355 5 27.0 100.18764927323024
355 5 28.0 147.086633583702
355 5 29.0 84.62240903642848
355 5 3.0 110.91096403428318
355 5 30.0 149.2381500249031
355 5 31.0 143.73499397171958
355 5 32.0 150.7039617901116
355 5 33.0 141.97686465390473
355 5 34.0 153.89476795885045
355 5 35.0 110.91883087351711
355 5 36.0 131.25867055834155
355 5 37.0 92.71947767072906
355 5 38.0 100.85827687908402
355 5 39.0 133.9576461619682
355 5 4.0 104.24824419463768
355 5 40.0 140.7292851654684
355 5 41.0 127.62268753545303
355 5 42.0 123.88978373370095
355 5 43.0 174.5645614466358
355 5 44.0 178.6583937926887
355 5 45.0 157.0510498945682
355 5 46.0 149.5347779233071
355 5 47.0 148.80618887031727
355 5 48.0 169.99248706944928
355 5 49.0 168.37033322279805
355 5 5.0 74.096914018716
355 5 50.0 126.69299919442656
355 5 51.0 168.79224528992523
355 5 52.0 117.93276382788721
355 5 53.0 130.18867930060327
355 5 54.0 132.9840383751635
355 5 55.0 170.43635598833683
355 5 56.0 141.43128966217697
355 5 57.0 117.07896458535264
355 5 58.0 106.87519367220708
355 5 59.0 172.29495350329316
355 5 6.0 103.81921066099429
355 5 60.0 93.45038936878088
355 5 7.0 106.16307821409032
355 5 8.0 115.76518619011165
355 5 9.0 83.30746746244195
355 6 1.0 150.14657241525217
355 6 10.0 113.81224076522685
355 6 11.0 93.11696049270725
355 6 12.0 131.05035334837046
355 6 13.0 153.7988931879733
355 6 14.0 133.88077607527842
355 6 15.0 120.16575234130165
355 6 16.0 109.3475984335227
355 6 17.0 160.3284440740186
355 6 18.0 103.91938002468346
355 6 19.0 153.4689822058396
355 6 2.0 136.3553922790009
355 6 20.0 147.57262006021384
355 6 21.0 109.14735297407671
355 6 22.0 106.43997512469477
355 6 23.0 107.18036370252858
355 6 24.0 133.13018862863157
355 6 25.0 72.86123073337347
355 6 26.0 106.6948542961131
355 6 27.0 124.06782112708848
355 6 28.0 116.92154992644679
355 6 29.0 133.52659391662357
355 6 3.0 125.46034889288258
355 6 30.0 135.49116997877303
355 6 31.0 108.51875028358681
355 6 32.0 123.7601906065614
355 6 33.0 154.66264847869422
355 6 34.0 131.55390889763214
355 6 35.0 132.65275455225205
355 6 36.0 172.43181325329977
355 6 37.0 151.4809924531223
355 6 38.0 154.28560235184347
355 6 39.0 87.58074661282555
355 6 4.0 129.20414829222034
355 6 40.0 117.03684586482036
355 6 41.0 123.30157558442276
355 6 42.0 98.46193289344087
355 6 43.0 91.29024854894483
355 6 44.0 111.71618350337634
355 6 45.0 106.49038988750839
355 6 46.0 90.06861420277932
355 6 47.0 116.17708714068473
355 6 48.0 139.89546235606971
355 6 49.0 94.8160944310595
355 6 5.0 133.1232246269129
355 6 50.0 106.12153194727077
355 6 51.0 108.83183196629308
355 6 52.0 164.19513821156573
355 6 53.0 119.23831931581195
355 6 54.0 154.44575307166608
355 6 55.0 157.93377155014215
355 6 56.0 107.52920912580765
355 6 57.0 102.0582385301409
355 6 58.0 118.06011608835593
355 6 59.0 131.1536338829568
355 6 6.0 97.74294637007955
355 6 60.0 103.71921850568826
355 6 7.0 124.26432631844267
355 6 8.0 106.1243685065303
355 6 9.0 122.68154143361092
356 5 1.0 86.35702316104368
356 5 10.0 133.63694610141582
356 5 11.0 100.36417484959895
356 5 12.0 93.87004900904763
356 5 13.0 75.44478969267577
356 5 14.0 108.21065722120099
356 5 15.0 154.3512780672664
356 5 16.0 139.1946722325321
356 5 17.0 158.38501254830064
356 5 18.0 133.16424337285375
356 5 19.0 160.77830980276138
356 5 2.0 160.79174754701037
356 5 20.0 110.63396289587665
356 5 21.0 110.30562685660843
356 5 22.0 145.3866521162455
356 5 23.0 144.24009297439855
356 5 24.0 87.09810000729583
356 5 25.0 134.4989669313001
356 5 26.0 117.3079891687855
356 5 27.0 111.13888447192294
356 5 28.0 84.82152107214979
356 5 29.0 140.4614416587906
356 5 3.0 132.44256465138767
356 5 30.0 113.10536736168605
356 5 31.0 150.62137214249753
356 5 32.0 169.89095300422784
356 5 33.0 127.39335623277945
356 5 34.0 137.73081928457185
356 5 35.0 115.67390713865468
356 5 36.0 113.2286238517711
356 5 37.0 97.9815884699794
356 5 38.0 97.00044140676982
356 5 39.0 144.80984865085279
356 5 4.0 98.22250362177141
356 5 40.0 110.11271876814801
356 5 41.0 151.68424527872364
356 5 42.0 169.60879493039715
356 5 43.0 123.09453168846832
356 5 44.0 169.0728846842639
356 5 45.0 110.94965005399489
356 5 46.0 109.58565538366162
356 5 47.0 144.23099321616468
356 5 48.0 138.6702739659282
356 5 49.0 133.5452184683873
356 5 5.0 98.92872776109914
356 5 50.0 122.03214698474432
356 5 51.0 113.91167935289253
356 5 52.0 163.17737310654977
356 5 53.0 157.43550525613367
356 5 54.0 134.00468160316942
356 5 55.0 118.99589149184166
356 5 56.0 82.77767391081915
356 5 57.0 129.0564629014817
356 5 58.0 72.55758340479949
356 5 59.0 118.59300392584917
356 5 6.0 143.62847575841369
356 5 60.0 154.4047666518522
356 5 7.0 152.99629452337928
356 5 8.0 94.37518106246894
356 5 9.0 105.60313993872028
356 6 1.0 141.35198808455326
356 6 10.0 124.65862610993798
356 6 11.0 127.88690448374405
356 6 12.0 124.34195736573433
356 6 13.0 162.72238116162202
356 6 14.0 118.44288600135985
356 6 15.0 118.0566569302218
356 6 16.0 123.33088728219727
356 6 17.0 134.43091358357498
356 6 18.0 123.08969983837473
356 6 19.0 125.52364370348937
356 6 2.0 117.82126445273943
356 6 20.0 168.81927684789528
356 6 21.0 120.90953112018819
356 6 22.0 122.8932032707426
356 6 23.0 94.6958843498558
356 6 24.0 157.23672942460323
356 6 25.0 140.0292724772387
356 6 26.0 91.43090463476597
356 6 27.0 114.57379630582803
356 6 28.0 89.41636636550534
356 6 29.0 97.22683489980157
356 6 3.0 119.42353982449738
356 6 30.0 114.0776194347039
356 6 31.0 147.3623700734751
356 6 32.0 142.9193652252359
356 6 33.0 145.1269133192474
356 6 34.0 141.91668566479188
356 6 35.0 117.05609571037807
356 6 36.0 136.6207113797991
356 6 37.0 138.20385473349617
356 6 38.0 106.77238460820087
356 6 39.0 156.73742431349942
356 6 4.0 135.61897005180649
356 6 40.0 145.0644170465224
356 6 41.0 144.0236725167162
356 6 42.0 103.16615427986113
356 6 43.0 155.9710273119313
356 6 44.0 94.01236409857512
356 6 45.0 97.04550426817555
356 6 46.0 132.34598748100638
356 6 47.0 117.7252425106097
356 6 48.0 112.65245646369087
356 6 49.0 151.83727397231314
356 6 5.0 145.75049182824085
356 6 50.0 99.99600990563474
356 6 51.0 123.66513936202418
356 6 52.0 148.31508132347335
356 6 53.0 112.56464473753462
356 6 54.0 141.98434781187973
356 6 55.0 152.7394289518674
356 6 56.0 159.5114191676672
356 6 57.0 111.5074794989151
356 6 58.0 111.10552804509108
356 6 59.0 91.68360911470769
356 6 6.0 102.03211413861523
356 6 60.0 139.97183367294048
356 6 7.0 141.9107737896133
356 6 8.0 80.72800176380267
356 6 9.0 119.15378968746323
357 5 1.0 111.34369218406799
357 5 10.0 57.429239746380205
357 5 11.0 112.95370609676571
357 5 12.0 114.10172198926584
357 5 13.0 91.85707683827552
357 5 14.0 82.43372782508503
357 5 15.0 145.78887816187736
357 5 16.0 111.88125596625352
357 5 17.0 124.63591213530016
357 5 18.0 112.56969744135135
357 5 19.0 114.67402209823791
357 5 2.0 121.28949721978474
357 5 20.0 109.14963839219045
357 5 21.0 144.416464166466
357 5 22.0 126.28337234194422
357 5 23.0 110.79786278691458
357 5 24.0 102.3584167023194
357 5 25.0 128.38107099290403
357 5 26.0 106.80916404189807
357 5 27.0 93.14500603797521
357 5 28.0 167.8781807234914
357 5 29.0 87.16065850260927
357 5 3.0 124.66599273721965
357 5 30.0 168.4421229280641
357 5 31.0 111.93584582597656
357 5 32.0 99.73753012753815
357 5 33.0 102.55663663927564
357 5 34.0 148.89548297971538
357 5 35.0 90.19672744113122
357 5 36.0 87.59845237261315
357 5 37.0 113.53118663034175
357 5 38.0 118.41492637968457
357 5 39.0 150.0873241194902
357 5 4.0 109.27379553555217
357 5 40.0 110.8360394936373
357 5 41.0 172.1609135670665
357 5 42.0 146.04212948038105
357 5 43.0 93.78141844183396
357 5 44.0 149.43396570334056
357 5 45.0 163.09913336911177
357 5 46.0 89.50019760992593
357 5 47.0 149.52206388205767
357 5 48.0 121.23148905085145
357 5 49.0 159.91714448056644
357 5 5.0 106.94314760294029
357 5 50.0 132.26362675406313
357 5 51.0 166.63134731976544
357 5 52.0 148.8557804773612
357 5 53.0 150.48614682480056
357 5 54.0 122.46572053915892
357 5 55.0 170.00284384769944
357 5 56.0 174.28291829750782
357 5 57.0 105.24952390169811
357 5 58.0 134.941825908722
357 5 59.0 109.50274445058483
357 5 6.0 77.53556799898584
357 5 60.0 116.07939126424783
357 5 7.0 120.32668000126212
357 5 8.0 105.91370563156619
357 5 9.0 107.3188687919792
357 6 1.0 155.4663903185982
357 6 10.0 94.08971575875051
357 6 11.0 138.8182908315957
357 6 12.0 84.41250083528408
357 6 13.0 138.03758975848342
357 6 14.0 124.16073446083614
357 6 15.0 164.29117701468655
357 6 16.0 141.05655197824817
357 6 17.0 141.004307730221
357 6 18.0 115.43920654250778
357 6 19.0 178.53767773676998
357 6 2.0 117.96725535788192
357 6 20.0 110.04821554606578
357 6 21.0 92.63132712673095
357 6 22.0 109.72780068534153
357 6 23.0 141.09719511328603
357 6 24.0 145.57769055512333
357 6 25.0 110.1645804107937
357 6 26.0 118.03094580185137
357 6 27.0 110.91300561198663
357 6 28.0 113.85154464504312
357 6 29.0 140.85329139889086
357 6 3.0 128.8429880768115
357 6 30.0 134.26837163296022
357 6 31.0 158.86418192312502
357 6 32.0 104.83256881937372
357 6 33.0 167.3989870280597
357 6 34.0 138.61302272568173
357 6 35.0 140.20399740196765
357 6 36.0 105.17338456533285
357 6 37.0 99.11345755881729
357 6 38.0 146.17892988041967
357 6 39.0 157.49598779240625
357 6 4.0 126.99945224868432
357 6 40.0 155.6099935482622
357 6 41.0 144.59895328117796
357 6 42.0 91.78354469285415
357 6 43.0 139.5127587920575
357 6 44.0 144.60484193897295
357 6 45.0 137.9191137602599
357 6 46.0 91.13379266953093
357 6 47.0 141.2497843985107
357 6 48.0 125.0384169295454
357 6 49.0 114.99609626929863
357 6 5.0 110.5810712653119
357 6 50.0 136.62534903926863
357 6 51.0 134.4693785228129
357 6 52.0 109.67464802288514
357 6 53.0 107.46908677293989
357 6 54.0 95.34885314083185
357 6 55.0 126.07134249805523
357 6 56.0 136.76034414834535
357 6 57.0 142.7284889919757
357 6 58.0 141.39001700890262
357 6 59.0 104.26091031962542
357 6 6.0 140.27820366982738
357 6 60.0 85.08541237590283
357 6 7.0 122.76005439650291
357 6 8.0 90.31488494757438
357 6 9.0 122.68100679492127
358 5 1.0 141.84637415857193
358 5 10.0 60.529605285968785
358 5 11.0 104.38961037171862
358 5 12.0 94.24391974010479
358 5 13.0 123.51669995241484
358 5 14.0 116.55083033085059
358 5 15.0 120.5375609228856
358 5 16.0 111.5741091500804
358 5 17.0 139.33137436125827
358 5 18.0 111.0418704777081
358 5 19.0 137.67921738772046
358 5 2.0 98.25187912568265
358 5 20.0 99.87201728735853
358 5 21.0 136.98282962656486
358 5 22.0 107.00260250239369
358 5 23.0 92.71812314267488
358 5 24.0 96.95347948315965
358 5 25.0 84.21838540300286
358 5 26.0 96.26373833703609
358 5 27.0 106.37214089854456
358 5 28.0 139.77404501753955
358 5 29.0 124.91114991904253
358 5 3.0 111.35483196514983
358 5 30.0 119.97297338376056
358 5 31.0 138.05824898860456
358 5 32.0 103.01963153943501
358 5 33.0 145.5980951565835
358 5 34.0 159.07009042628243
358 5 35.0 99.47758518144965
358 5 36.0 144.83242419287478
358 5 37.0 137.94097462405645
358 5 38.0 87.36242182917663
358 5 39.0 155.93807815179247
358 5 4.0 132.1565390748238
358 5 40.0 120.385024715047
358 5 41.0 130.69657976315986
358 5 42.0 137.10017615393554
358 5 43.0 158.71995481228262
358 5 44.0 140.22922029598442
358 5 45.0 87.46200271099111
358 5 46.0 81.95570216429549
358 5 47.0 152.17873892808723
358 5 48.0 162.06711211252812
358 5 49.0 151.95526431203626
358 5 5.0 107.39813670499652
358 5 50.0 84.80791184043876
358 5 51.0 131.57794714760558
358 5 52.0 140.602358259501
358 5 53.0 136.99903449597804
358 5 54.0 101.70158287278436
358 5 55.0 132.87051112741858
358 5 56.0 127.79531345031117
358 5 57.0 106.33378343591247
358 5 58.0 149.11019270206734
358 5 59.0 144.24813352754134
358 5 6.0 135.7597896610905
358 5 60.0 136.47215962178544
358 5 7.0 86.24457456320172
358 5 8.0 153.63715633835557
358 5 9.0 125.41631625861919
358 6 1.0 98.88665183339143
358 6 10.0 119.0087145469042
358 6 11.0 165.0570592155843
358 6 12.0 122.62644977942531
358 6 13.0 109.28648707168738
358 6 14.0 110.11844136889681
358 6 15.0 128.97267724049303
358 6 16.0 153.70098880244183
358 6 17.0 103.36791836144612
358 6 18.0 149.2463011911543
358 6 19.0 140.87990621875502
358 6 2.0 130.91691894043544
358 6 20.0 132.25144224522919
358 6 21.0 151.38343652328152
358 6 22.0 152.44674556763235
358 6 23.0 107.00187719488908
358 6 24.0 94.98931036456197
358 6 25.0 144.48925519052503
358 6 26.0 103.75148820591998
358 6 27.0 86.96116571308262
358 6 28.0 107.44114731490474
358 6 29.0 121.81806110668578
358 6 3.0 106.99603300702016
358 6 30.0 120.35098038610606
358 6 31.0 115.93558613060591
358 6 32.0 106.78272447752695
358 6 33.0 135.6069061461692
358 6 34.0 157.23074552637095
358 6 35.0 128.51078900890795
358 6 36.0 119.8731987517457
358 6 37.0 143.03187220104903
358 6 38.0 81.83490902184928
358 6 39.0 152.33561089611362
358 6 4.0 145.63609240002006
358 6 40.0 133.49840902481577
358 6 41.0 140.54954159040662
358 6 42.0 125.17852615622124
358 6 43.0 154.49171669533197
358 6 44.0 148.10832959371032
358 6 45.0 143.3656079793946
358 6 46.0 170.51307199937466
358 6 47.0 118.06438797219622
358 6 48.0 135.12447240557793
358 6 49.0 126.89138212052778
358 6 5.0 170.993850784557
358 6 50.0 119.28676684831866
358 6 51.0 154.50720884313102
358 6 52.0 109.1657356542151
358 6 53.0 99.61206784637174
358 6 54.0 123.2361151922578
358 6 55.0 153.58789101090252
358 6 56.0 95.44192038203153
358 6 57.0 108.9161588278516
358 6 58.0 100.78817823729449
358 6 59.0 125.65586552970882
358 6 6.0 119.68473211885865
358 6 60.0 102.9150824493399
358 6 7.0 81.412837665356
358 6 8.0 105.80499181115835
358 6 9.0 135.6232246622585
359 5 1.0 99.91694703855109
359 5 10.0 66.72610893867076
359 5 11.0 139.3365755266268
359 5 12.0 132.9377966584396
359 5 13.0 100.10494108438552
359 5 14.0 111.65363368429466
359 5 15.0 111.39503305397095
359 5 16.0 155.71112388901253
359 5 17.0 133.87513542697542
359 5 18.0 99.28476857821867
359 5 19.0 169.81333724405033
359 5 2.0 124.6969898502192
359 5 20.0 147.40534133933073
359 5 21.0 146.92867853149795
359 5 22.0 112.24480806387183
359 5 23.0 155.72127856172278
359 5 24.0 97.04948496146153
359 5 25.0 90.41643263899606
359 5 26.0 120.42782675812522
359 5 27.0 118.63754929216498
359 5 28.0 135.99498763740704
359 5 29.0 119.90316507537595
359 5 3.0 119.58214452661021
359 5 30.0 146.98890174948934
359 5 31.0 150.27241453723315
359 5 32.0 126.56839224241322
359 5 33.0 127.74698186697877
359 5 34.0 108.94239981480476
359 5 35.0 146.99337539548887
359 5 36.0 116.13418837480668
359 5 37.0 135.4906262308689
359 5 38.0 123.1994243523657
359 5 39.0 151.34790256169438
359 5 4.0 91.56295836654802
359 5 40.0 132.44269896204233
359 5 41.0 92.46251121790016
359 5 42.0 106.3335987462312
359 5 43.0 124.98980191603584
359 5 44.0 165.6220922181837
359 5 45.0 128.09247751190813
359 5 46.0 124.45354492586723
359 5 47.0 147.67949815355055
359 5 48.0 112.36314995363972
359 5 49.0 139.03619470861952
359 5 5.0 105.0429296380409
359 5 50.0 112.22927459943331
359 5 51.0 139.8757807421301
359 5 52.0 158.51108413653597
359 5 53.0 113.38352167239081
359 5 54.0 140.24595287486795
359 5 55.0 126.46495709356664
359 5 56.0 161.88430657112042
359 5 57.0 102.60710664852132
359 5 58.0 126.02101581515313
359 5 59.0 120.77853957831485
359 5 6.0 116.27202174032325
359 5 60.0 119.60122791613534
359 5 7.0 104.85837382869045
359 5 8.0 121.46465772876101
359 5 9.0 97.82808705727528
359 6 1.0 93.92465838708816
359 6 10.0 136.31182113800088
359 6 11.0 100.5244841218726
359 6 12.0 118.20495983506137
359 6 13.0 94.9529505413549
359 6 14.0 119.29405095493419
359 6 15.0 101.15381810220116
359 6 16.0 133.38433183013302
359 6 17.0 135.79290588166822
359 6 18.0 119.59041324482483
359 6 19.0 134.58391407109082
359 6 2.0 149.32131234772856
359 6 20.0 143.42356535809373
359 6 21.0 143.720255453618
359 6 22.0 145.12035745755054
359 6 23.0 148.47901308771145
359 6 24.0 145.7419048371601
359 6 25.0 172.37130835559427
359 6 26.0 87.8569911507688
359 6 27.0 120.90298052377608
359 6 28.0 105.88348674134038
359 6 29.0 135.21722458709985
359 6 3.0 155.5274593861422
359 6 30.0 162.74410373065837
359 6 31.0 115.33023272779563
359 6 32.0 120.20075321943523
359 6 33.0 165.48311478668106
359 6 34.0 107.33275340422732
359 6 35.0 145.0813080127781
359 6 36.0 139.32118855447231
359 6 37.0 126.06222199438376
359 6 38.0 114.40312390579395
359 6 39.0 66.86806065024565
359 6 4.0 124.34053457506533
359 6 40.0 142.43428985618036
359 6 41.0 155.92574702677652
359 6 42.0 134.9402123178881
359 6 43.0 162.64566432424263
359 6 44.0 107.97951866219663
359 6 45.0 116.90238103441959
359 6 46.0 133.88429051941324
359 6 47.0 99.33248541895155
359 6 48.0 139.42188487840474
359 6 49.0 121.35110631347631
359 6 5.0 130.3646102672256
359 6 50.0 114.52830807208497
359 6 51.0 144.19559069875672
359 6 52.0 111.84154400799115
359 6 53.0 104.1918472135156
359 6 54.0 105.92023874197604
359 6 55.0 138.2865676381378
359 6 56.0 120.0133582988043
359 6 57.0 139.096906520753
359 6 58.0 128.97613956435993
359 6 59.0 115.73977119894928
359 6 6.0 94.48382862894083
359 6 60.0 81.93534315308011
359 6 7.0 79.9770066988761
359 6 8.0 89.02142439009856
359 6 9.0 150.41423719262076
360 5 1.0 120.0314883059898
360 5 10.0 85.01716990332238
360 5 11.0 103.45552502399669
360 5 12.0 101.03404445104248
360 5 13.0 108.75811084801542
360 5 14.0 130.21109342995155
360 5 15.0 135.75131413727553
360 5 16.0 111.55442595727752
360 5 17.0 101.08748893175361
360 5 18.0 101.0432256939503
360 5 19.0 153.5455179610335
360 5 2.0 85.50371679741146
360 5 20.0 129.28825987512244
360 5 21.0 165.34472539352126
360 5 22.0 125.96354054889788
360 5 23.0 134.87617040442595
360 5 24.0 135.67495311769082
360 5 25.0 121.4040465337129
360 5 26.0 162.85650080730423
360 5 27.0 155.8674058440972
360 5 28.0 134.17501530428646
360 5 29.0 126.39119197120571
360 5 3.0 159.5368062545564
360 5 30.0 135.95619934716666
360 5 31.0 135.83448389654055
360 5 32.0 149.2121512771894
360 5 33.0 139.43130859106
360 5 34.0 125.46230806193593
360 5 35.0 133.9006016481884
360 5 36.0 110.24924108064704
360 5 37.0 132.13640755824662
360 5 38.0 100.91645721285089
360 5 39.0 105.93959649847797
360 5 4.0 95.86183467359024
360 5 40.0 97.13895391764437
360 5 41.0 101.69842050798262
360 5 42.0 93.78524944349867
360 5 43.0 164.9986346477006
360 5 44.0 172.06019091029634
360 5 45.0 142.54657943358302
360 5 46.0 121.6279880497285
360 5 47.0 153.4756840749981
360 5 48.0 163.8347602956674
360 5 49.0 159.58413077792304
360 5 5.0 90.59200813415437
360 5 50.0 104.204538822217
360 5 51.0 161.48557220106403
360 5 52.0 145.56287966548783
360 5 53.0 112.68790366208401
360 5 54.0 138.94731361414563
360 5 55.0 130.22983191177178
360 5 56.0 119.63821073148539
360 5 57.0 90.06177719077827
360 5 58.0 135.22565166838464
360 5 59.0 143.2578703510778
360 5 6.0 92.57153355070504
360 5 60.0 92.32244766066175
360 5 7.0 121.02408708710311
360 5 8.0 117.73013541921863
360 5 9.0 96.02224336946551
360 6 1.0 104.81795904179116
360 6 10.0 178.51479428294888
360 6 11.0 103.92144507902852
360 6 12.0 100.4919023108384
360 6 13.0 164.36246387118587
360 6 14.0 109.11005067907841
360 6 15.0 137.39254057101383
360 6 16.0 134.55395180370206
360 6 17.0 116.94571000982253
360 6 18.0 162.7301344144795
360 6 19.0 126.98172779001574
360 6 2.0 114.85605573725348
360 6 20.0 131.21936736122
360 6 21.0 98.12878516135261
360 6 22.0 124.65047696640282
360 6 23.0 107.47503658365417
360 6 24.0 139.59239469601607
360 6 25.0 131.90986561256372
360 6 26.0 116.00090206531408
360 6 27.0 104.61648094203281
360 6 28.0 100.54004569292037
360 6 29.0 158.41114901571024
360 6 3.0 83.45409639559416
360 6 30.0 104.38992901978132
360 6 31.0 162.36204077542078
360 6 32.0 155.82262739175155
360 6 33.0 135.18698320097423
360 6 34.0 115.96025206840169
360 6 35.0 97.65433706264251
360 6 36.0 91.29928565969266
360 6 37.0 124.8497130140051
360 6 38.0 171.666467397377
360 6 39.0 62.80926199280217
360 6 4.0 102.44978075208563
360 6 40.0 161.14547237113706
360 6 41.0 120.79927598339309
360 6 42.0 101.38896683799229
360 6 43.0 118.76371459198309
360 6 44.0 149.42700222897858
360 6 45.0 115.46378957947353
360 6 46.0 104.33065310538488
360 6 47.0 104.86040010682885
360 6 48.0 117.66750708551007
360 6 49.0 118.57992535161807
360 6 5.0 145.91337271127023
360 6 50.0 129.48145326077258
360 6 51.0 89.62077634555494
360 6 52.0 119.03772168451943
360 6 53.0 109.12850259413648
360 6 54.0 106.57143757403982
360 6 55.0 160.6241579604764
360 6 56.0 80.02208768325818
360 6 57.0 158.89870577236778
360 6 58.0 102.53200452608017
360 6 59.0 151.28939241833464
360 6 6.0 122.26928412650241
360 6 60.0 72.1357126990705
360 6 7.0 171.57302966432763
360 6 8.0 160.24842021210037
360 6 9.0 148.95668685409237
361 5 1.0 156.6396112805607
361 5 10.0 65.88052668126416
361 5 11.0 148.94898980858466
361 5 12.0 105.60535623916005
361 5 13.0 113.77513891135152
361 5 14.0 108.11907881492847
361 5 15.0 96.17131082142318
361 5 16.0 174.0828487000733
361 5 17.0 126.92103444095846
361 5 18.0 127.64298769294369
361 5 19.0 165.51307992940158
361 5 2.0 91.52277115090686
361 5 20.0 150.91744131737343
361 5 21.0 163.91352446748465
361 5 22.0 157.70836093499523
361 5 23.0 164.70438027264996
361 5 24.0 140.93933255066966
361 5 25.0 126.6129646226842
361 5 26.0 105.83619883657829
361 5 27.0 134.04805993871076
361 5 28.0 122.20571049926771
361 5 29.0 103.95219009151018
361 5 3.0 110.18595070785706
361 5 30.0 161.21273720933218
361 5 31.0 166.87222696127705
361 5 32.0 140.81792006994908
361 5 33.0 165.63392869330528
361 5 34.0 149.9728622807061
361 5 35.0 77.78645052043034
361 5 36.0 106.1743437154846
361 5 37.0 114.9999672656515
361 5 38.0 98.70136112975048
361 5 39.0 149.29250003336287
361 5 4.0 102.30545735727901
361 5 40.0 148.65444813009236
361 5 41.0 89.00939379225696
361 5 42.0 94.0543876909434
361 5 43.0 133.45321978145196
361 5 44.0 162.31338546368
361 5 45.0 152.44725733971046
361 5 46.0 126.12913273828055
361 5 47.0 83.17807258676599
361 5 48.0 153.33160115871817
361 5 49.0 163.34881048425217
361 5 5.0 115.87384790724893
361 5 50.0 97.43308746430777
361 5 51.0 136.63403710101858
361 5 52.0 169.27296970114003
361 5 53.0 116.1180898005574
361 5 54.0 139.49665077588057
361 5 55.0 166.87093541764713
361 5 56.0 167.3411182641029
361 5 57.0 101.33404680316204
361 5 58.0 149.28116084172652
361 5 59.0 127.43854638924837
361 5 6.0 135.9781438219236
361 5 60.0 103.22193877555485
361 5 7.0 156.1622876902571
361 5 8.0 131.7067914373994
361 5 9.0 130.3077727327531
361 6 1.0 135.62562581788586
361 6 10.0 114.4913207087111
361 6 11.0 88.39140485371787
361 6 12.0 115.3323920895937
361 6 13.0 139.98769036763878
361 6 14.0 113.78623812224035
361 6 15.0 166.40093034094141
361 6 16.0 153.90061676282946
361 6 17.0 103.15997929455044
361 6 18.0 159.76885094795884
361 6 19.0 138.9443039537559
361 6 2.0 158.36518349740228
361 6 20.0 112.44818479004748
361 6 21.0 127.62773755699595
361 6 22.0 153.47664959271742
361 6 23.0 112.56166247034315
361 6 24.0 114.17309771722788
361 6 25.0 102.27564459253307
361 6 26.0 112.23277295316284
361 6 27.0 119.79157257698674
361 6 28.0 140.0324884380917
361 6 29.0 96.91320057156962
361 6 3.0 145.1590238657266
361 6 30.0 159.27268033661778
361 6 31.0 119.081862993006
361 6 32.0 94.36971994890501
361 6 33.0 129.8306707442276
361 6 34.0 160.64436092826278
361 6 35.0 115.23126412264905
361 6 36.0 101.17547513638102
361 6 37.0 126.30084599958181
361 6 38.0 167.304686567194
361 6 39.0 112.98918571315434
361 6 4.0 157.49557097945515
361 6 40.0 114.91520770887789
361 6 41.0 127.77208652903388
361 6 42.0 97.23354323622536
361 6 43.0 129.13365271436516
361 6 44.0 171.17076346774576
361 6 45.0 98.35397433734968
361 6 46.0 103.10446352534875
361 6 47.0 108.92089905193497
361 6 48.0 106.7115365749167
361 6 49.0 138.24702254323722
361 6 5.0 161.72901392677008
361 6 50.0 94.52643749836312
361 6 51.0 141.36705749043713
361 6 52.0 123.83452766547767
361 6 53.0 141.0228992263702
361 6 54.0 97.64384958921748
361 6 55.0 101.20309576196419
361 6 56.0 94.79409348770125
361 6 57.0 140.45966033853372
361 6 58.0 143.35857574637046
361 6 59.0 149.53286456628118
361 6 6.0 105.96048819413032
361 6 60.0 84.23098743994268
361 6 7.0 127.50833548958185
361 6 8.0 105.21828840060773
361 6 9.0 151.7075413103115
362 5 1.0 144.96272447468067
362 5 10.0 119.7579734672386
362 5 11.0 96.71180180055407
362 5 12.0 130.90473009548808
362 5 13.0 117.05643874060854
362 5 14.0 85.73718400884442
362 5 15.0 131.09028424016432
362 5 16.0 104.85960102181733
362 5 17.0 130.55987730891437
362 5 18.0 108.84898904383542
362 5 19.0 119.97942800115293
362 5 2.0 125.78226168954318
362 5 20.0 138.08141375946028
362 5 21.0 131.87694180970843
362 5 22.0 137.89413822225004
362 5 23.0 153.58896434861464
362 5 24.0 115.31688136989303
362 5 25.0 132.2619981746888
362 5 26.0 86.21497033369558
362 5 27.0 111.34927813063507
362 5 28.0 147.4004489303026
362 5 29.0 105.55086823854455
362 5 3.0 164.87228245336163
362 5 30.0 112.68130326448211
362 5 31.0 140.51456819176616
362 5 32.0 169.38930305503519
362 5 33.0 155.01309116014858
362 5 34.0 115.42339946696248
362 5 35.0 89.82180790213391
362 5 36.0 134.20489766437265
362 5 37.0 124.85081476442286
362 5 38.0 134.83018780615464
362 5 39.0 145.39296675791908
362 5 4.0 147.68886384466091
362 5 40.0 134.68300749336976
362 5 41.0 97.01959158622307
362 5 42.0 102.92093392197961
362 5 43.0 98.79903741806476
362 5 44.0 126.4655314828994
362 5 45.0 80.0026083577811
362 5 46.0 124.95489594416576
362 5 47.0 170.14220460244712
362 5 48.0 146.32162389056384
362 5 49.0 149.05756296661204
362 5 5.0 143.5091169581036
362 5 50.0 95.28875430317312
362 5 51.0 156.62171211345404
362 5 52.0 154.57185659255634
362 5 53.0 113.07362471193717
362 5 54.0 135.279365608436
362 5 55.0 168.0230851678429
362 5 56.0 164.13210465640856
362 5 57.0 102.08398152011013
362 5 58.0 92.87915928432193
362 5 59.0 139.38842757638838
362 5 6.0 93.36980408783108
362 5 60.0 100.35417997537867
362 5 7.0 172.40420756614077
362 5 8.0 74.82985638830964
362 5 9.0 170.24043218607918
362 6 1.0 142.59192681615986
362 6 10.0 97.36522245059102
362 6 11.0 113.19505042843537
362 6 12.0 114.6281252878502
362 6 13.0 104.98127206986122
362 6 14.0 129.66184352076442
362 6 15.0 114.93633543438403
362 6 16.0 155.4017140683931
362 6 17.0 146.1277867674848
362 6 18.0 142.79061904111128
362 6 19.0 155.3245910639294
362 6 2.0 135.00060473933192
362 6 20.0 144.87385648419863
362 6 21.0 100.16046441505047
362 6 22.0 138.7092883824551
362 6 23.0 142.31730753530775
362 6 24.0 144.01132517215797
362 6 25.0 129.55629524353856
362 6 26.0 114.73592095527252
362 6 27.0 124.76207138185676
362 6 28.0 148.85368726443505
362 6 29.0 90.03428744688217
362 6 3.0 83.25679810865223
362 6 30.0 133.70586432365025
362 6 31.0 167.36146823014434
362 6 32.0 111.84437706650014
362 6 33.0 135.2103946680245
362 6 34.0 152.78888640194373
362 6 35.0 96.05330805229485
362 6 36.0 170.35482421740895
362 6 37.0 111.72226382846888
362 6 38.0 108.24643110604087
362 6 39.0 125.19705077423687
362 6 4.0 164.37789971563325
362 6 40.0 146.23530894673985
362 6 41.0 136.21994077943006
362 6 42.0 139.25405166983253
362 6 43.0 110.44165796813591
362 6 44.0 140.28190951251847
362 6 45.0 163.61859084091034
362 6 46.0 161.3278670619706
362 6 47.0 109.63836539507989
362 6 48.0 128.27425125212048
362 6 49.0 142.95610938869729
362 6 5.0 70.17026101649297
362 6 50.0 137.9078495147328
362 6 51.0 130.44118437944698
362 6 52.0 136.39088200135532
362 6 53.0 86.58362383282697
362 6 54.0 107.33922592623138
362 6 55.0 139.6374247211739
362 6 56.0 111.58852446336142
362 6 57.0 83.06954528063582
362 6 58.0 151.5453031690785
362 6 59.0 128.33070498293466
362 6 6.0 129.24682312806624
362 6 60.0 76.33794441429505
362 6 7.0 154.08452700566505
362 6 8.0 102.99539967312475
362 6 9.0 90.05201872406428
363 5 1.0 115.28511528517762
363 5 10.0 126.83953786158152
363 5 11.0 83.29718114388851
363 5 12.0 116.8402897160215
363 5 13.0 112.58867982300087
363 5 14.0 165.79342462426104
363 5 15.0 158.04843759114482
363 5 16.0 155.4860727693188
363 5 17.0 162.76991229029005
363 5 18.0 148.6643858604663
363 5 19.0 117.82899860562704
363 5 2.0 125.91351509979287
363 5 20.0 122.60308627255345
363 5 21.0 92.46669541515189
363 5 22.0 145.7477861334045
363 5 23.0 122.84567947817044
363 5 24.0 96.44915156655611
363 5 25.0 161.220172306936
363 5 26.0 132.7055775589909
363 5 27.0 112.65330762381535
363 5 28.0 95.6409055758593
363 5 29.0 132.8599790583348
363 5 3.0 102.756850494855
363 5 30.0 140.82998676945783
363 5 31.0 135.42070932401907
363 5 32.0 89.69465359001049
363 5 33.0 139.9952121236183
363 5 34.0 105.61622042295895
363 5 35.0 120.20790404066499
363 5 36.0 107.76628630326996
363 5 37.0 97.95076270921318
363 5 38.0 114.27143948893385
363 5 39.0 154.66832578183104
363 5 4.0 82.19112610161892
363 5 40.0 105.23450200960735
363 5 41.0 131.79763289410488
363 5 42.0 100.02591862709058
363 5 43.0 108.87541822114285
363 5 44.0 145.15929923283954
363 5 45.0 134.38517449022086
363 5 46.0 87.66195943758088
363 5 47.0 165.6930177577126
363 5 48.0 123.79335810614903
363 5 49.0 135.03200650941565
363 5 5.0 102.13366951546209
363 5 50.0 146.68890432217762
363 5 51.0 166.1767974247369
363 5 52.0 134.9311395758397
363 5 53.0 170.20849732187347
363 5 54.0 121.36729913788747
363 5 55.0 161.3375210836653
363 5 56.0 159.12617587847174
363 5 57.0 104.5058193287349
363 5 58.0 155.67503728144706
363 5 59.0 104.02628115369286
363 5 6.0 129.32466232105645
363 5 60.0 93.08444528551662
363 5 7.0 105.6743016105995
363 5 8.0 119.83189921054657
363 5 9.0 71.93052761344066
363 6 1.0 126.53573460691379
363 6 10.0 109.84835829951048
363 6 11.0 115.50629448969443
363 6 12.0 100.29443472548722
363 6 13.0 145.27107507356638
363 6 14.0 136.39474244533375
363 6 15.0 152.66272851294153
363 6 16.0 137.85851049685854
363 6 17.0 119.14673825342787
363 6 18.0 133.33291747122695
363 6 19.0 138.48398300715485
363 6 2.0 155.95965248876294
363 6 20.0 124.88704597312993
363 6 21.0 74.510629838481
363 6 22.0 117.56236687715361
363 6 23.0 115.37418172566412
363 6 24.0 87.22106033336013
363 6 25.0 120.0070570075679
363 6 26.0 98.56496101819066
363 6 27.0 121.62074638913148
363 6 28.0 129.47851359895557
363 6 29.0 136.48929683362823
363 6 3.0 120.58058301579676
363 6 30.0 161.95170591291813
363 6 31.0 142.22468488634786
363 6 32.0 104.01465028508353
363 6 33.0 114.7634691484652
363 6 34.0 143.56596771083107
363 6 35.0 157.12716224579495
363 6 36.0 120.47331902342306
363 6 37.0 127.29980161388053
363 6 38.0 135.6722153558949
363 6 39.0 117.64832041175329
363 6 4.0 145.2271339213624
363 6 40.0 136.8493921705189
363 6 41.0 79.91656610472494
363 6 42.0 136.11952850408207
363 6 43.0 120.67788806241738
363 6 44.0 130.60282493539873
363 6 45.0 102.27359275458387
363 6 46.0 109.32820048661783
363 6 47.0 93.0832270175345
363 6 48.0 125.75954087218025
363 6 49.0 84.80002752761048
363 6 5.0 137.14736224007063
363 6 50.0 162.8221400085841
363 6 51.0 171.07692601846423
363 6 52.0 150.98828835689946
363 6 53.0 111.39118772979234
363 6 54.0 102.92943810913434
363 6 55.0 153.6690986283523
363 6 56.0 114.63631446808446
363 6 57.0 96.64868977229082
363 6 58.0 114.34892953302852
363 6 59.0 107.87167727785756
363 6 6.0 149.73643313530366
363 6 60.0 106.16514541062469
363 6 7.0 173.53491911738078
363 6 8.0 77.43599948718492
363 6 9.0 138.81437843205768
364 5 1.0 153.52302503979212
364 5 10.0 114.16760783565044
364 5 11.0 130.36907820127456
364 5 12.0 95.1000276266623
364 5 13.0 126.84949841886959
364 5 14.0 103.17415028810244
364 5 15.0 145.15772082755205
364 5 16.0 123.35794330166021
364 5 17.0 107.01055561954388
364 5 18.0 87.32526518743592
364 5 19.0 122.26523224162946
364 5 2.0 73.03193683829537
364 5 20.0 107.68963270103849
364 5 21.0 150.68681115721014
364 5 22.0 156.9103293365272
364 5 23.0 125.84976916747108
364 5 24.0 162.4084537311622
364 5 25.0 130.2355163172845
364 5 26.0 177.9111221374373
364 5 27.0 108.76003842303545
364 5 28.0 152.2350227465274
364 5 29.0 90.52876345440642
364 5 3.0 135.8906298481265
364 5 30.0 121.82944158869887
364 5 31.0 126.38003573083309
364 5 32.0 129.82327915451762
364 5 33.0 86.13469695120583
364 5 34.0 150.56795178802813
364 5 35.0 107.13454849953578
364 5 36.0 103.52403040009709
364 5 37.0 110.54510244807804
364 5 38.0 112.97444252500861
364 5 39.0 145.29630863754917
364 5 4.0 160.17325668129936
364 5 40.0 110.90553432316057
364 5 41.0 101.19421355536191
364 5 42.0 131.907058361754
364 5 43.0 106.42091166007387
364 5 44.0 147.11995468806737
364 5 45.0 104.82994009696462
364 5 46.0 147.8453121311355
364 5 47.0 170.27936920545196
364 5 48.0 159.30919345139938
364 5 49.0 119.16676421913142
364 5 5.0 137.343851395746
364 5 50.0 134.90876340394013
364 5 51.0 127.04331489397637
364 5 52.0 123.19622978611164
364 5 53.0 82.84563391628005
364 5 54.0 96.09704644934538
364 5 55.0 123.27589367865939
364 5 56.0 135.2556238447733
364 5 57.0 88.91688326320742
364 5 58.0 134.7187063493154
364 5 59.0 136.43543855233827
364 5 6.0 151.16949977807872
364 5 60.0 76.5995340045278
364 5 7.0 132.80424589807112
364 5 8.0 128.44335172144739
364 5 9.0 125.67862502467614
364 6 1.0 137.55977732786994
364 6 10.0 109.37959044629272
364 6 11.0 113.03415280628963
364 6 12.0 80.51642103549932
364 6 13.0 156.4475446901552
364 6 14.0 116.6573316828442
364 6 15.0 159.26260318982807
364 6 16.0 146.28338876863376
364 6 17.0 145.01866999199123
364 6 18.0 122.24714792201722
364 6 19.0 153.4469280917871
364 6 2.0 149.82969294841163
364 6 20.0 135.97090408994117
364 6 21.0 89.98636800087547
364 6 22.0 146.26168856370626
364 6 23.0 100.5676710733857
364 6 24.0 130.4598308408282
364 6 25.0 117.44167755315384
364 6 26.0 108.20136453165118
364 6 27.0 111.69498566631181
364 6 28.0 137.39364080206784
364 6 29.0 110.75529743670059
364 6 3.0 125.99120777154897
364 6 30.0 150.94903033951712
364 6 31.0 101.25002702523335
364 6 32.0 88.22675233963682
364 6 33.0 78.99756041725735
364 6 34.0 114.39437550352604
364 6 35.0 130.89846115722167
364 6 36.0 153.6856323768554
364 6 37.0 158.4098036077552
364 6 38.0 130.82763320079195
364 6 39.0 109.36511250535177
364 6 4.0 141.6164514342946
364 6 40.0 112.49294736265651
364 6 41.0 104.40641993552374
364 6 42.0 88.1613604260338
364 6 43.0 91.64870203568375
364 6 44.0 156.5473694633676
364 6 45.0 83.23386313500613
364 6 46.0 137.8489393250848
364 6 47.0 120.01137574249749
364 6 48.0 129.37797559156496
364 6 49.0 112.74840062952205
364 6 5.0 158.93187991232608
364 6 50.0 137.03598299446548
364 6 51.0 157.13257503100812
364 6 52.0 107.15705837536646
364 6 53.0 100.26783128609043
364 6 54.0 115.99107321579655
364 6 55.0 143.98038942103287
364 6 56.0 139.10075063933633
364 6 57.0 114.59151726406708
364 6 58.0 109.6773120560503
364 6 59.0 132.75215419725623
364 6 6.0 132.21649765957574
364 6 60.0 86.4114920715288
364 6 7.0 110.25790392672681
364 6 8.0 173.3855375631758
364 6 9.0 124.1753512410001
365 5 1.0 156.32050834996932
365 5 10.0 131.43368507100675
365 5 11.0 100.77437109215344
365 5 12.0 86.93685363426847
365 5 13.0 120.12105704314861
365 5 14.0 149.33566449314128
365 5 15.0 133.82134858825785
365 5 16.0 101.61680291553438
365 5 17.0 115.26892509558516
365 5 18.0 113.38179550420428
365 5 19.0 120.80105150112595
365 5 2.0 94.43513967287277
365 5 20.0 127.98869613185325
365 5 21.0 134.70110026585363
365 5 22.0 103.39425901026151
365 5 23.0 127.45966899892548
365 5 24.0 127.56579250151928
365 5 25.0 147.02464997081898
365 5 26.0 103.71932429637995
365 5 27.0 135.04040594920284
365 5 28.0 136.34950125439653
365 5 29.0 157.9161230018629
365 5 3.0 116.37009553819867
365 5 30.0 80.46594818125948
365 5 31.0 127.75888877879864
365 5 32.0 159.96723641642922
365 5 33.0 86.0799037744498
365 5 34.0 150.85845513340632
365 5 35.0 150.46447531424732
365 5 36.0 117.47574217699544
365 5 37.0 120.71364411521795
365 5 38.0 138.59605530100944
365 5 39.0 159.9169846539492
365 5 4.0 124.84803391771993
365 5 40.0 87.45563831512257
365 5 41.0 126.95529995091012
365 5 42.0 156.79691528791437
365 5 43.0 118.67136415070715
365 5 44.0 173.07934587306403
365 5 45.0 138.51082960652147
365 5 46.0 129.61026018448166
365 5 47.0 118.23914769209154
365 5 48.0 137.5992608764491
365 5 49.0 158.44127304788242
365 5 5.0 155.0673633177139
365 5 50.0 104.32358001922489
365 5 51.0 125.6081468661868
365 5 52.0 148.36994616317727
365 5 53.0 150.98184053155978
365 5 54.0 122.28341612154817
365 5 55.0 134.79150889670203
365 5 56.0 155.2092902250544
365 5 57.0 108.81597401318786
365 5 58.0 163.4084126446625
365 5 59.0 107.85211150187021
365 5 6.0 145.683033245069
365 5 60.0 92.92851621705401
365 5 7.0 131.7605852205911
365 5 8.0 150.2610562958817
365 5 9.0 133.5131924826677
365 6 1.0 172.234407018179
365 6 10.0 95.99212154865104
365 6 11.0 137.7416451958609
365 6 12.0 116.60639160496008
365 6 13.0 143.35630742654104
365 6 14.0 162.93184817724085
365 6 15.0 114.1927624060073
365 6 16.0 105.86031735994143
365 6 17.0 79.22458772093633
365 6 18.0 140.0246816513056
365 6 19.0 122.22202042998418
365 6 2.0 143.08133139193527
365 6 20.0 135.64509961100066
365 6 21.0 160.62937732555994
365 6 22.0 115.8764849146111
365 6 23.0 106.7218395594912
365 6 24.0 124.96477363771541
365 6 25.0 120.69299458735871
365 6 26.0 104.56415742877252
365 6 27.0 153.42255519474108
365 6 28.0 127.25973874930558
365 6 29.0 173.7565709428642
365 6 3.0 131.55949586422219
365 6 30.0 127.68414701470928
365 6 31.0 132.6666826579533
365 6 32.0 113.97612727530264
365 6 33.0 107.75041932130188
365 6 34.0 131.866600427037
365 6 35.0 143.91096384397974
365 6 36.0 123.60765903119265
365 6 37.0 144.9903962827387
365 6 38.0 136.61320214349936
365 6 39.0 83.0450608364826
365 6 4.0 118.06489520429304
365 6 40.0 105.8137568992568
365 6 41.0 88.69335105635902
365 6 42.0 150.43452169408033
365 6 43.0 89.11570355692463
365 6 44.0 150.4880208032391
365 6 45.0 106.08629535571113
365 6 46.0 95.82932324034377
365 6 47.0 127.61475153584344
365 6 48.0 132.18513323886867
365 6 49.0 85.61462733510348
365 6 5.0 136.46786923344442
365 6 50.0 104.31945093403071
365 6 51.0 154.52734941824988
365 6 52.0 157.94848384685918
365 6 53.0 154.31498224630081
365 6 54.0 116.14189603740311
365 6 55.0 154.77380605078153
365 6 56.0 169.43415697136263
365 6 57.0 136.50596447308152
365 6 58.0 159.40925179997217
365 6 59.0 125.46478470670839
365 6 6.0 165.5251144735323
365 6 60.0 73.28340635908205
365 6 7.0 91.29796298224295
365 6 8.0 106.95338662467884
365 6 9.0 97.4698191614398
366 5 1.0 122.97575968983396
366 5 10.0 126.80544467951897
366 5 11.0 94.98956472508702
366 5 12.0 98.31029543453947
366 5 13.0 96.67760374930674
366 5 14.0 88.572185759147
366 5 15.0 141.1396488210282
366 5 16.0 156.9384071460598
366 5 17.0 113.47186381687479
366 5 18.0 104.1360404457562
366 5 19.0 131.9615540355097
366 5 2.0 116.02970960083793
366 5 20.0 108.981745646324
366 5 21.0 105.94811105576188
366 5 22.0 141.1264238500065
366 5 23.0 138.16420699670277
366 5 24.0 103.120974736997
366 5 25.0 134.70318455601068
366 5 26.0 105.30014493557267
366 5 27.0 144.73162523322748
366 5 28.0 129.03404994028804
366 5 29.0 112.23498177042987
366 5 3.0 167.21225223502756
366 5 30.0 121.25605164129924
366 5 31.0 161.64986851780594
366 5 32.0 88.75698804807824
366 5 33.0 131.65880526629013
366 5 34.0 111.17683978799089
366 5 35.0 115.68915248230516
366 5 36.0 115.14509163082063
366 5 37.0 112.6081376068142
366 5 38.0 114.97222227180139
366 5 39.0 137.2792087319231
366 5 4.0 91.11773158241151
366 5 40.0 121.4264710751587
366 5 41.0 103.6716192036178
366 5 42.0 107.90951420574471
366 5 43.0 148.09508765679607
366 5 44.0 162.60002553818885
366 5 45.0 164.11119393789943
366 5 46.0 95.5458811645416
366 5 47.0 142.21976546135502
366 5 48.0 150.7103320925187
366 5 49.0 143.76382395472893
366 5 5.0 91.94199016503545
366 5 50.0 91.53396790023032
366 5 51.0 141.57909599668375
366 5 52.0 149.666691045256
366 5 53.0 130.37258451873205
366 5 54.0 136.05272081312273
366 5 55.0 148.9114610334086
366 5 56.0 146.29150322307112
366 5 57.0 88.38608536577753
366 5 58.0 86.50361620298757
366 5 59.0 153.59275433439103
366 5 6.0 128.3669687863651
366 5 60.0 83.60325902024472
366 5 7.0 89.15242912168664
366 5 8.0 130.78930244712907
366 5 9.0 95.47308844277647
366 6 1.0 120.95862597307726
366 6 10.0 95.62200702835526
366 6 11.0 169.19738379365666
366 6 12.0 92.74856171898459
366 6 13.0 142.1132107995491
366 6 14.0 111.92172862486876
366 6 15.0 96.23975642547568
366 6 16.0 113.40932885605505
366 6 17.0 110.44560835798224
366 6 18.0 138.8945873729301
366 6 19.0 141.15979753250647
366 6 2.0 104.90522111764112
366 6 20.0 154.87412146516186
366 6 21.0 112.92565800405436
366 6 22.0 127.36378882831886
366 6 23.0 128.08626809420764
366 6 24.0 114.05868122613977
366 6 25.0 144.3059229675769
366 6 26.0 130.75807244018844
366 6 27.0 131.23536015564187
366 6 28.0 146.0362995157694
366 6 29.0 115.8604634782577
366 6 3.0 128.0799091680706
366 6 30.0 107.64189925068061
366 6 31.0 98.93942133062656
366 6 32.0 105.88958838323441
366 6 33.0 155.09737825995458
366 6 34.0 175.11916987240872
366 6 35.0 164.78471096377862
366 6 36.0 90.41567557843759
366 6 37.0 111.05033793046374
366 6 38.0 120.50866057346259
366 6 39.0 67.9820615702581
366 6 4.0 129.86682708427534
366 6 40.0 145.40746343440154
366 6 41.0 126.4164224610105
366 6 42.0 124.43862718324101
366 6 43.0 112.88074999139516
366 6 44.0 105.8322114135879
366 6 45.0 138.20729624111195
366 6 46.0 138.41986895116816
366 6 47.0 148.29502381217472
366 6 48.0 161.7568482345369
366 6 49.0 103.15410970408598
366 6 5.0 149.59146749400995
366 6 50.0 106.38656404084293
366 6 51.0 133.98701341148364
366 6 52.0 144.31296712839944
366 6 53.0 123.7362544834188
366 6 54.0 85.40877387528512
366 6 55.0 143.61743038295762
366 6 56.0 149.33369065960795
366 6 57.0 131.5701492748907
366 6 58.0 111.13313454019301
366 6 59.0 147.0339836026665
366 6 6.0 110.62837935344703
366 6 60.0 84.08133300106722
366 6 7.0 127.92541057036864
366 6 8.0 120.99818628228861
366 6 9.0 121.92089201239666
367 5 1.0 147.02481604320042
367 5 10.0 83.03085293869485
367 5 11.0 122.54678575598881
367 5 12.0 114.78303679919836
367 5 13.0 99.43637310999105
367 5 14.0 135.0749150757943
367 5 15.0 81.93134726951281
367 5 16.0 143.22951427434393
367 5 17.0 101.63580854372185
367 5 18.0 102.28956356068163
367 5 19.0 156.59178458709454
367 5 2.0 147.59885730507946
367 5 20.0 84.12290790043602
367 5 21.0 131.95049497057477
367 5 22.0 140.83218108115972
367 5 23.0 121.37816999739823
367 5 24.0 113.09990600886795
367 5 25.0 150.9227355838637
367 5 26.0 103.86360324332455
367 5 27.0 139.38189332799413
367 5 28.0 102.70532317502735
367 5 29.0 151.2728571275255
367 5 3.0 120.02305014029098
367 5 30.0 130.56979924374644
367 5 31.0 134.43699673100502
367 5 32.0 146.44417977930124
367 5 33.0 163.5360700977831
367 5 34.0 120.08569744436656
367 5 35.0 123.10245223537201
367 5 36.0 146.23530268961179
367 5 37.0 126.49832100587689
367 5 38.0 142.90907054499706
367 5 39.0 169.71343403670355
367 5 4.0 137.68615720515146
367 5 40.0 130.8094590968875
367 5 41.0 108.64885929656187
367 5 42.0 169.61474339114798
367 5 43.0 145.50309588125828
367 5 44.0 155.79925417883712
367 5 45.0 129.29769524304405
367 5 46.0 139.50572247902886
367 5 47.0 111.62265279590572
367 5 48.0 124.68406817827946
367 5 49.0 126.39710939615095
367 5 5.0 119.58173172484943
367 5 50.0 135.4777939965748
367 5 51.0 134.86669381092088
367 5 52.0 135.14880567623948
367 5 53.0 118.1221400096189
367 5 54.0 121.75310862198332
367 5 55.0 161.90375469373433
367 5 56.0 117.08398218978625
367 5 57.0 90.55013879696611
367 5 58.0 166.47536732621845
367 5 59.0 139.91264052076787
367 5 6.0 153.44575365112095
367 5 60.0 79.95163112648129
367 5 7.0 87.11969796819163
367 5 8.0 110.7322691263752
367 5 9.0 120.98882221807682
367 6 1.0 114.35581389142874
367 6 10.0 67.14226923865687
367 6 11.0 119.8884808801357
367 6 12.0 118.81369862760577
367 6 13.0 90.48565518548837
367 6 14.0 108.79915569129507
367 6 15.0 105.8013549206154
367 6 16.0 136.9963461623789
367 6 17.0 101.17104520196249
367 6 18.0 150.32193685750158
367 6 19.0 85.65128678188692
367 6 2.0 104.2150591772162
367 6 20.0 119.23134835389726
367 6 21.0 141.97870556139142
367 6 22.0 106.2397670840381
367 6 23.0 159.36551754217743
367 6 24.0 100.03336290256419
367 6 25.0 159.30974742637488
367 6 26.0 118.88508494247247
367 6 27.0 110.6463282398486
367 6 28.0 130.43541874495133
367 6 29.0 124.55113169561177
367 6 3.0 130.24764457520448
367 6 30.0 147.43755752006314
367 6 31.0 150.43367080892364
367 6 32.0 149.4180616064586
367 6 33.0 136.16865660725398
367 6 34.0 141.41714589140915
367 6 35.0 92.56627895931356
367 6 36.0 150.60871374106924
367 6 37.0 119.03299781319593
367 6 38.0 155.19893452575394
367 6 39.0 88.39538394318743
367 6 4.0 111.17119543558825
367 6 40.0 112.92243229194898
367 6 41.0 117.67434389932863
367 6 42.0 143.99628170932982
367 6 43.0 96.91051364079122
367 6 44.0 144.0240200180036
367 6 45.0 143.58437113608417
367 6 46.0 81.8339319569703
367 6 47.0 107.38382046926985
367 6 48.0 119.5881710571653
367 6 49.0 95.80019778803762
367 6 5.0 163.22005533855452
367 6 50.0 156.5150976818603
367 6 51.0 147.23785541336773
367 6 52.0 138.60799501010197
367 6 53.0 132.76039854473223
367 6 54.0 143.91364979035285
367 6 55.0 107.59516708195788
367 6 56.0 142.6792121966015
367 6 57.0 113.28111120244313
367 6 58.0 136.5059863899927
367 6 59.0 141.38019405210832
367 6 6.0 104.41319236759375
367 6 60.0 154.90202597337642
367 6 7.0 90.31002873047558
367 6 8.0 103.96727229132102
367 6 9.0 92.36423417502276
368 5 1.0 112.58056101942039
368 5 10.0 77.80834591252001
368 5 11.0 131.83216111695668
368 5 12.0 94.13246150380988
368 5 13.0 125.50244905607337
368 5 14.0 153.0245301240022
368 5 15.0 146.48473206015086
368 5 16.0 145.70712528629866
368 5 17.0 145.03738499273535
368 5 18.0 91.58455718543684
368 5 19.0 140.65746859276138
368 5 2.0 155.29427519965904
368 5 20.0 129.61101382603778
368 5 21.0 103.09978317318065
368 5 22.0 104.70752734830295
368 5 23.0 122.35936369533634
368 5 24.0 110.03677692785632
368 5 25.0 162.6606103441685
368 5 26.0 118.88356408848739
368 5 27.0 127.90030516174727
368 5 28.0 170.26858250870038
368 5 29.0 106.66768952160395
368 5 3.0 114.6329940463275
368 5 30.0 174.08177800252074
368 5 31.0 120.20672302823317
368 5 32.0 124.35244061587473
368 5 33.0 144.21639115385773
368 5 34.0 124.2512778163298
368 5 35.0 134.63263083263044
368 5 36.0 100.82853355402627
368 5 37.0 91.19940927693389
368 5 38.0 97.97567082497292
368 5 39.0 132.97445751775217
368 5 4.0 81.25504555108657
368 5 40.0 110.69895334973285
368 5 41.0 146.38418256409935
368 5 42.0 112.06499014414057
368 5 43.0 150.5954889400805
368 5 44.0 146.50526976665574
368 5 45.0 161.8651981788917
368 5 46.0 102.09113686714667
368 5 47.0 163.41309142355428
368 5 48.0 147.46802174534068
368 5 49.0 155.28995471057596
368 5 5.0 156.3848377841608
368 5 50.0 89.46166749989771
368 5 51.0 128.222320565286
368 5 52.0 155.80835241016558
368 5 53.0 127.81027176552807
368 5 54.0 75.77210847743719
368 5 55.0 157.07093689066144
368 5 56.0 130.43849325391577
368 5 57.0 107.46878252740895
368 5 58.0 108.63603002606988
368 5 59.0 135.3835664154071
368 5 6.0 116.75837322638385
368 5 60.0 143.8398832841042
368 5 7.0 110.86753496044697
368 5 8.0 106.9502341475425
368 5 9.0 148.9275498956992
368 6 1.0 137.01612477452753
368 6 10.0 109.80012780331403
368 6 11.0 123.73391494089255
368 6 12.0 134.65225184106816
368 6 13.0 111.16881076292363
368 6 14.0 136.15666641258804
368 6 15.0 116.84787202697157
368 6 16.0 119.52850794657449
368 6 17.0 132.6356511692329
368 6 18.0 78.10340964567764
368 6 19.0 129.2986447616663
368 6 2.0 119.73133494579997
368 6 20.0 136.72434878973186
368 6 21.0 132.08345254840896
368 6 22.0 144.33321233780092
368 6 23.0 109.88080049432567
368 6 24.0 132.31867496363557
368 6 25.0 111.92276484082848
368 6 26.0 96.91333748774295
368 6 27.0 129.23017725044565
368 6 28.0 131.64703869997203
368 6 29.0 136.60107626718204
368 6 3.0 166.47533018061606
368 6 30.0 100.80207288703978
368 6 31.0 95.53499475840349
368 6 32.0 149.92973237473657
368 6 33.0 126.57868450029542
368 6 34.0 162.78165505418568
368 6 35.0 148.38675013645747
368 6 36.0 152.14078406765736
368 6 37.0 114.22609454530276
368 6 38.0 88.37510911972592
368 6 39.0 138.53116400638345
368 6 4.0 107.54207448212632
368 6 40.0 166.79034992935283
368 6 41.0 115.14782293895053
368 6 42.0 169.76318462535932
368 6 43.0 118.67466527348643
368 6 44.0 135.5316198985227
368 6 45.0 146.19745192959843
368 6 46.0 105.16389043496868
368 6 47.0 94.07170991476455
368 6 48.0 158.85212308037526
368 6 49.0 113.47539552845701
368 6 5.0 122.36610916647912
368 6 50.0 125.51124473223574
368 6 51.0 136.65068509819483
368 6 52.0 168.26644307743248
368 6 53.0 144.32730453728647
368 6 54.0 114.62416816008292
368 6 55.0 118.54989925171573
368 6 56.0 90.45434872927338
368 6 57.0 118.87058083720093
368 6 58.0 128.7249245915256
368 6 59.0 147.6892016508643
368 6 6.0 160.84327654164755
368 6 60.0 92.65356882366457
368 6 7.0 155.3862492067587
368 6 8.0 151.50042022626653
368 6 9.0 109.72725081874441
369 5 1.0 142.0560929289869
369 5 10.0 88.7826451952126
369 5 11.0 115.69534259319565
369 5 12.0 94.78465121955843
369 5 13.0 114.46162223064276
369 5 14.0 122.79560092060582
369 5 15.0 149.95689192987393
369 5 16.0 171.40469822732769
369 5 17.0 105.90586227974707
369 5 18.0 73.30562498161697
369 5 19.0 166.00784903003125
369 5 2.0 100.83237578297681
369 5 20.0 115.48859378698027
369 5 21.0 147.59993560376682
369 5 22.0 94.3500480993051
369 5 23.0 146.77868559548378
369 5 24.0 88.02511516247476
369 5 25.0 145.47478518935284
369 5 26.0 89.89578298923033
369 5 27.0 151.09175996952652
369 5 28.0 132.50978349627178
369 5 29.0 121.34150780724033
369 5 3.0 127.85057363255616
369 5 30.0 164.85859573333536
369 5 31.0 128.0202364273749
369 5 32.0 82.15905925013034
369 5 33.0 138.03727997281254
369 5 34.0 160.96719527691104
369 5 35.0 132.4904137204061
369 5 36.0 153.69955465390078
369 5 37.0 119.27392385168132
369 5 38.0 117.7657130853144
369 5 39.0 133.15701444403973
369 5 4.0 94.85568828370683
369 5 40.0 156.5453730195393
369 5 41.0 116.89670845233368
369 5 42.0 129.40561221349932
369 5 43.0 114.81846525581109
369 5 44.0 152.6467917907672
369 5 45.0 132.9276179194998
369 5 46.0 108.58922593777362
369 5 47.0 84.90550817800435
369 5 48.0 159.1261457776408
369 5 49.0 140.51246232593888
369 5 5.0 108.02309677622704
369 5 50.0 112.80125859123382
369 5 51.0 134.95933868756603
369 5 52.0 172.10476179311118
369 5 53.0 76.39609293181783
369 5 54.0 82.39414923812986
369 5 55.0 158.491533517428
369 5 56.0 158.20493610850562
369 5 57.0 98.72832798734949
369 5 58.0 147.0115567000933
369 5 59.0 152.21307953573245
369 5 6.0 126.55910497066893
369 5 60.0 89.3599622735733
369 5 7.0 167.08517548413556
369 5 8.0 95.26518080434694
369 5 9.0 135.12547916833313
369 6 1.0 167.0062126111412
369 6 10.0 104.00460680788849
369 6 11.0 92.58252969671223
369 6 12.0 107.55162726831084
369 6 13.0 161.93681065884718
369 6 14.0 96.92157191424533
369 6 15.0 121.94554915831598
369 6 16.0 130.88777654757018
369 6 17.0 136.30094184802445
369 6 18.0 143.5849883856111
369 6 19.0 152.07196503779394
369 6 2.0 153.34545787914223
369 6 20.0 145.35363790164942
369 6 21.0 137.9135400859757
369 6 22.0 168.80618305623997
369 6 23.0 103.93406970545804
369 6 24.0 94.73620259999774
369 6 25.0 166.70644368837634
369 6 26.0 104.14818871065215
369 6 27.0 99.2076742147162
369 6 28.0 127.76494588695084
369 6 29.0 164.96042659396267
369 6 3.0 154.97673499122786
369 6 30.0 131.76901131209024
369 6 31.0 86.92306943155829
369 6 32.0 101.07016883518284
369 6 33.0 133.4345528175982
369 6 34.0 174.7368571200408
369 6 35.0 124.54032589953076
369 6 36.0 138.17813589724813
369 6 37.0 116.9860923700648
369 6 38.0 143.2268012088168
369 6 39.0 117.54123052954354
369 6 4.0 132.69816188414094
369 6 40.0 119.73794389515074
369 6 41.0 124.33574634644602
369 6 42.0 97.51030560032702
369 6 43.0 150.24348434730567
369 6 44.0 140.9269664084766
369 6 45.0 151.46599874355894
369 6 46.0 117.08152259688272
369 6 47.0 141.26989186010624
369 6 48.0 135.87768775454217
369 6 49.0 100.13005693676985
369 6 5.0 158.50212130879817
369 6 50.0 110.54701922996173
369 6 51.0 138.0437908246808
369 6 52.0 147.53210179415157
369 6 53.0 94.52046817820344
369 6 54.0 90.84447558431135
369 6 55.0 101.68483961091074
369 6 56.0 109.9976872150527
369 6 57.0 147.43365413866718
369 6 58.0 140.84946151312607
369 6 59.0 104.31426010989334
369 6 6.0 88.92352634806423
369 6 60.0 91.94628700515248
369 6 7.0 148.74294541340112
369 6 8.0 116.37678608150465
369 6 9.0 153.87430900660493
370 5 1.0 141.75496161374207
370 5 10.0 109.82786801214655
370 5 11.0 114.44652261761583
370 5 12.0 104.14111615048161
370 5 13.0 130.33156565569357
370 5 14.0 114.25081589322329
370 5 15.0 106.4339397509921
370 5 16.0 107.59825449148394
370 5 17.0 103.5263649405901
370 5 18.0 119.33677780856254
370 5 19.0 154.8983419764971
370 5 2.0 83.6562701171469
370 5 20.0 126.62865629555306
370 5 21.0 154.1588885250047
370 5 22.0 124.23009156908364
370 5 23.0 164.54536406497914
370 5 24.0 114.68130259772686
370 5 25.0 140.0527575957982
370 5 26.0 165.9385996693696
370 5 27.0 140.0567834140399
370 5 28.0 153.50385364769662
370 5 29.0 151.97321908315476
370 5 3.0 130.618544536642
370 5 30.0 151.11339627591443
370 5 31.0 115.8809167860694
370 5 32.0 123.1329723155448
370 5 33.0 125.68738272450953
370 5 34.0 90.00512587603981
370 5 35.0 155.79092020646638
370 5 36.0 115.07949026703204
370 5 37.0 100.25132927488387
370 5 38.0 153.1179725436964
370 5 39.0 119.36726850988784
370 5 4.0 122.25430306960389
370 5 40.0 161.16186562640397
370 5 41.0 111.36835223920113
370 5 42.0 98.95631635711591
370 5 43.0 128.06411343541285
370 5 44.0 156.5015178397593
370 5 45.0 122.79381075878176
370 5 46.0 121.26963690586773
370 5 47.0 146.95412082502972
370 5 48.0 131.8518812218407
370 5 49.0 156.5326077856109
370 5 5.0 101.53946517569703
370 5 50.0 155.12194772004497
370 5 51.0 127.45487816354529
370 5 52.0 132.9695464086925
370 5 53.0 125.70301071300445
370 5 54.0 129.0301262729517
370 5 55.0 124.08718035497643
370 5 56.0 154.09080757832098
370 5 57.0 98.92835092648812
370 5 58.0 131.49427067933567
370 5 59.0 151.8266765313862
370 5 6.0 98.60730887812178
370 5 60.0 86.80163459710788
370 5 7.0 93.55250128149655
370 5 8.0 156.44477937650976
370 5 9.0 106.16471261351096
370 6 1.0 144.7301664885161
370 6 10.0 150.45770719518057
370 6 11.0 127.32982269747733
370 6 12.0 97.83101150294577
370 6 13.0 176.50274935404275
370 6 14.0 126.38962173172031
370 6 15.0 134.72484090024565
370 6 16.0 125.21884624756342
370 6 17.0 107.92123106642293
370 6 18.0 121.91152273474646
370 6 19.0 119.71249359515264
370 6 2.0 122.28430923347457
370 6 20.0 135.97697031610608
370 6 21.0 100.47436912027439
370 6 22.0 100.22140377984498
370 6 23.0 152.33750143481552
370 6 24.0 158.84870761560387
370 6 25.0 100.01921711688814
370 6 26.0 97.92486731627058
370 6 27.0 133.15356153108803
370 6 28.0 119.36732149855222
370 6 29.0 171.93893678805412
370 6 3.0 115.99385331336357
370 6 30.0 146.608706093645
370 6 31.0 111.9636990418621
370 6 32.0 149.29344132958133
370 6 33.0 145.49095078037743
370 6 34.0 164.09580574731513
370 6 35.0 143.38579838376182
370 6 36.0 139.7134962798641
370 6 37.0 114.5413404034244
370 6 38.0 109.71623130755067
370 6 39.0 148.47747247782166
370 6 4.0 95.45331124927066
370 6 40.0 109.1925819914112
370 6 41.0 131.2747899208357
370 6 42.0 127.02186603769444
370 6 43.0 149.49024261600448
370 6 44.0 121.23357167433782
370 6 45.0 130.78384584692938
370 6 46.0 97.99190188565967
370 6 47.0 137.32047896679703
370 6 48.0 153.37304593581348
370 6 49.0 85.08956637424559
370 6 5.0 130.88487479384702
370 6 50.0 130.12902865017108
370 6 51.0 153.23389505008643
370 6 52.0 101.01268218377437
370 6 53.0 97.16864048190439
370 6 54.0 122.4368224389659
370 6 55.0 163.40193729042016
370 6 56.0 88.44447803529374
370 6 57.0 117.6368847420732
370 6 58.0 95.24829899785722
370 6 59.0 135.55089353562968
370 6 6.0 108.76843303478654
370 6 60.0 116.02497450406129
370 6 7.0 120.32253684798863
370 6 8.0 118.1615108049719
370 6 9.0 137.99953443681358
371 5 1.0 77.20950442693398
371 5 10.0 117.42306469172281
371 5 11.0 110.12568480297976
371 5 12.0 119.05233531444486
371 5 13.0 115.29245851197152
371 5 14.0 131.4740819642308
371 5 15.0 142.6183079729301
371 5 16.0 93.75981814183643
371 5 17.0 87.91089972785363
371 5 18.0 131.9570550697719
371 5 19.0 128.49501830826293
371 5 2.0 146.54273170827324
371 5 20.0 76.19620348637473
371 5 21.0 126.65084979368004
371 5 22.0 169.0890754109181
371 5 23.0 119.78256021490638
371 5 24.0 108.00582480558603
371 5 25.0 88.54660004071079
371 5 26.0 157.28788394667873
371 5 27.0 160.90155210461722
371 5 28.0 149.5289071592179
371 5 29.0 142.80344809170336
371 5 3.0 147.9484960742546
371 5 30.0 167.79633542428476
371 5 31.0 85.56213818630538
371 5 32.0 167.75518910358687
371 5 33.0 146.03066481361424
371 5 34.0 135.62894999143188
371 5 35.0 115.66326831446932
371 5 36.0 100.61671062046028
371 5 37.0 92.76170659856786
371 5 38.0 99.77598688880937
371 5 39.0 135.65825582092256
371 5 4.0 145.257752402401
371 5 40.0 116.3248198021902
371 5 41.0 108.20531331099205
371 5 42.0 105.13971628337812
371 5 43.0 130.53762042304163
371 5 44.0 149.86972596102228
371 5 45.0 94.38519822338722
371 5 46.0 142.1925456959633
371 5 47.0 100.62447731655749
371 5 48.0 157.0816514916335
371 5 49.0 162.8797379123135
371 5 5.0 77.01226952720704
371 5 50.0 114.7913942680102
371 5 51.0 139.30119996169336
371 5 52.0 157.9249582517895
371 5 53.0 86.84177732799715
371 5 54.0 132.7943561394987
371 5 55.0 167.820746762311
371 5 56.0 137.59268535004625
371 5 57.0 111.29690996665559
371 5 58.0 95.01870226721398
371 5 59.0 121.8413209003859
371 5 6.0 112.02233205665915
371 5 60.0 106.12514542125709
371 5 7.0 131.24317366692375
371 5 8.0 119.95739461415548
371 5 9.0 81.80650434376174
371 6 1.0 141.45823949686186
371 6 10.0 112.52708356471261
371 6 11.0 147.30585687390786
371 6 12.0 143.96531560789123
371 6 13.0 153.26847839274998
371 6 14.0 91.59678270012328
371 6 15.0 144.68833284180144
371 6 16.0 164.56571613613593
371 6 17.0 105.15093346963127
371 6 18.0 119.46900460923905
371 6 19.0 136.4875622034255
371 6 2.0 143.73762276375248
371 6 20.0 145.63466971076144
371 6 21.0 176.15635404285243
371 6 22.0 149.48120201409418
371 6 23.0 96.34038285612303
371 6 24.0 160.29835924500162
371 6 25.0 93.86431635239504
371 6 26.0 152.91898815632013
371 6 27.0 118.42297307268933
371 6 28.0 109.43409711952708
371 6 29.0 141.64582930407218
371 6 3.0 161.8896318972368
371 6 30.0 140.24378337043171
371 6 31.0 133.0529055596927
371 6 32.0 140.43574931137456
371 6 33.0 121.11838944073752
371 6 34.0 139.62949422194157
371 6 35.0 149.59484458577037
371 6 36.0 135.894724643638
371 6 37.0 107.34597064121718
371 6 38.0 162.09495577107774
371 6 39.0 135.01671332816258
371 6 4.0 128.6230738883175
371 6 40.0 126.17899188605868
371 6 41.0 129.04628455652193
371 6 42.0 135.88380437214315
371 6 43.0 155.01365445633337
371 6 44.0 143.62947432116874
371 6 45.0 117.26902665772707
371 6 46.0 103.66107451809523
371 6 47.0 111.09887526849516
371 6 48.0 128.2830569157745
371 6 49.0 122.71918687978298
371 6 5.0 148.94738356007483
371 6 50.0 146.33705491703486
371 6 51.0 137.34393904390961
371 6 52.0 131.3893782390288
371 6 53.0 154.60464866360104
371 6 54.0 101.32218799800671
371 6 55.0 135.54861348596893
371 6 56.0 153.1184819898265
371 6 57.0 86.55001713180559
371 6 58.0 103.71087976091115
371 6 59.0 150.72601946871157
371 6 6.0 138.64841514270148
371 6 60.0 84.09415164289464
371 6 7.0 131.91729357548542
371 6 8.0 116.2208983251021
371 6 9.0 138.32891117127465
372 5 1.0 143.4298850600807
372 5 10.0 116.41866869155129
372 5 11.0 117.34877403726784
372 5 12.0 129.09897212941408
372 5 13.0 85.7869607590654
372 5 14.0 104.75155650331692
372 5 15.0 163.9883457711328
372 5 16.0 129.4524174990059
372 5 17.0 125.28781452641576
372 5 18.0 85.9673883057363
372 5 19.0 128.5068464529597
372 5 2.0 92.38680404517815
372 5 20.0 110.42023621187614
372 5 21.0 107.24722607703535
372 5 22.0 77.55936080759999
372 5 23.0 139.15973391884563
372 5 24.0 69.56541634274376
372 5 25.0 125.62527472783232
372 5 26.0 128.68017218604624
372 5 27.0 165.2262115761333
372 5 28.0 117.26702303960882
372 5 29.0 99.49425915454877
372 5 3.0 131.12909398442056
372 5 30.0 124.45409234673748
372 5 31.0 154.72680577655473
372 5 32.0 95.23025564970217
372 5 33.0 127.29360176935242
372 5 34.0 130.61924628048476
372 5 35.0 127.35531237119694
372 5 36.0 124.61184468719385
372 5 37.0 70.72297096972012
372 5 38.0 146.51826109978083
372 5 39.0 104.53183721697636
372 5 4.0 172.79025103761884
372 5 40.0 137.3281126136229
372 5 41.0 98.13682309747995
372 5 42.0 118.37772584008098
372 5 43.0 123.5437346894891
372 5 44.0 88.12171572898554
372 5 45.0 170.94912604628303
372 5 46.0 109.12209878434963
372 5 47.0 156.0319632982509
372 5 48.0 171.60539548127196
372 5 49.0 160.71749817965383
372 5 5.0 81.06619799819569
372 5 50.0 138.38165998125143
372 5 51.0 156.4246954567223
372 5 52.0 128.9686890735579
372 5 53.0 105.5808912233115
372 5 54.0 132.8283158994512
372 5 55.0 152.5470468983448
372 5 56.0 142.97856437796818
372 5 57.0 109.39489559979643
372 5 58.0 130.9457494668387
372 5 59.0 163.4473515066742
372 5 6.0 131.14197976018704
372 5 60.0 72.04731867748096
372 5 7.0 72.60612190248959
372 5 8.0 126.70670723586794
372 5 9.0 106.28007839079238
372 6 1.0 155.8783810706524
372 6 10.0 91.447521969089
372 6 11.0 102.85466936199147
372 6 12.0 144.63403986054877
372 6 13.0 132.0731720327302
372 6 14.0 118.33303895093442
372 6 15.0 166.70363977358463
372 6 16.0 115.94814670946904
372 6 17.0 122.31368894540601
372 6 18.0 82.35990918792818
372 6 19.0 145.2014062333093
372 6 2.0 168.4999774688901
372 6 20.0 168.81763173180963
372 6 21.0 94.22927385244446
372 6 22.0 152.77105797789983
372 6 23.0 158.33234638285037
372 6 24.0 152.75698689236074
372 6 25.0 118.79418328768881
372 6 26.0 106.27690961672941
372 6 27.0 122.55143918000299
372 6 28.0 154.86836428824594
372 6 29.0 164.2879979851756
372 6 3.0 117.26868651046301
372 6 30.0 134.00783798909728
372 6 31.0 169.3980755630984
372 6 32.0 133.56073198584605
372 6 33.0 124.15991777575833
372 6 34.0 153.12001180034326
372 6 35.0 125.21911547416887
372 6 36.0 166.66459385693082
372 6 37.0 139.12425261856646
372 6 38.0 157.6616386666038
372 6 39.0 91.68300915376082
372 6 4.0 157.48616653431338
372 6 40.0 95.3590098612126
372 6 41.0 89.1843006913441
372 6 42.0 147.09912524093815
372 6 43.0 142.5932974040334
372 6 44.0 91.42522427527737
372 6 45.0 160.5095817074333
372 6 46.0 96.4010509601761
372 6 47.0 90.1848516663422
372 6 48.0 106.83218314991441
372 6 49.0 134.22224872364268
372 6 5.0 137.7948423786178
372 6 50.0 125.55010886729252
372 6 51.0 130.8208768606997
372 6 52.0 122.22573782773593
372 6 53.0 128.1214878932103
372 6 54.0 103.3073806821158
372 6 55.0 129.81645097096512
372 6 56.0 141.7225720098273
372 6 57.0 69.89085861976699
372 6 58.0 114.2117898210784
372 6 59.0 131.4617560280085
372 6 6.0 89.41643677818081
372 6 60.0 81.3870076711587
372 6 7.0 114.64784486451157
372 6 8.0 98.69453464046052
372 6 9.0 120.76351969163059
373 5 1.0 151.6440102301761
373 5 10.0 123.27001410659699
373 5 11.0 119.25025857470409
373 5 12.0 90.21008501478892
373 5 13.0 112.38132261068944
373 5 14.0 98.90781519088226
373 5 15.0 84.78156421558255
373 5 16.0 137.09508779493785
373 5 17.0 114.65908821383931
373 5 18.0 128.54990204667953
373 5 19.0 117.78477184329427
373 5 2.0 131.54496263234583
373 5 20.0 120.02541647516288
373 5 21.0 111.59428943477515
373 5 22.0 77.97775924180422
373 5 23.0 130.2681882571301
373 5 24.0 115.77646593949542
373 5 25.0 140.53575734077188
373 5 26.0 100.02870094120864
373 5 27.0 147.997016665109
373 5 28.0 168.2808566757161
373 5 29.0 102.30301180668528
373 5 3.0 108.59081913679982
373 5 30.0 170.4444013604176
373 5 31.0 119.29798182209765
373 5 32.0 156.70006168546288
373 5 33.0 117.9658496088137
373 5 34.0 91.14909784744592
373 5 35.0 145.41449361923864
373 5 36.0 142.35585735431744
373 5 37.0 114.6490804648771
373 5 38.0 115.87816941278713
373 5 39.0 124.96144762063756
373 5 4.0 102.63703790214284
373 5 40.0 109.29863079918537
373 5 41.0 127.34059384929756
373 5 42.0 103.05150860659471
373 5 43.0 124.16006294457357
373 5 44.0 138.65521033142866
373 5 45.0 92.47076520444111
373 5 46.0 170.91684657060733
373 5 47.0 170.0753071215001
373 5 48.0 137.7035299883776
373 5 49.0 139.80233395406032
373 5 5.0 125.58765169888463
373 5 50.0 143.80223993338382
373 5 51.0 111.4847060343786
373 5 52.0 142.40915177230454
373 5 53.0 110.27355833120806
373 5 54.0 149.8781265190207
373 5 55.0 162.99303802014438
373 5 56.0 160.86934729997444
373 5 57.0 115.76392199452057
373 5 58.0 122.06064076444527
373 5 59.0 116.53729370479488
373 5 6.0 135.88514179525328
373 5 60.0 86.6943442244692
373 5 7.0 130.20040480122947
373 5 8.0 125.2807353946813
373 5 9.0 99.91255423024612
373 6 1.0 118.72794598488628
373 6 10.0 132.2475701963724
373 6 11.0 151.8905376586428
373 6 12.0 141.8345480699797
373 6 13.0 148.5416203916144
373 6 14.0 108.56063730001907
373 6 15.0 95.05338537810775
373 6 16.0 158.62650183940642
373 6 17.0 138.77791789195058
373 6 18.0 105.3558163411039
373 6 19.0 149.69894244866632
373 6 2.0 111.16323096154522
373 6 20.0 143.91827730176624
373 6 21.0 107.86085688022219
373 6 22.0 93.26286905882067
373 6 23.0 170.93050531668007
373 6 24.0 117.23225929690527
373 6 25.0 110.0843723104871
373 6 26.0 86.0296587357917
373 6 27.0 112.97595006730445
373 6 28.0 148.3578361417993
373 6 29.0 98.92253985136139
373 6 3.0 135.97265090299823
373 6 30.0 149.22817695132622
373 6 31.0 74.06950461669771
373 6 32.0 130.42173601329634
373 6 33.0 153.34340342809915
373 6 34.0 85.76654063254819
373 6 35.0 169.59465032851392
373 6 36.0 120.86884586650451
373 6 37.0 105.29481911974861
373 6 38.0 97.26612863160331
373 6 39.0 145.16122116920343
373 6 4.0 149.34721807080828
373 6 40.0 104.19234973607084
373 6 41.0 70.48781045067335
373 6 42.0 110.89097906893448
373 6 43.0 121.58237408285967
373 6 44.0 172.2712239434141
373 6 45.0 99.37686027805874
373 6 46.0 126.62784302357655
373 6 47.0 125.49705683003548
373 6 48.0 160.21957453506496
373 6 49.0 99.39659236317877
373 6 5.0 166.01734544641377
373 6 50.0 112.5461103326241
373 6 51.0 168.6015248750173
373 6 52.0 160.31943811926786
373 6 53.0 164.7707689098034
373 6 54.0 153.41026397518098
373 6 55.0 147.8774539810137
373 6 56.0 138.9776569439494
373 6 57.0 111.45884328051629
373 6 58.0 112.84861459883818
373 6 59.0 158.72869618693414
373 6 6.0 113.98964146201394
373 6 60.0 107.07864479774845
373 6 7.0 121.62377700578477
373 6 8.0 75.23252427983265
373 6 9.0 140.80238204507296
374 5 1.0 148.3442638379644
374 5 10.0 112.65252295165928
374 5 11.0 143.3647896596541
374 5 12.0 118.41750398764596
374 5 13.0 109.21372889691494
374 5 14.0 155.26213265742467
374 5 15.0 100.04489440500548
374 5 16.0 132.93738046512925
374 5 17.0 166.66551360406712
374 5 18.0 68.92453963803159
374 5 19.0 139.81834290171003
374 5 2.0 97.20558557649068
374 5 20.0 155.76539888302878
374 5 21.0 95.94710594291676
374 5 22.0 162.0551934635234
374 5 23.0 143.3540124078111
374 5 24.0 87.42508735928342
374 5 25.0 137.69297153376507
374 5 26.0 97.57616751991178
374 5 27.0 137.03074529722622
374 5 28.0 144.05762478764217
374 5 29.0 115.31766660758069
374 5 3.0 107.87699661127368
374 5 30.0 164.07986400107532
374 5 31.0 115.809714707705
374 5 32.0 141.50459714278836
374 5 33.0 158.56482079582165
374 5 34.0 127.71426287908828
374 5 35.0 111.48983113009781
374 5 36.0 122.03719968056075
374 5 37.0 93.983330165806
374 5 38.0 127.1209836099567
374 5 39.0 150.81187219819316
374 5 4.0 165.3778402052019
374 5 40.0 130.43955819139046
374 5 41.0 144.78136503730514
374 5 42.0 148.65544346279057
374 5 43.0 111.05930247932955
374 5 44.0 130.0684371479099
374 5 45.0 96.25866069251708
374 5 46.0 105.10075978729213
374 5 47.0 149.5601533389768
374 5 48.0 133.1015960410727
374 5 49.0 128.40730636571217
374 5 5.0 162.4881822995633
374 5 50.0 138.89647775987834
374 5 51.0 120.0638938131377
374 5 52.0 164.85097606818078
374 5 53.0 139.3854841778565
374 5 54.0 109.65289960751196
374 5 55.0 169.4436978952709
374 5 56.0 168.90824301501002
374 5 57.0 89.90578270195607
374 5 58.0 102.56425519445412
374 5 59.0 92.31052049157506
374 5 6.0 119.08754532396202
374 5 60.0 116.93382553478469
374 5 7.0 149.0100934716632
374 5 8.0 100.82952392474007
374 5 9.0 162.64465056911146
374 6 1.0 114.71455717601296
374 6 10.0 116.62453178787922
374 6 11.0 130.53217403015435
374 6 12.0 150.33591495614937
374 6 13.0 118.14272522773192
374 6 14.0 102.29632717305928
374 6 15.0 115.70866314087422
374 6 16.0 158.45286034693
374 6 17.0 137.25163261249776
374 6 18.0 120.1778426653767
374 6 19.0 121.1334977551533
374 6 2.0 140.4952611964558
374 6 20.0 141.9584130686846
374 6 21.0 104.69468913266006
374 6 22.0 95.9783328401066
374 6 23.0 171.45350482937062
374 6 24.0 155.9446527548702
374 6 25.0 104.39919528162189
374 6 26.0 95.32475695685457
374 6 27.0 123.02333813691945
374 6 28.0 140.76301133700494
374 6 29.0 168.75156874383862
374 6 3.0 125.98582433983862
374 6 30.0 121.98566083948513
374 6 31.0 136.2033105184253
374 6 32.0 124.97060354491
374 6 33.0 141.37414042477576
374 6 34.0 172.53622022231056
374 6 35.0 161.2051592102535
374 6 36.0 154.0965261694605
374 6 37.0 123.73225284417914
374 6 38.0 106.32384383628857
374 6 39.0 76.79143850419109
374 6 4.0 151.35129163385693
374 6 40.0 129.8599656349641
374 6 41.0 119.09374060909215
374 6 42.0 115.07761722105225
374 6 43.0 107.74962360149861
374 6 44.0 125.2003221882837
374 6 45.0 100.76897995477084
374 6 46.0 117.5853110917992
374 6 47.0 130.91029079170465
374 6 48.0 172.55912387714437
374 6 49.0 108.97722901381864
374 6 5.0 109.00897799177096
374 6 50.0 148.94608695862357
374 6 51.0 111.36872276100176
374 6 52.0 100.95126822691921
374 6 53.0 88.92724490872227
374 6 54.0 135.8986228894002
374 6 55.0 125.65177030610364
374 6 56.0 96.00850784972384
374 6 57.0 104.62510897217506
374 6 58.0 98.93539873372627
374 6 59.0 143.50385754632063
374 6 6.0 90.19036199941279
374 6 60.0 93.30078592761203
374 6 7.0 98.03347562169941
374 6 8.0 117.57001797848875
374 6 9.0 144.34348390039014
375 5 1.0 122.22910954859925
375 5 10.0 100.11522020217144
375 5 11.0 154.92987665132424
375 5 12.0 105.09124505036691
375 5 13.0 97.05974931418596
375 5 14.0 135.03636990922925
375 5 15.0 133.05848825247054
375 5 16.0 102.10234552989029
375 5 17.0 137.1821448185495
375 5 18.0 96.1795238200169
375 5 19.0 110.7334760361416
375 5 2.0 120.67624290479841
375 5 20.0 104.96869204404692
375 5 21.0 100.22017286662084
375 5 22.0 108.7029862838401
375 5 23.0 89.67854592443668
375 5 24.0 91.17585683170626
375 5 25.0 140.23941016663832
375 5 26.0 100.50169297560865
375 5 27.0 112.0684710540741
375 5 28.0 153.24645321405507
375 5 29.0 122.9134017347798
375 5 3.0 130.46076687991138
375 5 30.0 162.66063428587017
375 5 31.0 110.52170224406387
375 5 32.0 112.30340289684688
375 5 33.0 155.12599793361773
375 5 34.0 96.00956242995663
375 5 35.0 97.00508698257352
375 5 36.0 107.44318562029785
375 5 37.0 118.10126872300418
375 5 38.0 105.38437874860725
375 5 39.0 151.01695843789156
375 5 4.0 104.09324835442938
375 5 40.0 121.7869934042504
375 5 41.0 110.91783315147846
375 5 42.0 145.14473004568444
375 5 43.0 124.00597421369498
375 5 44.0 140.20758985548846
375 5 45.0 96.48049357395483
375 5 46.0 164.64560275057704
375 5 47.0 178.58305921816768
375 5 48.0 146.19062348794597
375 5 49.0 163.89854110224132
375 5 5.0 99.80531601457292
375 5 50.0 137.62775123662843
375 5 51.0 133.40430884590276
375 5 52.0 125.21010082827088
375 5 53.0 147.28668319906188
375 5 54.0 95.28688699766928
375 5 55.0 146.34575063562366
375 5 56.0 128.05621531003317
375 5 57.0 90.38682402382348
375 5 58.0 122.14856455520454
375 5 59.0 109.82184941839866
375 5 6.0 167.62886182943996
375 5 60.0 100.56996768492083
375 5 7.0 103.84566030420682
375 5 8.0 105.55352974081295
375 5 9.0 151.0475940078841
375 6 1.0 141.5604872927529
375 6 10.0 151.26321161558047
375 6 11.0 119.08108169948954
375 6 12.0 97.85276246745235
375 6 13.0 159.2348299753121
375 6 14.0 115.79877100052906
375 6 15.0 131.1513423375895
375 6 16.0 132.9872514811557
375 6 17.0 93.91673507651925
375 6 18.0 88.14776727567924
375 6 19.0 133.6028385176562
375 6 2.0 163.06003960222125
375 6 20.0 135.39756532360178
375 6 21.0 122.48546394164534
375 6 22.0 161.76528114548677
375 6 23.0 116.46557972668552
375 6 24.0 116.23026326775474
375 6 25.0 143.69605407184935
375 6 26.0 86.50650650453456
375 6 27.0 117.7524833267061
375 6 28.0 140.06693906836742
375 6 29.0 118.47326854878828
375 6 3.0 161.82816834034182
375 6 30.0 137.73886578425368
375 6 31.0 95.98012487095745
375 6 32.0 129.40505155925698
375 6 33.0 155.0199959670146
375 6 34.0 121.41010194501862
375 6 35.0 131.09752774624855
375 6 36.0 156.12070542143564
375 6 37.0 168.56909679880232
375 6 38.0 115.35858425588427
375 6 39.0 77.19520208330219
375 6 4.0 140.8117363190994
375 6 40.0 142.7282904387579
375 6 41.0 109.80171107105329
375 6 42.0 90.3994523305176
375 6 43.0 109.53250161908326
375 6 44.0 131.53959225336928
375 6 45.0 114.50282227129875
375 6 46.0 123.44099197189621
375 6 47.0 152.030939320503
375 6 48.0 133.27903456670714
375 6 49.0 84.40304623429407
375 6 5.0 114.45999330642945
375 6 50.0 125.33995804379973
375 6 51.0 120.02986169745668
375 6 52.0 111.74009150439608
375 6 53.0 168.9103097216033
375 6 54.0 145.87823093389213
375 6 55.0 110.50029279617095
375 6 56.0 148.47799148636489
375 6 57.0 100.59795328082072
375 6 58.0 123.34738585744175
375 6 59.0 142.52621336885971
375 6 6.0 117.12608584930337
375 6 60.0 156.5280660977864
375 6 7.0 122.18035025107747
375 6 8.0 120.92196452879008
375 6 9.0 172.04570536818238
376 5 1.0 148.43861258230245
376 5 10.0 109.57518703840127
376 5 11.0 81.21449212006745
376 5 12.0 119.09334878809888
376 5 13.0 91.47288546869748
376 5 14.0 140.21612650241696
376 5 15.0 144.2770306940202
376 5 16.0 112.33736113996267
376 5 17.0 147.7662068622404
376 5 18.0 78.38419262305642
376 5 19.0 123.99362037844851
376 5 2.0 109.76672530134657
376 5 20.0 84.84078874793265
376 5 21.0 105.05287945428152
376 5 22.0 134.54475193172775
376 5 23.0 132.9192308770723
376 5 24.0 101.60683630607063
376 5 25.0 141.9853382271556
376 5 26.0 97.52846419417938
376 5 27.0 134.59735929453913
376 5 28.0 84.52086448676968
376 5 29.0 104.8072008507278
376 5 3.0 114.28002749847626
376 5 30.0 168.7684515823121
376 5 31.0 114.73633642526073
376 5 32.0 93.39592738219373
376 5 33.0 139.82437179486217
376 5 34.0 108.33851056682789
376 5 35.0 140.97644715958526
376 5 36.0 138.96500934702934
376 5 37.0 98.25489261116905
376 5 38.0 112.37483572654591
376 5 39.0 139.95015194574913
376 5 4.0 121.35698447750782
376 5 40.0 139.5593998564014
376 5 41.0 93.31682646035182
376 5 42.0 121.67232591072559
376 5 43.0 166.7469997430181
376 5 44.0 134.40636865271466
376 5 45.0 98.64370848142336
376 5 46.0 162.58847252534306
376 5 47.0 155.90481183736637
376 5 48.0 150.09428778549116
376 5 49.0 165.12923886631702
376 5 5.0 150.9112876211282
376 5 50.0 108.87075838626734
376 5 51.0 132.082641098771
376 5 52.0 163.03360998467048
376 5 53.0 170.03782092951036
376 5 54.0 93.75244067120647
376 5 55.0 107.25265023718335
376 5 56.0 172.41378537852884
376 5 57.0 102.42919675571443
376 5 58.0 152.64336679206778
376 5 59.0 155.07028314859403
376 5 6.0 135.50782555509235
376 5 60.0 81.78441256452629
376 5 7.0 152.55595385498484
376 5 8.0 100.61066396711485
376 5 9.0 136.0837722090964
376 6 1.0 151.78663124150054
376 6 10.0 142.5686050234797
376 6 11.0 111.33827136513625
376 6 12.0 111.1636566205615
376 6 13.0 147.28004212760214
376 6 14.0 128.9434446765689
376 6 15.0 170.68610744863187
376 6 16.0 128.0819314107138
376 6 17.0 133.53785120947396
376 6 18.0 86.73731632671986
376 6 19.0 132.91907465138078
376 6 2.0 136.0773330981875
376 6 20.0 135.68716331751787
376 6 21.0 84.1136516772496
376 6 22.0 92.10068164118545
376 6 23.0 102.64296532974896
376 6 24.0 150.4424532062476
376 6 25.0 94.88796415211469
376 6 26.0 83.34348513828854
376 6 27.0 110.20523142589971
376 6 28.0 136.9324326081407
376 6 29.0 161.19669400547025
376 6 3.0 132.46212013085264
376 6 30.0 116.51935433543021
376 6 31.0 151.75078198254658
376 6 32.0 91.77116816919913
376 6 33.0 146.32097801171798
376 6 34.0 103.13980468197398
376 6 35.0 138.62642016398055
376 6 36.0 125.8836860819072
376 6 37.0 155.374618751057
376 6 38.0 71.73860764934739
376 6 39.0 111.21242031868888
376 6 4.0 121.58001233599407
376 6 40.0 141.16409571179244
376 6 41.0 111.34813912427089
376 6 42.0 87.15922989384656
376 6 43.0 129.04479471042015
376 6 44.0 107.9764074164657
376 6 45.0 144.83748186529016
376 6 46.0 109.45493314869034
376 6 47.0 138.39047779193092
376 6 48.0 102.37138324339605
376 6 49.0 127.47079752550016
376 6 5.0 94.48526843409888
376 6 50.0 166.69262160090034
376 6 51.0 117.8623810017482
376 6 52.0 114.96155774922187
376 6 53.0 84.47127808119657
376 6 54.0 147.37820000480247
376 6 55.0 148.6718243231607
376 6 56.0 150.21756754525893
376 6 57.0 148.08938780194055
376 6 58.0 97.02550870294054
376 6 59.0 128.6621052152695
376 6 6.0 105.70856001697133
376 6 60.0 92.67101362811029
376 6 7.0 87.91947973663471
376 6 8.0 140.18823414360978
376 6 9.0 153.25110052984573
377 5 1.0 177.71407666674662
377 5 10.0 117.53178634157585
377 5 11.0 118.56198406891357
377 5 12.0 143.94149609281703
377 5 13.0 143.84127161906414
377 5 14.0 105.27571532784843
377 5 15.0 106.36868194293017
377 5 16.0 115.33399204066296
377 5 17.0 138.85758657650567
377 5 18.0 96.48528300727645
377 5 19.0 114.84584917635273
377 5 2.0 86.68189086579653
377 5 20.0 127.0359452519504
377 5 21.0 109.91270284881043
377 5 22.0 135.89165724620594
377 5 23.0 144.89530060699093
377 5 24.0 119.59435565812785
377 5 25.0 128.23158488422405
377 5 26.0 91.48037688223044
377 5 27.0 118.2730874214075
377 5 28.0 133.88161275871767
377 5 29.0 81.52609374094754
377 5 3.0 104.29014427824474
377 5 30.0 144.57967517453056
377 5 31.0 114.46488077953153
377 5 32.0 120.27224271674203
377 5 33.0 134.68567514622134
377 5 34.0 104.60879345071173
377 5 35.0 109.05622507706853
377 5 36.0 89.90082215335055
377 5 37.0 113.80937906684227
377 5 38.0 100.14595027390122
377 5 39.0 106.9542459637896
377 5 4.0 131.759720543371
377 5 40.0 124.19641287290769
377 5 41.0 137.2718085820767
377 5 42.0 115.47433610691596
377 5 43.0 115.83245250494879
377 5 44.0 140.99521488803154
377 5 45.0 143.92548280134764
377 5 46.0 125.74429966361357
377 5 47.0 103.08380018510641
377 5 48.0 150.82660841733247
377 5 49.0 160.82726720684596
377 5 5.0 135.34015828027879
377 5 50.0 105.6076919981299
377 5 51.0 144.0805857747377
377 5 52.0 165.13439493042787
377 5 53.0 135.33813584803184
377 5 54.0 125.00908753296605
377 5 55.0 175.97025814208325
377 5 56.0 163.4041994982594
377 5 57.0 101.39342476283342
377 5 58.0 120.74858374350335
377 5 59.0 117.17478369099412
377 5 6.0 141.17394088417586
377 5 60.0 137.37121284543088
377 5 7.0 96.28006020818277
377 5 8.0 133.18311689342298
377 5 9.0 134.06858416425882
377 6 1.0 137.8347208971894
377 6 10.0 136.4147090765782
377 6 11.0 119.4588875549157
377 6 12.0 113.06031723853383
377 6 13.0 161.7626880742836
377 6 14.0 115.82335858409485
377 6 15.0 117.11053720303441
377 6 16.0 170.41325626363877
377 6 17.0 156.44359232357976
377 6 18.0 117.4795937161393
377 6 19.0 142.53519091175266
377 6 2.0 130.99534323004528
377 6 20.0 133.31825762111225
377 6 21.0 126.49656165405771
377 6 22.0 73.97701149881226
377 6 23.0 112.74110923347438
377 6 24.0 143.9230032016545
377 6 25.0 121.45272891258007
377 6 26.0 98.75000346603873
377 6 27.0 142.53440639819564
377 6 28.0 157.07600472695304
377 6 29.0 137.47026805392315
377 6 3.0 122.29532055078968
377 6 30.0 133.7621311387405
377 6 31.0 151.20158790133158
377 6 32.0 121.09078439168462
377 6 33.0 140.45658383083693
377 6 34.0 103.03076365184252
377 6 35.0 151.25420158282702
377 6 36.0 150.98462306878517
377 6 37.0 115.80834635811502
377 6 38.0 144.82608789879163
377 6 39.0 107.73915619476607
377 6 4.0 127.86360135681724
377 6 40.0 130.20162623191408
377 6 41.0 126.54669409317958
377 6 42.0 115.24644522403193
377 6 43.0 134.4298405229377
377 6 44.0 154.09920791534807
377 6 45.0 89.25857237485553
377 6 46.0 112.17871429403915
377 6 47.0 99.18280245413857
377 6 48.0 102.14208091798372
377 6 49.0 82.0583439943689
377 6 5.0 144.0902956173225
377 6 50.0 91.04494950970464
377 6 51.0 79.08217193524567
377 6 52.0 138.19744067650961
377 6 53.0 92.31636084511322
377 6 54.0 130.98927398974473
377 6 55.0 174.12197638625682
377 6 56.0 165.2358351909498
377 6 57.0 84.96146219074515
377 6 58.0 115.30409543713749
377 6 59.0 122.86599713277452
377 6 6.0 129.65692454163482
377 6 60.0 82.84215255955766
377 6 7.0 134.8068430944693
377 6 8.0 133.31563657484398
377 6 9.0 142.68589592926102
378 5 1.0 120.42278956740935
378 5 10.0 98.48508728402871
378 5 11.0 146.9788749441265
378 5 12.0 84.26580631353694
378 5 13.0 108.79027299239647
378 5 14.0 132.79480606462744
378 5 15.0 123.17605711280736
378 5 16.0 145.32306115008376
378 5 17.0 126.04913665350993
378 5 18.0 121.8066609221535
378 5 19.0 154.63134414272787
378 5 2.0 74.7876585902085
378 5 20.0 164.02474547747
378 5 21.0 107.94058829659295
378 5 22.0 78.42583790543338
378 5 23.0 131.80678603325106
378 5 24.0 105.788083483227
378 5 25.0 140.499965507883
378 5 26.0 102.96423506567955
378 5 27.0 104.9727091366961
378 5 28.0 130.12216677654578
378 5 29.0 124.0360077513169
378 5 3.0 91.47154244625355
378 5 30.0 157.06129584604693
378 5 31.0 121.98717721672361
378 5 32.0 76.81518412826847
378 5 33.0 162.9341103737863
378 5 34.0 129.52410596873102
378 5 35.0 161.91436358775337
378 5 36.0 159.73727963752506
378 5 37.0 103.90551664323473
378 5 38.0 166.12518152139404
378 5 39.0 143.4337684863059
378 5 4.0 173.84951336752735
378 5 40.0 101.71789430714811
378 5 41.0 105.41680561090897
378 5 42.0 131.9749576912576
378 5 43.0 156.05708360970817
378 5 44.0 172.40868866503828
378 5 45.0 105.19600133772221
378 5 46.0 104.69312406758436
378 5 47.0 109.69264779937616
378 5 48.0 139.44465654460402
378 5 49.0 160.77923783941705
378 5 5.0 103.39496145322732
378 5 50.0 130.1784920072254
378 5 51.0 162.7878912788731
378 5 52.0 171.90225170962623
378 5 53.0 147.79109445143294
378 5 54.0 116.33674677973683
378 5 55.0 123.55239403110598
378 5 56.0 167.7435769878535
378 5 57.0 124.69376894940422
378 5 58.0 158.91562861461352
378 5 59.0 124.02811203371094
378 5 6.0 160.46039515690572
378 5 60.0 113.69704512301783
378 5 7.0 131.26919455982198
378 5 8.0 93.52380117970289
378 5 9.0 112.94827956814385
378 6 1.0 125.86907797469027
378 6 10.0 72.60873979361149
378 6 11.0 107.10379251923759
378 6 12.0 109.68278404934398
378 6 13.0 166.25943814143372
378 6 14.0 118.98669659872722
378 6 15.0 137.17838569214064
378 6 16.0 113.38545820062414
378 6 17.0 144.85547224409478
378 6 18.0 134.83705915820352
378 6 19.0 148.62101531964194
378 6 2.0 144.3278780568378
378 6 20.0 102.7398803575462
378 6 21.0 138.71078713122387
378 6 22.0 142.87582633899854
378 6 23.0 167.05944789791766
378 6 24.0 111.7447926402205
378 6 25.0 116.58663759901785
378 6 26.0 115.73558803108503
378 6 27.0 127.84728083921019
378 6 28.0 163.11049979751238
378 6 29.0 91.33619611570495
378 6 3.0 120.5853469962213
378 6 30.0 151.6179999788779
378 6 31.0 141.58489318764316
378 6 32.0 121.21055639233963
378 6 33.0 151.6106980781352
378 6 34.0 101.17288939529772
378 6 35.0 94.19021526683892
378 6 36.0 114.94911584241264
378 6 37.0 109.50977701951471
378 6 38.0 140.4470724436594
378 6 39.0 89.56086819218223
378 6 4.0 123.63177563175981
378 6 40.0 158.28950692877532
378 6 41.0 132.72104078919068
378 6 42.0 140.57350379164112
378 6 43.0 155.51435542811717
378 6 44.0 155.2205154386575
378 6 45.0 126.43203727965135
378 6 46.0 124.96219399595543
378 6 47.0 97.47726354415164
378 6 48.0 105.21067357986513
378 6 49.0 147.06751582028528
378 6 5.0 111.7915799591013
378 6 50.0 142.83834470918347
378 6 51.0 119.33896324435034
378 6 52.0 131.68611523114836
378 6 53.0 167.81908271185023
378 6 54.0 105.57406655745818
378 6 55.0 124.20857647722748
378 6 56.0 110.71407449490775
378 6 57.0 84.3055503284761
378 6 58.0 112.56401330473176
378 6 59.0 149.43496473587285
378 6 6.0 89.21063598781848
378 6 60.0 79.6314928377903
378 6 7.0 143.24038415888833
378 6 8.0 90.9199743356245
378 6 9.0 140.41251966378076
379 5 1.0 131.35878507554997
379 5 10.0 114.78114710323257
379 5 11.0 108.9315843522131
379 5 12.0 118.19342949913556
379 5 13.0 124.3413732485651
379 5 14.0 126.11820372364834
379 5 15.0 123.20197942989999
379 5 16.0 118.79848113282164
379 5 17.0 68.52189422067906
379 5 18.0 132.55684755760714
379 5 19.0 128.71875033766636
379 5 2.0 92.32440771711126
379 5 20.0 118.51360994404017
379 5 21.0 125.4072999800601
379 5 22.0 147.98641503168585
379 5 23.0 165.13110331845056
379 5 24.0 124.96012276496097
379 5 25.0 158.68706897141928
379 5 26.0 99.11767584926083
379 5 27.0 158.60674292525434
379 5 28.0 120.4038254802189
379 5 29.0 82.38963859291303
379 5 3.0 148.0791785306164
379 5 30.0 155.47323325181853
379 5 31.0 154.87152933477452
379 5 32.0 163.832106087411
379 5 33.0 132.41088784410383
379 5 34.0 104.2047638500306
379 5 35.0 141.1837603977602
379 5 36.0 90.22825836809524
379 5 37.0 105.37379188663144
379 5 38.0 99.82027849406835
379 5 39.0 115.92449069704782
379 5 4.0 84.65781778328336
379 5 40.0 103.12798843836899
379 5 41.0 98.33999400094758
379 5 42.0 113.14586823628518
379 5 43.0 81.43751157265197
379 5 44.0 154.78531406756383
379 5 45.0 135.4295940393664
379 5 46.0 162.71087975125164
379 5 47.0 106.06684524952519
379 5 48.0 160.1555448353036
379 5 49.0 157.6619298971296
379 5 5.0 159.95836890082316
379 5 50.0 108.87399785477761
379 5 51.0 139.0171871242348
379 5 52.0 114.85756769694369
379 5 53.0 146.96484625097293
379 5 54.0 147.42865353264872
379 5 55.0 149.29364017706115
379 5 56.0 145.92759493458124
379 5 57.0 142.4425094850388
379 5 58.0 146.42950069149367
379 5 59.0 115.02465157537564
379 5 6.0 149.4672973988622
379 5 60.0 81.72421161373707
379 5 7.0 113.67517048140988
379 5 8.0 145.96272043195853
379 5 9.0 97.36556868885985
379 6 1.0 94.08909044724822
379 6 10.0 82.86622570197817
379 6 11.0 157.14927247823007
379 6 12.0 138.00630069952075
379 6 13.0 138.18252740019977
379 6 14.0 111.31293181523068
379 6 15.0 150.6780609266502
379 6 16.0 158.48403786068027
379 6 17.0 91.17426872929059
379 6 18.0 142.77066884861722
379 6 19.0 131.03997679299752
379 6 2.0 162.56962296979793
379 6 20.0 98.49759389096518
379 6 21.0 91.45995458116546
379 6 22.0 145.28891466228401
379 6 23.0 88.71299262935129
379 6 24.0 158.92375056727084
379 6 25.0 107.11757193876451
379 6 26.0 92.79302327978127
379 6 27.0 140.2650064502848
379 6 28.0 150.33137907432675
379 6 29.0 92.48629326095809
379 6 3.0 123.49211557501201
379 6 30.0 124.34930804307712
379 6 31.0 138.15206329071052
379 6 32.0 114.56557827284647
379 6 33.0 146.67111619244704
379 6 34.0 138.16159691051755
379 6 35.0 149.54962714571752
379 6 36.0 132.31505441312248
379 6 37.0 117.81367418233413
379 6 38.0 103.70943459972196
379 6 39.0 157.29694143181067
379 6 4.0 113.05959937826358
379 6 40.0 121.21962242903726
379 6 41.0 138.23581966808817
379 6 42.0 149.19750482420608
379 6 43.0 128.5223714350077
379 6 44.0 163.01935401085072
379 6 45.0 126.32389255621483
379 6 46.0 111.5695086247835
379 6 47.0 112.06482130958223
379 6 48.0 156.27333759575814
379 6 49.0 135.6716724241157
379 6 5.0 97.97974384547999
379 6 50.0 144.75674299360514
379 6 51.0 143.3753751954889
379 6 52.0 130.90889623530703
379 6 53.0 163.2924605044235
379 6 54.0 90.4778526869422
379 6 55.0 138.75025439643048
379 6 56.0 111.42946055067779
379 6 57.0 130.06871435939246
379 6 58.0 92.58655742471318
379 6 59.0 141.578927589567
379 6 6.0 97.04297364172935
379 6 60.0 85.86133430369046
379 6 7.0 97.04549691356162
379 6 8.0 147.24760809844096
379 6 9.0 129.78860658879677
380 5 1.0 98.08268490276804
380 5 10.0 120.65952024861842
380 5 11.0 156.26856322354251
380 5 12.0 85.36879829678263
380 5 13.0 139.40296232277464
380 5 14.0 85.10988743009679
380 5 15.0 122.65883794371824
380 5 16.0 160.49399494988086
380 5 17.0 162.12707331394597
380 5 18.0 77.67533518519669
380 5 19.0 138.87214423047232
380 5 2.0 134.50077350445414
380 5 20.0 133.63775681203984
380 5 21.0 170.77666480580484
380 5 22.0 116.79889244005427
380 5 23.0 145.47510975878993
380 5 24.0 122.76131836044736
380 5 25.0 151.31315463919182
380 5 26.0 142.40772448546952
380 5 27.0 138.89501073492093
380 5 28.0 124.02775245019194
380 5 29.0 125.81499481264125
380 5 3.0 132.19549128971335
380 5 30.0 92.83481002270958
380 5 31.0 88.78374940162942
380 5 32.0 105.94422718147761
380 5 33.0 131.1023475513098
380 5 34.0 97.03146131285193
380 5 35.0 134.9295119032962
380 5 36.0 88.11634428473799
380 5 37.0 99.33630796853797
380 5 38.0 116.3057321629113
380 5 39.0 128.9458304705911
380 5 4.0 130.5090210643979
380 5 40.0 142.51385612454754
380 5 41.0 160.48903195655933
380 5 42.0 136.09476955290654
380 5 43.0 106.86641201712489
380 5 44.0 98.79508117468484
380 5 45.0 176.04728192211053
380 5 46.0 96.05154790389301
380 5 47.0 113.46352247617952
380 5 48.0 147.80612781670663
380 5 49.0 120.54046813223789
380 5 5.0 103.30901220310214
380 5 50.0 110.69708621256737
380 5 51.0 136.74162490722026
380 5 52.0 153.77588593811888
380 5 53.0 156.6584887224903
380 5 54.0 92.51533046357602
380 5 55.0 148.1921114026173
380 5 56.0 108.70378627812066
380 5 57.0 115.81533920193964
380 5 58.0 112.85363918445726
380 5 59.0 145.94551916919497
380 5 6.0 104.41492786784579
380 5 60.0 118.70343508961291
380 5 7.0 121.02736373134975
380 5 8.0 93.00329690618767
380 5 9.0 116.98653022678242
380 6 1.0 136.1132862416965
380 6 10.0 167.1995309434562
380 6 11.0 76.32731381109365
380 6 12.0 120.57792862107097
380 6 13.0 163.6266994872087
380 6 14.0 126.7406690841119
380 6 15.0 118.9921410409201
380 6 16.0 130.23280930403214
380 6 17.0 109.4219489618604
380 6 18.0 141.7831161877057
380 6 19.0 126.68388690125674
380 6 2.0 125.90622230614865
380 6 20.0 127.54344530515881
380 6 21.0 133.96594739234226
380 6 22.0 166.2979819012094
380 6 23.0 115.76409159865742
380 6 24.0 139.64814704342064
380 6 25.0 127.58824384611714
380 6 26.0 88.16693966234777
380 6 27.0 118.78970281006782
380 6 28.0 144.0681564321745
380 6 29.0 151.598802554147
380 6 3.0 122.76881288471425
380 6 30.0 153.0776932645824
380 6 31.0 148.70293971284178
380 6 32.0 146.79232271759955
380 6 33.0 111.1909001367067
380 6 34.0 158.6665649872606
380 6 35.0 119.48810952162464
380 6 36.0 133.09531401056645
380 6 37.0 106.49419460337006
380 6 38.0 152.34037491117928
380 6 39.0 152.39454708610083
380 6 4.0 144.91134079912578
380 6 40.0 111.08499044525179
380 6 41.0 130.07903522607276
380 6 42.0 104.77359685567318
380 6 43.0 114.49379857064349
380 6 44.0 156.61682404530416
380 6 45.0 133.74475755313432
380 6 46.0 124.32540993583464
380 6 47.0 104.8735857909491
380 6 48.0 169.23793103255449
380 6 49.0 83.04542013130138
380 6 5.0 99.23418140757406
380 6 50.0 143.91590587281254
380 6 51.0 110.00414718538552
380 6 52.0 141.50933260804698
380 6 53.0 140.56923666180109
380 6 54.0 138.72290861593518
380 6 55.0 151.10787287974844
380 6 56.0 111.33609439257005
380 6 57.0 117.82819266151104
380 6 58.0 64.25710629442798
380 6 59.0 142.23158114761114
380 6 6.0 155.05149895788048
380 6 60.0 125.74281065354823
380 6 7.0 160.44800525654114
380 6 8.0 157.5965678333112
380 6 9.0 111.38894386593364
381 5 1.0 117.44475628991609
381 5 10.0 109.64881548827711
381 5 11.0 159.73297294533552
381 5 12.0 105.11669023913299
381 5 13.0 162.574456697403
381 5 14.0 93.20359905478358
381 5 15.0 147.68668740628476
381 5 16.0 169.37467411882972
381 5 17.0 162.4925783212863
381 5 18.0 103.35327509174469
381 5 19.0 76.79063570778524
381 5 2.0 102.44553981057877
381 5 20.0 116.78559180785886
381 5 21.0 118.36686209785827
381 5 22.0 125.17377506172917
381 5 23.0 135.16593477053655
381 5 24.0 111.05242209855024
381 5 25.0 136.22913772771713
381 5 26.0 99.15571262288518
381 5 27.0 124.74358204656727
381 5 28.0 137.64949662204145
381 5 29.0 102.02975304525461
381 5 3.0 104.8492251564863
381 5 30.0 148.21841780478988
381 5 31.0 144.96963990805457
381 5 32.0 124.4465012400297
381 5 33.0 145.6809751102943
381 5 34.0 155.0127302634245
381 5 35.0 110.23349515066079
381 5 36.0 120.93263292880897
381 5 37.0 104.5447109143846
381 5 38.0 86.40050366392079
381 5 39.0 114.83580286328917
381 5 4.0 154.73016338977962
381 5 40.0 122.32820782553438
381 5 41.0 148.67157456613523
381 5 42.0 137.042165623265
381 5 43.0 174.3496246219653
381 5 44.0 149.32570890522481
381 5 45.0 163.06440130488176
381 5 46.0 88.96121271125133
381 5 47.0 143.61221043171597
381 5 48.0 171.38595059361037
381 5 49.0 136.97763462855946
381 5 5.0 137.8336108696499
381 5 50.0 107.83640873502412
381 5 51.0 141.13754935026162
381 5 52.0 120.46599488464436
381 5 53.0 138.83581255900435
381 5 54.0 141.8480576577264
381 5 55.0 134.16794503016132
381 5 56.0 98.24225131587224
381 5 57.0 148.23387582186214
381 5 58.0 104.8579860246719
381 5 59.0 153.72586586812503
381 5 6.0 173.4931757346402
381 5 60.0 91.07783152528023
381 5 7.0 149.4232407773379
381 5 8.0 155.41456219710497
381 5 9.0 164.6240241853569
381 6 1.0 142.12758555537795
381 6 10.0 110.67411398634786
381 6 11.0 135.70734355841398
381 6 12.0 100.18465718096893
381 6 13.0 174.4518405245776
381 6 14.0 122.09765736858441
381 6 15.0 132.64448101430708
381 6 16.0 154.28869774239283
381 6 17.0 136.24347614554122
381 6 18.0 92.40486982795771
381 6 19.0 131.5669501965165
381 6 2.0 102.94461386752623
381 6 20.0 135.44966689968092
381 6 21.0 100.23412032745499
381 6 22.0 115.16922608611452
381 6 23.0 98.92187870073714
381 6 24.0 114.52570951750029
381 6 25.0 152.6594462492074
381 6 26.0 105.94497837831227
381 6 27.0 103.7658128947259
381 6 28.0 127.84975626346122
381 6 29.0 104.63197217899699
381 6 3.0 137.78732472357513
381 6 30.0 126.5337333023654
381 6 31.0 115.22205849866623
381 6 32.0 152.85327419064637
381 6 33.0 159.3951960892603
381 6 34.0 142.9749902817049
381 6 35.0 125.51052609148059
381 6 36.0 105.23532300069786
381 6 37.0 129.95234770857303
381 6 38.0 162.52401951625146
381 6 39.0 82.63082671656666
381 6 4.0 144.74282051903458
381 6 40.0 98.70412052476054
381 6 41.0 132.05576269197832
381 6 42.0 140.6020725971337
381 6 43.0 112.57164366097045
381 6 44.0 156.77278176824157
381 6 45.0 126.7766915320056
381 6 46.0 170.46722762301704
381 6 47.0 97.15845544290052
381 6 48.0 167.02557875198144
381 6 49.0 77.05781386469924
381 6 5.0 100.54410925504006
381 6 50.0 117.06169198310818
381 6 51.0 120.90626054702415
381 6 52.0 136.14435613707124
381 6 53.0 140.23572427226597
381 6 54.0 79.5825677907361
381 6 55.0 141.23436547215513
381 6 56.0 107.11891488556532
381 6 57.0 169.26537071872627
381 6 58.0 78.24774077956464
381 6 59.0 133.53444941527044
381 6 6.0 156.6302975988634
381 6 60.0 121.95734413552032
381 6 7.0 90.6548556247371
381 6 8.0 97.33668711922077
381 6 9.0 130.5871579431823
382 5 1.0 162.25120967433304
382 5 10.0 93.81508842481654
382 5 11.0 122.20952074340994
382 5 12.0 90.25906685495757
382 5 13.0 123.49166934432841
382 5 14.0 94.61290957898986
382 5 15.0 159.9125670200202
382 5 16.0 128.53678913764423
382 5 17.0 124.94173405455814
382 5 18.0 112.72896922975818
382 5 19.0 110.4875123460348
382 5 2.0 122.41441237669997
382 5 20.0 133.7211222366254
382 5 21.0 116.01682170246609
382 5 22.0 131.7608623442227
382 5 23.0 151.92223732150444
382 5 24.0 99.87159326779808
382 5 25.0 107.42733709207855
382 5 26.0 113.59099915970056
382 5 27.0 94.50475378733479
382 5 28.0 96.8704792360634
382 5 29.0 120.62965646374728
382 5 3.0 119.09909111801593
382 5 30.0 163.11461093627724
382 5 31.0 107.43985825508031
382 5 32.0 126.86695555256796
382 5 33.0 123.33695070222157
382 5 34.0 145.39506548630607
382 5 35.0 149.90358260022603
382 5 36.0 98.06479391691937
382 5 37.0 94.59404083900655
382 5 38.0 87.95627708179387
382 5 39.0 157.82103912814912
382 5 4.0 121.6133022636418
382 5 40.0 114.78499122411061
382 5 41.0 171.47121536492827
382 5 42.0 131.10224778976112
382 5 43.0 128.40000040745747
382 5 44.0 141.5915053691177
382 5 45.0 171.5051324690796
382 5 46.0 135.61132927490635
382 5 47.0 149.3521196339606
382 5 48.0 116.17582911134562
382 5 49.0 155.1476559243762
382 5 5.0 169.42860765020555
382 5 50.0 108.57308135915062
382 5 51.0 140.95151270770782
382 5 52.0 136.03804352141066
382 5 53.0 103.27427201862476
382 5 54.0 102.17828866243204
382 5 55.0 156.0520262918961
382 5 56.0 87.71538000120141
382 5 57.0 111.04406069834023
382 5 58.0 132.18491184130232
382 5 59.0 163.90852947061651
382 5 6.0 128.07954652664586
382 5 60.0 70.4801468667432
382 5 7.0 90.27978579483592
382 5 8.0 88.97924860665512
382 5 9.0 97.31844486485707
382 6 1.0 114.99417078288333
382 6 10.0 97.54442882773832
382 6 11.0 136.49334240638973
382 6 12.0 143.36738392622954
382 6 13.0 149.94959163817128
382 6 14.0 141.030406686889
382 6 15.0 125.27062430475054
382 6 16.0 150.6144619977069
382 6 17.0 139.72744904821786
382 6 18.0 130.63900608353532
382 6 19.0 125.10613372477115
382 6 2.0 91.05246751877559
382 6 20.0 116.63714479567173
382 6 21.0 104.27945400886469
382 6 22.0 106.66289198148164
382 6 23.0 160.40004526660016
382 6 24.0 113.48443527498905
382 6 25.0 89.43088328845128
382 6 26.0 115.44620165448478
382 6 27.0 127.1344012999877
382 6 28.0 120.61670946642711
382 6 29.0 93.90962746163065
382 6 3.0 154.90128552512127
382 6 30.0 122.93735413424234
382 6 31.0 120.34368988758561
382 6 32.0 123.54276699287203
382 6 33.0 165.19297182887553
382 6 34.0 87.87490319370056
382 6 35.0 131.59047999454572
382 6 36.0 156.98983497397154
382 6 37.0 145.94727190983642
382 6 38.0 142.84234263441476
382 6 39.0 76.803873381033
382 6 4.0 144.9250713979094
382 6 40.0 95.33320192536209
382 6 41.0 95.36471970782944
382 6 42.0 117.79109603882809
382 6 43.0 141.95176686334557
382 6 44.0 94.55886089741188
382 6 45.0 110.67053400686096
382 6 46.0 156.68957189435437
382 6 47.0 155.48095179932182
382 6 48.0 115.57992637959907
382 6 49.0 122.17018315203806
382 6 5.0 162.9257230028636
382 6 50.0 159.49646281436068
382 6 51.0 117.6367565527474
382 6 52.0 142.4279347807716
382 6 53.0 130.49830827840475
382 6 54.0 96.88097464244541
382 6 55.0 171.31357212143416
382 6 56.0 133.1176955121567
382 6 57.0 94.80171069958716
382 6 58.0 145.76520222458646
382 6 59.0 106.2154433786033
382 6 6.0 109.09679291199367
382 6 60.0 94.33778851100969
382 6 7.0 141.42355983198016
382 6 8.0 130.6620186158106
382 6 9.0 131.1323683434685
383 5 1.0 94.83674155995817
383 5 10.0 114.01684466618156
383 5 11.0 168.22313169772204
383 5 12.0 99.9317640826688
383 5 13.0 125.23861398653494
383 5 14.0 143.3255182765401
383 5 15.0 85.24098270127696
383 5 16.0 91.7138835339869
383 5 17.0 129.08257472025915
383 5 18.0 134.30907463058534
383 5 19.0 160.6986114629384
383 5 2.0 144.51205370181768
383 5 20.0 111.35048087704709
383 5 21.0 152.61053192457445
383 5 22.0 106.86483988317184
383 5 23.0 101.08355059206372
383 5 24.0 108.49131007234473
383 5 25.0 117.89561408236344
383 5 26.0 123.2736640519782
383 5 27.0 151.56933358387835
383 5 28.0 156.04329984939736
383 5 29.0 77.22926014665435
383 5 3.0 132.2009615549345
383 5 30.0 164.3168934688997
383 5 31.0 152.08696994222115
383 5 32.0 166.99585359910787
383 5 33.0 114.34170185491149
383 5 34.0 158.84756356388743
383 5 35.0 122.16533948437319
383 5 36.0 154.55099056783632
383 5 37.0 91.9262626062976
383 5 38.0 134.6785007121877
383 5 39.0 119.74899220263529
383 5 4.0 150.38440796326108
383 5 40.0 139.61009544363773
383 5 41.0 160.14480300268346
383 5 42.0 156.29564664129694
383 5 43.0 124.71508429725364
383 5 44.0 140.40759241275407
383 5 45.0 135.16523060658614
383 5 46.0 115.66685064946383
383 5 47.0 134.269507384734
383 5 48.0 113.32888338906815
383 5 49.0 122.52216844140384
383 5 5.0 98.32374571773123
383 5 50.0 116.69744333061765
383 5 51.0 146.81941554978496
383 5 52.0 172.3939212869628
383 5 53.0 162.67316923597755
383 5 54.0 88.73487524340945
383 5 55.0 141.83792122187393
383 5 56.0 161.60222114262265
383 5 57.0 120.683020605398
383 5 58.0 114.32117270933031
383 5 59.0 87.69340138742471
383 5 6.0 134.18349385107075
383 5 60.0 78.91524259831363
383 5 7.0 73.95514100700528
383 5 8.0 131.80324461239746
383 5 9.0 130.5645326316762
383 6 1.0 94.36004368362406
383 6 10.0 119.64826495917532
383 6 11.0 101.85517287518545
383 6 12.0 127.70903664196273
383 6 13.0 146.53815889662297
383 6 14.0 134.18827470933212
383 6 15.0 153.0921824971014
383 6 16.0 134.26418400597098
383 6 17.0 149.18164517833904
383 6 18.0 127.00419774746496
383 6 19.0 157.1852955582541
383 6 2.0 78.76380229066233
383 6 20.0 133.145404731296
383 6 21.0 109.27600342481578
383 6 22.0 142.78255414751433
383 6 23.0 114.7455666839972
383 6 24.0 103.91400101048666
383 6 25.0 132.88747046173194
383 6 26.0 95.2371098043536
383 6 27.0 125.48305604364232
383 6 28.0 124.74432596702205
383 6 29.0 96.63306091175588
383 6 3.0 142.48973195804155
383 6 30.0 130.18330488545473
383 6 31.0 129.57713072011617
383 6 32.0 106.11256998082489
383 6 33.0 146.80678493704653
383 6 34.0 128.53942775312612
383 6 35.0 111.69996771826149
383 6 36.0 124.94763520546947
383 6 37.0 146.72328355363774
383 6 38.0 140.79289667360396
383 6 39.0 158.23952977548623
383 6 4.0 122.10432998732678
383 6 40.0 113.37692513010042
383 6 41.0 119.37287087777
383 6 42.0 104.01489068924609
383 6 43.0 153.8180593433615
383 6 44.0 156.33785104860473
383 6 45.0 102.78610407933057
383 6 46.0 111.40815038706062
383 6 47.0 123.21405526216054
383 6 48.0 119.79843465361542
383 6 49.0 159.883693762715
383 6 5.0 136.6028187048602
383 6 50.0 162.07443881577652
383 6 51.0 154.30215479903913
383 6 52.0 128.4070416834444
383 6 53.0 115.29293494666113
383 6 54.0 122.68903508702041
383 6 55.0 99.10441763576388
383 6 56.0 128.698221714009
383 6 57.0 79.361472130897
383 6 58.0 113.81337791610495
383 6 59.0 142.55666160007678
383 6 6.0 95.81120209805
383 6 60.0 127.92766689111183
383 6 7.0 148.52505686807413
383 6 8.0 140.13141563063613
383 6 9.0 144.8725154557213
384 5 1.0 138.76659799795237
384 5 10.0 99.8252854310833
384 5 11.0 125.49129560614503
384 5 12.0 119.49230882572662
384 5 13.0 93.30751428578128
384 5 14.0 109.09379311721075
384 5 15.0 104.49846449707807
384 5 16.0 101.49624612405549
384 5 17.0 104.67721425337915
384 5 18.0 67.52048973180835
384 5 19.0 133.6441983640454
384 5 2.0 125.43357950085476
384 5 20.0 97.47672650909041
384 5 21.0 87.14467195266698
384 5 22.0 105.19296326305512
384 5 23.0 109.32799550912725
384 5 24.0 125.76443599692168
384 5 25.0 124.19881810186244
384 5 26.0 106.48317529284823
384 5 27.0 151.5619905617309
384 5 28.0 162.18731448512258
384 5 29.0 114.40360195207052
384 5 3.0 152.97979476149547
384 5 30.0 81.82566703886262
384 5 31.0 99.1027658427183
384 5 32.0 151.28845055719242
384 5 33.0 118.7430547698151
384 5 34.0 117.2486326697007
384 5 35.0 61.45457019329265
384 5 36.0 146.00352985426926
384 5 37.0 88.83263100908701
384 5 38.0 107.31671794574447
384 5 39.0 133.18823254180887
384 5 4.0 120.72351108039503
384 5 40.0 154.141116501592
384 5 41.0 113.75989713141321
384 5 42.0 87.1788354230489
384 5 43.0 128.54654462392014
384 5 44.0 123.7939366643431
384 5 45.0 119.79365277866717
384 5 46.0 138.55470686027812
384 5 47.0 161.40370337721052
384 5 48.0 166.0523966952845
384 5 49.0 158.41768446367473
384 5 5.0 162.80401863986353
384 5 50.0 152.38864937856698
384 5 51.0 148.67809599863227
384 5 52.0 157.89323301062424
384 5 53.0 122.09241705535375
384 5 54.0 90.22885611693582
384 5 55.0 144.19714752853807
384 5 56.0 155.0208328271005
384 5 57.0 125.61662290740385
384 5 58.0 153.14073343607623
384 5 59.0 135.84156065741382
384 5 6.0 149.85562698023858
384 5 60.0 85.66341237396422
384 5 7.0 122.85158906323056
384 5 8.0 100.07444576562395
384 5 9.0 82.20069036929598
384 6 1.0 112.74086417625034
384 6 10.0 166.98419234796813
384 6 11.0 101.32698523837811
384 6 12.0 101.56324363870323
384 6 13.0 78.21262831272365
384 6 14.0 119.5861180164131
384 6 15.0 127.32695863758961
384 6 16.0 153.25130156115407
384 6 17.0 119.56765698586429
384 6 18.0 103.22540275651693
384 6 19.0 139.58744760825974
384 6 2.0 121.03365605972782
384 6 20.0 121.16287038443362
384 6 21.0 88.39129702873345
384 6 22.0 143.77793167590835
384 6 23.0 113.8022568467333
384 6 24.0 123.30997148518742
384 6 25.0 151.40224210106632
384 6 26.0 102.12776834616407
384 6 27.0 138.35656790793092
384 6 28.0 143.87445835715695
384 6 29.0 118.6472809869293
384 6 3.0 132.6240619868803
384 6 30.0 122.60987266896623
384 6 31.0 150.74693977292927
384 6 32.0 139.68445597456542
384 6 33.0 149.95276337080267
384 6 34.0 107.42852821514467
384 6 35.0 124.69709771888589
384 6 36.0 168.6493266056865
384 6 37.0 158.34440330616354
384 6 38.0 105.9644527604851
384 6 39.0 108.33980798638422
384 6 4.0 126.87882351639081
384 6 40.0 159.71345850318124
384 6 41.0 153.6220856666977
384 6 42.0 141.08767353712193
384 6 43.0 154.49025867861175
384 6 44.0 141.04990565281133
384 6 45.0 119.99702385891707
384 6 46.0 142.7014741118721
384 6 47.0 136.4212201630425
384 6 48.0 104.54610030847233
384 6 49.0 76.71067053135407
384 6 5.0 95.11394792928519
384 6 50.0 142.97803180850104
384 6 51.0 174.52212493586052
384 6 52.0 120.54380576439002
384 6 53.0 100.58920174018526
384 6 54.0 89.02021888022148
384 6 55.0 158.61117932107632
384 6 56.0 102.63413904428683
384 6 57.0 96.86597470974887
384 6 58.0 77.57802780557286
384 6 59.0 127.80170521561719
384 6 6.0 155.89076986586173
384 6 60.0 79.8549224150533
384 6 7.0 80.40196002022603
384 6 8.0 143.52203433496973
384 6 9.0 101.56650231007977
385 5 1.0 145.5335315086904
385 5 10.0 104.00656531122078
385 5 11.0 115.66941973877982
385 5 12.0 95.42087788566971
385 5 13.0 132.52700466094177
385 5 14.0 88.28076790158676
385 5 15.0 158.9463416570752
385 5 16.0 79.34676298849193
385 5 17.0 153.80616927688274
385 5 18.0 114.12840771691353
385 5 19.0 119.32326851723583
385 5 2.0 92.49325237064048
385 5 20.0 166.52116765561655
385 5 21.0 121.20118670988073
385 5 22.0 112.74601832884639
385 5 23.0 102.7676659769964
385 5 24.0 99.33676045793999
385 5 25.0 159.70057065874275
385 5 26.0 94.26498866268143
385 5 27.0 92.80541831460297
385 5 28.0 166.66038221949108
385 5 29.0 140.8993241116888
385 5 3.0 117.32530090941685
385 5 30.0 158.3756693402532
385 5 31.0 110.7123955423229
385 5 32.0 149.0657276465808
385 5 33.0 117.25835631628497
385 5 34.0 144.17887884305816
385 5 35.0 119.54501591333438
385 5 36.0 150.98539925856716
385 5 37.0 87.97200701781536
385 5 38.0 166.51839472377253
385 5 39.0 132.061114829961
385 5 4.0 153.62073318665702
385 5 40.0 97.42943685052073
385 5 41.0 115.91268164875213
385 5 42.0 134.20186762801944
385 5 43.0 161.17604702499116
385 5 44.0 158.43025754201736
385 5 45.0 149.33426338416638
385 5 46.0 81.49965931971983
385 5 47.0 122.77087773438332
385 5 48.0 158.0344583965127
385 5 49.0 172.5492672078858
385 5 5.0 89.86819498256092
385 5 50.0 102.49579570306545
385 5 51.0 151.09514415672308
385 5 52.0 123.16093487879101
385 5 53.0 126.03188233253812
385 5 54.0 100.51577811218016
385 5 55.0 88.58690396088575
385 5 56.0 164.39603906625163
385 5 57.0 112.68904447125131
385 5 58.0 148.98114442602528
385 5 59.0 109.51544722551682
385 5 6.0 143.45849407352418
385 5 60.0 80.41427854817583
385 5 7.0 106.28224357614458
385 5 8.0 92.14000354453327
385 5 9.0 133.7279076067791
385 6 1.0 138.91561078644457
385 6 10.0 112.0230796112919
385 6 11.0 89.12604137608612
385 6 12.0 125.04045663966225
385 6 13.0 121.7903839548834
385 6 14.0 131.07278018823334
385 6 15.0 145.9833707164546
385 6 16.0 128.40611615307617
385 6 17.0 101.77139433721146
385 6 18.0 134.0022320129828
385 6 19.0 107.51775794615413
385 6 2.0 118.33819977832044
385 6 20.0 116.14657635882651
385 6 21.0 92.0158089075134
385 6 22.0 131.34402789608163
385 6 23.0 100.25253926131663
385 6 24.0 136.74842262087685
385 6 25.0 114.74193831077268
385 6 26.0 100.45121554254956
385 6 27.0 119.01048519663819
385 6 28.0 142.59652337749068
385 6 29.0 162.614730608677
385 6 3.0 143.50005042509233
385 6 30.0 107.31705141867631
385 6 31.0 167.92784687966508
385 6 32.0 121.87622844976917
385 6 33.0 148.33410333297118
385 6 34.0 150.92323565114793
385 6 35.0 141.44450218982485
385 6 36.0 120.35414637314413
385 6 37.0 161.87532706305356
385 6 38.0 125.00950525760415
385 6 39.0 145.50200202875598
385 6 4.0 165.95572563934218
385 6 40.0 160.07224588741332
385 6 41.0 104.70482742574696
385 6 42.0 144.298333452317
385 6 43.0 141.71772536550654
385 6 44.0 122.37710213247001
385 6 45.0 152.40396425655442
385 6 46.0 108.82066943305193
385 6 47.0 164.2638629161127
385 6 48.0 141.7565924685388
385 6 49.0 116.63080105326267
385 6 5.0 112.95645920844298
385 6 50.0 116.58668420006042
385 6 51.0 131.78143902943447
385 6 52.0 115.91283960259571
385 6 53.0 134.5344262529453
385 6 54.0 164.08350901869
385 6 55.0 128.8437132108919
385 6 56.0 146.6459685064031
385 6 57.0 81.0107815408017
385 6 58.0 93.173343345291
385 6 59.0 137.65702691334897
385 6 6.0 116.42595007670508
385 6 60.0 105.88589155497006
385 6 7.0 154.43169143386316
385 6 8.0 114.26738463402498
385 6 9.0 122.5453417920864
386 5 1.0 139.39314942809935
386 5 10.0 165.5740221595778
386 5 11.0 111.49859726243922
386 5 12.0 107.06333292008924
386 5 13.0 115.08166927431252
386 5 14.0 95.21650428528898
386 5 15.0 176.99056460908577
386 5 16.0 108.03828256719416
386 5 17.0 159.06446493372442
386 5 18.0 136.93626265815402
386 5 19.0 147.72151157124728
386 5 2.0 107.01326093858749
386 5 20.0 114.3564806612037
386 5 21.0 117.90468755688441
386 5 22.0 122.88085970472328
386 5 23.0 129.19600972758315
386 5 24.0 108.49972588112357
386 5 25.0 163.5131882799568
386 5 26.0 87.41289723131206
386 5 27.0 103.45318094783985
386 5 28.0 138.0369422450816
386 5 29.0 142.4191538574606
386 5 3.0 136.79337606429635
386 5 30.0 156.81310291417788
386 5 31.0 86.79387810168949
386 5 32.0 136.5151486331432
386 5 33.0 112.27729515274372
386 5 34.0 142.46425599228203
386 5 35.0 122.02468854699323
386 5 36.0 172.63340209762003
386 5 37.0 95.24033961549951
386 5 38.0 103.93677837038788
386 5 39.0 133.1430126399054
386 5 4.0 136.05137446709725
386 5 40.0 151.9054810598479
386 5 41.0 161.4425971776956
386 5 42.0 85.35586751446077
386 5 43.0 128.28812831044118
386 5 44.0 117.47553833413498
386 5 45.0 119.95197590191705
386 5 46.0 153.04106372876035
386 5 47.0 123.31566889668031
386 5 48.0 131.26564202163186
386 5 49.0 154.70371340685097
386 5 5.0 102.17435205354346
386 5 50.0 109.10108569229823
386 5 51.0 134.93989848564902
386 5 52.0 142.0407437809121
386 5 53.0 148.65909783859237
386 5 54.0 102.00430940604022
386 5 55.0 159.04906621143454
386 5 56.0 147.59100795275614
386 5 57.0 91.22951276830264
386 5 58.0 103.95959214357636
386 5 59.0 100.35467796665858
386 5 6.0 119.22961274753334
386 5 60.0 107.38748412397226
386 5 7.0 119.25985992520367
386 5 8.0 140.28182287556194
386 5 9.0 81.70678358311535
386 6 1.0 74.95353331231864
386 6 10.0 107.18006166799793
386 6 11.0 103.5182754677055
386 6 12.0 136.41075073556397
386 6 13.0 149.40145632985386
386 6 14.0 139.24886211237316
386 6 15.0 129.7647928451284
386 6 16.0 146.8767378246831
386 6 17.0 116.34208139153377
386 6 18.0 75.26207344948214
386 6 19.0 146.7789284991151
386 6 2.0 116.2335733184026
386 6 20.0 129.38405542156354
386 6 21.0 99.22066867974667
386 6 22.0 107.54177488358958
386 6 23.0 156.93436672805245
386 6 24.0 157.65382737801806
386 6 25.0 113.4147404405974
386 6 26.0 106.07838059736288
386 6 27.0 106.2148710937878
386 6 28.0 150.40833872814565
386 6 29.0 125.94386288082993
386 6 3.0 152.36344747077396
386 6 30.0 170.73478034202063
386 6 31.0 159.15640180478434
386 6 32.0 134.8601176199507
386 6 33.0 131.5628874563035
386 6 34.0 153.19835547994236
386 6 35.0 132.2929486661893
386 6 36.0 132.8820880589322
386 6 37.0 162.4408630244616
386 6 38.0 125.29498887806615
386 6 39.0 141.43797681790454
386 6 4.0 108.45025842807772
386 6 40.0 131.13756721856674
386 6 41.0 98.09038727042912
386 6 42.0 123.39700537020596
386 6 43.0 96.59550261353516
386 6 44.0 72.07267185087274
386 6 45.0 114.91251033242513
386 6 46.0 119.87581909352203
386 6 47.0 116.1240992425603
386 6 48.0 121.28033378470481
386 6 49.0 114.85885949401042
386 6 5.0 100.31266079083133
386 6 50.0 140.26193107252962
386 6 51.0 134.4397362931208
386 6 52.0 86.86060082491342
386 6 53.0 146.82886132960112
386 6 54.0 81.26054677906738
386 6 55.0 134.47552876568577
386 6 56.0 157.83186435396357
386 6 57.0 130.90005061879282
386 6 58.0 100.66328245109753
386 6 59.0 110.40609193624223
386 6 6.0 92.86870056257865
386 6 60.0 130.53186296746068
386 6 7.0 162.47190210355114
386 6 8.0 151.87605717862508
386 6 9.0 86.40183486540302
387 5 1.0 106.48482860813337
387 5 10.0 84.79949979986037
387 5 11.0 171.70653033758373
387 5 12.0 111.25030769517403
387 5 13.0 89.87682258225017
387 5 14.0 160.09553783882555
387 5 15.0 158.27990500286234
387 5 16.0 150.37979584340133
387 5 17.0 143.34214783395424
387 5 18.0 76.64763130892746
387 5 19.0 90.33732463996937
387 5 2.0 105.81243403506407
387 5 20.0 132.9217624621086
387 5 21.0 106.52421235706575
387 5 22.0 114.67468200197493
387 5 23.0 123.85006319369447
387 5 24.0 140.89127193274345
387 5 25.0 108.88178592845891
387 5 26.0 172.65202231797807
387 5 27.0 124.0082407556447
387 5 28.0 122.35567446030544
387 5 29.0 112.5999369035428
387 5 3.0 160.3708706010365
387 5 30.0 147.29452350385444
387 5 31.0 77.13995604106339
387 5 32.0 152.1973796909696
387 5 33.0 130.76285058396255
387 5 34.0 166.80992265115248
387 5 35.0 128.14917407604193
387 5 36.0 155.78993109678854
387 5 37.0 101.20871432134517
387 5 38.0 123.5426616079432
387 5 39.0 150.2003738318287
387 5 4.0 88.50673752866068
387 5 40.0 160.26462343419865
387 5 41.0 111.6349695365374
387 5 42.0 120.74990033745169
387 5 43.0 168.98204477375418
387 5 44.0 125.020728681568
387 5 45.0 125.48318114503738
387 5 46.0 127.96412823410908
387 5 47.0 133.664337465608
387 5 48.0 119.59219824765464
387 5 49.0 113.41885981389402
387 5 5.0 112.97339324336264
387 5 50.0 138.76942760020418
387 5 51.0 135.42262693182687
387 5 52.0 108.20780903481645
387 5 53.0 77.89797055901138
387 5 54.0 111.17450766750329
387 5 55.0 169.74248746557612
387 5 56.0 146.03015169628964
387 5 57.0 115.24444794519921
387 5 58.0 143.09132778083435
387 5 59.0 157.33779007914117
387 5 6.0 102.62211170587686
387 5 60.0 87.04752348825278
387 5 7.0 88.33658991565522
387 5 8.0 126.3173972659051
387 5 9.0 164.58223853122263
387 6 1.0 99.39388933679281
387 6 10.0 90.47721327850073
387 6 11.0 125.45215930334511
387 6 12.0 149.11797698204882
387 6 13.0 135.536777886631
387 6 14.0 81.5623737367687
387 6 15.0 126.458163519867
387 6 16.0 138.12599636332112
387 6 17.0 118.4359487285496
387 6 18.0 136.2205825398814
387 6 19.0 123.13537239472912
387 6 2.0 121.61424431442465
387 6 20.0 128.65537473429202
387 6 21.0 94.42432842037944
387 6 22.0 92.9954063623156
387 6 23.0 90.51320605179703
387 6 24.0 115.53357857670989
387 6 25.0 131.48262311507673
387 6 26.0 98.55009497974042
387 6 27.0 132.9600363003778
387 6 28.0 140.29852283873794
387 6 29.0 145.66875827359905
387 6 3.0 149.91352076625878
387 6 30.0 140.01209450192715
387 6 31.0 155.3140858420891
387 6 32.0 117.18560077009118
387 6 33.0 144.59886713738413
387 6 34.0 125.38297136274231
387 6 35.0 161.00198318429668
387 6 36.0 127.99915867363859
387 6 37.0 118.66195223218685
387 6 38.0 76.20521593105484
387 6 39.0 137.24782159873354
387 6 4.0 124.60434199868894
387 6 40.0 111.8967163844269
387 6 41.0 140.89249464323228
387 6 42.0 148.1252021994016
387 6 43.0 115.27400265125596
387 6 44.0 71.63727131001181
387 6 45.0 104.93691363365633
387 6 46.0 171.94142613402795
387 6 47.0 102.28872647889352
387 6 48.0 127.34481604015166
387 6 49.0 83.87908476218907
387 6 5.0 109.48979752341798
387 6 50.0 151.9976311802256
387 6 51.0 94.62396617939393
387 6 52.0 120.2281823189198
387 6 53.0 99.44553688835813
387 6 54.0 142.3245808798046
387 6 55.0 129.4852230120571
387 6 56.0 144.1478755484586
387 6 57.0 146.8695417703024
387 6 58.0 120.13462167899154
387 6 59.0 154.26432732078817
387 6 6.0 170.44934395953615
387 6 60.0 128.79164021186136
387 6 7.0 91.05547261758599
387 6 8.0 92.80774301011859
387 6 9.0 106.50635855046741
388 5 1.0 150.73366935380525
388 5 10.0 173.64564383533317
388 5 11.0 112.2629343026366
388 5 12.0 79.0649514584431
388 5 13.0 104.58709787442055
388 5 14.0 100.13977801235657
388 5 15.0 148.3945823992251
388 5 16.0 153.09403960419624
388 5 17.0 112.48941218468057
388 5 18.0 72.47649305113299
388 5 19.0 117.77477066296413
388 5 2.0 100.00144151406458
388 5 20.0 110.8959020399913
388 5 21.0 152.3833834179215
388 5 22.0 113.1064143495279
388 5 23.0 144.94174628680986
388 5 24.0 151.78076689144024
388 5 25.0 132.0795150624065
388 5 26.0 93.31188944819809
388 5 27.0 103.63279135225281
388 5 28.0 135.2758475729008
388 5 29.0 126.87378442974422
388 5 3.0 104.70272790552359
388 5 30.0 129.98109924616622
388 5 31.0 108.22616889131936
388 5 32.0 127.04414506217113
388 5 33.0 132.45235989383823
388 5 34.0 131.29327139767423
388 5 35.0 110.09082658338552
388 5 36.0 129.20477219457845
388 5 37.0 96.7817749961835
388 5 38.0 137.14105682465149
388 5 39.0 127.56550053408304
388 5 4.0 167.5504864882418
388 5 40.0 105.28066133896102
388 5 41.0 158.98046531776558
388 5 42.0 139.82946494406167
388 5 43.0 125.84981446269703
388 5 44.0 141.91973739732668
388 5 45.0 99.54749770184122
388 5 46.0 121.82596649502283
388 5 47.0 83.99435286571826
388 5 48.0 101.58350591554611
388 5 49.0 152.6226205698979
388 5 5.0 143.54628060446922
388 5 50.0 164.049272659043
388 5 51.0 137.49100963658225
388 5 52.0 151.58252080322004
388 5 53.0 93.1873254496272
388 5 54.0 102.26677482364285
388 5 55.0 95.61698752765432
388 5 56.0 115.801883026565
388 5 57.0 105.28260722619878
388 5 58.0 133.68290129337936
388 5 59.0 136.84062883251207
388 5 6.0 110.24851940960424
388 5 60.0 112.5265003474611
388 5 7.0 110.03479624691475
388 5 8.0 126.228364593406
388 5 9.0 152.99426271950898
388 6 1.0 131.1733036734256
388 6 10.0 135.9685415288925
388 6 11.0 117.0427570739766
388 6 12.0 149.7541362041694
388 6 13.0 142.75645963125558
388 6 14.0 133.30348810929286
388 6 15.0 143.10366417067198
388 6 16.0 121.00297904255751
388 6 17.0 123.172238107632
388 6 18.0 155.46361250024387
388 6 19.0 153.7320963475814
388 6 2.0 89.3369962303456
388 6 20.0 114.53295376359043
388 6 21.0 120.16114015527698
388 6 22.0 137.75333468857704
388 6 23.0 115.11864574454582
388 6 24.0 77.07479883222527
388 6 25.0 120.71390709141757
388 6 26.0 98.82072415307391
388 6 27.0 93.35290512714833
388 6 28.0 137.97905283726087
388 6 29.0 101.23284458081551
388 6 3.0 111.90482070943533
388 6 30.0 125.14641184624604
388 6 31.0 113.81511056790417
388 6 32.0 111.26433310583351
388 6 33.0 148.5656649647694
388 6 34.0 135.40778925711726
388 6 35.0 153.87751471429416
388 6 36.0 111.48218204293856
388 6 37.0 153.52768092294417
388 6 38.0 119.31327010795104
388 6 39.0 107.85026667103675
388 6 4.0 161.35363802100758
388 6 40.0 127.56544563293217
388 6 41.0 142.1080342120399
388 6 42.0 112.63592449298683
388 6 43.0 152.43731298330457
388 6 44.0 161.9583338624814
388 6 45.0 148.64465901641876
388 6 46.0 113.57342777819329
388 6 47.0 145.39639245441984
388 6 48.0 109.7152112252109
388 6 49.0 76.3217397357444
388 6 5.0 128.1995073152275
388 6 50.0 128.64620270528437
388 6 51.0 129.78415367252032
388 6 52.0 101.37303922313406
388 6 53.0 158.89677866668228
388 6 54.0 140.3039885424078
388 6 55.0 149.22348171513698
388 6 56.0 136.44094543349453
388 6 57.0 158.5126323921401
388 6 58.0 149.7185343192077
388 6 59.0 120.46724934030655
388 6 6.0 124.22860980235734
388 6 60.0 115.00065642667742
388 6 7.0 106.01366309206747
388 6 8.0 90.27073840905491
388 6 9.0 166.25518313234693
389 5 1.0 166.15771900260233
389 5 10.0 126.04752313889966
389 5 11.0 78.33851041300014
389 5 12.0 95.55879505817734
389 5 13.0 90.09002044750602
389 5 14.0 102.88229150434769
389 5 15.0 139.79962134659087
389 5 16.0 86.35461950543015
389 5 17.0 160.26495981736545
389 5 18.0 112.43534483649783
389 5 19.0 146.84336200605756
389 5 2.0 127.02595686166744
389 5 20.0 174.4462361426258
389 5 21.0 128.6477741627023
389 5 22.0 137.1778453352375
389 5 23.0 155.50095340096027
389 5 24.0 118.23530291685677
389 5 25.0 128.8309892618767
389 5 26.0 103.83733357223215
389 5 27.0 129.86773569440933
389 5 28.0 121.27506472486893
389 5 29.0 145.46688087690444
389 5 3.0 97.25305500379724
389 5 30.0 147.5329699923786
389 5 31.0 112.08801766824607
389 5 32.0 104.81605522687794
389 5 33.0 127.3265522167364
389 5 34.0 92.1422824869076
389 5 35.0 69.84559662284893
389 5 36.0 135.6657223203121
389 5 37.0 108.99381718904368
389 5 38.0 114.23374397214229
389 5 39.0 137.14515992751143
389 5 4.0 98.27328787964568
389 5 40.0 111.30003787031283
389 5 41.0 128.32631760859812
389 5 42.0 144.6008500208135
389 5 43.0 153.09993315001893
389 5 44.0 114.04293207502374
389 5 45.0 111.98990816609505
389 5 46.0 166.06201078489244
389 5 47.0 140.38339193750474
389 5 48.0 138.8293199731096
389 5 49.0 140.73180228239022
389 5 5.0 108.49955471274708
389 5 50.0 143.51117389440688
389 5 51.0 155.7649383645889
389 5 52.0 137.7052171727864
389 5 53.0 113.4106488578247
389 5 54.0 124.45534161341445
389 5 55.0 120.80077602536257
389 5 56.0 89.38205380908255
389 5 57.0 66.62294236661548
389 5 58.0 159.3956037451811
389 5 59.0 156.3198443671405
389 5 6.0 120.34077195761593
389 5 60.0 100.67782326590304
389 5 7.0 162.55625822931597
389 5 8.0 111.73609340232942
389 5 9.0 146.76279086835353
389 6 1.0 112.05104446986786
389 6 10.0 90.46708256654289
389 6 11.0 128.6728200173311
389 6 12.0 91.90998438023928
389 6 13.0 160.2082550893783
389 6 14.0 78.21297127289685
389 6 15.0 151.99585052655783
389 6 16.0 127.53998126046592
389 6 17.0 128.8749805813919
389 6 18.0 152.63931289727526
389 6 19.0 124.80229932264919
389 6 2.0 141.23573787672038
389 6 20.0 143.5443143127574
389 6 21.0 103.27538161239285
389 6 22.0 123.41850246893716
389 6 23.0 114.21130747607587
389 6 24.0 151.88767325648496
389 6 25.0 97.37794544131216
389 6 26.0 94.26529524824383
389 6 27.0 117.73961833129867
389 6 28.0 144.2491121192413
389 6 29.0 131.62583813957312
389 6 3.0 115.68974131663536
389 6 30.0 132.89457968148676
389 6 31.0 139.79035361526124
389 6 32.0 128.47643057402271
389 6 33.0 136.92255432206807
389 6 34.0 163.99511367018212
389 6 35.0 129.66873417093257
389 6 36.0 129.32851567937746
389 6 37.0 119.88362442483107
389 6 38.0 71.7025561333515
389 6 39.0 105.68000035687794
389 6 4.0 117.6355868100314
389 6 40.0 91.83736325759058
389 6 41.0 167.39568742009365
389 6 42.0 156.08534758896838
389 6 43.0 96.87617404584405
389 6 44.0 103.53142720178064
389 6 45.0 89.83392961851281
389 6 46.0 118.37311869990978
389 6 47.0 106.32331402887935
389 6 48.0 147.2599850200293
389 6 49.0 105.56338319975475
389 6 5.0 121.99817875660924
389 6 50.0 138.42081260359805
389 6 51.0 140.63919907030217
389 6 52.0 127.80412119525535
389 6 53.0 152.75630765610964
389 6 54.0 92.39244974394535
389 6 55.0 166.0143166801246
389 6 56.0 151.75364436524498
389 6 57.0 166.1543194943161
389 6 58.0 164.84621811757384
389 6 59.0 138.75315935369954
389 6 6.0 97.23095891608057
389 6 60.0 80.13188645215658
389 6 7.0 83.12444305712494
389 6 8.0 97.11053316359072
389 6 9.0 134.57637322437085
390 5 1.0 158.36770680502764
390 5 10.0 123.56017437982162
390 5 11.0 125.78760023015558
390 5 12.0 103.3276511420697
390 5 13.0 130.62096045054017
390 5 14.0 124.09589902406955
390 5 15.0 161.28241586655514
390 5 16.0 130.63774085278612
390 5 17.0 154.7357983952564
390 5 18.0 74.18364216567913
390 5 19.0 122.22182813413643
390 5 2.0 143.13277201976615
390 5 20.0 139.58499344331017
390 5 21.0 90.07070473475117
390 5 22.0 117.57428854864436
390 5 23.0 171.87751526740385
390 5 24.0 136.54739779141846
390 5 25.0 166.0931293010248
390 5 26.0 120.44927232357864
390 5 27.0 136.2685524661618
390 5 28.0 144.071242851144
390 5 29.0 129.46954639351173
390 5 3.0 148.30308730712989
390 5 30.0 156.3432348893626
390 5 31.0 79.22744637397824
390 5 32.0 126.26320858229488
390 5 33.0 112.80366548476536
390 5 34.0 148.54870329636293
390 5 35.0 134.91247915348518
390 5 36.0 93.41861403564036
390 5 37.0 92.9356492813229
390 5 38.0 95.61566650339019
390 5 39.0 94.50628674880018
390 5 4.0 96.00815081478625
390 5 40.0 120.63200994299237
390 5 41.0 121.87294648414021
390 5 42.0 123.28698713893901
390 5 43.0 127.90074927818087
390 5 44.0 130.47088049281078
390 5 45.0 148.27238138392005
390 5 46.0 97.73413727583774
390 5 47.0 140.5062140731547
390 5 48.0 140.9550483227052
390 5 49.0 171.09433125642863
390 5 5.0 120.21196008995156
390 5 50.0 95.84559122261759
390 5 51.0 137.47266372033076
390 5 52.0 170.1659119456838
390 5 53.0 93.42006903670736
390 5 54.0 104.3791355693757
390 5 55.0 143.45388021300133
390 5 56.0 146.17348031691444
390 5 57.0 107.51129719689585
390 5 58.0 144.0150474680057
390 5 59.0 164.8930811575495
390 5 6.0 81.6351969184056
390 5 60.0 86.18063721952414
390 5 7.0 109.41070949793051
390 5 8.0 84.24794600251246
390 5 9.0 106.37213263034704
390 6 1.0 95.95173220390865
390 6 10.0 92.78675978999999
390 6 11.0 119.50544171560799
390 6 12.0 107.56795738904547
390 6 13.0 156.47814736895396
390 6 14.0 154.4733394421563
390 6 15.0 114.11187312278668
390 6 16.0 139.67613877053392
390 6 17.0 117.03388015844938
390 6 18.0 162.77374722449053
390 6 19.0 145.86563830082085
390 6 2.0 110.40948147932536
390 6 20.0 128.14179643452633
390 6 21.0 133.54016410769677
390 6 22.0 111.56229559623297
390 6 23.0 108.05765771708991
390 6 24.0 107.52697307337536
390 6 25.0 86.95419407371325
390 6 26.0 99.68305562152044
390 6 27.0 111.80009899569248
390 6 28.0 102.19414194416225
390 6 29.0 134.09496369827528
390 6 3.0 123.89267923845487
390 6 30.0 129.81570846123464
390 6 31.0 131.454921265539
390 6 32.0 122.50253628471816
390 6 33.0 155.75285768966114
390 6 34.0 132.9119481480573
390 6 35.0 157.03446668798355
390 6 36.0 144.99698235182586
390 6 37.0 141.23634554513808
390 6 38.0 137.45032386978198
390 6 39.0 66.20998980410334
390 6 4.0 134.89113844570153
390 6 40.0 130.72009566639215
390 6 41.0 98.45147770816445
390 6 42.0 155.41620762618737
390 6 43.0 163.93281352520975
390 6 44.0 154.8668755695415
390 6 45.0 111.05989288323315
390 6 46.0 155.51952959097983
390 6 47.0 106.38973437074837
390 6 48.0 137.34864211695012
390 6 49.0 107.8241175401007
390 6 5.0 150.81584991862002
390 6 50.0 139.5741534815087
390 6 51.0 151.0002300086381
390 6 52.0 132.3723813847886
390 6 53.0 107.78189697652054
390 6 54.0 148.9680413729185
390 6 55.0 135.93047186412429
390 6 56.0 96.77168908313503
390 6 57.0 93.01521036302219
390 6 58.0 98.88589353109913
390 6 59.0 135.02135767650978
390 6 6.0 97.26978975723036
390 6 60.0 100.45532199231421
390 6 7.0 119.71383615131022
390 6 8.0 142.43170966043846
390 6 9.0 79.04420782360708
391 5 1.0 120.39000040270996
391 5 10.0 97.69066516691758
391 5 11.0 116.9803015088234
391 5 12.0 115.84325082499724
391 5 13.0 96.64375691195477
391 5 14.0 97.7119978336243
391 5 15.0 101.00472018627983
391 5 16.0 120.72695285352722
391 5 17.0 128.56984400024783
391 5 18.0 103.25990843906021
391 5 19.0 157.6628100255292
391 5 2.0 102.55374986107353
391 5 20.0 86.16528441870962
391 5 21.0 94.70143692352465
391 5 22.0 101.52664865210666
391 5 23.0 95.42963058281768
391 5 24.0 100.2372116363682
391 5 25.0 105.94286531976749
391 5 26.0 134.04819413542253
391 5 27.0 111.54554910560641
391 5 28.0 93.57785771406816
391 5 29.0 81.19947411903934
391 5 3.0 116.82571430312697
391 5 30.0 133.57516054178745
391 5 31.0 114.64810672752243
391 5 32.0 135.95358391775858
391 5 33.0 107.6037747004155
391 5 34.0 157.71523611697
391 5 35.0 102.21194442851771
391 5 36.0 131.80531192432045
391 5 37.0 122.97151994502535
391 5 38.0 133.8176401110808
391 5 39.0 142.44942821645486
391 5 4.0 122.63432404997283
391 5 40.0 112.32959992886266
391 5 41.0 118.45789830534815
391 5 42.0 136.95520236031183
391 5 43.0 157.6916981967618
391 5 44.0 107.27758859514641
391 5 45.0 108.62516794779374
391 5 46.0 136.2988238588033
391 5 47.0 154.40972048176462
391 5 48.0 141.67862877844073
391 5 49.0 158.59551068699926
391 5 5.0 128.8550064135573
391 5 50.0 103.11465257408341
391 5 51.0 140.532385759759
391 5 52.0 158.65733620627103
391 5 53.0 110.32156122766548
391 5 54.0 105.58811189382794
391 5 55.0 157.8231079668134
391 5 56.0 155.44606916911457
391 5 57.0 107.9993878889116
391 5 58.0 106.00511074327396
391 5 59.0 106.45941498711713
391 5 6.0 101.75295320840661
391 5 60.0 101.40334113691969
391 5 7.0 126.65374805406192
391 5 8.0 143.63069992512195
391 5 9.0 110.92377882882742
391 6 1.0 138.49172139630798
391 6 10.0 91.06814698306361
391 6 11.0 129.23952886157787
391 6 12.0 83.46559473204293
391 6 13.0 142.85316990490205
391 6 14.0 110.73443024549056
391 6 15.0 163.22935652827678
391 6 16.0 141.48522685169743
391 6 17.0 128.73255176900906
391 6 18.0 78.14456012241794
391 6 19.0 159.54044920724712
391 6 2.0 71.48217221440449
391 6 20.0 129.42592089758045
391 6 21.0 128.14497098550845
391 6 22.0 85.36167382530104
391 6 23.0 141.4128376627136
391 6 24.0 150.63028855228922
391 6 25.0 81.80436238133558
391 6 26.0 89.62427796980745
391 6 27.0 102.76853814560197
391 6 28.0 115.82380377604599
391 6 29.0 125.05151111445244
391 6 3.0 131.29873647274002
391 6 30.0 130.8577058129463
391 6 31.0 163.70052383941513
391 6 32.0 130.43794797597306
391 6 33.0 126.9708397792245
391 6 34.0 155.09648739655748
391 6 35.0 133.4533868509823
391 6 36.0 170.53170573819278
391 6 37.0 132.97065501640128
391 6 38.0 85.50780807873147
391 6 39.0 130.70836578217464
391 6 4.0 101.46285541219443
391 6 40.0 143.58092135501616
391 6 41.0 121.72875605002626
391 6 42.0 108.20734811085312
391 6 43.0 101.81475682276206
391 6 44.0 140.8459281284979
391 6 45.0 91.77300448589973
391 6 46.0 101.81611503608906
391 6 47.0 164.6554995084561
391 6 48.0 124.82382100576426
391 6 49.0 83.06569120317381
391 6 5.0 121.43836684142086
391 6 50.0 148.12144146557472
391 6 51.0 154.74900740417013
391 6 52.0 169.3573688072114
391 6 53.0 107.13665581340881
391 6 54.0 169.8349598059798
391 6 55.0 145.28544713801935
391 6 56.0 94.33676118041488
391 6 57.0 124.8264697397508
391 6 58.0 150.78476177660247
391 6 59.0 155.65662913797706
391 6 6.0 100.25510914532993
391 6 60.0 147.18633297337578
391 6 7.0 132.41100712966613
391 6 8.0 125.92467392544253
391 6 9.0 124.95035719780988
392 5 1.0 163.26551074798368
392 5 10.0 131.19047052936958
392 5 11.0 130.5396503892816
392 5 12.0 93.61959007904291
392 5 13.0 140.08074530020602
392 5 14.0 98.35957539844489
392 5 15.0 156.53118926331769
392 5 16.0 116.31140492249955
392 5 17.0 126.9503724269467
392 5 18.0 85.08334454765493
392 5 19.0 103.84844182651787
392 5 2.0 136.55159737336882
392 5 20.0 145.94334644562852
392 5 21.0 126.38475847436867
392 5 22.0 98.74961791070263
392 5 23.0 124.89410680281973
392 5 24.0 123.80008651761375
392 5 25.0 74.95038396057586
392 5 26.0 133.75624816717172
392 5 27.0 123.3415066070792
392 5 28.0 101.25151216379119
392 5 29.0 120.66744482361132
392 5 3.0 136.35039939686936
392 5 30.0 146.76504682952773
392 5 31.0 137.88362468269455
392 5 32.0 156.15127367748696
392 5 33.0 121.0997763533967
392 5 34.0 140.3006659547907
392 5 35.0 142.47443530848508
392 5 36.0 163.13617412224306
392 5 37.0 101.8292403531813
392 5 38.0 110.2646513757589
392 5 39.0 138.91404067948042
392 5 4.0 100.22187354260028
392 5 40.0 140.1197522369255
392 5 41.0 85.79976133356709
392 5 42.0 106.73954658943313
392 5 43.0 103.01693880441367
392 5 44.0 101.88195453857219
392 5 45.0 101.56479607906945
392 5 46.0 136.1664098049159
392 5 47.0 170.56901504947345
392 5 48.0 149.99078358988723
392 5 49.0 165.10655601051627
392 5 5.0 109.92134192900446
392 5 50.0 114.82372106262991
392 5 51.0 156.57494385716905
392 5 52.0 169.26893595829478
392 5 53.0 98.75400318090448
392 5 54.0 111.54004971520715
392 5 55.0 122.05930558162711
392 5 56.0 118.92721877537765
392 5 57.0 108.47348962241655
392 5 58.0 167.9632473578056
392 5 59.0 151.01691869234443
392 5 6.0 134.85187832371622
392 5 60.0 109.70434147958478
392 5 7.0 143.33890305368647
392 5 8.0 114.86544416792003
392 5 9.0 111.37196116644331
392 6 1.0 78.60643890336038
392 6 10.0 106.35193134706329
392 6 11.0 85.10741402283486
392 6 12.0 127.30933395186347
392 6 13.0 133.7838407994712
392 6 14.0 109.50384657575093
392 6 15.0 155.9064249664416
392 6 16.0 156.0274975219279
392 6 17.0 167.15407158561447
392 6 18.0 162.60918747984394
392 6 19.0 130.52513123520004
392 6 2.0 130.01598937209266
392 6 20.0 138.74384603772768
392 6 21.0 120.31777966958833
392 6 22.0 114.49515453259382
392 6 23.0 107.55853887310427
392 6 24.0 168.4733229831311
392 6 25.0 62.567230458618525
392 6 26.0 82.51509869796897
392 6 27.0 91.41903572561485
392 6 28.0 161.66976032174745
392 6 29.0 88.8212705464794
392 6 3.0 93.8550369267849
392 6 30.0 138.93435388373166
392 6 31.0 165.2276579112379
392 6 32.0 126.84259549836098
392 6 33.0 143.19330549161745
392 6 34.0 142.56614684892054
392 6 35.0 126.33658444110658
392 6 36.0 111.45103689778603
392 6 37.0 90.0167989627731
392 6 38.0 111.11003070280428
392 6 39.0 89.76488889637687
392 6 4.0 134.47307751896895
392 6 40.0 107.48763101700574
392 6 41.0 85.66128927202504
392 6 42.0 122.45413166695701
392 6 43.0 141.61245853860555
392 6 44.0 169.53294167320382
392 6 45.0 142.63060647644446
392 6 46.0 128.18037959156985
392 6 47.0 144.39988051629203
392 6 48.0 178.83521953909295
392 6 49.0 143.6876632227719
392 6 5.0 105.04034662039867
392 6 50.0 126.50642752771411
392 6 51.0 90.95472704931247
392 6 52.0 110.50614155871583
392 6 53.0 150.0639640305299
392 6 54.0 91.93998233210186
392 6 55.0 157.0822782095087
392 6 56.0 123.35565887167267
392 6 57.0 134.5243569793738
392 6 58.0 105.81870227736027
392 6 59.0 141.54415486081058
392 6 6.0 127.29616808588035
392 6 60.0 75.84815810857046
392 6 7.0 116.59060476995911
392 6 8.0 117.12944064912377
392 6 9.0 123.82107246231185
393 5 1.0 163.28587086688026
393 5 10.0 112.94502828240351
393 5 11.0 101.64321734207863
393 5 12.0 68.62004350597417
393 5 13.0 130.39851023475896
393 5 14.0 147.27879712373587
393 5 15.0 136.32056853515812
393 5 16.0 152.4429125604234
393 5 17.0 112.300741060539
393 5 18.0 113.89345657718657
393 5 19.0 145.73193998448446
393 5 2.0 94.5329932064816
393 5 20.0 124.1000304520905
393 5 21.0 84.79472104942325
393 5 22.0 118.657759582105
393 5 23.0 130.57377840786216
393 5 24.0 128.47522739217746
393 5 25.0 120.64735618077907
393 5 26.0 98.40258974713282
393 5 27.0 126.06423103320178
393 5 28.0 132.29172710158684
393 5 29.0 78.66676246324768
393 5 3.0 89.54411521625207
393 5 30.0 124.49242088614534
393 5 31.0 149.46597318981992
393 5 32.0 125.76502537469159
393 5 33.0 148.8504946490292
393 5 34.0 113.25732052006246
393 5 35.0 151.64631066132668
393 5 36.0 110.51408482298721
393 5 37.0 106.5861801570895
393 5 38.0 128.88954068044413
393 5 39.0 149.54479867090507
393 5 4.0 146.50221659878991
393 5 40.0 112.73792819547056
393 5 41.0 95.23894436808177
393 5 42.0 101.51218023812524
393 5 43.0 161.87303658688293
393 5 44.0 141.72170691850394
393 5 45.0 119.13104845840218
393 5 46.0 143.38770961623854
393 5 47.0 146.9832873457219
393 5 48.0 147.71926970217905
393 5 49.0 127.61839631360826
393 5 5.0 96.5430705992992
393 5 50.0 161.78477390668235
393 5 51.0 149.64676048941027
393 5 52.0 132.24434176287483
393 5 53.0 142.13396867469032
393 5 54.0 120.86910674214172
393 5 55.0 135.9298711791709
393 5 56.0 164.783784746847
393 5 57.0 120.24951791684776
393 5 58.0 168.66654761613316
393 5 59.0 159.83347629803777
393 5 6.0 124.88568742958856
393 5 60.0 103.96500794022954
393 5 7.0 101.85542276622432
393 5 8.0 158.75415989957298
393 5 9.0 86.25634151737569
393 6 1.0 129.63880234361278
393 6 10.0 114.09141888877144
393 6 11.0 148.24834180088624
393 6 12.0 109.36574714455377
393 6 13.0 144.65270366038624
393 6 14.0 120.4427374529493
393 6 15.0 171.35836794831073
393 6 16.0 174.7952508429264
393 6 17.0 99.85092404051602
393 6 18.0 161.544487091801
393 6 19.0 167.27096212423933
393 6 2.0 152.7486898163964
393 6 20.0 98.4534702764347
393 6 21.0 147.44486570302493
393 6 22.0 75.14799985548157
393 6 23.0 94.7238180508377
393 6 24.0 123.89126393870563
393 6 25.0 149.79420200409245
393 6 26.0 93.5054176411862
393 6 27.0 121.64175852664373
393 6 28.0 136.43919184487055
393 6 29.0 121.09870847680212
393 6 3.0 91.7744488183927
393 6 30.0 93.89396187449157
393 6 31.0 85.55677204003555
393 6 32.0 124.7537040263594
393 6 33.0 159.77443900813472
393 6 34.0 130.0326335119701
393 6 35.0 166.62566004714685
393 6 36.0 164.73524358719334
393 6 37.0 119.3846968912346
393 6 38.0 124.6517148701294
393 6 39.0 146.64367751966586
393 6 4.0 122.77283001064681
393 6 40.0 139.13696277673935
393 6 41.0 117.7084586478046
393 6 42.0 157.35788261048998
393 6 43.0 175.044925819822
393 6 44.0 151.82605060407244
393 6 45.0 87.80904760356147
393 6 46.0 97.6064006757074
393 6 47.0 162.0496580446115
393 6 48.0 155.46994465794384
393 6 49.0 124.03203848054771
393 6 5.0 109.12482639259605
393 6 50.0 150.33210808264033
393 6 51.0 124.67817162288961
393 6 52.0 82.13413768408006
393 6 53.0 164.72601500423852
393 6 54.0 102.01573881149795
393 6 55.0 148.12992532065002
393 6 56.0 132.83695544547786
393 6 57.0 98.09265342961673
393 6 58.0 112.15816138104938
393 6 59.0 126.29200935185305
393 6 6.0 129.15680223978364
393 6 60.0 126.9093025551907
393 6 7.0 138.34394230469871
393 6 8.0 156.2913863235291
393 6 9.0 174.7588508699827
394 5 1.0 129.98980507982066
394 5 10.0 143.1585056806439
394 5 11.0 125.1365968057709
394 5 12.0 119.68602840539204
394 5 13.0 105.38196755593344
394 5 14.0 103.62412333697661
394 5 15.0 145.8520933047306
394 5 16.0 93.012956308239
394 5 17.0 134.32614661735806
394 5 18.0 135.56340670190843
394 5 19.0 116.59406384637546
394 5 2.0 90.80237749005393
394 5 20.0 152.2091919746177
394 5 21.0 94.2231360550794
394 5 22.0 156.16963381429161
394 5 23.0 130.1012972296085
394 5 24.0 77.88161436897965
394 5 25.0 108.39815545450519
394 5 26.0 133.2770211423023
394 5 27.0 120.74101642267492
394 5 28.0 134.5315673689389
394 5 29.0 80.35402334709089
394 5 3.0 174.58452626292484
394 5 30.0 164.38729945033307
394 5 31.0 110.0505896232932
394 5 32.0 139.6152190856508
394 5 33.0 147.993908375406
394 5 34.0 151.72952926551608
394 5 35.0 69.97002710429624
394 5 36.0 84.9208379751652
394 5 37.0 114.80280748857336
394 5 38.0 105.33904082560169
394 5 39.0 105.73818600126016
394 5 4.0 143.14306704200385
394 5 40.0 141.3050514539846
394 5 41.0 111.25127975388475
394 5 42.0 125.29790279973784
394 5 43.0 130.03821555604858
394 5 44.0 111.28946839285692
394 5 45.0 138.8153772028792
394 5 46.0 118.34422686119724
394 5 47.0 115.42017848468362
394 5 48.0 170.58194864472017
394 5 49.0 111.6010231762865
394 5 5.0 101.64536412839254
394 5 50.0 79.75378523755029
394 5 51.0 151.17643511029613
394 5 52.0 154.1629144926643
394 5 53.0 132.917680785911
394 5 54.0 95.48091505808858
394 5 55.0 115.88822110086359
394 5 56.0 133.6104102711509
394 5 57.0 130.4199955166173
394 5 58.0 129.7644972554871
394 5 59.0 127.99014905716022
394 5 6.0 137.54579794881863
394 5 60.0 100.25601334551557
394 5 7.0 96.71811818259332
394 5 8.0 97.52539181009435
394 5 9.0 124.24483961675544
394 6 1.0 130.19122244839062
394 6 10.0 171.41054974604648
394 6 11.0 131.13612096517267
394 6 12.0 122.14175112887688
394 6 13.0 132.31202042355645
394 6 14.0 102.46933283250772
394 6 15.0 136.18150962133484
394 6 16.0 155.1815265513073
394 6 17.0 116.2609480354409
394 6 18.0 102.22402012596329
394 6 19.0 132.80446706547195
394 6 2.0 88.19325407873802
394 6 20.0 124.64421873012411
394 6 21.0 78.96282551258054
394 6 22.0 83.41262387594809
394 6 23.0 118.0426349982271
394 6 24.0 89.36573240527677
394 6 25.0 126.92980157941874
394 6 26.0 94.57120742897968
394 6 27.0 111.53513081442821
394 6 28.0 128.04891086111692
394 6 29.0 86.5605246684752
394 6 3.0 126.01185540536848
394 6 30.0 121.02168359842777
394 6 31.0 154.42586053944987
394 6 32.0 139.13016703475722
394 6 33.0 165.69817099134664
394 6 34.0 121.4701760966378
394 6 35.0 108.43466909623012
394 6 36.0 134.00533624061055
394 6 37.0 104.35246711644655
394 6 38.0 102.61284565614528
394 6 39.0 147.87096242490847
394 6 4.0 116.37487516606295
394 6 40.0 110.33023445163884
394 6 41.0 112.04173747858007
394 6 42.0 128.508901526017
394 6 43.0 112.31137545690677
394 6 44.0 135.8981664730572
394 6 45.0 80.0938917041384
394 6 46.0 108.79565918452114
394 6 47.0 120.26560649961675
394 6 48.0 114.87843504274059
394 6 49.0 143.66395724260622
394 6 5.0 139.89202046203917
394 6 50.0 142.39348022768763
394 6 51.0 161.45758826732927
394 6 52.0 145.47934952924467
394 6 53.0 102.75829979448972
394 6 54.0 89.84381648664935
394 6 55.0 151.71642488699982
394 6 56.0 123.64632054861481
394 6 57.0 69.58717270132271
394 6 58.0 97.53490343768561
394 6 59.0 122.51084228040854
394 6 6.0 125.09047249801559
394 6 60.0 77.88998256566454
394 6 7.0 127.78945432197018
394 6 8.0 108.17173473882889
394 6 9.0 109.93720592170736
395 5 1.0 116.33264556134402
395 5 10.0 85.46514155050303
395 5 11.0 110.39151664684891
395 5 12.0 88.75961303667124
395 5 13.0 117.65861318452794
395 5 14.0 81.96890881371243
395 5 15.0 147.70802213621988
395 5 16.0 89.43851127493275
395 5 17.0 168.44019069591698
395 5 18.0 83.7277411904479
395 5 19.0 114.20777419213147
395 5 2.0 169.19007576216714
395 5 20.0 118.53273218621882
395 5 21.0 119.27715460403812
395 5 22.0 143.41050888027408
395 5 23.0 139.9727474532303
395 5 24.0 128.69046100391802
395 5 25.0 81.37360561196061
395 5 26.0 106.21652897445061
395 5 27.0 109.21713852890744
395 5 28.0 158.8720352146858
395 5 29.0 101.7221649983628
395 5 3.0 102.98918857205652
395 5 30.0 158.79224529162715
395 5 31.0 120.1293106510565
395 5 32.0 133.86330841813466
395 5 33.0 173.69118353013351
395 5 34.0 111.41229071916588
395 5 35.0 156.22010228194205
395 5 36.0 99.93665224554339
395 5 37.0 102.00539276557326
395 5 38.0 99.625562774488
395 5 39.0 92.47587727693794
395 5 4.0 90.92404225764297
395 5 40.0 106.38889383922246
395 5 41.0 134.1262128465372
395 5 42.0 109.1731254420732
395 5 43.0 113.51610206122261
395 5 44.0 140.947110939903
395 5 45.0 157.1922112550583
395 5 46.0 154.75246137224238
395 5 47.0 138.2815340356665
395 5 48.0 114.00101645462425
395 5 49.0 130.6485008036305
395 5 5.0 146.57419641737482
395 5 50.0 123.66313158858193
395 5 51.0 124.86199403460306
395 5 52.0 131.84715771559135
395 5 53.0 111.1464975880537
395 5 54.0 88.87082697484999
395 5 55.0 159.403943846234
395 5 56.0 113.83611710824135
395 5 57.0 121.59692221087192
395 5 58.0 153.82938375357412
395 5 59.0 103.56560205612317
395 5 6.0 138.2988485290748
395 5 60.0 102.2579844600019
395 5 7.0 142.60653108052117
395 5 8.0 145.7710518209878
395 5 9.0 119.96288668099379
395 6 1.0 163.37798671592307
395 6 10.0 95.14568327833585
395 6 11.0 137.72672210298975
395 6 12.0 140.2202770445507
395 6 13.0 142.18192407083495
395 6 14.0 129.86130507211882
395 6 15.0 117.83354963565638
395 6 16.0 165.84389031309794
395 6 17.0 143.15022378434134
395 6 18.0 154.48495868422262
395 6 19.0 146.25808446820338
395 6 2.0 132.83071621232477
395 6 20.0 131.66007743422068
395 6 21.0 81.45547480003097
395 6 22.0 167.48229089278416
395 6 23.0 165.4473140091213
395 6 24.0 156.06465635242978
395 6 25.0 130.66464472354457
395 6 26.0 86.82285330160055
395 6 27.0 111.78950731240448
395 6 28.0 115.04361475841323
395 6 29.0 127.21503427530297
395 6 3.0 127.15729840404462
395 6 30.0 124.29982198102472
395 6 31.0 122.67165716004504
395 6 32.0 129.3650469856489
395 6 33.0 139.98721720865095
395 6 34.0 158.54879299510316
395 6 35.0 168.09567123758487
395 6 36.0 159.74309849425234
395 6 37.0 137.9573464067795
395 6 38.0 146.59195978433988
395 6 39.0 166.70503821645042
395 6 4.0 161.008214724776
395 6 40.0 136.96305593125555
395 6 41.0 103.5822143364354
395 6 42.0 159.01610840266096
395 6 43.0 154.39407784668703
395 6 44.0 144.35784515336823
395 6 45.0 108.68544866440817
395 6 46.0 117.10526858210307
395 6 47.0 75.97858865822532
395 6 48.0 132.06345363291405
395 6 49.0 161.75439515255084
395 6 5.0 165.58056397881944
395 6 50.0 147.06277209307214
395 6 51.0 91.63325109955986
395 6 52.0 168.6816892733445
395 6 53.0 81.80271092805995
395 6 54.0 89.06905032553306
395 6 55.0 159.448445360593
395 6 56.0 116.67860325326852
395 6 57.0 153.27328872065468
395 6 58.0 87.9985537841421
395 6 59.0 113.53131343115432
395 6 6.0 128.82583438560422
395 6 60.0 93.61796632106174
395 6 7.0 119.84350899046814
395 6 8.0 108.71882329341418
395 6 9.0 147.47637512046245
396 5 1.0 147.6785745698829
396 5 10.0 142.83769935870546
396 5 11.0 130.33111636609888
396 5 12.0 140.65174347212096
396 5 13.0 116.64840875444528
396 5 14.0 98.93460966957412
396 5 15.0 104.06487155908565
396 5 16.0 135.07413745953878
396 5 17.0 140.17769054733787
396 5 18.0 91.88733905125788
396 5 19.0 147.25309695456076
396 5 2.0 108.21945096978071
396 5 20.0 159.21187819184323
396 5 21.0 172.45444739353474
396 5 22.0 114.35694439343492
396 5 23.0 127.15054152073904
396 5 24.0 116.11409665290034
396 5 25.0 97.61040782658654
396 5 26.0 105.17993360001556
396 5 27.0 141.68139513447616
396 5 28.0 149.1211551025105
396 5 29.0 89.11937703922854
396 5 3.0 85.64287546014977
396 5 30.0 168.37231690940385
396 5 31.0 147.19821215731088
396 5 32.0 160.25426127200822
396 5 33.0 153.11300757947652
396 5 34.0 118.26745004763181
396 5 35.0 118.2120702494876
396 5 36.0 96.04833676889633
396 5 37.0 114.99750170666559
396 5 38.0 150.8067905019619
396 5 39.0 131.73625098937796
396 5 4.0 85.88201448154915
396 5 40.0 118.63009904226166
396 5 41.0 139.32028103609102
396 5 42.0 129.93758483156864
396 5 43.0 157.04147075008055
396 5 44.0 161.7291419259511
396 5 45.0 175.2468299352611
396 5 46.0 152.44910092701974
396 5 47.0 172.33237218795637
396 5 48.0 121.46891662929116
396 5 49.0 126.86239647039159
396 5 5.0 122.03456405362363
396 5 50.0 138.23422513248838
396 5 51.0 157.13054708864956
396 5 52.0 145.025331603465
396 5 53.0 154.2481760256219
396 5 54.0 117.06632546451937
396 5 55.0 137.7492658086199
396 5 56.0 117.51697418582692
396 5 57.0 116.86346971303652
396 5 58.0 131.62019013783262
396 5 59.0 128.8027591210691
396 5 6.0 153.59083877337153
396 5 60.0 100.67638522463362
396 5 7.0 95.53864408279922
396 5 8.0 135.076918877213
396 5 9.0 113.27769403329839
396 6 1.0 154.27501815950427
396 6 10.0 128.0308315549718
396 6 11.0 118.11051618748374
396 6 12.0 162.30647962296075
396 6 13.0 145.66560634949224
396 6 14.0 156.47426458423953
396 6 15.0 128.13128706547818
396 6 16.0 152.9475989427434
396 6 17.0 114.61360403051957
396 6 18.0 141.6314853266416
396 6 19.0 86.0136652503135
396 6 2.0 141.35735623832426
396 6 20.0 122.45064371603577
396 6 21.0 116.74522155620151
396 6 22.0 149.53127167125305
396 6 23.0 153.72715896169345
396 6 24.0 149.72011429307634
396 6 25.0 166.24366294089907
396 6 26.0 96.74144068721957
396 6 27.0 139.80251549365724
396 6 28.0 113.6484992046285
396 6 29.0 130.56275293757875
396 6 3.0 154.16064074532173
396 6 30.0 140.82558992372603
396 6 31.0 124.79689777844362
396 6 32.0 117.15161031515265
396 6 33.0 154.7143274629737
396 6 34.0 154.28482857238376
396 6 35.0 149.4166091704946
396 6 36.0 149.13672967862607
396 6 37.0 96.2858480943263
396 6 38.0 77.64213803185628
396 6 39.0 134.6235623719965
396 6 4.0 157.35163119512956
396 6 40.0 92.68933079702535
396 6 41.0 118.5479512392065
396 6 42.0 92.2011299620613
396 6 43.0 138.30633385636477
396 6 44.0 147.29037086372475
396 6 45.0 98.70098765503936
396 6 46.0 146.18368437868958
396 6 47.0 99.09944390642117
396 6 48.0 116.99630800424924
396 6 49.0 97.02247751519599
396 6 5.0 114.68052623926415
396 6 50.0 94.0665673566221
396 6 51.0 105.16731637739342
396 6 52.0 130.34217927149527
396 6 53.0 113.73574872794094
396 6 54.0 127.84174607979436
396 6 55.0 135.99939218247835
396 6 56.0 134.18356513634942
396 6 57.0 111.57378215833216
396 6 58.0 111.0828553271553
396 6 59.0 126.17892355425951
396 6 6.0 107.8378830459805
396 6 60.0 85.01317822650181
396 6 7.0 125.24535473415492
396 6 8.0 161.11155370093942
396 6 9.0 138.97783809922913
397 5 1.0 163.2579849373737
397 5 10.0 135.69385290973165
397 5 11.0 140.573340744107
397 5 12.0 97.10487751162839
397 5 13.0 159.65216311205373
397 5 14.0 142.00739120847734
397 5 15.0 124.5155997064168
397 5 16.0 135.5898457789618
397 5 17.0 165.8829451541972
397 5 18.0 119.10896968108254
397 5 19.0 156.36139468910616
397 5 2.0 152.71344191095196
397 5 20.0 145.64717063143394
397 5 21.0 115.83169061921751
397 5 22.0 134.95197895001965
397 5 23.0 151.5052261338466
397 5 24.0 88.97471504474937
397 5 25.0 166.2902879961117
397 5 26.0 117.0515278672409
397 5 27.0 122.13103011093392
397 5 28.0 113.9594749355309
397 5 29.0 143.3369770194388
397 5 3.0 140.76615267641054
397 5 30.0 131.45041179741463
397 5 31.0 86.80761782581598
397 5 32.0 97.41701950337699
397 5 33.0 136.17993670095896
397 5 34.0 94.91036991587961
397 5 35.0 118.04303997883913
397 5 36.0 92.82869742928536
397 5 37.0 103.68186930966552
397 5 38.0 133.07316405645807
397 5 39.0 120.08524458255027
397 5 4.0 145.50759930228006
397 5 40.0 145.2556259582547
397 5 41.0 147.34099632776037
397 5 42.0 144.5759425114744
397 5 43.0 146.78963683576498
397 5 44.0 103.81996515928729
397 5 45.0 104.02620300037053
397 5 46.0 168.50006853406956
397 5 47.0 131.31197607002804
397 5 48.0 142.33212422956132
397 5 49.0 131.57203579179452
397 5 5.0 121.68669772243491
397 5 50.0 121.32567116317009
397 5 51.0 159.2152141912226
397 5 52.0 144.59488128257664
397 5 53.0 88.6745310284274
397 5 54.0 90.60392425384823
397 5 55.0 154.4581744057131
397 5 56.0 153.73153495988578
397 5 57.0 87.04167184176927
397 5 58.0 149.66525551865504
397 5 59.0 129.32377508077258
397 5 6.0 115.5531585788644
397 5 60.0 97.72821912213823
397 5 7.0 97.98390944148179
397 5 8.0 113.46539053491698
397 5 9.0 130.34576171516292
397 6 1.0 132.21056067938608
397 6 10.0 141.6955009407569
397 6 11.0 75.75620246032132
397 6 12.0 154.9677770175664
397 6 13.0 136.5180529161143
397 6 14.0 136.08495861214635
397 6 15.0 103.8076949728094
397 6 16.0 169.14886102487816
397 6 17.0 139.62446400980627
397 6 18.0 153.47620524953888
397 6 19.0 156.87477875895325
397 6 2.0 109.28131618059035
397 6 20.0 128.25030447736475
397 6 21.0 123.94686917490407
397 6 22.0 89.72480994509553
397 6 23.0 113.32622082691272
397 6 24.0 164.086788242521
397 6 25.0 134.1449957881327
397 6 26.0 91.37288827971199
397 6 27.0 123.861870179754
397 6 28.0 136.05353095977182
397 6 29.0 117.91698922748495
397 6 3.0 147.26799246972575
397 6 30.0 127.33370916353118
397 6 31.0 139.47149742168804
397 6 32.0 112.88427405567944
397 6 33.0 119.72348251496021
397 6 34.0 157.1754281679154
397 6 35.0 154.6614399630454
397 6 36.0 110.68875537672777
397 6 37.0 155.66209663607464
397 6 38.0 163.4765896521208
397 6 39.0 133.76051460331928
397 6 4.0 139.40032311216427
397 6 40.0 84.01739731197792
397 6 41.0 144.29351849223437
397 6 42.0 129.18423592638038
397 6 43.0 132.25805190310032
397 6 44.0 162.21430350709954
397 6 45.0 110.59513902679957
397 6 46.0 117.51571682319971
397 6 47.0 121.53048946454724
397 6 48.0 141.3302422415481
397 6 49.0 120.45544471198153
397 6 5.0 122.26132250958375
397 6 50.0 133.64038248694916
397 6 51.0 102.3595997337919
397 6 52.0 138.45283431602573
397 6 53.0 155.2514110768971
397 6 54.0 129.39375329547275
397 6 55.0 126.98952081133817
397 6 56.0 95.79531125993196
397 6 57.0 134.75722643519515
397 6 58.0 116.42833220534405
397 6 59.0 164.57139243727707
397 6 6.0 84.50644538476908
397 6 60.0 121.79059672205496
397 6 7.0 156.49912140102825
397 6 8.0 88.1449133229719
397 6 9.0 123.97303199618143
398 5 1.0 118.22318217164701
398 5 10.0 118.60651543567445
398 5 11.0 70.77077614354715
398 5 12.0 116.97909252255235
398 5 13.0 98.81355030901572
398 5 14.0 134.00241012356187
398 5 15.0 114.6516662288633
398 5 16.0 132.29116618170775
398 5 17.0 131.0403972719015
398 5 18.0 117.92619528178982
398 5 19.0 122.83066112982758
398 5 2.0 120.27803227485299
398 5 20.0 163.31125595377495
398 5 21.0 135.9991769724218
398 5 22.0 123.21529024638609
398 5 23.0 76.88584987080156
398 5 24.0 157.36328078768096
398 5 25.0 117.0729281367941
398 5 26.0 85.00948418736729
398 5 27.0 161.3852334483623
398 5 28.0 117.00148131041038
398 5 29.0 103.07910956166441
398 5 3.0 145.77818567272018
398 5 30.0 148.93643473364506
398 5 31.0 113.73879071615609
398 5 32.0 116.77138183874877
398 5 33.0 128.6834268166353
398 5 34.0 131.49210931296128
398 5 35.0 146.03181913698197
398 5 36.0 139.4500165648227
398 5 37.0 118.48432185392849
398 5 38.0 114.29709391809975
398 5 39.0 104.93825986450247
398 5 4.0 99.51661986068316
398 5 40.0 104.00720033264345
398 5 41.0 144.30456575951317
398 5 42.0 106.30376961986573
398 5 43.0 144.34265036145942
398 5 44.0 171.92223244919725
398 5 45.0 107.03590443569823
398 5 46.0 86.02748283721546
398 5 47.0 133.63419068395316
398 5 48.0 106.90118242393866
398 5 49.0 130.6635790960178
398 5 5.0 94.09261556081645
398 5 50.0 99.06700309192627
398 5 51.0 174.29013356372963
398 5 52.0 150.4071727407724
398 5 53.0 96.8256963094501
398 5 54.0 87.66618393439852
398 5 55.0 139.30932229843657
398 5 56.0 89.65961374043592
398 5 57.0 113.81737857843332
398 5 58.0 173.59885533800562
398 5 59.0 132.2004306793233
398 5 6.0 92.20409594955754
398 5 60.0 156.12665589305445
398 5 7.0 114.86838395238983
398 5 8.0 143.44126466977823
398 5 9.0 124.90660221662772
398 6 1.0 95.14676717300323
398 6 10.0 152.9646243429119
398 6 11.0 144.31778635937604
398 6 12.0 100.2079369998148
398 6 13.0 131.43572544731708
398 6 14.0 142.76476415958763
398 6 15.0 130.82376632824958
398 6 16.0 143.1005509971847
398 6 17.0 126.98226225386567
398 6 18.0 138.16776263055397
398 6 19.0 131.1289894099508
398 6 2.0 113.32186879918824
398 6 20.0 100.78443590760243
398 6 21.0 171.20126613235996
398 6 22.0 139.66221401212488
398 6 23.0 90.02149451748475
398 6 24.0 146.45211567067813
398 6 25.0 170.9172963105506
398 6 26.0 115.40470137210053
398 6 27.0 119.85922793813212
398 6 28.0 127.44459183948962
398 6 29.0 146.15756302417947
398 6 3.0 173.82544080866458
398 6 30.0 129.81960032128856
398 6 31.0 140.60456333565395
398 6 32.0 104.37854961097199
398 6 33.0 140.01915150301727
398 6 34.0 148.56878195684072
398 6 35.0 162.43245009655274
398 6 36.0 118.47617073031138
398 6 37.0 131.50799532039238
398 6 38.0 128.08876509323565
398 6 39.0 160.75170347199574
398 6 4.0 127.62605195499977
398 6 40.0 111.7619092566683
398 6 41.0 140.48637651115914
398 6 42.0 128.90359442352167
398 6 43.0 117.93609765367077
398 6 44.0 110.76313700114423
398 6 45.0 174.72545461711246
398 6 46.0 108.95757600355432
398 6 47.0 108.67369049419885
398 6 48.0 131.3426391508424
398 6 49.0 105.38408696372471
398 6 5.0 145.4665297343967
398 6 50.0 112.97193764056247
398 6 51.0 147.32225391356187
398 6 52.0 167.48407823655117
398 6 53.0 160.87807093785023
398 6 54.0 100.19399464845425
398 6 55.0 164.58183352890183
398 6 56.0 119.70988015067523
398 6 57.0 115.905542293071
398 6 58.0 83.88857296434009
398 6 59.0 148.1005316674719
398 6 6.0 119.84999963203535
398 6 60.0 166.26984888136457
398 6 7.0 121.92590308519938
398 6 8.0 133.85383310034425
398 6 9.0 139.99218195053035
399 5 1.0 129.35664139339093
399 5 10.0 99.38655829519777
399 5 11.0 92.64265790399827
399 5 12.0 129.9274476597575
399 5 13.0 122.43089775037672
399 5 14.0 115.81055616008804
399 5 15.0 85.3152031418112
399 5 16.0 81.31614253103194
399 5 17.0 115.85760950960537
399 5 18.0 125.61746066108422
399 5 19.0 150.5454589474848
399 5 2.0 137.58899766966567
399 5 20.0 107.54398994835914
399 5 21.0 147.02214682295843
399 5 22.0 142.8196812733958
399 5 23.0 133.81991994118783
399 5 24.0 176.2509750931127
399 5 25.0 116.91149446263856
399 5 26.0 151.69737537448518
399 5 27.0 140.64855947782206
399 5 28.0 144.329752159777
399 5 29.0 122.69986551393471
399 5 3.0 142.21918897522596
399 5 30.0 142.36306239986226
399 5 31.0 77.61716501583629
399 5 32.0 170.75815185094447
399 5 33.0 162.2249025849955
399 5 34.0 77.05967511645729
399 5 35.0 95.88882214233558
399 5 36.0 117.12522038059241
399 5 37.0 122.20292359444575
399 5 38.0 112.66841650622614
399 5 39.0 117.67655702555392
399 5 4.0 112.84893748448741
399 5 40.0 127.72712631062585
399 5 41.0 146.17860824919637
399 5 42.0 100.51036787732583
399 5 43.0 134.2619289820726
399 5 44.0 125.12747521462825
399 5 45.0 135.70360271678504
399 5 46.0 144.8192480669914
399 5 47.0 100.51414334363466
399 5 48.0 168.94877516061595
399 5 49.0 169.49405217235224
399 5 5.0 96.63853176916062
399 5 50.0 143.69302060404138
399 5 51.0 134.83733940839974
399 5 52.0 140.05652183546707
399 5 53.0 140.22748876287557
399 5 54.0 108.46713681920663
399 5 55.0 119.82359637918451
399 5 56.0 154.95895146802684
399 5 57.0 79.35168552741753
399 5 58.0 172.80133753621678
399 5 59.0 128.1711945490669
399 5 6.0 138.4806535235117
399 5 60.0 160.87568162128733
399 5 7.0 96.2953190174187
399 5 8.0 105.88323747614504
399 5 9.0 167.04306260687767
399 6 1.0 76.36664093850796
399 6 10.0 146.88030095913743
399 6 11.0 143.94097345806372
399 6 12.0 132.3694566142186
399 6 13.0 110.0071014919211
399 6 14.0 114.7313342034086
399 6 15.0 152.9306111629631
399 6 16.0 149.96614950970343
399 6 17.0 159.20551477287086
399 6 18.0 113.74354036292681
399 6 19.0 148.2650353700227
399 6 2.0 130.72541289458908
399 6 20.0 128.22826530675502
399 6 21.0 99.11345075705184
399 6 22.0 134.75605129228094
399 6 23.0 106.03864225233846
399 6 24.0 146.04163798846525
399 6 25.0 77.59293145670314
399 6 26.0 115.06767517193144
399 6 27.0 98.16553851606119
399 6 28.0 122.0648645234412
399 6 29.0 74.61397565802979
399 6 3.0 129.89376384362276
399 6 30.0 124.99836851545685
399 6 31.0 133.58206928522796
399 6 32.0 139.35527508379806
399 6 33.0 145.01283508714198
399 6 34.0 164.10511130313262
399 6 35.0 97.48467014259435
399 6 36.0 146.40637570500303
399 6 37.0 163.99991449607936
399 6 38.0 74.99672200556567
399 6 39.0 163.1075347934084
399 6 4.0 115.47651072133004
399 6 40.0 102.46185516573583
399 6 41.0 101.39593838035756
399 6 42.0 89.22102257704361
399 6 43.0 173.32973320041296
399 6 44.0 176.9721356538626
399 6 45.0 86.17216209970763
399 6 46.0 99.05964085674442
399 6 47.0 138.37217035910365
399 6 48.0 107.63396615237401
399 6 49.0 129.12732897370813
399 6 5.0 105.94332524485294
399 6 50.0 109.06454674543
399 6 51.0 111.98590002289195
399 6 52.0 129.6226838140852
399 6 53.0 91.1624349861878
399 6 54.0 151.21325662801647
399 6 55.0 154.19318907086347
399 6 56.0 156.5294507004683
399 6 57.0 165.24382210103707
399 6 58.0 122.83687886783885
399 6 59.0 95.56659897577305
399 6 6.0 133.03504599343123
399 6 60.0 120.11127087302333
399 6 7.0 87.72705847967727
399 6 8.0 127.21746660156836
399 6 9.0 128.1850683184857
400 5 1.0 105.76957950610493
400 5 10.0 98.53059324377455
400 5 11.0 89.96706019615542
400 5 12.0 96.40047211972326
400 5 13.0 128.76320007239292
400 5 14.0 148.32112580788856
400 5 15.0 169.36360595068967
400 5 16.0 133.3052365024972
400 5 17.0 107.61739299133887
400 5 18.0 116.03584302955596
400 5 19.0 127.17463846148965
400 5 2.0 81.64169041874884
400 5 20.0 145.3861826714949
400 5 21.0 162.5489766173903
400 5 22.0 121.35848268358197
400 5 23.0 155.6957620299971
400 5 24.0 130.40365634475125
400 5 25.0 128.6541172066258
400 5 26.0 126.27639808427355
400 5 27.0 122.07445041425854
400 5 28.0 146.3992015488335
400 5 29.0 123.34799303865292
400 5 3.0 82.34659341594146
400 5 30.0 136.25343224655992
400 5 31.0 92.89541601725298
400 5 32.0 92.87651653918259
400 5 33.0 163.4835558427935
400 5 34.0 115.34835850132161
400 5 35.0 108.27692104491162
400 5 36.0 122.51219469848596
400 5 37.0 119.24177137409468
400 5 38.0 107.18082724750326
400 5 39.0 112.71352255044705
400 5 4.0 114.06237897056953
400 5 40.0 115.26823494650642
400 5 41.0 115.88294151277695
400 5 42.0 157.82030686137352
400 5 43.0 156.24943383948235
400 5 44.0 164.9572904029384
400 5 45.0 85.74906668641613
400 5 46.0 168.6724109000924
400 5 47.0 146.4080914154369
400 5 48.0 165.0646023625944
400 5 49.0 133.3061728251666
400 5 5.0 124.27391923585407
400 5 50.0 133.05591320193838
400 5 51.0 129.56295202450428
400 5 52.0 121.25054895991669
400 5 53.0 158.71520662788495
400 5 54.0 87.64567432677904
400 5 55.0 147.78449307328296
400 5 56.0 137.89076834060754
400 5 57.0 123.46749465722051
400 5 58.0 100.27809524733442
400 5 59.0 118.5000693783952
400 5 6.0 153.81600887432572
400 5 60.0 84.59254169545478
400 5 7.0 108.1126357504627
400 5 8.0 99.23852808044101
400 5 9.0 173.70720543080287
400 6 1.0 131.17235791972746
400 6 10.0 114.66429250119575
400 6 11.0 119.11964446515884
400 6 12.0 136.13213060716666
400 6 13.0 140.08584371017693
400 6 14.0 84.68815537487822
400 6 15.0 130.28308855463465
400 6 16.0 126.81423222708094
400 6 17.0 123.92921836187934
400 6 18.0 142.7063003661165
400 6 19.0 98.4440206458205
400 6 2.0 126.62088028479275
400 6 20.0 149.36152475584998
400 6 21.0 123.96250200974514
400 6 22.0 98.8807310006505
400 6 23.0 137.22569195933323
400 6 24.0 100.92378719844972
400 6 25.0 116.04075555274376
400 6 26.0 84.65071363415173
400 6 27.0 131.21973814876628
400 6 28.0 124.36514071329768
400 6 29.0 140.21478873812845
400 6 3.0 131.1215272677756
400 6 30.0 135.30649430589182
400 6 31.0 161.58136052523236
400 6 32.0 115.98701574059281
400 6 33.0 159.1351893612146
400 6 34.0 168.53578050246736
400 6 35.0 167.7794532876087
400 6 36.0 123.5293941608955
400 6 37.0 132.85035920212786
400 6 38.0 79.89455298972075
400 6 39.0 116.1332853943743
400 6 4.0 132.0434486456601
400 6 40.0 139.88553820372562
400 6 41.0 135.2811521898438
400 6 42.0 144.75482855948312
400 6 43.0 116.40477515994574
400 6 44.0 131.62639826308663
400 6 45.0 145.21467920142757
400 6 46.0 158.17691600737527
400 6 47.0 122.67494785627949
400 6 48.0 144.56287887624146
400 6 49.0 75.57168730717892
400 6 5.0 98.7545971680821
400 6 50.0 146.64931585857605
400 6 51.0 117.1563645092676
400 6 52.0 145.53771942201269
400 6 53.0 122.03120856900291
400 6 54.0 135.8342931506399
400 6 55.0 144.90261842569413
400 6 56.0 136.03095777611472
400 6 57.0 125.82424356868742
400 6 58.0 97.36809808290734
400 6 59.0 146.0343514007109
400 6 6.0 112.48479945047757
400 6 60.0 76.70215136576392
400 6 7.0 153.52386152889312
400 6 8.0 92.54863146572586
400 6 9.0 154.31141996603446
401 5 1.0 106.83821126778456
401 5 10.0 106.22802159376057
401 5 11.0 138.0281941287925
401 5 12.0 121.69659744996044
401 5 13.0 114.16650254044798
401 5 14.0 106.10654141473007
401 5 15.0 162.00744662592928
401 5 16.0 130.69302433867307
401 5 17.0 85.78361788447177
401 5 18.0 93.70931024865222
401 5 19.0 149.80862774752347
401 5 2.0 102.4548233181806
401 5 20.0 149.34189675133072
401 5 21.0 148.48926469869278
401 5 22.0 132.77035498338293
401 5 23.0 114.32450859456434
401 5 24.0 92.2250905493026
401 5 25.0 118.31163884931684
401 5 26.0 84.67694794657498
401 5 27.0 147.7967427943412
401 5 28.0 154.7964367087069
401 5 29.0 109.91202750023909
401 5 3.0 130.9092630092365
401 5 30.0 135.24545559123592
401 5 31.0 111.47446285830723
401 5 32.0 139.77027739931904
401 5 33.0 143.98680637995403
401 5 34.0 163.27299687172632
401 5 35.0 132.33578185734882
401 5 36.0 99.10132784632866
401 5 37.0 114.83535668661735
401 5 38.0 108.37358415648497
401 5 39.0 133.27816715235747
401 5 4.0 147.00876518004858
401 5 40.0 116.21705630450317
401 5 41.0 135.26292683377105
401 5 42.0 125.17728689435735
401 5 43.0 141.36012443478862
401 5 44.0 127.6936787214044
401 5 45.0 138.29215463976007
401 5 46.0 79.45293611466907
401 5 47.0 129.2687854971405
401 5 48.0 129.60993878605254
401 5 49.0 116.56603463405864
401 5 5.0 105.2470642367888
401 5 50.0 130.05464714928831
401 5 51.0 169.84356688419686
401 5 52.0 167.76938133297676
401 5 53.0 120.1455496648353
401 5 54.0 122.40905267375088
401 5 55.0 156.9336513955916
401 5 56.0 84.96825818525664
401 5 57.0 122.87572608468972
401 5 58.0 146.5876729448547
401 5 59.0 113.8586877941535
401 5 6.0 82.10693424016345
401 5 60.0 91.07690198930818
401 5 7.0 91.86957755749705
401 5 8.0 101.06309633515708
401 5 9.0 150.3070015302011
401 6 1.0 97.68941452663256
401 6 10.0 105.28974210607579
401 6 11.0 100.29277683995669
401 6 12.0 142.75245337078488
401 6 13.0 145.3687159514308
401 6 14.0 138.70847124880214
401 6 15.0 150.18119462993232
401 6 16.0 158.1353361864545
401 6 17.0 100.37358796074918
401 6 18.0 115.01449552237472
401 6 19.0 155.49169708291257
401 6 2.0 108.69143591515582
401 6 20.0 157.03466263136502
401 6 21.0 112.62353802367292
401 6 22.0 159.8667066703421
401 6 23.0 137.93398616547603
401 6 24.0 85.14315273341128
401 6 25.0 64.24680107929908
401 6 26.0 94.53050542637051
401 6 27.0 120.1827595019748
401 6 28.0 140.1837641498996
401 6 29.0 110.58609589393976
401 6 3.0 84.70677795554431
401 6 30.0 133.65482132235311
401 6 31.0 95.36300846890798
401 6 32.0 104.58866847282388
401 6 33.0 160.00832273382693
401 6 34.0 119.97708165820806
401 6 35.0 71.67043082051677
401 6 36.0 161.68265397255848
401 6 37.0 120.2242000867352
401 6 38.0 107.78639997237926
401 6 39.0 122.5920930122857
401 6 4.0 150.39408812123648
401 6 40.0 166.39443376231347
401 6 41.0 117.52964342408613
401 6 42.0 147.7590005055478
401 6 43.0 91.55036718489619
401 6 44.0 165.21336882667148
401 6 45.0 134.9250952974861
401 6 46.0 102.52194716800747
401 6 47.0 146.84798112478785
401 6 48.0 172.82413194450714
401 6 49.0 123.00110893168356
401 6 5.0 99.5900143632812
401 6 50.0 151.07403380590205
401 6 51.0 159.59379461304908
401 6 52.0 142.319470591669
401 6 53.0 91.71750230940403
401 6 54.0 76.31875110842897
401 6 55.0 127.87692537907407
401 6 56.0 117.15698638625166
401 6 57.0 96.50508852116918
401 6 58.0 117.96346223412588
401 6 59.0 149.31577121771753
401 6 6.0 139.32372655457914
401 6 60.0 80.71452093338647
401 6 7.0 116.62583823321893
401 6 8.0 150.91643540530077
401 6 9.0 173.38536299375244
402 5 1.0 123.29522670693926
402 5 10.0 123.75593267819714
402 5 11.0 143.8820518426339
402 5 12.0 96.69043768644151
402 5 13.0 121.69145199095928
402 5 14.0 142.35996689954857
402 5 15.0 115.78937378248906
402 5 16.0 151.35528188707042
402 5 17.0 177.30864039896693
402 5 18.0 102.67374556564262
402 5 19.0 119.80137090118707
402 5 2.0 98.73886465259176
402 5 20.0 136.22500529563135
402 5 21.0 88.12725668564477
402 5 22.0 136.42254325282664
402 5 23.0 151.328863894686
402 5 24.0 105.21286624226136
402 5 25.0 161.20966353071103
402 5 26.0 97.76754420078562
402 5 27.0 145.39906225425102
402 5 28.0 115.46255911071013
402 5 29.0 135.0220868382361
402 5 3.0 97.96127332889738
402 5 30.0 112.12883486590849
402 5 31.0 84.64758650450496
402 5 32.0 140.9542217230863
402 5 33.0 132.35723479399186
402 5 34.0 159.04871373990642
402 5 35.0 108.23705238195348
402 5 36.0 102.84798402222975
402 5 37.0 99.19675230434717
402 5 38.0 121.46872482715288
402 5 39.0 153.6033260563647
402 5 4.0 143.0143151178841
402 5 40.0 83.35429540029284
402 5 41.0 146.07004381081015
402 5 42.0 141.2141563568735
402 5 43.0 134.1384034718877
402 5 44.0 99.25699755529672
402 5 45.0 130.8912386726532
402 5 46.0 107.43574677733145
402 5 47.0 98.120018622982
402 5 48.0 139.68582518244176
402 5 49.0 151.27114515308077
402 5 5.0 124.13435869464777
402 5 50.0 169.39919023137966
402 5 51.0 164.35495172761412
402 5 52.0 148.02957954670924
402 5 53.0 127.61282033089844
402 5 54.0 157.5273557457596
402 5 55.0 141.36177111097595
402 5 56.0 131.1793703745193
402 5 57.0 130.99696855151691
402 5 58.0 99.2708147344467
402 5 59.0 156.63626697227008
402 5 6.0 162.2900184106106
402 5 60.0 84.96047596124136
402 5 7.0 142.31088381534002
402 5 8.0 123.81863638508351
402 5 9.0 125.93603440101099
402 6 1.0 138.1289629558884
402 6 10.0 112.05106066558827
402 6 11.0 88.14734969034164
402 6 12.0 122.52906969703392
402 6 13.0 116.18024408758312
402 6 14.0 91.811651766264
402 6 15.0 121.2555717818519
402 6 16.0 90.72259861548714
402 6 17.0 146.756651739649
402 6 18.0 97.86608061400568
402 6 19.0 154.30228565865193
402 6 2.0 108.47853681632766
402 6 20.0 133.51271636911423
402 6 21.0 105.92369684361543
402 6 22.0 123.13368752491286
402 6 23.0 102.59417535552443
402 6 24.0 109.8972799687715
402 6 25.0 123.44797611504096
402 6 26.0 88.7971238742856
402 6 27.0 114.24023522882588
402 6 28.0 147.69568917585462
402 6 29.0 151.59758527486554
402 6 3.0 146.9252389972782
402 6 30.0 172.31836110673083
402 6 31.0 135.76641955357096
402 6 32.0 118.55465313295441
402 6 33.0 138.92311725143225
402 6 34.0 148.79742905851512
402 6 35.0 151.24321868103684
402 6 36.0 162.38518027335672
402 6 37.0 141.8149662467309
402 6 38.0 166.54991615655004
402 6 39.0 106.70360129264184
402 6 4.0 108.29697072624663
402 6 40.0 142.9663461172283
402 6 41.0 130.83614900097837
402 6 42.0 116.10866378799467
402 6 43.0 103.76608847651246
402 6 44.0 128.65265538821637
402 6 45.0 112.62322427413007
402 6 46.0 128.45426767697467
402 6 47.0 127.78879163472978
402 6 48.0 148.43843294781036
402 6 49.0 110.09213477533869
402 6 5.0 101.0889340259816
402 6 50.0 130.75989988368482
402 6 51.0 131.90200131328427
402 6 52.0 140.09642349150621
402 6 53.0 133.82504881183934
402 6 54.0 89.18667187697253
402 6 55.0 145.38642040839576
402 6 56.0 144.3131768105493
402 6 57.0 107.02537112241725
402 6 58.0 131.223065959382
402 6 59.0 135.95689185606756
402 6 6.0 155.11760389887854
402 6 60.0 144.92127386670515
402 6 7.0 149.61100700856068
402 6 8.0 140.61566400586017
402 6 9.0 133.55263724369715
403 5 1.0 143.83366548032063
403 5 10.0 133.21870100338887
403 5 11.0 81.1342538487035
403 5 12.0 92.3400244175967
403 5 13.0 122.06818596384967
403 5 14.0 153.8593793607874
403 5 15.0 161.56157868932587
403 5 16.0 135.56261560582877
403 5 17.0 141.02869239864685
403 5 18.0 124.87842106180166
403 5 19.0 113.14930985822596
403 5 2.0 100.16456743429013
403 5 20.0 171.29302606991217
403 5 21.0 98.49631638898916
403 5 22.0 146.26423788858864
403 5 23.0 167.15708843835898
403 5 24.0 102.37100397475805
403 5 25.0 114.73555863313652
403 5 26.0 102.32959898397597
403 5 27.0 116.5147838177262
403 5 28.0 128.15268817403452
403 5 29.0 90.1054527746885
403 5 3.0 73.463391415824
403 5 30.0 137.60053158842055
403 5 31.0 115.35183252108253
403 5 32.0 127.55362710287605
403 5 33.0 159.83280226465487
403 5 34.0 106.1917743674981
403 5 35.0 162.31044385628326
403 5 36.0 122.24183752190127
403 5 37.0 116.42499978292156
403 5 38.0 113.13689541174901
403 5 39.0 91.37856947734181
403 5 4.0 117.99411098416307
403 5 40.0 131.87445285074259
403 5 41.0 145.3786120993691
403 5 42.0 129.37011864087447
403 5 43.0 146.49875191655468
403 5 44.0 102.9901344341582
403 5 45.0 96.73749664203888
403 5 46.0 128.06792186319726
403 5 47.0 150.66183915025434
403 5 48.0 129.54367308939632
403 5 49.0 122.23653727328055
403 5 5.0 111.94645671847714
403 5 50.0 106.04532698896533
403 5 51.0 142.4066473979995
403 5 52.0 138.30959574030675
403 5 53.0 143.63158064220482
403 5 54.0 94.63074482265635
403 5 55.0 129.74359062776188
403 5 56.0 174.5833794719957
403 5 57.0 90.8932551324959
403 5 58.0 135.99636187251255
403 5 59.0 150.38034740989477
403 5 6.0 153.67853785721508
403 5 60.0 79.13472427143572
403 5 7.0 102.42207505707063
403 5 8.0 98.43666124608643
403 5 9.0 158.72563827457216
403 6 1.0 128.65733950962516
403 6 10.0 108.90207602900644
403 6 11.0 107.16087432011277
403 6 12.0 155.1904055811083
403 6 13.0 160.8111390914644
403 6 14.0 120.5727319159483
403 6 15.0 139.94225231680383
403 6 16.0 163.72167639068468
403 6 17.0 114.59001256325524
403 6 18.0 141.8537156674932
403 6 19.0 109.99798838997538
403 6 2.0 118.54227928233362
403 6 20.0 90.48652048938398
403 6 21.0 112.02104699707917
403 6 22.0 73.52855213821155
403 6 23.0 79.50569889621148
403 6 24.0 116.86876140082181
403 6 25.0 155.1807579405823
403 6 26.0 102.79385371710828
403 6 27.0 142.6948523690116
403 6 28.0 123.27385652800042
403 6 29.0 136.81348768939537
403 6 3.0 142.31944760194725
403 6 30.0 96.92849813125852
403 6 31.0 94.8634323274382
403 6 32.0 133.85685014508695
403 6 33.0 126.34811485295506
403 6 34.0 178.02039683754063
403 6 35.0 106.79110356709796
403 6 36.0 132.93153842826112
403 6 37.0 87.41738284223591
403 6 38.0 111.53389145786767
403 6 39.0 86.37053981873356
403 6 4.0 139.64990889631676
403 6 40.0 133.30622431351296
403 6 41.0 129.32890423538174
403 6 42.0 92.8921611209393
403 6 43.0 155.64569915297045
403 6 44.0 98.72600442895128
403 6 45.0 83.74522248722376
403 6 46.0 116.46030502259995
403 6 47.0 132.4496258950474
403 6 48.0 117.8828689398094
403 6 49.0 121.62422202766649
403 6 5.0 113.5676693388429
403 6 50.0 147.17041172968604
403 6 51.0 117.47881619757099
403 6 52.0 112.97171692214128
403 6 53.0 143.0101834336445
403 6 54.0 118.13427248177696
403 6 55.0 132.60305480339144
403 6 56.0 129.47462851150135
403 6 57.0 148.35118439583127
403 6 58.0 86.63866879238118
403 6 59.0 134.31472710746147
403 6 6.0 154.92398536785922
403 6 60.0 114.25885931436264
403 6 7.0 104.32891353684987
403 6 8.0 111.25040713829749
403 6 9.0 119.74066832246515
404 5 1.0 172.67311432938683
404 5 10.0 165.68326612850132
404 5 11.0 128.8573641932879
404 5 12.0 87.78468513978673
404 5 13.0 143.56132494353946
404 5 14.0 123.84186923794077
404 5 15.0 139.15511933223212
404 5 16.0 162.98820714420293
404 5 17.0 179.64245711910283
404 5 18.0 132.59491982595713
404 5 19.0 152.51964898113323
404 5 2.0 101.7752701211255
404 5 20.0 113.56125757083885
404 5 21.0 148.25609801319635
404 5 22.0 120.34755806834654
404 5 23.0 123.91945246478576
404 5 24.0 101.15723734474089
404 5 25.0 170.7260273776668
404 5 26.0 121.05550670693671
404 5 27.0 114.87803919038294
404 5 28.0 137.10071914668245
404 5 29.0 109.39194294829291
404 5 3.0 102.98756136104555
404 5 30.0 120.61922824175662
404 5 31.0 87.94400908838459
404 5 32.0 140.7586185033775
404 5 33.0 121.1015567152054
404 5 34.0 132.78992630878764
404 5 35.0 148.30750344861514
404 5 36.0 93.53565889393198
404 5 37.0 98.18786062863947
404 5 38.0 102.88404086413989
404 5 39.0 127.68967418129395
404 5 4.0 90.5350815223972
404 5 40.0 127.36086525823278
404 5 41.0 108.78548222617461
404 5 42.0 94.94145440280471
404 5 43.0 111.14969234044682
404 5 44.0 116.85847544583937
404 5 45.0 100.85261963837067
404 5 46.0 102.95450358006812
404 5 47.0 114.93936355562214
404 5 48.0 150.8647217358316
404 5 49.0 170.89968400252505
404 5 5.0 97.79425942214107
404 5 50.0 121.85920611091815
404 5 51.0 136.86438792239582
404 5 52.0 153.4049477094847
404 5 53.0 107.87324518811039
404 5 54.0 92.77342160449972
404 5 55.0 139.03369993315147
404 5 56.0 163.22248309636709
404 5 57.0 114.64391227057175
404 5 58.0 105.9486433687309
404 5 59.0 147.9332845265053
404 5 6.0 108.00542286107829
404 5 60.0 89.24109225855214
404 5 7.0 113.45302266761384
404 5 8.0 91.01142245396605
404 5 9.0 79.23620619845791
404 6 1.0 155.1618087424878
404 6 10.0 101.54710138179533
404 6 11.0 143.97594486758697
404 6 12.0 145.57043484604378
404 6 13.0 160.0485052536278
404 6 14.0 154.9967157103736
404 6 15.0 160.34754496507674
404 6 16.0 151.15011238470495
404 6 17.0 120.4610709170924
404 6 18.0 155.83854159832626
404 6 19.0 166.86530961608793
404 6 2.0 96.4709829147078
404 6 20.0 76.17234383012683
404 6 21.0 159.76878847890455
404 6 22.0 136.0280849068648
404 6 23.0 75.43512620682816
404 6 24.0 160.01229581295814
404 6 25.0 142.88947708016838
404 6 26.0 103.83807204719203
404 6 27.0 123.13815757138146
404 6 28.0 120.0377013205045
404 6 29.0 101.63420221144247
404 6 3.0 118.71809888284307
404 6 30.0 98.55959950585849
404 6 31.0 159.73221814051496
404 6 32.0 138.67859215772495
404 6 33.0 162.7852231224758
404 6 34.0 157.99726556461195
404 6 35.0 137.11636826935165
404 6 36.0 127.9141184990026
404 6 37.0 147.42258592905117
404 6 38.0 120.24185005766077
404 6 39.0 70.53965060173479
404 6 4.0 137.92075529671905
404 6 40.0 104.28934331642942
404 6 41.0 99.12961939994338
404 6 42.0 119.13215077704103
404 6 43.0 115.63961275964704
404 6 44.0 103.57241664228903
404 6 45.0 156.6261402071091
404 6 46.0 122.08402194273242
404 6 47.0 159.6469392336128
404 6 48.0 136.0683138380484
404 6 49.0 111.57955812532042
404 6 5.0 94.10930762469913
404 6 50.0 133.08289914912177
404 6 51.0 147.6561443150998
404 6 52.0 126.77225721752666
404 6 53.0 138.19435205791996
404 6 54.0 115.51156982244414
404 6 55.0 135.65583486204662
404 6 56.0 138.26200032174341
404 6 57.0 117.58930139956637
404 6 58.0 175.87885565318993
404 6 59.0 118.32890349965886
404 6 6.0 87.43151442162828
404 6 60.0 85.23777483929446
404 6 7.0 133.43002266126507
404 6 8.0 137.75207466249583
404 6 9.0 105.80234746653299
405 5 1.0 139.68715759299312
405 5 10.0 107.58441635407891
405 5 11.0 107.38626582122431
405 5 12.0 123.03646282375801
405 5 13.0 130.9238766315669
405 5 14.0 134.4757381244691
405 5 15.0 149.502517229254
405 5 16.0 107.80157309033443
405 5 17.0 143.7076594086483
405 5 18.0 101.51755549945814
405 5 19.0 119.43941041447732
405 5 2.0 139.12395747274834
405 5 20.0 146.94063948263124
405 5 21.0 112.17028943200542
405 5 22.0 109.35547335816135
405 5 23.0 148.76332765944068
405 5 24.0 93.55137661639249
405 5 25.0 131.36102843064833
405 5 26.0 115.62499336272514
405 5 27.0 104.212563138259
405 5 28.0 147.0740754694941
405 5 29.0 87.93905421430944
405 5 3.0 98.51520360968875
405 5 30.0 114.73781431291611
405 5 31.0 114.74876560242946
405 5 32.0 105.4346622093578
405 5 33.0 117.24399844296322
405 5 34.0 129.45810368823845
405 5 35.0 103.46697485192053
405 5 36.0 174.81613995696335
405 5 37.0 101.38970444616054
405 5 38.0 134.10772929986499
405 5 39.0 135.88689724139437
405 5 4.0 110.96753258444696
405 5 40.0 99.15415138714552
405 5 41.0 156.0976972154176
405 5 42.0 105.70271137914789
405 5 43.0 166.00694254483415
405 5 44.0 105.03624237360795
405 5 45.0 166.72772096433894
405 5 46.0 124.03705757965349
405 5 47.0 85.73158462632809
405 5 48.0 131.70160176993846
405 5 49.0 121.25052023460852
405 5 5.0 99.0569813314737
405 5 50.0 116.64712034367028
405 5 51.0 134.96285657456983
405 5 52.0 140.22399153770016
405 5 53.0 90.70443121363523
405 5 54.0 123.9489843481703
405 5 55.0 151.30193997211623
405 5 56.0 92.88653377561461
405 5 57.0 98.88056469267923
405 5 58.0 153.51585873545434
405 5 59.0 113.72605979699074
405 5 6.0 162.66103609151367
405 5 60.0 93.63429522268655
405 5 7.0 123.72350546721187
405 5 8.0 136.01368792131615
405 5 9.0 143.42202340018582
405 6 1.0 162.4934069435233
405 6 10.0 174.35460773109284
405 6 11.0 107.21861854204704
405 6 12.0 124.29676701224825
405 6 13.0 95.061345017093
405 6 14.0 121.83706578075757
405 6 15.0 120.8834549742642
405 6 16.0 100.3327988688989
405 6 17.0 111.783652227559
405 6 18.0 98.96972958418172
405 6 19.0 140.59740331672361
405 6 2.0 131.2051999947285
405 6 20.0 144.99420000864876
405 6 21.0 91.74827963537952
405 6 22.0 123.52663639917763
405 6 23.0 169.67393082475564
405 6 24.0 104.08472749355846
405 6 25.0 90.07397913547766
405 6 26.0 122.78067879072209
405 6 27.0 136.42277581527156
405 6 28.0 146.81292637815872
405 6 29.0 80.32598609310995
405 6 3.0 145.39597714639808
405 6 30.0 99.9112949389852
405 6 31.0 126.20205794689406
405 6 32.0 136.88797843379865
405 6 33.0 126.0301989827498
405 6 34.0 120.6797253750697
405 6 35.0 169.7067103236557
405 6 36.0 154.93707378820673
405 6 37.0 155.03152010292962
405 6 38.0 124.32776146031097
405 6 39.0 76.4583481220472
405 6 4.0 123.86742571824853
405 6 40.0 106.61887693820415
405 6 41.0 147.96890536733812
405 6 42.0 145.36798359601752
405 6 43.0 85.45053203391548
405 6 44.0 154.59058387349472
405 6 45.0 114.81736365220641
405 6 46.0 110.03768094651087
405 6 47.0 171.5817349700922
405 6 48.0 165.87138910003148
405 6 49.0 107.5431430206906
405 6 5.0 122.12946421565398
405 6 50.0 134.8667707308902
405 6 51.0 137.91792344296712
405 6 52.0 151.15321348642476
405 6 53.0 161.47645580452644
405 6 54.0 163.75992198022382
405 6 55.0 153.0612747859682
405 6 56.0 129.54302520830493
405 6 57.0 119.36318637312681
405 6 58.0 93.58729526581597
405 6 59.0 107.30050113429895
405 6 6.0 136.9571503997745
405 6 60.0 96.1263100497524
405 6 7.0 133.57823789440755
405 6 8.0 135.11678896755495
405 6 9.0 157.2683212238486
406 5 1.0 143.20573384396062
406 5 10.0 104.7604650562446
406 5 11.0 96.80494287058265
406 5 12.0 110.81726715954551
406 5 13.0 169.09130537735803
406 5 14.0 110.92639503953377
406 5 15.0 119.72844308510935
406 5 16.0 124.69615853217611
406 5 17.0 166.05826966385487
406 5 18.0 113.62819535377365
406 5 19.0 128.6459935120438
406 5 2.0 111.6570385301294
406 5 20.0 164.7773767883325
406 5 21.0 116.06942341353906
406 5 22.0 119.86915245268189
406 5 23.0 128.94254170809168
406 5 24.0 115.42561362471058
406 5 25.0 125.16759587655066
406 5 26.0 90.24494277403723
406 5 27.0 111.2569875867918
406 5 28.0 112.43883205687357
406 5 29.0 122.33897505762334
406 5 3.0 120.39977255604106
406 5 30.0 158.81356997257294
406 5 31.0 121.8545714890067
406 5 32.0 106.9012489832455
406 5 33.0 130.3237437691407
406 5 34.0 113.38309353165218
406 5 35.0 142.08939100995917
406 5 36.0 110.31605417545669
406 5 37.0 111.13521973875268
406 5 38.0 106.27544840943241
406 5 39.0 95.37417956932462
406 5 4.0 104.76753963495794
406 5 40.0 117.89069083068215
406 5 41.0 137.64937496549223
406 5 42.0 128.49427841503996
406 5 43.0 130.4903522614151
406 5 44.0 90.15366437559244
406 5 45.0 77.90360038275146
406 5 46.0 142.56380624633593
406 5 47.0 129.73495592958483
406 5 48.0 122.9083281314326
406 5 49.0 150.68026457749804
406 5 5.0 127.54646495276701
406 5 50.0 116.0401193055895
406 5 51.0 171.74995135207556
406 5 52.0 141.01682975108767
406 5 53.0 156.5391079120539
406 5 54.0 96.57002875170967
406 5 55.0 107.98619771794807
406 5 56.0 151.11164835898023
406 5 57.0 90.48772960265129
406 5 58.0 146.53735667410405
406 5 59.0 139.3890022523942
406 5 6.0 154.268103813899
406 5 60.0 131.57629115771286
406 5 7.0 105.7898941998076
406 5 8.0 92.68773690850345
406 5 9.0 85.1449638687528
406 6 1.0 159.9068273852594
406 6 10.0 108.257416014701
406 6 11.0 122.845710227547
406 6 12.0 165.32208274900455
406 6 13.0 152.90482383577464
406 6 14.0 98.25466434586777
406 6 15.0 175.46701344262465
406 6 16.0 169.40618541861357
406 6 17.0 115.27339649478425
406 6 18.0 75.6300074094234
406 6 19.0 165.41728565735744
406 6 2.0 104.99690299398218
406 6 20.0 103.90937165006467
406 6 21.0 97.67586631390799
406 6 22.0 123.3235684335443
406 6 23.0 104.9555899031674
406 6 24.0 157.31355477965766
406 6 25.0 86.97752825274597
406 6 26.0 138.827605546613
406 6 27.0 114.21261143360505
406 6 28.0 153.95592895222526
406 6 29.0 106.71471818623026
406 6 3.0 113.07703633939586
406 6 30.0 140.48037699657075
406 6 31.0 139.61951793912968
406 6 32.0 127.38064672420111
406 6 33.0 153.72692250441332
406 6 34.0 161.32932984492996
406 6 35.0 127.25566125639003
406 6 36.0 95.91098247956216
406 6 37.0 140.31601750582286
406 6 38.0 130.37353693426536
406 6 39.0 114.05676960805296
406 6 4.0 149.6547269355001
406 6 40.0 145.28503697852565
406 6 41.0 124.92592416365008
406 6 42.0 103.67802571228114
406 6 43.0 111.9801134872656
406 6 44.0 143.2405162643263
406 6 45.0 161.97939015931024
406 6 46.0 80.96319233650989
406 6 47.0 95.11892296254558
406 6 48.0 130.53314063877974
406 6 49.0 137.0051087718358
406 6 5.0 154.1439958906231
406 6 50.0 159.2532133185854
406 6 51.0 113.64709853582592
406 6 52.0 94.33839498681805
406 6 53.0 117.76000828615132
406 6 54.0 150.43453793955544
406 6 55.0 150.72766039699877
406 6 56.0 126.39024884137163
406 6 57.0 74.91342454893959
406 6 58.0 91.63786179344773
406 6 59.0 112.6138444777846
406 6 6.0 106.74000266041784
406 6 60.0 138.47499821458763
406 6 7.0 124.09481953463003
406 6 8.0 126.91192565581039
406 6 9.0 162.17485719991657
407 5 1.0 127.9708676401916
407 5 10.0 125.31285211811168
407 5 11.0 123.93922364064578
407 5 12.0 86.24561184649254
407 5 13.0 137.22549393302066
407 5 14.0 119.73200404776237
407 5 15.0 100.88485912256947
407 5 16.0 112.30315396915022
407 5 17.0 164.22938938115632
407 5 18.0 112.11842843501157
407 5 19.0 105.1635287631025
407 5 2.0 124.70090584269353
407 5 20.0 116.04633193149765
407 5 21.0 122.41371615088913
407 5 22.0 146.78939997998987
407 5 23.0 118.68490074162592
407 5 24.0 122.31692467770941
407 5 25.0 127.56898280857314
407 5 26.0 95.87133651868128
407 5 27.0 165.71769262781925
407 5 28.0 124.74546444908196
407 5 29.0 139.2584204967074
407 5 3.0 94.44141148716605
407 5 30.0 145.68697315468202
407 5 31.0 119.89490482681893
407 5 32.0 88.95685503899858
407 5 33.0 153.79978243465405
407 5 34.0 132.67339392458032
407 5 35.0 123.50990617009455
407 5 36.0 144.48290535899153
407 5 37.0 97.6235093341434
407 5 38.0 116.82630240379198
407 5 39.0 127.06949353452477
407 5 4.0 78.71512740285941
407 5 40.0 139.29438194179824
407 5 41.0 128.03112986274354
407 5 42.0 152.395877087101
407 5 43.0 113.45023308975728
407 5 44.0 135.29105256881883
407 5 45.0 158.09563043561613
407 5 46.0 90.11145816022845
407 5 47.0 156.82932367199027
407 5 48.0 120.91402254448745
407 5 49.0 117.76588772231503
407 5 5.0 171.1285940603995
407 5 50.0 140.01831056589666
407 5 51.0 168.49568158917373
407 5 52.0 124.8825653653219
407 5 53.0 141.5132051461689
407 5 54.0 125.94637091437578
407 5 55.0 135.87877109925256
407 5 56.0 134.33577072540575
407 5 57.0 101.7299420261606
407 5 58.0 119.66649420944277
407 5 59.0 155.57836835078314
407 5 6.0 129.50684038187845
407 5 60.0 125.22138593743028
407 5 7.0 100.18570505629958
407 5 8.0 163.25570270208513
407 5 9.0 91.04633421626474
407 6 1.0 97.75161345898736
407 6 10.0 128.16972167536545
407 6 11.0 143.81671424803181
407 6 12.0 137.14066720129253
407 6 13.0 171.3981684021298
407 6 14.0 126.26641967641532
407 6 15.0 159.92071189785733
407 6 16.0 168.95611071641008
407 6 17.0 138.47430306740642
407 6 18.0 126.47353296357191
407 6 19.0 120.2736506227838
407 6 2.0 105.40506671083644
407 6 20.0 121.97965861488338
407 6 21.0 96.17263133844511
407 6 22.0 93.90430746158289
407 6 23.0 99.50237980163588
407 6 24.0 126.62685482870745
407 6 25.0 111.02520362649777
407 6 26.0 92.40608633635722
407 6 27.0 97.2313529428342
407 6 28.0 139.96389073463735
407 6 29.0 110.37593231118049
407 6 3.0 100.47662115943714
407 6 30.0 136.77335048971867
407 6 31.0 144.1882866363651
407 6 32.0 123.02225054387604
407 6 33.0 153.8167086657219
407 6 34.0 93.85239806538272
407 6 35.0 106.28738568305806
407 6 36.0 145.95670861628054
407 6 37.0 133.65090733567646
407 6 38.0 101.30404726897912
407 6 39.0 101.95002901529129
407 6 4.0 165.51465722867354
407 6 40.0 130.5916131673612
407 6 41.0 118.70319151377393
407 6 42.0 127.16583354579505
407 6 43.0 115.03748363899378
407 6 44.0 165.02670246213896
407 6 45.0 108.12552981928792
407 6 46.0 88.94624218417086
407 6 47.0 152.13168474004243
407 6 48.0 168.4233462435824
407 6 49.0 123.67374432072091
407 6 5.0 143.10558343605092
407 6 50.0 178.59377917774654
407 6 51.0 69.57140112131127
407 6 52.0 169.8152737131004
407 6 53.0 122.37459555864447
407 6 54.0 127.80713292903881
407 6 55.0 165.00335215743257
407 6 56.0 109.94806977310519
407 6 57.0 100.26830266174882
407 6 58.0 96.41619692712996
407 6 59.0 154.6597856684554
407 6 6.0 104.74562668573506
407 6 60.0 179.23421277584433
407 6 7.0 141.54272291438295
407 6 8.0 141.09902608262473
407 6 9.0 129.4956981962351
408 5 1.0 110.50358533372842
408 5 10.0 151.65796410684428
408 5 11.0 150.57403173785465
408 5 12.0 126.79546107715272
408 5 13.0 132.83108021270422
408 5 14.0 99.65725661543152
408 5 15.0 130.22716070987045
408 5 16.0 93.5406666023163
408 5 17.0 175.4155474559266
408 5 18.0 99.35266431544734
408 5 19.0 165.4283467127157
408 5 2.0 122.62325808453839
408 5 20.0 129.25868243928653
408 5 21.0 118.95948934226618
408 5 22.0 118.56136353023669
408 5 23.0 98.25397279189622
408 5 24.0 93.60912445836769
408 5 25.0 122.66836832882427
408 5 26.0 93.56839353714868
408 5 27.0 172.25445617343516
408 5 28.0 138.0782214945363
408 5 29.0 113.28123381050479
408 5 3.0 104.53056408638946
408 5 30.0 121.50569633992365
408 5 31.0 76.48739822639021
408 5 32.0 140.46269953941732
408 5 33.0 129.5658726710276
408 5 34.0 113.32149483404352
408 5 35.0 112.60998714881399
408 5 36.0 126.74894386171816
408 5 37.0 112.26379008822624
408 5 38.0 124.10149918229189
408 5 39.0 121.70601518592596
408 5 4.0 146.76713185172557
408 5 40.0 157.660685159787
408 5 41.0 112.59926525882068
408 5 42.0 136.89946270608488
408 5 43.0 108.60673305996946
408 5 44.0 135.69318671020835
408 5 45.0 141.1736053801392
408 5 46.0 105.57295052374265
408 5 47.0 97.52189608465343
408 5 48.0 111.26240171542665
408 5 49.0 146.55609007647215
408 5 5.0 105.54434007664192
408 5 50.0 97.78862876046455
408 5 51.0 108.95852499592534
408 5 52.0 158.25189348420187
408 5 53.0 82.85891570584519
408 5 54.0 109.41163678637727
408 5 55.0 154.63399567982023
408 5 56.0 138.21770933859068
408 5 57.0 142.39857619648467
408 5 58.0 145.86886954373944
408 5 59.0 153.25893678011647
408 5 6.0 139.18906087306976
408 5 60.0 91.88163418353027
408 5 7.0 147.8593831810244
408 5 8.0 105.29339804818375
408 5 9.0 97.63697337212125
408 6 1.0 148.57419349581582
408 6 10.0 106.5465049080876
408 6 11.0 110.86081106844348
408 6 12.0 167.79471391838726
408 6 13.0 152.36000554245172
408 6 14.0 98.774378951977
408 6 15.0 165.02668185361443
408 6 16.0 103.29670974321981
408 6 17.0 134.83019040662631
408 6 18.0 141.74162450898166
408 6 19.0 152.40399037628168
408 6 2.0 114.36573934017399
408 6 20.0 175.82619012750672
408 6 21.0 105.55604836450952
408 6 22.0 150.2431854519533
408 6 23.0 128.41884486391604
408 6 24.0 81.0877744688007
408 6 25.0 153.85906460012595
408 6 26.0 87.5367411098684
408 6 27.0 114.26346667244962
408 6 28.0 140.6569731127014
408 6 29.0 135.6374299222735
408 6 3.0 97.52583520741548
408 6 30.0 144.34127865124074
408 6 31.0 153.29356648860417
408 6 32.0 122.94057023471746
408 6 33.0 129.65589862638896
408 6 34.0 105.81443082327061
408 6 35.0 117.7872750046079
408 6 36.0 140.93558281898316
408 6 37.0 132.69784622280932
408 6 38.0 82.56232033991687
408 6 39.0 147.77524925342618
408 6 4.0 106.46053858283167
408 6 40.0 118.76374304915402
408 6 41.0 116.29893561037403
408 6 42.0 119.8325045120402
408 6 43.0 128.17274849785895
408 6 44.0 148.94029186155547
408 6 45.0 144.79487667654547
408 6 46.0 90.4087903202461
408 6 47.0 171.33462082376192
408 6 48.0 106.03405425661091
408 6 49.0 114.20028838569367
408 6 5.0 133.97687370676263
408 6 50.0 123.51009331134121
408 6 51.0 141.80806726216494
408 6 52.0 112.86045735891528
408 6 53.0 85.5508409537453
408 6 54.0 86.8658656944103
408 6 55.0 144.7149819161716
408 6 56.0 101.50097153665007
408 6 57.0 122.30389505851961
408 6 58.0 95.54380639177514
408 6 59.0 101.63809891152123
408 6 6.0 101.26917458008984
408 6 60.0 93.05255338057128
408 6 7.0 119.35625175409895
408 6 8.0 130.4555983303862
408 6 9.0 91.98743032559824
409 5 1.0 167.87704064441098
409 5 10.0 158.71701976332005
409 5 11.0 123.97513238039032
409 5 12.0 103.96307329361787
409 5 13.0 117.67531724078582
409 5 14.0 137.92862998654127
409 5 15.0 122.75897424707856
409 5 16.0 138.6231936900832
409 5 17.0 104.71885542361642
409 5 18.0 114.37248231104853
409 5 19.0 119.45101356506494
409 5 2.0 91.36988113145824
409 5 20.0 118.39316011024913
409 5 21.0 125.26961646987253
409 5 22.0 135.7863183369948
409 5 23.0 132.72726541155365
409 5 24.0 83.74261185218806
409 5 25.0 125.88495042210697
409 5 26.0 144.00634562586993
409 5 27.0 139.74703496611244
409 5 28.0 133.12872176965166
409 5 29.0 117.15867817589495
409 5 3.0 143.33816413496507
409 5 30.0 124.82341159038963
409 5 31.0 117.18768519381375
409 5 32.0 134.03137187349958
409 5 33.0 110.51973920962325
409 5 34.0 109.76955001867128
409 5 35.0 158.42329051211212
409 5 36.0 86.75272360639298
409 5 37.0 101.69381239933183
409 5 38.0 129.33601116432865
409 5 39.0 146.91853611775318
409 5 4.0 99.3560671233483
409 5 40.0 95.0744804811335
409 5 41.0 139.35065818743442
409 5 42.0 117.0576257629149
409 5 43.0 170.6074539092083
409 5 44.0 135.20734692828552
409 5 45.0 153.47840490079642
409 5 46.0 107.27526690302716
409 5 47.0 114.24512217597984
409 5 48.0 144.51493497040045
409 5 49.0 140.11470056910449
409 5 5.0 89.08035179985201
409 5 50.0 89.54628852505375
409 5 51.0 173.60325386332661
409 5 52.0 121.41750382577061
409 5 53.0 135.25236652707926
409 5 54.0 126.5821353525206
409 5 55.0 147.35719420522022
409 5 56.0 156.88308868160584
409 5 57.0 89.50401199050778
409 5 58.0 128.17299309549034
409 5 59.0 161.41884382748106
409 5 6.0 128.43865434313506
409 5 60.0 163.6415337794149
409 5 7.0 99.67561597582684
409 5 8.0 104.41514023699092
409 5 9.0 110.35639488134534
409 6 1.0 130.7423404430078
409 6 10.0 109.19106965856717
409 6 11.0 122.4747875769395
409 6 12.0 94.74663422532248
409 6 13.0 131.14677459985091
409 6 14.0 141.26166250446704
409 6 15.0 176.55462187092107
409 6 16.0 167.35370022757405
409 6 17.0 111.62637792729215
409 6 18.0 116.91348877867577
409 6 19.0 88.6268719388015
409 6 2.0 116.63161669493456
409 6 20.0 125.13290213832526
409 6 21.0 72.73424910396817
409 6 22.0 138.0590034766543
409 6 23.0 102.93258143524392
409 6 24.0 103.49878369042469
409 6 25.0 98.2459921178215
409 6 26.0 89.56134965444382
409 6 27.0 127.47026289378068
409 6 28.0 145.11936784271614
409 6 29.0 131.21061373434188
409 6 3.0 111.61745953318561
409 6 30.0 152.57072329442266
409 6 31.0 148.93341108397678
409 6 32.0 128.87572745970905
409 6 33.0 122.92379403889537
409 6 34.0 126.39415044143135
409 6 35.0 126.98798437286273
409 6 36.0 126.08253069076157
409 6 37.0 137.8587422026819
409 6 38.0 106.26790152782797
409 6 39.0 124.52783246397183
409 6 4.0 111.31220576258795
409 6 40.0 118.85268372508837
409 6 41.0 86.34400916472781
409 6 42.0 130.692677479095
409 6 43.0 133.59362383842563
409 6 44.0 120.30853337774731
409 6 45.0 129.0499974160682
409 6 46.0 95.6554475038168
409 6 47.0 135.3204025132601
409 6 48.0 132.88920552426225
409 6 49.0 74.7839708689049
409 6 5.0 135.34882739781258
409 6 50.0 117.18585975105658
409 6 51.0 119.14658690882277
409 6 52.0 156.8293205581069
409 6 53.0 135.15795799410563
409 6 54.0 88.34487977679537
409 6 55.0 127.4728045839464
409 6 56.0 160.7975574183737
409 6 57.0 143.04748384400216
409 6 58.0 94.02194805648922
409 6 59.0 134.31075903061506
409 6 6.0 160.23754516217295
409 6 60.0 79.80239862058568
409 6 7.0 115.50101563514863
409 6 8.0 92.03529521370235
409 6 9.0 105.50485541872472
410 5 1.0 109.54655238676297
410 5 10.0 135.59142664198808
410 5 11.0 123.3867477775541
410 5 12.0 116.28878708031263
410 5 13.0 100.63338898179192
410 5 14.0 139.9236593597495
410 5 15.0 102.32318439581177
410 5 16.0 114.03542099987287
410 5 17.0 136.91939182361085
410 5 18.0 121.40737010775821
410 5 19.0 104.42765301157466
410 5 2.0 125.46020545475378
410 5 20.0 152.39466577182708
410 5 21.0 114.37389067393624
410 5 22.0 158.60010924118592
410 5 23.0 106.94532096352884
410 5 24.0 142.4757334289671
410 5 25.0 127.86064735440807
410 5 26.0 92.49649011792337
410 5 27.0 128.77602473146948
410 5 28.0 167.27941498533136
410 5 29.0 92.43197767715462
410 5 3.0 150.12363865401
410 5 30.0 163.31495743685187
410 5 31.0 164.95776975588578
410 5 32.0 154.75471561421463
410 5 33.0 120.18542345161778
410 5 34.0 137.63352355555287
410 5 35.0 170.85366220671875
410 5 36.0 103.01992354643401
410 5 37.0 104.18834963425066
410 5 38.0 122.06287909831671
410 5 39.0 128.4403694247104
410 5 4.0 96.41687691724718
410 5 40.0 101.90359352794786
410 5 41.0 149.6962617325545
410 5 42.0 145.57722088825656
410 5 43.0 116.88733897131503
410 5 44.0 131.45482605018574
410 5 45.0 120.49186090756979
410 5 46.0 123.60603537963486
410 5 47.0 130.83439696499792
410 5 48.0 118.89406890243055
410 5 49.0 116.77756981984476
410 5 5.0 89.50100381206832
410 5 50.0 143.97053317983705
410 5 51.0 121.36743403792308
410 5 52.0 171.68675800878344
410 5 53.0 125.0403171399349
410 5 54.0 101.55310500052231
410 5 55.0 135.23008268684038
410 5 56.0 177.5036661857141
410 5 57.0 111.38437138826694
410 5 58.0 153.56430249146075
410 5 59.0 127.48595884001463
410 5 6.0 95.09348850617552
410 5 60.0 136.73880135081328
410 5 7.0 105.74772827894449
410 5 8.0 128.55393075556734
410 5 9.0 97.17216725639511
410 6 1.0 141.85891157901915
410 6 10.0 150.37780116299575
410 6 11.0 94.36336430481236
410 6 12.0 106.74516218056395
410 6 13.0 157.05011018188975
410 6 14.0 136.97865942855051
410 6 15.0 168.6128757710006
410 6 16.0 129.75943700124532
410 6 17.0 95.90807298882781
410 6 18.0 93.9333715586889
410 6 19.0 119.8180695891781
410 6 2.0 108.08298458092335
410 6 20.0 137.04691717458851
410 6 21.0 103.4149206691297
410 6 22.0 143.9933346232104
410 6 23.0 88.03201236497969
410 6 24.0 117.86203292146453
410 6 25.0 90.37858288469697
410 6 26.0 96.69739931471739
410 6 27.0 95.84757669120827
410 6 28.0 127.08947970900648
410 6 29.0 114.3383050539308
410 6 3.0 129.53556562399106
410 6 30.0 138.54634460846316
410 6 31.0 161.87001616188235
410 6 32.0 131.01018764746036
410 6 33.0 142.185721957843
410 6 34.0 118.81695645959189
410 6 35.0 73.58834782635705
410 6 36.0 143.0789582624108
410 6 37.0 87.42760114311659
410 6 38.0 150.1676117317614
410 6 39.0 85.53706339500306
410 6 4.0 131.22712615774284
410 6 40.0 128.53264595002366
410 6 41.0 85.55210249481937
410 6 42.0 141.75373301840233
410 6 43.0 93.5463599230478
410 6 44.0 130.94146833897221
410 6 45.0 160.8528041902149
410 6 46.0 101.17195168678198
410 6 47.0 151.48702773108653
410 6 48.0 106.18774468920334
410 6 49.0 103.99167570580046
410 6 5.0 97.05826774136244
410 6 50.0 98.37373483522093
410 6 51.0 115.96535207729964
410 6 52.0 142.00310223919485
410 6 53.0 141.08902731900966
410 6 54.0 119.4457712640187
410 6 55.0 161.17731831234244
410 6 56.0 109.28927116908122
410 6 57.0 152.76737427988257
410 6 58.0 92.49672868692421
410 6 59.0 109.9743952717431
410 6 6.0 120.02894172647918
410 6 60.0 99.46561455199189
410 6 7.0 117.7174915346713
410 6 8.0 104.8605886859332
410 6 9.0 156.35589824722246
411 5 1.0 130.4896852194747
411 5 10.0 123.92409129685889
411 5 11.0 110.84495611029745
411 5 12.0 87.96828327106205
411 5 13.0 112.47301857558091
411 5 14.0 116.04508835076328
411 5 15.0 129.63604527493698
411 5 16.0 82.50335234133865
411 5 17.0 164.92167445559375
411 5 18.0 111.9380883691675
411 5 19.0 115.76356235094757
411 5 2.0 99.49057419429661
411 5 20.0 129.45357756987733
411 5 21.0 102.31328466874731
411 5 22.0 114.6486468160259
411 5 23.0 155.4368986596425
411 5 24.0 155.21333982787127
411 5 25.0 134.68287357991164
411 5 26.0 125.5242015942774
411 5 27.0 129.73392188890722
411 5 28.0 128.91940848750397
411 5 29.0 92.73053391911826
411 5 3.0 150.07189128028105
411 5 30.0 122.28018294254677
411 5 31.0 142.7581065484311
411 5 32.0 103.46945268821848
411 5 33.0 122.31314147662924
411 5 34.0 105.24088352747171
411 5 35.0 127.39341667380783
411 5 36.0 113.77174403947879
411 5 37.0 104.09524643462171
411 5 38.0 142.0989511491038
411 5 39.0 145.9336882888617
411 5 4.0 93.80698189425443
411 5 40.0 97.95617498389456
411 5 41.0 128.06016367310312
411 5 42.0 165.78839093364792
411 5 43.0 149.93334018934988
411 5 44.0 116.34623846443765
411 5 45.0 114.56421805425745
411 5 46.0 136.8547266400576
411 5 47.0 123.8813556751161
411 5 48.0 144.41937559375947
411 5 49.0 118.46057588814251
411 5 5.0 146.58184899729667
411 5 50.0 133.28490706805752
411 5 51.0 122.13836826569603
411 5 52.0 146.7893916269725
411 5 53.0 135.72638924711012
411 5 54.0 95.14826968411464
411 5 55.0 156.73221499844132
411 5 56.0 124.95032821315397
411 5 57.0 133.38566086706498
411 5 58.0 131.70938433741924
411 5 59.0 147.67891923427558
411 5 6.0 173.67732139359038
411 5 60.0 90.28639304074756
411 5 7.0 98.61202455809834
411 5 8.0 74.80093491103558
411 5 9.0 133.92859415205376
411 6 1.0 111.8325247917815
411 6 10.0 110.12285509396963
411 6 11.0 131.77163787077396
411 6 12.0 129.57210359644384
411 6 13.0 140.25233310125486
411 6 14.0 111.36572140322325
411 6 15.0 143.2570144804186
411 6 16.0 99.14156967260557
411 6 17.0 143.36683656136844
411 6 18.0 118.49810318824743
411 6 19.0 141.5512228014219
411 6 2.0 106.1481646197628
411 6 20.0 131.02016800190611
411 6 21.0 124.6642962894006
411 6 22.0 170.63603924592758
411 6 23.0 78.89270230884296
411 6 24.0 73.89847604456722
411 6 25.0 116.6797124724509
411 6 26.0 111.17600778632992
411 6 27.0 103.27874208220993
411 6 28.0 146.00745636407305
411 6 29.0 152.31554962767916
411 6 3.0 87.4679520695271
411 6 30.0 139.03228454629496
411 6 31.0 84.37311224319721
411 6 32.0 127.20980402027325
411 6 33.0 166.67697395347403
411 6 34.0 132.43460635101928
411 6 35.0 148.80300100887234
411 6 36.0 167.87933319646285
411 6 37.0 111.11180555820697
411 6 38.0 123.84137120429375
411 6 39.0 146.8973838673243
411 6 4.0 158.34437411593944
411 6 40.0 135.75410398293545
411 6 41.0 108.96051536749677
411 6 42.0 138.7371864385158
411 6 43.0 153.82445515788956
411 6 44.0 151.29903478977772
411 6 45.0 148.81715512845926
411 6 46.0 101.12652505205317
411 6 47.0 114.7004274840322
411 6 48.0 135.56558940258654
411 6 49.0 99.85797735750393
411 6 5.0 144.6011411975437
411 6 50.0 111.20238951728416
411 6 51.0 136.69758563729488
411 6 52.0 119.19288658525507
411 6 53.0 107.63017882164506
411 6 54.0 156.11342149590965
411 6 55.0 142.1242637341668
411 6 56.0 143.2979635092473
411 6 57.0 139.3742137429805
411 6 58.0 127.10430849580912
411 6 59.0 149.66381404291215
411 6 6.0 125.54651111019027
411 6 60.0 72.51438482777733
411 6 7.0 127.0366145036979
411 6 8.0 132.0018861476461
411 6 9.0 137.18626731486424
412 5 1.0 107.47681998262296
412 5 10.0 97.66569864886152
412 5 11.0 124.88040431023047
412 5 12.0 87.50414623474356
412 5 13.0 90.15456778218106
412 5 14.0 102.18726628150974
412 5 15.0 119.24292070502882
412 5 16.0 113.16434639353356
412 5 17.0 71.34256879353279
412 5 18.0 104.12008057438389
412 5 19.0 162.42366022171942
412 5 2.0 117.49826317684101
412 5 20.0 154.28583004800436
412 5 21.0 101.24144949027867
412 5 22.0 144.08464937686713
412 5 23.0 107.62805956817438
412 5 24.0 136.956368279556
412 5 25.0 146.749562774142
412 5 26.0 112.51840530497311
412 5 27.0 106.7621203094342
412 5 28.0 147.33026464468367
412 5 29.0 108.26192997526671
412 5 3.0 89.27077279263887
412 5 30.0 158.20920948109745
412 5 31.0 122.80571200563212
412 5 32.0 155.01739454676002
412 5 33.0 141.25062970637185
412 5 34.0 139.06042414909672
412 5 35.0 111.82741558990428
412 5 36.0 98.01608956113428
412 5 37.0 93.04041734745978
412 5 38.0 116.8695442525606
412 5 39.0 147.67851973792978
412 5 4.0 138.6943522605867
412 5 40.0 164.16849523113362
412 5 41.0 151.84206578193994
412 5 42.0 119.65436171244365
412 5 43.0 143.77986169781744
412 5 44.0 118.1724651306135
412 5 45.0 99.80734735181345
412 5 46.0 125.28468929434447
412 5 47.0 108.14593880318608
412 5 48.0 156.10143720866816
412 5 49.0 117.54419483791689
412 5 5.0 127.72682033971707
412 5 50.0 169.13801785960763
412 5 51.0 159.0150355577597
412 5 52.0 124.62434947414698
412 5 53.0 129.55588494820233
412 5 54.0 125.90918364641617
412 5 55.0 148.04825786615402
412 5 56.0 162.1382399994871
412 5 57.0 97.27449046358801
412 5 58.0 123.91232912666673
412 5 59.0 149.93878473307583
412 5 6.0 122.61537146168978
412 5 60.0 138.37384704156617
412 5 7.0 115.35544106062788
412 5 8.0 141.03380036983646
412 5 9.0 117.71446010057801
412 6 1.0 138.3617178767708
412 6 10.0 154.0151477690983
412 6 11.0 94.52200574154844
412 6 12.0 162.63764288095103
412 6 13.0 124.10861092788508
412 6 14.0 145.7337499226225
412 6 15.0 164.8261562248271
412 6 16.0 165.23870783156886
412 6 17.0 145.03879821604335
412 6 18.0 95.60995807839818
412 6 19.0 160.77401934910782
412 6 2.0 123.01405873385676
412 6 20.0 143.78066444920336
412 6 21.0 107.92950822008063
412 6 22.0 118.45013998708
412 6 23.0 93.67349543681546
412 6 24.0 93.34760314271772
412 6 25.0 108.66796381888751
412 6 26.0 104.28006449418014
412 6 27.0 127.78015617735933
412 6 28.0 147.6755798578176
412 6 29.0 84.12115797974253
412 6 3.0 99.23204933130826
412 6 30.0 130.27652086666316
412 6 31.0 111.90110245830729
412 6 32.0 109.66112765611206
412 6 33.0 131.0852692983301
412 6 34.0 113.22719907075417
412 6 35.0 110.39396304031027
412 6 36.0 165.41621493342845
412 6 37.0 115.7174887204006
412 6 38.0 141.22121694133506
412 6 39.0 106.21961360935622
412 6 4.0 113.72833864472278
412 6 40.0 122.13744075884037
412 6 41.0 118.60918041407994
412 6 42.0 105.07592047124926
412 6 43.0 108.91870113794504
412 6 44.0 113.4954200784852
412 6 45.0 146.4238508332083
412 6 46.0 121.67177064871599
412 6 47.0 161.59564188796196
412 6 48.0 124.8564715144083
412 6 49.0 110.47053603830413
412 6 5.0 114.87925046233539
412 6 50.0 167.732883953019
412 6 51.0 102.47342422545712
412 6 52.0 172.08115664071966
412 6 53.0 102.24731456240876
412 6 54.0 94.28365042460818
412 6 55.0 147.8504942842613
412 6 56.0 100.56597569003803
412 6 57.0 112.08145833986607
412 6 58.0 125.4199236504224
412 6 59.0 129.62180415901253
412 6 6.0 104.76014162473794
412 6 60.0 105.44005823271976
412 6 7.0 78.78598607990166
412 6 8.0 95.48974872117351
412 6 9.0 136.91241118952343
413 5 1.0 161.62142083390808
413 5 10.0 90.16161750526274
413 5 11.0 96.44791317443804
413 5 12.0 115.48633636955547
413 5 13.0 151.31680520909342
413 5 14.0 111.24807601950678
413 5 15.0 153.96473824509073
413 5 16.0 126.51190785928883
413 5 17.0 130.43687026111323
413 5 18.0 125.38486135719754
413 5 19.0 115.20550019794436
413 5 2.0 117.81484042601156
413 5 20.0 101.79768007726257
413 5 21.0 138.30472467246537
413 5 22.0 115.88512456727794
413 5 23.0 120.62352589914397
413 5 24.0 123.72525855881106
413 5 25.0 130.19383872949436
413 5 26.0 90.48799922778075
413 5 27.0 119.22420167228435
413 5 28.0 132.48454575467196
413 5 29.0 100.68334570408908
413 5 3.0 138.7596244423228
413 5 30.0 100.40575705834533
413 5 31.0 117.9789991227483
413 5 32.0 115.47135572453193
413 5 33.0 151.19254658420914
413 5 34.0 126.10576113565949
413 5 35.0 136.3125086928949
413 5 36.0 95.17984215938125
413 5 37.0 109.65847233759095
413 5 38.0 113.24989988509301
413 5 39.0 133.37780423922274
413 5 4.0 91.08633599375311
413 5 40.0 76.74497881267024
413 5 41.0 145.2768728717215
413 5 42.0 149.03365276220646
413 5 43.0 110.88831548287847
413 5 44.0 158.24984246876545
413 5 45.0 101.15577700425428
413 5 46.0 149.11551658535893
413 5 47.0 119.41165043098506
413 5 48.0 136.0701816104376
413 5 49.0 130.9670500750795
413 5 5.0 135.02468632470178
413 5 50.0 109.68621063438468
413 5 51.0 172.80950232346677
413 5 52.0 157.78883839072026
413 5 53.0 101.02941615973077
413 5 54.0 96.48989038021861
413 5 55.0 117.69084494367006
413 5 56.0 161.43495856254881
413 5 57.0 125.5171425386113
413 5 58.0 154.8289351739369
413 5 59.0 129.1039629601996
413 5 6.0 104.52643905431607
413 5 60.0 99.53711018101185
413 5 7.0 146.1903282195956
413 5 8.0 141.52146526933387
413 5 9.0 72.91887406257705
413 6 1.0 147.71309709842865
413 6 10.0 160.32384333546037
413 6 11.0 109.4877896348411
413 6 12.0 143.29326686709726
413 6 13.0 119.58456246514876
413 6 14.0 93.97698209598806
413 6 15.0 151.12307806048273
413 6 16.0 157.04389216468297
413 6 17.0 92.07768789878334
413 6 18.0 98.22124372111786
413 6 19.0 160.33506462877605
413 6 2.0 117.03487491840487
413 6 20.0 119.98759234571912
413 6 21.0 97.28546754056048
413 6 22.0 121.46038801677854
413 6 23.0 124.96923500479693
413 6 24.0 93.45039496567699
413 6 25.0 117.19246116489927
413 6 26.0 87.7887622979036
413 6 27.0 114.09844131414962
413 6 28.0 149.35414147932568
413 6 29.0 122.82461601486814
413 6 3.0 82.00603296532857
413 6 30.0 127.42691142503635
413 6 31.0 135.1238983263191
413 6 32.0 111.42407680949236
413 6 33.0 142.2828059612732
413 6 34.0 139.98408346795264
413 6 35.0 125.3524011950336
413 6 36.0 153.55484357326196
413 6 37.0 113.03224131093755
413 6 38.0 152.6302709034559
413 6 39.0 65.57484621738021
413 6 4.0 152.24561272058202
413 6 40.0 94.28096317241987
413 6 41.0 107.61168343478903
413 6 42.0 170.2535999744109
413 6 43.0 120.2565611574666
413 6 44.0 163.2215113684865
413 6 45.0 111.80003321498131
413 6 46.0 89.04539055276815
413 6 47.0 131.40833711853006
413 6 48.0 150.87478452422656
413 6 49.0 95.79857967978452
413 6 5.0 149.24832152929318
413 6 50.0 139.52470197207572
413 6 51.0 145.29473465455237
413 6 52.0 143.4809562889481
413 6 53.0 99.45390954554307
413 6 54.0 85.92039352391697
413 6 55.0 163.36790653813324
413 6 56.0 156.83972388096558
413 6 57.0 158.0741639751357
413 6 58.0 122.08668514990364
413 6 59.0 136.08151289824363
413 6 6.0 159.73057530504326
413 6 60.0 93.90308040145902
413 6 7.0 125.55302547609179
413 6 8.0 130.95917514359346
413 6 9.0 89.06246686518323
414 5 1.0 142.13204769573278
414 5 10.0 127.57243449454779
414 5 11.0 81.67968496399783
414 5 12.0 99.1258101820688
414 5 13.0 73.46116581390737
414 5 14.0 138.6103864206483
414 5 15.0 124.8857566417382
414 5 16.0 169.7578170231152
414 5 17.0 131.64048625052985
414 5 18.0 99.80605829999283
414 5 19.0 124.2184617228521
414 5 2.0 115.30742480892532
414 5 20.0 124.84625385350563
414 5 21.0 108.5977112323296
414 5 22.0 85.92630642815311
414 5 23.0 126.62400966171246
414 5 24.0 125.95243726529634
414 5 25.0 130.73560627985356
414 5 26.0 135.41316238085273
414 5 27.0 151.75040561717074
414 5 28.0 157.69683556646086
414 5 29.0 73.02175411994638
414 5 3.0 115.67955320028054
414 5 30.0 124.33168037718075
414 5 31.0 142.88059061571826
414 5 32.0 144.9046475632922
414 5 33.0 155.65634753608742
414 5 34.0 150.37326201300806
414 5 35.0 144.25003185188325
414 5 36.0 94.51103190212399
414 5 37.0 97.09358234718935
414 5 38.0 108.46751668067317
414 5 39.0 122.54872441255083
414 5 4.0 129.15243346455182
414 5 40.0 99.68351111195369
414 5 41.0 100.50660555316864
414 5 42.0 101.51379948076398
414 5 43.0 93.82656898778646
414 5 44.0 163.93078777541106
414 5 45.0 71.91411371668073
414 5 46.0 115.15991092815737
414 5 47.0 102.08847170600431
414 5 48.0 117.7860082367467
414 5 49.0 127.04627721638107
414 5 5.0 110.46635757921702
414 5 50.0 96.12572867072123
414 5 51.0 127.70068933877454
414 5 52.0 113.3264773648272
414 5 53.0 129.39018474330547
414 5 54.0 108.68423053981142
414 5 55.0 123.82521301806548
414 5 56.0 150.87243915867066
414 5 57.0 102.10433976994263
414 5 58.0 98.9021835295901
414 5 59.0 140.1897324729551
414 5 6.0 139.53871793371906
414 5 60.0 140.63626792468474
414 5 7.0 134.50688941142428
414 5 8.0 151.07602345732357
414 5 9.0 95.68827655726209
414 6 1.0 140.17377383557516
414 6 10.0 120.60627338650988
414 6 11.0 89.92971482380173
414 6 12.0 80.03565766753704
414 6 13.0 136.80071221935955
414 6 14.0 155.73974745937912
414 6 15.0 171.50218187134192
414 6 16.0 121.10192359078641
414 6 17.0 118.2210807159281
414 6 18.0 120.1148648737515
414 6 19.0 152.61280303291164
414 6 2.0 163.02216840079586
414 6 20.0 142.52598368799968
414 6 21.0 121.27264968940098
414 6 22.0 107.5848573379872
414 6 23.0 116.46584611904278
414 6 24.0 157.2591548953233
414 6 25.0 101.08402155103403
414 6 26.0 91.29953668390874
414 6 27.0 141.05168792198407
414 6 28.0 135.9241005614906
414 6 29.0 156.26102673605763
414 6 3.0 132.6098186535469
414 6 30.0 121.65899304390801
414 6 31.0 116.47841350831234
414 6 32.0 146.75451076631413
414 6 33.0 128.95287096110252
414 6 34.0 116.23339798997824
414 6 35.0 137.1564244674281
414 6 36.0 139.24828893708778
414 6 37.0 122.73048862301553
414 6 38.0 166.42470824296535
414 6 39.0 70.87954917092031
414 6 4.0 143.47068186617665
414 6 40.0 146.63664954542512
414 6 41.0 142.54483270126087
414 6 42.0 108.65373999293553
414 6 43.0 135.97337862362428
414 6 44.0 143.38244819661622
414 6 45.0 136.96172909553545
414 6 46.0 103.06401136946123
414 6 47.0 86.78315845903533
414 6 48.0 161.80361216006247
414 6 49.0 105.68184462537944
414 6 5.0 144.4641287490594
414 6 50.0 107.35895797955475
414 6 51.0 112.20725387291104
414 6 52.0 118.2163715744458
414 6 53.0 139.9272172439127
414 6 54.0 168.9225560060758
414 6 55.0 147.12519172051518
414 6 56.0 130.25517369026625
414 6 57.0 128.53729374635748
414 6 58.0 88.89468144182098
414 6 59.0 137.20985701084467
414 6 6.0 88.21642625821308
414 6 60.0 80.52805776199122
414 6 7.0 145.22676931783093
414 6 8.0 151.78876700984284
414 6 9.0 150.60189933216088
415 5 1.0 126.6783140808366
415 5 10.0 112.99340738464299
415 5 11.0 119.99711601789616
415 5 12.0 100.1747501028148
415 5 13.0 161.30894022686437
415 5 14.0 131.84833607824106
415 5 15.0 120.70203364862229
415 5 16.0 133.56741556543372
415 5 17.0 135.85971261217892
415 5 18.0 116.57278587008709
415 5 19.0 127.08657988186457
415 5 2.0 121.68743517886327
415 5 20.0 111.8936358926407
415 5 21.0 114.19363150598669
415 5 22.0 134.75534148785243
415 5 23.0 132.37884834443864
415 5 24.0 155.7276615449418
415 5 25.0 99.10785710773833
415 5 26.0 139.75050002855545
415 5 27.0 152.94377118855272
415 5 28.0 136.70927967676542
415 5 29.0 109.46584852332656
415 5 3.0 121.09441361646662
415 5 30.0 97.74699244474557
415 5 31.0 128.42324261745838
415 5 32.0 140.41153168653057
415 5 33.0 152.29052314353814
415 5 34.0 139.27736215176358
415 5 35.0 159.39780804045617
415 5 36.0 145.63730982319626
415 5 37.0 98.7815981831288
415 5 38.0 134.0315872583504
415 5 39.0 103.26460943550693
415 5 4.0 137.65730389610925
415 5 40.0 141.3137738800966
415 5 41.0 151.99793614169883
415 5 42.0 94.92458990061907
415 5 43.0 103.60824092355818
415 5 44.0 155.89910007412996
415 5 45.0 137.58369317571209
415 5 46.0 176.560309705065
415 5 47.0 90.09318976993363
415 5 48.0 166.17506332828663
415 5 49.0 145.21780742942818
415 5 5.0 123.51080515009764
415 5 50.0 167.96172833457973
415 5 51.0 124.12790308894425
415 5 52.0 134.6233610095572
415 5 53.0 146.27133778953498
415 5 54.0 116.16988259395335
415 5 55.0 116.71148502618242
415 5 56.0 113.10213841215081
415 5 57.0 134.1827635584319
415 5 58.0 129.62496915622316
415 5 59.0 149.9795170502609
415 5 6.0 98.42569769464852
415 5 60.0 109.35774255645882
415 5 7.0 104.7443424250785
415 5 8.0 151.54073053672226
415 5 9.0 101.6826997613041
415 6 1.0 123.79658115396984
415 6 10.0 117.45433672385607
415 6 11.0 115.22222922084023
415 6 12.0 138.6533844862131
415 6 13.0 148.2910579150327
415 6 14.0 139.313099974634
415 6 15.0 120.07874240081154
415 6 16.0 135.65284404610765
415 6 17.0 158.70159507841032
415 6 18.0 115.20058957554804
415 6 19.0 113.78746389451427
415 6 2.0 109.76313899650299
415 6 20.0 120.13002324508743
415 6 21.0 141.46426904214707
415 6 22.0 149.1023285881149
415 6 23.0 93.7826643744332
415 6 24.0 137.5483803936701
415 6 25.0 128.8666251643534
415 6 26.0 92.9860152333659
415 6 27.0 145.82659242455068
415 6 28.0 146.03677696969712
415 6 29.0 91.67119893798028
415 6 3.0 154.193116807439
415 6 30.0 147.68780419654152
415 6 31.0 103.50052202799726
415 6 32.0 134.75561995047798
415 6 33.0 132.49687714431693
415 6 34.0 155.62305623800773
415 6 35.0 130.28074581643708
415 6 36.0 154.4157927316319
415 6 37.0 123.35472985178518
415 6 38.0 166.8742586708314
415 6 39.0 95.29001056438184
415 6 4.0 116.09205792626072
415 6 40.0 127.82119235071896
415 6 41.0 121.86173514712704
415 6 42.0 126.80166929393117
415 6 43.0 98.32385549392282
415 6 44.0 158.42972308813222
415 6 45.0 92.31215228064428
415 6 46.0 94.49501569469278
415 6 47.0 177.52480570399672
415 6 48.0 121.86300557902115
415 6 49.0 128.36687111577274
415 6 5.0 148.73688872777873
415 6 50.0 137.0762378905933
415 6 51.0 159.68799429261665
415 6 52.0 156.66546542502286
415 6 53.0 94.9493791176162
415 6 54.0 78.6764586010547
415 6 55.0 159.3209800787748
415 6 56.0 105.10394391773383
415 6 57.0 122.59368425974198
415 6 58.0 94.69415352613814
415 6 59.0 113.88862443681002
415 6 6.0 135.23763934372334
415 6 60.0 76.17639054803497
415 6 7.0 118.79046797134916
415 6 8.0 103.76015356102445
415 6 9.0 102.89978523580643
416 5 1.0 137.2903998479269
416 5 10.0 109.07482000726203
416 5 11.0 123.25094186447852
416 5 12.0 118.20369307086978
416 5 13.0 95.48350822589245
416 5 14.0 163.41401983665466
416 5 15.0 131.9137614043645
416 5 16.0 167.0301822648909
416 5 17.0 149.2351964945433
416 5 18.0 125.12516857221706
416 5 19.0 114.3714733028406
416 5 2.0 138.61787600337018
416 5 20.0 97.98227655350713
416 5 21.0 155.09256376157225
416 5 22.0 118.37800798447282
416 5 23.0 107.85443728872974
416 5 24.0 161.41211881581737
416 5 25.0 159.84269704733296
416 5 26.0 130.85746131809842
416 5 27.0 135.2016211507311
416 5 28.0 159.24510339232572
416 5 29.0 89.89034295215578
416 5 3.0 102.85346896044095
416 5 30.0 127.86950267220782
416 5 31.0 92.53595119324774
416 5 32.0 159.25271693252432
416 5 33.0 118.45795085233291
416 5 34.0 144.3297987627553
416 5 35.0 134.89495390881493
416 5 36.0 97.3525822225
416 5 37.0 92.14642241825632
416 5 38.0 111.32056073935274
416 5 39.0 111.8200894702015
416 5 4.0 89.70707865667585
416 5 40.0 101.09112748981023
416 5 41.0 167.09762301159316
416 5 42.0 128.87370451600054
416 5 43.0 111.3046202259578
416 5 44.0 119.51743303588317
416 5 45.0 104.56663827946225
416 5 46.0 106.35155695244205
416 5 47.0 124.94971378464385
416 5 48.0 147.22472656151828
416 5 49.0 134.8860584717141
416 5 5.0 109.94099580166551
416 5 50.0 150.71702936671127
416 5 51.0 145.78899074926866
416 5 52.0 133.93559819734972
416 5 53.0 157.31232045149082
416 5 54.0 97.28020027137943
416 5 55.0 140.70841185163295
416 5 56.0 150.0640534408761
416 5 57.0 126.01966252660458
416 5 58.0 119.71603790745282
416 5 59.0 155.34026124049277
416 5 6.0 83.42929044439039
416 5 60.0 124.34393002357777
416 5 7.0 102.34845012837263
416 5 8.0 104.2077340122236
416 5 9.0 126.41031023224727
416 6 1.0 113.11379809262246
416 6 10.0 112.52079211262698
416 6 11.0 84.8892353914462
416 6 12.0 108.26944200152157
416 6 13.0 98.71036599504268
416 6 14.0 138.80150687818798
416 6 15.0 145.47210188588252
416 6 16.0 165.26870591603938
416 6 17.0 145.73444369686288
416 6 18.0 81.40234618851298
416 6 19.0 151.5273053931838
416 6 2.0 123.61463375189045
416 6 20.0 127.10320913235115
416 6 21.0 102.08952908598124
416 6 22.0 140.2575455718819
416 6 23.0 113.05081200152378
416 6 24.0 131.17751164590373
416 6 25.0 78.50950265269913
416 6 26.0 100.25684204537082
416 6 27.0 129.67534311617783
416 6 28.0 128.3679594043184
416 6 29.0 103.29176906354135
416 6 3.0 111.83664373607968
416 6 30.0 130.3252541053029
416 6 31.0 135.34246850091404
416 6 32.0 138.84103023541883
416 6 33.0 150.1231342039941
416 6 34.0 136.4356152846594
416 6 35.0 136.07865312799834
416 6 36.0 136.1976837067647
416 6 37.0 82.22845657802198
416 6 38.0 124.21360236017057
416 6 39.0 127.9134887536774
416 6 4.0 135.5376455609335
416 6 40.0 116.76934677698333
416 6 41.0 113.01177663716658
416 6 42.0 97.30441353692177
416 6 43.0 136.4141407528764
416 6 44.0 130.6041357539464
416 6 45.0 121.81130915619231
416 6 46.0 78.51045799106204
416 6 47.0 97.88969621283726
416 6 48.0 129.2492443959001
416 6 49.0 70.12428178501133
416 6 5.0 99.9867857721447
416 6 50.0 147.03651284106883
416 6 51.0 142.32544889956853
416 6 52.0 147.64973456005947
416 6 53.0 171.5873121463175
416 6 54.0 80.58305559571129
416 6 55.0 163.18752793460456
416 6 56.0 172.8420725988449
416 6 57.0 123.11340402266589
416 6 58.0 102.34062798907316
416 6 59.0 133.8385983642742
416 6 6.0 99.57527309000155
416 6 60.0 156.97990725631783
416 6 7.0 142.63681900077523
416 6 8.0 168.47971687521834
416 6 9.0 139.07737170856578
417 5 1.0 124.46339456612367
417 5 10.0 103.65267047145898
417 5 11.0 160.9802252834046
417 5 12.0 92.69290906396351
417 5 13.0 103.33255470014699
417 5 14.0 111.74654777124431
417 5 15.0 136.6811148234996
417 5 16.0 160.7443164026168
417 5 17.0 140.44783521460187
417 5 18.0 148.59312435478228
417 5 19.0 153.42182158484653
417 5 2.0 81.73980106429192
417 5 20.0 148.1059439194051
417 5 21.0 116.21191749401876
417 5 22.0 149.62022417095235
417 5 23.0 111.51324299288662
417 5 24.0 159.1635736730613
417 5 25.0 110.45409072175589
417 5 26.0 108.84701636756637
417 5 27.0 124.70494415135633
417 5 28.0 110.04451521103026
417 5 29.0 122.67576548420377
417 5 3.0 93.99669054574551
417 5 30.0 152.7074024692136
417 5 31.0 88.11489984253369
417 5 32.0 101.45969811530821
417 5 33.0 139.8504635416466
417 5 34.0 149.3506481052735
417 5 35.0 146.34236598163076
417 5 36.0 123.48823644260833
417 5 37.0 106.05138635338221
417 5 38.0 79.4184939055254
417 5 39.0 131.24091248227984
417 5 4.0 121.217448683997
417 5 40.0 153.89234306956143
417 5 41.0 120.96794334812705
417 5 42.0 132.143789805986
417 5 43.0 106.60238641730118
417 5 44.0 146.57809050565854
417 5 45.0 159.10001162097933
417 5 46.0 132.78012859635874
417 5 47.0 127.18183390649963
417 5 48.0 144.50034319263918
417 5 49.0 151.9974038093717
417 5 5.0 163.91037041307328
417 5 50.0 160.08290097679077
417 5 51.0 166.14966730738476
417 5 52.0 122.0112130352506
417 5 53.0 160.71545208860505
417 5 54.0 119.79644810411754
417 5 55.0 140.21570732778054
417 5 56.0 146.00453438726228
417 5 57.0 110.88619434326658
417 5 58.0 118.34327394538461
417 5 59.0 140.10823603383065
417 5 6.0 95.0263805769243
417 5 60.0 88.06858242022197
417 5 7.0 148.37526585121304
417 5 8.0 97.65502463331546
417 5 9.0 100.90877614382909
417 6 1.0 127.8939429091981
417 6 10.0 141.17866041547373
417 6 11.0 143.99850578478777
417 6 12.0 140.74991298629197
417 6 13.0 144.1339298790674
417 6 14.0 98.81705918960363
417 6 15.0 108.95016947227002
417 6 16.0 117.36394497098381
417 6 17.0 150.09725635282533
417 6 18.0 127.5662335682612
417 6 19.0 152.4904503224729
417 6 2.0 134.07541045798706
417 6 20.0 163.7850101012999
417 6 21.0 115.09154610258871
417 6 22.0 114.51897306335893
417 6 23.0 89.49129453695517
417 6 24.0 154.64971697275422
417 6 25.0 90.78013313798931
417 6 26.0 116.8081404417513
417 6 27.0 138.73960734823052
417 6 28.0 126.13319640958062
417 6 29.0 104.70219538849483
417 6 3.0 126.37150542086886
417 6 30.0 96.71458626907936
417 6 31.0 114.56088016048594
417 6 32.0 120.18410882906718
417 6 33.0 105.32854580433285
417 6 34.0 84.47321783871645
417 6 35.0 142.58417020930352
417 6 36.0 90.55497126491255
417 6 37.0 154.82065485184478
417 6 38.0 144.09495642462346
417 6 39.0 115.9054184259076
417 6 4.0 121.84605687996577
417 6 40.0 122.59941253773935
417 6 41.0 146.72003024712507
417 6 42.0 176.1948408539953
417 6 43.0 72.15483803448124
417 6 44.0 153.62717980954298
417 6 45.0 146.5163103261143
417 6 46.0 94.49343454588598
417 6 47.0 120.79692286659714
417 6 48.0 158.26774981353893
417 6 49.0 66.46360852760661
417 6 5.0 128.31358939408545
417 6 50.0 156.57790603772324
417 6 51.0 130.14036269776412
417 6 52.0 130.48275940963845
417 6 53.0 112.33061583082356
417 6 54.0 113.04781746726513
417 6 55.0 109.47334595689176
417 6 56.0 131.0187299016633
417 6 57.0 131.72843271102747
417 6 58.0 105.5244717667933
417 6 59.0 114.79268557803633
417 6 6.0 107.2674160062661
417 6 60.0 139.25370766184213
417 6 7.0 144.85186006986626
417 6 8.0 133.4050412325103
417 6 9.0 162.20015284605253
418 5 1.0 140.16249749920803
418 5 10.0 98.65825746645028
418 5 11.0 130.8971979486946
418 5 12.0 109.29870092979307
418 5 13.0 113.01936684400614
418 5 14.0 137.99109263674785
418 5 15.0 152.91645944363114
418 5 16.0 138.80182790655948
418 5 17.0 129.1407458018709
418 5 18.0 113.82231862286892
418 5 19.0 105.12304651742296
418 5 2.0 104.38414919866224
418 5 20.0 111.09683488594105
418 5 21.0 116.13845115830479
418 5 22.0 125.48289475894114
418 5 23.0 157.4487182010442
418 5 24.0 92.50995770870053
418 5 25.0 117.6816946650382
418 5 26.0 94.89037285756592
418 5 27.0 118.4391608860377
418 5 28.0 158.6922483818843
418 5 29.0 87.5248683012046
418 5 3.0 96.24754226871018
418 5 30.0 155.8880945158174
418 5 31.0 165.9904916470992
418 5 32.0 115.2768791446902
418 5 33.0 128.95431739473696
418 5 34.0 137.44370048359244
418 5 35.0 100.51510434162276
418 5 36.0 158.44125750077725
418 5 37.0 113.26728618629723
418 5 38.0 82.50483478076451
418 5 39.0 120.74011503481174
418 5 4.0 106.75840434543957
418 5 40.0 98.3121897210878
418 5 41.0 155.43725689634536
418 5 42.0 128.09395615493995
418 5 43.0 151.5740958667535
418 5 44.0 116.93872771061973
418 5 45.0 108.44733454282836
418 5 46.0 123.60130878645444
418 5 47.0 106.83124408390418
418 5 48.0 136.31423190622718
418 5 49.0 133.39886859804747
418 5 5.0 92.02099554315643
418 5 50.0 91.56376270467348
418 5 51.0 163.8217572588562
418 5 52.0 150.6207573560156
418 5 53.0 124.89405027918178
418 5 54.0 97.70001053097776
418 5 55.0 136.76260721015095
418 5 56.0 118.74645814613413
418 5 57.0 92.57116402013189
418 5 58.0 161.2108378353592
418 5 59.0 134.49594437041097
418 5 6.0 153.49448957871132
418 5 60.0 75.03021314489037
418 5 7.0 109.62957124096557
418 5 8.0 86.04713487288501
418 5 9.0 84.81240669200241
418 6 1.0 125.98249168410979
418 6 10.0 176.75584974810107
418 6 11.0 106.25349120124382
418 6 12.0 114.22768073371203
418 6 13.0 136.2494207273997
418 6 14.0 151.98153270989917
418 6 15.0 159.78793515125685
418 6 16.0 144.0931005300145
418 6 17.0 120.6515271985753
418 6 18.0 103.49350653016745
418 6 19.0 143.31093094733603
418 6 2.0 108.4185044746982
418 6 20.0 133.75214850709716
418 6 21.0 114.1360537905664
418 6 22.0 90.62406097425739
418 6 23.0 137.84576016378696
418 6 24.0 129.43199639247717
418 6 25.0 80.52615377148855
418 6 26.0 99.34337990585833
418 6 27.0 141.76327924727656
418 6 28.0 99.37053641413507
418 6 29.0 75.08616558172145
418 6 3.0 125.42440401582483
418 6 30.0 139.12858522266362
418 6 31.0 121.82790377582607
418 6 32.0 130.02649221079022
418 6 33.0 107.05647493555564
418 6 34.0 124.10815157776331
418 6 35.0 150.38387506569717
418 6 36.0 139.187893402686
418 6 37.0 98.22204373271799
418 6 38.0 137.40131965633233
418 6 39.0 150.6693481499778
418 6 4.0 108.02105374723016
418 6 40.0 129.38349009927657
418 6 41.0 131.20877690447873
418 6 42.0 150.7568034580823
418 6 43.0 138.48135397074
418 6 44.0 148.49676187971517
418 6 45.0 131.83584063320257
418 6 46.0 111.55200973707547
418 6 47.0 148.6656785427248
418 6 48.0 136.52674466421297
418 6 49.0 118.52152389600289
418 6 5.0 98.42344023430832
418 6 50.0 97.13840313967371
418 6 51.0 94.88251500699106
418 6 52.0 126.2673870084785
418 6 53.0 147.95661143154513
418 6 54.0 105.95120460296695
418 6 55.0 108.85274369994028
418 6 56.0 116.17856284741276
418 6 57.0 98.23224749108898
418 6 58.0 122.45658425279404
418 6 59.0 164.58632040996721
418 6 6.0 138.07169680185666
418 6 60.0 129.260951084786
418 6 7.0 118.3154532140435
418 6 8.0 124.7961858669235
418 6 9.0 161.6528203494854
419 5 1.0 130.97294426809924
419 5 10.0 108.23801801270197
419 5 11.0 133.01946430947268
419 5 12.0 135.0625900931279
419 5 13.0 87.52245593239863
419 5 14.0 79.00944545101885
419 5 15.0 114.92784313554249
419 5 16.0 171.71804504817925
419 5 17.0 145.48242405246833
419 5 18.0 125.92683143165262
419 5 19.0 127.21947745365077
419 5 2.0 100.2627690318145
419 5 20.0 144.11608771440717
419 5 21.0 87.10380210112686
419 5 22.0 158.45491070346628
419 5 23.0 109.90677353954442
419 5 24.0 131.31037551646892
419 5 25.0 136.27670556746202
419 5 26.0 111.01473138733351
419 5 27.0 131.0018006008153
419 5 28.0 152.0307142464225
419 5 29.0 81.60597401215693
419 5 3.0 133.37420546790412
419 5 30.0 127.8018770878157
419 5 31.0 95.49837661183481
419 5 32.0 125.36678998343808
419 5 33.0 141.63796517677503
419 5 34.0 117.38040900744161
419 5 35.0 126.97959063457957
419 5 36.0 93.99713806521147
419 5 37.0 98.07698564784586
419 5 38.0 91.49531732551671
419 5 39.0 124.37308026990159
419 5 4.0 108.7633486372059
419 5 40.0 95.63035184603255
419 5 41.0 124.78558504152117
419 5 42.0 127.91088275403747
419 5 43.0 151.42783261325823
419 5 44.0 147.39769749409396
419 5 45.0 94.08715719340908
419 5 46.0 132.3449234010575
419 5 47.0 161.0077796342483
419 5 48.0 140.52927375251323
419 5 49.0 174.66735088324552
419 5 5.0 124.43696201867857
419 5 50.0 140.0784813824772
419 5 51.0 152.604696656594
419 5 52.0 140.2888313776625
419 5 53.0 105.797736500528
419 5 54.0 110.56880595607832
419 5 55.0 160.22251718186578
419 5 56.0 148.17779494622113
419 5 57.0 107.35644736053167
419 5 58.0 159.9005398469638
419 5 59.0 134.49799087924575
419 5 6.0 152.13785770510776
419 5 60.0 125.60734637459859
419 5 7.0 148.22252248940651
419 5 8.0 108.97694146551918
419 5 9.0 138.4302298294094
419 6 1.0 139.1400658124774
419 6 10.0 165.8342776897637
419 6 11.0 124.59197092162164
419 6 12.0 157.20578942330147
419 6 13.0 161.4426640502543
419 6 14.0 121.33904777727808
419 6 15.0 137.05972215922014
419 6 16.0 138.9612653651921
419 6 17.0 129.72266401459737
419 6 18.0 98.98494085849781
419 6 19.0 145.54479891618593
419 6 2.0 85.35150245496133
419 6 20.0 80.45134099739992
419 6 21.0 115.51125007759532
419 6 22.0 130.15451573247526
419 6 23.0 116.36231617939686
419 6 24.0 168.11255662692662
419 6 25.0 67.4612103249949
419 6 26.0 105.775602693581
419 6 27.0 154.1472939061076
419 6 28.0 98.25556527489336
419 6 29.0 104.43687402709881
419 6 3.0 133.1498432159729
419 6 30.0 107.3688974770286
419 6 31.0 158.05992926658195
419 6 32.0 112.37205650290696
419 6 33.0 160.81933939662653
419 6 34.0 129.30428271074524
419 6 35.0 158.56446288934092
419 6 36.0 147.82663038693147
419 6 37.0 99.48446298150671
419 6 38.0 88.44503348828324
419 6 39.0 166.97257971263605
419 6 4.0 144.70451622041605
419 6 40.0 139.8002152898298
419 6 41.0 126.13707758739737
419 6 42.0 99.08213769298563
419 6 43.0 132.73778094036865
419 6 44.0 132.42130961482874
419 6 45.0 114.87727356635206
419 6 46.0 121.72811203817444
419 6 47.0 105.56455553481369
419 6 48.0 101.13065590128195
419 6 49.0 91.2840322824805
419 6 5.0 137.75722821239194
419 6 50.0 107.62303071599122
419 6 51.0 88.00100225531531
419 6 52.0 167.8874769518576
419 6 53.0 162.21223801965075
419 6 54.0 128.31399574405773
419 6 55.0 137.66295253522193
419 6 56.0 133.4603280575519
419 6 57.0 164.67065125551875
419 6 58.0 77.35881143992688
419 6 59.0 101.83482596101445
419 6 6.0 136.2899428294646
419 6 60.0 152.8266289312275
419 6 7.0 106.20048685939972
419 6 8.0 177.84486827683452
419 6 9.0 119.12235679326909
420 5 1.0 130.32889183620847
420 5 10.0 101.31366914346053
420 5 11.0 77.07406851036144
420 5 12.0 84.58720828676373
420 5 13.0 149.54720338577366
420 5 14.0 145.0103196232503
420 5 15.0 162.04670033091546
420 5 16.0 158.257956152442
420 5 17.0 96.04672462860093
420 5 18.0 98.29979905323506
420 5 19.0 133.56124341968604
420 5 2.0 137.20209468389015
420 5 20.0 147.08022538353242
420 5 21.0 127.6279914603392
420 5 22.0 149.84867857438903
420 5 23.0 151.2186631269862
420 5 24.0 142.38696822369147
420 5 25.0 126.28876263248897
420 5 26.0 171.83257290622237
420 5 27.0 153.98543668476856
420 5 28.0 155.81293581278243
420 5 29.0 108.84400022969021
420 5 3.0 149.60914708333559
420 5 30.0 153.2290950846191
420 5 31.0 129.99605481476587
420 5 32.0 77.87735233783606
420 5 33.0 117.7171356344756
420 5 34.0 120.89998478453626
420 5 35.0 141.65179654257093
420 5 36.0 121.90178915261123
420 5 37.0 95.94214521940532
420 5 38.0 125.18171808648502
420 5 39.0 160.77821510243737
420 5 4.0 141.35945591856384
420 5 40.0 133.46275746341843
420 5 41.0 120.6187638872613
420 5 42.0 157.75128028228127
420 5 43.0 106.39459700487224
420 5 44.0 115.35213320010165
420 5 45.0 99.98352659089922
420 5 46.0 148.93073131811573
420 5 47.0 135.93355702160554
420 5 48.0 165.3721991846745
420 5 49.0 139.65076758867028
420 5 5.0 154.67193811095197
420 5 50.0 146.23481888270982
420 5 51.0 149.5376661134272
420 5 52.0 166.00189357374092
420 5 53.0 113.37920488893818
420 5 54.0 92.89737350841855
420 5 55.0 152.22227625310921
420 5 56.0 139.70685365490297
420 5 57.0 110.866594088003
420 5 58.0 126.975874623538
420 5 59.0 156.66997741829908
420 5 6.0 96.31770136794039
420 5 60.0 110.84243034669424
420 5 7.0 89.94168703749462
420 5 8.0 148.25263644085365
420 5 9.0 98.71328258700287
420 6 1.0 108.4893278658509
420 6 10.0 120.45651304529322
420 6 11.0 114.65894237135954
420 6 12.0 138.77960585168236
420 6 13.0 169.05351958401502
420 6 14.0 159.02653301043222
420 6 15.0 105.03339324432754
420 6 16.0 146.13636472312677
420 6 17.0 120.08416469819635
420 6 18.0 84.3886055787506
420 6 19.0 160.49461027492393
420 6 2.0 99.75304364800881
420 6 20.0 83.4035019613958
420 6 21.0 94.47403260843595
420 6 22.0 146.9751111407913
420 6 23.0 106.07007030012697
420 6 24.0 158.92424393903238
420 6 25.0 101.6471746108643
420 6 26.0 115.28799567885115
420 6 27.0 117.20935507388327
420 6 28.0 136.83655058877304
420 6 29.0 144.58064950425847
420 6 3.0 118.18592058894829
420 6 30.0 122.42042809589793
420 6 31.0 98.3874991685675
420 6 32.0 135.59741268851795
420 6 33.0 142.04293116569866
420 6 34.0 87.83931928842085
420 6 35.0 123.66764698306564
420 6 36.0 113.97188514350384
420 6 37.0 152.38752624180108
420 6 38.0 126.3939406167
420 6 39.0 72.17896271073734
420 6 4.0 165.55365235430088
420 6 40.0 119.51372445535921
420 6 41.0 131.0578358459782
420 6 42.0 126.25680042310323
420 6 43.0 107.39780238668743
420 6 44.0 133.36983593584884
420 6 45.0 110.13298284066651
420 6 46.0 107.43850088807629
420 6 47.0 131.078235705129
420 6 48.0 149.6142322972995
420 6 49.0 125.0680884928927
420 6 5.0 146.54591769199365
420 6 50.0 101.00094580973204
420 6 51.0 85.37441745595437
420 6 52.0 121.55514726098018
420 6 53.0 158.97908162505104
420 6 54.0 88.68942124753409
420 6 55.0 148.71863798260046
420 6 56.0 165.34204077409672
420 6 57.0 156.5917120653596
420 6 58.0 124.28835687266812
420 6 59.0 144.75137257850025
420 6 6.0 117.73493233102123
420 6 60.0 79.70058569503261
420 6 7.0 141.16845470413796
420 6 8.0 105.75834330509478
420 6 9.0 89.99354583213419
421 5 1.0 152.74142807802036
421 5 10.0 105.24459141377301
421 5 11.0 148.33497054501
421 5 12.0 99.80110449545559
421 5 13.0 137.567975827161
421 5 14.0 106.03347545737836
421 5 15.0 131.1579127255658
421 5 16.0 115.83389251675563
421 5 17.0 132.1115179456692
421 5 18.0 91.32981849380911
421 5 19.0 157.2788155806877
421 5 2.0 93.27274713573692
421 5 20.0 158.97610560105286
421 5 21.0 136.1471518977668
421 5 22.0 139.59156052352054
421 5 23.0 110.23833952308455
421 5 24.0 115.20124116903435
421 5 25.0 155.17618738729138
421 5 26.0 119.82192890158753
421 5 27.0 114.05719892848018
421 5 28.0 142.6720544118792
421 5 29.0 84.90968190206465
421 5 3.0 138.14136875312894
421 5 30.0 154.93645823579988
421 5 31.0 127.13019232655017
421 5 32.0 132.18638533446563
421 5 33.0 135.3987000553224
421 5 34.0 132.85481936910378
421 5 35.0 126.53069807058084
421 5 36.0 118.92575773154988
421 5 37.0 96.9828483073288
421 5 38.0 121.7930644724457
421 5 39.0 176.53729839085128
421 5 4.0 138.80144524120485
421 5 40.0 108.4616053986125
421 5 41.0 146.7313556476771
421 5 42.0 115.6366065796361
421 5 43.0 96.00192861210436
421 5 44.0 119.5917118252553
421 5 45.0 102.76558784669332
421 5 46.0 161.61667629930335
421 5 47.0 114.25714804214012
421 5 48.0 144.271187536829
421 5 49.0 146.6890098017792
421 5 5.0 155.17936824969473
421 5 50.0 104.66038692021368
421 5 51.0 163.84711947247965
421 5 52.0 128.2417167568321
421 5 53.0 111.2742162987402
421 5 54.0 98.40416765332277
421 5 55.0 132.249059239866
421 5 56.0 117.18317432603146
421 5 57.0 123.36128982510802
421 5 58.0 149.06872273709425
421 5 59.0 131.63789133010775
421 5 6.0 125.24621465038555
421 5 60.0 108.25196091492279
421 5 7.0 104.41045850934448
421 5 8.0 94.42776249884724
421 5 9.0 90.65834667436192
421 6 1.0 79.81215288312686
421 6 10.0 128.5611156176082
421 6 11.0 110.05081840786285
421 6 12.0 116.95832039171181
421 6 13.0 155.6933426658693
421 6 14.0 149.61879962470653
421 6 15.0 154.08010799981156
421 6 16.0 168.96092026924075
421 6 17.0 137.70646378058274
421 6 18.0 144.03859209709285
421 6 19.0 160.9601387956685
421 6 2.0 97.69472177958174
421 6 20.0 127.8532437534388
421 6 21.0 125.18147708584759
421 6 22.0 163.07991647695843
421 6 23.0 93.81404021607753
421 6 24.0 138.34846264743356
421 6 25.0 75.90547899774982
421 6 26.0 111.09178688220696
421 6 27.0 114.83358563795211
421 6 28.0 151.2680902959001
421 6 29.0 108.47310881559739
421 6 3.0 142.30507277783175
421 6 30.0 118.95424874678736
421 6 31.0 98.04260436034976
421 6 32.0 117.81342818596202
421 6 33.0 119.00344276040457
421 6 34.0 117.47173331666713
421 6 35.0 120.71122689117655
421 6 36.0 122.08712836782848
421 6 37.0 132.8003761854749
421 6 38.0 73.04808754047744
421 6 39.0 92.08872955677388
421 6 4.0 157.44786326047102
421 6 40.0 140.84450160464482
421 6 41.0 117.44947689065125
421 6 42.0 154.81141570115057
421 6 43.0 131.40876545436294
421 6 44.0 131.20534353620863
421 6 45.0 147.75335542675134
421 6 46.0 92.62417512341642
421 6 47.0 119.93134291807658
421 6 48.0 167.73281745012912
421 6 49.0 88.59549356454264
421 6 5.0 125.94190203446435
421 6 50.0 134.92085821953845
421 6 51.0 151.35538735687743
421 6 52.0 169.1712295491167
421 6 53.0 143.8156433186553
421 6 54.0 99.47426864777673
421 6 55.0 131.22209645972313
421 6 56.0 120.20997293470477
421 6 57.0 104.1232074004358
421 6 58.0 148.9885691848002
421 6 59.0 170.73253530461668
421 6 6.0 95.8270551321115
421 6 60.0 151.29408003727502
421 6 7.0 70.4592569071894
421 6 8.0 113.79611249155414
421 6 9.0 137.2393997802337
422 5 1.0 138.9328757779601
422 5 10.0 109.39605492867955
422 5 11.0 160.73057783235944
422 5 12.0 88.06353006834057
422 5 13.0 112.41640319194732
422 5 14.0 136.553320961842
422 5 15.0 130.4586806463871
422 5 16.0 124.91588462385928
422 5 17.0 153.87746418490156
422 5 18.0 122.69436824821044
422 5 19.0 116.07022181547579
422 5 2.0 107.26359126544153
422 5 20.0 150.03758571497397
422 5 21.0 171.4342449117862
422 5 22.0 77.97854878996688
422 5 23.0 149.324233025289
422 5 24.0 112.25186703394974
422 5 25.0 126.75507496335517
422 5 26.0 143.71825710719241
422 5 27.0 121.69242743896655
422 5 28.0 144.204468414179
422 5 29.0 122.42373885136762
422 5 3.0 94.93507492470218
422 5 30.0 122.7432797948706
422 5 31.0 134.63945177133044
422 5 32.0 103.34338652623886
422 5 33.0 130.19695606593865
422 5 34.0 159.09487925250338
422 5 35.0 150.7261344114307
422 5 36.0 147.47133440614792
422 5 37.0 85.19436059830124
422 5 38.0 127.07924636634691
422 5 39.0 162.16053675361505
422 5 4.0 155.1183756022553
422 5 40.0 149.19544888317222
422 5 41.0 132.02235299333208
422 5 42.0 91.42815983573972
422 5 43.0 145.00468253369584
422 5 44.0 140.11246688680302
422 5 45.0 132.63064130209523
422 5 46.0 96.2132242559415
422 5 47.0 106.38708319736647
422 5 48.0 114.46107393039523
422 5 49.0 165.99584074541477
422 5 5.0 88.60659730914477
422 5 50.0 120.37149362091836
422 5 51.0 157.64478951010557
422 5 52.0 146.26653667818974
422 5 53.0 117.91495781336964
422 5 54.0 111.34571176874529
422 5 55.0 148.8339153690412
422 5 56.0 148.39203609237654
422 5 57.0 95.76737215835789
422 5 58.0 105.10832878137977
422 5 59.0 151.41267246838004
422 5 6.0 78.69527436471591
422 5 60.0 98.89885141587739
422 5 7.0 97.19826630223952
422 5 8.0 108.42996304102047
422 5 9.0 92.04567989136864
422 6 1.0 151.7556485016975
422 6 10.0 95.29167600349213
422 6 11.0 77.60159167956745
422 6 12.0 94.15464761099926
422 6 13.0 102.5061378842457
422 6 14.0 100.1529995243307
422 6 15.0 102.54539793633613
422 6 16.0 160.75238885999724
422 6 17.0 107.45567610330615
422 6 18.0 109.00461354994997
422 6 19.0 126.87595585422754
422 6 2.0 128.44756657561842
422 6 20.0 97.98155386594249
422 6 21.0 106.64542825682581
422 6 22.0 81.58058066402285
422 6 23.0 106.18897949490892
422 6 24.0 142.5079694909402
422 6 25.0 91.32979192089178
422 6 26.0 90.67784816916736
422 6 27.0 112.4466063518989
422 6 28.0 153.59267250361256
422 6 29.0 94.28149846986132
422 6 3.0 98.75426652240414
422 6 30.0 111.09657878089176
422 6 31.0 141.02268802481714
422 6 32.0 126.53460070930177
422 6 33.0 173.2349615490262
422 6 34.0 133.68064779278797
422 6 35.0 114.34018738483459
422 6 36.0 123.40310532551179
422 6 37.0 155.9382978130744
422 6 38.0 103.0383767028729
422 6 39.0 161.5988480358934
422 6 4.0 158.77411009765288
422 6 40.0 133.55693965390944
422 6 41.0 111.10433425796519
422 6 42.0 140.85665559715503
422 6 43.0 121.77905304900662
422 6 44.0 124.9063174684291
422 6 45.0 119.23393893830621
422 6 46.0 143.92326299871786
422 6 47.0 137.95422977406213
422 6 48.0 130.24832895548178
422 6 49.0 128.98337734245115
422 6 5.0 121.6896253812752
422 6 50.0 123.41050099903666
422 6 51.0 125.55318651461353
422 6 52.0 113.78164623201165
422 6 53.0 148.80523198985665
422 6 54.0 108.9715437155175
422 6 55.0 151.77592304827004
422 6 56.0 146.37278000645065
422 6 57.0 75.92596735329225
422 6 58.0 148.40324833006414
422 6 59.0 147.48866398587927
422 6 6.0 139.17957395909076
422 6 60.0 101.24761049730014
422 6 7.0 136.06652069373936
422 6 8.0 146.73763507382347
422 6 9.0 109.85566731533766
423 5 1.0 117.0990506907833
423 5 10.0 111.71371197414621
423 5 11.0 116.57863008097254
423 5 12.0 82.82676315973366
423 5 13.0 140.32024857887174
423 5 14.0 116.68279706075556
423 5 15.0 133.47741108033478
423 5 16.0 149.55542536426455
423 5 17.0 142.64444920967887
423 5 18.0 104.05607515054426
423 5 19.0 133.68681541931664
423 5 2.0 93.73374135016614
423 5 20.0 133.84285534430137
423 5 21.0 119.74562797643314
423 5 22.0 134.69158746338945
423 5 23.0 129.5037480847905
423 5 24.0 122.69230052021636
423 5 25.0 139.01562236249902
423 5 26.0 131.66204770748976
423 5 27.0 115.9247925175499
423 5 28.0 134.3188755621894
423 5 29.0 137.73988171234956
423 5 3.0 99.5735190735502
423 5 30.0 134.30137760912328
423 5 31.0 115.86069795777918
423 5 32.0 134.5024384918269
423 5 33.0 144.04077629094618
423 5 34.0 125.74144033614398
423 5 35.0 122.72959842948434
423 5 36.0 117.9244428406769
423 5 37.0 85.44651394875264
423 5 38.0 149.29060690122063
423 5 39.0 145.45922521622816
423 5 4.0 153.08747095406727
423 5 40.0 128.33816452137955
423 5 41.0 141.75166562471853
423 5 42.0 118.2100692203362
423 5 43.0 166.51848106198668
423 5 44.0 113.82892594660284
423 5 45.0 168.64780589837108
423 5 46.0 119.86847290914429
423 5 47.0 159.317464162827
423 5 48.0 152.41421054941532
423 5 49.0 115.16396915107767
423 5 5.0 145.9658252472848
423 5 50.0 163.81464238908688
423 5 51.0 166.17310647498934
423 5 52.0 147.05578583700935
423 5 53.0 101.23702508637639
423 5 54.0 79.3487108824899
423 5 55.0 113.71072386038124
423 5 56.0 145.0700532435513
423 5 57.0 94.7509507921686
423 5 58.0 108.25768827514801
423 5 59.0 152.9550901813547
423 5 6.0 112.97269238322468
423 5 60.0 91.74989747772112
423 5 7.0 124.93271416464916
423 5 8.0 141.39195555872206
423 5 9.0 97.99427571061555
423 6 1.0 104.34158602845636
423 6 10.0 103.07654374001942
423 6 11.0 132.96169883728325
423 6 12.0 140.07300898733692
423 6 13.0 166.2020997249878
423 6 14.0 124.39533128430115
423 6 15.0 137.1337487875956
423 6 16.0 157.99408290744358
423 6 17.0 113.79980414934548
423 6 18.0 170.17630355307875
423 6 19.0 111.30530273921534
423 6 2.0 102.87655493890823
423 6 20.0 156.86664481965533
423 6 21.0 168.91374982402453
423 6 22.0 176.96952760057516
423 6 23.0 89.88380888493613
423 6 24.0 93.29223490325445
423 6 25.0 130.4339961930158
423 6 26.0 97.08311098728907
423 6 27.0 130.14368288477107
423 6 28.0 148.3698598131539
423 6 29.0 96.14798314557646
423 6 3.0 100.54152778867868
423 6 30.0 113.16078786550483
423 6 31.0 111.55709518634139
423 6 32.0 99.6316834932168
423 6 33.0 106.43582332371017
423 6 34.0 165.98090400869097
423 6 35.0 131.5507981613172
423 6 36.0 125.20769195062759
423 6 37.0 100.6104283608243
423 6 38.0 104.32103775755265
423 6 39.0 70.91133967678373
423 6 4.0 154.4956347596368
423 6 40.0 83.42760850217226
423 6 41.0 108.67374295203281
423 6 42.0 106.47536045450758
423 6 43.0 118.59605450224602
423 6 44.0 143.7861311829807
423 6 45.0 112.83472194740702
423 6 46.0 95.4321159953429
423 6 47.0 131.55805242067512
423 6 48.0 168.6152611239938
423 6 49.0 157.58371953155506
423 6 5.0 95.3912729674184
423 6 50.0 139.44683759497568
423 6 51.0 133.06408536093318
423 6 52.0 152.01566726278068
423 6 53.0 110.79044937121402
423 6 54.0 86.30065918159698
423 6 55.0 160.28131313632048
423 6 56.0 115.06983625602787
423 6 57.0 155.37825041584813
423 6 58.0 133.05353061542615
423 6 59.0 150.29964682810512
423 6 6.0 83.28311664531311
423 6 60.0 77.71148181981978
423 6 7.0 163.20486453411607
423 6 8.0 86.88245651241435
423 6 9.0 153.22374428680132
424 5 1.0 126.35988158278539
424 5 10.0 114.72927200368258
424 5 11.0 116.85369105947032
424 5 12.0 134.7580266197381
424 5 13.0 100.67576328333188
424 5 14.0 97.5161767767229
424 5 15.0 105.03659171907758
424 5 16.0 113.82801147699051
424 5 17.0 131.64084841028128
424 5 18.0 130.89127344591947
424 5 19.0 160.49889975872628
424 5 2.0 75.64829119666472
424 5 20.0 93.34760891239787
424 5 21.0 110.89592029764223
424 5 22.0 156.34032023963397
424 5 23.0 140.14382758138495
424 5 24.0 173.3452484213735
424 5 25.0 160.37279694497562
424 5 26.0 149.6727099569166
424 5 27.0 157.13811806220517
424 5 28.0 136.90226409813792
424 5 29.0 119.69586209944063
424 5 3.0 94.02402329040399
424 5 30.0 110.45175963936757
424 5 31.0 111.47398328440681
424 5 32.0 132.6215634120344
424 5 33.0 166.4841901783179
424 5 34.0 137.49585855894742
424 5 35.0 137.68144642310702
424 5 36.0 99.19442146624232
424 5 37.0 98.6663645187051
424 5 38.0 111.91871685434361
424 5 39.0 113.44883899735895
424 5 4.0 132.020282142381
424 5 40.0 105.65532789452962
424 5 41.0 129.75049684555472
424 5 42.0 158.37590203329052
424 5 43.0 130.22570069252953
424 5 44.0 141.78974479415942
424 5 45.0 138.17721006021927
424 5 46.0 128.83445652277533
424 5 47.0 157.07510860520046
424 5 48.0 120.81798154827817
424 5 49.0 119.28737024961585
424 5 5.0 104.4066428287485
424 5 50.0 154.05680583541132
424 5 51.0 162.33559637766987
424 5 52.0 149.89323752947072
424 5 53.0 141.9358846268395
424 5 54.0 108.01084333416577
424 5 55.0 140.7185736237504
424 5 56.0 108.93155164205287
424 5 57.0 101.44374368942259
424 5 58.0 137.68529187142644
424 5 59.0 104.68049178708212
424 5 6.0 141.18103274403023
424 5 60.0 87.21344493163787
424 5 7.0 99.05225945771113
424 5 8.0 91.65444952771331
424 5 9.0 102.97915855352582
424 6 1.0 145.1015537883417
424 6 10.0 157.43088387640344
424 6 11.0 153.5115102170623
424 6 12.0 128.9441559863394
424 6 13.0 119.68457388703992
424 6 14.0 113.55762858572646
424 6 15.0 142.74954162237336
424 6 16.0 159.8689167430187
424 6 17.0 165.0445850368486
424 6 18.0 120.68832504689905
424 6 19.0 160.2634539950153
424 6 2.0 92.98150983282072
424 6 20.0 103.33019227695583
424 6 21.0 131.45137625764326
424 6 22.0 116.29903813266328
424 6 23.0 93.88820731145589
424 6 24.0 143.84084284825698
424 6 25.0 160.8026541996544
424 6 26.0 90.06297057992849
424 6 27.0 156.21088553266108
424 6 28.0 134.44901623155025
424 6 29.0 110.53875186427153
424 6 3.0 151.17392168737194
424 6 30.0 137.0679771617169
424 6 31.0 138.8354567338197
424 6 32.0 153.64965731741145
424 6 33.0 143.93805829763983
424 6 34.0 137.8368681062203
424 6 35.0 165.88450434002405
424 6 36.0 177.2572109728408
424 6 37.0 100.500045056623
424 6 38.0 86.35534265625562
424 6 39.0 143.66009644375362
424 6 4.0 99.92304411831846
424 6 40.0 132.31595748553642
424 6 41.0 107.33854131345244
424 6 42.0 115.91695633150013
424 6 43.0 76.06615564908581
424 6 44.0 151.62763200416498
424 6 45.0 121.87302457415788
424 6 46.0 98.0732699736468
424 6 47.0 137.1691754921725
424 6 48.0 104.22495585160358
424 6 49.0 101.98893380865661
424 6 5.0 127.17424086607227
424 6 50.0 133.10622993892076
424 6 51.0 93.33713940860764
424 6 52.0 155.15725851341546
424 6 53.0 98.90527007978291
424 6 54.0 76.05607358092445
424 6 55.0 150.43421354005392
424 6 56.0 115.13967747264394
424 6 57.0 170.56715506605016
424 6 58.0 119.58843272002122
424 6 59.0 108.16003793138759
424 6 6.0 103.14315246451424
424 6 60.0 99.30393274687883
424 6 7.0 92.54541715993794
424 6 8.0 89.87151037788337
424 6 9.0 140.27827229877562
425 5 1.0 121.48442651725922
425 5 10.0 107.593265580727
425 5 11.0 65.6202714896063
425 5 12.0 105.70921526863226
425 5 13.0 125.96380739464372
425 5 14.0 97.51755352495941
425 5 15.0 156.11467647452574
425 5 16.0 120.54940245308225
425 5 17.0 102.75478500115658
425 5 18.0 86.34417192138672
425 5 19.0 115.25614783412419
425 5 2.0 112.24325296799915
425 5 20.0 160.79933590709163
425 5 21.0 114.9135315766959
425 5 22.0 141.02570453820292
425 5 23.0 127.76240780650068
425 5 24.0 111.84311947079675
425 5 25.0 122.94021245130092
425 5 26.0 86.50370261651814
425 5 27.0 145.8651232272569
425 5 28.0 168.9446671907007
425 5 29.0 105.8010442748553
425 5 3.0 111.30386331243602
425 5 30.0 119.86134335053617
425 5 31.0 126.18950704295034
425 5 32.0 164.1883178909577
425 5 33.0 136.6064284228898
425 5 34.0 111.43238356561139
425 5 35.0 161.77534456358154
425 5 36.0 114.55336347229947
425 5 37.0 97.38130213243663
425 5 38.0 91.78448401194514
425 5 39.0 125.83924245863095
425 5 4.0 131.3816611821476
425 5 40.0 152.11730939140753
425 5 41.0 119.996889152399
425 5 42.0 137.86979722169258
425 5 43.0 120.9725782494435
425 5 44.0 119.5148041902773
425 5 45.0 103.87523888455972
425 5 46.0 87.75076575230912
425 5 47.0 122.30744998493003
425 5 48.0 149.92484815713067
425 5 49.0 131.1051359566605
425 5 5.0 82.73679683192836
425 5 50.0 99.30512431137146
425 5 51.0 146.0444387978514
425 5 52.0 130.07812508306347
425 5 53.0 102.39071331850107
425 5 54.0 113.06960164120204
425 5 55.0 139.09415261789147
425 5 56.0 137.4333265255665
425 5 57.0 104.31454432909763
425 5 58.0 135.89239020514012
425 5 59.0 149.2405047171254
425 5 6.0 118.25532311061949
425 5 60.0 146.02560212921992
425 5 7.0 142.31437094072544
425 5 8.0 140.33635295956404
425 5 9.0 140.52577248166168
425 6 1.0 150.5818179151551
425 6 10.0 87.23316114349174
425 6 11.0 155.79417088557864
425 6 12.0 134.6327349296352
425 6 13.0 154.01140455040755
425 6 14.0 115.11675106085345
425 6 15.0 142.78154048719117
425 6 16.0 137.11727920358177
425 6 17.0 115.09005293433141
425 6 18.0 150.381561618916
425 6 19.0 135.2421610679389
425 6 2.0 99.29559199412118
425 6 20.0 138.5535411610492
425 6 21.0 140.6700565884076
425 6 22.0 106.65389021947792
425 6 23.0 99.84294336839939
425 6 24.0 165.2802315599834
425 6 25.0 97.62302104964863
425 6 26.0 101.3592567601755
425 6 27.0 116.35900649964698
425 6 28.0 139.83815218019154
425 6 29.0 138.64448674697823
425 6 3.0 158.89515388280662
425 6 30.0 130.496928469177
425 6 31.0 114.58855049170491
425 6 32.0 135.6891034208229
425 6 33.0 170.15907026325442
425 6 34.0 150.3397594279275
425 6 35.0 113.4975833626487
425 6 36.0 150.56277470471215
425 6 37.0 110.00583837385902
425 6 38.0 137.5307343758603
425 6 39.0 148.0629442221138
425 6 4.0 113.0063129037722
425 6 40.0 121.96954902427775
425 6 41.0 85.18117323302042
425 6 42.0 102.6008643846509
425 6 43.0 144.47655858605546
425 6 44.0 155.2797143489426
425 6 45.0 159.31071191420236
425 6 46.0 74.7813884111025
425 6 47.0 120.72973903791438
425 6 48.0 99.16730347668098
425 6 49.0 92.61134310004329
425 6 5.0 78.20455398629932
425 6 50.0 107.27262697616264
425 6 51.0 156.00407073042447
425 6 52.0 137.28576109659258
425 6 53.0 138.98072465133507
425 6 54.0 120.5829563630059
425 6 55.0 166.53460068942758
425 6 56.0 147.87661462008157
425 6 57.0 134.6858030233457
425 6 58.0 120.00272055255985
425 6 59.0 123.88061958039084
425 6 6.0 130.52360685583224
425 6 60.0 75.11164158679746
425 6 7.0 121.672745698435
425 6 8.0 122.61122105614886
425 6 9.0 132.09384699856713
426 5 1.0 148.99191658434495
426 5 10.0 141.161081291703
426 5 11.0 67.89558751236261
426 5 12.0 101.19961815025178
426 5 13.0 117.08546640279877
426 5 14.0 96.41085322295282
426 5 15.0 132.75519039216164
426 5 16.0 147.5857258691337
426 5 17.0 131.6477820430223
426 5 18.0 102.16807459655836
426 5 19.0 90.25650414742266
426 5 2.0 100.39465519010719
426 5 20.0 81.2734699533808
426 5 21.0 128.68748338547195
426 5 22.0 143.4550516365543
426 5 23.0 108.87652863848848
426 5 24.0 102.78794179958118
426 5 25.0 132.49568655178456
426 5 26.0 97.30620927623922
426 5 27.0 119.80885160801878
426 5 28.0 120.97053465869092
426 5 29.0 117.9498407040418
426 5 3.0 107.94643200138762
426 5 30.0 143.71505512800732
426 5 31.0 153.33790982914854
426 5 32.0 140.59442616740532
426 5 33.0 143.06601364851312
426 5 34.0 97.67306209142475
426 5 35.0 150.392712112557
426 5 36.0 111.77912548078521
426 5 37.0 114.03819578221896
426 5 38.0 109.15760389251614
426 5 39.0 151.35360816259805
426 5 4.0 127.96924998983519
426 5 40.0 159.26053976188246
426 5 41.0 122.3407251210216
426 5 42.0 141.5422349974929
426 5 43.0 131.9052471381537
426 5 44.0 108.60913723625656
426 5 45.0 157.37449069872758
426 5 46.0 86.55590322045978
426 5 47.0 153.46996954477095
426 5 48.0 152.53957714055184
426 5 49.0 130.99239357155315
426 5 5.0 136.02888054193284
426 5 50.0 99.43983542098393
426 5 51.0 172.8212393148426
426 5 52.0 153.81258738516848
426 5 53.0 123.98807820245618
426 5 54.0 140.40635991973647
426 5 55.0 138.62802400044447
426 5 56.0 121.68507270269102
426 5 57.0 122.64110136138817
426 5 58.0 161.25408780799785
426 5 59.0 155.6326247108155
426 5 6.0 106.07721608418365
426 5 60.0 126.17520453670859
426 5 7.0 123.4614963457213
426 5 8.0 118.89549469221805
426 5 9.0 141.17112150305397
426 6 1.0 127.35144881948835
426 6 10.0 111.81355165825867
426 6 11.0 167.93565228250472
426 6 12.0 131.81061093260934
426 6 13.0 173.0350244899546
426 6 14.0 128.02491761781664
426 6 15.0 124.59798043798725
426 6 16.0 115.20160912411133
426 6 17.0 131.41345885831473
426 6 18.0 123.8143187568044
426 6 19.0 134.74488612823245
426 6 2.0 133.11324346944593
426 6 20.0 117.22376197967255
426 6 21.0 108.7922463587398
426 6 22.0 126.11838537304779
426 6 23.0 80.83128043155949
426 6 24.0 114.64789941419107
426 6 25.0 127.33731049006145
426 6 26.0 100.34062264382253
426 6 27.0 109.31894301255808
426 6 28.0 149.67538930617238
426 6 29.0 163.60286694505817
426 6 3.0 138.72003251469806
426 6 30.0 109.64333729100848
426 6 31.0 129.45907008082366
426 6 32.0 140.1029075398269
426 6 33.0 121.72672879593529
426 6 34.0 144.37539789672243
426 6 35.0 134.94895598000463
426 6 36.0 117.03434281534506
426 6 37.0 130.21897144083812
426 6 38.0 141.42008479343406
426 6 39.0 105.57739647381248
426 6 4.0 151.25831382344703
426 6 40.0 131.97951293834961
426 6 41.0 121.64568403844025
426 6 42.0 143.96911362200285
426 6 43.0 95.63726723882165
426 6 44.0 135.60171862185751
426 6 45.0 170.83138393623068
426 6 46.0 109.81947619372816
426 6 47.0 161.17861351846162
426 6 48.0 92.05251269501481
426 6 49.0 119.27834895172234
426 6 5.0 132.67991870766878
426 6 50.0 120.79221224283235
426 6 51.0 88.28189018870741
426 6 52.0 96.21762903500509
426 6 53.0 108.89405696803226
426 6 54.0 87.46177454264183
426 6 55.0 143.80913867711226
426 6 56.0 101.03216639698651
426 6 57.0 96.5399699504208
426 6 58.0 117.60435226833764
426 6 59.0 130.4220479100331
426 6 6.0 118.33004719189697
426 6 60.0 112.5451090513787
426 6 7.0 148.57838999746005
426 6 8.0 89.11322969593012
426 6 9.0 116.26588769464618
427 5 1.0 140.39722442590602
427 5 10.0 107.27262634269543
427 5 11.0 149.90782754138334
427 5 12.0 92.61003720876134
427 5 13.0 107.92702714660383
427 5 14.0 139.33719118073077
427 5 15.0 118.80502203054643
427 5 16.0 151.29530274834318
427 5 17.0 118.21631025229698
427 5 18.0 126.55964222765338
427 5 19.0 148.34950727888813
427 5 2.0 130.20580634441313
427 5 20.0 98.25536678456929
427 5 21.0 140.2325676133493
427 5 22.0 151.00146062187707
427 5 23.0 140.8542240823806
427 5 24.0 173.89326197141617
427 5 25.0 157.3435800162014
427 5 26.0 108.78885418704384
427 5 27.0 132.69338610056124
427 5 28.0 113.96781815680984
427 5 29.0 102.35591446283875
427 5 3.0 85.2830418186151
427 5 30.0 119.00965467157955
427 5 31.0 106.10336847652063
427 5 32.0 169.48441439855355
427 5 33.0 139.35547870460059
427 5 34.0 112.46725038563582
427 5 35.0 122.50907728743434
427 5 36.0 146.9552472354098
427 5 37.0 108.0177559642671
427 5 38.0 125.24973016870176
427 5 39.0 99.3971850064767
427 5 4.0 145.87036127537775
427 5 40.0 139.93650561135127
427 5 41.0 101.67424586694631
427 5 42.0 125.97598054341077
427 5 43.0 103.1444911153178
427 5 44.0 117.90610107201621
427 5 45.0 116.03709663267048
427 5 46.0 113.83376681960398
427 5 47.0 157.45677606591482
427 5 48.0 118.06071965724705
427 5 49.0 119.37881125518172
427 5 5.0 100.24706468182323
427 5 50.0 177.34149356778445
427 5 51.0 145.08683692055527
427 5 52.0 134.656584481332
427 5 53.0 141.44497477372317
427 5 54.0 117.33320318398435
427 5 55.0 127.93298343847432
427 5 56.0 92.33468931412327
427 5 57.0 133.74677910952386
427 5 58.0 158.45460429018925
427 5 59.0 90.91369358703965
427 5 6.0 137.09924409655818
427 5 60.0 106.69100689911046
427 5 7.0 80.26011739510004
427 5 8.0 99.60731362325072
427 5 9.0 156.20464513304046
427 6 1.0 134.24034034574748
427 6 10.0 132.3953965744497
427 6 11.0 96.96293480563547
427 6 12.0 110.49077583570589
427 6 13.0 167.82087547660228
427 6 14.0 95.64574072722684
427 6 15.0 131.1803297900703
427 6 16.0 161.01982078765525
427 6 17.0 163.15945035442516
427 6 18.0 91.20872959033179
427 6 19.0 109.57243194712844
427 6 2.0 136.6904062849558
427 6 20.0 118.34019461200995
427 6 21.0 90.62371534802098
427 6 22.0 149.2151524912454
427 6 23.0 126.36285899971432
427 6 24.0 121.34575930288774
427 6 25.0 127.28525099596645
427 6 26.0 112.09303738578646
427 6 27.0 121.95548244885377
427 6 28.0 101.25391354523192
427 6 29.0 88.36203645197023
427 6 3.0 95.15823298594452
427 6 30.0 124.80571586373698
427 6 31.0 121.16702253968586
427 6 32.0 105.296721791485
427 6 33.0 77.79898078127522
427 6 34.0 106.44160148875916
427 6 35.0 152.4049233700676
427 6 36.0 141.11172606885373
427 6 37.0 140.21196435601607
427 6 38.0 141.00359052463352
427 6 39.0 105.26863901578467
427 6 4.0 146.74545537960913
427 6 40.0 120.19402369194347
427 6 41.0 136.25765627761245
427 6 42.0 142.4449490409758
427 6 43.0 106.7105436417408
427 6 44.0 149.64867516792367
427 6 45.0 121.93189683573793
427 6 46.0 77.67380235674906
427 6 47.0 108.11317333132547
427 6 48.0 148.3129433059196
427 6 49.0 155.77469550668084
427 6 5.0 109.0323480372953
427 6 50.0 140.55435674593485
427 6 51.0 115.01784257893941
427 6 52.0 116.27367367701387
427 6 53.0 94.70525897846849
427 6 54.0 117.20862547821618
427 6 55.0 153.53230848914288
427 6 56.0 137.21251621971868
427 6 57.0 85.46854943133602
427 6 58.0 155.96549108705923
427 6 59.0 125.12753536955762
427 6 6.0 139.54246252057263
427 6 60.0 90.01813753109724
427 6 7.0 98.86337608963699
427 6 8.0 126.93006953890468
427 6 9.0 126.26532664672251
428 5 1.0 159.2771526449355
428 5 10.0 117.52839763618863
428 5 11.0 132.10068991562278
428 5 12.0 143.5606215273973
428 5 13.0 144.76023963668314
428 5 14.0 117.55608147574135
428 5 15.0 76.35467000108565
428 5 16.0 147.75718114141324
428 5 17.0 117.18720277830809
428 5 18.0 94.0578247145883
428 5 19.0 147.90536713992213
428 5 2.0 97.15268660497576
428 5 20.0 85.518549134058
428 5 21.0 121.31200330069413
428 5 22.0 95.34323201882094
428 5 23.0 123.59087957348044
428 5 24.0 158.9871110542904
428 5 25.0 118.63716167973405
428 5 26.0 92.80333256848829
428 5 27.0 111.87557962865783
428 5 28.0 153.6568592370917
428 5 29.0 126.46834151508574
428 5 3.0 86.52944919363964
428 5 30.0 143.60115428593724
428 5 31.0 145.75180358379325
428 5 32.0 140.55652362124465
428 5 33.0 141.98660152012351
428 5 34.0 127.58684120485053
428 5 35.0 146.49318478823153
428 5 36.0 124.64267225404295
428 5 37.0 106.66292280946766
428 5 38.0 101.44160599678195
428 5 39.0 133.3889319208936
428 5 4.0 102.73782296682167
428 5 40.0 140.23123962855016
428 5 41.0 167.39162347400972
428 5 42.0 112.76926013555614
428 5 43.0 132.94746511701433
428 5 44.0 136.55549010135258
428 5 45.0 102.56994914191276
428 5 46.0 135.9684514458626
428 5 47.0 86.50575607151796
428 5 48.0 94.8943657403951
428 5 49.0 107.22270270170426
428 5 5.0 125.61493891559172
428 5 50.0 131.02337348120943
428 5 51.0 164.8221968029027
428 5 52.0 108.45632385540034
428 5 53.0 168.2373885185815
428 5 54.0 123.96713762362198
428 5 55.0 172.77300270449268
428 5 56.0 142.5523295926371
428 5 57.0 119.6196094950218
428 5 58.0 151.43097743929474
428 5 59.0 141.90665549457685
428 5 6.0 109.25099967410759
428 5 60.0 86.21985641678774
428 5 7.0 173.78909138976186
428 5 8.0 112.81247638931276
428 5 9.0 81.33522490713881
428 6 1.0 149.13635627132908
428 6 10.0 94.54411117692021
428 6 11.0 110.85284809032666
428 6 12.0 161.86160823033174
428 6 13.0 163.49887640216994
428 6 14.0 138.98719086300437
428 6 15.0 127.63147336153791
428 6 16.0 156.664266695984
428 6 17.0 111.54528339255772
428 6 18.0 87.70972883823963
428 6 19.0 108.7958569327803
428 6 2.0 125.32375882099008
428 6 20.0 74.14237035501112
428 6 21.0 131.57999070794384
428 6 22.0 95.9645499612464
428 6 23.0 142.37271973125002
428 6 24.0 115.54362509436588
428 6 25.0 113.37436906093923
428 6 26.0 92.15707363888689
428 6 27.0 128.20307570701277
428 6 28.0 153.3538077654257
428 6 29.0 93.09411541228818
428 6 3.0 103.44987437268703
428 6 30.0 141.02514799182805
428 6 31.0 130.7306107483188
428 6 32.0 116.58554630353024
428 6 33.0 144.14545740917973
428 6 34.0 110.82364400620287
428 6 35.0 125.23187183772093
428 6 36.0 161.05040529594282
428 6 37.0 173.56323924462546
428 6 38.0 128.9524433646214
428 6 39.0 75.86089378395455
428 6 4.0 139.49281126695107
428 6 40.0 107.76655825139072
428 6 41.0 93.33571351015296
428 6 42.0 103.65382410816515
428 6 43.0 120.91331708610942
428 6 44.0 153.86955747947638
428 6 45.0 120.85031013293772
428 6 46.0 127.5625665492907
428 6 47.0 118.71537368376323
428 6 48.0 150.62154367424327
428 6 49.0 94.05623874658714
428 6 5.0 138.0448263792316
428 6 50.0 130.02073349954267
428 6 51.0 140.9807755666402
428 6 52.0 125.74914602390362
428 6 53.0 145.80375242212995
428 6 54.0 116.94133711249387
428 6 55.0 146.73389030085653
428 6 56.0 102.52979194495809
428 6 57.0 68.79973912716693
428 6 58.0 137.64210184530916
428 6 59.0 138.5243959914569
428 6 6.0 176.18904907975698
428 6 60.0 140.48312800035802
428 6 7.0 141.24470181349736
428 6 8.0 98.31148615657153
428 6 9.0 110.78975800653767
429 5 1.0 139.24864245060533
429 5 10.0 128.32240065318334
429 5 11.0 79.47250825469423
429 5 12.0 99.29427610277067
429 5 13.0 123.08131981653001
429 5 14.0 95.96900250195527
429 5 15.0 116.12625565473917
429 5 16.0 119.9603935976301
429 5 17.0 129.11009215784534
429 5 18.0 100.78966392865644
429 5 19.0 111.19209635048433
429 5 2.0 112.68506626377795
429 5 20.0 124.03963335942089
429 5 21.0 138.43228872198898
429 5 22.0 119.1406594109671
429 5 23.0 132.93054553218923
429 5 24.0 89.56993117119295
429 5 25.0 167.4851733334319
429 5 26.0 108.32181328767578
429 5 27.0 160.6860187667688
429 5 28.0 137.5146366167029
429 5 29.0 116.39269024859772
429 5 3.0 126.93451760277964
429 5 30.0 128.61690984271945
429 5 31.0 131.58917635786153
429 5 32.0 157.45609618551288
429 5 33.0 147.35996469424765
429 5 34.0 107.87349539716979
429 5 35.0 152.57982967115655
429 5 36.0 161.00065200847953
429 5 37.0 94.48966238734613
429 5 38.0 115.66197445173736
429 5 39.0 147.20666142059284
429 5 4.0 120.74161595373884
429 5 40.0 133.4054531568857
429 5 41.0 112.99382675436613
429 5 42.0 125.78619606035424
429 5 43.0 94.55895735301638
429 5 44.0 147.36175135464245
429 5 45.0 126.61548695524512
429 5 46.0 136.94646776107493
429 5 47.0 160.08060315664113
429 5 48.0 136.56180975441612
429 5 49.0 132.7458754329494
429 5 5.0 90.6277648856543
429 5 50.0 109.76142478896851
429 5 51.0 158.17566594722297
429 5 52.0 122.22104288449573
429 5 53.0 132.33410931717245
429 5 54.0 100.38770326558972
429 5 55.0 110.427353855667
429 5 56.0 144.42201419781148
429 5 57.0 124.59023529614537
429 5 58.0 96.6458286651803
429 5 59.0 137.24037957228794
429 5 6.0 102.7164680965843
429 5 60.0 97.72388702118053
429 5 7.0 123.18409061956594
429 5 8.0 150.89455034574573
429 5 9.0 127.23382114916497
429 6 1.0 133.52703196970344
429 6 10.0 110.61530998898331
429 6 11.0 97.65587442554225
429 6 12.0 94.78739079328336
429 6 13.0 127.60882447738129
429 6 14.0 133.62356314309878
429 6 15.0 165.31250157867785
429 6 16.0 118.80769056721633
429 6 17.0 113.57598130114518
429 6 18.0 103.78339581491905
429 6 19.0 155.73860928798004
429 6 2.0 126.03664546750261
429 6 20.0 126.60649552015077
429 6 21.0 118.3881402741836
429 6 22.0 75.36336352859779
429 6 23.0 148.8266352142673
429 6 24.0 123.74657076440934
429 6 25.0 148.6905418718102
429 6 26.0 97.02591760806158
429 6 27.0 146.34664404216105
429 6 28.0 134.87029420471387
429 6 29.0 98.21512845516074
429 6 3.0 99.53635825350283
429 6 30.0 144.54703037790551
429 6 31.0 133.17455802005875
429 6 32.0 140.12554828431468
429 6 33.0 93.38199491761966
429 6 34.0 144.79858414906272
429 6 35.0 153.75176316559438
429 6 36.0 160.96947292452978
429 6 37.0 123.01674052416396
429 6 38.0 145.98348697884532
429 6 39.0 161.66147188529064
429 6 4.0 154.58277312289871
429 6 40.0 115.71286295133886
429 6 41.0 99.28998279475445
429 6 42.0 168.20193184315755
429 6 43.0 114.20937894352808
429 6 44.0 128.7731259394872
429 6 45.0 138.4208058923843
429 6 46.0 110.54797698964732
429 6 47.0 135.72348249229265
429 6 48.0 168.03662556166634
429 6 49.0 82.26457855506509
429 6 5.0 116.04527891938764
429 6 50.0 149.3031473104857
429 6 51.0 170.4921688962804
429 6 52.0 129.98564961294056
429 6 53.0 87.18126399923716
429 6 54.0 124.64531861396291
429 6 55.0 108.38994113409744
429 6 56.0 163.4802484161344
429 6 57.0 138.78792666304153
429 6 58.0 102.00148931140107
429 6 59.0 146.519652097326
429 6 6.0 111.13500330758737
429 6 60.0 128.76713810591352
429 6 7.0 106.95859604322645
429 6 8.0 94.491340756182
429 6 9.0 130.27678846002158
430 5 1.0 96.46780683247074
430 5 10.0 106.9578586865623
430 5 11.0 163.0068563009665
430 5 12.0 127.14098109482005
430 5 13.0 175.35676105383254
430 5 14.0 121.43618851322383
430 5 15.0 150.01946146783618
430 5 16.0 130.18300961104296
430 5 17.0 114.0072922521282
430 5 18.0 117.70267413982681
430 5 19.0 140.469600565734
430 5 2.0 79.36032159937739
430 5 20.0 125.92063891314393
430 5 21.0 127.2496121577026
430 5 22.0 127.86069878453408
430 5 23.0 116.54301075530462
430 5 24.0 177.77856676068387
430 5 25.0 150.8778837851182
430 5 26.0 92.70128536549271
430 5 27.0 121.38148291448412
430 5 28.0 143.80224659692323
430 5 29.0 94.89022135856548
430 5 3.0 161.07080544975912
430 5 30.0 120.05288224680938
430 5 31.0 142.58119090773914
430 5 32.0 111.55992391594003
430 5 33.0 123.57507737734184
430 5 34.0 94.05546117704023
430 5 35.0 121.81159528922407
430 5 36.0 107.3767088898294
430 5 37.0 116.73371931013907
430 5 38.0 140.54535629497337
430 5 39.0 152.6161782899194
430 5 4.0 138.56133226693035
430 5 40.0 154.70765215147503
430 5 41.0 121.80319504419124
430 5 42.0 111.15740720133826
430 5 43.0 120.85828374880661
430 5 44.0 131.88121028353643
430 5 45.0 111.71937873024339
430 5 46.0 148.3513330066871
430 5 47.0 116.81217149582862
430 5 48.0 129.53799814302033
430 5 49.0 137.06522231676482
430 5 5.0 93.82023514098336
430 5 50.0 148.33998761929365
430 5 51.0 138.60377540018578
430 5 52.0 119.48359986105795
430 5 53.0 113.6097083774472
430 5 54.0 131.68484520323554
430 5 55.0 145.0498322953985
430 5 56.0 157.13342776381052
430 5 57.0 115.94268852781187
430 5 58.0 136.8272376177385
430 5 59.0 121.92069037027069
430 5 6.0 113.58793506660349
430 5 60.0 118.564471274767
430 5 7.0 103.64945405094252
430 5 8.0 130.90548061614766
430 5 9.0 139.86284783509518
430 6 1.0 148.00456316416367
430 6 10.0 141.37775709709015
430 6 11.0 87.66281578234755
430 6 12.0 128.55052098159106
430 6 13.0 140.53829335009493
430 6 14.0 142.03235435074356
430 6 15.0 151.79646452747352
430 6 16.0 110.1086395642473
430 6 17.0 129.47128292636216
430 6 18.0 112.16988193668804
430 6 19.0 136.81118376208107
430 6 2.0 114.19051547599206
430 6 20.0 122.21285988988028
430 6 21.0 91.31599452820467
430 6 22.0 151.16280258463186
430 6 23.0 92.94303653053775
430 6 24.0 124.98336317231067
430 6 25.0 93.66347475360904
430 6 26.0 93.10286008365355
430 6 27.0 82.41084393911791
430 6 28.0 139.9476983055234
430 6 29.0 73.61388932593471
430 6 3.0 122.25023368251416
430 6 30.0 144.75805962618946
430 6 31.0 156.51518744469863
430 6 32.0 123.53060485109658
430 6 33.0 129.2067059388001
430 6 34.0 113.23810171907802
430 6 35.0 131.23732182304713
430 6 36.0 145.96274058646796
430 6 37.0 102.25328836092118
430 6 38.0 104.98093247660103
430 6 39.0 124.03446285320594
430 6 4.0 94.00219542032383
430 6 40.0 107.20270061769659
430 6 41.0 90.78469972459865
430 6 42.0 132.9906427630539
430 6 43.0 121.29444565501346
430 6 44.0 172.08995104258125
430 6 45.0 105.28274398485011
430 6 46.0 75.49482853332688
430 6 47.0 146.01060143603843
430 6 48.0 146.24455867429504
430 6 49.0 78.25608744599916
430 6 5.0 131.1527010543428
430 6 50.0 98.99933019247928
430 6 51.0 158.5679365500085
430 6 52.0 100.40475501006702
430 6 53.0 166.08654803257537
430 6 54.0 131.44812483890001
430 6 55.0 127.49271042085843
430 6 56.0 91.95370642659414
430 6 57.0 152.07749290577618
430 6 58.0 88.84411819666788
430 6 59.0 107.84953911915716
430 6 6.0 168.24897046294132
430 6 60.0 88.70852205906006
430 6 7.0 158.7247493179186
430 6 8.0 149.34234042702457
430 6 9.0 138.97215917551372
431 5 1.0 131.17120864468632
431 5 10.0 128.19251071420155
431 5 11.0 94.60202486088475
431 5 12.0 119.38758448155545
431 5 13.0 94.32573027367532
431 5 14.0 122.79112863451196
431 5 15.0 146.93848269917765
431 5 16.0 128.5344935958745
431 5 17.0 151.39328684488498
431 5 18.0 92.1414705573293
431 5 19.0 131.20198300982796
431 5 2.0 86.19961326017547
431 5 20.0 155.7376322127034
431 5 21.0 79.65237910749141
431 5 22.0 160.29644407606688
431 5 23.0 102.75493398174979
431 5 24.0 130.26716534663623
431 5 25.0 161.64642349722695
431 5 26.0 95.54045759620543
431 5 27.0 145.12286972525692
431 5 28.0 114.82392848039176
431 5 29.0 85.51865404461928
431 5 3.0 125.7316008605033
431 5 30.0 131.76942927794113
431 5 31.0 141.09523328032043
431 5 32.0 130.38800795457487
431 5 33.0 123.33200076621551
431 5 34.0 111.25530052302923
431 5 35.0 140.59416435703542
431 5 36.0 138.86321914141675
431 5 37.0 97.16116355679996
431 5 38.0 125.42580824968756
431 5 39.0 145.75482775650946
431 5 4.0 114.8449812178731
431 5 40.0 91.28240515857416
431 5 41.0 118.36944275429427
431 5 42.0 95.05142583428005
431 5 43.0 116.1742406274035
431 5 44.0 135.8725351477124
431 5 45.0 103.27070831464107
431 5 46.0 90.5725892981069
431 5 47.0 94.27582655164534
431 5 48.0 130.2307484290269
431 5 49.0 145.768535816497
431 5 5.0 142.77811164152385
431 5 50.0 107.14025856149689
431 5 51.0 155.88135449277033
431 5 52.0 151.88151028963642
431 5 53.0 128.25578753313778
431 5 54.0 124.93169735463525
431 5 55.0 122.80811186711574
431 5 56.0 150.3404202918867
431 5 57.0 98.74546378379374
431 5 58.0 164.66259320419226
431 5 59.0 119.42041421898644
431 5 6.0 165.68054154437044
431 5 60.0 80.90730267595366
431 5 7.0 123.13289054883464
431 5 8.0 112.60432330023505
431 5 9.0 141.25995048503015
431 6 1.0 123.89874484344487
431 6 10.0 145.29071073888576
431 6 11.0 165.00496697063903
431 6 12.0 135.2574402953942
431 6 13.0 152.3743293394023
431 6 14.0 139.4160681668134
431 6 15.0 115.18526139852274
431 6 16.0 135.65122662677342
431 6 17.0 153.86591272103948
431 6 18.0 104.01927488834804
431 6 19.0 111.84575659665721
431 6 2.0 128.42899101760887
431 6 20.0 117.78458354334678
431 6 21.0 134.35510200525945
431 6 22.0 157.96728093569743
431 6 23.0 169.5505083144165
431 6 24.0 158.40362353178148
431 6 25.0 114.5910228792625
431 6 26.0 94.53356494937502
431 6 27.0 106.59276842698253
431 6 28.0 144.60443829372548
431 6 29.0 101.52508629673595
431 6 3.0 131.41813099239351
431 6 30.0 117.06207033796633
431 6 31.0 148.2161277003945
431 6 32.0 128.99673188440806
431 6 33.0 144.93755122922042
431 6 34.0 153.6693781502184
431 6 35.0 142.2621885614626
431 6 36.0 130.52432225879892
431 6 37.0 100.95869459958553
431 6 38.0 77.93400454131464
431 6 39.0 114.76966036119074
431 6 4.0 139.89854426045713
431 6 40.0 143.21046737154788
431 6 41.0 140.84036381052712
431 6 42.0 107.41342135343396
431 6 43.0 105.55834436595426
431 6 44.0 157.3680136147796
431 6 45.0 119.70240640488772
431 6 46.0 80.91766963387029
431 6 47.0 106.72497086806537
431 6 48.0 134.2811502089895
431 6 49.0 147.98653701176846
431 6 5.0 132.69931200954682
431 6 50.0 122.55988620908154
431 6 51.0 104.74521589716241
431 6 52.0 129.48995136420302
431 6 53.0 162.1323396258903
431 6 54.0 88.46215614992602
431 6 55.0 138.23424848339852
431 6 56.0 112.30127438159565
431 6 57.0 94.96378473164573
431 6 58.0 75.00593622743428
431 6 59.0 106.68148378608501
431 6 6.0 107.95355486733705
431 6 60.0 147.98487404575266
431 6 7.0 139.02783793444675
431 6 8.0 161.55198371421187
431 6 9.0 119.82271574037252
432 5 1.0 139.30616641283922
432 5 10.0 92.58107413975624
432 5 11.0 104.17820250250722
432 5 12.0 140.65924888469692
432 5 13.0 91.03584415444298
432 5 14.0 125.03309855034153
432 5 15.0 120.45914060004452
432 5 16.0 109.15916211375182
432 5 17.0 100.26348493938389
432 5 18.0 96.85783811496727
432 5 19.0 101.73998702288759
432 5 2.0 112.6234107582208
432 5 20.0 150.29980994219582
432 5 21.0 144.4264243831192
432 5 22.0 136.69994595341183
432 5 23.0 108.61899523066545
432 5 24.0 154.0492084340376
432 5 25.0 154.25304498856585
432 5 26.0 93.76189560074056
432 5 27.0 134.3177554700516
432 5 28.0 128.51563021694216
432 5 29.0 135.8775686865695
432 5 3.0 135.71912042349487
432 5 30.0 138.30563734798594
432 5 31.0 148.29711709758325
432 5 32.0 120.57156239807914
432 5 33.0 133.17567667864762
432 5 34.0 146.00797796481757
432 5 35.0 100.81227121503164
432 5 36.0 113.43318558923478
432 5 37.0 115.0267737212177
432 5 38.0 114.88269582570642
432 5 39.0 108.05763836088347
432 5 4.0 114.8935297388076
432 5 40.0 84.47923571740493
432 5 41.0 129.61140705515686
432 5 42.0 127.08835356127209
432 5 43.0 160.7836915831059
432 5 44.0 96.33460411720417
432 5 45.0 84.76950865949122
432 5 46.0 100.71542332679552
432 5 47.0 170.02368451138
432 5 48.0 167.35488960866695
432 5 49.0 146.25898429419442
432 5 5.0 125.71681745558155
432 5 50.0 165.01929680843995
432 5 51.0 145.87314262623792
432 5 52.0 144.07989698565362
432 5 53.0 132.62679604622832
432 5 54.0 86.5827677179629
432 5 55.0 161.9324169564518
432 5 56.0 142.93448163762483
432 5 57.0 92.37745726090854
432 5 58.0 138.42344090540817
432 5 59.0 152.40801032300766
432 5 6.0 101.88825714041106
432 5 60.0 90.01096350246087
432 5 7.0 131.36305356673523
432 5 8.0 140.38644134294137
432 5 9.0 153.74394471137703
432 6 1.0 122.3322526650409
432 6 10.0 128.8432692224932
432 6 11.0 99.45202249586697
432 6 12.0 98.8403864608285
432 6 13.0 120.87876272931878
432 6 14.0 142.92873928373484
432 6 15.0 140.89173570814975
432 6 16.0 103.46805590232707
432 6 17.0 146.61035679826423
432 6 18.0 153.24504493433432
432 6 19.0 144.14477552490254
432 6 2.0 90.5919106671769
432 6 20.0 145.94663165174546
432 6 21.0 104.3424907945165
432 6 22.0 111.81022955592648
432 6 23.0 107.4711295088145
432 6 24.0 136.16899881798432
432 6 25.0 91.88826735501921
432 6 26.0 113.22289618432015
432 6 27.0 142.93200555530728
432 6 28.0 145.0756493488741
432 6 29.0 138.2271727307067
432 6 3.0 132.79792963431308
432 6 30.0 148.56866918956607
432 6 31.0 123.45673239767697
432 6 32.0 142.48936863910023
432 6 33.0 130.09871463691158
432 6 34.0 109.54103421426727
432 6 35.0 97.83663632390025
432 6 36.0 136.4640392885586
432 6 37.0 141.83670543858653
432 6 38.0 146.32120455911635
432 6 39.0 66.47219721691224
432 6 4.0 125.6387315114253
432 6 40.0 115.25253613690687
432 6 41.0 136.24840817695292
432 6 42.0 84.91305874265656
432 6 43.0 139.73669620841474
432 6 44.0 162.77353918446414
432 6 45.0 120.44139565838185
432 6 46.0 84.2762164227725
432 6 47.0 172.4347206830701
432 6 48.0 131.825110399391
432 6 49.0 121.14020729542808
432 6 5.0 117.05443990681253
432 6 50.0 102.67701413050182
432 6 51.0 125.83337536431925
432 6 52.0 159.2784570982291
432 6 53.0 114.92952905639471
432 6 54.0 106.43033465539675
432 6 55.0 152.00401701126054
432 6 56.0 170.4043077757179
432 6 57.0 131.6982708049628
432 6 58.0 137.8845055848981
432 6 59.0 130.0472040780842
432 6 6.0 127.5181246450348
432 6 60.0 85.56797183094561
432 6 7.0 130.04840305599888
432 6 8.0 142.14213119927774
432 6 9.0 99.84214930025362
433 5 1.0 110.58466154805026
433 5 10.0 123.30280262805289
433 5 11.0 135.20427551587696
433 5 12.0 99.59721871543478
433 5 13.0 129.36490930172977
433 5 14.0 143.85918997968747
433 5 15.0 123.37435703995325
433 5 16.0 96.47022623663774
433 5 17.0 112.75855542593777
433 5 18.0 103.86136182925044
433 5 19.0 127.09728997459602
433 5 2.0 114.71353461317356
433 5 20.0 159.23918228211548
433 5 21.0 86.79518672135768
433 5 22.0 110.03275936425229
433 5 23.0 157.50273200493803
433 5 24.0 144.17608320209004
433 5 25.0 153.36561041176628
433 5 26.0 121.72856443785221
433 5 27.0 149.24295330309508
433 5 28.0 105.94121417663717
433 5 29.0 79.44605801462927
433 5 3.0 162.38013780695047
433 5 30.0 162.0716391750232
433 5 31.0 106.42623566840997
433 5 32.0 127.89903231491337
433 5 33.0 159.41772237394972
433 5 34.0 110.30111151457666
433 5 35.0 96.86459321471308
433 5 36.0 74.2577209332225
433 5 37.0 112.73580689298561
433 5 38.0 142.36287769127208
433 5 39.0 120.38670609939068
433 5 4.0 120.68989710752699
433 5 40.0 87.80154766137176
433 5 41.0 148.19902107023307
433 5 42.0 149.078449649349
433 5 43.0 105.41424373242938
433 5 44.0 129.47467004197645
433 5 45.0 112.48699955655283
433 5 46.0 144.12699123853022
433 5 47.0 123.01990929880546
433 5 48.0 115.32599558106656
433 5 49.0 127.01283171886953
433 5 5.0 158.39105185350604
433 5 50.0 152.92344207825911
433 5 51.0 150.94419620108573
433 5 52.0 152.32450758186255
433 5 53.0 78.9225490079386
433 5 54.0 127.0910549628778
433 5 55.0 123.50012253113258
433 5 56.0 155.60474893420493
433 5 57.0 101.45045070501735
433 5 58.0 152.0188593168695
433 5 59.0 156.72366967141534
433 5 6.0 112.25728540421692
433 5 60.0 87.17905038876266
433 5 7.0 170.2799676245332
433 5 8.0 158.50560285282626
433 5 9.0 110.61301965231586
433 6 1.0 139.63858759676367
433 6 10.0 131.3808217841041
433 6 11.0 116.9981761423449
433 6 12.0 100.60751376890252
433 6 13.0 140.78559527175125
433 6 14.0 113.07276151961122
433 6 15.0 134.36503376981847
433 6 16.0 129.14157509391873
433 6 17.0 162.9857069364805
433 6 18.0 90.86774476985948
433 6 19.0 145.1029232122862
433 6 2.0 173.64083443188107
433 6 20.0 149.5162875887505
433 6 21.0 101.70938638216441
433 6 22.0 148.04219693664865
433 6 23.0 125.32868083576808
433 6 24.0 127.20621311956997
433 6 25.0 153.90591186876193
433 6 26.0 107.87277308325832
433 6 27.0 111.19518812583911
433 6 28.0 148.66525535457052
433 6 29.0 88.75097859396594
433 6 3.0 171.29698334494822
433 6 30.0 118.55263355419851
433 6 31.0 151.94731643862303
433 6 32.0 149.28172729936242
433 6 33.0 113.36793256034382
433 6 34.0 153.05296074185782
433 6 35.0 170.94940075977337
433 6 36.0 168.6952112015271
433 6 37.0 134.36720028322856
433 6 38.0 85.97415811497393
433 6 39.0 152.43466163704974
433 6 4.0 110.08927522340743
433 6 40.0 132.58697289300676
433 6 41.0 111.1108306967841
433 6 42.0 115.87012000987444
433 6 43.0 115.25140639204199
433 6 44.0 84.05683455021678
433 6 45.0 81.96188159948576
433 6 46.0 99.71472259285908
433 6 47.0 133.1619538461579
433 6 48.0 141.86250527535225
433 6 49.0 119.74054161816393
433 6 5.0 130.58097007087278
433 6 50.0 136.72847550856181
433 6 51.0 122.41202800909868
433 6 52.0 112.53750635277193
433 6 53.0 123.30172992241127
433 6 54.0 70.9401067668194
433 6 55.0 139.1089379075907
433 6 56.0 109.70628421743339
433 6 57.0 133.69550652753418
433 6 58.0 131.44274826756902
433 6 59.0 118.19984273742408
433 6 6.0 86.05458295933363
433 6 60.0 90.15768442077504
433 6 7.0 139.8537554239286
433 6 8.0 111.28108281294269
433 6 9.0 149.5694796280364
434 5 1.0 167.36499973146368
434 5 10.0 135.81885066552593
434 5 11.0 133.43075907335327
434 5 12.0 112.25327147480327
434 5 13.0 157.65360617888635
434 5 14.0 119.76686917279368
434 5 15.0 120.6015084058863
434 5 16.0 165.85956798125224
434 5 17.0 117.63169139906884
434 5 18.0 96.05367556495483
434 5 19.0 101.26927923310879
434 5 2.0 89.49858555291341
434 5 20.0 103.95523882082988
434 5 21.0 129.96929098279486
434 5 22.0 84.7279639770498
434 5 23.0 137.2437249674655
434 5 24.0 103.8795905678846
434 5 25.0 145.3007999369777
434 5 26.0 93.72504654276844
434 5 27.0 125.9271364596309
434 5 28.0 148.83060541643263
434 5 29.0 73.07907966023902
434 5 3.0 84.92885895622929
434 5 30.0 148.8126077722857
434 5 31.0 100.66909001956391
434 5 32.0 145.42636786280053
434 5 33.0 123.77450105150322
434 5 34.0 137.37148736944008
434 5 35.0 145.51306601273686
434 5 36.0 117.14179845613937
434 5 37.0 100.15254034078923
434 5 38.0 94.0339216435198
434 5 39.0 111.1858603504663
434 5 4.0 104.61138201476993
434 5 40.0 158.4506521117324
434 5 41.0 104.87288292925214
434 5 42.0 115.09932352278608
434 5 43.0 146.14531487978547
434 5 44.0 153.68342254812103
434 5 45.0 115.94736553703174
434 5 46.0 133.89645202867067
434 5 47.0 90.3877706534941
434 5 48.0 147.78528092537604
434 5 49.0 131.2128410933739
434 5 5.0 83.15388314675754
434 5 50.0 93.70368185980955
434 5 51.0 163.57724241915645
434 5 52.0 118.83662445310424
434 5 53.0 125.2249948880121
434 5 54.0 107.18940982199273
434 5 55.0 102.24624138737977
434 5 56.0 137.08546673033834
434 5 57.0 104.41929974037475
434 5 58.0 127.31736073577962
434 5 59.0 116.48411742372699
434 5 6.0 107.60309393595624
434 5 60.0 113.00192172666878
434 5 7.0 94.81809977356265
434 5 8.0 105.41201153198477
434 5 9.0 107.17807107651804
434 6 1.0 124.8934724384156
434 6 10.0 164.0993234072299
434 6 11.0 170.36877865398398
434 6 12.0 162.815598038066
434 6 13.0 127.96743995216012
434 6 14.0 137.19694904171362
434 6 15.0 154.927278795253
434 6 16.0 169.03039256104353
434 6 17.0 133.33817374635242
434 6 18.0 166.09483838329075
434 6 19.0 138.05428076831126
434 6 2.0 160.39037856303784
434 6 20.0 144.77522506150657
434 6 21.0 130.52215796031354
434 6 22.0 105.62299641087627
434 6 23.0 126.4204095256779
434 6 24.0 88.28006836060825
434 6 25.0 98.65761895277134
434 6 26.0 96.87076689583826
434 6 27.0 120.74367389201281
434 6 28.0 101.84761638231623
434 6 29.0 96.22960177231606
434 6 3.0 107.65876626684151
434 6 30.0 122.19805241416762
434 6 31.0 102.30402288132977
434 6 32.0 151.3675169794544
434 6 33.0 130.28738648810116
434 6 34.0 116.15316279688697
434 6 35.0 162.08545938336613
434 6 36.0 149.35308527228395
434 6 37.0 173.6489469014057
434 6 38.0 77.56963112744721
434 6 39.0 138.9523751709825
434 6 4.0 134.18455032897495
434 6 40.0 156.19850421357998
434 6 41.0 111.91300622489284
434 6 42.0 112.97675133442596
434 6 43.0 92.61685273846166
434 6 44.0 132.9906474318736
434 6 45.0 116.11225509780486
434 6 46.0 91.67222576926065
434 6 47.0 122.0698084279476
434 6 48.0 141.1351072820662
434 6 49.0 98.56312585396253
434 6 5.0 113.56918720977251
434 6 50.0 127.99209408390126
434 6 51.0 105.07283407200624
434 6 52.0 140.6917772237409
434 6 53.0 119.197347271938
434 6 54.0 65.23960869662574
434 6 55.0 121.25965205304801
434 6 56.0 137.81976157340793
434 6 57.0 108.84666546633568
434 6 58.0 102.14879247005541
434 6 59.0 133.0411170680456
434 6 6.0 137.01142715438968
434 6 60.0 112.86749364770131
434 6 7.0 135.96700552418145
434 6 8.0 95.23274022382027
434 6 9.0 110.4111302912465
435 5 1.0 108.0067506392245
435 5 10.0 90.71918162180626
435 5 11.0 114.59494140021204
435 5 12.0 83.87883582961463
435 5 13.0 75.58144226238265
435 5 14.0 105.66005151068035
435 5 15.0 158.5411126165705
435 5 16.0 161.5164191525467
435 5 17.0 172.27648934554716
435 5 18.0 102.99228984845898
435 5 19.0 105.69220375427729
435 5 2.0 103.8347441313966
435 5 20.0 146.05909912199624
435 5 21.0 121.64182202609449
435 5 22.0 128.18521959880277
435 5 23.0 93.77991877598963
435 5 24.0 159.31448829762616
435 5 25.0 151.49035670728622
435 5 26.0 102.33703354784993
435 5 27.0 114.2319071528041
435 5 28.0 112.56156840215077
435 5 29.0 109.73873315064615
435 5 3.0 103.56964283376756
435 5 30.0 118.79704919365398
435 5 31.0 103.48973087396304
435 5 32.0 79.5088004291507
435 5 33.0 146.530295317028
435 5 34.0 149.83177032688778
435 5 35.0 169.69843109706974
435 5 36.0 97.313605177982
435 5 37.0 85.19236895813752
435 5 38.0 100.72424664020551
435 5 39.0 170.97518502742196
435 5 4.0 144.73678995710696
435 5 40.0 104.96711679462717
435 5 41.0 112.24818837628068
435 5 42.0 111.76106237251622
435 5 43.0 136.15607232359991
435 5 44.0 113.73977883632718
435 5 45.0 128.35962943082373
435 5 46.0 94.92233475504189
435 5 47.0 123.00831818876009
435 5 48.0 124.96413308445942
435 5 49.0 160.24938868215287
435 5 5.0 120.8819943278043
435 5 50.0 158.43913530055846
435 5 51.0 149.74655483238996
435 5 52.0 110.6683852645748
435 5 53.0 98.36986751112339
435 5 54.0 120.74845934163525
435 5 55.0 121.36612935849637
435 5 56.0 177.50525484162338
435 5 57.0 122.03829175688567
435 5 58.0 103.14228206698131
435 5 59.0 100.62303298255839
435 5 6.0 93.20236420096624
435 5 60.0 77.2275364103866
435 5 7.0 132.38336851953463
435 5 8.0 137.48730601504963
435 5 9.0 142.42396046456938
435 6 1.0 144.89388923212826
435 6 10.0 169.87529864485379
435 6 11.0 106.40074711870398
435 6 12.0 152.31636527081594
435 6 13.0 151.13755930709132
435 6 14.0 146.7653863611935
435 6 15.0 127.04681135248573
435 6 16.0 128.74018265349156
435 6 17.0 127.27363162861036
435 6 18.0 104.49221852444502
435 6 19.0 153.5619752008596
435 6 2.0 123.92617328406666
435 6 20.0 145.95160255044252
435 6 21.0 132.1031309567398
435 6 22.0 94.41676993611752
435 6 23.0 165.26241039573634
435 6 24.0 132.1619981485003
435 6 25.0 114.37052277130164
435 6 26.0 104.7824329051834
435 6 27.0 88.8503499010033
435 6 28.0 97.01304780681006
435 6 29.0 147.06515355753947
435 6 3.0 140.15766227034436
435 6 30.0 127.86506143217248
435 6 31.0 139.37151873953093
435 6 32.0 143.09557252964984
435 6 33.0 161.7197759773624
435 6 34.0 105.09976969676215
435 6 35.0 116.9911022801008
435 6 36.0 87.93768546896553
435 6 37.0 140.57253213925787
435 6 38.0 84.26642174449591
435 6 39.0 122.62523111242136
435 6 4.0 143.68266622154812
435 6 40.0 124.38701411675969
435 6 41.0 113.18648000532663
435 6 42.0 175.5690376730124
435 6 43.0 97.05982758879374
435 6 44.0 104.44037544395532
435 6 45.0 151.49672927290854
435 6 46.0 96.65888941315231
435 6 47.0 102.82092179352914
435 6 48.0 138.34771017474753
435 6 49.0 129.2507252088557
435 6 5.0 152.98765911142186
435 6 50.0 156.64074565072679
435 6 51.0 154.34462344009683
435 6 52.0 117.34791784922623
435 6 53.0 94.85227344915029
435 6 54.0 110.93737614381088
435 6 55.0 127.007259538823
435 6 56.0 120.63138183366601
435 6 57.0 108.90491819411595
435 6 58.0 141.36348863446753
435 6 59.0 108.69565532343687
435 6 6.0 134.42585809372275
435 6 60.0 94.99921527402505
435 6 7.0 65.98297786665371
435 6 8.0 90.72649924242432
435 6 9.0 147.40390490731232
436 5 1.0 119.9055499810816
436 5 10.0 84.1604908568261
436 5 11.0 121.98947420456813
436 5 12.0 99.1692145376033
436 5 13.0 144.3290589179695
436 5 14.0 157.5603067946258
436 5 15.0 172.85402849779345
436 5 16.0 109.49267069193185
436 5 17.0 127.45568861707739
436 5 18.0 148.42849548221838
436 5 19.0 156.16899623932244
436 5 2.0 82.39130711960854
436 5 20.0 99.24969584122634
436 5 21.0 126.7076260543072
436 5 22.0 121.42633878526698
436 5 23.0 161.9748269264541
436 5 24.0 116.39018184053637
436 5 25.0 133.1337772076342
436 5 26.0 97.02681257299285
436 5 27.0 161.14623229065742
436 5 28.0 176.99993356654124
436 5 29.0 122.53179488982653
436 5 3.0 84.87651691452244
436 5 30.0 159.95000676971998
436 5 31.0 113.5312878763853
436 5 32.0 127.90391150149652
436 5 33.0 112.19495133147815
436 5 34.0 103.39390413340907
436 5 35.0 128.04948320880587
436 5 36.0 149.5679096068831
436 5 37.0 101.51089565078391
436 5 38.0 78.91851749504877
436 5 39.0 128.85744641569946
436 5 4.0 121.14141416431904
436 5 40.0 85.35518371602676
436 5 41.0 131.65631381350516
436 5 42.0 130.08902660692638
436 5 43.0 88.45436338937266
436 5 44.0 144.16935972055384
436 5 45.0 88.35704941502611
436 5 46.0 170.37481205981462
436 5 47.0 115.28697186359396
436 5 48.0 131.94434837038563
436 5 49.0 98.74184772213516
436 5 5.0 96.23195321455609
436 5 50.0 140.30253964145805
436 5 51.0 161.77711523811877
436 5 52.0 128.88121254571286
436 5 53.0 129.8273894788372
436 5 54.0 111.07032227822748
436 5 55.0 158.76663426793164
436 5 56.0 137.6813075583859
436 5 57.0 124.95478432330786
436 5 58.0 123.39859683604963
436 5 59.0 131.20608252800128
436 5 6.0 128.56463758180354
436 5 60.0 129.6699753537499
436 5 7.0 97.36231300893094
436 5 8.0 172.24936683156676
436 5 9.0 145.798412692436
436 6 1.0 149.58261132121555
436 6 10.0 92.87293216555553
436 6 11.0 162.02841962735457
436 6 12.0 137.33686486800923
436 6 13.0 138.49717615151386
436 6 14.0 137.1242496146137
436 6 15.0 129.81435889766672
436 6 16.0 135.6399971558474
436 6 17.0 141.23812279601464
436 6 18.0 112.02347541850384
436 6 19.0 173.62547002247751
436 6 2.0 136.3556662070434
436 6 20.0 126.3893251908631
436 6 21.0 144.64727995320678
436 6 22.0 115.09716090347176
436 6 23.0 153.8682234345561
436 6 24.0 130.31215527791878
436 6 25.0 131.9881910873922
436 6 26.0 115.84375691780487
436 6 27.0 128.558313923799
436 6 28.0 135.3095456799266
436 6 29.0 98.29752176074614
436 6 3.0 118.47834374485848
436 6 30.0 122.10334576369821
436 6 31.0 163.43446218945851
436 6 32.0 143.07150969136092
436 6 33.0 137.993975235323
436 6 34.0 103.98123672193167
436 6 35.0 149.35610598882994
436 6 36.0 150.38922573479277
436 6 37.0 93.37447263282262
436 6 38.0 82.93320627364032
436 6 39.0 133.41703957297295
436 6 4.0 119.01840125793618
436 6 40.0 129.35917279831975
436 6 41.0 115.19019765785835
436 6 42.0 126.28459812883338
436 6 43.0 119.26268243739376
436 6 44.0 107.43975998714798
436 6 45.0 102.90898477346984
436 6 46.0 87.49727020810013
436 6 47.0 129.4862134900065
436 6 48.0 93.07354073846851
436 6 49.0 82.5350760215275
436 6 5.0 165.60702243333037
436 6 50.0 113.07988005260954
436 6 51.0 141.4210900718922
436 6 52.0 118.57712117171044
436 6 53.0 126.50171951661075
436 6 54.0 156.05999298437052
436 6 55.0 137.4549467668369
436 6 56.0 67.14900318290904
436 6 57.0 136.7794685532321
436 6 58.0 160.66007502366423
436 6 59.0 128.24274318620309
436 6 6.0 105.72382779718185
436 6 60.0 99.87674527649115
436 6 7.0 157.4410032325898
436 6 8.0 102.8485287958694
436 6 9.0 118.49195358445922
437 5 1.0 143.08225561170332
437 5 10.0 70.03424149612093
437 5 11.0 101.35078673336203
437 5 12.0 138.9400450839822
437 5 13.0 94.14263419461248
437 5 14.0 154.80164324256165
437 5 15.0 115.78420193596668
437 5 16.0 106.05870373207875
437 5 17.0 166.85663098612073
437 5 18.0 92.41085173055596
437 5 19.0 93.93960102448116
437 5 2.0 114.68440223464526
437 5 20.0 143.6090739336163
437 5 21.0 108.30438601335163
437 5 22.0 134.77095704685934
437 5 23.0 103.5881489459779
437 5 24.0 83.79184504505022
437 5 25.0 110.62843683751608
437 5 26.0 113.94691878763237
437 5 27.0 122.9308775687293
437 5 28.0 108.79379528947186
437 5 29.0 111.53566942701451
437 5 3.0 98.68199369004317
437 5 30.0 124.47796924550258
437 5 31.0 106.75465663486024
437 5 32.0 151.6999933274167
437 5 33.0 137.8166917782197
437 5 34.0 131.0545770472634
437 5 35.0 119.38099561331511
437 5 36.0 86.36037115589819
437 5 37.0 121.98626628654542
437 5 38.0 109.60213265835688
437 5 39.0 151.41526343770158
437 5 4.0 141.37480069675217
437 5 40.0 118.0869513656508
437 5 41.0 87.7374011600393
437 5 42.0 126.02718797453957
437 5 43.0 142.22242104869306
437 5 44.0 98.27118752951164
437 5 45.0 135.55716235148833
437 5 46.0 140.24324061564343
437 5 47.0 157.03741259320898
437 5 48.0 118.21689719631259
437 5 49.0 164.22405156058448
437 5 5.0 153.58809078865244
437 5 50.0 95.52171615367551
437 5 51.0 136.04495026195858
437 5 52.0 162.32023822118472
437 5 53.0 109.03887571431179
437 5 54.0 97.9776543085398
437 5 55.0 165.97341759691182
437 5 56.0 151.05376193184313
437 5 57.0 82.86542270613319
437 5 58.0 85.92646681524349
437 5 59.0 93.4379319850704
437 5 6.0 91.09206534840355
437 5 60.0 105.59314207181448
437 5 7.0 143.736232253389
437 5 8.0 93.52031566091252
437 5 9.0 153.82477663791565
437 6 1.0 99.26930782054312
437 6 10.0 131.27223285136745
437 6 11.0 103.83397732155807
437 6 12.0 158.5875527129388
437 6 13.0 146.02645161585292
437 6 14.0 132.44470595834272
437 6 15.0 135.7898783323758
437 6 16.0 119.41356114249784
437 6 17.0 110.74119407078014
437 6 18.0 140.0183510409209
437 6 19.0 111.357224110583
437 6 2.0 130.87943958598103
437 6 20.0 175.30671854313042
437 6 21.0 112.32889436980463
437 6 22.0 125.15583081997072
437 6 23.0 140.03981243212138
437 6 24.0 155.03480422726085
437 6 25.0 77.74143307179516
437 6 26.0 144.21166636982957
437 6 27.0 105.35964109434255
437 6 28.0 141.55880836546402
437 6 29.0 97.02143441226723
437 6 3.0 106.09137076205766
437 6 30.0 116.1388898221427
437 6 31.0 169.82908787043402
437 6 32.0 138.0529558313213
437 6 33.0 134.90611033053784
437 6 34.0 145.8975916997778
437 6 35.0 173.65961953506036
437 6 36.0 111.00935859763283
437 6 37.0 137.42994721805405
437 6 38.0 134.81802280628486
437 6 39.0 147.351474901056
437 6 4.0 138.98739384431133
437 6 40.0 106.75236132267203
437 6 41.0 104.25880939075292
437 6 42.0 136.72650043027656
437 6 43.0 136.02481532884389
437 6 44.0 120.50866055859971
437 6 45.0 175.5393708712708
437 6 46.0 96.2268969168781
437 6 47.0 97.62239236999326
437 6 48.0 145.49502549076075
437 6 49.0 75.31850548578045
437 6 5.0 116.8613110573865
437 6 50.0 172.34108828962383
437 6 51.0 122.69942082111744
437 6 52.0 89.18142211499007
437 6 53.0 132.41472003763093
437 6 54.0 106.33131884295766
437 6 55.0 146.2033675039675
437 6 56.0 116.58752031903255
437 6 57.0 85.21169616252399
437 6 58.0 102.43639727529805
437 6 59.0 119.88066114352617
437 6 6.0 120.06484246554041
437 6 60.0 83.75511414825903
437 6 7.0 130.657078651405
437 6 8.0 107.23542237548386
437 6 9.0 149.10722135151204
438 5 1.0 121.5341387942017
438 5 10.0 117.88810024934514
438 5 11.0 85.7532358682273
438 5 12.0 118.86174101653882
438 5 13.0 127.59775332211144
438 5 14.0 102.82775851347965
438 5 15.0 175.5967424521089
438 5 16.0 106.2626443383506
438 5 17.0 159.32638404653574
438 5 18.0 119.27332269989765
438 5 19.0 111.0495988703464
438 5 2.0 85.87560420396555
438 5 20.0 112.63355162593427
438 5 21.0 89.7466365869728
438 5 22.0 135.28664672102465
438 5 23.0 133.22686794975976
438 5 24.0 109.16063490579893
438 5 25.0 130.3967374111816
438 5 26.0 98.09072970364585
438 5 27.0 78.98440530785011
438 5 28.0 140.45273854177304
438 5 29.0 100.99610992142757
438 5 3.0 125.66728982832471
438 5 30.0 98.72341750995082
438 5 31.0 110.64515223679278
438 5 32.0 114.34730151243936
438 5 33.0 158.96047608270982
438 5 34.0 122.728755642331
438 5 35.0 121.11913257693224
438 5 36.0 129.0125000482527
438 5 37.0 125.38576017352764
438 5 38.0 125.36203420529009
438 5 39.0 97.97118695852254
438 5 4.0 117.95690613873843
438 5 40.0 139.57413209188368
438 5 41.0 138.01298513183303
438 5 42.0 91.70262699941381
438 5 43.0 125.7913389926117
438 5 44.0 102.72548269717431
438 5 45.0 137.78074951988575
438 5 46.0 114.73218870946917
438 5 47.0 144.39936761976753
438 5 48.0 163.51383322974763
438 5 49.0 130.79329369410445
438 5 5.0 112.5538115356816
438 5 50.0 94.14433442744362
438 5 51.0 154.07525306238415
438 5 52.0 134.17223153664443
438 5 53.0 163.1944440422813
438 5 54.0 129.60480712889637
438 5 55.0 136.57999027108914
438 5 56.0 156.8713070928545
438 5 57.0 160.93709674653482
438 5 58.0 135.55793688971767
438 5 59.0 124.38168466150694
438 5 6.0 131.36608909625443
438 5 60.0 96.57754208141668
438 5 7.0 168.64364817527937
438 5 8.0 170.43309866851732
438 5 9.0 141.36206692217613
438 6 1.0 174.5891895713127
438 6 10.0 115.74860418860962
438 6 11.0 105.58798610873842
438 6 12.0 142.98801941911182
438 6 13.0 171.10414722157302
438 6 14.0 131.70319895621267
438 6 15.0 121.55204459432292
438 6 16.0 150.6082750140594
438 6 17.0 115.99757036919304
438 6 18.0 138.741099136466
438 6 19.0 120.1449956444227
438 6 2.0 142.2723438607549
438 6 20.0 149.2577232258815
438 6 21.0 129.17684226500344
438 6 22.0 109.04151264813898
438 6 23.0 80.81519317003996
438 6 24.0 107.38749981828411
438 6 25.0 85.17213405687782
438 6 26.0 102.703764091826
438 6 27.0 143.99102633016915
438 6 28.0 99.15795368376715
438 6 29.0 149.457957170638
438 6 3.0 142.1648885446514
438 6 30.0 146.29910490729804
438 6 31.0 157.05458662432622
438 6 32.0 93.04136803733411
438 6 33.0 134.65769498053575
438 6 34.0 109.58587317659124
438 6 35.0 113.5540038966145
438 6 36.0 157.76419773639643
438 6 37.0 173.5779350033072
438 6 38.0 133.51963854805732
438 6 39.0 115.6418725167913
438 6 4.0 176.24140481522392
438 6 40.0 146.31178826399037
438 6 41.0 168.56002508899007
438 6 42.0 130.30310199144023
438 6 43.0 93.4044590612882
438 6 44.0 132.3520044555858
438 6 45.0 113.51986764266871
438 6 46.0 86.08162385056323
438 6 47.0 135.5393601581874
438 6 48.0 105.20212743192327
438 6 49.0 107.5978899992765
438 6 5.0 161.5304616669459
438 6 50.0 146.59801003452884
438 6 51.0 73.28384925618737
438 6 52.0 144.71980952223322
438 6 53.0 81.82038775653676
438 6 54.0 158.2761148328473
438 6 55.0 127.80231719164159
438 6 56.0 132.75627092739083
438 6 57.0 113.06782518668226
438 6 58.0 139.03978205851763
438 6 59.0 135.51560181368453
438 6 6.0 147.2660680158916
438 6 60.0 108.78997155678339
438 6 7.0 143.86246028308787
438 6 8.0 112.21836420616158
438 6 9.0 97.70070713353454
439 5 1.0 127.3153409940257
439 5 10.0 94.66485839873346
439 5 11.0 144.49058326828273
439 5 12.0 122.49306703675751
439 5 13.0 80.12387698622945
439 5 14.0 121.37913628875732
439 5 15.0 94.24393385656256
439 5 16.0 122.6036267212096
439 5 17.0 147.36072299460753
439 5 18.0 114.34151175415283
439 5 19.0 85.69215165054545
439 5 2.0 81.3495226611853
439 5 20.0 112.18697061787155
439 5 21.0 109.52751452374794
439 5 22.0 122.732093666388
439 5 23.0 146.75748746628764
439 5 24.0 105.69259299699061
439 5 25.0 134.5893142032918
439 5 26.0 170.72552210731234
439 5 27.0 110.53712883237696
439 5 28.0 145.23172996096494
439 5 29.0 104.86053665934618
439 5 3.0 109.26291498797262
439 5 30.0 139.48569896793455
439 5 31.0 122.455549736724
439 5 32.0 125.47567799699364
439 5 33.0 139.8423647240111
439 5 34.0 131.04475525829028
439 5 35.0 164.54244527513657
439 5 36.0 119.66068085036227
439 5 37.0 110.43248735293935
439 5 38.0 95.61772737350242
439 5 39.0 165.10491515720727
439 5 4.0 79.09307364251728
439 5 40.0 116.41657052336079
439 5 41.0 129.39006466628055
439 5 42.0 133.1473108146533
439 5 43.0 97.06633370288449
439 5 44.0 147.71469516117006
439 5 45.0 127.19753740758806
439 5 46.0 115.7319387924254
439 5 47.0 153.16586759840683
439 5 48.0 171.81478543523966
439 5 49.0 125.97234795016342
439 5 5.0 109.72645470758346
439 5 50.0 75.34559333254474
439 5 51.0 119.41837591032419
439 5 52.0 166.37419236758456
439 5 53.0 87.57424856924402
439 5 54.0 109.26032021384556
439 5 55.0 129.40883158197002
439 5 56.0 114.38215001405898
439 5 57.0 93.02428255053381
439 5 58.0 146.60791130859678
439 5 59.0 146.53080665488415
439 5 6.0 132.77346202040223
439 5 60.0 97.2418021278397
439 5 7.0 108.35038493699092
439 5 8.0 116.53477966774378
439 5 9.0 142.0324085983903
439 6 1.0 141.71446009062993
439 6 10.0 141.1772144244535
439 6 11.0 97.55720723113642
439 6 12.0 113.83488618489828
439 6 13.0 150.4481895159268
439 6 14.0 126.11225666473203
439 6 15.0 148.85789399652217
439 6 16.0 135.02134717708847
439 6 17.0 104.1222061799639
439 6 18.0 129.08176619234155
439 6 19.0 158.2176170785959
439 6 2.0 145.36880910495537
439 6 20.0 105.35672475403689
439 6 21.0 107.8949317234887
439 6 22.0 97.42719387061477
439 6 23.0 127.00218816661042
439 6 24.0 166.50052716838505
439 6 25.0 142.70814279042483
439 6 26.0 103.27481321515823
439 6 27.0 106.22829819451046
439 6 28.0 99.36277268131302
439 6 29.0 136.37780431048338
439 6 3.0 125.53988565713381
439 6 30.0 107.31659630459345
439 6 31.0 130.9344762786812
439 6 32.0 138.85961194912562
439 6 33.0 87.74832153139961
439 6 34.0 133.9707141291909
439 6 35.0 168.92338600276335
439 6 36.0 103.68257117720302
439 6 37.0 147.43306283154797
439 6 38.0 130.2423720485364
439 6 39.0 107.26309379867867
439 6 4.0 80.61357944178353
439 6 40.0 113.43861386891642
439 6 41.0 106.914211280848
439 6 42.0 110.74243906334651
439 6 43.0 97.51864609691278
439 6 44.0 162.1599152372045
439 6 45.0 170.93616040409606
439 6 46.0 92.18648065815302
439 6 47.0 118.70092588568185
439 6 48.0 145.02895110370665
439 6 49.0 67.87175450482539
439 6 5.0 126.22989901240668
439 6 50.0 144.8745010063843
439 6 51.0 136.30983089460213
439 6 52.0 127.66427355765846
439 6 53.0 156.23600473771964
439 6 54.0 110.05431430187858
439 6 55.0 129.35194636041055
439 6 56.0 109.08261813316156
439 6 57.0 105.43643035938274
439 6 58.0 94.48375663328241
439 6 59.0 163.87375705023712
439 6 6.0 93.62466255239008
439 6 60.0 80.73354590412136
439 6 7.0 97.2993841666844
439 6 8.0 104.53553041157966
439 6 9.0 116.47235597885904
440 5 1.0 90.01455619641825
440 5 10.0 88.13398596341318
440 5 11.0 103.87448515289432
440 5 12.0 131.38318859145136
440 5 13.0 109.7187956459453
440 5 14.0 121.45699046680646
440 5 15.0 95.52403065974318
440 5 16.0 101.79348333795942
440 5 17.0 169.85691990980374
440 5 18.0 68.30758840329415
440 5 19.0 102.58974525435818
440 5 2.0 86.58934173630377
440 5 20.0 132.43065701829323
440 5 21.0 103.11521787517445
440 5 22.0 132.34850094913497
440 5 23.0 151.54779841674068
440 5 24.0 127.6044597553268
440 5 25.0 162.3295635192943
440 5 26.0 108.99842577951719
440 5 27.0 97.45098390870055
440 5 28.0 162.86741346187125
440 5 29.0 86.96906696594652
440 5 3.0 124.622850535976
440 5 30.0 167.55143850679914
440 5 31.0 132.17691200841818
440 5 32.0 109.1104998902018
440 5 33.0 140.97984796428244
440 5 34.0 144.372812626972
440 5 35.0 147.62782594255958
440 5 36.0 108.38806237616991
440 5 37.0 104.18886819715195
440 5 38.0 110.03785541100665
440 5 39.0 119.23219742841562
440 5 4.0 95.27034930240497
440 5 40.0 117.06551115633638
440 5 41.0 138.1421261692819
440 5 42.0 122.53205118686499
440 5 43.0 162.59433737405226
440 5 44.0 118.48954685693394
440 5 45.0 119.53164080441402
440 5 46.0 121.40917311002836
440 5 47.0 154.16402331248318
440 5 48.0 135.43856367400664
440 5 49.0 131.5483508032248
440 5 5.0 99.66799872653026
440 5 50.0 97.35621075087562
440 5 51.0 177.2251701073936
440 5 52.0 136.77327052726287
440 5 53.0 97.85007665327636
440 5 54.0 120.27610835094471
440 5 55.0 177.16768881677172
440 5 56.0 150.68721017260114
440 5 57.0 118.32019669347034
440 5 58.0 154.1002937306265
440 5 59.0 175.70335262030272
440 5 6.0 129.02346633726893
440 5 60.0 84.1472650783703
440 5 7.0 89.17764372322944
440 5 8.0 117.65919029821261
440 5 9.0 93.2600849495848
440 6 1.0 111.85998439117284
440 6 10.0 89.38226740632568
440 6 11.0 112.24280307436801
440 6 12.0 88.35392998410866
440 6 13.0 164.47481804540723
440 6 14.0 131.0222844212229
440 6 15.0 140.358624526802
440 6 16.0 157.61263759468636
440 6 17.0 112.03745248725143
440 6 18.0 146.78167297738472
440 6 19.0 132.64628911070838
440 6 2.0 106.68293865216624
440 6 20.0 135.340537065323
440 6 21.0 117.44769639915815
440 6 22.0 139.75235805183422
440 6 23.0 134.16803432119258
440 6 24.0 147.04656510417038
440 6 25.0 124.09048758204781
440 6 26.0 99.09427837777777
440 6 27.0 131.87575276654601
440 6 28.0 145.18283870237346
440 6 29.0 94.60450422930619
440 6 3.0 120.88891847799235
440 6 30.0 122.91239435713653
440 6 31.0 138.61715475875366
440 6 32.0 138.18850727203352
440 6 33.0 134.37882686933696
440 6 34.0 124.45993045808908
440 6 35.0 106.34044075665996
440 6 36.0 131.95890259643642
440 6 37.0 97.56227192386923
440 6 38.0 141.9014793188746
440 6 39.0 154.62308739959224
440 6 4.0 104.56857259705
440 6 40.0 141.01607339341598
440 6 41.0 116.55503435224537
440 6 42.0 141.0009680664609
440 6 43.0 148.5208427902832
440 6 44.0 132.65139834345538
440 6 45.0 79.05858921472505
440 6 46.0 105.3765237626136
440 6 47.0 100.18900401130904
440 6 48.0 114.71712441277045
440 6 49.0 148.9237301732339
440 6 5.0 153.29422484982632
440 6 50.0 142.02075730578434
440 6 51.0 165.5247224837271
440 6 52.0 151.592040619905
440 6 53.0 90.161733606059
440 6 54.0 141.87366162181794
440 6 55.0 129.9597568094271
440 6 56.0 145.32911828161534
440 6 57.0 133.01290680954426
440 6 58.0 82.36240702053247
440 6 59.0 167.84984694480167
440 6 6.0 104.4824366739307
440 6 60.0 110.03813824256403
440 6 7.0 91.90798180093407
440 6 8.0 117.41732772903491
440 6 9.0 123.3090414658247
441 5 1.0 114.00778363036139
441 5 10.0 107.66690766159945
441 5 11.0 148.85110771422023
441 5 12.0 141.017468004606
441 5 13.0 110.83761778647109
441 5 14.0 157.78009777308608
441 5 15.0 74.59347116875269
441 5 16.0 137.42016439936904
441 5 17.0 142.5181831352693
441 5 18.0 93.90187985603407
441 5 19.0 114.93036585887202
441 5 2.0 168.98988776309312
441 5 20.0 99.29236702359
441 5 21.0 119.14734895067686
441 5 22.0 161.12818633661533
441 5 23.0 100.87131608694581
441 5 24.0 120.97752884586666
441 5 25.0 126.95366721100149
441 5 26.0 113.75105885269187
441 5 27.0 131.09721181396407
441 5 28.0 151.34079841453678
441 5 29.0 93.87119510772119
441 5 3.0 79.36970777086779
441 5 30.0 138.72145618262965
441 5 31.0 120.10840599980467
441 5 32.0 158.44566266951068
441 5 33.0 145.95003600116348
441 5 34.0 122.03401673988691
441 5 35.0 172.94959259458983
441 5 36.0 120.57027578764703
441 5 37.0 101.7750092685865
441 5 38.0 99.7501982672713
441 5 39.0 142.41048436318786
441 5 4.0 85.38804554215423
441 5 40.0 130.36532462708175
441 5 41.0 151.8547139734727
441 5 42.0 146.30201254654344
441 5 43.0 103.59154502376374
441 5 44.0 108.57755249683672
441 5 45.0 112.11017084648284
441 5 46.0 130.92407480946568
441 5 47.0 117.949790162897
441 5 48.0 131.7564710039703
441 5 49.0 141.22279250254377
441 5 5.0 110.81881129589573
441 5 50.0 130.61322556188762
441 5 51.0 154.6380719215612
441 5 52.0 151.8265377327641
441 5 53.0 102.57661297317141
441 5 54.0 121.25525385365611
441 5 55.0 88.29410971059633
441 5 56.0 135.04917346260757
441 5 57.0 111.22070179598416
441 5 58.0 123.81117318055298
441 5 59.0 121.24017394490586
441 5 6.0 88.01834366819384
441 5 60.0 108.54588138532858
441 5 7.0 93.87579845221931
441 5 8.0 147.58683330657772
441 5 9.0 88.80555979311801
441 6 1.0 146.0700109559037
441 6 10.0 123.15535578519508
441 6 11.0 118.84082396415705
441 6 12.0 153.13369465203766
441 6 13.0 143.64788688221
441 6 14.0 121.29664629203414
441 6 15.0 124.88744318745044
441 6 16.0 141.04690059942172
441 6 17.0 135.5429931589697
441 6 18.0 147.7282326346782
441 6 19.0 112.17737381910626
441 6 2.0 110.82950525951364
441 6 20.0 118.01572408283707
441 6 21.0 101.95660078339608
441 6 22.0 118.17772438108847
441 6 23.0 100.59483925018756
441 6 24.0 158.53825938138024
441 6 25.0 97.03065145809896
441 6 26.0 108.94132964035774
441 6 27.0 133.355808512955
441 6 28.0 124.07817567504857
441 6 29.0 108.53823461852231
441 6 3.0 140.27821492040962
441 6 30.0 106.7779526477176
441 6 31.0 144.32281153850195
441 6 32.0 156.48142224112996
441 6 33.0 133.48925116100023
441 6 34.0 111.93718650501076
441 6 35.0 110.69201737499608
441 6 36.0 119.48835479208876
441 6 37.0 130.66041103516494
441 6 38.0 81.8056160218613
441 6 39.0 145.9492240195674
441 6 4.0 134.22284935610475
441 6 40.0 126.72830967988897
441 6 41.0 91.59272230992661
441 6 42.0 102.13140584517541
441 6 43.0 166.06492510814797
441 6 44.0 129.30598047931153
441 6 45.0 173.86630910170075
441 6 46.0 103.22826342995546
441 6 47.0 152.74936391551785
441 6 48.0 166.815717582148
441 6 49.0 76.46652678453466
441 6 5.0 119.55872274062664
441 6 50.0 132.0677313399678
441 6 51.0 142.84959176289365
441 6 52.0 161.99196018410535
441 6 53.0 117.16624935730852
441 6 54.0 98.0962298424768
441 6 55.0 151.56531814761553
441 6 56.0 113.37160420548851
441 6 57.0 129.7154853797665
441 6 58.0 98.89964547158367
441 6 59.0 131.2648909377849
441 6 6.0 93.26971040150049
441 6 60.0 87.98548331150829
441 6 7.0 109.97536831827291
441 6 8.0 124.31463448879575
441 6 9.0 148.02804877163595
442 5 1.0 118.04466211950219
442 5 10.0 95.14833632418659
442 5 11.0 149.12001970841757
442 5 12.0 112.77666336433991
442 5 13.0 142.82154908494888
442 5 14.0 133.40943479677853
442 5 15.0 123.45694019941389
442 5 16.0 154.29330586022235
442 5 17.0 133.65396028889077
442 5 18.0 62.988472794988056
442 5 19.0 75.5958865280385
442 5 2.0 164.59290582535917
442 5 20.0 100.19098389953758
442 5 21.0 97.48700067156523
442 5 22.0 121.24970811083392
442 5 23.0 106.7467266423268
442 5 24.0 83.20924816289138
442 5 25.0 138.09734950566084
442 5 26.0 99.68502097985225
442 5 27.0 105.8846963995855
442 5 28.0 162.80279329851848
442 5 29.0 109.04824265767222
442 5 3.0 115.84955514726667
442 5 30.0 150.88939032879142
442 5 31.0 121.06808525177738
442 5 32.0 106.06900504683603
442 5 33.0 136.15143699883106
442 5 34.0 111.26340873816508
442 5 35.0 140.72330614726
442 5 36.0 143.5728179166323
442 5 37.0 95.26529178542677
442 5 38.0 119.80473308075264
442 5 39.0 143.63208833208031
442 5 4.0 163.55612185043125
442 5 40.0 139.02960775227012
442 5 41.0 154.54427520478217
442 5 42.0 156.77368491839113
442 5 43.0 167.43796158149672
442 5 44.0 98.55567800915347
442 5 45.0 122.65290555065361
442 5 46.0 94.4422529103846
442 5 47.0 79.71169249959324
442 5 48.0 116.72832666176107
442 5 49.0 151.7126989610246
442 5 5.0 125.21172271650336
442 5 50.0 151.35831948767319
442 5 51.0 114.51357746006974
442 5 52.0 149.91516123362103
442 5 53.0 149.5955568739933
442 5 54.0 99.90732418823636
442 5 55.0 93.80108352215395
442 5 56.0 107.82385636543677
442 5 57.0 94.0634614039655
442 5 58.0 114.49167445556415
442 5 59.0 138.4131289589256
442 5 6.0 162.99579294021842
442 5 60.0 156.67844233271722
442 5 7.0 133.4039923907033
442 5 8.0 115.19756647405048
442 5 9.0 122.78778228622929
442 6 1.0 114.87554857576154
442 6 10.0 114.2240725875497
442 6 11.0 113.70876748584574
442 6 12.0 121.29519626967625
442 6 13.0 118.23816833402324
442 6 14.0 108.01405520559123
442 6 15.0 125.04659636048036
442 6 16.0 151.54467423696937
442 6 17.0 87.56636627416316
442 6 18.0 139.58586775753838
442 6 19.0 174.57754704176259
442 6 2.0 169.98544267140355
442 6 20.0 130.75508062368638
442 6 21.0 128.51335378063365
442 6 22.0 157.1985723888309
442 6 23.0 108.20752533744066
442 6 24.0 151.90850628943159
442 6 25.0 147.75070667779755
442 6 26.0 138.056440435679
442 6 27.0 116.88386743124533
442 6 28.0 136.54241986218435
442 6 29.0 96.36059365562382
442 6 3.0 97.8073685420012
442 6 30.0 157.40829629583968
442 6 31.0 128.52832649838192
442 6 32.0 123.63376874149046
442 6 33.0 128.73240673039325
442 6 34.0 158.78230018276824
442 6 35.0 176.0544023994047
442 6 36.0 140.14264217716322
442 6 37.0 122.33601678859759
442 6 38.0 109.76698987093889
442 6 39.0 80.75164587418796
442 6 4.0 139.36241291916707
442 6 40.0 115.17444999521938
442 6 41.0 94.59998694333483
442 6 42.0 147.53635026456027
442 6 43.0 159.6591425883945
442 6 44.0 132.98781330365506
442 6 45.0 146.65367103760806
442 6 46.0 89.11569682936582
442 6 47.0 130.8292992536503
442 6 48.0 140.34885429529044
442 6 49.0 146.59535798602104
442 6 5.0 103.77149647232804
442 6 50.0 147.5702294586246
442 6 51.0 115.99224398177546
442 6 52.0 134.12439995298027
442 6 53.0 156.83628483771724
442 6 54.0 144.09110874038083
442 6 55.0 126.51493724019417
442 6 56.0 142.38206126671147
442 6 57.0 119.34249502257607
442 6 58.0 99.47876930210624
442 6 59.0 131.16823309195124
442 6 6.0 118.78175892591875
442 6 60.0 96.78925809921762
442 6 7.0 142.52254369276025
442 6 8.0 93.1126355212173
442 6 9.0 152.42234748244223
443 5 1.0 125.46993793589677
443 5 10.0 119.73910583724387
443 5 11.0 109.32160897292566
443 5 12.0 112.91337069581319
443 5 13.0 143.53209295065778
443 5 14.0 96.88671078229378
443 5 15.0 151.67302355364995
443 5 16.0 96.25191123138903
443 5 17.0 165.2570652563927
443 5 18.0 127.93267341512771
443 5 19.0 117.55935135511615
443 5 2.0 113.55925687267121
443 5 20.0 143.14500561594602
443 5 21.0 108.90168350762788
443 5 22.0 147.43736863202787
443 5 23.0 166.76973937595142
443 5 24.0 99.70224086264126
443 5 25.0 149.32521039625297
443 5 26.0 106.25222930195356
443 5 27.0 111.51818118587262
443 5 28.0 151.3737756090755
443 5 29.0 81.65337215100223
443 5 3.0 133.7113322472951
443 5 30.0 141.92748978825452
443 5 31.0 136.84711232060067
443 5 32.0 140.74078491334453
443 5 33.0 157.29813343978782
443 5 34.0 108.84735108001136
443 5 35.0 132.9133154338357
443 5 36.0 140.0627930860684
443 5 37.0 83.51248467731824
443 5 38.0 97.21095755035894
443 5 39.0 103.76367803077032
443 5 4.0 91.63608777715135
443 5 40.0 145.1882611253496
443 5 41.0 141.5907528130474
443 5 42.0 101.52836553006433
443 5 43.0 125.85081278144371
443 5 44.0 120.10627101610959
443 5 45.0 122.26189380135781
443 5 46.0 119.58198938121596
443 5 47.0 128.66645365966272
443 5 48.0 160.07279941278597
443 5 49.0 152.95525421108843
443 5 5.0 110.64237789268131
443 5 50.0 156.41703795485782
443 5 51.0 153.1084232220559
443 5 52.0 164.8038762744872
443 5 53.0 126.91190016499515
443 5 54.0 127.67547929440325
443 5 55.0 161.47270491631838
443 5 56.0 134.51294414243458
443 5 57.0 92.52041815426408
443 5 58.0 135.49283387585433
443 5 59.0 135.86630216026012
443 5 6.0 111.68701582805868
443 5 60.0 122.89031171583223
443 5 7.0 148.48263076436416
443 5 8.0 108.62930911743693
443 5 9.0 151.49489730313613
443 6 1.0 154.8455727332378
443 6 10.0 119.69493483660517
443 6 11.0 172.0757284220384
443 6 12.0 96.60547395260795
443 6 13.0 162.5909056678448
443 6 14.0 96.94843562756624
443 6 15.0 160.00314297325568
443 6 16.0 101.35914282575973
443 6 17.0 162.0932036607543
443 6 18.0 163.0924227777435
443 6 19.0 150.60362985491238
443 6 2.0 116.71064865506338
443 6 20.0 102.13602819397539
443 6 21.0 119.35822343740507
443 6 22.0 117.23998970779557
443 6 23.0 114.3175616030178
443 6 24.0 147.63803928894924
443 6 25.0 86.3566292484039
443 6 26.0 102.0503265727729
443 6 27.0 129.17795945061056
443 6 28.0 125.7655759137321
443 6 29.0 105.43026252453565
443 6 3.0 145.17387634388677
443 6 30.0 145.29347318626526
443 6 31.0 161.54230774331242
443 6 32.0 119.4468601218247
443 6 33.0 156.54745806662348
443 6 34.0 158.28603370242317
443 6 35.0 131.99449060816795
443 6 36.0 169.225740788019
443 6 37.0 86.28283567772995
443 6 38.0 122.69008514405279
443 6 39.0 168.37259342576436
443 6 4.0 129.80743222904695
443 6 40.0 151.190520009223
443 6 41.0 118.69689696323424
443 6 42.0 146.95353408940983
443 6 43.0 117.34401842476812
443 6 44.0 122.12912105358225
443 6 45.0 88.94999958245704
443 6 46.0 106.35432414758763
443 6 47.0 127.2847269351973
443 6 48.0 112.80266331669453
443 6 49.0 136.8076396770007
443 6 5.0 92.11551163438398
443 6 50.0 133.37368513319197
443 6 51.0 150.93346003017766
443 6 52.0 120.75173818624906
443 6 53.0 159.50685318687073
443 6 54.0 132.75982938843958
443 6 55.0 143.18373431179526
443 6 56.0 154.72420889201135
443 6 57.0 83.35235813719548
443 6 58.0 89.6881564187853
443 6 59.0 101.43966892635892
443 6 6.0 125.89166280567898
443 6 60.0 89.6562688742009
443 6 7.0 132.8706032617291
443 6 8.0 137.03766876300529
443 6 9.0 111.76709205565702
444 5 1.0 154.1052010838762
444 5 10.0 168.68774380005527
444 5 11.0 157.75339779902112
444 5 12.0 111.68506094505064
444 5 13.0 134.47786913459916
444 5 14.0 111.41643251780847
444 5 15.0 119.72377774891096
444 5 16.0 131.82581402973645
444 5 17.0 159.9921444851939
444 5 18.0 118.81581913126018
444 5 19.0 131.09068985510424
444 5 2.0 117.00974444084908
444 5 20.0 150.10696099631994
444 5 21.0 134.87570049607456
444 5 22.0 155.1272363262262
444 5 23.0 147.18857476035762
444 5 24.0 111.82668294772884
444 5 25.0 113.92786941430552
444 5 26.0 87.68057765371685
444 5 27.0 90.04583394826741
444 5 28.0 158.86841519898468
444 5 29.0 122.18631578854666
444 5 3.0 130.44330394226594
444 5 30.0 144.9108016104527
444 5 31.0 105.54568918298374
444 5 32.0 85.6642016377396
444 5 33.0 127.02913250328069
444 5 34.0 123.3452927354786
444 5 35.0 168.42577387691173
444 5 36.0 127.7900460835083
444 5 37.0 103.65039343265532
444 5 38.0 99.51956978958414
444 5 39.0 119.92636387230836
444 5 4.0 95.70125828350008
444 5 40.0 119.95058868797062
444 5 41.0 98.40750701570589
444 5 42.0 151.04479355608822
444 5 43.0 83.50418148205327
444 5 44.0 131.70670510361694
444 5 45.0 127.84616843046777
444 5 46.0 79.33002957155286
444 5 47.0 91.54830717284096
444 5 48.0 158.48103135989268
444 5 49.0 168.40180047375162
444 5 5.0 138.44399555981508
444 5 50.0 95.96115921079843
444 5 51.0 120.64689357609915
444 5 52.0 161.50851535675366
444 5 53.0 151.50706045131545
444 5 54.0 133.7316953998227
444 5 55.0 156.43468526301987
444 5 56.0 146.41350511126987
444 5 57.0 94.6273661777873
444 5 58.0 179.03617626692093
444 5 59.0 158.527180451123
444 5 6.0 138.15628512081963
444 5 60.0 109.34636166661174
444 5 7.0 152.95092229318772
444 5 8.0 152.23566067665476
444 5 9.0 81.11476499686468
444 6 1.0 139.32542623465804
444 6 10.0 104.09483016063068
444 6 11.0 94.60842695811826
444 6 12.0 91.50060460876901
444 6 13.0 141.43883978378145
444 6 14.0 111.51641964686222
444 6 15.0 167.15049367015806
444 6 16.0 153.04386275125515
444 6 17.0 106.5305425438183
444 6 18.0 124.33488409328979
444 6 19.0 162.41324445674144
444 6 2.0 96.90708427972282
444 6 20.0 134.14436786298182
444 6 21.0 107.06662618014133
444 6 22.0 117.30415308583986
444 6 23.0 120.52119017168668
444 6 24.0 100.53974711568308
444 6 25.0 88.9077941117341
444 6 26.0 99.37855450363656
444 6 27.0 125.15435282066082
444 6 28.0 147.12145746045587
444 6 29.0 154.5288916628572
444 6 3.0 112.60949751150021
444 6 30.0 134.12941315232248
444 6 31.0 130.54329527951694
444 6 32.0 112.87220272595503
444 6 33.0 156.08936356162684
444 6 34.0 173.68107700598617
444 6 35.0 150.9163516333342
444 6 36.0 148.3532426074705
444 6 37.0 84.88378608642743
444 6 38.0 95.62390972413192
444 6 39.0 136.37385541814024
444 6 4.0 92.43585800948672
444 6 40.0 121.88443280369762
444 6 41.0 126.03736310153134
444 6 42.0 115.79072179450114
444 6 43.0 75.42193842376487
444 6 44.0 104.41143287749533
444 6 45.0 131.0928377725966
444 6 46.0 112.82338576164813
444 6 47.0 104.20478425787657
444 6 48.0 124.34685143823084
444 6 49.0 133.09817657194563
444 6 5.0 121.02981548044419
444 6 50.0 168.47943385129045
444 6 51.0 98.15022247114683
444 6 52.0 126.69941420280824
444 6 53.0 145.29611084190805
444 6 54.0 150.64745518000817
444 6 55.0 146.15172154981096
444 6 56.0 131.5592756355408
444 6 57.0 156.66144908284727
444 6 58.0 81.50935468950719
444 6 59.0 139.04548775041283
444 6 6.0 134.7810588533003
444 6 60.0 114.5763344907311
444 6 7.0 114.28006109101901
444 6 8.0 111.87875545374821
444 6 9.0 141.99102701809304
445 5 1.0 135.90742339720205
445 5 10.0 124.08256186957594
445 5 11.0 156.4520191156663
445 5 12.0 93.81042408789581
445 5 13.0 87.62658603762986
445 5 14.0 114.60631811723977
445 5 15.0 98.67172244555371
445 5 16.0 154.2870086172548
445 5 17.0 148.6418652565524
445 5 18.0 102.44114894634434
445 5 19.0 112.01344258978492
445 5 2.0 168.5051178138963
445 5 20.0 155.5977266214192
445 5 21.0 110.25850281530032
445 5 22.0 139.19452873549864
445 5 23.0 137.11886486498213
445 5 24.0 144.22579605368674
445 5 25.0 122.19151433578989
445 5 26.0 109.11179849015991
445 5 27.0 126.80341625512722
445 5 28.0 159.21787358577976
445 5 29.0 95.8997349872795
445 5 3.0 112.70052931967118
445 5 30.0 161.17574766502338
445 5 31.0 129.91173882429277
445 5 32.0 150.2677060483872
445 5 33.0 127.78958639509501
445 5 34.0 125.95229589018693
445 5 35.0 142.5023224795643
445 5 36.0 99.80358960960062
445 5 37.0 94.78023087612831
445 5 38.0 101.12836635107084
445 5 39.0 121.53127898057434
445 5 4.0 115.34542125698152
445 5 40.0 132.9509750644981
445 5 41.0 146.37916013236992
445 5 42.0 108.16197935718937
445 5 43.0 115.0542168494178
445 5 44.0 123.65550235936655
445 5 45.0 107.18661612273003
445 5 46.0 119.4565467379153
445 5 47.0 114.32859034904685
445 5 48.0 157.4380232993848
445 5 49.0 153.098189190471
445 5 5.0 115.70346097540003
445 5 50.0 124.83744245122372
445 5 51.0 152.5765833978333
445 5 52.0 147.36213355720508
445 5 53.0 118.13134269795557
445 5 54.0 138.26722169541736
445 5 55.0 153.89982345346155
445 5 56.0 141.5785392761887
445 5 57.0 63.89594982644773
445 5 58.0 109.43850958287045
445 5 59.0 128.83747470796857
445 5 6.0 160.95601031794564
445 5 60.0 105.10586418267694
445 5 7.0 137.38138253519514
445 5 8.0 96.52270638502573
445 5 9.0 67.7552663923915
445 6 1.0 173.23026077120593
445 6 10.0 124.67671823927891
445 6 11.0 114.70855353762559
445 6 12.0 103.52438911124528
445 6 13.0 94.70917223304443
445 6 14.0 123.94757890715462
445 6 15.0 137.73387487208214
445 6 16.0 145.02993663963295
445 6 17.0 146.27461164006758
445 6 18.0 82.25551561641336
445 6 19.0 151.30390266821
445 6 2.0 116.83523755948504
445 6 20.0 136.51573007889067
445 6 21.0 121.76100718943746
445 6 22.0 118.5222981434539
445 6 23.0 164.06824860403879
445 6 24.0 145.19195272180136
445 6 25.0 155.323028623532
445 6 26.0 92.46017157077682
445 6 27.0 115.35469285451018
445 6 28.0 155.1144544765035
445 6 29.0 178.31206827218068
445 6 3.0 119.16271840833161
445 6 30.0 154.6614047757783
445 6 31.0 92.2110958280885
445 6 32.0 131.23995874530155
445 6 33.0 162.4505956817447
445 6 34.0 112.89705308775385
445 6 35.0 97.9598536704211
445 6 36.0 140.94616286293007
445 6 37.0 82.8618464833187
445 6 38.0 140.03719129078888
445 6 39.0 156.20722568592464
445 6 4.0 159.9403379203054
445 6 40.0 129.48461997033985
445 6 41.0 92.5557335705404
445 6 42.0 107.08351711613305
445 6 43.0 153.65591066615025
445 6 44.0 110.84338343504201
445 6 45.0 107.8329829092368
445 6 46.0 93.31526987468558
445 6 47.0 119.07192488595159
445 6 48.0 135.6676566436131
445 6 49.0 91.10054452322737
445 6 5.0 128.89097838292312
445 6 50.0 116.5064416930675
445 6 51.0 121.43009810175882
445 6 52.0 138.46219347039377
445 6 53.0 105.0237260945078
445 6 54.0 144.86414297590898
445 6 55.0 138.74380416056025
445 6 56.0 153.39682666404914
445 6 57.0 87.47425722086959
445 6 58.0 121.558681909518
445 6 59.0 106.42658073125662
445 6 6.0 137.04518797083557
445 6 60.0 150.36426785021177
445 6 7.0 155.9764858487839
445 6 8.0 90.7763624018533
445 6 9.0 105.96303130187422
446 5 1.0 164.76638889358014
446 5 10.0 90.24845769853364
446 5 11.0 153.4540682034381
446 5 12.0 154.484924243593
446 5 13.0 103.44489016729237
446 5 14.0 132.2276444439427
446 5 15.0 122.06013278839814
446 5 16.0 154.49009963951272
446 5 17.0 164.53819790977855
446 5 18.0 102.39958292497634
446 5 19.0 120.39678727369368
446 5 2.0 150.62753096135597
446 5 20.0 103.85026003300362
446 5 21.0 155.89848903307364
446 5 22.0 159.58795294040885
446 5 23.0 94.22878119370917
446 5 24.0 97.26914873464162
446 5 25.0 112.75918427205316
446 5 26.0 92.75810612851348
446 5 27.0 93.49348850641722
446 5 28.0 120.90477927099747
446 5 29.0 146.97006901428605
446 5 3.0 114.22042845349547
446 5 30.0 142.11404903491922
446 5 31.0 103.60751844954886
446 5 32.0 140.1997074499857
446 5 33.0 120.92345663589612
446 5 34.0 126.60150083424088
446 5 35.0 107.58883816751533
446 5 36.0 149.44482679672444
446 5 37.0 96.48170985377558
446 5 38.0 106.06402259848207
446 5 39.0 151.95636640602444
446 5 4.0 78.65937471225327
446 5 40.0 152.6165318722732
446 5 41.0 113.66969730174351
446 5 42.0 131.92012729581475
446 5 43.0 171.251812279831
446 5 44.0 131.83984416970495
446 5 45.0 101.29961433716161
446 5 46.0 95.77212357402378
446 5 47.0 129.93125964566102
446 5 48.0 106.76191735931828
446 5 49.0 135.31830071464583
446 5 5.0 91.8020377491169
446 5 50.0 115.56192489406634
446 5 51.0 146.43079798201407
446 5 52.0 145.52652731627757
446 5 53.0 116.01039557799253
446 5 54.0 128.60561614510587
446 5 55.0 132.60539085213236
446 5 56.0 122.33309233225808
446 5 57.0 120.84887798597299
446 5 58.0 125.99145249718102
446 5 59.0 144.22785413114252
446 5 6.0 111.61488871378441
446 5 60.0 88.2136789547021
446 5 7.0 115.52072130584777
446 5 8.0 137.4761107876851
446 5 9.0 86.52044452140707
446 6 1.0 139.46660418861143
446 6 10.0 156.0222293122737
446 6 11.0 158.0287001119901
446 6 12.0 146.70951678132346
446 6 13.0 130.51544333611292
446 6 14.0 135.03318198956885
446 6 15.0 141.03877136834166
446 6 16.0 127.02118346345326
446 6 17.0 94.67715347492211
446 6 18.0 147.07328172339194
446 6 19.0 104.0910642761492
446 6 2.0 161.187938147339
446 6 20.0 110.78197898132564
446 6 21.0 112.69400526793588
446 6 22.0 174.14644675284705
446 6 23.0 112.82347491736728
446 6 24.0 98.14728462700633
446 6 25.0 113.77914444699438
446 6 26.0 86.65708043324658
446 6 27.0 120.76735252183332
446 6 28.0 156.40114985116153
446 6 29.0 77.5511772458707
446 6 3.0 148.47177075142244
446 6 30.0 156.75614751303652
446 6 31.0 151.75654958781615
446 6 32.0 124.80025131738743
446 6 33.0 111.83383117926493
446 6 34.0 129.6122227493205
446 6 35.0 121.39781154052977
446 6 36.0 129.2053814682325
446 6 37.0 154.93554303464774
446 6 38.0 130.04161593997333
446 6 39.0 152.2265839199651
446 6 4.0 98.32782359266234
446 6 40.0 103.7567733014703
446 6 41.0 127.34198936516019
446 6 42.0 91.30749692321515
446 6 43.0 76.28210105997849
446 6 44.0 131.04240851363983
446 6 45.0 91.67036405425364
446 6 46.0 134.06600081931347
446 6 47.0 145.0381544261318
446 6 48.0 157.26317147176752
446 6 49.0 146.6262715765954
446 6 5.0 149.51311343785883
446 6 50.0 140.37605125825954
446 6 51.0 133.48043355636497
446 6 52.0 161.47209721310472
446 6 53.0 154.36927571478984
446 6 54.0 75.77419112417239
446 6 55.0 137.74260428983442
446 6 56.0 133.61368515482894
446 6 57.0 120.28234140253625
446 6 58.0 123.64531237983088
446 6 59.0 115.60264510170578
446 6 6.0 118.82844199020242
446 6 60.0 92.63469765836686
446 6 7.0 164.13074681243515
446 6 8.0 129.24692243963918
446 6 9.0 159.44501730963887
447 5 1.0 158.6600269512126
447 5 10.0 105.37973687503842
447 5 11.0 123.9012303733247
447 5 12.0 113.32219451225961
447 5 13.0 130.10409923206785
447 5 14.0 103.41756591058906
447 5 15.0 117.78125967583048
447 5 16.0 137.42450054478135
447 5 17.0 156.15208788667388
447 5 18.0 111.49777751248591
447 5 19.0 155.06477178864316
447 5 2.0 92.49506329213447
447 5 20.0 123.22110922989441
447 5 21.0 106.9904704852063
447 5 22.0 106.81495112472022
447 5 23.0 132.36913826229016
447 5 24.0 150.93400679120907
447 5 25.0 147.66754442510614
447 5 26.0 145.93732889161538
447 5 27.0 106.33279217806242
447 5 28.0 157.32649453522598
447 5 29.0 120.73487799248873
447 5 3.0 123.17803698753403
447 5 30.0 160.2446171301413
447 5 31.0 125.56032811447494
447 5 32.0 86.97928165222173
447 5 33.0 174.58681672206725
447 5 34.0 125.93902567880397
447 5 35.0 154.1949788079376
447 5 36.0 117.18247166295593
447 5 37.0 112.30271586887127
447 5 38.0 114.0248839705929
447 5 39.0 141.550918995436
447 5 4.0 82.70821818923376
447 5 40.0 138.82892018160123
447 5 41.0 135.34240121943648
447 5 42.0 113.67447326337658
447 5 43.0 114.01844931533766
447 5 44.0 110.56713482382598
447 5 45.0 169.7662749137404
447 5 46.0 93.4139362335356
447 5 47.0 152.6879970447432
447 5 48.0 166.24650164216754
447 5 49.0 132.60102799065487
447 5 5.0 116.0687177484139
447 5 50.0 106.82201877400898
447 5 51.0 120.56241838032012
447 5 52.0 160.2879255703379
447 5 53.0 142.55069918766426
447 5 54.0 143.81773470183415
447 5 55.0 167.48152256611252
447 5 56.0 164.91699370640293
447 5 57.0 98.12012200104162
447 5 58.0 140.91319564768958
447 5 59.0 133.64315020320402
447 5 6.0 106.85990097859968
447 5 60.0 97.9182303821899
447 5 7.0 86.27509364977944
447 5 8.0 100.31815106440938
447 5 9.0 156.69955002991088
447 6 1.0 136.63777591415038
447 6 10.0 91.62614947999519
447 6 11.0 65.50931144912536
447 6 12.0 152.14430828172638
447 6 13.0 169.55054015067802
447 6 14.0 153.21995723048832
447 6 15.0 154.76451442115027
447 6 16.0 149.3130787083054
447 6 17.0 116.52734532980526
447 6 18.0 115.06283765878361
447 6 19.0 132.87418581952724
447 6 2.0 120.53272641825566
447 6 20.0 105.51338837997058
447 6 21.0 106.19103481605856
447 6 22.0 120.78312665317203
447 6 23.0 106.02215356592676
447 6 24.0 153.33466016302194
447 6 25.0 101.83868710099203
447 6 26.0 86.41465250694324
447 6 27.0 134.08852413856619
447 6 28.0 154.2262865498773
447 6 29.0 115.97499046934648
447 6 3.0 119.39987371468236
447 6 30.0 113.27820799265818
447 6 31.0 103.05098846596896
447 6 32.0 111.95745992720713
447 6 33.0 141.26833634494992
447 6 34.0 134.97732124236833
447 6 35.0 157.5510316096611
447 6 36.0 127.87402892990059
447 6 37.0 119.46823657600868
447 6 38.0 138.48735461785148
447 6 39.0 152.19484128724997
447 6 4.0 121.69665086269723
447 6 40.0 113.3440999716092
447 6 41.0 130.85075004705197
447 6 42.0 98.76535325113169
447 6 43.0 127.43114309365973
447 6 44.0 114.34342664924476
447 6 45.0 120.2503819263257
447 6 46.0 75.76913618881119
447 6 47.0 149.2567336854422
447 6 48.0 85.16740543512753
447 6 49.0 161.15022659978465
447 6 5.0 134.63688840685455
447 6 50.0 127.30772868858146
447 6 51.0 93.14479758720557
447 6 52.0 149.90739841899955
447 6 53.0 165.11256404117455
447 6 54.0 89.00270367682765
447 6 55.0 161.89080951760653
447 6 56.0 140.0837668859855
447 6 57.0 88.46372396120903
447 6 58.0 179.46077520811374
447 6 59.0 122.06484502858221
447 6 6.0 162.73335390397057
447 6 60.0 143.33475225829963
447 6 7.0 162.62522609075614
447 6 8.0 159.2343289591815
447 6 9.0 127.79504545719597
448 5 1.0 167.26434564666823
448 5 10.0 98.92964391163538
448 5 11.0 109.47751578038425
448 5 12.0 123.77280077081382
448 5 13.0 102.94516259280705
448 5 14.0 127.18529074466105
448 5 15.0 134.62058306227382
448 5 16.0 119.4284748840118
448 5 17.0 103.80242345070822
448 5 18.0 124.75845082753949
448 5 19.0 110.00855254870504
448 5 2.0 102.7941941046141
448 5 20.0 107.26969944171059
448 5 21.0 134.63936083086492
448 5 22.0 114.68905470235066
448 5 23.0 129.61891654096394
448 5 24.0 137.58083805530035
448 5 25.0 144.0970026046654
448 5 26.0 125.34586663739692
448 5 27.0 155.5895435980787
448 5 28.0 107.7387452470583
448 5 29.0 78.10911008771075
448 5 3.0 105.08186371358089
448 5 30.0 160.59416399990334
448 5 31.0 144.77559182823947
448 5 32.0 165.4344382082263
448 5 33.0 127.17166067539105
448 5 34.0 120.01065372852797
448 5 35.0 110.66519157182846
448 5 36.0 83.54445939506465
448 5 37.0 99.95089768703944
448 5 38.0 126.8904856271017
448 5 39.0 158.64647057140047
448 5 4.0 106.46284192852899
448 5 40.0 111.00613803272344
448 5 41.0 111.92018426311577
448 5 42.0 135.13650101472876
448 5 43.0 90.69944515591739
448 5 44.0 161.8906439672759
448 5 45.0 103.62316423124865
448 5 46.0 120.63744453158252
448 5 47.0 138.54184884141105
448 5 48.0 159.27929065799043
448 5 49.0 146.5080385831889
448 5 5.0 124.50597850047289
448 5 50.0 113.45196162093973
448 5 51.0 169.81813839373925
448 5 52.0 154.91173022282567
448 5 53.0 161.51089504130852
448 5 54.0 126.7915946063482
448 5 55.0 116.4143342941664
448 5 56.0 141.52738044487606
448 5 57.0 106.3379956687384
448 5 58.0 172.24656962006475
448 5 59.0 142.3204133641984
448 5 6.0 116.51929746491301
448 5 60.0 82.35883821385146
448 5 7.0 122.04659028945541
448 5 8.0 122.0747122042421
448 5 9.0 93.46106901445975
448 6 1.0 111.97727556012791
448 6 10.0 162.1832249967867
448 6 11.0 87.46270842655687
448 6 12.0 116.69487621772622
448 6 13.0 138.12463928132465
448 6 14.0 134.14833286332032
448 6 15.0 104.82643244454154
448 6 16.0 126.10754716518275
448 6 17.0 148.00812804660455
448 6 18.0 126.21047637997623
448 6 19.0 177.2780941188767
448 6 2.0 111.26332601436395
448 6 20.0 138.6824371241107
448 6 21.0 94.43145514935235
448 6 22.0 130.08736858215502
448 6 23.0 165.68719545941065
448 6 24.0 173.09263925823342
448 6 25.0 116.42894184835107
448 6 26.0 81.59486760118614
448 6 27.0 105.82525155023188
448 6 28.0 152.95579132646637
448 6 29.0 92.25199672798789
448 6 3.0 94.9273968418283
448 6 30.0 129.2032041533862
448 6 31.0 131.43886184396504
448 6 32.0 101.44320835686085
448 6 33.0 110.4983856707389
448 6 34.0 114.64378050164923
448 6 35.0 137.9288303253123
448 6 36.0 161.66406641421483
448 6 37.0 103.55354792029068
448 6 38.0 78.71876487670805
448 6 39.0 164.93041817214083
448 6 4.0 149.3386075335623
448 6 40.0 123.32388065526419
448 6 41.0 109.5682534718539
448 6 42.0 144.13416223622812
448 6 43.0 136.35790974209922
448 6 44.0 130.47117440160315
448 6 45.0 148.84240228292654
448 6 46.0 109.08997078175923
448 6 47.0 159.5239246650996
448 6 48.0 132.1654307208737
448 6 49.0 141.35746723508467
448 6 5.0 144.1517220673396
448 6 50.0 102.61839056909686
448 6 51.0 175.33537197107265
448 6 52.0 125.86416518178977
448 6 53.0 159.10047039746172
448 6 54.0 99.39551867891005
448 6 55.0 164.9994340676351
448 6 56.0 171.02571700700153
448 6 57.0 74.97067378201834
448 6 58.0 99.7736261731663
448 6 59.0 160.212602792454
448 6 6.0 155.44982766929155
448 6 60.0 80.79631721677875
448 6 7.0 103.39553623307634
448 6 8.0 127.4617228025604
448 6 9.0 134.64312528648748
449 5 1.0 149.0687589111743
449 5 10.0 140.217633249076
449 5 11.0 130.0320211466958
449 5 12.0 110.21623181800314
449 5 13.0 105.62160640828426
449 5 14.0 153.08843020377654
449 5 15.0 96.81745826303845
449 5 16.0 113.88858568744905
449 5 17.0 176.54337801768426
449 5 18.0 92.43835182879559
449 5 19.0 107.80897359871827
449 5 2.0 109.74366031088906
449 5 20.0 155.26924235928007
449 5 21.0 99.30607348444704
449 5 22.0 152.69174719816036
449 5 23.0 118.00832626768324
449 5 24.0 143.13065302160837
449 5 25.0 115.0655489618066
449 5 26.0 97.0480566263146
449 5 27.0 117.10274027946541
449 5 28.0 135.28709851141957
449 5 29.0 119.3500089690502
449 5 3.0 127.70431432916264
449 5 30.0 145.74183569833988
449 5 31.0 167.3500730119327
449 5 32.0 134.58293122177895
449 5 33.0 139.6359562766219
449 5 34.0 141.62194234397342
449 5 35.0 144.35244697307556
449 5 36.0 151.0037794810635
449 5 37.0 88.96705474528002
449 5 38.0 100.95758507749038
449 5 39.0 120.64245361044054
449 5 4.0 148.8097516627289
449 5 40.0 115.56985092415779
449 5 41.0 87.15103825993224
449 5 42.0 93.83567212314448
449 5 43.0 112.98870341004896
449 5 44.0 108.3986082566717
449 5 45.0 130.96655538682742
449 5 46.0 159.89796074903188
449 5 47.0 154.27154364062693
449 5 48.0 172.13581970622636
449 5 49.0 162.7963240125156
449 5 5.0 140.9745077910144
449 5 50.0 148.46239824837087
449 5 51.0 147.77366233036506
449 5 52.0 137.11109587668753
449 5 53.0 120.07958333633775
449 5 54.0 141.14757786663824
449 5 55.0 114.33782399448596
449 5 56.0 76.2183964039222
449 5 57.0 93.79906412274073
449 5 58.0 156.4913921854586
449 5 59.0 114.8771733233029
449 5 6.0 149.1000964549252
449 5 60.0 82.76655281731092
449 5 7.0 137.0846709935324
449 5 8.0 135.8126841479788
449 5 9.0 144.73087898977565
449 6 1.0 114.86234982444526
449 6 10.0 135.83711848428152
449 6 11.0 144.29302274795785
449 6 12.0 132.73720656102952
449 6 13.0 145.49594619405502
449 6 14.0 94.25187190661848
449 6 15.0 138.2509720544709
449 6 16.0 159.6242444881156
449 6 17.0 109.2747163654875
449 6 18.0 160.94642959903845
449 6 19.0 166.23267832572884
449 6 2.0 87.35935821454223
449 6 20.0 140.0921149451857
449 6 21.0 105.35508478834463
449 6 22.0 123.26087307107355
449 6 23.0 91.70339072533558
449 6 24.0 140.80828096090278
449 6 25.0 91.54424601178441
449 6 26.0 98.85680473761401
449 6 27.0 118.34881076560927
449 6 28.0 141.171538480094
449 6 29.0 136.0325362913719
449 6 3.0 125.63582645267343
449 6 30.0 120.88926729327525
449 6 31.0 168.15388674327
449 6 32.0 133.04121793070215
449 6 33.0 149.9347851730616
449 6 34.0 133.35383256054928
449 6 35.0 121.38592007074506
449 6 36.0 154.8020946836794
449 6 37.0 102.18159258266512
449 6 38.0 123.26798891919788
449 6 39.0 119.81912737324433
449 6 4.0 94.70750420095811
449 6 40.0 130.85453867654428
449 6 41.0 99.5760935620873
449 6 42.0 155.5369374723873
449 6 43.0 106.06452195544938
449 6 44.0 134.5728133330453
449 6 45.0 120.46231592921491
449 6 46.0 94.93788958229818
449 6 47.0 123.77427565908776
449 6 48.0 110.07744594422878
449 6 49.0 139.7242122156194
449 6 5.0 112.22916671919323
449 6 50.0 127.30236695756749
449 6 51.0 123.6295020248476
449 6 52.0 145.18827870482738
449 6 53.0 87.08468419057446
449 6 54.0 149.33048682936936
449 6 55.0 138.69709840782855
449 6 56.0 107.91166669248516
449 6 57.0 84.76251510230767
449 6 58.0 145.56413523475373
449 6 59.0 132.95585731509374
449 6 6.0 125.09144150016826
449 6 60.0 113.02558267246249
449 6 7.0 137.57320599531337
449 6 8.0 128.10304489480683
449 6 9.0 130.24963894227972
450 5 1.0 103.90699953029004
450 5 10.0 127.95774302928228
450 5 11.0 107.09958166584356
450 5 12.0 111.25918012001998
450 5 13.0 101.39691261248954
450 5 14.0 92.61040484533525
450 5 15.0 113.88604598574766
450 5 16.0 140.51381182168507
450 5 17.0 162.37610538569479
450 5 18.0 144.95441727503865
450 5 19.0 120.12943099141543
450 5 2.0 165.92424935206967
450 5 20.0 147.2285741116233
450 5 21.0 110.44331890260472
450 5 22.0 146.50612948353503
450 5 23.0 142.0184793360087
450 5 24.0 110.16097163196585
450 5 25.0 122.19601755154402
450 5 26.0 104.52651366585295
450 5 27.0 146.39880463551128
450 5 28.0 148.0800570873995
450 5 29.0 103.63790990454498
450 5 3.0 116.70797969410532
450 5 30.0 125.83519335674609
450 5 31.0 102.69395647112441
450 5 32.0 125.3770686129642
450 5 33.0 132.01448335288418
450 5 34.0 149.7996366239859
450 5 35.0 116.10920583537
450 5 36.0 119.19415516579944
450 5 37.0 110.4906882050623
450 5 38.0 81.42780909614159
450 5 39.0 76.66472658872425
450 5 4.0 159.63816572198849
450 5 40.0 95.7782141094058
450 5 41.0 149.4530776277543
450 5 42.0 108.36390388842815
450 5 43.0 118.41699392871216
450 5 44.0 123.73246738080205
450 5 45.0 129.57775123441664
450 5 46.0 151.38626484678468
450 5 47.0 158.27509674220562
450 5 48.0 137.3941753641848
450 5 49.0 136.8676079807658
450 5 5.0 89.16502757642544
450 5 50.0 135.20043189782544
450 5 51.0 160.5568835364624
450 5 52.0 145.57434432087314
450 5 53.0 135.7144542827625
450 5 54.0 124.90481059911592
450 5 55.0 120.30309641898577
450 5 56.0 123.57191469401307
450 5 57.0 101.83102519000819
450 5 58.0 120.28691839358525
450 5 59.0 151.1681198992277
450 5 6.0 114.3167181536958
450 5 60.0 97.30319203115577
450 5 7.0 115.68107861861114
450 5 8.0 146.9844316482493
450 5 9.0 150.0523639488831
450 6 1.0 118.07336753148672
450 6 10.0 151.17718919307993
450 6 11.0 115.34290564458009
450 6 12.0 152.27902807888785
450 6 13.0 118.054300060557
450 6 14.0 138.73688143865084
450 6 15.0 97.1592152977935
450 6 16.0 145.98059990324958
450 6 17.0 119.40151997559552
450 6 18.0 132.50244708532313
450 6 19.0 116.57062619705161
450 6 2.0 120.27849666074147
450 6 20.0 155.75869894684493
450 6 21.0 103.85590467104784
450 6 22.0 88.24126029992861
450 6 23.0 87.69954777917657
450 6 24.0 99.79664772822122
450 6 25.0 120.04286233496582
450 6 26.0 101.95347487242617
450 6 27.0 146.1093670498102
450 6 28.0 106.8122768040509
450 6 29.0 144.6748233264198
450 6 3.0 157.2915692648176
450 6 30.0 113.22084065583543
450 6 31.0 152.2456695482329
450 6 32.0 161.26865502273168
450 6 33.0 153.99793515144958
450 6 34.0 89.53042901950184
450 6 35.0 138.52983554425305
450 6 36.0 145.229593488893
450 6 37.0 167.30735327205707
450 6 38.0 159.042554878796
450 6 39.0 136.76955250270683
450 6 4.0 98.9763815606599
450 6 40.0 145.7178735752642
450 6 41.0 116.40222209755325
450 6 42.0 108.76017432928295
450 6 43.0 99.04831385773804
450 6 44.0 112.69181051260462
450 6 45.0 125.21776494998225
450 6 46.0 92.14215376181224
450 6 47.0 124.34538370230635
450 6 48.0 165.32111604793798
450 6 49.0 104.73824200589316
450 6 5.0 161.92493800970166
450 6 50.0 140.29699238947526
450 6 51.0 157.0495857235725
450 6 52.0 159.86449849277824
450 6 53.0 154.27147257292833
450 6 54.0 150.11177693055768
450 6 55.0 142.5511973498537
450 6 56.0 124.18026568785235
450 6 57.0 98.17807838375269
450 6 58.0 92.15978885589236
450 6 59.0 125.57611012295467
450 6 6.0 104.23984909899069
450 6 60.0 84.29256212350325
450 6 7.0 151.33373050950104
450 6 8.0 75.65934011944746
450 6 9.0 109.1625217615981
451 5 1.0 142.29045315326005
451 5 10.0 120.40722392565822
451 5 11.0 172.92004192004185
451 5 12.0 100.91778465161087
451 5 13.0 145.16168257640066
451 5 14.0 158.21939920806977
451 5 15.0 121.14534922160503
451 5 16.0 160.3642285774291
451 5 17.0 159.43335489510002
451 5 18.0 126.0740448670595
451 5 19.0 138.44652094522812
451 5 2.0 81.34045552758124
451 5 20.0 155.47266839005982
451 5 21.0 110.63023121510807
451 5 22.0 138.59328706839466
451 5 23.0 148.85568175713135
451 5 24.0 109.17305162043623
451 5 25.0 97.55126643022936
451 5 26.0 95.95832791083836
451 5 27.0 115.11156843615089
451 5 28.0 155.65745247377657
451 5 29.0 121.91602193925918
451 5 3.0 113.8629572401146
451 5 30.0 153.85478549815988
451 5 31.0 142.09881197086852
451 5 32.0 164.65326982109178
451 5 33.0 145.08348397618852
451 5 34.0 154.73971584750663
451 5 35.0 130.03564012516415
451 5 36.0 94.7855474875185
451 5 37.0 124.67201122140322
451 5 38.0 141.29990067668015
451 5 39.0 119.47045395066822
451 5 4.0 123.91832357241653
451 5 40.0 99.18079300276894
451 5 41.0 139.63211965526614
451 5 42.0 130.11262414228804
451 5 43.0 93.67218556801504
451 5 44.0 142.68443247386327
451 5 45.0 143.53130408887952
451 5 46.0 128.68530915476526
451 5 47.0 130.0818487900522
451 5 48.0 142.53766841360022
451 5 49.0 150.91261659732595
451 5 5.0 89.30150848169343
451 5 50.0 86.48836256020395
451 5 51.0 135.40821051872862
451 5 52.0 145.38009294715152
451 5 53.0 145.24769881347058
451 5 54.0 137.48318794449187
451 5 55.0 122.60174227207303
451 5 56.0 169.15211074169218
451 5 57.0 83.76711350024554
451 5 58.0 141.75935887100445
451 5 59.0 118.87383006349407
451 5 6.0 113.91260877269775
451 5 60.0 98.55050240809213
451 5 7.0 136.64666177018654
451 5 8.0 102.25958975491693
451 5 9.0 127.41602420049067
451 6 1.0 125.8652801341758
451 6 10.0 140.86596750269678
451 6 11.0 114.41526136920152
451 6 12.0 82.97201988094481
451 6 13.0 132.24696876403289
451 6 14.0 86.10552258059488
451 6 15.0 114.48670737714467
451 6 16.0 158.16425052329495
451 6 17.0 132.3940149049331
451 6 18.0 147.2616987128509
451 6 19.0 154.26936062489477
451 6 2.0 159.45203481343282
451 6 20.0 111.59220942487651
451 6 21.0 145.14824135070776
451 6 22.0 98.75909169032194
451 6 23.0 141.5598728099678
451 6 24.0 137.24378191925075
451 6 25.0 109.29162465672243
451 6 26.0 144.71875431210267
451 6 27.0 115.96975020927697
451 6 28.0 97.48054894449551
451 6 29.0 166.12093619896083
451 6 3.0 126.36607359530302
451 6 30.0 112.98890731343577
451 6 31.0 130.30955115533854
451 6 32.0 137.682033915468
451 6 33.0 96.12775914012889
451 6 34.0 128.63971604782964
451 6 35.0 158.53057663385866
451 6 36.0 90.01323638334036
451 6 37.0 154.2123407269375
451 6 38.0 136.00962966379203
451 6 39.0 166.01698331598578
451 6 4.0 125.63745775315648
451 6 40.0 118.41962105090484
451 6 41.0 146.85099094785605
451 6 42.0 156.35203680113293
451 6 43.0 99.05822091872213
451 6 44.0 153.23031467632754
451 6 45.0 134.5293696196531
451 6 46.0 118.16208296908474
451 6 47.0 133.07253437047729
451 6 48.0 146.7696067150669
451 6 49.0 75.81460196525106
451 6 5.0 132.32594819821884
451 6 50.0 125.93307897067463
451 6 51.0 65.53297794103733
451 6 52.0 150.7511628600507
451 6 53.0 93.19299055046419
451 6 54.0 131.46424116715463
451 6 55.0 138.36264268908468
451 6 56.0 139.44246704406544
451 6 57.0 141.79561277858815
451 6 58.0 91.53681103320683
451 6 59.0 116.2165040410844
451 6 6.0 112.83911128069879
451 6 60.0 98.0539362724291
451 6 7.0 164.5519144806902
451 6 8.0 103.55451074284349
451 6 9.0 152.66729899587668
452 5 1.0 98.08057789430858
452 5 10.0 108.1030653397897
452 5 11.0 135.32769002802974
452 5 12.0 118.06179540528504
452 5 13.0 122.21998318588224
452 5 14.0 138.3669667913682
452 5 15.0 133.31695885714177
452 5 16.0 92.00869723603466
452 5 17.0 133.17402185438235
452 5 18.0 111.48164653072483
452 5 19.0 72.54271543269213
452 5 2.0 175.6978504222743
452 5 20.0 155.13749780693652
452 5 21.0 106.67627238107526
452 5 22.0 122.15285572648462
452 5 23.0 133.63926451007111
452 5 24.0 132.1196214436984
452 5 25.0 132.0510773125181
452 5 26.0 143.5590003131901
452 5 27.0 172.57761149554167
452 5 28.0 146.62856510973182
452 5 29.0 100.76922481736526
452 5 3.0 140.04827819871304
452 5 30.0 134.8267771850164
452 5 31.0 110.20552654559278
452 5 32.0 138.19159233808355
452 5 33.0 140.0599698721911
452 5 34.0 139.87275528556134
452 5 35.0 122.89531500958256
452 5 36.0 106.47558156672169
452 5 37.0 82.53695280055193
452 5 38.0 123.07647839417109
452 5 39.0 142.61549950340802
452 5 4.0 141.16296468188764
452 5 40.0 128.85870831445607
452 5 41.0 150.82791241606233
452 5 42.0 146.0236791883316
452 5 43.0 147.41636586387264
452 5 44.0 138.5906741089511
452 5 45.0 152.72254473362727
452 5 46.0 129.82850546558223
452 5 47.0 116.30472311756681
452 5 48.0 120.55524098467748
452 5 49.0 160.0592418185583
452 5 5.0 132.37441451713073
452 5 50.0 121.7818886059413
452 5 51.0 133.94816640891045
452 5 52.0 157.34333151208665
452 5 53.0 117.60453410214173
452 5 54.0 98.34804650653341
452 5 55.0 119.73840500480436
452 5 56.0 133.5273410255056
452 5 57.0 100.24632353588302
452 5 58.0 140.8451545746578
452 5 59.0 106.727294526515
452 5 6.0 116.36489269635936
452 5 60.0 93.34823772541398
452 5 7.0 91.23427786644041
452 5 8.0 141.00683204998248
452 5 9.0 69.72268150374626
452 6 1.0 178.75206894556882
452 6 10.0 141.14159868321627
452 6 11.0 170.2744606490055
452 6 12.0 132.30180625958704
452 6 13.0 129.1394873157934
452 6 14.0 111.01056412141114
452 6 15.0 159.42289009528162
452 6 16.0 116.91454975831545
452 6 17.0 138.86512136590636
452 6 18.0 110.31628598133973
452 6 19.0 143.34424780223728
452 6 2.0 133.40321455402236
452 6 20.0 122.95066350608577
452 6 21.0 101.11204373721961
452 6 22.0 140.1382975490695
452 6 23.0 97.43872427855337
452 6 24.0 146.37823942210028
452 6 25.0 96.9489659836826
452 6 26.0 116.76782752071493
452 6 27.0 113.91808018531867
452 6 28.0 118.28159610344117
452 6 29.0 98.04188704859105
452 6 3.0 99.0576310169644
452 6 30.0 136.57215462853256
452 6 31.0 116.91211093203069
452 6 32.0 137.37366286738788
452 6 33.0 111.81329734116615
452 6 34.0 87.06984530169898
452 6 35.0 142.14560501882764
452 6 36.0 108.5132039202892
452 6 37.0 158.33197418183877
452 6 38.0 99.3456817924907
452 6 39.0 117.83708524929823
452 6 4.0 121.73588597448246
452 6 40.0 166.59781521655077
452 6 41.0 109.27097888576073
452 6 42.0 116.56900886544251
452 6 43.0 112.98322615425836
452 6 44.0 123.54415436168706
452 6 45.0 162.03356493351902
452 6 46.0 118.54379575610534
452 6 47.0 172.98292715699
452 6 48.0 142.63253775882598
452 6 49.0 116.89292760329592
452 6 5.0 104.43880774950186
452 6 50.0 162.61129522562615
452 6 51.0 141.61217124401887
452 6 52.0 155.5476270709159
452 6 53.0 91.08438066338698
452 6 54.0 120.59849333076782
452 6 55.0 133.5259621400432
452 6 56.0 136.41753430034348
452 6 57.0 138.83558598341972
452 6 58.0 74.7468232691995
452 6 59.0 113.12278203433642
452 6 6.0 133.92716425780878
452 6 60.0 103.41977332277811
452 6 7.0 119.89220485196968
452 6 8.0 119.71573284247775
452 6 9.0 91.97295212375694
453 5 1.0 104.1942400408996
453 5 10.0 164.96314558457
453 5 11.0 123.57468854984374
453 5 12.0 178.12356954913582
453 5 13.0 148.04417518118052
453 5 14.0 121.08326428914904
453 5 15.0 108.58009660254946
453 5 16.0 142.7947864709101
453 5 17.0 169.04637703972574
453 5 18.0 150.5888839918473
453 5 19.0 135.97267081522887
453 5 2.0 109.39823941965554
453 5 20.0 143.16861403466578
453 5 21.0 124.74306634997181
453 5 22.0 136.0705776356486
453 5 23.0 141.70863314352042
453 5 24.0 102.41899960291667
453 5 25.0 117.24557784618658
453 5 26.0 94.58790376720579
453 5 27.0 130.53640873682346
453 5 28.0 146.12810275350267
453 5 29.0 93.73603170733129
453 5 3.0 133.44674856942322
453 5 30.0 166.44793270663456
453 5 31.0 155.79762918423972
453 5 32.0 78.77732544437588
453 5 33.0 130.5938024623788
453 5 34.0 154.8347850811609
453 5 35.0 121.57484527607856
453 5 36.0 106.12294020713684
453 5 37.0 94.84736750899549
453 5 38.0 125.3704875735486
453 5 39.0 114.66935592144843
453 5 4.0 105.43864298333162
453 5 40.0 148.67054448402266
453 5 41.0 155.6243386396876
453 5 42.0 103.04110733215911
453 5 43.0 159.19524174418976
453 5 44.0 104.74915132991708
453 5 45.0 120.99732850496314
453 5 46.0 123.32024671765215
453 5 47.0 98.60489983277549
453 5 48.0 157.6186679250639
453 5 49.0 148.84494917738027
453 5 5.0 145.82114945928362
453 5 50.0 157.0098572319862
453 5 51.0 104.8897485266516
453 5 52.0 168.00907434562063
453 5 53.0 163.36638047468372
453 5 54.0 105.90542697778285
453 5 55.0 160.24367968007513
453 5 56.0 120.4784074401696
453 5 57.0 111.98701705917438
453 5 58.0 143.56814288128692
453 5 59.0 95.17579322403074
453 5 6.0 110.73165676224652
453 5 60.0 98.14578948693381
453 5 7.0 130.89722139067374
453 5 8.0 117.464425584381
453 5 9.0 78.27867794349454
453 6 1.0 142.59777936757357
453 6 10.0 117.77031650395948
453 6 11.0 126.7759625098036
453 6 12.0 99.61038317600635
453 6 13.0 127.34337675151042
453 6 14.0 158.8326372416185
453 6 15.0 142.5566858878788
453 6 16.0 136.5219516818233
453 6 17.0 127.06174443906139
453 6 18.0 111.95973820452906
453 6 19.0 139.74688246623933
453 6 2.0 99.34627265373956
453 6 20.0 136.99489046668592
453 6 21.0 100.47669791625539
453 6 22.0 111.72481496546135
453 6 23.0 122.93762668648466
453 6 24.0 71.53017649983619
453 6 25.0 97.04828777439612
453 6 26.0 136.9450303372883
453 6 27.0 94.69684560285691
453 6 28.0 143.39038255884626
453 6 29.0 152.13218131767206
453 6 3.0 124.81909706074117
453 6 30.0 86.5753881736178
453 6 31.0 131.72540813795842
453 6 32.0 124.16850642833172
453 6 33.0 152.25914154733184
453 6 34.0 144.39417878353606
453 6 35.0 133.80711190706194
453 6 36.0 123.46983938715054
453 6 37.0 144.96248516677088
453 6 38.0 91.37498688807335
453 6 39.0 122.73103314319978
453 6 4.0 139.2546652095575
453 6 40.0 124.45236543116391
453 6 41.0 86.94850306352797
453 6 42.0 141.51990033856165
453 6 43.0 159.26501800218625
453 6 44.0 113.15672615121191
453 6 45.0 109.4054861633185
453 6 46.0 90.8328304051986
453 6 47.0 163.10885238971304
453 6 48.0 164.096253973155
453 6 49.0 108.64997576246651
453 6 5.0 142.11272566265635
453 6 50.0 115.93002916101922
453 6 51.0 118.42305381956538
453 6 52.0 102.15440022918143
453 6 53.0 143.04458522138205
453 6 54.0 146.5078242955715
453 6 55.0 161.556866588671
453 6 56.0 121.43966762556325
453 6 57.0 91.99167457923957
453 6 58.0 78.42130045388934
453 6 59.0 119.90551557205642
453 6 6.0 148.1177551870527
453 6 60.0 117.86591244217772
453 6 7.0 105.73982603723924
453 6 8.0 138.79539798668387
453 6 9.0 154.09343595044595
454 5 1.0 110.36072374343082
454 5 10.0 95.31039353335696
454 5 11.0 114.44472088444022
454 5 12.0 147.14047537742547
454 5 13.0 120.68504032232663
454 5 14.0 106.30957955995527
454 5 15.0 132.02081427825993
454 5 16.0 163.20897384122281
454 5 17.0 167.9837185684107
454 5 18.0 119.7456914070341
454 5 19.0 118.31998233626808
454 5 2.0 93.38470546726269
454 5 20.0 98.64039583476566
454 5 21.0 128.9402734530133
454 5 22.0 104.16679811295663
454 5 23.0 94.44880814577438
454 5 24.0 98.3795391644133
454 5 25.0 140.07876750325482
454 5 26.0 96.66549780996608
454 5 27.0 95.94693589448538
454 5 28.0 160.35806574157547
454 5 29.0 93.63539248017581
454 5 3.0 128.15469891975698
454 5 30.0 166.40030221218586
454 5 31.0 115.94392466866582
454 5 32.0 151.71572065727167
454 5 33.0 140.11929014949098
454 5 34.0 109.14702690600772
454 5 35.0 140.5027197542608
454 5 36.0 126.9865954864711
454 5 37.0 97.19946646489245
454 5 38.0 116.15695618964992
454 5 39.0 123.74532784253286
454 5 4.0 108.46382385162877
454 5 40.0 93.83101363280785
454 5 41.0 146.54072693570478
454 5 42.0 132.05858227633928
454 5 43.0 136.49301016447356
454 5 44.0 123.28664270081413
454 5 45.0 137.829278343481
454 5 46.0 74.57019402695902
454 5 47.0 168.43612275584698
454 5 48.0 161.72650170175004
454 5 49.0 173.80418113283585
454 5 5.0 76.66511801468444
454 5 50.0 125.30354178153223
454 5 51.0 132.53338119767994
454 5 52.0 121.55378091551077
454 5 53.0 146.42208289205558
454 5 54.0 94.40455927793226
454 5 55.0 149.4916482387837
454 5 56.0 127.02050142649983
454 5 57.0 113.86930326995845
454 5 58.0 148.71580206313993
454 5 59.0 125.45345924941968
454 5 6.0 166.75085639514765
454 5 60.0 81.42791265452415
454 5 7.0 145.34956349798264
454 5 8.0 93.4391091503154
454 5 9.0 149.10606398098713
454 6 1.0 128.03783887787932
454 6 10.0 142.58877906173248
454 6 11.0 100.21283152952337
454 6 12.0 157.31163954835895
454 6 13.0 164.911294646626
454 6 14.0 98.9153577968282
454 6 15.0 143.51254181537783
454 6 16.0 118.69086510913968
454 6 17.0 163.50790896903735
454 6 18.0 142.9032524482748
454 6 19.0 131.6319063671918
454 6 2.0 125.46174427898417
454 6 20.0 108.3132684354399
454 6 21.0 136.38668102531963
454 6 22.0 89.67120704368679
454 6 23.0 86.55246413956662
454 6 24.0 117.87728022474593
454 6 25.0 125.51727904891692
454 6 26.0 105.64862464491186
454 6 27.0 95.12013260104443
454 6 28.0 109.98785796851502
454 6 29.0 103.15496938123505
454 6 3.0 138.18378760979564
454 6 30.0 109.9421988703864
454 6 31.0 145.28035110327633
454 6 32.0 131.16760423991138
454 6 33.0 158.9488868000691
454 6 34.0 107.95217362963054
454 6 35.0 143.31352039576046
454 6 36.0 151.15831805773468
454 6 37.0 161.04711489933473
454 6 38.0 129.11222942592704
454 6 39.0 105.0669843014188
454 6 4.0 136.58229066245016
454 6 40.0 107.58919139466167
454 6 41.0 128.38706003972243
454 6 42.0 125.24194414035748
454 6 43.0 167.03992807900647
454 6 44.0 147.6319251848764
454 6 45.0 145.2185766663033
454 6 46.0 98.58817828969633
454 6 47.0 108.91088903514425
454 6 48.0 127.47465595688736
454 6 49.0 123.53006589138029
454 6 5.0 152.65529465865336
454 6 50.0 100.34291904250742
454 6 51.0 134.34583955297802
454 6 52.0 157.9417888186529
454 6 53.0 164.99312979816136
454 6 54.0 102.74452547290318
454 6 55.0 165.72982880131968
454 6 56.0 143.53695457232791
454 6 57.0 151.20837183080144
454 6 58.0 128.19348488301839
454 6 59.0 115.49650798663467
454 6 6.0 99.0574914364464
454 6 60.0 137.11903680396233
454 6 7.0 103.2114913455556
454 6 8.0 113.23824536982218
454 6 9.0 174.43422229502508
455 5 1.0 136.55057649902855
455 5 10.0 88.81934297979589
455 5 11.0 119.32202270078999
455 5 12.0 121.0123730967229
455 5 13.0 158.50461043376973
455 5 14.0 115.46193846597143
455 5 15.0 136.54827516398458
455 5 16.0 159.24859249323282
455 5 17.0 100.62094387734038
455 5 18.0 129.27992838868795
455 5 19.0 125.26220028436666
455 5 2.0 117.46141968635514
455 5 20.0 140.57973530200294
455 5 21.0 105.71835081178338
455 5 22.0 109.29603979588845
455 5 23.0 86.75569709144578
455 5 24.0 115.1410649514672
455 5 25.0 153.50193622550125
455 5 26.0 101.41120357091684
455 5 27.0 171.70241888641706
455 5 28.0 156.23172500424494
455 5 29.0 122.54816774184127
455 5 3.0 114.24668230293285
455 5 30.0 135.23662966675113
455 5 31.0 140.22494763188482
455 5 32.0 104.2761893655413
455 5 33.0 131.1999063768075
455 5 34.0 154.24750240098223
455 5 35.0 71.81883848497141
455 5 36.0 98.50958023284767
455 5 37.0 103.19185130706643
455 5 38.0 127.43770986000581
455 5 39.0 97.21643981233444
455 5 4.0 105.41300714666657
455 5 40.0 119.53652732714994
455 5 41.0 152.2705294682058
455 5 42.0 96.56073823192555
455 5 43.0 89.22405324138688
455 5 44.0 98.82369625731346
455 5 45.0 145.55336410992706
455 5 46.0 132.628848807691
455 5 47.0 129.55986843989984
455 5 48.0 131.1304936622457
455 5 49.0 129.31693733933832
455 5 5.0 94.98984278753903
455 5 50.0 112.24317464503297
455 5 51.0 135.5599069559899
455 5 52.0 166.90658685595972
455 5 53.0 141.43390693235824
455 5 54.0 110.49802686066127
455 5 55.0 125.41814241939498
455 5 56.0 155.7414898363916
455 5 57.0 92.54923051918993
455 5 58.0 111.28171209354858
455 5 59.0 128.4658039639071
455 5 6.0 133.06978778530186
455 5 60.0 85.08338777967467
455 5 7.0 128.03979090879693
455 5 8.0 90.69305145887884
455 5 9.0 140.1511599492039
455 6 1.0 135.60993952478816
455 6 10.0 147.23869461426312
455 6 11.0 134.38891392336816
455 6 12.0 98.82530873824658
455 6 13.0 147.20313984853826
455 6 14.0 132.80505624084984
455 6 15.0 168.92313333447785
455 6 16.0 150.74785367343407
455 6 17.0 114.01418306799856
455 6 18.0 74.553128437213
455 6 19.0 143.5941140972171
455 6 2.0 150.787345084967
455 6 20.0 133.02054775749954
455 6 21.0 111.07894368464935
455 6 22.0 116.44259934347934
455 6 23.0 93.02085054719034
455 6 24.0 82.96576348166933
455 6 25.0 120.93577255714598
455 6 26.0 103.514851198603
455 6 27.0 128.63964253383378
455 6 28.0 131.4499928205734
455 6 29.0 117.60007562198368
455 6 3.0 122.29978687139668
455 6 30.0 109.8199480446349
455 6 31.0 106.3223454849436
455 6 32.0 131.40999390076058
455 6 33.0 144.00758447335897
455 6 34.0 150.75931643246295
455 6 35.0 143.02162409708188
455 6 36.0 163.53738199337477
455 6 37.0 145.5276476864189
455 6 38.0 131.87218412308556
455 6 39.0 98.40419350273315
455 6 4.0 159.62094615127012
455 6 40.0 114.68436764564062
455 6 41.0 162.1431193619686
455 6 42.0 99.12158744357978
455 6 43.0 125.14941200951637
455 6 44.0 143.7965505911516
455 6 45.0 92.78252656014635
455 6 46.0 98.98329347103957
455 6 47.0 103.47439560705288
455 6 48.0 165.78461254812504
455 6 49.0 157.12104957205463
455 6 5.0 128.32881503803864
455 6 50.0 119.07081660629326
455 6 51.0 159.27125995880704
455 6 52.0 93.16176245722285
455 6 53.0 143.0588662041599
455 6 54.0 138.3097981780023
455 6 55.0 138.1502914080755
455 6 56.0 129.71231804917417
455 6 57.0 90.70958461844285
455 6 58.0 136.3324623103311
455 6 59.0 101.9064308148456
455 6 6.0 115.05201115394142
455 6 60.0 120.81050500776954
455 6 7.0 116.4113963050601
455 6 8.0 137.33524369083074
455 6 9.0 151.42435178075556
456 5 1.0 93.55882237788825
456 5 10.0 104.5687603605316
456 5 11.0 96.90118265319406
456 5 12.0 103.53017126356775
456 5 13.0 157.94861702299963
456 5 14.0 153.68372812214437
456 5 15.0 104.18461635363538
456 5 16.0 141.98388670931274
456 5 17.0 160.70501954434582
456 5 18.0 139.8318697254466
456 5 19.0 142.21515504698357
456 5 2.0 118.34894412858372
456 5 20.0 115.29549085259744
456 5 21.0 113.2363320442126
456 5 22.0 114.46993219671438
456 5 23.0 173.67371434246746
456 5 24.0 105.69992242642078
456 5 25.0 140.07263543971067
456 5 26.0 93.55837301140991
456 5 27.0 114.2331482569996
456 5 28.0 131.73630311628133
456 5 29.0 124.37957833955798
456 5 3.0 110.66428051334526
456 5 30.0 172.4820560073003
456 5 31.0 99.7688200138682
456 5 32.0 91.86713939416339
456 5 33.0 117.8060672199449
456 5 34.0 167.4972376979042
456 5 35.0 111.57793198211982
456 5 36.0 151.5855707656041
456 5 37.0 104.89796010803312
456 5 38.0 133.67923568974237
456 5 39.0 135.15159352777815
456 5 4.0 114.52475791042316
456 5 40.0 121.0818415982973
456 5 41.0 127.40564673413357
456 5 42.0 148.85897520297038
456 5 43.0 114.90607387131335
456 5 44.0 114.21844525919332
456 5 45.0 129.8676713561746
456 5 46.0 105.438731373902
456 5 47.0 150.5518403709763
456 5 48.0 150.27264217445028
456 5 49.0 134.50439018905433
456 5 5.0 156.74117877410885
456 5 50.0 109.228666116655
456 5 51.0 104.71573900858898
456 5 52.0 126.77422084732997
456 5 53.0 144.03027923467133
456 5 54.0 111.43934614346193
456 5 55.0 155.551166796659
456 5 56.0 120.15182156541756
456 5 57.0 91.56247770259401
456 5 58.0 145.17640328232116
456 5 59.0 146.35316418136762
456 5 6.0 172.23139067493742
456 5 60.0 80.97497152592037
456 5 7.0 136.7333829594958
456 5 8.0 103.71324513268941
456 5 9.0 146.40339900625978
456 6 1.0 109.87714880822682
456 6 10.0 145.6231325768436
456 6 11.0 101.50338109379199
456 6 12.0 131.5668182322835
456 6 13.0 160.64203036554474
456 6 14.0 141.3744337573711
456 6 15.0 152.43604675761352
456 6 16.0 149.24267913788896
456 6 17.0 136.19241357857257
456 6 18.0 163.77230160093188
456 6 19.0 111.89217228576204
456 6 2.0 123.5546248875066
456 6 20.0 164.1672419864132
456 6 21.0 118.12296659757008
456 6 22.0 108.63055092367527
456 6 23.0 105.93541070480897
456 6 24.0 133.74957859629933
456 6 25.0 117.18165099455969
456 6 26.0 94.74462784947067
456 6 27.0 115.82052792550182
456 6 28.0 135.87268264299044
456 6 29.0 87.52149096046472
456 6 3.0 156.22507624162768
456 6 30.0 146.57887843115594
456 6 31.0 149.63534842576658
456 6 32.0 147.73311173969472
456 6 33.0 137.28254505621996
456 6 34.0 112.62610895908534
456 6 35.0 98.23621676668014
456 6 36.0 142.37547544331477
456 6 37.0 127.73901066283676
456 6 38.0 122.91117625999038
456 6 39.0 105.10181742580156
456 6 4.0 147.22124208779226
456 6 40.0 124.73798746513597
456 6 41.0 142.2534576697655
456 6 42.0 158.86635507968398
456 6 43.0 129.26704507988882
456 6 44.0 142.84177575822991
456 6 45.0 91.16101915939235
456 6 46.0 101.00529118573253
456 6 47.0 117.22017967487682
456 6 48.0 98.33135847481833
456 6 49.0 116.197153599108
456 6 5.0 158.57746675625455
456 6 50.0 106.71790476232424
456 6 51.0 128.84752141191535
456 6 52.0 107.67673379591727
456 6 53.0 137.24017916109185
456 6 54.0 106.2700536952912
456 6 55.0 147.39424533500403
456 6 56.0 106.76437284709922
456 6 57.0 97.68113444710356
456 6 58.0 75.22426999196773
456 6 59.0 112.18612124516305
456 6 6.0 114.59976933279627
456 6 60.0 99.46383968454391
456 6 7.0 134.46670330888278
456 6 8.0 112.25143844040524
456 6 9.0 115.46065265757566
457 5 1.0 140.14164094166892
457 5 10.0 124.20988151464712
457 5 11.0 131.58612463900275
457 5 12.0 121.37492033975934
457 5 13.0 124.48451551387797
457 5 14.0 104.01168272192864
457 5 15.0 119.118675781548
457 5 16.0 121.9986153357913
457 5 17.0 94.56444098627685
457 5 18.0 77.92159274676744
457 5 19.0 149.79514151730453
457 5 2.0 84.68149430155174
457 5 20.0 113.76988212610718
457 5 21.0 158.8981140884056
457 5 22.0 95.65522516412219
457 5 23.0 136.98213914428044
457 5 24.0 116.19780388659554
457 5 25.0 143.8685939243392
457 5 26.0 100.55799982228078
457 5 27.0 115.90673994301754
457 5 28.0 157.19932394314282
457 5 29.0 75.90733917924058
457 5 3.0 125.75311565171754
457 5 30.0 152.8095957015245
457 5 31.0 155.15808739241467
457 5 32.0 131.16467056965863
457 5 33.0 135.57385746698355
457 5 34.0 114.30147595269983
457 5 35.0 160.6276070188823
457 5 36.0 159.04475092492928
457 5 37.0 105.23845269718507
457 5 38.0 113.51286041709305
457 5 39.0 107.90760134707672
457 5 4.0 141.53872207775012
457 5 40.0 126.50934433041938
457 5 41.0 105.6368750867112
457 5 42.0 98.96438086848951
457 5 43.0 130.11589240420832
457 5 44.0 136.78904374764556
457 5 45.0 119.77050547632406
457 5 46.0 160.07421739368448
457 5 47.0 100.76300824439139
457 5 48.0 124.94980641679955
457 5 49.0 121.8477813027923
457 5 5.0 115.57344330475661
457 5 50.0 107.77379666295104
457 5 51.0 147.21952983118229
457 5 52.0 137.4722824301626
457 5 53.0 175.47584582045388
457 5 54.0 121.72329549199287
457 5 55.0 115.68373109297217
457 5 56.0 93.30655239364926
457 5 57.0 97.12354058808599
457 5 58.0 120.63683774503173
457 5 59.0 137.20589181549212
457 5 6.0 124.91721859443929
457 5 60.0 150.32557841446544
457 5 7.0 113.28940851420982
457 5 8.0 119.25582205207755
457 5 9.0 100.14150054259791
457 6 1.0 151.88250070154848
457 6 10.0 114.39999190010097
457 6 11.0 121.7948520620316
457 6 12.0 130.7442960419998
457 6 13.0 104.05882061891775
457 6 14.0 121.72798002408685
457 6 15.0 151.53059101115954
457 6 16.0 150.11806022451938
457 6 17.0 153.9378563765742
457 6 18.0 121.58511047132995
457 6 19.0 120.41554532164461
457 6 2.0 96.04385062859097
457 6 20.0 152.8714848306905
457 6 21.0 104.633299046596
457 6 22.0 126.05847867948309
457 6 23.0 125.84966278317364
457 6 24.0 126.69974272009354
457 6 25.0 111.00542607506321
457 6 26.0 92.75804458320712
457 6 27.0 124.66415050966486
457 6 28.0 115.27975124776077
457 6 29.0 110.770446712774
457 6 3.0 126.98369394884676
457 6 30.0 126.10512950382304
457 6 31.0 113.60584513764718
457 6 32.0 152.25740393958867
457 6 33.0 130.88855697968205
457 6 34.0 166.22033731839863
457 6 35.0 119.17080079762701
457 6 36.0 125.64210620002888
457 6 37.0 129.18820420017428
457 6 38.0 139.40081326612594
457 6 39.0 91.97244453076183
457 6 4.0 120.91063706796315
457 6 40.0 115.58970082813028
457 6 41.0 98.2888696056927
457 6 42.0 122.80224805565979
457 6 43.0 93.25431792476721
457 6 44.0 115.16017142332566
457 6 45.0 147.9796375405657
457 6 46.0 88.91479836314105
457 6 47.0 101.09227692752562
457 6 48.0 171.40887130694196
457 6 49.0 156.91398875257616
457 6 5.0 146.4652084920629
457 6 50.0 155.56232311835484
457 6 51.0 128.07389610975227
457 6 52.0 136.73577982171707
457 6 53.0 86.53575910332725
457 6 54.0 82.96331303711237
457 6 55.0 95.70397618868633
457 6 56.0 152.38516654903415
457 6 57.0 142.07993746025096
457 6 58.0 100.04171751355666
457 6 59.0 122.24728524662055
457 6 6.0 93.59447348175277
457 6 60.0 102.39627497687196
457 6 7.0 133.06409417501533
457 6 8.0 83.5709828998539
457 6 9.0 98.02936573626786
458 5 1.0 165.0651589485748
458 5 10.0 108.18857479885213
458 5 11.0 98.27688715186366
458 5 12.0 149.28810547118832
458 5 13.0 82.44784166264324
458 5 14.0 99.97390180909095
458 5 15.0 99.00316362699627
458 5 16.0 102.48294272207835
458 5 17.0 119.80622554618402
458 5 18.0 107.29070135287868
458 5 19.0 125.73538610586895
458 5 2.0 119.06825193538339
458 5 20.0 157.50764192916023
458 5 21.0 141.14594073942172
458 5 22.0 111.54158975186853
458 5 23.0 138.4571162004609
458 5 24.0 123.1173833229353
458 5 25.0 84.31141002973318
458 5 26.0 82.41422521665567
458 5 27.0 103.48173524274783
458 5 28.0 154.8727857503024
458 5 29.0 80.31989023838501
458 5 3.0 134.81620686924873
458 5 30.0 143.0102859103365
458 5 31.0 102.44192659869623
458 5 32.0 111.85195846094919
458 5 33.0 134.4183470459483
458 5 34.0 142.57885913028124
458 5 35.0 138.6572869075683
458 5 36.0 151.65137094610114
458 5 37.0 120.97000115675978
458 5 38.0 101.39381589652172
458 5 39.0 141.08150678067665
458 5 4.0 100.52348525273652
458 5 40.0 125.53134092749268
458 5 41.0 126.68741812664705
458 5 42.0 114.38699083095474
458 5 43.0 117.22011323253345
458 5 44.0 145.47782338647048
458 5 45.0 95.67573007094798
458 5 46.0 82.24604667686486
458 5 47.0 93.6390757495494
458 5 48.0 138.66811031328697
458 5 49.0 105.10222197265495
458 5 5.0 99.79362970174725
458 5 50.0 91.26666408210097
458 5 51.0 152.10508532883964
458 5 52.0 126.97952508414402
458 5 53.0 173.82136521528187
458 5 54.0 101.81685422765797
458 5 55.0 152.5127637914378
458 5 56.0 119.5548059274211
458 5 57.0 103.26728551516663
458 5 58.0 168.62096847697623
458 5 59.0 156.3274122018943
458 5 6.0 154.84145850507437
458 5 60.0 118.55299422986229
458 5 7.0 104.44229677224811
458 5 8.0 115.56102519853007
458 5 9.0 166.7891583370333
458 6 1.0 107.62158327846264
458 6 10.0 127.48744686820038
458 6 11.0 135.1249558803376
458 6 12.0 119.953453813729
458 6 13.0 129.66910885064866
458 6 14.0 137.43921338292995
458 6 15.0 123.25591164828937
458 6 16.0 115.40834263394066
458 6 17.0 140.09087682138704
458 6 18.0 145.24703787753117
458 6 19.0 121.54304162785546
458 6 2.0 122.91267374705832
458 6 20.0 148.83037387103144
458 6 21.0 96.05506480398346
458 6 22.0 129.74235955121105
458 6 23.0 113.91324754747711
458 6 24.0 129.54840888251545
458 6 25.0 155.16547020749348
458 6 26.0 90.94870923463236
458 6 27.0 109.79910387028085
458 6 28.0 149.6395903693371
458 6 29.0 110.90598251259847
458 6 3.0 110.58087034366075
458 6 30.0 142.0603281718237
458 6 31.0 128.99385203727442
458 6 32.0 150.46241690824124
458 6 33.0 119.46558694241004
458 6 34.0 86.77342882021416
458 6 35.0 121.23800420730119
458 6 36.0 152.56725117822276
458 6 37.0 137.59311718889947
458 6 38.0 135.00604245620573
458 6 39.0 74.10587547764852
458 6 4.0 143.56816370991916
458 6 40.0 104.88348159176546
458 6 41.0 121.50817244356863
458 6 42.0 106.9723603552605
458 6 43.0 135.17033925546147
458 6 44.0 160.03256773881876
458 6 45.0 116.10469609239718
458 6 46.0 91.83114507629209
458 6 47.0 117.71603483179472
458 6 48.0 135.5474995947389
458 6 49.0 132.9579002723455
458 6 5.0 129.4745161682854
458 6 50.0 113.2586882014811
458 6 51.0 115.01722555858848
458 6 52.0 104.26795278266471
458 6 53.0 99.91436780239614
458 6 54.0 99.9213015475831
458 6 55.0 167.70656062332293
458 6 56.0 117.51086729214376
458 6 57.0 103.99673915571574
458 6 58.0 104.40182566204705
458 6 59.0 141.49952351192056
458 6 6.0 135.54457429721595
458 6 60.0 158.81693072965967
458 6 7.0 162.42831161112835
458 6 8.0 97.64046458537547
458 6 9.0 146.47200876414365
459 5 1.0 146.70326017304424
459 5 10.0 130.9299843619733
459 5 11.0 66.73348479928521
459 5 12.0 89.83665535672952
459 5 13.0 120.02271580286059
459 5 14.0 118.98367020690044
459 5 15.0 152.85372440493055
459 5 16.0 108.37854855759926
459 5 17.0 128.05432190442326
459 5 18.0 124.11236913549322
459 5 19.0 121.1721008116545
459 5 2.0 139.22290744386405
459 5 20.0 100.05591461500104
459 5 21.0 113.23446289825938
459 5 22.0 140.45224082669708
459 5 23.0 155.17920539760527
459 5 24.0 133.62923376612343
459 5 25.0 158.05936650810375
459 5 26.0 82.73887455402168
459 5 27.0 150.86539718298425
459 5 28.0 149.17242828574538
459 5 29.0 88.1741480086922
459 5 3.0 110.05202294948084
459 5 30.0 124.82383021254434
459 5 31.0 113.81198940647735
459 5 32.0 118.17474889075447
459 5 33.0 116.24423391945646
459 5 34.0 163.64471018038577
459 5 35.0 129.49563310736653
459 5 36.0 124.44683087858851
459 5 37.0 102.58962021581766
459 5 38.0 120.19553484717974
459 5 39.0 144.64182880073818
459 5 4.0 118.80628653592112
459 5 40.0 101.5555694958316
459 5 41.0 161.73001564423114
459 5 42.0 110.49502485038363
459 5 43.0 133.1240140036738
459 5 44.0 122.14240835787916
459 5 45.0 135.0346883795243
459 5 46.0 127.36739930062494
459 5 47.0 103.32297634707345
459 5 48.0 142.66712922521688
459 5 49.0 113.3599785525838
459 5 5.0 67.42094571763583
459 5 50.0 93.51327893608399
459 5 51.0 156.6202143396925
459 5 52.0 143.87470275424607
459 5 53.0 153.48030147635058
459 5 54.0 89.02970605449141
459 5 55.0 122.19673553191161
459 5 56.0 142.16670515247287
459 5 57.0 109.30123360454911
459 5 58.0 140.07167335485374
459 5 59.0 127.40627026611206
459 5 6.0 118.93629652543702
459 5 60.0 144.4766464904455
459 5 7.0 124.06334041618089
459 5 8.0 87.99207096897638
459 5 9.0 140.55475505702145
459 6 1.0 153.0962932807444
459 6 10.0 110.8089767722588
459 6 11.0 101.8620799893896
459 6 12.0 106.02193610770725
459 6 13.0 118.33054872112997
459 6 14.0 139.4066417821958
459 6 15.0 103.68279917917805
459 6 16.0 104.56973295357548
459 6 17.0 126.50211109623046
459 6 18.0 119.68387727115747
459 6 19.0 129.52394399367077
459 6 2.0 133.625433894752
459 6 20.0 124.34451010494266
459 6 21.0 102.42648914605046
459 6 22.0 168.9037043321207
459 6 23.0 109.8885996049152
459 6 24.0 133.9240981716353
459 6 25.0 135.8621440339972
459 6 26.0 97.29821308615122
459 6 27.0 117.23594658176707
459 6 28.0 95.02429290542274
459 6 29.0 104.65659594925079
459 6 3.0 131.47529901794033
459 6 30.0 123.15368809278274
459 6 31.0 131.82132193707557
459 6 32.0 112.52745841401818
459 6 33.0 149.44323412973242
459 6 34.0 125.13541373311259
459 6 35.0 133.56273599686156
459 6 36.0 75.4510714368583
459 6 37.0 143.8716207232857
459 6 38.0 109.22399014911238
459 6 39.0 72.6950162075744
459 6 4.0 140.0487269049019
459 6 40.0 108.21140810175596
459 6 41.0 137.45245398464533
459 6 42.0 124.8224704973539
459 6 43.0 82.63687044280316
459 6 44.0 150.66243069170585
459 6 45.0 154.6308979901934
459 6 46.0 104.11360426587628
459 6 47.0 114.53387091597926
459 6 48.0 125.11080463340868
459 6 49.0 141.99683809250564
459 6 5.0 127.73058401427582
459 6 50.0 122.47442660183394
459 6 51.0 126.67734967245924
459 6 52.0 132.19943403315736
459 6 53.0 92.95772049988005
459 6 54.0 129.1544129985029
459 6 55.0 150.2542075020306
459 6 56.0 132.1604051490874
459 6 57.0 105.2188231811519
459 6 58.0 83.36487662645789
459 6 59.0 128.7096500980104
459 6 6.0 88.21911416812266
459 6 60.0 119.62085291391323
459 6 7.0 144.93530456244906
459 6 8.0 127.00870512061519
459 6 9.0 133.64369335040763
460 5 1.0 92.48013180845535
460 5 10.0 153.57062882561854
460 5 11.0 117.62787972573838
460 5 12.0 117.62839512350087
460 5 13.0 119.89402314481012
460 5 14.0 110.4299970157259
460 5 15.0 96.74278745503672
460 5 16.0 128.43192482869367
460 5 17.0 137.36964219965145
460 5 18.0 128.02601013822465
460 5 19.0 111.22159933981196
460 5 2.0 108.99742475873306
460 5 20.0 141.97366318002915
460 5 21.0 93.0501073921256
460 5 22.0 132.46761866368604
460 5 23.0 143.10278422830595
460 5 24.0 148.35655166918912
460 5 25.0 109.23215001473422
460 5 26.0 100.46540559013592
460 5 27.0 123.11956267301954
460 5 28.0 162.33115226559315
460 5 29.0 91.42458558704286
460 5 3.0 96.24145900174622
460 5 30.0 135.7839516256064
460 5 31.0 112.24978182164001
460 5 32.0 127.64352188567126
460 5 33.0 111.29135675867656
460 5 34.0 110.45955647656068
460 5 35.0 101.8679929991524
460 5 36.0 110.72397971351955
460 5 37.0 110.78113941978718
460 5 38.0 127.09297832884066
460 5 39.0 115.43150993572398
460 5 4.0 141.04833900171428
460 5 40.0 114.80400781500641
460 5 41.0 121.18115172165561
460 5 42.0 145.0411509450636
460 5 43.0 134.91222614480745
460 5 44.0 151.60990254328445
460 5 45.0 144.09020897711525
460 5 46.0 112.53707132637858
460 5 47.0 131.34244098402777
460 5 48.0 136.3527539141332
460 5 49.0 148.02279838950116
460 5 5.0 145.15984475286737
460 5 50.0 152.8005680734201
460 5 51.0 169.61807383563564
460 5 52.0 147.21228295466622
460 5 53.0 109.46292807304924
460 5 54.0 115.2857732276592
460 5 55.0 159.81563477736094
460 5 56.0 165.80802636935152
460 5 57.0 117.65668290490662
460 5 58.0 136.8103816271519
460 5 59.0 133.88419589058324
460 5 6.0 106.02348306513217
460 5 60.0 92.27195902301258
460 5 7.0 122.22253066246302
460 5 8.0 126.72688893665399
460 5 9.0 152.27232552680786
460 6 1.0 132.02233492202927
460 6 10.0 128.16302774347076
460 6 11.0 106.43723852025875
460 6 12.0 118.70432070621044
460 6 13.0 154.76747749305832
460 6 14.0 121.98434450419498
460 6 15.0 123.3021403430743
460 6 16.0 142.26973386074917
460 6 17.0 148.46884106816663
460 6 18.0 109.36979795206875
460 6 19.0 145.18311885167793
460 6 2.0 124.53744725589712
460 6 20.0 156.01963966625152
460 6 21.0 96.58198590503687
460 6 22.0 167.30086604546375
460 6 23.0 147.20499469530466
460 6 24.0 108.80899543121664
460 6 25.0 123.61888078191741
460 6 26.0 100.76150937000459
460 6 27.0 126.35254555551273
460 6 28.0 133.79766978994255
460 6 29.0 128.64668547686603
460 6 3.0 119.92916378497749
460 6 30.0 134.855714174912
460 6 31.0 145.62130925352056
460 6 32.0 110.57038480777561
460 6 33.0 175.08725598424027
460 6 34.0 160.49104486965237
460 6 35.0 115.88375841626036
460 6 36.0 147.93302060955097
460 6 37.0 142.4858738613948
460 6 38.0 105.03063228664115
460 6 39.0 77.1848972831988
460 6 4.0 133.71464733609486
460 6 40.0 99.0507447181621
460 6 41.0 131.95550869078144
460 6 42.0 122.66630863463591
460 6 43.0 153.1173040357053
460 6 44.0 133.72184042408733
460 6 45.0 156.0596379655142
460 6 46.0 100.79551726247202
460 6 47.0 96.83367450648898
460 6 48.0 142.1760052830548
460 6 49.0 167.28123178182136
460 6 5.0 104.91631432204585
460 6 50.0 81.25347172811638
460 6 51.0 127.36308058235034
460 6 52.0 106.60776065401062
460 6 53.0 119.55944849113162
460 6 54.0 82.23799250804443
460 6 55.0 99.50726414016111
460 6 56.0 130.67136866725443
460 6 57.0 106.0918107899702
460 6 58.0 121.17965955032419
460 6 59.0 122.44662893985306
460 6 6.0 172.73686916562156
460 6 60.0 133.3593644659804
460 6 7.0 102.94964252856049
460 6 8.0 111.84595748003518
460 6 9.0 150.17213197186823
461 5 1.0 109.08347694811626
461 5 10.0 138.35511607442066
461 5 11.0 86.48172550910823
461 5 12.0 127.71001381027735
461 5 13.0 119.30869091277432
461 5 14.0 135.50386003237608
461 5 15.0 134.31543206420818
461 5 16.0 122.48675190257501
461 5 17.0 139.86416480799775
461 5 18.0 100.69551024435465
461 5 19.0 133.59610935145636
461 5 2.0 171.1972182990366
461 5 20.0 128.03626306697504
461 5 21.0 96.95103093460631
461 5 22.0 103.37928826111487
461 5 23.0 106.58085377424956
461 5 24.0 92.09320615258244
461 5 25.0 146.13141874287984
461 5 26.0 85.20080259515719
461 5 27.0 137.25383375907927
461 5 28.0 161.59836820068458
461 5 29.0 85.76553213644857
461 5 3.0 117.12560369247537
461 5 30.0 127.3303485143192
461 5 31.0 126.78839908415023
461 5 32.0 130.17129374128606
461 5 33.0 151.06287176969337
461 5 34.0 107.70018189532061
461 5 35.0 174.29175857599859
461 5 36.0 122.92195303755823
461 5 37.0 105.69937401080774
461 5 38.0 105.81482692778643
461 5 39.0 175.4474512811193
461 5 4.0 89.41243945000704
461 5 40.0 146.0657308059058
461 5 41.0 136.49758169678526
461 5 42.0 167.84218085513555
461 5 43.0 159.20174100837656
461 5 44.0 110.67288757536456
461 5 45.0 87.56772964459094
461 5 46.0 138.4146397340738
461 5 47.0 106.17313440371058
461 5 48.0 115.20735503642729
461 5 49.0 126.80943646162886
461 5 5.0 145.8807181522837
461 5 50.0 97.88613769043118
461 5 51.0 169.21494773173822
461 5 52.0 164.8274205059931
461 5 53.0 119.89321298452737
461 5 54.0 82.99032235127163
461 5 55.0 132.6549147771612
461 5 56.0 109.98927362038664
461 5 57.0 103.35866270685398
461 5 58.0 163.4852425070585
461 5 59.0 118.61491070607273
461 5 6.0 119.75637300483535
461 5 60.0 83.08591127982947
461 5 7.0 85.38780601919305
461 5 8.0 163.07872714266932
461 5 9.0 126.33145737978323
461 6 1.0 165.36503106592002
461 6 10.0 129.70895807485374
461 6 11.0 114.57492150547401
461 6 12.0 135.94500572236953
461 6 13.0 126.06974567738287
461 6 14.0 109.05133881843778
461 6 15.0 129.9225907455688
461 6 16.0 119.48856443816433
461 6 17.0 150.32784797756213
461 6 18.0 131.40124577793617
461 6 19.0 131.75383153478586
461 6 2.0 132.17514483366855
461 6 20.0 140.96289201964026
461 6 21.0 109.48557385166417
461 6 22.0 106.37517062090784
461 6 23.0 117.03111908085135
461 6 24.0 126.07589224573674
461 6 25.0 123.37803401444481
461 6 26.0 114.1464998400115
461 6 27.0 97.47735923362043
461 6 28.0 117.19472589435622
461 6 29.0 166.15132534830803
461 6 3.0 105.03394011986026
461 6 30.0 131.83692854499793
461 6 31.0 135.68863634158484
461 6 32.0 137.2987148866076
461 6 33.0 110.38576103879203
461 6 34.0 175.4753517302515
461 6 35.0 155.604206509108
461 6 36.0 152.3515364438319
461 6 37.0 170.50503538389177
461 6 38.0 75.62398333151532
461 6 39.0 106.23808164778455
461 6 4.0 126.7395501369778
461 6 40.0 105.81826650135973
461 6 41.0 114.86521562940194
461 6 42.0 118.32465976100438
461 6 43.0 102.19383656353295
461 6 44.0 160.20044807110554
461 6 45.0 143.13594596882183
461 6 46.0 102.64198148020833
461 6 47.0 171.04576349397416
461 6 48.0 157.48985168170316
461 6 49.0 134.50410381442262
461 6 5.0 88.2155144633447
461 6 50.0 139.50042398869442
461 6 51.0 135.15586572978776
461 6 52.0 115.01467342323559
461 6 53.0 160.9521150212615
461 6 54.0 104.79936008974276
461 6 55.0 94.50670206522454
461 6 56.0 126.70927340888657
461 6 57.0 131.5535300731893
461 6 58.0 137.2916284107021
461 6 59.0 162.53046560831453
461 6 6.0 125.75203064067938
461 6 60.0 106.24717355850075
461 6 7.0 119.46589663483168
461 6 8.0 93.08728659977331
461 6 9.0 140.95746343316432
462 5 1.0 141.14345701066944
462 5 10.0 91.5232905928616
462 5 11.0 122.81141850968456
462 5 12.0 146.17885619864833
462 5 13.0 100.32156344231045
462 5 14.0 121.03769816254908
462 5 15.0 117.09292225294315
462 5 16.0 134.42874353795887
462 5 17.0 112.68914754211553
462 5 18.0 109.97227759075318
462 5 19.0 149.0357959195974
462 5 2.0 117.48534648522207
462 5 20.0 96.94775422850589
462 5 21.0 117.32598969670558
462 5 22.0 142.64283675402515
462 5 23.0 92.63077327530628
462 5 24.0 119.68839258906876
462 5 25.0 124.5544738396937
462 5 26.0 165.48089200232624
462 5 27.0 113.78823824588355
462 5 28.0 161.28409206692672
462 5 29.0 99.56307259215947
462 5 3.0 74.545204824989
462 5 30.0 164.321273145686
462 5 31.0 118.1308309460298
462 5 32.0 130.09250142385753
462 5 33.0 122.73069489550608
462 5 34.0 160.0541811255345
462 5 35.0 100.02295747830146
462 5 36.0 71.27245821425501
462 5 37.0 104.24707258601552
462 5 38.0 127.64825224607081
462 5 39.0 153.08859619045543
462 5 4.0 165.92968085577684
462 5 40.0 155.12702177376
462 5 41.0 138.6498428930909
462 5 42.0 133.52730227117036
462 5 43.0 111.84777422759295
462 5 44.0 127.32812137865362
462 5 45.0 125.23286657720452
462 5 46.0 104.5991902308827
462 5 47.0 120.97616682715038
462 5 48.0 109.85538746739688
462 5 49.0 167.0770159609961
462 5 5.0 149.35195265627692
462 5 50.0 142.3383504036593
462 5 51.0 148.99189812106928
462 5 52.0 118.61486362464969
462 5 53.0 127.88758582937524
462 5 54.0 114.42451482929918
462 5 55.0 163.35094949974686
462 5 56.0 158.58802354386364
462 5 57.0 84.09224149584087
462 5 58.0 150.2374689874499
462 5 59.0 137.99938088401143
462 5 6.0 151.4026127275593
462 5 60.0 73.55393120508892
462 5 7.0 113.4659913995919
462 5 8.0 111.56486493988591
462 5 9.0 89.5329726564604
462 6 1.0 139.4442352205033
462 6 10.0 135.0164112875499
462 6 11.0 156.2537313478877
462 6 12.0 105.06005643538293
462 6 13.0 129.7875988469848
462 6 14.0 140.74326771594275
462 6 15.0 115.07571685726839
462 6 16.0 139.27449045616746
462 6 17.0 120.45867018690804
462 6 18.0 168.0474515596745
462 6 19.0 147.51865968639703
462 6 2.0 111.38262799359018
462 6 20.0 130.3488179357149
462 6 21.0 118.33688787372647
462 6 22.0 109.05290655739151
462 6 23.0 141.94645292499283
462 6 24.0 158.71426441304496
462 6 25.0 107.9468244139516
462 6 26.0 125.14525765913471
462 6 27.0 142.94868349265906
462 6 28.0 137.48322097460462
462 6 29.0 114.3815749318798
462 6 3.0 116.38536186617722
462 6 30.0 149.79049877497417
462 6 31.0 102.1152218090572
462 6 32.0 126.39207145628353
462 6 33.0 160.66992987857697
462 6 34.0 143.91964429038052
462 6 35.0 104.22451130658693
462 6 36.0 117.96820183927022
462 6 37.0 88.00253054181132
462 6 38.0 137.06266704436064
462 6 39.0 130.32038268090812
462 6 4.0 134.76716791358993
462 6 40.0 118.02449008055325
462 6 41.0 116.21703280820145
462 6 42.0 141.2892875791449
462 6 43.0 141.6489518485517
462 6 44.0 148.3585858036432
462 6 45.0 121.59764045193616
462 6 46.0 131.4008965811949
462 6 47.0 97.59850033155706
462 6 48.0 96.19653263640271
462 6 49.0 67.3916123465454
462 6 5.0 158.4562261263767
462 6 50.0 125.07759347633177
462 6 51.0 130.5781543804226
462 6 52.0 134.51002147351608
462 6 53.0 136.8352899103718
462 6 54.0 150.80443938830066
462 6 55.0 111.33862699118986
462 6 56.0 152.62601348028747
462 6 57.0 109.76623970944372
462 6 58.0 90.60653652768049
462 6 59.0 139.41331215521984
462 6 6.0 115.00545814669087
462 6 60.0 126.05127103811027
462 6 7.0 152.36282205491221
462 6 8.0 117.85096346470452
462 6 9.0 101.53493783305527
463 5 1.0 118.13127470336407
463 5 10.0 104.22024748414937
463 5 11.0 129.13515236590624
463 5 12.0 80.86545637665172
463 5 13.0 129.68527916867305
463 5 14.0 135.02081878413995
463 5 15.0 145.17659953110922
463 5 16.0 149.428648432404
463 5 17.0 136.1075261861891
463 5 18.0 84.36769090920173
463 5 19.0 104.11114487258858
463 5 2.0 171.44592991384243
463 5 20.0 80.00063512779998
463 5 21.0 111.12765380568156
463 5 22.0 143.50018224084488
463 5 23.0 177.5740536450632
463 5 24.0 112.36963584158651
463 5 25.0 124.92791771667368
463 5 26.0 104.60654047157199
463 5 27.0 110.86953354025556
463 5 28.0 144.89540188076614
463 5 29.0 126.10115958459616
463 5 3.0 106.40827725243392
463 5 30.0 152.30028960929738
463 5 31.0 64.72329663226022
463 5 32.0 124.47464623954494
463 5 33.0 141.0920429235178
463 5 34.0 138.20079417987495
463 5 35.0 151.8468075128675
463 5 36.0 96.72936977675516
463 5 37.0 102.90190600602655
463 5 38.0 121.16641988660538
463 5 39.0 138.81640699331587
463 5 4.0 118.58514712092853
463 5 40.0 110.36545298225987
463 5 41.0 128.07597816082367
463 5 42.0 124.65422102940904
463 5 43.0 175.8720999502399
463 5 44.0 123.43645022390893
463 5 45.0 95.42363221928815
463 5 46.0 108.53058442259338
463 5 47.0 101.86085277134181
463 5 48.0 127.44225567600216
463 5 49.0 123.7029169133159
463 5 5.0 105.58822090822824
463 5 50.0 159.6808100621697
463 5 51.0 138.47786221815593
463 5 52.0 115.73887696029382
463 5 53.0 148.15488499117055
463 5 54.0 109.3853078072479
463 5 55.0 142.54758541393528
463 5 56.0 116.69857701566157
463 5 57.0 88.2843459655063
463 5 58.0 166.3489130305539
463 5 59.0 137.47684346863443
463 5 6.0 164.1409380313442
463 5 60.0 86.60399116008318
463 5 7.0 124.7463943437081
463 5 8.0 90.62015592155782
463 5 9.0 84.27248256756725
463 6 1.0 144.75823442120466
463 6 10.0 132.5510999513962
463 6 11.0 121.06454917715658
463 6 12.0 161.67041497876426
463 6 13.0 151.58761099109265
463 6 14.0 166.10282081527433
463 6 15.0 124.55378070246482
463 6 16.0 169.6503738916647
463 6 17.0 120.2200313379347
463 6 18.0 115.48844980913556
463 6 19.0 144.69734446291199
463 6 2.0 100.28367677518392
463 6 20.0 124.58332484183434
463 6 21.0 136.3959487126369
463 6 22.0 136.13293105738637
463 6 23.0 126.05181691444855
463 6 24.0 101.46273130442907
463 6 25.0 111.88148736949637
463 6 26.0 111.53536761557751
463 6 27.0 128.69349763476183
463 6 28.0 106.7648862470316
463 6 29.0 93.82167455717573
463 6 3.0 143.55791959189833
463 6 30.0 110.60972027180809
463 6 31.0 102.34355571683044
463 6 32.0 128.95524583688288
463 6 33.0 172.60930229345325
463 6 34.0 128.8496326253302
463 6 35.0 136.19644669249146
463 6 36.0 172.58917635966472
463 6 37.0 140.3619522275304
463 6 38.0 165.52402849163994
463 6 39.0 139.66849910417477
463 6 4.0 125.66519473409181
463 6 40.0 118.17616250736737
463 6 41.0 142.3843015165992
463 6 42.0 127.4195326726425
463 6 43.0 142.93928786351725
463 6 44.0 146.15101056753397
463 6 45.0 105.65058682054357
463 6 46.0 106.54297840726785
463 6 47.0 151.3029098888197
463 6 48.0 113.15104807453974
463 6 49.0 82.93599375203306
463 6 5.0 139.87326579422827
463 6 50.0 124.00397406538696
463 6 51.0 113.48019436038203
463 6 52.0 142.76688729068624
463 6 53.0 79.73191894559038
463 6 54.0 135.24521006825879
463 6 55.0 144.1600330325157
463 6 56.0 129.03452430919342
463 6 57.0 77.29934254089761
463 6 58.0 129.33852167317235
463 6 59.0 123.09931231384084
463 6 6.0 166.41032071127066
463 6 60.0 83.48586985517512
463 6 7.0 118.17740838572323
463 6 8.0 111.17061638759
463 6 9.0 81.95925489778718
464 5 1.0 118.32800305201702
464 5 10.0 155.47573485119233
464 5 11.0 124.22910503195041
464 5 12.0 98.4321848579415
464 5 13.0 117.01572388959583
464 5 14.0 140.40718669350596
464 5 15.0 87.18808991393348
464 5 16.0 155.14514614033132
464 5 17.0 106.28219793068182
464 5 18.0 136.30994213899936
464 5 19.0 86.89438460570223
464 5 2.0 124.17882636602043
464 5 20.0 95.08694222434038
464 5 21.0 97.68873447969094
464 5 22.0 111.78950813914814
464 5 23.0 161.80240811152183
464 5 24.0 113.97348557930759
464 5 25.0 87.4773329367808
464 5 26.0 94.00875301799287
464 5 27.0 121.86715063341703
464 5 28.0 173.3010288638854
464 5 29.0 76.02016676412545
464 5 3.0 120.53903159794952
464 5 30.0 117.55614736305958
464 5 31.0 133.93629453014043
464 5 32.0 132.0538693037321
464 5 33.0 156.2995878849863
464 5 34.0 119.17942027960159
464 5 35.0 154.29298296179564
464 5 36.0 92.38267685752817
464 5 37.0 102.36247280968398
464 5 38.0 102.7722390324566
464 5 39.0 95.37678725346096
464 5 4.0 136.7284106239679
464 5 40.0 148.58747411985024
464 5 41.0 128.1203648169115
464 5 42.0 150.37225020926343
464 5 43.0 121.73562314761816
464 5 44.0 142.23676114556673
464 5 45.0 117.5280166670343
464 5 46.0 126.49893707565894
464 5 47.0 131.65229601134394
464 5 48.0 142.81920983095847
464 5 49.0 146.59479001032588
464 5 5.0 118.61462949288145
464 5 50.0 167.85334563433767
464 5 51.0 93.75967158632923
464 5 52.0 135.3575868669144
464 5 53.0 161.40184260863464
464 5 54.0 131.3790112736441
464 5 55.0 154.57557364809526
464 5 56.0 157.8177633766966
464 5 57.0 84.80356483236216
464 5 58.0 122.54533622292247
464 5 59.0 149.79044878756338
464 5 6.0 119.78780095110612
464 5 60.0 114.60527232508943
464 5 7.0 78.53301094268303
464 5 8.0 122.08549262354313
464 5 9.0 129.72191740129404
464 6 1.0 128.65443278413247
464 6 10.0 159.26547290299862
464 6 11.0 102.48155126904773
464 6 12.0 108.5310521559245
464 6 13.0 95.73578111932471
464 6 14.0 166.95398826875908
464 6 15.0 176.667924789494
464 6 16.0 141.37347081070584
464 6 17.0 161.03145515182365
464 6 18.0 152.10088939695584
464 6 19.0 141.54033064743678
464 6 2.0 127.53965263798217
464 6 20.0 143.55995052967938
464 6 21.0 108.53040582964424
464 6 22.0 79.58511026569543
464 6 23.0 94.71897217018142
464 6 24.0 118.06285523410429
464 6 25.0 132.1297854637455
464 6 26.0 91.27674648396764
464 6 27.0 130.58266287437135
464 6 28.0 113.9953573873465
464 6 29.0 73.87183276833886
464 6 3.0 101.61974293762931
464 6 30.0 91.75370145191249
464 6 31.0 133.50643258178164
464 6 32.0 125.40337457228082
464 6 33.0 150.7914373494326
464 6 34.0 90.90764555388421
464 6 35.0 107.62087775254216
464 6 36.0 102.44345284073857
464 6 37.0 130.41900613773643
464 6 38.0 164.50333816184778
464 6 39.0 114.9579342004675
464 6 4.0 153.32681585534667
464 6 40.0 110.53605926007475
464 6 41.0 135.48959864059916
464 6 42.0 100.52794398542139
464 6 43.0 144.4162813878978
464 6 44.0 164.34692442640394
464 6 45.0 144.49316366095013
464 6 46.0 94.00070039057836
464 6 47.0 154.4906885285438
464 6 48.0 156.10756216798953
464 6 49.0 135.98400035076472
464 6 5.0 141.4004526553993
464 6 50.0 119.59219585290927
464 6 51.0 125.1564589975081
464 6 52.0 87.47858875382428
464 6 53.0 83.7045071169015
464 6 54.0 141.75089534326975
464 6 55.0 106.51021293802722
464 6 56.0 125.39786479525796
464 6 57.0 130.70581625324112
464 6 58.0 137.617405206584
464 6 59.0 117.29298478955405
464 6 6.0 138.47493992520532
464 6 60.0 80.18829268032388
464 6 7.0 135.85239757106115
464 6 8.0 121.33620057437352
464 6 9.0 154.51862327873332
465 5 1.0 133.25934708726
465 5 10.0 98.23643329714798
465 5 11.0 151.90926694233983
465 5 12.0 145.91214978540128
465 5 13.0 170.45437242628884
465 5 14.0 125.27314053482594
465 5 15.0 143.4068637650344
465 5 16.0 160.47401158640037
465 5 17.0 142.168181974445
465 5 18.0 115.79045501334498
465 5 19.0 148.697122473856
465 5 2.0 94.21900539313927
465 5 20.0 139.36784501286442
465 5 21.0 142.10613503677212
465 5 22.0 145.71510526744666
465 5 23.0 135.42662723263675
465 5 24.0 87.19047158327056
465 5 25.0 94.79412816332133
465 5 26.0 131.91787991607677
465 5 27.0 139.46530565789087
465 5 28.0 162.18361316161506
465 5 29.0 116.47721208340835
465 5 3.0 125.72335998755057
465 5 30.0 162.6121281646143
465 5 31.0 114.83123360127561
465 5 32.0 74.6250419163257
465 5 33.0 136.13351855200736
465 5 34.0 155.75013757001977
465 5 35.0 139.53499790381082
465 5 36.0 103.4631701827373
465 5 37.0 92.3307183822948
465 5 38.0 134.33979356307418
465 5 39.0 109.725373533299
465 5 4.0 112.51493291633929
465 5 40.0 114.87810784630813
465 5 41.0 120.12699159428598
465 5 42.0 106.12177024509884
465 5 43.0 162.20786160785232
465 5 44.0 162.1627926652565
465 5 45.0 118.78341572078023
465 5 46.0 100.11749812168607
465 5 47.0 138.27056504545683
465 5 48.0 133.67538064655417
465 5 49.0 123.74830651971529
465 5 5.0 151.41100398866027
465 5 50.0 119.37472282529528
465 5 51.0 154.86585551650757
465 5 52.0 119.18879202594131
465 5 53.0 108.29262242601818
465 5 54.0 113.45921953319652
465 5 55.0 147.50637257168304
465 5 56.0 112.99630438351565
465 5 57.0 100.77994651240303
465 5 58.0 139.66048526961524
465 5 59.0 152.54115079271608
465 5 6.0 118.18643653194198
465 5 60.0 99.71320171353574
465 5 7.0 69.98841641717586
465 5 8.0 154.7298637894031
465 5 9.0 142.63151663216607
465 6 1.0 147.5429495131243
465 6 10.0 128.82241875136393
465 6 11.0 110.59059464047226
465 6 12.0 138.22302871144245
465 6 13.0 157.0461893693314
465 6 14.0 122.42822680709432
465 6 15.0 160.65010253576474
465 6 16.0 139.90758777042709
465 6 17.0 74.95823602123062
465 6 18.0 121.66291219228323
465 6 19.0 112.49539423299477
465 6 2.0 105.44159057087943
465 6 20.0 99.59760420246376
465 6 21.0 119.93988128505971
465 6 22.0 146.8535865169258
465 6 23.0 109.87351929498327
465 6 24.0 102.50384232634858
465 6 25.0 147.0554025979937
465 6 26.0 121.69567164859438
465 6 27.0 143.97532637619864
465 6 28.0 148.7811110185241
465 6 29.0 112.65780028128329
465 6 3.0 108.30284433315872
465 6 30.0 105.55586278825618
465 6 31.0 103.65080392732527
465 6 32.0 112.03791213442528
465 6 33.0 147.46616700691342
465 6 34.0 134.23305001214186
465 6 35.0 149.09945061717912
465 6 36.0 125.97088471084805
465 6 37.0 144.34705132247106
465 6 38.0 98.19991605857324
465 6 39.0 135.3554338889277
465 6 4.0 137.08981242753595
465 6 40.0 146.042942509112
465 6 41.0 141.70371686722018
465 6 42.0 127.91963373539214
465 6 43.0 117.79050973833596
465 6 44.0 151.97943632023808
465 6 45.0 123.4576066606278
465 6 46.0 98.66641012466981
465 6 47.0 108.46198763770278
465 6 48.0 146.7772072459472
465 6 49.0 129.17878847919943
465 6 5.0 127.62543466552253
465 6 50.0 132.31527850879704
465 6 51.0 62.72386469353989
465 6 52.0 107.29949967509965
465 6 53.0 140.1699931174331
465 6 54.0 145.17582522216597
465 6 55.0 133.33173371511063
465 6 56.0 120.66198933337657
465 6 57.0 124.01218294779659
465 6 58.0 127.13698420276076
465 6 59.0 118.55916588571954
465 6 6.0 85.62938698432497
465 6 60.0 110.51981841838747
465 6 7.0 147.65682620557627
465 6 8.0 142.88864655631235
465 6 9.0 84.20138081618894
466 5 1.0 126.46790370895371
466 5 10.0 120.12414809477784
466 5 11.0 92.29765651173236
466 5 12.0 84.6526854478653
466 5 13.0 150.53047979220563
466 5 14.0 126.04239374119972
466 5 15.0 121.42705485026345
466 5 16.0 169.0167381408011
466 5 17.0 156.16041110405672
466 5 18.0 143.61411577609562
466 5 19.0 129.33058969072513
466 5 2.0 95.17143163252938
466 5 20.0 145.84929895322384
466 5 21.0 86.9453780329415
466 5 22.0 118.46625254486692
466 5 23.0 138.8704280131678
466 5 24.0 145.71165679677935
466 5 25.0 117.03147050408596
466 5 26.0 109.3313687384776
466 5 27.0 126.96863247677861
466 5 28.0 131.25084508998822
466 5 29.0 77.98583596286186
466 5 3.0 125.91204418228544
466 5 30.0 150.86664304098474
466 5 31.0 143.56640921484237
466 5 32.0 91.26153803869728
466 5 33.0 132.4106259150543
466 5 34.0 150.13049455770965
466 5 35.0 152.2384243732765
466 5 36.0 121.51342289704363
466 5 37.0 105.43449695831634
466 5 38.0 110.16396323254416
466 5 39.0 137.56071894366798
466 5 4.0 133.55122539126202
466 5 40.0 116.20900958963215
466 5 41.0 129.04908461864335
466 5 42.0 137.52502257942672
466 5 43.0 68.13581573234775
466 5 44.0 134.4896708865074
466 5 45.0 103.41185469831073
466 5 46.0 115.86977927447707
466 5 47.0 146.30503713282803
466 5 48.0 116.59026483006767
466 5 49.0 114.18735104706492
466 5 5.0 81.56164658292397
466 5 50.0 84.43339298345353
466 5 51.0 133.76676853037418
466 5 52.0 144.76168558241312
466 5 53.0 167.6339996062447
466 5 54.0 142.3746720972495
466 5 55.0 122.22093574722948
466 5 56.0 177.5066363415521
466 5 57.0 81.64343099713071
466 5 58.0 127.4759976226232
466 5 59.0 171.45421063248682
466 5 6.0 151.40516838349754
466 5 60.0 104.63629252203877
466 5 7.0 83.00393603060591
466 5 8.0 158.25341705211528
466 5 9.0 107.30959552773041
466 6 1.0 160.0830093667956
466 6 10.0 122.97747131292525
466 6 11.0 125.61026686570497
466 6 12.0 105.84602598961314
466 6 13.0 134.52690220657374
466 6 14.0 136.5107302395979
466 6 15.0 124.18673907770147
466 6 16.0 129.60481647274116
466 6 17.0 99.21636177690303
466 6 18.0 122.71419014874094
466 6 19.0 137.72356009295981
466 6 2.0 139.85648036466563
466 6 20.0 80.20282108642428
466 6 21.0 126.36471096464761
466 6 22.0 78.0490758163619
466 6 23.0 107.29843218156628
466 6 24.0 111.61308680739566
466 6 25.0 107.78471691089707
466 6 26.0 108.58461864254944
466 6 27.0 117.56293153174894
466 6 28.0 105.93214706390023
466 6 29.0 84.0820570458386
466 6 3.0 113.30280086277858
466 6 30.0 127.75941108753588
466 6 31.0 98.73702050054843
466 6 32.0 134.88696433087506
466 6 33.0 130.7813029477474
466 6 34.0 103.90366008420347
466 6 35.0 138.182627428012
466 6 36.0 90.68348533234075
466 6 37.0 129.7802890139856
466 6 38.0 131.10226568091855
466 6 39.0 158.88480149109577
466 6 4.0 113.4519700839549
466 6 40.0 127.96232808453783
466 6 41.0 88.95837825628033
466 6 42.0 101.5236759200815
466 6 43.0 157.41013627837788
466 6 44.0 148.5514813632116
466 6 45.0 92.03421434333268
466 6 46.0 93.0151292993908
466 6 47.0 92.06258235359451
466 6 48.0 130.87219059310144
466 6 49.0 118.00595932855856
466 6 5.0 171.03984530641532
466 6 50.0 131.4363170075894
466 6 51.0 159.1659253456227
466 6 52.0 141.0223803583137
466 6 53.0 135.81718648786844
466 6 54.0 112.35776730306662
466 6 55.0 133.0398464685528
466 6 56.0 148.73726051421093
466 6 57.0 122.40496037329913
466 6 58.0 78.87043167001463
466 6 59.0 167.87012722820307
466 6 6.0 155.2052730126968
466 6 60.0 91.21513965982597
466 6 7.0 159.79225011306576
466 6 8.0 93.91071113204504
466 6 9.0 157.79850154132188
467 5 1.0 131.1364302360211
467 5 10.0 145.7681102741797
467 5 11.0 146.6099714303835
467 5 12.0 83.61424440613133
467 5 13.0 72.0902657522038
467 5 14.0 96.56006107996936
467 5 15.0 116.3073379862513
467 5 16.0 161.84249588619716
467 5 17.0 157.62997496535377
467 5 18.0 74.43286692076778
467 5 19.0 170.42192061564367
467 5 2.0 105.00050875554363
467 5 20.0 147.42357718488736
467 5 21.0 111.52253760478013
467 5 22.0 101.1737086733979
467 5 23.0 140.39178438516072
467 5 24.0 83.2051766296566
467 5 25.0 138.5332059984446
467 5 26.0 103.35472077746306
467 5 27.0 143.75917975303395
467 5 28.0 122.97332910784436
467 5 29.0 130.31541521756162
467 5 3.0 119.94205454150008
467 5 30.0 142.27156210782243
467 5 31.0 103.23112401642918
467 5 32.0 141.45097584003787
467 5 33.0 145.76132687401068
467 5 34.0 139.868562861267
467 5 35.0 173.45522714405303
467 5 36.0 136.6801808637658
467 5 37.0 82.90155004604051
467 5 38.0 78.21067360013839
467 5 39.0 96.01646124811546
467 5 4.0 93.21809746193108
467 5 40.0 138.33891927198954
467 5 41.0 154.91545146737894
467 5 42.0 151.58089571715658
467 5 43.0 145.76402678006872
467 5 44.0 118.15697200384248
467 5 45.0 103.15752919512072
467 5 46.0 101.12574590809808
467 5 47.0 146.45898657562174
467 5 48.0 139.81206744760547
467 5 49.0 136.9785736971527
467 5 5.0 136.00940401147525
467 5 50.0 80.55657743674178
467 5 51.0 163.17091761847584
467 5 52.0 139.577554398922
467 5 53.0 138.48759806253778
467 5 54.0 106.23235481886405
467 5 55.0 130.66987171056684
467 5 56.0 166.51248701396452
467 5 57.0 100.97023785654314
467 5 58.0 134.8588614501844
467 5 59.0 112.27097583384254
467 5 6.0 143.37530908705776
467 5 60.0 87.63613881116393
467 5 7.0 133.2384016578021
467 5 8.0 138.86873664406124
467 5 9.0 114.43407389259302
467 6 1.0 133.59882418524234
467 6 10.0 148.15435571015985
467 6 11.0 106.46393013161936
467 6 12.0 146.61635794288156
467 6 13.0 130.87979400954015
467 6 14.0 151.0928628206028
467 6 15.0 118.72721213297751
467 6 16.0 96.19754594123276
467 6 17.0 123.91279534195631
467 6 18.0 100.06270235243328
467 6 19.0 154.11406918028328
467 6 2.0 99.54053585317091
467 6 20.0 159.5141647519975
467 6 21.0 100.9300074004129
467 6 22.0 128.37523928295215
467 6 23.0 150.42011973711348
467 6 24.0 148.89770223069442
467 6 25.0 143.67886274915824
467 6 26.0 138.92665981889536
467 6 27.0 144.58864228319374
467 6 28.0 138.53312688322882
467 6 29.0 135.88025477105006
467 6 3.0 107.86406116014079
467 6 30.0 118.29632288722591
467 6 31.0 167.16538708404556
467 6 32.0 122.14338011698057
467 6 33.0 156.5825437250955
467 6 34.0 124.6030466293677
467 6 35.0 131.04434217523664
467 6 36.0 126.51331451624266
467 6 37.0 139.45838855269173
467 6 38.0 147.04548535865527
467 6 39.0 76.3756458978364
467 6 4.0 117.32888006513397
467 6 40.0 147.90303672187926
467 6 41.0 109.14872006797944
467 6 42.0 106.50822566162933
467 6 43.0 136.38746680476683
467 6 44.0 139.28273954633852
467 6 45.0 90.8484737215311
467 6 46.0 120.17847076745284
467 6 47.0 139.35593376450691
467 6 48.0 163.77818679693664
467 6 49.0 102.28514159887254
467 6 5.0 119.55701489232672
467 6 50.0 104.96271836250203
467 6 51.0 96.78673216986984
467 6 52.0 89.88806727051637
467 6 53.0 145.47784875511002
467 6 54.0 99.91146870701915
467 6 55.0 173.8270017860505
467 6 56.0 113.82107295248484
467 6 57.0 170.61922775800878
467 6 58.0 110.72992684442885
467 6 59.0 140.83648972113906
467 6 6.0 82.10847485855018
467 6 60.0 95.66337610507486
467 6 7.0 106.10142722105167
467 6 8.0 107.62296125669246
467 6 9.0 132.18253095459798
468 5 1.0 155.98708027333421
468 5 10.0 93.51203900594186
468 5 11.0 94.04001007592217
468 5 12.0 134.95330499786266
468 5 13.0 108.98556619275632
468 5 14.0 161.14501485087456
468 5 15.0 126.1838340030916
468 5 16.0 142.7279368664161
468 5 17.0 146.8885692224505
468 5 18.0 133.70307485489514
468 5 19.0 158.82765979436167
468 5 2.0 113.97129374026377
468 5 20.0 109.77279261780818
468 5 21.0 135.67837255678242
468 5 22.0 79.37535602091005
468 5 23.0 117.05660185778193
468 5 24.0 118.45286405310266
468 5 25.0 155.01867530110627
468 5 26.0 144.79296834028077
468 5 27.0 142.49032988773723
468 5 28.0 150.91489275833248
468 5 29.0 95.15835400831884
468 5 3.0 91.12732525664968
468 5 30.0 161.58539130870093
468 5 31.0 120.31442500700051
468 5 32.0 116.97799120544701
468 5 33.0 151.86496325437793
468 5 34.0 166.38729910629533
468 5 35.0 121.57605003380225
468 5 36.0 86.11715383900787
468 5 37.0 102.98963996795703
468 5 38.0 80.2509591432342
468 5 39.0 128.62387685882382
468 5 4.0 99.79623462787697
468 5 40.0 126.18653370246552
468 5 41.0 102.57610375530322
468 5 42.0 106.34598934079689
468 5 43.0 112.31333038988619
468 5 44.0 115.99530259821736
468 5 45.0 136.00135528528514
468 5 46.0 100.38371555895255
468 5 47.0 150.61557076271401
468 5 48.0 162.7368929073084
468 5 49.0 150.89875856489152
468 5 5.0 103.38566655372344
468 5 50.0 94.58624809791168
468 5 51.0 145.17179335325238
468 5 52.0 152.27330212637676
468 5 53.0 128.1834337331762
468 5 54.0 102.23460903650684
468 5 55.0 122.58138226750131
468 5 56.0 178.34817621570485
468 5 57.0 98.5180690380577
468 5 58.0 119.29573157461402
468 5 59.0 156.0799860117526
468 5 6.0 86.73142853070195
468 5 60.0 102.97642295222683
468 5 7.0 153.6270990962958
468 5 8.0 98.64508431542072
468 5 9.0 133.09893384867536
468 6 1.0 148.29582216720652
468 6 10.0 89.82201406531478
468 6 11.0 108.67470660962364
468 6 12.0 148.16828992993246
468 6 13.0 130.0604562838002
468 6 14.0 75.63617621861984
468 6 15.0 140.61440770279222
468 6 16.0 112.34809390034467
468 6 17.0 100.29225246951513
468 6 18.0 136.8654869126989
468 6 19.0 146.65392794721072
468 6 2.0 78.0805932263362
468 6 20.0 156.22337976752104
468 6 21.0 75.85590308161142
468 6 22.0 138.3954160805368
468 6 23.0 98.81718862165968
468 6 24.0 129.50708044649667
468 6 25.0 99.09773211513087
468 6 26.0 107.61434446429897
468 6 27.0 114.4380738059084
468 6 28.0 102.34907942307323
468 6 29.0 161.6435317483261
468 6 3.0 153.52395663119702
468 6 30.0 140.4972023164402
468 6 31.0 102.29110800754536
468 6 32.0 109.9855765552047
468 6 33.0 139.31972690761478
468 6 34.0 149.31691819468023
468 6 35.0 159.20805043017955
468 6 36.0 134.33140505579357
468 6 37.0 101.27064922951114
468 6 38.0 141.02918937726267
468 6 39.0 76.88257818679197
468 6 4.0 121.51215598290169
468 6 40.0 99.23699307907364
468 6 41.0 100.946246117001
468 6 42.0 131.4562261672389
468 6 43.0 155.76855408742753
468 6 44.0 83.75368684545339
468 6 45.0 157.1232467743853
468 6 46.0 110.76031751857974
468 6 47.0 128.47427048331528
468 6 48.0 131.84087327147128
468 6 49.0 101.33893644999557
468 6 5.0 147.08990262280687
468 6 50.0 137.51810950137806
468 6 51.0 139.19917092967637
468 6 52.0 117.25692664332264
468 6 53.0 154.19744421675597
468 6 54.0 90.58986561261683
468 6 55.0 144.6112701591658
468 6 56.0 120.3731483477047
468 6 57.0 140.8223572510894
468 6 58.0 103.1795497607106
468 6 59.0 142.64515850992305
468 6 6.0 93.44058610211405
468 6 60.0 86.50903077576761
468 6 7.0 81.6219961006565
468 6 8.0 82.3040959412097
468 6 9.0 141.85219249828316
469 5 1.0 174.4968079314
469 5 10.0 97.87555651639849
469 5 11.0 138.4053484942396
469 5 12.0 105.69288121791254
469 5 13.0 143.14273583323916
469 5 14.0 94.81629798052367
469 5 15.0 137.5742328647687
469 5 16.0 92.0623371281582
469 5 17.0 70.19955858231015
469 5 18.0 74.91932305601932
469 5 19.0 131.679952310265
469 5 2.0 98.13160048216878
469 5 20.0 102.40983900519899
469 5 21.0 158.78630926938436
469 5 22.0 124.17808955260757
469 5 23.0 123.81540910043292
469 5 24.0 92.53086804748389
469 5 25.0 127.18748987834469
469 5 26.0 141.06391548007088
469 5 27.0 125.145292392792
469 5 28.0 107.6609460030436
469 5 29.0 114.30532678784084
469 5 3.0 111.78032671823078
469 5 30.0 74.20420634018046
469 5 31.0 105.335789071745
469 5 32.0 142.14233533429655
469 5 33.0 140.90521500615063
469 5 34.0 153.42097693716977
469 5 35.0 133.8452795265158
469 5 36.0 105.12141321950338
469 5 37.0 103.02395620929498
469 5 38.0 115.35961794389013
469 5 39.0 126.42067708564154
469 5 4.0 154.43714101784283
469 5 40.0 126.89663497339532
469 5 41.0 95.49866938916918
469 5 42.0 133.83631346077516
469 5 43.0 151.28402197795805
469 5 44.0 118.16279058561285
469 5 45.0 95.40840990370927
469 5 46.0 137.72801244324572
469 5 47.0 140.68188229325293
469 5 48.0 165.61054118880932
469 5 49.0 138.96983882367917
469 5 5.0 81.65326014305009
469 5 50.0 140.69880793887353
469 5 51.0 143.26679944897856
469 5 52.0 145.712621178175
469 5 53.0 141.64795857870294
469 5 54.0 112.17189206166059
469 5 55.0 145.24576250383532
469 5 56.0 137.55941039438238
469 5 57.0 83.38476270871696
469 5 58.0 156.17625166731574
469 5 59.0 125.87674264824422
469 5 6.0 123.82266729132654
469 5 60.0 127.99421178471846
469 5 7.0 130.07070240846232
469 5 8.0 85.3610377705028
469 5 9.0 68.49433441322721
469 6 1.0 89.23158332618358
469 6 10.0 102.25975418358509
469 6 11.0 146.10943058671864
469 6 12.0 107.25220331417955
469 6 13.0 131.67948159041146
469 6 14.0 120.48082200188402
469 6 15.0 136.95080389956757
469 6 16.0 138.94021404809195
469 6 17.0 130.83380170974885
469 6 18.0 97.76190643790346
469 6 19.0 110.5115496441587
469 6 2.0 141.86420039114992
469 6 20.0 96.21805880125429
469 6 21.0 100.00909577118848
469 6 22.0 158.41254066588115
469 6 23.0 120.01852838863698
469 6 24.0 86.73432128170244
469 6 25.0 121.72094568234104
469 6 26.0 86.9257084125615
469 6 27.0 119.65489061294683
469 6 28.0 134.5627507374384
469 6 29.0 95.43919609357941
469 6 3.0 88.69118240507817
469 6 30.0 112.26743935512158
469 6 31.0 133.3783366092984
469 6 32.0 123.91209091970346
469 6 33.0 141.96210462360423
469 6 34.0 110.75381587295183
469 6 35.0 165.95883540022112
469 6 36.0 145.12921547238557
469 6 37.0 131.60757591415978
469 6 38.0 155.7276169517342
469 6 39.0 80.14281776045087
469 6 4.0 114.35070800727301
469 6 40.0 116.17403279612562
469 6 41.0 140.42492492762236
469 6 42.0 68.94490182844919
469 6 43.0 171.54534947965914
469 6 44.0 101.75073520126637
469 6 45.0 109.88024396272274
469 6 46.0 105.9227506860232
469 6 47.0 108.76061727392036
469 6 48.0 119.86789873902715
469 6 49.0 107.91633227737529
469 6 5.0 127.25889623223179
469 6 50.0 150.13562314683725
469 6 51.0 131.9782469880635
469 6 52.0 109.7161758818104
469 6 53.0 108.00525536280887
469 6 54.0 111.5355338098902
469 6 55.0 116.11400108302601
469 6 56.0 144.53095503166574
469 6 57.0 134.436998500889
469 6 58.0 92.06211082108217
469 6 59.0 137.89864285841344
469 6 6.0 98.38079978653984
469 6 60.0 91.40136078597186
469 6 7.0 138.37889007918443
469 6 8.0 106.68073938608664
469 6 9.0 131.53222125466723
470 5 1.0 86.10167170918318
470 5 10.0 148.9958145512367
470 5 11.0 127.77607658566855
470 5 12.0 93.72727233909214
470 5 13.0 137.25267236935807
470 5 14.0 75.22992951659958
470 5 15.0 159.64548651443067
470 5 16.0 136.9164976965542
470 5 17.0 144.99056014193297
470 5 18.0 89.90678391353619
470 5 19.0 141.4006973774162
470 5 2.0 148.2515682242092
470 5 20.0 152.23520190106234
470 5 21.0 90.32847582037022
470 5 22.0 69.30575450159289
470 5 23.0 138.61300260055873
470 5 24.0 171.45250658475527
470 5 25.0 163.86061248341196
470 5 26.0 170.53350083324761
470 5 27.0 122.78896581504358
470 5 28.0 159.7902271520203
470 5 29.0 129.20734498633274
470 5 3.0 114.90466389525888
470 5 30.0 121.41201687573123
470 5 31.0 96.17154412579754
470 5 32.0 123.29356758002632
470 5 33.0 132.01801445215747
470 5 34.0 145.09847015597893
470 5 35.0 133.82920276605387
470 5 36.0 123.17629192212365
470 5 37.0 100.26466670472692
470 5 38.0 107.70718974867258
470 5 39.0 172.36971777462242
470 5 4.0 112.82803131840943
470 5 40.0 126.91370573394
470 5 41.0 166.48124486333523
470 5 42.0 146.83118493449146
470 5 43.0 146.60204262265086
470 5 44.0 158.19599236446751
470 5 45.0 101.83004041730698
470 5 46.0 125.21114312820136
470 5 47.0 139.55973726250937
470 5 48.0 134.25444053369546
470 5 49.0 108.8066867457601
470 5 5.0 115.46396908750138
470 5 50.0 166.3918842068361
470 5 51.0 121.24925523353272
470 5 52.0 169.69083740841725
470 5 53.0 142.5526972581796
470 5 54.0 115.0970817167521
470 5 55.0 145.02561536887328
470 5 56.0 109.81676876153057
470 5 57.0 89.6853023629418
470 5 58.0 162.1331421071452
470 5 59.0 139.86906072683237
470 5 6.0 103.37701583679414
470 5 60.0 93.25865660109805
470 5 7.0 138.08400828081423
470 5 8.0 116.46507716914438
470 5 9.0 160.6097683473117
470 6 1.0 164.11980157132427
470 6 10.0 134.65468222454598
470 6 11.0 102.25395222608259
470 6 12.0 148.97108830369393
470 6 13.0 123.64394326801514
470 6 14.0 108.23639825326521
470 6 15.0 170.1351916900321
470 6 16.0 118.91983910922973
470 6 17.0 121.25915431661967
470 6 18.0 143.70216107275337
470 6 19.0 164.25739304258343
470 6 2.0 106.44848910562173
470 6 20.0 156.4609334355053
470 6 21.0 82.46058669408676
470 6 22.0 97.86646323403085
470 6 23.0 107.92808006824063
470 6 24.0 156.3031122781098
470 6 25.0 110.82861901216275
470 6 26.0 86.25905022865933
470 6 27.0 106.74240917466379
470 6 28.0 115.3715022652225
470 6 29.0 132.50016905213366
470 6 3.0 166.37882558005404
470 6 30.0 147.54431834294977
470 6 31.0 101.31801224097423
470 6 32.0 98.9905652927619
470 6 33.0 122.45003651203884
470 6 34.0 130.2506987598699
470 6 35.0 118.32573557435568
470 6 36.0 114.06997047092175
470 6 37.0 115.71044393751512
470 6 38.0 103.2835058438696
470 6 39.0 124.68181334365875
470 6 4.0 172.00099020776048
470 6 40.0 83.67404958688353
470 6 41.0 100.03445020624659
470 6 42.0 122.13832426811001
470 6 43.0 86.80581123943242
470 6 44.0 125.03919603462631
470 6 45.0 83.89449356836923
470 6 46.0 86.02682083730832
470 6 47.0 120.41482632800684
470 6 48.0 179.25958096778032
470 6 49.0 172.92553757904275
470 6 5.0 129.78567294964645
470 6 50.0 93.72653481018817
470 6 51.0 152.02569636377174
470 6 52.0 102.97758063336046
470 6 53.0 141.90298397934848
470 6 54.0 147.7717976237551
470 6 55.0 168.8546833108482
470 6 56.0 154.97826984813238
470 6 57.0 110.66157104026243
470 6 58.0 86.67922965125608
470 6 59.0 148.43584981618784
470 6 6.0 81.22436186420316
470 6 60.0 165.52252978368753
470 6 7.0 147.1767002051484
470 6 8.0 151.4397272257517
470 6 9.0 168.32874936909775
471 5 1.0 108.95834256870819
471 5 10.0 97.01665556428765
471 5 11.0 154.76014950659876
471 5 12.0 88.9809927954209
471 5 13.0 160.15512544010767
471 5 14.0 115.90467035093813
471 5 15.0 112.13512534386581
471 5 16.0 106.41185475002588
471 5 17.0 139.11647580176154
471 5 18.0 139.03478361137738
471 5 19.0 122.0362659534574
471 5 2.0 121.53956543783659
471 5 20.0 125.3962526200225
471 5 21.0 103.71222284429692
471 5 22.0 101.4866510743045
471 5 23.0 90.607031304663
471 5 24.0 156.95679774675406
471 5 25.0 109.21726100369796
471 5 26.0 85.08523319417223
471 5 27.0 100.08437370032713
471 5 28.0 159.64248976145203
471 5 29.0 129.430222769938
471 5 3.0 91.21493234257355
471 5 30.0 158.91542956188607
471 5 31.0 75.2421125651259
471 5 32.0 137.15798995720462
471 5 33.0 79.81481291463646
471 5 34.0 119.32991837140051
471 5 35.0 111.61540207394054
471 5 36.0 113.06851575799159
471 5 37.0 92.83406290968755
471 5 38.0 116.46728550258668
471 5 39.0 150.19048764929533
471 5 4.0 98.08165123529493
471 5 40.0 137.75553823933654
471 5 41.0 118.74386052879417
471 5 42.0 112.44350861322214
471 5 43.0 124.32306097934048
471 5 44.0 124.42479931765615
471 5 45.0 82.02805466517582
471 5 46.0 161.7533936899351
471 5 47.0 142.36757199415064
471 5 48.0 117.9522824272495
471 5 49.0 139.60109144942723
471 5 5.0 142.56692263342362
471 5 50.0 128.31391810590878
471 5 51.0 94.96601280008295
471 5 52.0 138.99702763126848
471 5 53.0 162.3946023101932
471 5 54.0 119.13572320623582
471 5 55.0 140.2805786487814
471 5 56.0 148.2466487098214
471 5 57.0 88.9831750854794
471 5 58.0 158.04398844188094
471 5 59.0 130.65000134790134
471 5 6.0 134.25158280705054
471 5 60.0 97.83235216103373
471 5 7.0 122.98168461814306
471 5 8.0 96.9498572699037
471 5 9.0 130.16663863493625
471 6 1.0 147.6293264770568
471 6 10.0 94.37883400296292
471 6 11.0 101.85179683714675
471 6 12.0 115.4273784860087
471 6 13.0 162.6411842324593
471 6 14.0 111.87441422870043
471 6 15.0 154.77241046955643
471 6 16.0 166.36160503770384
471 6 17.0 122.13550353815572
471 6 18.0 114.26382849895514
471 6 19.0 104.35598253194114
471 6 2.0 85.6694238818402
471 6 20.0 142.29591087275418
471 6 21.0 105.16151940133125
471 6 22.0 107.62810971927041
471 6 23.0 99.0481010599508
471 6 24.0 172.84174236537572
471 6 25.0 99.81916269799648
471 6 26.0 111.0909174158499
471 6 27.0 135.5690994970834
471 6 28.0 122.41311120890074
471 6 29.0 91.43009638735359
471 6 3.0 152.46026232501634
471 6 30.0 116.47945668313771
471 6 31.0 104.46058017272175
471 6 32.0 112.31278537528404
471 6 33.0 93.35720276594665
471 6 34.0 148.39805769797405
471 6 35.0 141.91014537277132
471 6 36.0 166.03349234080386
471 6 37.0 110.84848196213909
471 6 38.0 160.3175413822512
471 6 39.0 152.5323486797805
471 6 4.0 158.2022095073568
471 6 40.0 123.5378825605311
471 6 41.0 126.07736375945008
471 6 42.0 175.66783847321975
471 6 43.0 94.84165773262067
471 6 44.0 152.2502165315729
471 6 45.0 109.19579266400999
471 6 46.0 128.05841848609467
471 6 47.0 107.49191129710977
471 6 48.0 135.3740872090385
471 6 49.0 95.63800535547546
471 6 5.0 80.004985318968
471 6 50.0 137.35258563360452
471 6 51.0 86.89901828981738
471 6 52.0 145.85283977207084
471 6 53.0 118.77072108202657
471 6 54.0 149.70557262982203
471 6 55.0 148.07071591288195
471 6 56.0 129.69753653883663
471 6 57.0 160.2351622049729
471 6 58.0 79.25808935693543
471 6 59.0 113.54968455088444
471 6 6.0 116.62807375754316
471 6 60.0 102.02464288631992
471 6 7.0 83.07229691962547
471 6 8.0 92.64160619246073
471 6 9.0 157.03844316200144
472 5 1.0 95.21249047228605
472 5 10.0 86.74439265603212
472 5 11.0 104.44923204549413
472 5 12.0 127.00223532274627
472 5 13.0 137.88400488512164
472 5 14.0 163.9134374083477
472 5 15.0 139.1299736420461
472 5 16.0 123.32882075997891
472 5 17.0 124.20307889729779
472 5 18.0 103.94223549142863
472 5 19.0 129.2695146465806
472 5 2.0 126.9227549376123
472 5 20.0 145.29307932265928
472 5 21.0 76.04297890201852
472 5 22.0 110.22640123082184
472 5 23.0 113.2543397731922
472 5 24.0 144.62596885489532
472 5 25.0 95.71179237999
472 5 26.0 96.1897794367041
472 5 27.0 159.24454683109104
472 5 28.0 158.08238301571598
472 5 29.0 117.91211877304829
472 5 3.0 89.22315012777115
472 5 30.0 94.16702454379994
472 5 31.0 121.53221799763925
472 5 32.0 141.86155258305917
472 5 33.0 169.28871238630228
472 5 34.0 126.48232995807967
472 5 35.0 125.49337396544927
472 5 36.0 114.68490051230681
472 5 37.0 101.55445728348494
472 5 38.0 129.1353977116853
472 5 39.0 126.02142199915737
472 5 4.0 149.9740455576404
472 5 40.0 118.22983528316128
472 5 41.0 137.73482187589673
472 5 42.0 128.11158417854637
472 5 43.0 129.72106486520323
472 5 44.0 82.04347102610866
472 5 45.0 107.05253637099891
472 5 46.0 157.57442925278033
472 5 47.0 99.71009254008261
472 5 48.0 120.35240133052642
472 5 49.0 127.316140382379
472 5 5.0 153.71146796021108
472 5 50.0 144.10874318602018
472 5 51.0 161.67471206809176
472 5 52.0 133.26261099683384
472 5 53.0 115.91667376979977
472 5 54.0 129.23314021671246
472 5 55.0 116.06662076901539
472 5 56.0 138.022023232571
472 5 57.0 102.20303569358404
472 5 58.0 113.33918237978042
472 5 59.0 138.72303747290275
472 5 6.0 126.46177989960226
472 5 60.0 117.32790362114989
472 5 7.0 136.9414939435457
472 5 8.0 134.33697555643442
472 5 9.0 139.26358231011213
472 6 1.0 91.42665876606988
472 6 10.0 99.41448929226571
472 6 11.0 91.70402166745772
472 6 12.0 101.0048548917785
472 6 13.0 170.8951480801369
472 6 14.0 89.03716081732624
472 6 15.0 146.91457118725464
472 6 16.0 129.32635527652147
472 6 17.0 131.19924184580165
472 6 18.0 148.35608731015503
472 6 19.0 149.69864661232162
472 6 2.0 112.08376576993757
472 6 20.0 133.94091535654644
472 6 21.0 95.29615181071824
472 6 22.0 121.95710264358742
472 6 23.0 139.29143317870097
472 6 24.0 146.5150774806021
472 6 25.0 85.21610492470374
472 6 26.0 107.45187354483828
472 6 27.0 108.51858882954878
472 6 28.0 149.9551724584408
472 6 29.0 135.42166067443154
472 6 3.0 141.77439000097255
472 6 30.0 118.0954771477038
472 6 31.0 109.15909191404822
472 6 32.0 123.26488126269884
472 6 33.0 158.12885630218403
472 6 34.0 158.83514487253393
472 6 35.0 172.1054657646674
472 6 36.0 131.31856016324383
472 6 37.0 159.01031856689428
472 6 38.0 126.33839196023102
472 6 39.0 119.93690649497847
472 6 4.0 144.57183407179727
472 6 40.0 140.96295852076622
472 6 41.0 120.1898057318583
472 6 42.0 121.68063151585137
472 6 43.0 112.66873440372844
472 6 44.0 122.72617250203196
472 6 45.0 160.6345472608771
472 6 46.0 89.11155372586767
472 6 47.0 74.25211883682175
472 6 48.0 130.0565819481096
472 6 49.0 74.25830760493237
472 6 5.0 101.158503665635
472 6 50.0 148.37703621414312
472 6 51.0 97.05062721647379
472 6 52.0 134.16301534517365
472 6 53.0 90.08468698188099
472 6 54.0 89.94423563762523
472 6 55.0 149.34526431225433
472 6 56.0 134.3642936554982
472 6 57.0 163.71712538142393
472 6 58.0 79.07233985455463
472 6 59.0 141.56456342185223
472 6 6.0 83.78746477855093
472 6 60.0 97.76319716215643
472 6 7.0 151.08314724410005
472 6 8.0 107.13693564624235
472 6 9.0 166.38816834415368
473 5 1.0 134.32428524361984
473 5 10.0 111.49918659322933
473 5 11.0 133.0192002329076
473 5 12.0 85.58029724871157
473 5 13.0 166.04272653461044
473 5 14.0 124.54568877937822
473 5 15.0 146.19547142080054
473 5 16.0 104.7648542670806
473 5 17.0 164.61109388214018
473 5 18.0 85.94533951786676
473 5 19.0 120.78525479183023
473 5 2.0 117.9084174114049
473 5 20.0 106.38177988635545
473 5 21.0 125.85353202490853
473 5 22.0 85.32668410775018
473 5 23.0 144.34288398706957
473 5 24.0 84.0973849452727
473 5 25.0 173.15084267586647
473 5 26.0 127.78853774221783
473 5 27.0 126.6510284169855
473 5 28.0 160.52009611435577
473 5 29.0 75.25474665850531
473 5 3.0 128.04253689866738
473 5 30.0 124.95759941831709
473 5 31.0 145.78597268529117
473 5 32.0 95.50574778958979
473 5 33.0 128.0531686091109
473 5 34.0 112.77415304868394
473 5 35.0 120.7819262798677
473 5 36.0 84.72869957102418
473 5 37.0 95.35905121010458
473 5 38.0 143.09723838923975
473 5 39.0 146.16917543419453
473 5 4.0 97.9992695594095
473 5 40.0 112.40765309466869
473 5 41.0 138.2998331050074
473 5 42.0 129.9251625017585
473 5 43.0 135.4450043700637
473 5 44.0 133.04847973733146
473 5 45.0 127.45672884161156
473 5 46.0 130.59600466303255
473 5 47.0 136.57117175996382
473 5 48.0 118.34903219817079
473 5 49.0 135.69414926303025
473 5 5.0 92.45026036675495
473 5 50.0 161.70094433848266
473 5 51.0 155.96170280900003
473 5 52.0 105.2680560406933
473 5 53.0 173.56584068941518
473 5 54.0 146.26559194471656
473 5 55.0 85.98915728907278
473 5 56.0 122.1992827380503
473 5 57.0 110.1103144744377
473 5 58.0 133.71233379689332
473 5 59.0 119.64899103844206
473 5 6.0 150.22629798402863
473 5 60.0 71.08744654273373
473 5 7.0 103.6198795678263
473 5 8.0 157.84660371794516
473 5 9.0 127.3584741247771
473 6 1.0 148.37896678951486
473 6 10.0 136.70689099354828
473 6 11.0 176.69408400174578
473 6 12.0 113.19135108393051
473 6 13.0 148.3329664446412
473 6 14.0 115.89329492516248
473 6 15.0 142.3456176863112
473 6 16.0 137.83042487157843
473 6 17.0 141.92108234197457
473 6 18.0 141.49581806433451
473 6 19.0 157.450427555286
473 6 2.0 116.50864763911085
473 6 20.0 136.47166968175765
473 6 21.0 109.03137746594936
473 6 22.0 100.74592501359147
473 6 23.0 163.04289303054128
473 6 24.0 121.92024313177737
473 6 25.0 152.57759531449292
473 6 26.0 96.51988193196753
473 6 27.0 120.49589592130576
473 6 28.0 148.5459357542171
473 6 29.0 152.43913032410077
473 6 3.0 104.34404992171712
473 6 30.0 102.20229598581706
473 6 31.0 158.76236265971352
473 6 32.0 135.9970863150341
473 6 33.0 134.00603546662563
473 6 34.0 157.19014698277923
473 6 35.0 148.26388389393722
473 6 36.0 86.98559109044915
473 6 37.0 135.31706889680254
473 6 38.0 113.96439245868687
473 6 39.0 107.0962380083288
473 6 4.0 102.31836771495563
473 6 40.0 121.82795557125911
473 6 41.0 138.58704048426344
473 6 42.0 131.24137071923514
473 6 43.0 110.26118705924019
473 6 44.0 168.66726638085467
473 6 45.0 97.2395182299756
473 6 46.0 110.5126983112591
473 6 47.0 149.6623253627353
473 6 48.0 149.89708720721887
473 6 49.0 90.34477103636306
473 6 5.0 95.20935626912289
473 6 50.0 131.02604997307887
473 6 51.0 110.44726801568886
473 6 52.0 153.81373038586446
473 6 53.0 145.940446528746
473 6 54.0 140.61512030480125
473 6 55.0 160.99941401229466
473 6 56.0 154.649437586909
473 6 57.0 71.19937981933414
473 6 58.0 98.52248470525396
473 6 59.0 140.21769771261603
473 6 6.0 115.06208896305564
473 6 60.0 123.51300652338449
473 6 7.0 125.20959613152702
473 6 8.0 100.47206873042272
473 6 9.0 143.41285492966495
474 5 1.0 113.42461488029352
474 5 10.0 151.55899795116332
474 5 11.0 126.85347820350556
474 5 12.0 122.26103206956225
474 5 13.0 86.47662642311701
474 5 14.0 151.44718299308505
474 5 15.0 122.10221546899477
474 5 16.0 90.70206433177522
474 5 17.0 142.07525178902821
474 5 18.0 136.99404742495366
474 5 19.0 137.53978484364345
474 5 2.0 136.84845035188565
474 5 20.0 111.30221223451025
474 5 21.0 145.1660035975295
474 5 22.0 91.1267747858541
474 5 23.0 134.3272047489015
474 5 24.0 147.90113578573204
474 5 25.0 90.62610658417888
474 5 26.0 101.73404953579646
474 5 27.0 144.95562258509645
474 5 28.0 124.54721359426608
474 5 29.0 76.32038184178384
474 5 3.0 93.83878114304905
474 5 30.0 125.507862347023
474 5 31.0 121.42545355810502
474 5 32.0 154.5288519182256
474 5 33.0 74.97483800656491
474 5 34.0 147.91527381437754
474 5 35.0 134.1076579587003
474 5 36.0 148.3731833227418
474 5 37.0 93.70983545623709
474 5 38.0 115.72590661816656
474 5 39.0 176.48515842682133
474 5 4.0 97.82883996108428
474 5 40.0 102.0893127018974
474 5 41.0 126.51182829856677
474 5 42.0 138.95047131395825
474 5 43.0 138.67135075042276
474 5 44.0 118.04590119481655
474 5 45.0 140.04537805104863
474 5 46.0 162.87209672307438
474 5 47.0 134.24170132903072
474 5 48.0 135.6047248753571
474 5 49.0 144.46482098478018
474 5 5.0 156.74053609890427
474 5 50.0 110.40349298639904
474 5 51.0 171.5558224219373
474 5 52.0 125.2312509547526
474 5 53.0 122.06559334953742
474 5 54.0 118.32865622046803
474 5 55.0 117.3709611914594
474 5 56.0 129.74957053584143
474 5 57.0 116.24171648681084
474 5 58.0 135.0639443951838
474 5 59.0 147.59842038081294
474 5 6.0 107.93882303826285
474 5 60.0 78.48012328224246
474 5 7.0 98.83840365933979
474 5 8.0 90.36149999281827
474 5 9.0 80.99788730794718
474 6 1.0 160.77674173272447
474 6 10.0 147.72600919354414
474 6 11.0 108.47292069047269
474 6 12.0 130.1910163605549
474 6 13.0 133.07578314836624
474 6 14.0 141.37398860656197
474 6 15.0 143.05899472304793
474 6 16.0 153.3261645560165
474 6 17.0 73.6541786414204
474 6 18.0 135.72287838237514
474 6 19.0 94.3058311968591
474 6 2.0 153.78196055584897
474 6 20.0 128.760393621909
474 6 21.0 83.49230057995551
474 6 22.0 153.33249872558076
474 6 23.0 99.46148029194434
474 6 24.0 120.97850570636479
474 6 25.0 86.01164059082659
474 6 26.0 93.12582379435196
474 6 27.0 127.80190721478017
474 6 28.0 154.92833927275262
474 6 29.0 96.54583525481401
474 6 3.0 157.9255431483419
474 6 30.0 97.18671254150708
474 6 31.0 121.16449140965365
474 6 32.0 108.86664222390691
474 6 33.0 129.4289291148716
474 6 34.0 124.13849795968686
474 6 35.0 123.34603206063598
474 6 36.0 135.21972280199492
474 6 37.0 146.1657106550667
474 6 38.0 138.98406555839537
474 6 39.0 121.87472395956098
474 6 4.0 91.74572575078598
474 6 40.0 127.75219548041028
474 6 41.0 133.67393896751767
474 6 42.0 101.75569128136475
474 6 43.0 81.12562562707797
474 6 44.0 147.76097437791302
474 6 45.0 89.84277388542448
474 6 46.0 136.93373668796747
474 6 47.0 84.16265317428065
474 6 48.0 170.2223178240854
474 6 49.0 69.69078357790764
474 6 5.0 147.4415745757671
474 6 50.0 147.41679555903383
474 6 51.0 96.13366880355342
474 6 52.0 113.18399554649808
474 6 53.0 146.9213529728024
474 6 54.0 104.89486621878171
474 6 55.0 151.39078299453323
474 6 56.0 116.36917214720481
474 6 57.0 111.34138197934377
474 6 58.0 105.142062402905
474 6 59.0 104.57048597858683
474 6 6.0 114.86605635114478
474 6 60.0 144.9835946894695
474 6 7.0 124.9663914064687
474 6 8.0 133.74682722032415
474 6 9.0 75.94186155902565
475 5 1.0 165.41882789018217
475 5 10.0 112.22026761695126
475 5 11.0 83.86013168643885
475 5 12.0 89.83771908006938
475 5 13.0 107.58653676137101
475 5 14.0 137.5297453077905
475 5 15.0 97.15580701676284
475 5 16.0 168.87911749141844
475 5 17.0 146.61079981907017
475 5 18.0 105.8929069404881
475 5 19.0 114.15793756384689
475 5 2.0 88.21114429179796
475 5 20.0 149.42588054887477
475 5 21.0 133.1469525538337
475 5 22.0 118.1149636240153
475 5 23.0 139.41069574364408
475 5 24.0 96.95401567081244
475 5 25.0 149.50060057507594
475 5 26.0 115.16713090395382
475 5 27.0 161.58591399181176
475 5 28.0 111.46393068133952
475 5 29.0 108.96850414214242
475 5 3.0 137.20995821494665
475 5 30.0 140.22619096930316
475 5 31.0 124.61645505600089
475 5 32.0 109.69334524654738
475 5 33.0 140.8564308944209
475 5 34.0 148.43032623276792
475 5 35.0 121.63452578669897
475 5 36.0 117.15994661268188
475 5 37.0 100.36898801875017
475 5 38.0 101.17617764948398
475 5 39.0 134.43531961912595
475 5 4.0 114.52821543463811
475 5 40.0 124.56131606526137
475 5 41.0 115.53584195121188
475 5 42.0 92.29551852247549
475 5 43.0 123.3139547147021
475 5 44.0 107.89119243588397
475 5 45.0 89.73494539942106
475 5 46.0 98.20394977593747
475 5 47.0 159.15363473680964
475 5 48.0 134.49833741848943
475 5 49.0 158.41785932811612
475 5 5.0 123.14651396264047
475 5 50.0 116.69464691623389
475 5 51.0 117.14346377053694
475 5 52.0 152.46466521131117
475 5 53.0 175.432002174461
475 5 54.0 150.146912815574
475 5 55.0 150.27262109620614
475 5 56.0 120.36743364175739
475 5 57.0 113.36328772253987
475 5 58.0 167.97165806800984
475 5 59.0 143.51845526232296
475 5 6.0 136.60937417275542
475 5 60.0 98.63000911842914
475 5 7.0 120.56967990410533
475 5 8.0 115.3104891247595
475 5 9.0 93.82833700053673
475 6 1.0 127.5512636935678
475 6 10.0 147.23158305610943
475 6 11.0 78.95387186050316
475 6 12.0 112.4208963257738
475 6 13.0 122.35630778984216
475 6 14.0 166.88699729090442
475 6 15.0 93.35473758089122
475 6 16.0 160.52971627262627
475 6 17.0 106.19756078907803
475 6 18.0 71.61022771042012
475 6 19.0 98.03413281662571
475 6 2.0 80.29181033070508
475 6 20.0 118.19925345567218
475 6 21.0 154.59877013540026
475 6 22.0 144.93807036647752
475 6 23.0 156.901303192929
475 6 24.0 146.0987660229522
475 6 25.0 148.28228663832223
475 6 26.0 95.02023367476643
475 6 27.0 105.01139799507274
475 6 28.0 133.96280328187797
475 6 29.0 133.893651270404
475 6 3.0 116.76536814754553
475 6 30.0 94.33566156028239
475 6 31.0 105.75664424119728
475 6 32.0 127.07940042488977
475 6 33.0 148.2310158193096
475 6 34.0 135.55141699348144
475 6 35.0 137.24598448602578
475 6 36.0 166.12290667709374
475 6 37.0 142.5027591754074
475 6 38.0 171.18559704937348
475 6 39.0 162.4248826732195
475 6 4.0 111.18306428895211
475 6 40.0 138.32585796866653
475 6 41.0 166.5253336954849
475 6 42.0 77.83179315973022
475 6 43.0 80.4402694672747
475 6 44.0 103.24546919337129
475 6 45.0 100.36177269953185
475 6 46.0 108.7071541675656
475 6 47.0 136.49476221417467
475 6 48.0 107.85463766341644
475 6 49.0 142.68389813706594
475 6 5.0 131.2406241668788
475 6 50.0 126.04631089458006
475 6 51.0 174.45615172204165
475 6 52.0 139.10560641895526
475 6 53.0 144.237834986321
475 6 54.0 100.00578168606198
475 6 55.0 158.5841952675657
475 6 56.0 145.7705353007816
475 6 57.0 89.52147365454628
475 6 58.0 128.78768552953443
475 6 59.0 140.6932916464586
475 6 6.0 91.19898274746372
475 6 60.0 132.58274658139732
475 6 7.0 149.35337746620462
475 6 8.0 129.11470352581793
475 6 9.0 144.66765237632129
476 5 1.0 167.0281549546934
476 5 10.0 134.92195696837211
476 5 11.0 104.87093922715118
476 5 12.0 133.63255514661614
476 5 13.0 152.89951182511876
476 5 14.0 90.51398973495422
476 5 15.0 123.3929962914693
476 5 16.0 121.10600175591605
476 5 17.0 114.05635818397721
476 5 18.0 139.9627588348926
476 5 19.0 122.97141075169783
476 5 2.0 119.13524167735125
476 5 20.0 116.71288385868908
476 5 21.0 144.83143078507246
476 5 22.0 121.73696936831685
476 5 23.0 106.54692665077332
476 5 24.0 118.52349677472783
476 5 25.0 132.44859943664008
476 5 26.0 96.51528730501872
476 5 27.0 133.70599519459853
476 5 28.0 139.77235638496586
476 5 29.0 87.04635444326594
476 5 3.0 141.20510239779034
476 5 30.0 140.91257436630926
476 5 31.0 145.7783953681531
476 5 32.0 112.87842049102771
476 5 33.0 135.06028991814776
476 5 34.0 152.7874091173948
476 5 35.0 139.98667013444967
476 5 36.0 101.89602206639894
476 5 37.0 131.2774607169945
476 5 38.0 105.86300716502394
476 5 39.0 127.22793164290714
476 5 4.0 142.73877542453192
476 5 40.0 122.59856360562206
476 5 41.0 137.7282216364756
476 5 42.0 98.89646464815965
476 5 43.0 143.6024280123371
476 5 44.0 161.66620324824464
476 5 45.0 123.61484026605567
476 5 46.0 88.41106964975779
476 5 47.0 126.27993306751533
476 5 48.0 110.73328932729369
476 5 49.0 151.1375384327525
476 5 5.0 135.58640157642006
476 5 50.0 108.8562244059841
476 5 51.0 123.63823842898653
476 5 52.0 137.77032427822652
476 5 53.0 135.9981136614509
476 5 54.0 137.22016205007682
476 5 55.0 136.33557540540198
476 5 56.0 144.459071404613
476 5 57.0 96.19376337749438
476 5 58.0 104.31390878584492
476 5 59.0 133.47415675181273
476 5 6.0 111.12244779231078
476 5 60.0 87.20883505495225
476 5 7.0 141.96156332102947
476 5 8.0 100.58733470555597
476 5 9.0 127.78968691588008
476 6 1.0 131.0915913756553
476 6 10.0 124.78798752567032
476 6 11.0 141.9736722569392
476 6 12.0 114.60453379283553
476 6 13.0 145.67904774404897
476 6 14.0 138.80869839400052
476 6 15.0 130.17145705193903
476 6 16.0 146.2193462242035
476 6 17.0 124.17758970489955
476 6 18.0 115.46531580698215
476 6 19.0 148.16946571165292
476 6 2.0 101.2814742461621
476 6 20.0 148.3902272705358
476 6 21.0 108.16038703577509
476 6 22.0 74.84758344412775
476 6 23.0 88.7084502462494
476 6 24.0 122.35989246207122
476 6 25.0 151.31299756285208
476 6 26.0 95.19435664719548
476 6 27.0 139.4221556728333
476 6 28.0 149.8546414437253
476 6 29.0 108.80087835144076
476 6 3.0 127.99307443260979
476 6 30.0 142.25129079853767
476 6 31.0 110.71579033569382
476 6 32.0 119.41462715384658
476 6 33.0 142.22784246918252
476 6 34.0 116.31223948063209
476 6 35.0 112.55103178906319
476 6 36.0 169.78458827885237
476 6 37.0 174.33878787428532
476 6 38.0 127.39644293504259
476 6 39.0 149.72369933871616
476 6 4.0 101.28493151941203
476 6 40.0 124.32157623035974
476 6 41.0 112.42725216405418
476 6 42.0 121.8902162030551
476 6 43.0 117.47184271415966
476 6 44.0 153.70267581468661
476 6 45.0 137.90253881792685
476 6 46.0 132.70336202143227
476 6 47.0 128.71627200493893
476 6 48.0 145.23976987309987
476 6 49.0 144.36464669328205
476 6 5.0 115.49872296571799
476 6 50.0 165.83743378550145
476 6 51.0 87.51585226335096
476 6 52.0 127.57162142630227
476 6 53.0 143.95924171703325
476 6 54.0 88.39832434411295
476 6 55.0 90.68513007543467
476 6 56.0 69.67918657279654
476 6 57.0 144.08922960056435
476 6 58.0 126.59351313021757
476 6 59.0 150.07569953017688
476 6 6.0 97.01797467239457
476 6 60.0 167.95160325726658
476 6 7.0 122.37335771995286
476 6 8.0 132.01380914524384
476 6 9.0 166.81601686436628
477 5 1.0 144.99782707995834
477 5 10.0 90.62353527560327
477 5 11.0 144.81981912338244
477 5 12.0 101.70017632247055
477 5 13.0 126.3174875767669
477 5 14.0 112.41490531713657
477 5 15.0 128.69598778282085
477 5 16.0 131.67224066460423
477 5 17.0 149.31125072686453
477 5 18.0 82.9005725882791
477 5 19.0 83.9764485637322
477 5 2.0 138.21575193133836
477 5 20.0 104.15104151531341
477 5 21.0 99.73230107993227
477 5 22.0 127.28244554763717
477 5 23.0 123.93702846196946
477 5 24.0 107.16612360782656
477 5 25.0 84.22565414417794
477 5 26.0 140.54292128666935
477 5 27.0 138.14086604414098
477 5 28.0 145.71438870163755
477 5 29.0 118.16869883227612
477 5 3.0 101.40394472511623
477 5 30.0 128.39939919003254
477 5 31.0 80.89407452903679
477 5 32.0 145.79134001368718
477 5 33.0 142.46989741463236
477 5 34.0 127.92989536041301
477 5 35.0 69.98349543431308
477 5 36.0 111.4496872836304
477 5 37.0 98.51012122956813
477 5 38.0 155.77581430321868
477 5 39.0 147.93071681658185
477 5 4.0 162.89644323648065
477 5 40.0 137.94724337772345
477 5 41.0 160.788673209508
477 5 42.0 131.24105314278668
477 5 43.0 116.96783795193825
477 5 44.0 152.90862721817803
477 5 45.0 94.48766560756617
477 5 46.0 157.6718721122222
477 5 47.0 171.31524421586184
477 5 48.0 141.69546664064953
477 5 49.0 146.6155302295498
477 5 5.0 100.8836408473791
477 5 50.0 124.18618256303643
477 5 51.0 116.83231537358792
477 5 52.0 163.1138834173566
477 5 53.0 143.36458409789316
477 5 54.0 131.11873374135357
477 5 55.0 151.44829755429177
477 5 56.0 115.65414643691362
477 5 57.0 112.38304687279438
477 5 58.0 149.96827091196175
477 5 59.0 134.0487420345925
477 5 6.0 97.5070938901948
477 5 60.0 85.83336458701491
477 5 7.0 141.09708001950233
477 5 8.0 98.13579072669603
477 5 9.0 127.33260843864866
477 6 1.0 112.88455198763627
477 6 10.0 114.26303833487714
477 6 11.0 120.67285497200649
477 6 12.0 148.86058461084912
477 6 13.0 147.710845485969
477 6 14.0 99.0677795362787
477 6 15.0 152.37455822197884
477 6 16.0 144.69029258418084
477 6 17.0 112.42685574827574
477 6 18.0 146.0562624642235
477 6 19.0 137.48054196861614
477 6 2.0 110.29368285646342
477 6 20.0 104.693011607733
477 6 21.0 103.55990541493227
477 6 22.0 172.33438864677095
477 6 23.0 101.51810787348745
477 6 24.0 84.45567261404175
477 6 25.0 68.7288256081891
477 6 26.0 94.65420921192221
477 6 27.0 121.098766891262
477 6 28.0 143.14512310376494
477 6 29.0 143.461677410898
477 6 3.0 138.38339481269307
477 6 30.0 102.10091644164255
477 6 31.0 106.54326332933188
477 6 32.0 133.46215856615026
477 6 33.0 131.67864479205465
477 6 34.0 138.01804938225303
477 6 35.0 154.66511914130248
477 6 36.0 145.22805263320117
477 6 37.0 108.63001698749058
477 6 38.0 144.97493674512023
477 6 39.0 143.74415175348003
477 6 4.0 145.4933896899834
477 6 40.0 139.1023879535675
477 6 41.0 114.29544484855941
477 6 42.0 129.360496821341
477 6 43.0 129.81751028421314
477 6 44.0 160.8515604931992
477 6 45.0 154.17908734567953
477 6 46.0 104.75384333306815
477 6 47.0 114.16996738692752
477 6 48.0 116.13319567769933
477 6 49.0 95.89610456392391
477 6 5.0 105.34869845584619
477 6 50.0 153.90704286216646
477 6 51.0 107.77960327328474
477 6 52.0 136.87532161191115
477 6 53.0 140.59268925279966
477 6 54.0 122.27774976024904
477 6 55.0 169.86974147463005
477 6 56.0 93.04414380413237
477 6 57.0 115.37592740396579
477 6 58.0 67.38370378879408
477 6 59.0 108.45079081721079
477 6 6.0 123.31384651242733
477 6 60.0 127.74333107388591
477 6 7.0 137.64748926053736
477 6 8.0 125.27891629623822
477 6 9.0 141.0163936988653
478 5 1.0 111.90194702329946
478 5 10.0 97.53230180754123
478 5 11.0 126.47267615372304
478 5 12.0 107.41961410432022
478 5 13.0 148.423823520382
478 5 14.0 131.1249040978155
478 5 15.0 154.71505669409794
478 5 16.0 163.41347626080395
478 5 17.0 116.88567314821101
478 5 18.0 99.5880267861782
478 5 19.0 116.93103736770442
478 5 2.0 93.00446430321098
478 5 20.0 114.77861314050013
478 5 21.0 141.44166260853487
478 5 22.0 154.38795076043604
478 5 23.0 116.78146375945259
478 5 24.0 163.40436538710648
478 5 25.0 129.7835699691564
478 5 26.0 156.78433771516595
478 5 27.0 148.30493629748662
478 5 28.0 118.8572206837009
478 5 29.0 129.49210151881476
478 5 3.0 104.02923529700945
478 5 30.0 148.62965716289463
478 5 31.0 123.75436440354942
478 5 32.0 137.54724672108156
478 5 33.0 135.2210696472302
478 5 34.0 105.95914018532393
478 5 35.0 176.60163279572308
478 5 36.0 88.21653552089161
478 5 37.0 103.90439565277754
478 5 38.0 101.78755312724188
478 5 39.0 103.87519000267824
478 5 4.0 123.60674205430887
478 5 40.0 122.9683344896887
478 5 41.0 137.1627499962329
478 5 42.0 102.65808863688085
478 5 43.0 96.5449138536881
478 5 44.0 124.87125167353241
478 5 45.0 97.02409689891289
478 5 46.0 132.56994259495482
478 5 47.0 126.48602020017601
478 5 48.0 114.12899247142512
478 5 49.0 140.49712255844284
478 5 5.0 114.81067964999293
478 5 50.0 126.96813682568032
478 5 51.0 130.62564869870684
478 5 52.0 130.60342605395934
478 5 53.0 125.63028890390501
478 5 54.0 110.71303773131697
478 5 55.0 150.47768781521003
478 5 56.0 105.78947912376151
478 5 57.0 129.8111945537401
478 5 58.0 139.76654969308717
478 5 59.0 119.18495740423721
478 5 6.0 94.48050131543717
478 5 60.0 106.46042325443301
478 5 7.0 139.81988200413457
478 5 8.0 94.39124178981547
478 5 9.0 135.5655990951856
478 6 1.0 169.3965217437316
478 6 10.0 126.15621841723218
478 6 11.0 151.8114072537533
478 6 12.0 93.64639670908981
478 6 13.0 145.98919488646652
478 6 14.0 176.97760622967877
478 6 15.0 125.51543024118736
478 6 16.0 110.28405832541276
478 6 17.0 142.4341160113
478 6 18.0 94.51405079526126
478 6 19.0 88.38863427430017
478 6 2.0 110.35265182673243
478 6 20.0 113.29391188656483
478 6 21.0 83.7689501489644
478 6 22.0 98.55706722941503
478 6 23.0 98.01669570001765
478 6 24.0 129.75348565247407
478 6 25.0 136.1632975314976
478 6 26.0 103.56363080132786
478 6 27.0 125.11632464017367
478 6 28.0 118.65164000064615
478 6 29.0 91.41837669993481
478 6 3.0 173.31182053680044
478 6 30.0 98.40216112677905
478 6 31.0 99.0863223947771
478 6 32.0 151.6486914162937
478 6 33.0 129.72668736375553
478 6 34.0 175.18114474910317
478 6 35.0 61.492314039975916
478 6 36.0 130.82028245438752
478 6 37.0 160.61900424574395
478 6 38.0 122.56075496888259
478 6 39.0 130.1697449496319
478 6 4.0 149.4757159907206
478 6 40.0 115.10100470519544
478 6 41.0 93.64554372957707
478 6 42.0 93.59117933870385
478 6 43.0 116.51551812287494
478 6 44.0 143.81531010509025
478 6 45.0 105.12669206459283
478 6 46.0 100.51368159906073
478 6 47.0 150.15662323649562
478 6 48.0 107.6702817285725
478 6 49.0 82.23125114839065
478 6 5.0 174.0680626128311
478 6 50.0 131.8214653441471
478 6 51.0 149.44754435611455
478 6 52.0 131.20565610475273
478 6 53.0 128.099857392442
478 6 54.0 97.80001602517572
478 6 55.0 148.5276033577156
478 6 56.0 96.50979129515316
478 6 57.0 167.76137910934767
478 6 58.0 131.25970070928912
478 6 59.0 110.20645482247073
478 6 6.0 114.04825785042966
478 6 60.0 144.14709744898647
478 6 7.0 113.23870763370631
478 6 8.0 111.55535509648499
478 6 9.0 103.0892134065896
479 5 1.0 129.43057969178636
479 5 10.0 168.45563941343283
479 5 11.0 65.96984643480369
479 5 12.0 134.31320018455418
479 5 13.0 127.20628088802171
479 5 14.0 146.7511731973679
479 5 15.0 138.49283127385326
479 5 16.0 147.00895582193138
479 5 17.0 128.80191586215113
479 5 18.0 115.2350480099928
479 5 19.0 122.75167752056768
479 5 2.0 119.63311811158152
479 5 20.0 154.50823928970652
479 5 21.0 153.17317642806668
479 5 22.0 146.1836557459841
479 5 23.0 161.09858223603
479 5 24.0 169.42574723798953
479 5 25.0 133.29512141811415
479 5 26.0 148.27326212701826
479 5 27.0 136.78313711286933
479 5 28.0 143.2206158525817
479 5 29.0 129.89837715365053
479 5 3.0 111.18628567298724
479 5 30.0 154.8875957064489
479 5 31.0 117.17842538890118
479 5 32.0 138.36439024820282
479 5 33.0 94.65559263240137
479 5 34.0 131.64991176739173
479 5 35.0 84.75771712770762
479 5 36.0 93.54415150145735
479 5 37.0 99.87461320157621
479 5 38.0 118.9790337891733
479 5 39.0 166.31174483917098
479 5 4.0 146.57904935512042
479 5 40.0 105.64499365279138
479 5 41.0 90.54705192441678
479 5 42.0 99.79984357968634
479 5 43.0 110.60913005758883
479 5 44.0 132.87331934584859
479 5 45.0 104.30095593213532
479 5 46.0 103.11001883923367
479 5 47.0 154.84643519909528
479 5 48.0 147.3682980650088
479 5 49.0 165.9498988959433
479 5 5.0 133.10050128326756
479 5 50.0 133.88899898710682
479 5 51.0 138.23048247596313
479 5 52.0 156.07973886716425
479 5 53.0 151.4273963871189
479 5 54.0 134.15219556442185
479 5 55.0 107.09015574932268
479 5 56.0 134.416109393841
479 5 57.0 135.7374479867866
479 5 58.0 117.35988499229933
479 5 59.0 144.59262321153324
479 5 6.0 82.38389373523222
479 5 60.0 109.56560524847777
479 5 7.0 124.75459482691713
479 5 8.0 119.09668203150792
479 5 9.0 118.14211853668748
479 6 1.0 113.69825173956359
479 6 10.0 113.89721852496879
479 6 11.0 121.30231158181746
479 6 12.0 135.27141215524338
479 6 13.0 160.68744329109546
479 6 14.0 115.09957045876004
479 6 15.0 152.55544299826238
479 6 16.0 121.9805680934705
479 6 17.0 161.81675079007084
479 6 18.0 92.36618181673556
479 6 19.0 148.86570314322222
479 6 2.0 85.86716328900413
479 6 20.0 152.2889782729625
479 6 21.0 107.56739597316574
479 6 22.0 89.80254946924218
479 6 23.0 90.11545399175054
479 6 24.0 105.38630011461896
479 6 25.0 97.77462313728383
479 6 26.0 111.46650368669147
479 6 27.0 118.10431140689117
479 6 28.0 136.86454386691466
479 6 29.0 138.44136373826092
479 6 3.0 143.95014499802463
479 6 30.0 156.06928335364552
479 6 31.0 127.02645166797902
479 6 32.0 113.21941812951006
479 6 33.0 153.47793606019744
479 6 34.0 161.44341330679538
479 6 35.0 124.27955422944886
479 6 36.0 136.20901780181953
479 6 37.0 162.0690862769897
479 6 38.0 107.6500346585919
479 6 39.0 94.35626264910236
479 6 4.0 116.05747886089868
479 6 40.0 132.40490683734316
479 6 41.0 84.6803111485586
479 6 42.0 136.46203658410943
479 6 43.0 98.77634693445103
479 6 44.0 159.11683715870322
479 6 45.0 122.42407019635571
479 6 46.0 79.15147904776562
479 6 47.0 112.85635338606332
479 6 48.0 135.16456886079652
479 6 49.0 106.70800510066493
479 6 5.0 88.79321925038926
479 6 50.0 145.14524201875935
479 6 51.0 140.82189086666213
479 6 52.0 86.67872397479489
479 6 53.0 137.49421223657552
479 6 54.0 136.4465740744549
479 6 55.0 149.9612890573048
479 6 56.0 103.62052720242109
479 6 57.0 164.2186652808825
479 6 58.0 124.12088965342099
479 6 59.0 109.98320253222693
479 6 6.0 137.43688550520156
479 6 60.0 134.32330830824634
479 6 7.0 119.70748674219872
479 6 8.0 163.60372003745445
479 6 9.0 166.02979896519142
480 5 1.0 129.1288190713714
480 5 10.0 105.89892161476193
480 5 11.0 152.49440235845947
480 5 12.0 124.92536673035417
480 5 13.0 92.72350958207214
480 5 14.0 102.42239851604906
480 5 15.0 138.8678330674065
480 5 16.0 120.59169923644384
480 5 17.0 170.2220093551071
480 5 18.0 78.83757701987378
480 5 19.0 148.29225098350057
480 5 2.0 119.2742712349932
480 5 20.0 131.8764633452429
480 5 21.0 117.11100450956664
480 5 22.0 72.09803340047023
480 5 23.0 120.07700817752682
480 5 24.0 142.41557642933736
480 5 25.0 115.95587093756332
480 5 26.0 123.26786598894643
480 5 27.0 143.18554320037006
480 5 28.0 167.73712563989835
480 5 29.0 117.83874794536244
480 5 3.0 93.7337527222697
480 5 30.0 86.23678505700299
480 5 31.0 155.5234903423351
480 5 32.0 166.06829929478587
480 5 33.0 119.69272522369656
480 5 34.0 134.9174231279279
480 5 35.0 133.22887400931054
480 5 36.0 127.32776923400223
480 5 37.0 99.693350375551
480 5 38.0 118.27474468071516
480 5 39.0 117.3508948252681
480 5 4.0 106.30981930262075
480 5 40.0 106.22738040552426
480 5 41.0 120.66006660191786
480 5 42.0 134.3059556663133
480 5 43.0 142.55576061302045
480 5 44.0 113.06179650940267
480 5 45.0 165.41777108968085
480 5 46.0 93.48251363938469
480 5 47.0 110.54646907035777
480 5 48.0 137.415917970373
480 5 49.0 159.60817834689618
480 5 5.0 106.46910276330757
480 5 50.0 117.07887007237663
480 5 51.0 123.63638640618909
480 5 52.0 171.43136715522348
480 5 53.0 123.4809698716704
480 5 54.0 104.28239513960666
480 5 55.0 111.96398697410996
480 5 56.0 114.2250735994281
480 5 57.0 115.70150016900827
480 5 58.0 154.1998714108065
480 5 59.0 126.95387337315353
480 5 6.0 98.34857657883423
480 5 60.0 79.16998758932115
480 5 7.0 141.29096576964304
480 5 8.0 107.24183521966353
480 5 9.0 117.25822871894837
480 6 1.0 143.43649433157276
480 6 10.0 169.80754421980185
480 6 11.0 133.7402852451079
480 6 12.0 151.20667416091047
480 6 13.0 157.76535071323036
480 6 14.0 134.91615643355453
480 6 15.0 142.0522700095108
480 6 16.0 128.4991389550399
480 6 17.0 112.53422010509476
480 6 18.0 126.29858237540452
480 6 19.0 131.62712341597393
480 6 2.0 124.53196758735949
480 6 20.0 135.0340262979876
480 6 21.0 105.34291646910222
480 6 22.0 113.72184574986456
480 6 23.0 140.91740726175826
480 6 24.0 148.6662757753689
480 6 25.0 123.35474257140692
480 6 26.0 87.74735290236312
480 6 27.0 81.44837286743179
480 6 28.0 121.96076112818096
480 6 29.0 119.13581594558283
480 6 3.0 105.69063169306068
480 6 30.0 115.35486471826059
480 6 31.0 153.23995377469367
480 6 32.0 138.29537522357896
480 6 33.0 109.03124825306074
480 6 34.0 132.89770315035645
480 6 35.0 119.57614308039626
480 6 36.0 109.25611388880506
480 6 37.0 149.94451777981436
480 6 38.0 169.6006569269574
480 6 39.0 70.0471363122805
480 6 4.0 129.27831300151902
480 6 40.0 79.17133640915594
480 6 41.0 137.09135730828334
480 6 42.0 154.7947329497832
480 6 43.0 154.1244875863445
480 6 44.0 138.16113200720787
480 6 45.0 106.4869009761134
480 6 46.0 104.26647427158824
480 6 47.0 100.89265938586114
480 6 48.0 120.65472039172288
480 6 49.0 108.62757145027922
480 6 5.0 120.30002624134357
480 6 50.0 151.6726114965428
480 6 51.0 94.49476518041728
480 6 52.0 115.01088329155849
480 6 53.0 130.38475474531313
480 6 54.0 136.51191777803126
480 6 55.0 127.91715902416558
480 6 56.0 117.5865801840952
480 6 57.0 143.20744141280485
480 6 58.0 92.75680926819615
480 6 59.0 113.18220768886566
480 6 6.0 96.06057230798378
480 6 60.0 98.28784556445194
480 6 7.0 154.72407862825708
480 6 8.0 110.38289033915154
480 6 9.0 85.16519741596126
481 5 1.0 111.34115186862246
481 5 10.0 106.9188408438424
481 5 11.0 138.34294422954517
481 5 12.0 119.8267047165183
481 5 13.0 124.7385838455292
481 5 14.0 99.97594767098172
481 5 15.0 149.81740482039456
481 5 16.0 120.68652611259321
481 5 17.0 160.12601725565443
481 5 18.0 125.21907104455009
481 5 19.0 110.96188138255994
481 5 2.0 122.79405600977543
481 5 20.0 143.77844452368387
481 5 21.0 115.4638611224817
481 5 22.0 116.99438328031658
481 5 23.0 150.1950241020348
481 5 24.0 100.45387587618069
481 5 25.0 95.29787419418074
481 5 26.0 100.5477448084788
481 5 27.0 133.8856762916425
481 5 28.0 114.71570659172946
481 5 29.0 90.36762123740016
481 5 3.0 113.16642622771279
481 5 30.0 156.81167666586637
481 5 31.0 106.55381986788584
481 5 32.0 148.89872841922315
481 5 33.0 129.01772340283966
481 5 34.0 159.15549615861065
481 5 35.0 143.03049711314338
481 5 36.0 107.26353343149128
481 5 37.0 95.3287134435482
481 5 38.0 146.19035869060335
481 5 39.0 89.48892677968003
481 5 4.0 110.57995642149712
481 5 40.0 103.09284970049114
481 5 41.0 118.22621164439552
481 5 42.0 120.72355550065122
481 5 43.0 142.90923720426048
481 5 44.0 142.53070699690323
481 5 45.0 146.15150947948734
481 5 46.0 88.26021273056
481 5 47.0 166.37170713931596
481 5 48.0 152.5434063740937
481 5 49.0 83.56606656459607
481 5 5.0 87.85655304993315
481 5 50.0 123.1556203519208
481 5 51.0 131.86987818085018
481 5 52.0 159.03483604343228
481 5 53.0 175.7834583708298
481 5 54.0 139.45130321891529
481 5 55.0 174.59698055267796
481 5 56.0 150.11698884201869
481 5 57.0 137.08323226224704
481 5 58.0 126.0975474104781
481 5 59.0 150.1236784709559
481 5 6.0 150.6022033683537
481 5 60.0 66.10144951083812
481 5 7.0 95.78276917758893
481 5 8.0 133.02370496457007
481 5 9.0 144.35106578662413
481 6 1.0 97.33272217090393
481 6 10.0 143.23668598529025
481 6 11.0 159.1464750279576
481 6 12.0 141.85500217343983
481 6 13.0 140.17780323279888
481 6 14.0 120.89342732571473
481 6 15.0 165.10757049738783
481 6 16.0 144.6591966007468
481 6 17.0 132.13822254249078
481 6 18.0 130.6660279143945
481 6 19.0 120.52437431731926
481 6 2.0 104.63007771847316
481 6 20.0 119.09613246928598
481 6 21.0 108.01893200203504
481 6 22.0 160.92329927317027
481 6 23.0 109.57378345045171
481 6 24.0 145.31508386895325
481 6 25.0 125.8781041592225
481 6 26.0 96.12402395956794
481 6 27.0 136.1832822311416
481 6 28.0 118.78733110991399
481 6 29.0 89.18610853831525
481 6 3.0 106.88982525233739
481 6 30.0 132.12714639939136
481 6 31.0 141.32778054494273
481 6 32.0 145.09323499417061
481 6 33.0 150.60447740352745
481 6 34.0 136.3585851426306
481 6 35.0 115.69938960933605
481 6 36.0 94.11929416737351
481 6 37.0 135.34796836407395
481 6 38.0 158.85123619694477
481 6 39.0 154.67937850351112
481 6 4.0 145.1478252358761
481 6 40.0 139.50741834839798
481 6 41.0 140.07547092919523
481 6 42.0 102.85054818416447
481 6 43.0 85.43504030116026
481 6 44.0 173.31978481181204
481 6 45.0 137.34145357411657
481 6 46.0 94.8071184676685
481 6 47.0 157.01671666353457
481 6 48.0 132.92392340494266
481 6 49.0 162.62880474413907
481 6 5.0 121.68877020884638
481 6 50.0 155.863793565306
481 6 51.0 99.0487888530892
481 6 52.0 155.39790171428237
481 6 53.0 154.84297785017196
481 6 54.0 109.75604706721286
481 6 55.0 154.98091270721974
481 6 56.0 100.94282404472818
481 6 57.0 131.1893397198435
481 6 58.0 107.71802754292851
481 6 59.0 126.25489165471264
481 6 6.0 107.81746523696832
481 6 60.0 124.08912376911186
481 6 7.0 143.70783821160182
481 6 8.0 93.00402177410656
481 6 9.0 159.52464748355206
482 5 1.0 121.32154293596402
482 5 10.0 155.5597610202077
482 5 11.0 144.48000126834447
482 5 12.0 118.09499788838569
482 5 13.0 151.4369523760039
482 5 14.0 126.16166166766412
482 5 15.0 130.92611670827637
482 5 16.0 112.70144878756489
482 5 17.0 89.67952517968646
482 5 18.0 71.18750535140323
482 5 19.0 125.42821626867851
482 5 2.0 100.83047408701982
482 5 20.0 138.98862387997534
482 5 21.0 100.89309227484233
482 5 22.0 136.934138210714
482 5 23.0 118.79670599539403
482 5 24.0 176.36823178366143
482 5 25.0 140.3154920134441
482 5 26.0 100.77753948922151
482 5 27.0 117.84884078050415
482 5 28.0 170.29276774551684
482 5 29.0 101.71458108028898
482 5 3.0 100.54109387761157
482 5 30.0 79.4286843609978
482 5 31.0 89.2917410295443
482 5 32.0 133.83602074707426
482 5 33.0 156.56506263511142
482 5 34.0 163.96677947618969
482 5 35.0 123.40519673999776
482 5 36.0 131.95247162959598
482 5 37.0 98.44904923623545
482 5 38.0 128.7340617988511
482 5 39.0 154.388091917734
482 5 4.0 101.68615252945311
482 5 40.0 131.1612757949723
482 5 41.0 133.7807879254666
482 5 42.0 149.18729511776823
482 5 43.0 131.60760442944533
482 5 44.0 131.1886718941529
482 5 45.0 106.28146483156402
482 5 46.0 109.00381499603203
482 5 47.0 110.91543997272636
482 5 48.0 142.65099777816675
482 5 49.0 122.02069066135579
482 5 5.0 138.933018998853
482 5 50.0 108.28856482995751
482 5 51.0 171.2978321418167
482 5 52.0 125.28166545657109
482 5 53.0 141.0242899135187
482 5 54.0 99.39042465620763
482 5 55.0 141.8474783769205
482 5 56.0 153.43166718904908
482 5 57.0 78.39175751574876
482 5 58.0 116.30392619981392
482 5 59.0 157.29596104640467
482 5 6.0 130.50415536893507
482 5 60.0 115.74684446765514
482 5 7.0 108.0637809659381
482 5 8.0 115.26933487781088
482 5 9.0 143.3827766715981
482 6 1.0 142.99730069292005
482 6 10.0 148.9209124136247
482 6 11.0 126.27844057698626
482 6 12.0 141.2380430922253
482 6 13.0 160.5317823624722
482 6 14.0 146.13425835107913
482 6 15.0 149.47508117172313
482 6 16.0 149.97490487687998
482 6 17.0 102.08370856610873
482 6 18.0 129.06361998553186
482 6 19.0 137.7670971670957
482 6 2.0 136.77768565637615
482 6 20.0 141.83416287947145
482 6 21.0 103.73792048480999
482 6 22.0 166.61273270002516
482 6 23.0 94.18692878271648
482 6 24.0 115.13716172809582
482 6 25.0 136.99719481998264
482 6 26.0 88.61590725953116
482 6 27.0 144.9552483263707
482 6 28.0 151.86619972212077
482 6 29.0 92.09635474607717
482 6 3.0 90.31591331612152
482 6 30.0 97.41696455357399
482 6 31.0 106.4376860072374
482 6 32.0 128.12000293035337
482 6 33.0 148.4854080178854
482 6 34.0 93.17412701455196
482 6 35.0 73.84295511469242
482 6 36.0 127.4577876442059
482 6 37.0 145.66659667080737
482 6 38.0 160.93399604335204
482 6 39.0 77.9332805459389
482 6 4.0 117.64003604892932
482 6 40.0 97.8796127068797
482 6 41.0 120.28774842316872
482 6 42.0 93.55912025126582
482 6 43.0 120.46927677585202
482 6 44.0 96.60647808596396
482 6 45.0 93.78181410998118
482 6 46.0 148.88725027098545
482 6 47.0 112.28845058563373
482 6 48.0 164.39140555940395
482 6 49.0 101.24340877821285
482 6 5.0 151.85498277428323
482 6 50.0 121.25284427709266
482 6 51.0 119.52051742615625
482 6 52.0 131.88091552089116
482 6 53.0 109.27797785798504
482 6 54.0 88.97882479392094
482 6 55.0 152.07014940098395
482 6 56.0 131.05656065974307
482 6 57.0 131.63751478749302
482 6 58.0 115.71663357092234
482 6 59.0 103.88612855584842
482 6 6.0 124.54783956250401
482 6 60.0 105.62650966767274
482 6 7.0 146.71053140448748
482 6 8.0 113.66373830049812
482 6 9.0 127.16185193347792
483 5 1.0 141.962227732229
483 5 10.0 110.25880335287242
483 5 11.0 132.69218661125868
483 5 12.0 139.8853765641093
483 5 13.0 124.39034465997172
483 5 14.0 134.05036333951833
483 5 15.0 126.21707605585128
483 5 16.0 115.79002658247859
483 5 17.0 150.0700181945104
483 5 18.0 90.97789878586495
483 5 19.0 136.48025267281926
483 5 2.0 115.11792608524726
483 5 20.0 140.37023260307004
483 5 21.0 119.86321333105425
483 5 22.0 144.68364268517777
483 5 23.0 130.1114432198605
483 5 24.0 148.17910387563856
483 5 25.0 87.28852939127856
483 5 26.0 81.14277565582964
483 5 27.0 122.45419105465227
483 5 28.0 136.3161265869307
483 5 29.0 80.24855986114183
483 5 3.0 157.18284132031823
483 5 30.0 151.91230061992263
483 5 31.0 95.6805743301002
483 5 32.0 134.99804213646135
483 5 33.0 146.53479722940267
483 5 34.0 105.9347020365742
483 5 35.0 117.8817272263042
483 5 36.0 105.73730665107578
483 5 37.0 109.79678912853667
483 5 38.0 143.9834375513246
483 5 39.0 146.54004221964178
483 5 4.0 108.59115521825154
483 5 40.0 113.30351719986595
483 5 41.0 177.7731918212544
483 5 42.0 159.6491240369899
483 5 43.0 178.67341276502137
483 5 44.0 132.225202012918
483 5 45.0 120.92054571848779
483 5 46.0 143.62488818115997
483 5 47.0 140.89087355405454
483 5 48.0 126.46513873077697
483 5 49.0 128.4035251999341
483 5 5.0 94.49950011470469
483 5 50.0 105.94349994432825
483 5 51.0 172.51402138015098
483 5 52.0 150.46994807007636
483 5 53.0 131.33916732800253
483 5 54.0 116.50246215048968
483 5 55.0 108.53154937840978
483 5 56.0 133.24306496530673
483 5 57.0 122.09800530990991
483 5 58.0 159.80429962174657
483 5 59.0 154.34741278138668
483 5 6.0 134.812860960621
483 5 60.0 95.86509368707124
483 5 7.0 96.38288719680493
483 5 8.0 94.06628987801939
483 5 9.0 125.93051403170446
483 6 1.0 114.33858427418357
483 6 10.0 109.13133293581373
483 6 11.0 134.29448071056837
483 6 12.0 149.4830406976344
483 6 13.0 127.5888658458405
483 6 14.0 130.137759691375
483 6 15.0 134.13592135615565
483 6 16.0 115.50776195559507
483 6 17.0 173.1478717564927
483 6 18.0 127.87084688600284
483 6 19.0 108.82229446154285
483 6 2.0 122.64118275502403
483 6 20.0 120.11275392639843
483 6 21.0 65.5850284554062
483 6 22.0 138.5045244524716
483 6 23.0 100.28748418007848
483 6 24.0 108.02648613542841
483 6 25.0 97.37550572422488
483 6 26.0 131.49978420242255
483 6 27.0 122.21588508124636
483 6 28.0 150.98137087380482
483 6 29.0 108.72539934566602
483 6 3.0 107.4833948030174
483 6 30.0 131.71259316321039
483 6 31.0 117.49278187514427
483 6 32.0 116.99747819048153
483 6 33.0 141.212662320662
483 6 34.0 136.21214160567814
483 6 35.0 148.0903631778038
483 6 36.0 171.47126392615056
483 6 37.0 102.46378526264309
483 6 38.0 146.62868691050465
483 6 39.0 145.56459450328325
483 6 4.0 115.6443046628815
483 6 40.0 123.87958886492216
483 6 41.0 106.53521638710825
483 6 42.0 131.42015267038127
483 6 43.0 83.81025928957558
483 6 44.0 137.66717521552414
483 6 45.0 101.33515682668555
483 6 46.0 87.95408550489583
483 6 47.0 134.02654248988878
483 6 48.0 141.0340021775879
483 6 49.0 86.79163525243104
483 6 5.0 138.04171888749826
483 6 50.0 162.6014258138245
483 6 51.0 171.74896796968156
483 6 52.0 144.38024368039888
483 6 53.0 91.87470188283585
483 6 54.0 119.41471736016852
483 6 55.0 152.92752942779978
483 6 56.0 111.10636131541722
483 6 57.0 156.6658527181745
483 6 58.0 115.9504860131736
483 6 59.0 98.35111529421906
483 6 6.0 98.56879174207278
483 6 60.0 85.6618563123062
483 6 7.0 137.32650712405965
483 6 8.0 150.856409132797
483 6 9.0 108.36984305357166
484 5 1.0 116.03473269936212
484 5 10.0 84.97110192325833
484 5 11.0 115.5224253726738
484 5 12.0 128.65842267371207
484 5 13.0 173.9937595324848
484 5 14.0 108.16751046581946
484 5 15.0 135.10737821572172
484 5 16.0 129.018342628212
484 5 17.0 152.11975365610556
484 5 18.0 111.70663494072627
484 5 19.0 146.0728573093504
484 5 2.0 165.10297612303438
484 5 20.0 89.04130283478439
484 5 21.0 128.30733712343763
484 5 22.0 126.06791267590306
484 5 23.0 147.7161806156307
484 5 24.0 99.8963327244331
484 5 25.0 120.86305562858708
484 5 26.0 81.49003825143497
484 5 27.0 90.33250370817652
484 5 28.0 124.35441580773985
484 5 29.0 142.1090633650522
484 5 3.0 154.45323811645503
484 5 30.0 128.8250415758043
484 5 31.0 150.3332648061523
484 5 32.0 98.15208714936279
484 5 33.0 121.86734442945131
484 5 34.0 122.09872456982815
484 5 35.0 111.42407361282498
484 5 36.0 106.98013605876899
484 5 37.0 103.18114325833338
484 5 38.0 117.17315279337281
484 5 39.0 131.90480742765087
484 5 4.0 102.85794588138116
484 5 40.0 113.07742845675669
484 5 41.0 113.19381083077486
484 5 42.0 96.95894497330357
484 5 43.0 83.70358636975583
484 5 44.0 107.3001587806926
484 5 45.0 127.51961997356028
484 5 46.0 85.7846787679645
484 5 47.0 139.40877303894808
484 5 48.0 138.33369616377453
484 5 49.0 144.6391848982238
484 5 5.0 134.8027116106315
484 5 50.0 98.42297721563892
484 5 51.0 151.6640538907782
484 5 52.0 163.66938755607742
484 5 53.0 157.3021758373459
484 5 54.0 167.9220164353232
484 5 55.0 120.92850309824851
484 5 56.0 159.47127882560952
484 5 57.0 88.75448315540747
484 5 58.0 100.15463558401112
484 5 59.0 170.8804144080871
484 5 6.0 162.6705949321392
484 5 60.0 89.72060300812564
484 5 7.0 157.8370057388873
484 5 8.0 106.26585232755772
484 5 9.0 98.80624087064709
484 6 1.0 126.79677144821267
484 6 10.0 116.32426747406785
484 6 11.0 101.42943967872355
484 6 12.0 112.90501517259588
484 6 13.0 133.83688728423033
484 6 14.0 159.63836232404554
484 6 15.0 156.64119662727074
484 6 16.0 146.1917921086008
484 6 17.0 141.98727454483168
484 6 18.0 103.26855935058832
484 6 19.0 162.41697843440863
484 6 2.0 159.3995433328614
484 6 20.0 168.9618138041339
484 6 21.0 119.52072165032887
484 6 22.0 129.8453706047139
484 6 23.0 112.88558179193956
484 6 24.0 106.78807380675107
484 6 25.0 125.474765640609
484 6 26.0 129.37213449544143
484 6 27.0 115.39860750996621
484 6 28.0 100.13475138843017
484 6 29.0 123.35840690613824
484 6 3.0 127.57720601710977
484 6 30.0 141.89049485171216
484 6 31.0 96.85134752701151
484 6 32.0 141.61813247078445
484 6 33.0 104.68126565752107
484 6 34.0 124.14888527619256
484 6 35.0 116.53871879512897
484 6 36.0 156.9928575947594
484 6 37.0 134.9986995009886
484 6 38.0 84.70410029476325
484 6 39.0 170.30000032989477
484 6 4.0 146.4531784552432
484 6 40.0 126.83067255272924
484 6 41.0 119.00762213192498
484 6 42.0 118.63282359892914
484 6 43.0 142.259260402715
484 6 44.0 152.07633484843052
484 6 45.0 89.50856180481374
484 6 46.0 94.71455739796058
484 6 47.0 120.59941592485299
484 6 48.0 109.12926808199012
484 6 49.0 132.6699916363784
484 6 5.0 120.16297602728795
484 6 50.0 127.61484967769172
484 6 51.0 102.38030371575974
484 6 52.0 133.5354341465195
484 6 53.0 83.82408019125734
484 6 54.0 133.43327093618646
484 6 55.0 156.3353394840246
484 6 56.0 122.73582781175395
484 6 57.0 94.61860915079102
484 6 58.0 157.99919278284946
484 6 59.0 177.31663781851134
484 6 6.0 106.04043606382305
484 6 60.0 102.265774168279
484 6 7.0 151.85469497231907
484 6 8.0 98.55662776997556
484 6 9.0 127.25783884846877
485 5 1.0 127.62677849905504
485 5 10.0 95.82024780172742
485 5 11.0 135.78065069130906
485 5 12.0 105.75372747198371
485 5 13.0 131.41359476237176
485 5 14.0 115.70115621517566
485 5 15.0 127.16093160066673
485 5 16.0 116.02592389349162
485 5 17.0 165.34252086981635
485 5 18.0 123.58842573834934
485 5 19.0 156.0286644983192
485 5 2.0 138.46981121059898
485 5 20.0 134.97565850752284
485 5 21.0 171.36222906732613
485 5 22.0 124.98679027187814
485 5 23.0 76.74045535661864
485 5 24.0 121.15094355733777
485 5 25.0 88.7978907044376
485 5 26.0 92.46513753135899
485 5 27.0 106.53446861671367
485 5 28.0 135.02493480729896
485 5 29.0 126.06420855370635
485 5 3.0 119.49454380552018
485 5 30.0 134.0938509156943
485 5 31.0 138.81039324013582
485 5 32.0 123.22501863944008
485 5 33.0 101.2098466830845
485 5 34.0 139.0169395075744
485 5 35.0 87.51319540800007
485 5 36.0 119.36566566236839
485 5 37.0 95.4705298634054
485 5 38.0 78.65952454290603
485 5 39.0 118.298078400694
485 5 4.0 156.71712178433887
485 5 40.0 116.60129734690553
485 5 41.0 120.42863395077815
485 5 42.0 112.6872850592412
485 5 43.0 108.84203250053488
485 5 44.0 139.56550787426895
485 5 45.0 133.8387483062203
485 5 46.0 121.81520953022859
485 5 47.0 101.45849052640445
485 5 48.0 133.2819402806949
485 5 49.0 138.2273665768593
485 5 5.0 160.13755975990202
485 5 50.0 116.60156156514718
485 5 51.0 119.7605782947521
485 5 52.0 139.9829590775093
485 5 53.0 145.1447153248648
485 5 54.0 124.9910443471311
485 5 55.0 125.47608578388245
485 5 56.0 168.2384850025186
485 5 57.0 95.15791096812104
485 5 58.0 140.20507235221612
485 5 59.0 159.585114323862
485 5 6.0 147.1732173653742
485 5 60.0 95.16515562484904
485 5 7.0 124.4459601350845
485 5 8.0 123.19841287072383
485 5 9.0 143.4993106079511
485 6 1.0 101.10345021421423
485 6 10.0 110.32656972586733
485 6 11.0 126.15813123561925
485 6 12.0 107.31669204084304
485 6 13.0 136.35164989147137
485 6 14.0 105.89414694757886
485 6 15.0 172.95672454127836
485 6 16.0 148.20238140629513
485 6 17.0 154.33808941618875
485 6 18.0 122.68298379484818
485 6 19.0 157.62387912176814
485 6 2.0 130.29649742843065
485 6 20.0 131.78515969606204
485 6 21.0 120.61406119830355
485 6 22.0 146.71227017159455
485 6 23.0 125.29936108934402
485 6 24.0 98.24257355920973
485 6 25.0 138.66583777007617
485 6 26.0 96.70179852114555
485 6 27.0 136.7359929810034
485 6 28.0 101.26059543862704
485 6 29.0 107.30114242108775
485 6 3.0 123.16365598676728
485 6 30.0 154.64513233094036
485 6 31.0 121.62698229095726
485 6 32.0 108.12211795404843
485 6 33.0 165.5301408118697
485 6 34.0 104.72363961393343
485 6 35.0 122.1511127173858
485 6 36.0 137.34196910465
485 6 37.0 105.18683926631985
485 6 38.0 155.7716099182471
485 6 39.0 159.90886053588235
485 6 4.0 111.08973188087991
485 6 40.0 107.77188377096951
485 6 41.0 126.93652278267683
485 6 42.0 142.58415183169504
485 6 43.0 161.46382535228295
485 6 44.0 139.57173562966292
485 6 45.0 159.54310840720206
485 6 46.0 139.3373359406112
485 6 47.0 152.2133919636445
485 6 48.0 149.4963755400017
485 6 49.0 169.5426769615071
485 6 5.0 113.82601641547313
485 6 50.0 115.31081493562797
485 6 51.0 118.93944960679211
485 6 52.0 143.1600976066066
485 6 53.0 139.9100804073107
485 6 54.0 113.40658248251968
485 6 55.0 141.26493750266798
485 6 56.0 146.7550554884468
485 6 57.0 83.30149908588584
485 6 58.0 126.20892304005996
485 6 59.0 133.68359135129262
485 6 6.0 102.38005398737512
485 6 60.0 96.27314463769605
485 6 7.0 98.6746243424791
485 6 8.0 107.4817053697509
485 6 9.0 141.3157599697967
486 5 1.0 132.16295480799627
486 5 10.0 100.72116361696813
486 5 11.0 150.69671187380487
486 5 12.0 144.69696946045968
486 5 13.0 82.4163073085598
486 5 14.0 133.95947010630098
486 5 15.0 162.1736988504955
486 5 16.0 96.56302701474563
486 5 17.0 112.48003515839848
486 5 18.0 121.35330010332878
486 5 19.0 162.5936940165832
486 5 2.0 138.32689680415479
486 5 20.0 111.59724859918965
486 5 21.0 99.164752111152
486 5 22.0 138.44210905825497
486 5 23.0 110.66676363458325
486 5 24.0 113.69751753848978
486 5 25.0 86.25102622580118
486 5 26.0 97.09764703413813
486 5 27.0 128.97164732334028
486 5 28.0 109.70627429786832
486 5 29.0 149.44939946636995
486 5 3.0 137.7683140270853
486 5 30.0 146.26383230808904
486 5 31.0 75.08370566563565
486 5 32.0 159.60442572709653
486 5 33.0 142.4029414097787
486 5 34.0 150.36519859004824
486 5 35.0 118.03300280944342
486 5 36.0 154.6410662352653
486 5 37.0 130.0973372908939
486 5 38.0 124.15946790100955
486 5 39.0 150.14107759398968
486 5 4.0 106.93341651883951
486 5 40.0 103.16562423536966
486 5 41.0 137.83860445330694
486 5 42.0 132.7716642530453
486 5 43.0 159.95216502515808
486 5 44.0 154.12916786595216
486 5 45.0 106.34700169486304
486 5 46.0 139.16914158926693
486 5 47.0 156.32321310540874
486 5 48.0 158.17518064915663
486 5 49.0 121.2255021637244
486 5 5.0 89.10493762315396
486 5 50.0 167.4047574211696
486 5 51.0 95.17416185532701
486 5 52.0 147.56842819436537
486 5 53.0 154.453088753268
486 5 54.0 106.38015301043572
486 5 55.0 155.93166716412105
486 5 56.0 95.64638196693004
486 5 57.0 99.35340307531024
486 5 58.0 127.00167005526896
486 5 59.0 171.08368299075846
486 5 6.0 153.3974959411883
486 5 60.0 92.25407458887909
486 5 7.0 124.50981320755922
486 5 8.0 117.0447318607746
486 5 9.0 159.13480723564874
486 6 1.0 110.16049346951026
486 6 10.0 148.43557037678315
486 6 11.0 136.30681464494972
486 6 12.0 129.59304786135888
486 6 13.0 119.0941714972313
486 6 14.0 119.76109439798061
486 6 15.0 166.32591803591416
486 6 16.0 164.3560701644344
486 6 17.0 106.43324154708237
486 6 18.0 134.0879131454369
486 6 19.0 150.77983172623044
486 6 2.0 94.18328984473608
486 6 20.0 100.98370299449367
486 6 21.0 94.03597285597506
486 6 22.0 130.56042479699062
486 6 23.0 104.5782092465612
486 6 24.0 169.6146788257007
486 6 25.0 121.01372688979426
486 6 26.0 117.1318923945006
486 6 27.0 120.42571952289313
486 6 28.0 147.60878326508222
486 6 29.0 98.06055732021456
486 6 3.0 154.5514910173771
486 6 30.0 149.16110534166026
486 6 31.0 140.90454174662915
486 6 32.0 113.05367621801868
486 6 33.0 152.23849577152708
486 6 34.0 104.53437073971502
486 6 35.0 153.714173577848
486 6 36.0 109.81347286063536
486 6 37.0 160.74428512843377
486 6 38.0 118.32000922157773
486 6 39.0 150.47958583485197
486 6 4.0 91.56655468691393
486 6 40.0 126.81457248190738
486 6 41.0 109.86899735422301
486 6 42.0 131.80259423272014
486 6 43.0 105.86886626211304
486 6 44.0 145.774114136629
486 6 45.0 131.75847714820463
486 6 46.0 78.44924222721966
486 6 47.0 147.6599776609323
486 6 48.0 159.84386888194308
486 6 49.0 126.67156512981303
486 6 5.0 132.75468664492038
486 6 50.0 151.66645380920679
486 6 51.0 119.51342325421805
486 6 52.0 111.32172010080912
486 6 53.0 175.22050483084126
486 6 54.0 158.61123952492503
486 6 55.0 143.2476956470313
486 6 56.0 104.88626182619443
486 6 57.0 86.29414277178586
486 6 58.0 133.31855833249477
486 6 59.0 136.58723325477024
486 6 6.0 78.88786848266989
486 6 60.0 124.12977176226299
486 6 7.0 126.05341247073912
486 6 8.0 103.73758756493856
486 6 9.0 150.34069893882216
487 5 1.0 163.16800141841313
487 5 10.0 135.50087685317533
487 5 11.0 156.50185546414434
487 5 12.0 109.6675199140792
487 5 13.0 90.13662988163948
487 5 14.0 149.63938969601088
487 5 15.0 119.88778872091943
487 5 16.0 105.00938719751004
487 5 17.0 114.68331922338452
487 5 18.0 126.2283887476227
487 5 19.0 77.44935355074914
487 5 2.0 128.06430290932457
487 5 20.0 143.4130078170736
487 5 21.0 150.27136172245926
487 5 22.0 119.37193928610975
487 5 23.0 134.26456737817784
487 5 24.0 105.09660652476575
487 5 25.0 94.40558138469052
487 5 26.0 97.84251398015984
487 5 27.0 151.66478236176658
487 5 28.0 154.26286325311528
487 5 29.0 135.72503229904032
487 5 3.0 116.01478034472902
487 5 30.0 156.9260142323403
487 5 31.0 133.89789995091633
487 5 32.0 129.6285363073227
487 5 33.0 142.84979546363562
487 5 34.0 133.03145762283563
487 5 35.0 89.06482190778648
487 5 36.0 145.44139259063417
487 5 37.0 102.67223762090207
487 5 38.0 88.87400291110852
487 5 39.0 166.9714573511651
487 5 4.0 163.58581874659674
487 5 40.0 121.60582710345606
487 5 41.0 138.51413970100256
487 5 42.0 124.1180154089971
487 5 43.0 115.0737404458354
487 5 44.0 156.54219784063204
487 5 45.0 103.8426921903972
487 5 46.0 143.5463085509195
487 5 47.0 128.21421226477372
487 5 48.0 153.2365251949291
487 5 49.0 154.35453328934528
487 5 5.0 99.4190171993631
487 5 50.0 125.30667778650601
487 5 51.0 148.43816651513475
487 5 52.0 161.45486219415486
487 5 53.0 117.36995950885179
487 5 54.0 140.7592104883919
487 5 55.0 163.38351727877202
487 5 56.0 164.7497908916819
487 5 57.0 99.49986340033364
487 5 58.0 116.69831021875054
487 5 59.0 141.1558573205884
487 5 6.0 167.10526486496883
487 5 60.0 109.47984476486575
487 5 7.0 100.55551058543885
487 5 8.0 102.38211714991797
487 5 9.0 134.1015555711296
487 6 1.0 99.79564984696205
487 6 10.0 130.2704824286292
487 6 11.0 131.61673171468738
487 6 12.0 140.6662293807125
487 6 13.0 139.53136395375972
487 6 14.0 161.804306221951
487 6 15.0 137.2127877207034
487 6 16.0 150.73418776771425
487 6 17.0 137.2433804468722
487 6 18.0 123.14964536836665
487 6 19.0 75.66888405578871
487 6 2.0 147.01113686413126
487 6 20.0 77.49682578018158
487 6 21.0 141.7741796213219
487 6 22.0 92.7143120530122
487 6 23.0 145.16031633988186
487 6 24.0 112.97061943594676
487 6 25.0 93.66236510960614
487 6 26.0 92.15152226102936
487 6 27.0 106.19562973050664
487 6 28.0 97.1401103179292
487 6 29.0 145.01663064260183
487 6 3.0 126.6763629273139
487 6 30.0 131.55480189435755
487 6 31.0 138.79289617912167
487 6 32.0 102.30666167342345
487 6 33.0 102.05980738734553
487 6 34.0 141.0694312955789
487 6 35.0 157.03574174439976
487 6 36.0 104.8250896059872
487 6 37.0 127.35066735234832
487 6 38.0 93.72006247046086
487 6 39.0 100.01793180751936
487 6 4.0 102.73124970339475
487 6 40.0 134.1651068041687
487 6 41.0 123.38362898137233
487 6 42.0 141.6456040212949
487 6 43.0 70.83930536210917
487 6 44.0 126.91455699305565
487 6 45.0 114.09203295953981
487 6 46.0 102.42141697456884
487 6 47.0 114.74377322130472
487 6 48.0 163.2555695494816
487 6 49.0 107.762527815225
487 6 5.0 137.36075166223216
487 6 50.0 153.83444471154857
487 6 51.0 121.18700200649522
487 6 52.0 136.77462000096534
487 6 53.0 135.92581659671222
487 6 54.0 152.14468160622553
487 6 55.0 142.6179530387902
487 6 56.0 128.9306227240145
487 6 57.0 142.92665250277327
487 6 58.0 84.15371465658379
487 6 59.0 114.46603845243456
487 6 6.0 95.86211239324942
487 6 60.0 109.5326385567574
487 6 7.0 114.14743233797614
487 6 8.0 93.93444442003657
487 6 9.0 122.3888721185188
488 5 1.0 144.84058851530418
488 5 10.0 136.44178080247292
488 5 11.0 170.16419067445094
488 5 12.0 80.61684775472213
488 5 13.0 137.73402386141814
488 5 14.0 115.79371615164602
488 5 15.0 161.8371846727706
488 5 16.0 108.77318783423769
488 5 17.0 122.43440894221064
488 5 18.0 85.04394456736762
488 5 19.0 111.2863103440508
488 5 2.0 92.02061193201392
488 5 20.0 113.8508904532551
488 5 21.0 121.6331286424751
488 5 22.0 105.1005404848277
488 5 23.0 153.27955302854267
488 5 24.0 174.33630787456224
488 5 25.0 135.8251360151329
488 5 26.0 144.3550771975139
488 5 27.0 129.36908819293416
488 5 28.0 91.34316153259498
488 5 29.0 125.81489216406676
488 5 3.0 122.19253377329032
488 5 30.0 118.35852823123962
488 5 31.0 141.82097221111002
488 5 32.0 154.1873080890748
488 5 33.0 138.30604324690538
488 5 34.0 105.06379329424591
488 5 35.0 171.33252716694096
488 5 36.0 111.09989437794444
488 5 37.0 95.25895821997366
488 5 38.0 93.72805904221593
488 5 39.0 101.26652462996846
488 5 4.0 110.58770270723373
488 5 40.0 82.64193744655914
488 5 41.0 118.52325561993732
488 5 42.0 143.72825958211845
488 5 43.0 125.46022918053777
488 5 44.0 118.98393424674174
488 5 45.0 87.32577875723429
488 5 46.0 102.5696959538097
488 5 47.0 153.74378040335017
488 5 48.0 141.973008220635
488 5 49.0 145.2091083376719
488 5 5.0 153.8048680297853
488 5 50.0 124.58931243514097
488 5 51.0 151.7163673563178
488 5 52.0 155.24542654937824
488 5 53.0 145.3677196675089
488 5 54.0 134.57778272972865
488 5 55.0 140.59840206340994
488 5 56.0 152.99989272029646
488 5 57.0 110.55759746115076
488 5 58.0 118.17063614596738
488 5 59.0 157.52753415141578
488 5 6.0 142.91726956731802
488 5 60.0 148.89821509670293
488 5 7.0 142.3771771624253
488 5 8.0 141.7099451083144
488 5 9.0 99.24612490609613
488 6 1.0 102.28156300856621
488 6 10.0 114.61123742172886
488 6 11.0 105.45774899660995
488 6 12.0 125.27824067838905
488 6 13.0 122.85376567992633
488 6 14.0 75.8691128745681
488 6 15.0 147.73632427301632
488 6 16.0 137.90398598421274
488 6 17.0 125.71457712828195
488 6 18.0 97.59909364303057
488 6 19.0 120.79638874949701
488 6 2.0 145.32751658034394
488 6 20.0 148.18091115824714
488 6 21.0 100.61269904492718
488 6 22.0 107.84921955376393
488 6 23.0 144.8515847345528
488 6 24.0 96.98531363064438
488 6 25.0 104.85055671646161
488 6 26.0 132.45381178295523
488 6 27.0 92.68061438233826
488 6 28.0 138.9028198029484
488 6 29.0 110.74606004241635
488 6 3.0 129.88464325447993
488 6 30.0 157.25281360303154
488 6 31.0 116.87577832378068
488 6 32.0 87.1436014660511
488 6 33.0 136.31819615164136
488 6 34.0 127.74280715704464
488 6 35.0 143.83962669404076
488 6 36.0 162.52985520180994
488 6 37.0 98.65490023721598
488 6 38.0 112.14481541012697
488 6 39.0 71.04370671301602
488 6 4.0 89.40624833457376
488 6 40.0 154.39779503970593
488 6 41.0 118.71855091982312
488 6 42.0 143.47395769412034
488 6 43.0 127.45730909487939
488 6 44.0 89.6489687859966
488 6 45.0 142.17655420674507
488 6 46.0 85.52229479756133
488 6 47.0 95.98971363611578
488 6 48.0 133.08460048034792
488 6 49.0 127.75900161085958
488 6 5.0 123.49318542495058
488 6 50.0 127.15609308455305
488 6 51.0 114.51380356478667
488 6 52.0 124.8561947263691
488 6 53.0 93.92740529268393
488 6 54.0 112.78797592243409
488 6 55.0 149.0701050314741
488 6 56.0 168.97612257739837
488 6 57.0 87.4573587170877
488 6 58.0 107.36785799108483
488 6 59.0 97.79425353428545
488 6 6.0 135.7641591808033
488 6 60.0 131.66971119785256
488 6 7.0 116.07778792220441
488 6 8.0 94.96290747197767
488 6 9.0 90.44272758957383
489 5 1.0 137.04270647223106
489 5 10.0 97.9802714594816
489 5 11.0 129.84643022202965
489 5 12.0 152.1376183730773
489 5 13.0 125.24056654461202
489 5 14.0 162.59078243072233
489 5 15.0 136.5591325547571
489 5 16.0 146.56447338125955
489 5 17.0 129.30485311085576
489 5 18.0 73.95895505475771
489 5 19.0 164.353958999886
489 5 2.0 99.07466460166114
489 5 20.0 136.52291320902245
489 5 21.0 105.99038375368868
489 5 22.0 154.99352191423947
489 5 23.0 130.03974361176628
489 5 24.0 142.9062675553761
489 5 25.0 90.58531214340393
489 5 26.0 120.74356327425201
489 5 27.0 138.64161299277893
489 5 28.0 126.31631635481604
489 5 29.0 149.45975899008738
489 5 3.0 115.60096314160346
489 5 30.0 140.94030614730679
489 5 31.0 96.33138332233699
489 5 32.0 152.95042969509768
489 5 33.0 135.27233322554784
489 5 34.0 157.8861508936609
489 5 35.0 139.09212234297584
489 5 36.0 104.80953968744441
489 5 37.0 147.50963139332117
489 5 38.0 106.69969284818829
489 5 39.0 169.78576688580736
489 5 4.0 115.61489165410651
489 5 40.0 135.73288550394986
489 5 41.0 123.58353454475574
489 5 42.0 95.77784948256748
489 5 43.0 131.0069912990978
489 5 44.0 131.74030943039017
489 5 45.0 103.65726001887295
489 5 46.0 126.22367336137188
489 5 47.0 118.53587278702837
489 5 48.0 165.9835311785385
489 5 49.0 158.41175114848053
489 5 5.0 159.8859231645758
489 5 50.0 101.19272888074453
489 5 51.0 132.21712233021077
489 5 52.0 149.2781193717023
489 5 53.0 139.11607060362886
489 5 54.0 96.2647738193803
489 5 55.0 132.5926908483418
489 5 56.0 166.40338131068194
489 5 57.0 90.97258236460797
489 5 58.0 161.99034871699908
489 5 59.0 158.283148138012
489 5 6.0 111.09037948498421
489 5 60.0 87.81703099699263
489 5 7.0 79.78651766821108
489 5 8.0 126.88830266065182
489 5 9.0 171.9672743188096
489 6 1.0 149.41527953191252
489 6 10.0 140.39013500360326
489 6 11.0 115.67000163500032
489 6 12.0 159.81957034442215
489 6 13.0 146.0944517550768
489 6 14.0 131.15643520632528
489 6 15.0 155.23305838213503
489 6 16.0 157.4349213565304
489 6 17.0 136.01190309043585
489 6 18.0 152.60995575082578
489 6 19.0 161.5321901749325
489 6 2.0 120.55226386042553
489 6 20.0 130.3882964227427
489 6 21.0 93.31112472020588
489 6 22.0 153.4604879178399
489 6 23.0 96.35280166958216
489 6 24.0 80.87182800219823
489 6 25.0 146.14989797868392
489 6 26.0 92.03962112833312
489 6 27.0 104.45365948178022
489 6 28.0 156.99812844048705
489 6 29.0 125.09038463747993
489 6 3.0 101.34075656899732
489 6 30.0 104.62673667701195
489 6 31.0 168.15875118443333
489 6 32.0 98.73861499091554
489 6 33.0 170.2001609514531
489 6 34.0 134.83685730434735
489 6 35.0 105.94155290905299
489 6 36.0 120.82352086613712
489 6 37.0 153.8159340896412
489 6 38.0 112.13891245311991
489 6 39.0 177.85235505320807
489 6 4.0 118.13870031109252
489 6 40.0 178.9951228382977
489 6 41.0 104.86050266302263
489 6 42.0 154.67593118481867
489 6 43.0 117.74134237882231
489 6 44.0 121.72689936564268
489 6 45.0 126.54249205574276
489 6 46.0 116.49682363450901
489 6 47.0 90.68622917041635
489 6 48.0 132.90151924947796
489 6 49.0 99.27702335307517
489 6 5.0 124.10146573305278
489 6 50.0 148.4116051465146
489 6 51.0 122.2066155348449
489 6 52.0 157.28143887253168
489 6 53.0 94.40350349043369
489 6 54.0 105.10969817495928
489 6 55.0 165.11681956129848
489 6 56.0 144.83808599624726
489 6 57.0 81.98922186183957
489 6 58.0 102.29902845286686
489 6 59.0 124.08015427243804
489 6 6.0 92.45114300492075
489 6 60.0 131.9956478058478
489 6 7.0 114.15731109680532
489 6 8.0 130.79123669999754
489 6 9.0 166.7023815577205
490 5 1.0 154.18542418766503
490 5 10.0 132.98677748057221
490 5 11.0 130.6640626419733
490 5 12.0 116.89203033622098
490 5 13.0 100.41072458091465
490 5 14.0 124.8328947897092
490 5 15.0 149.5393628472412
490 5 16.0 126.70473732601613
490 5 17.0 103.92714818385855
490 5 18.0 94.86434530831032
490 5 19.0 128.67966351661204
490 5 2.0 111.69516268453039
490 5 20.0 127.4781686489146
490 5 21.0 137.20616857078613
490 5 22.0 125.59033108554807
490 5 23.0 131.2079737582556
490 5 24.0 99.97488390953811
490 5 25.0 167.3782327120861
490 5 26.0 125.58731602126726
490 5 27.0 128.53690588211066
490 5 28.0 122.3181109867512
490 5 29.0 143.77911715268155
490 5 3.0 112.74318559954528
490 5 30.0 168.68272861268065
490 5 31.0 121.67760318945986
490 5 32.0 114.81587343067024
490 5 33.0 123.41956795873605
490 5 34.0 143.55327699624573
490 5 35.0 86.43036164301252
490 5 36.0 152.98593203662804
490 5 37.0 113.95882739087057
490 5 38.0 99.52921125961468
490 5 39.0 136.77064734998208
490 5 4.0 89.77060941705288
490 5 40.0 117.03974767252609
490 5 41.0 141.44566250557753
490 5 42.0 124.92342187939312
490 5 43.0 141.26097072791927
490 5 44.0 119.10012529542746
490 5 45.0 109.78331328264508
490 5 46.0 115.22719196046036
490 5 47.0 147.2103960142714
490 5 48.0 137.58805304469874
490 5 49.0 89.0569076542998
490 5 5.0 125.58952332359684
490 5 50.0 134.81711575414036
490 5 51.0 155.01929724308602
490 5 52.0 107.8633923317047
490 5 53.0 119.63979163846969
490 5 54.0 114.40201602645519
490 5 55.0 131.79462999764198
490 5 56.0 156.14251862363488
490 5 57.0 111.25542388826462
490 5 58.0 89.71412966888921
490 5 59.0 119.56466141915591
490 5 6.0 156.09010432055342
490 5 60.0 109.49420680766875
490 5 7.0 114.38367176561282
490 5 8.0 118.30352868195169
490 5 9.0 66.4014330813438
490 6 1.0 90.91415670302008
490 6 10.0 116.52468022764123
490 6 11.0 117.70877636580421
490 6 12.0 92.51146600353363
490 6 13.0 166.2575060153774
490 6 14.0 132.528857199683
490 6 15.0 161.37124716727087
490 6 16.0 123.09799005598948
490 6 17.0 120.48075918367307
490 6 18.0 110.01624232847485
490 6 19.0 141.268347117636
490 6 2.0 154.24076366901335
490 6 20.0 147.61812866533762
490 6 21.0 110.03345103156987
490 6 22.0 77.72890415751745
490 6 23.0 101.39150463037413
490 6 24.0 125.9013538387312
490 6 25.0 94.76516500270172
490 6 26.0 97.1766113534926
490 6 27.0 96.56072317599242
490 6 28.0 102.69376875741618
490 6 29.0 141.71146872862712
490 6 3.0 110.62750726655503
490 6 30.0 128.30962816352346
490 6 31.0 127.66528289839914
490 6 32.0 89.90123741340078
490 6 33.0 158.99442454557777
490 6 34.0 162.1299575754423
490 6 35.0 101.33002867818878
490 6 36.0 124.0462073909322
490 6 37.0 128.7526568978221
490 6 38.0 72.28683531655243
490 6 39.0 135.80053376161848
490 6 4.0 142.85655626991587
490 6 40.0 135.40720251207418
490 6 41.0 125.13419570272711
490 6 42.0 111.11728342667269
490 6 43.0 142.12737212119936
490 6 44.0 129.5456788860943
490 6 45.0 96.10057455537579
490 6 46.0 137.0662706653954
490 6 47.0 126.36148677944098
490 6 48.0 165.35694826797638
490 6 49.0 100.8595576112525
490 6 5.0 139.15762054619262
490 6 50.0 104.67982862816653
490 6 51.0 121.24957300572919
490 6 52.0 149.39281696973893
490 6 53.0 83.53357390502396
490 6 54.0 139.52255661362722
490 6 55.0 139.48340849378255
490 6 56.0 160.09773135495695
490 6 57.0 135.71707377597212
490 6 58.0 142.2792944583447
490 6 59.0 122.53852325338012
490 6 6.0 150.15490361748675
490 6 60.0 114.03474237298998
490 6 7.0 143.52684478531052
490 6 8.0 151.4252154647315
490 6 9.0 162.8527502604722
491 5 1.0 151.09246179765654
491 5 10.0 98.70503992847529
491 5 11.0 118.50464458954238
491 5 12.0 94.38805020651013
491 5 13.0 93.16270875885502
491 5 14.0 129.79863901594013
491 5 15.0 119.85322910713175
491 5 16.0 116.64100940679866
491 5 17.0 163.72201887524307
491 5 18.0 131.32371218111507
491 5 19.0 120.83458625017661
491 5 2.0 152.2921377128207
491 5 20.0 110.16547824544955
491 5 21.0 110.60144460521201
491 5 22.0 116.16867929376204
491 5 23.0 75.38079654139626
491 5 24.0 96.0162052061835
491 5 25.0 88.35146889570937
491 5 26.0 109.080103640801
491 5 27.0 125.41621097152773
491 5 28.0 157.44804800328103
491 5 29.0 109.65180439941068
491 5 3.0 137.57611612671803
491 5 30.0 83.18773230044967
491 5 31.0 134.71896124906954
491 5 32.0 140.3810066516965
491 5 33.0 109.67317869919977
491 5 34.0 144.9580339608973
491 5 35.0 88.72686577110584
491 5 36.0 115.09258907324845
491 5 37.0 112.7260204658527
491 5 38.0 87.86851402693839
491 5 39.0 141.02896950548023
491 5 4.0 94.43022544831334
491 5 40.0 98.88977374268018
491 5 41.0 137.8357866314681
491 5 42.0 96.0627614151382
491 5 43.0 111.62187221118162
491 5 44.0 154.58950058297128
491 5 45.0 125.78438176822222
491 5 46.0 99.86659410191794
491 5 47.0 144.34882008669678
491 5 48.0 111.74038656069246
491 5 49.0 135.06627444176758
491 5 5.0 107.41245026584119
491 5 50.0 145.22802159751026
491 5 51.0 130.43135747123623
491 5 52.0 157.82899020873782
491 5 53.0 153.41723751894375
491 5 54.0 119.28311812198412
491 5 55.0 89.88160699568682
491 5 56.0 138.3530583856561
491 5 57.0 110.09055763127347
491 5 58.0 138.08756926679428
491 5 59.0 112.17901209750268
491 5 6.0 125.58422327955621
491 5 60.0 114.95132549125839
491 5 7.0 116.5206112595605
491 5 8.0 96.76960920120523
491 5 9.0 112.12148581756963
491 6 1.0 125.73098992504099
491 6 10.0 86.58231863912839
491 6 11.0 107.24860083678297
491 6 12.0 147.36577069966017
491 6 13.0 130.24112894931218
491 6 14.0 154.92320504433394
491 6 15.0 147.72583515015236
491 6 16.0 137.60750074336212
491 6 17.0 79.1821543590377
491 6 18.0 67.85356513467295
491 6 19.0 117.0000527662486
491 6 2.0 100.8566048701482
491 6 20.0 95.55037445324699
491 6 21.0 107.61782131640199
491 6 22.0 159.69315853583467
491 6 23.0 131.3534210078984
491 6 24.0 150.43380364448356
491 6 25.0 96.58037232844529
491 6 26.0 90.97887781030367
491 6 27.0 120.6260963420583
491 6 28.0 133.75678081333544
491 6 29.0 84.46136210881981
491 6 3.0 144.78077562428018
491 6 30.0 106.25034292285982
491 6 31.0 118.25185123193624
491 6 32.0 108.41556259668924
491 6 33.0 150.3350363408631
491 6 34.0 108.24260175934812
491 6 35.0 139.03224649339097
491 6 36.0 139.938369294297
491 6 37.0 128.42658767317963
491 6 38.0 94.24432041763605
491 6 39.0 163.31346831072912
491 6 4.0 154.73738068790377
491 6 40.0 90.42140902192884
491 6 41.0 101.7393765333442
491 6 42.0 128.81438663547965
491 6 43.0 97.9725295104406
491 6 44.0 131.47363727512155
491 6 45.0 87.10109427296742
491 6 46.0 91.40351323706606
491 6 47.0 126.90960176317304
491 6 48.0 155.3400840404241
491 6 49.0 126.96578274078598
491 6 5.0 97.62217610832575
491 6 50.0 88.019069934033
491 6 51.0 118.13495313430671
491 6 52.0 149.7082406947029
491 6 53.0 146.4733631677943
491 6 54.0 137.6033938763876
491 6 55.0 156.65533918293391
491 6 56.0 113.20980917022558
491 6 57.0 111.18277966929561
491 6 58.0 141.71663064837875
491 6 59.0 149.54540166884686
491 6 6.0 96.49760945627713
491 6 60.0 89.58504123232913
491 6 7.0 87.06643407604054
491 6 8.0 161.01741419076106
491 6 9.0 150.57123542730415
492 5 1.0 124.02231559809846
492 5 10.0 100.36266425160824
492 5 11.0 150.61926091795246
492 5 12.0 120.45379358079724
492 5 13.0 103.59312549164795
492 5 14.0 114.35253710809684
492 5 15.0 130.44349188156565
492 5 16.0 120.82665999610509
492 5 17.0 128.9532236206714
492 5 18.0 146.53723314253295
492 5 19.0 121.55414165739495
492 5 2.0 138.560557547658
492 5 20.0 103.99250309628916
492 5 21.0 156.37557416051106
492 5 22.0 134.6036886936854
492 5 23.0 114.57905186063307
492 5 24.0 116.60070725413298
492 5 25.0 151.03152779902172
492 5 26.0 143.71194636909092
492 5 27.0 148.83276047558195
492 5 28.0 144.82644943242767
492 5 29.0 84.11991679861583
492 5 3.0 90.00334992536871
492 5 30.0 134.83018474112487
492 5 31.0 125.60125638532575
492 5 32.0 134.8452439505929
492 5 33.0 130.45059580866345
492 5 34.0 115.6668771087001
492 5 35.0 108.04637333026307
492 5 36.0 131.5369274383396
492 5 37.0 93.6591163921151
492 5 38.0 88.71536230802184
492 5 39.0 148.27991856872924
492 5 4.0 161.3773796082051
492 5 40.0 151.8566255584218
492 5 41.0 106.00191818119097
492 5 42.0 121.16090983631202
492 5 43.0 142.5432440323977
492 5 44.0 130.93717165729618
492 5 45.0 102.84135083456226
492 5 46.0 156.04380317375302
492 5 47.0 115.82307550964444
492 5 48.0 149.02480103503024
492 5 49.0 154.83606273522466
492 5 5.0 124.15829135035142
492 5 50.0 124.38778187052303
492 5 51.0 126.37093670019716
492 5 52.0 137.3597044011839
492 5 53.0 109.2343071605699
492 5 54.0 114.42997030562823
492 5 55.0 147.21177190455379
492 5 56.0 126.47776569866252
492 5 57.0 102.77933245249802
492 5 58.0 159.27597398013546
492 5 59.0 155.07996571281083
492 5 6.0 152.2649887275147
492 5 60.0 107.24441833047852
492 5 7.0 127.09860369899127
492 5 8.0 116.4782408121795
492 5 9.0 122.93295668566296
492 6 1.0 161.0727398975934
492 6 10.0 132.60257644194468
492 6 11.0 100.97685102293616
492 6 12.0 126.08766092137328
492 6 13.0 120.98522554465956
492 6 14.0 106.1282298630145
492 6 15.0 143.45710825518145
492 6 16.0 149.26742922812124
492 6 17.0 101.9004639639848
492 6 18.0 125.92413170370759
492 6 19.0 137.25261959780036
492 6 2.0 126.9820206206198
492 6 20.0 99.04359046558714
492 6 21.0 102.58914161284476
492 6 22.0 111.99315706504014
492 6 23.0 107.60634508309582
492 6 24.0 106.4547932674849
492 6 25.0 149.76204132529983
492 6 26.0 83.45050285226358
492 6 27.0 104.7827357650934
492 6 28.0 155.7261554388076
492 6 29.0 89.5775383239248
492 6 3.0 89.17888642108386
492 6 30.0 144.9338949138736
492 6 31.0 121.54298699180194
492 6 32.0 125.61488827276285
492 6 33.0 158.87601310683826
492 6 34.0 98.59083768382634
492 6 35.0 153.32995479248046
492 6 36.0 107.43985904591608
492 6 37.0 115.47840071541987
492 6 38.0 112.17849143956745
492 6 39.0 157.71418902189478
492 6 4.0 158.684621089983
492 6 40.0 121.19715617103046
492 6 41.0 131.10846775451648
492 6 42.0 112.94498986492289
492 6 43.0 100.32707444823966
492 6 44.0 165.13228366410792
492 6 45.0 113.23102200664448
492 6 46.0 102.08396901512174
492 6 47.0 105.86160626513039
492 6 48.0 146.59787873659593
492 6 49.0 145.15531306757126
492 6 5.0 101.57326550543051
492 6 50.0 148.57988680565464
492 6 51.0 116.89974680536788
492 6 52.0 126.83902425332961
492 6 53.0 118.07578421322818
492 6 54.0 119.19255584275082
492 6 55.0 160.27012610462398
492 6 56.0 170.2853315901957
492 6 57.0 101.41856159751663
492 6 58.0 75.34163313465261
492 6 59.0 137.79866522815212
492 6 6.0 111.23134439488764
492 6 60.0 118.04081136953168
492 6 7.0 87.81449991945625
492 6 8.0 153.79126397628434
492 6 9.0 151.44468665357635
493 5 1.0 110.63372605233552
493 5 10.0 110.64710628732077
493 5 11.0 157.24566780085468
493 5 12.0 135.41749076380952
493 5 13.0 107.99906758008888
493 5 14.0 129.55212982272602
493 5 15.0 149.08648214970248
493 5 16.0 93.80023536979792
493 5 17.0 142.226610844551
493 5 18.0 121.20933837132962
493 5 19.0 85.15132912339287
493 5 2.0 146.5891179073872
493 5 20.0 122.16287190402225
493 5 21.0 112.51005949694239
493 5 22.0 161.61884375043272
493 5 23.0 111.88296734888638
493 5 24.0 128.47342735627097
493 5 25.0 118.68159313461696
493 5 26.0 167.01410654768787
493 5 27.0 126.42965548842308
493 5 28.0 134.25928764231074
493 5 29.0 112.7355162431246
493 5 3.0 96.64871179010976
493 5 30.0 156.06037190549804
493 5 31.0 120.80665717757172
493 5 32.0 120.38347970353837
493 5 33.0 141.7779509321953
493 5 34.0 159.00354181319813
493 5 35.0 171.5730490746117
493 5 36.0 147.13260470793693
493 5 37.0 101.89594433784711
493 5 38.0 124.04040953378599
493 5 39.0 154.74231399902274
493 5 4.0 153.20153154496677
493 5 40.0 95.88573034343425
493 5 41.0 110.48503396821782
493 5 42.0 98.99040643496282
493 5 43.0 135.59551008451712
493 5 44.0 137.01866190141345
493 5 45.0 93.97064439068737
493 5 46.0 126.69630718723309
493 5 47.0 171.4879240182406
493 5 48.0 145.35396322476973
493 5 49.0 142.48976693319935
493 5 5.0 112.01324546122514
493 5 50.0 152.66623634562097
493 5 51.0 152.36961713453886
493 5 52.0 146.21805356918682
493 5 53.0 114.08850350539964
493 5 54.0 118.68314475672447
493 5 55.0 157.54504719533446
493 5 56.0 131.18446719109406
493 5 57.0 99.03592583001249
493 5 58.0 137.96406495482708
493 5 59.0 134.53379197508227
493 5 6.0 164.5983639961436
493 5 60.0 70.32471024707203
493 5 7.0 109.06484304048472
493 5 8.0 86.36872756137507
493 5 9.0 114.70195863719103
493 6 1.0 84.65662359147761
493 6 10.0 124.90570850721946
493 6 11.0 108.68735366660869
493 6 12.0 117.59227939602317
493 6 13.0 154.92655326973073
493 6 14.0 122.6335150874773
493 6 15.0 166.95448762531925
493 6 16.0 157.99400487947287
493 6 17.0 103.97121108370465
493 6 18.0 84.09852209626384
493 6 19.0 89.88279523958184
493 6 2.0 97.82916362475436
493 6 20.0 155.06936798790957
493 6 21.0 81.24742987235255
493 6 22.0 112.57372085453459
493 6 23.0 169.6025179664613
493 6 24.0 107.36661061291694
493 6 25.0 137.32019867301412
493 6 26.0 95.05039297665938
493 6 27.0 122.86858556647618
493 6 28.0 152.91007098257447
493 6 29.0 155.52052495692277
493 6 3.0 107.57894114883807
493 6 30.0 140.16408031222457
493 6 31.0 160.07932163531183
493 6 32.0 133.19095355041156
493 6 33.0 137.14014453275516
493 6 34.0 158.61108173680557
493 6 35.0 132.92832427881257
493 6 36.0 170.56994003958576
493 6 37.0 147.55739681181387
493 6 38.0 69.28475289573728
493 6 39.0 136.75208822317583
493 6 4.0 100.16441659087451
493 6 40.0 123.51561534524325
493 6 41.0 112.07147865955677
493 6 42.0 151.669641267954
493 6 43.0 100.04829282171275
493 6 44.0 124.62825423011832
493 6 45.0 132.00003757622835
493 6 46.0 133.17542294396227
493 6 47.0 128.71317005169774
493 6 48.0 167.44594270285253
493 6 49.0 96.70771691637394
493 6 5.0 129.64760179390854
493 6 50.0 113.79462700618845
493 6 51.0 167.54429960583388
493 6 52.0 148.18217652248518
493 6 53.0 150.11577394070156
493 6 54.0 97.24691579157945
493 6 55.0 153.82424416087443
493 6 56.0 128.337483167289
493 6 57.0 154.04298244413664
493 6 58.0 117.37799104398908
493 6 59.0 130.40159303103067
493 6 6.0 70.86886836322469
493 6 60.0 120.99742629992913
493 6 7.0 146.18758617018167
493 6 8.0 98.3319655956844
493 6 9.0 128.86559265274545
494 5 1.0 87.07452375497968
494 5 10.0 105.04035804430214
494 5 11.0 74.78133896083177
494 5 12.0 134.91005189133665
494 5 13.0 85.44085149195162
494 5 14.0 160.82029768852595
494 5 15.0 143.0212230100991
494 5 16.0 129.5078461328729
494 5 17.0 89.4227486534316
494 5 18.0 99.29459447793703
494 5 19.0 134.7896353144094
494 5 2.0 105.80386572749859
494 5 20.0 122.0546127875132
494 5 21.0 167.25716572386048
494 5 22.0 152.316210868307
494 5 23.0 135.46763297531575
494 5 24.0 141.53298800279524
494 5 25.0 113.41345741231225
494 5 26.0 99.52420076675574
494 5 27.0 110.28488961220759
494 5 28.0 139.91687007299257
494 5 29.0 148.13193721385738
494 5 3.0 139.8210583014504
494 5 30.0 137.13533028288788
494 5 31.0 116.33799204533182
494 5 32.0 90.11718305139094
494 5 33.0 113.40714038364212
494 5 34.0 165.00951958550465
494 5 35.0 126.1471977062824
494 5 36.0 163.29208337257543
494 5 37.0 115.06073896988669
494 5 38.0 138.3080839170854
494 5 39.0 173.05633425845377
494 5 4.0 135.09418030299483
494 5 40.0 140.67917188089612
494 5 41.0 162.42535449866435
494 5 42.0 126.08263204767307
494 5 43.0 175.01786048368245
494 5 44.0 139.25486236449544
494 5 45.0 165.49641339046505
494 5 46.0 124.68887556239643
494 5 47.0 122.09137673500368
494 5 48.0 134.63108269937993
494 5 49.0 138.8095909381369
494 5 5.0 170.66214638175273
494 5 50.0 151.59562602739072
494 5 51.0 143.17561130271957
494 5 52.0 151.10692352716623
494 5 53.0 135.42171785369877
494 5 54.0 107.64642171734019
494 5 55.0 131.53108011773259
494 5 56.0 121.60327250576275
494 5 57.0 95.90187757439466
494 5 58.0 156.20532187708434
494 5 59.0 142.2031501734938
494 5 6.0 119.7035231722664
494 5 60.0 75.22732617066148
494 5 7.0 174.9249139935964
494 5 8.0 124.01886909520043
494 5 9.0 98.63226890486393
494 6 1.0 126.40276440206149
494 6 10.0 138.84100094563314
494 6 11.0 115.8557885655599
494 6 12.0 104.37781866189505
494 6 13.0 145.30138448334557
494 6 14.0 137.6192472212235
494 6 15.0 171.7209404177764
494 6 16.0 102.24305972311484
494 6 17.0 106.95064153098345
494 6 18.0 138.28915258691856
494 6 19.0 147.70148363925605
494 6 2.0 88.13053893752642
494 6 20.0 148.49938501289833
494 6 21.0 160.81587975728112
494 6 22.0 128.55319399822426
494 6 23.0 106.94340463667393
494 6 24.0 153.36259337505584
494 6 25.0 126.0811741090327
494 6 26.0 152.26608868417733
494 6 27.0 113.59413911682572
494 6 28.0 145.97846030631692
494 6 29.0 123.6877336212608
494 6 3.0 108.81949073789725
494 6 30.0 113.01043905783385
494 6 31.0 149.1365107585031
494 6 32.0 140.2715598604579
494 6 33.0 169.80890048609052
494 6 34.0 172.00665333976923
494 6 35.0 127.58493382795788
494 6 36.0 140.46561141350762
494 6 37.0 91.4429806338815
494 6 38.0 147.8994094269651
494 6 39.0 97.3266656182629
494 6 4.0 124.2445111224374
494 6 40.0 149.04454721024265
494 6 41.0 128.08828448786736
494 6 42.0 100.2117082772404
494 6 43.0 161.89257040549336
494 6 44.0 129.27791777137753
494 6 45.0 114.88412833966319
494 6 46.0 105.82917332367452
494 6 47.0 137.11092183458754
494 6 48.0 127.5521678943669
494 6 49.0 150.18012114546298
494 6 5.0 154.23665359296174
494 6 50.0 134.41428214812737
494 6 51.0 116.81735042762334
494 6 52.0 120.5266598385113
494 6 53.0 117.8534111119933
494 6 54.0 141.10681604357075
494 6 55.0 126.28830972219257
494 6 56.0 132.00056557152
494 6 57.0 113.86163677307692
494 6 58.0 133.32700984555674
494 6 59.0 103.90356759215105
494 6 6.0 82.92233136379245
494 6 60.0 128.0690985141457
494 6 7.0 121.14962136565195
494 6 8.0 79.0197975666531
494 6 9.0 138.22384109193345
495 5 1.0 154.0506926770505
495 5 10.0 118.56638334055894
495 5 11.0 111.66385560381894
495 5 12.0 148.07772107675615
495 5 13.0 86.06703767428266
495 5 14.0 136.8181591141323
495 5 15.0 120.31523571033088
495 5 16.0 120.72646819028074
495 5 17.0 175.88630477555964
495 5 18.0 103.22349614004244
495 5 19.0 124.98467955028906
495 5 2.0 99.18558744283915
495 5 20.0 94.32994384367214
495 5 21.0 155.49497853365168
495 5 22.0 157.3154965256308
495 5 23.0 102.53184716250307
495 5 24.0 162.64290163840477
495 5 25.0 127.3268225035275
495 5 26.0 136.45431485424766
495 5 27.0 103.93650179708334
495 5 28.0 139.35452862983678
495 5 29.0 96.37370425226867
495 5 3.0 144.2012796427247
495 5 30.0 134.05752111539715
495 5 31.0 109.49983323981535
495 5 32.0 138.60064107215217
495 5 33.0 118.58402627561138
495 5 34.0 135.1398885115244
495 5 35.0 98.11480128638654
495 5 36.0 123.1776133098392
495 5 37.0 98.93476987876544
495 5 38.0 115.18937777276602
495 5 39.0 128.57941672588018
495 5 4.0 115.06248677024973
495 5 40.0 130.53220179416536
495 5 41.0 135.2708202031849
495 5 42.0 134.44367964290058
495 5 43.0 150.02386787944855
495 5 44.0 118.13084014641365
495 5 45.0 130.0827470324761
495 5 46.0 149.22956230559953
495 5 47.0 156.75190369848713
495 5 48.0 144.00825182088448
495 5 49.0 146.49059981554245
495 5 5.0 157.33732492095885
495 5 50.0 94.37887543453742
495 5 51.0 156.02987755620467
495 5 52.0 153.5279592275423
495 5 53.0 105.75877821685114
495 5 54.0 100.2885647485637
495 5 55.0 162.1813459145241
495 5 56.0 106.23864873419978
495 5 57.0 101.38520340757991
495 5 58.0 131.4511813104065
495 5 59.0 168.2282556395054
495 5 6.0 95.58319164028684
495 5 60.0 89.59746961894409
495 5 7.0 125.3864941342315
495 5 8.0 135.72843135189999
495 5 9.0 79.25030816261219
495 6 1.0 143.75531878341218
495 6 10.0 156.5948135416469
495 6 11.0 117.14375169937789
495 6 12.0 132.0364643280343
495 6 13.0 150.9346947989514
495 6 14.0 90.5898300593457
495 6 15.0 148.74850741720715
495 6 16.0 174.1085027349158
495 6 17.0 119.21796322624358
495 6 18.0 146.85533272161805
495 6 19.0 158.32695568161319
495 6 2.0 161.0909027639606
495 6 20.0 118.97928215767685
495 6 21.0 109.84721525674344
495 6 22.0 100.22462821342502
495 6 23.0 153.717907194177
495 6 24.0 118.84995096526644
495 6 25.0 81.19880464029197
495 6 26.0 158.9331190288985
495 6 27.0 111.32843593931577
495 6 28.0 150.75284956158453
495 6 29.0 132.20723357998267
495 6 3.0 136.6577595930268
495 6 30.0 137.94041546026926
495 6 31.0 150.87623894448225
495 6 32.0 128.9208296188098
495 6 33.0 171.7889673004604
495 6 34.0 138.2144899661526
495 6 35.0 102.60640748999069
495 6 36.0 112.99363952817801
495 6 37.0 122.25680916482112
495 6 38.0 82.72358509595357
495 6 39.0 169.58852633445406
495 6 4.0 130.63818610121288
495 6 40.0 113.82414851605189
495 6 41.0 104.99574993393496
495 6 42.0 136.9550680773219
495 6 43.0 135.84287182318258
495 6 44.0 108.27433749818783
495 6 45.0 118.44153782615939
495 6 46.0 119.78856844215727
495 6 47.0 122.84344905697657
495 6 48.0 89.87712937355477
495 6 49.0 126.27086433030749
495 6 5.0 141.23464330741282
495 6 50.0 156.58572808751785
495 6 51.0 118.42874816617021
495 6 52.0 123.31353232351557
495 6 53.0 145.05796749297997
495 6 54.0 152.2729251664144
495 6 55.0 136.39564595224314
495 6 56.0 137.33171160561776
495 6 57.0 95.92346949145382
495 6 58.0 73.79757816472413
495 6 59.0 128.63958419494605
495 6 6.0 82.29309314837897
495 6 60.0 93.78636866834911
495 6 7.0 85.66497126078998
495 6 8.0 112.19123256669488
495 6 9.0 112.653266515727
496 5 1.0 140.33405764570895
496 5 10.0 110.3458833545633
496 5 11.0 155.63953123733057
496 5 12.0 104.127324602914
496 5 13.0 151.14163096830504
496 5 14.0 119.03433094099015
496 5 15.0 104.78551137911256
496 5 16.0 121.54247253040967
496 5 17.0 170.0666116220679
496 5 18.0 66.31134755603908
496 5 19.0 116.71140700301471
496 5 2.0 95.50348248070955
496 5 20.0 99.41010787417464
496 5 21.0 95.95689591348919
496 5 22.0 121.14688600827162
496 5 23.0 173.04811065840514
496 5 24.0 89.679732820546
496 5 25.0 115.15169700714024
496 5 26.0 88.7677235719397
496 5 27.0 142.14819916205988
496 5 28.0 137.74425380505394
496 5 29.0 83.55738497494467
496 5 3.0 103.97207021430245
496 5 30.0 145.25416334160371
496 5 31.0 106.32498003087613
496 5 32.0 146.81449505758772
496 5 33.0 134.9358342812525
496 5 34.0 98.78896815740653
496 5 35.0 160.2358215755188
496 5 36.0 100.58989483627319
496 5 37.0 101.10067931057387
496 5 38.0 100.91663705700246
496 5 39.0 75.93235313155945
496 5 4.0 116.92006890185584
496 5 40.0 132.85727666123685
496 5 41.0 137.87054529495902
496 5 42.0 124.02595870509619
496 5 43.0 161.38805982071946
496 5 44.0 96.31345431758494
496 5 45.0 138.77597381986104
496 5 46.0 145.56071829677637
496 5 47.0 143.6516077871149
496 5 48.0 167.56500177329607
496 5 49.0 167.32361921311679
496 5 5.0 137.7553625054767
496 5 50.0 132.76532287179415
496 5 51.0 157.80242487343492
496 5 52.0 156.6671127533387
496 5 53.0 102.13658910868847
496 5 54.0 83.37133908098323
496 5 55.0 160.18670017589858
496 5 56.0 92.70141363575776
496 5 57.0 132.3958022625142
496 5 58.0 151.6443131096246
496 5 59.0 150.97345152602634
496 5 6.0 126.94811388217846
496 5 60.0 136.30798302375695
496 5 7.0 118.15423916338804
496 5 8.0 109.20515107222452
496 5 9.0 114.0381044549573
496 6 1.0 135.92588552473237
496 6 10.0 90.0260601412442
496 6 11.0 120.59038780851834
496 6 12.0 139.29334139039253
496 6 13.0 149.37604399651713
496 6 14.0 120.439466674815
496 6 15.0 106.64822603379913
496 6 16.0 153.42863387124663
496 6 17.0 170.68245323728289
496 6 18.0 72.35154093334847
496 6 19.0 114.75336819330714
496 6 2.0 173.3610386127374
496 6 20.0 105.4252065371449
496 6 21.0 112.17627069571274
496 6 22.0 159.51601118630867
496 6 23.0 135.71668448015532
496 6 24.0 103.21725661193233
496 6 25.0 75.14101060166334
496 6 26.0 99.37229173236126
496 6 27.0 124.20778395029386
496 6 28.0 115.53394811685216
496 6 29.0 132.63006013449754
496 6 3.0 131.2114854473703
496 6 30.0 119.77224811530176
496 6 31.0 122.01315157887048
496 6 32.0 126.96348115297208
496 6 33.0 149.26130520573741
496 6 34.0 106.2271187658996
496 6 35.0 123.35831305281714
496 6 36.0 156.41431929533599
496 6 37.0 125.62995664170863
496 6 38.0 131.04135329474306
496 6 39.0 102.4219129123986
496 6 4.0 105.58167377628305
496 6 40.0 123.0055782506718
496 6 41.0 107.10412436002787
496 6 42.0 130.590236650638
496 6 43.0 120.41527095868122
496 6 44.0 98.21212605679726
496 6 45.0 95.32310578683399
496 6 46.0 114.14745132359529
496 6 47.0 129.21923766286423
496 6 48.0 133.86633751603063
496 6 49.0 82.5506143238981
496 6 5.0 149.5479673777018
496 6 50.0 145.21878606612796
496 6 51.0 160.40277130530913
496 6 52.0 108.43662465241192
496 6 53.0 131.20342192667525
496 6 54.0 98.42820573799936
496 6 55.0 170.32220355238616
496 6 56.0 87.34954059683967
496 6 57.0 84.90733927875515
496 6 58.0 151.53640928863572
496 6 59.0 130.36523087651995
496 6 6.0 132.98705195059182
496 6 60.0 148.93239500561702
496 6 7.0 139.22198866359318
496 6 8.0 88.54591637232645
496 6 9.0 164.18463014984314
497 5 1.0 140.33405764570895
497 5 10.0 110.3458833545633
497 5 11.0 155.63953123733057
497 5 12.0 104.127324602914
497 5 13.0 151.14163096830504
497 5 14.0 119.03433094099015
497 5 15.0 104.78551137911256
497 5 16.0 121.54247253040967
497 5 17.0 170.0666116220679
497 5 18.0 66.31134755603908
497 5 19.0 116.71140700301471
497 5 2.0 95.50348248070955
497 5 20.0 99.41010787417464
497 5 21.0 95.95689591348919
497 5 22.0 121.14688600827162
497 5 23.0 173.04811065840514
497 5 24.0 89.679732820546
497 5 25.0 115.15169700714024
497 5 26.0 88.7677235719397
497 5 27.0 142.14819916205988
497 5 28.0 137.74425380505394
497 5 29.0 83.55738497494467
497 5 3.0 103.97207021430245
497 5 30.0 145.25416334160371
497 5 31.0 106.32498003087613
497 5 32.0 146.81449505758772
497 5 33.0 134.9358342812525
497 5 34.0 98.78896815740653
497 5 35.0 160.2358215755188
497 5 36.0 100.58989483627319
497 5 37.0 101.10067931057387
497 5 38.0 100.91663705700246
497 5 39.0 75.93235313155945
497 5 4.0 116.92006890185584
497 5 40.0 132.85727666123685
497 5 41.0 137.87054529495902
497 5 42.0 124.02595870509619
497 5 43.0 161.38805982071946
497 5 44.0 96.31345431758494
497 5 45.0 138.77597381986104
497 5 46.0 145.56071829677637
497 5 47.0 143.6516077871149
497 5 48.0 167.56500177329607
497 5 49.0 167.32361921311679
497 5 5.0 137.7553625054767
497 5 50.0 132.76532287179415
497 5 51.0 157.80242487343492
497 5 52.0 156.6671127533387
497 5 53.0 102.13658910868847
497 5 54.0 83.37133908098323
497 5 55.0 160.18670017589858
497 5 56.0 92.70141363575776
497 5 57.0 132.3958022625142
497 5 58.0 151.6443131096246
497 5 59.0 150.97345152602634
497 5 6.0 126.94811388217846
497 5 60.0 136.30798302375695
497 5 7.0 118.15423916338804
497 5 8.0 109.20515107222452
497 5 9.0 114.0381044549573
497 6 1.0 135.92588552473237
497 6 10.0 90.0260601412442
497 6 11.0 120.59038780851834
497 6 12.0 139.29334139039253
497 6 13.0 149.37604399651713
497 6 14.0 120.439466674815
497 6 15.0 106.64822603379913
497 6 16.0 153.42863387124663
497 6 17.0 170.68245323728289
497 6 18.0 72.35154093334847
497 6 19.0 114.75336819330714
497 6 2.0 173.3610386127374
497 6 20.0 105.4252065371449
497 6 21.0 112.17627069571274
497 6 22.0 159.51601118630867
497 6 23.0 135.71668448015532
497 6 24.0 103.21725661193233
497 6 25.0 75.14101060166334
497 6 26.0 99.37229173236126
497 6 27.0 124.20778395029386
497 6 28.0 115.53394811685216
497 6 29.0 132.63006013449754
497 6 3.0 131.2114854473703
497 6 30.0 119.77224811530176
497 6 31.0 122.01315157887048
497 6 32.0 126.96348115297208
497 6 33.0 149.26130520573741
497 6 34.0 106.2271187658996
497 6 35.0 123.35831305281714
497 6 36.0 156.41431929533599
497 6 37.0 125.62995664170863
497 6 38.0 131.04135329474306
497 6 39.0 102.4219129123986
497 6 4.0 105.58167377628305
497 6 40.0 123.0055782506718
497 6 41.0 107.10412436002787
497 6 42.0 130.590236650638
497 6 43.0 120.41527095868122
497 6 44.0 98.21212605679726
497 6 45.0 95.32310578683399
497 6 46.0 114.14745132359529
497 6 47.0 129.21923766286423
497 6 48.0 133.86633751603063
497 6 49.0 82.5506143238981
497 6 5.0 149.5479673777018
497 6 50.0 145.21878606612796
497 6 51.0 160.40277130530913
497 6 52.0 108.43662465241192
497 6 53.0 131.20342192667525
497 6 54.0 98.42820573799936
497 6 55.0 170.32220355238616
497 6 56.0 87.34954059683967
497 6 57.0 84.90733927875515
497 6 58.0 151.53640928863572
497 6 59.0 130.36523087651995
497 6 6.0 132.98705195059182
497 6 60.0 148.93239500561702
497 6 7.0 139.22198866359318
497 6 8.0 88.54591637232645
497 6 9.0 164.18463014984314
