     :-) GROMACS - gmx mdrun, 2023.2-dev-20230712-a3d6917-dirty-unknown (-:

Copyright 1991-2023 The GROMACS Authors.
GROMACS is free software; you can redistribute it and/or modify it
under the terms of the GNU Lesser General Public License
as published by the Free Software Foundation; either version 2.1
of the License, or (at your option) any later version.

                         Current GROMACS contributors:
       Mark Abraham           Andrey Alekseenko           Cathrine Bergh      
      Christian Blau            Eliane Briand             Mahesh Doijade      
    Stefan Fleischmann           Vytas Gapsys              Gaurav Garg        
      Sergey Gorelov         Gilles Gouaillardet            Alan Gray         
     M. Eric Irrgang         Farzaneh Jalalypour            Joe Jordan        
    Christoph Junghans        Prashanth Kanduri          Sebastian Keller     
     Carsten Kutzner           Justin A. Lemkul          Magnus Lundborg      
       Pascal Merz              Vedran Miletic            Dmitry Morozov      
       Szilard Pall             Roland Schulz             Michael Shirts      
     Alexey Shvetsov            Balint Soproni         David van der Spoel    
      Philip Turner             Carsten Uphoff           Alessandra Villa     
 Sebastian Wingbermuehle        Artem Zhmurov       

                         Previous GROMACS contributors:
        Emile Apol             Rossen Apostolov           James Barnett       
  Herman J.C. Berendsen          Par Bjelkmar           Viacheslav Bolnykh    
        Kevin Boyd            Aldert van Buuren          Carlo Camilloni      
     Rudi van Drunen            Anton Feenstra           Oliver Fleetwood     
     Gerrit Groenhof            Bert de Groot             Anca Hamuraru       
    Vincent Hindriksen          Victor Holanda           Aleksei Iupinov      
   Dimitrios Karkoulis           Peter Kasson             Sebastian Kehl      
        Jiri Kraus               Per Larsson              Viveca Lindahl      
      Erik Marklund           Pieter Meulenhoff           Teemu Murtola       
       Sander Pronk             Alfons Sijbers            Peter Tieleman      
       Jon Vincent             Teemu Virolainen         Christian Wennberg    
       Maarten Wolf       

                  Coordinated by the GROMACS project leaders:
                    Paul Bauer, Berk Hess, and Erik Lindahl

GROMACS:      gmx mdrun, version 2023.2-dev-20230712-a3d6917-dirty-unknown
Executable:   /usr/local/gromacs/avx2_256/bin/gmx
Data prefix:  /usr/local/gromacs/avx2_256
Working dir:  /scratch/jje63/heat_lig_multinano/Single_NP/Qa/Octanethiol/Replica1
Process ID:   138765
Command line:
  gmx mdrun -ntmpi 1 -nb gpu -deffnm production/md1 -v

GROMACS version:    2023.2-dev-20230712-a3d6917-dirty-unknown
GIT SHA1 hash:      a3d6917ec9927c464231e5caa2933b68cccc3cb3 (dirty)
Branched from:      unknown
Precision:          mixed
Memory model:       64 bit
MPI library:        thread_mpi
OpenMP support:     enabled (GMX_OPENMP_MAX_THREADS = 128)
GPU support:        CUDA
NB cluster size:    8
SIMD instructions:  AVX2_256
CPU FFT library:    fftw-3.3.10-sse2-avx-avx2-avx2_128-avx512
GPU FFT library:    cuFFT
Multi-GPU FFT:      none
RDTSCP usage:       enabled
TNG support:        enabled
Hwloc support:      disabled
Tracing support:    disabled
C compiler:         /usr/bin/gcc GNU 12.3.0
C compiler flags:   -Wno-array-bounds -fexcess-precision=fast -funroll-all-loops -mavx2 -mfma -Wall -Wno-unused -Wunused-value -Wunused-parameter -Wextra -Wno-sign-compare -Wpointer-arith -Wundef -Werror=stringop-truncation -Wno-missing-field-initializers -march=x86-64-v3 -mtune=generic -O3 -pipe -DNDEBUG
C++ compiler:       /usr/bin/g++ GNU 12.3.0
C++ compiler flags: -Wno-array-bounds -fexcess-precision=fast -funroll-all-loops -mavx2 -mfma -Wall -Wextra -Wpointer-arith -Wmissing-declarations -Wundef -Wstringop-truncation -Wno-missing-field-initializers -Wno-cast-function-type-strict -fopenmp -march=x86-64-v3 -mtune=generic -O3 -pipe -DNDEBUG
BLAS library:       
LAPACK library:     
CUDA compiler:      /usr/local/cuda/bin/nvcc nvcc: NVIDIA (R) Cuda compiler driver;Copyright (c) 2005-2023 NVIDIA Corporation;Built on Mon_Apr__3_17:16:06_PDT_2023;Cuda compilation tools, release 12.1, V12.1.105;Build cuda_12.1.r12.1/compiler.32688072_0
CUDA compiler flags:-std=c++17;--generate-code=arch=compute_60,code=sm_60;--generate-code=arch=compute_70,code=sm_70;--generate-code=arch=compute_75,code=sm_75;--generate-code=arch=compute_80,code=sm_80;--generate-code=arch=compute_86,code=sm_86;--generate-code=arch=compute_90,code=sm_90;--generate-code=arch=compute_60,code=compute_60;--generate-code=arch=compute_70,code=compute_70;--generate-code=arch=compute_75,code=compute_75;--generate-code=arch=compute_80,code=compute_80;--generate-code=arch=compute_86,code=compute_86;--generate-code=arch=compute_90,code=compute_90;-use_fast_math;-Xptxas;-warn-double-usage;-Xptxas;-Werror;-D_FORCE_INLINES;-Wno-array-bounds -fexcess-precision=fast -funroll-all-loops -mavx2 -mfma -Wall -Wextra -Wpointer-arith -Wmissing-declarations -Wundef -Wstringop-truncation -Wno-missing-field-initializers -Wno-cast-function-type-strict -fopenmp -march=x86-64-v3 -mtune=generic -O3 -pipe -DNDEBUG
CUDA driver:        12.20
CUDA runtime:       12.10


Running on 1 node with total 1 cores, 1 processing units, 1 compatible GPU
Hardware detected on host gpuc002.amarel.rutgers.edu:
  CPU info:
    Vendor: Intel
    Brand:  Intel(R) Xeon(R) Gold 6230 CPU @ 2.10GHz
    Family: 6   Model: 85   Stepping: 7
    Features: aes apic avx avx2 avx512f avx512cd avx512bw avx512vl avx512secondFMA clfsh cmov cx8 cx16 f16c fma hle htt intel lahf mmx msr nonstop_tsc pcid pclmuldq pdcm pdpe1gb popcnt pse rdrnd rdtscp rtm sse2 sse3 sse4.1 sse4.2 ssse3 tdt x2apic
    Number of AVX-512 FMA units: 2
  Hardware topology: Basic
    Packages, cores, and logical processors:
    [indices refer to OS logical processors]
      Package  0: [   0]
    CPU limit set by OS: -1   Recommended max number of threads: 1
  GPU info:
    Number of GPUs detected: 1
    #0: NVIDIA Tesla V100-PCIE-32GB, compute cap.: 7.0, ECC: yes, stat: compatible

Likely fastest SIMD instructions supported by all nodes: AVX_512
SIMD instructions selected at compile time:              AVX2_256
Merely a note: it is unfortunately hard to know for sure which SIMD
instructons will perform best on this hardware. For non-GPU runs
on Intel CPUs with dual AVX-512 units, using AVX-512 can be good,
while AVX2 is often better for runs also using a GPU. Typically
this is just a few percent, so don't worry unless you are tuning.


++++ PLEASE READ AND CITE THE FOLLOWING REFERENCE ++++
M. J. Abraham, T. Murtola, R. Schulz, S. Páll, J. C. Smith, B. Hess, E.
Lindahl
GROMACS: High performance molecular simulations through multi-level
parallelism from laptops to supercomputers
SoftwareX 1 (2015) pp. 19-25
-------- -------- --- Thank You --- -------- --------


++++ PLEASE READ AND CITE THE FOLLOWING REFERENCE ++++
S. Páll, M. J. Abraham, C. Kutzner, B. Hess, E. Lindahl
Tackling Exascale Software Challenges in Molecular Dynamics Simulations with
GROMACS
In S. Markidis & E. Laure (Eds.), Solving Software Challenges for Exascale 8759 (2015) pp. 3-27
-------- -------- --- Thank You --- -------- --------


++++ PLEASE READ AND CITE THE FOLLOWING REFERENCE ++++
S. Pronk, S. Páll, R. Schulz, P. Larsson, P. Bjelkmar, R. Apostolov, M. R.
Shirts, J. C. Smith, P. M. Kasson, D. van der Spoel, B. Hess, and E. Lindahl
GROMACS 4.5: a high-throughput and highly parallel open source molecular
simulation toolkit
Bioinformatics 29 (2013) pp. 845-54
-------- -------- --- Thank You --- -------- --------


++++ PLEASE READ AND CITE THE FOLLOWING REFERENCE ++++
B. Hess and C. Kutzner and D. van der Spoel and E. Lindahl
GROMACS 4: Algorithms for highly efficient, load-balanced, and scalable
molecular simulation
J. Chem. Theory Comput. 4 (2008) pp. 435-447
-------- -------- --- Thank You --- -------- --------


++++ PLEASE READ AND CITE THE FOLLOWING REFERENCE ++++
D. van der Spoel, E. Lindahl, B. Hess, G. Groenhof, A. E. Mark and H. J. C.
Berendsen
GROMACS: Fast, Flexible and Free
J. Comp. Chem. 26 (2005) pp. 1701-1719
-------- -------- --- Thank You --- -------- --------


++++ PLEASE READ AND CITE THE FOLLOWING REFERENCE ++++
E. Lindahl and B. Hess and D. van der Spoel
GROMACS 3.0: A package for molecular simulation and trajectory analysis
J. Mol. Mod. 7 (2001) pp. 306-317
-------- -------- --- Thank You --- -------- --------


++++ PLEASE READ AND CITE THE FOLLOWING REFERENCE ++++
H. J. C. Berendsen, D. van der Spoel and R. van Drunen
GROMACS: A message-passing parallel molecular dynamics implementation
Comp. Phys. Comm. 91 (1995) pp. 43-56
-------- -------- --- Thank You --- -------- --------


++++ PLEASE CITE THE DOI FOR THIS VERSION OF GROMACS ++++
https://doi.org/10.5281/zenodo.8134397
-------- -------- --- Thank You --- -------- --------

Input Parameters:
   integrator                     = md
   tinit                          = 0
   dt                             = 0.025
   nsteps                         = 400000000
   init-step                      = 0
   simulation-part                = 1
   mts                            = false
   comm-mode                      = Linear
   nstcomm                        = 100
   bd-fric                        = 0
   ld-seed                        = -268657539
   emtol                          = 10
   emstep                         = 0.01
   niter                          = 20
   fcstep                         = 0
   nstcgsteep                     = 1000
   nbfgscorr                      = 10
   rtpi                           = 0.05
   nstxout                        = 0
   nstvout                        = 0
   nstfout                        = 0
   nstlog                         = 400000
   nstcalcenergy                  = 100
   nstenergy                      = 4000
   nstxout-compressed             = 400000
   compressed-x-precision         = 100
   cutoff-scheme                  = Verlet
   nstlist                        = 20
   pbc                            = xyz
   periodic-molecules             = false
   verlet-buffer-tolerance        = 0.005
   rlist                          = 1.265
   coulombtype                    = Cut-off
   coulomb-modifier               = Potential-shift
   rcoulomb-switch                = 0
   rcoulomb                       = 1.1
   epsilon-r                      = 15
   epsilon-rf                     = inf
   vdw-type                       = Cut-off
   vdw-modifier                   = Potential-shift
   rvdw-switch                    = 0
   rvdw                           = 1.1
   DispCorr                       = No
   table-extension                = 1
   fourierspacing                 = 0.12
   fourier-nx                     = 0
   fourier-ny                     = 0
   fourier-nz                     = 0
   pme-order                      = 4
   ewald-rtol                     = 1e-05
   ewald-rtol-lj                  = 0.001
   lj-pme-comb-rule               = Geometric
   ewald-geometry                 = 3d
   epsilon-surface                = 0
   ensemble-temperature-setting   = constant
   ensemble-temperature           = 313
   tcoupl                         = V-rescale
   nsttcouple                     = 1
   nh-chain-length                = 0
   print-nose-hoover-chain-variables = false
   pcoupl                         = Berendsen
   pcoupltype                     = Semiisotropic
   nstpcouple                     = 20
   tau-p                          = 3
   compressibility (3x3):
      compressibility[    0]={ 3.00000e-05,  0.00000e+00,  0.00000e+00}
      compressibility[    1]={ 0.00000e+00,  3.00000e-05,  0.00000e+00}
      compressibility[    2]={ 0.00000e+00,  0.00000e+00,  3.00000e-05}
   ref-p (3x3):
      ref-p[    0]={ 1.00000e+00,  0.00000e+00,  0.00000e+00}
      ref-p[    1]={ 0.00000e+00,  1.00000e+00,  0.00000e+00}
      ref-p[    2]={ 0.00000e+00,  0.00000e+00,  1.00000e+00}
   refcoord-scaling               = All
   posres-com (3):
      posres-com[0]= 0.00000e+00
      posres-com[1]= 0.00000e+00
      posres-com[2]= 0.00000e+00
   posres-comB (3):
      posres-comB[0]= 0.00000e+00
      posres-comB[1]= 0.00000e+00
      posres-comB[2]= 0.00000e+00
   QMMM                           = false
qm-opts:
   ngQM                           = 0
   constraint-algorithm           = Lincs
   continuation                   = false
   Shake-SOR                      = false
   shake-tol                      = 0.0001
   lincs-order                    = 4
   lincs-iter                     = 1
   lincs-warnangle                = 30
   nwall                          = 0
   wall-type                      = 9-3
   wall-r-linpot                  = -1
   wall-atomtype[0]               = -1
   wall-atomtype[1]               = -1
   wall-density[0]                = 0
   wall-density[1]                = 0
   wall-ewald-zfac                = 3
   pull                           = false
   awh                            = false
   rotation                       = false
   interactiveMD                  = false
   disre                          = No
   disre-weighting                = Conservative
   disre-mixed                    = false
   dr-fc                          = 1000
   dr-tau                         = 0
   nstdisreout                    = 100
   orire-fc                       = 0
   orire-tau                      = 0
   nstorireout                    = 100
   free-energy                    = no
   cos-acceleration               = 0
   deform (3x3):
      deform[    0]={ 0.00000e+00,  0.00000e+00,  0.00000e+00}
      deform[    1]={ 0.00000e+00,  0.00000e+00,  0.00000e+00}
      deform[    2]={ 0.00000e+00,  0.00000e+00,  0.00000e+00}
   simulated-tempering            = false
   swapcoords                     = no
   userint1                       = 0
   userint2                       = 0
   userint3                       = 0
   userint4                       = 0
   userreal1                      = 0
   userreal2                      = 0
   userreal3                      = 0
   userreal4                      = 0
   applied-forces:
     electric-field:
       x:
         E0                       = 0
         omega                    = 0
         t0                       = 0
         sigma                    = 0
       y:
         E0                       = 0
         omega                    = 0
         t0                       = 0
         sigma                    = 0
       z:
         E0                       = 0
         omega                    = 0
         t0                       = 0
         sigma                    = 0
     density-guided-simulation:
       active                     = false
       group                      = protein
       similarity-measure         = inner-product
       atom-spreading-weight      = unity
       force-constant             = 1e+09
       gaussian-transform-spreading-width = 0.2
       gaussian-transform-spreading-range-in-multiples-of-width = 4
       reference-density-filename = reference.mrc
       nst                        = 1
       normalize-densities        = true
       adaptive-force-scaling     = false
       adaptive-force-scaling-time-constant = 4
       shift-vector               = 
       transformation-matrix      = 
     qmmm-cp2k:
       active                     = false
       qmgroup                    = System
       qmmethod                   = PBE
       qmfilenames                = 
       qmcharge                   = 0
       qmmultiplicity             = 1
grpopts:
   nrdf:     974.915     12238.9     20911.2      461.96
   ref-t:         313         313         313         313
   tau-t:           1           1           1           1
annealing:          No          No          No          No
annealing-npoints:           0           0           0           0
   acc:	           0           0           0
   nfreeze:           N           N           N
   energygrp-flags[  0]: 0

Changing nstlist from 20 to 25, rlist from 1.265 to 1.331

When checking whether update groups are usable:
  Domain decomposition is not active, so there is no need for update groups
  No constraints or virtual sites are in use, so it is best not to use update groups
1 GPU selected for this run.
Mapping of GPU IDs to the 1 GPU task in the 1 rank on this node:
  PP:0
PP tasks will do (non-perturbed) short-ranged interactions on the GPU
PP task will update and constrain coordinates on the GPU
Using 1 MPI thread
Using 1 OpenMP thread 

System total charge: 0.000
Potential shift: LJ r^-12: -3.186e-01 r^-6: -5.645e-01, Coulomb -9e-01


Using GPU 8x8 nonbonded short-range kernels

Using a dual 8x8 pair-list setup updated with dynamic, rolling pruning:
  outer list: updated every 25 steps, buffer 0.231 nm, rlist 1.331 nm
  inner list: updated every  4 steps, buffer 0.012 nm, rlist 1.112 nm
At tolerance 0.005 kJ/mol/ps per atom, equivalent classical 1x1 list would be:
  outer list: updated every 25 steps, buffer 0.362 nm, rlist 1.462 nm
  inner list: updated every  4 steps, buffer 0.037 nm, rlist 1.137 nm

Using full Lennard-Jones parameter combination matrix
Removing pbc first time

Pinning threads with an auto-selected logical cpu stride of 1

++++ PLEASE READ AND CITE THE FOLLOWING REFERENCE ++++
G. Bussi, D. Donadio and M. Parrinello
Canonical sampling through velocity rescaling
J. Chem. Phys. 126 (2007) pp. 014101
-------- -------- --- Thank You --- -------- --------

There are: 11530 Atoms

Updating coordinates on the GPU.
Center of mass motion removal mode is Linear
We have the following groups for center of mass motion removal:
  0:  rest
Initial temperature: 312.983 K

Started mdrun on rank 0 Fri May  9 13:11:17 2025

           Step           Time
              0        0.00000

   Energies (kJ/mol)
           Bond       G96Angle        LJ (SR)   Coulomb (SR)      Potential
    1.98011e+04    3.15176e+03   -2.99655e+05   -5.78635e+03   -2.82489e+05
    Kinetic En.   Total Energy  Conserved En.    Temperature Pressure (bar)
    4.52934e+04   -2.37195e+05   -2.36426e+05    3.15005e+02   -1.07393e+03

           Step           Time
         400000    10000.00000

   Energies (kJ/mol)
           Bond       G96Angle        LJ (SR)   Coulomb (SR)      Potential
    1.54021e+04    2.86500e+03   -2.73154e+05   -2.77587e+03   -2.57663e+05
    Kinetic En.   Total Energy  Conserved En.    Temperature Pressure (bar)
    4.43761e+04   -2.13287e+05   -5.35514e+05    3.08626e+02    1.91904e+01

           Step           Time
         800000    20000.00000

   Energies (kJ/mol)
           Bond       G96Angle        LJ (SR)   Coulomb (SR)      Potential
    1.50330e+04    3.13976e+03   -2.73699e+05   -2.98933e+03   -2.58516e+05
    Kinetic En.   Total Energy  Conserved En.    Temperature Pressure (bar)
    4.44588e+04   -2.14057e+05   -8.33615e+05    3.09201e+02   -4.55942e+01

           Step           Time
        1200000    30000.00000

   Energies (kJ/mol)
           Bond       G96Angle        LJ (SR)   Coulomb (SR)      Potential
    1.51598e+04    3.01071e+03   -2.74252e+05   -2.81728e+03   -2.58899e+05
    Kinetic En.   Total Energy  Conserved En.    Temperature Pressure (bar)
    4.45853e+04   -2.14314e+05   -1.13160e+06    3.10080e+02   -3.91942e+01

           Step           Time
        1600000    40000.00000

   Energies (kJ/mol)
           Bond       G96Angle        LJ (SR)   Coulomb (SR)      Potential
    1.48877e+04    3.02603e+03   -2.73538e+05   -3.01431e+03   -2.58638e+05
    Kinetic En.   Total Energy  Conserved En.    Temperature Pressure (bar)
    4.44231e+04   -2.14215e+05   -1.42882e+06    3.08953e+02    2.14615e+01

           Step           Time
        2000000    50000.00000

   Energies (kJ/mol)
           Bond       G96Angle        LJ (SR)   Coulomb (SR)      Potential
    1.52184e+04    3.15020e+03   -2.72478e+05   -2.85189e+03   -2.56962e+05
    Kinetic En.   Total Energy  Conserved En.    Temperature Pressure (bar)
    4.59947e+04   -2.10967e+05   -1.72585e+06    3.19883e+02    8.78943e+01

           Step           Time
        2400000    60000.00000

   Energies (kJ/mol)
           Bond       G96Angle        LJ (SR)   Coulomb (SR)      Potential
    1.54287e+04    2.90871e+03   -2.73696e+05   -2.91036e+03   -2.58269e+05
    Kinetic En.   Total Energy  Conserved En.    Temperature Pressure (bar)
    4.47565e+04   -2.13512e+05   -2.02319e+06    3.11271e+02    1.05844e+01

Writing checkpoint, step 2625175 at Fri May  9 13:26:17 2025


           Step           Time
        2800000    70000.00000

   Energies (kJ/mol)
           Bond       G96Angle        LJ (SR)   Coulomb (SR)      Potential
    1.49843e+04    2.95422e+03   -2.72672e+05   -2.93314e+03   -2.57666e+05
    Kinetic En.   Total Energy  Conserved En.    Temperature Pressure (bar)
    4.45415e+04   -2.13125e+05   -2.32103e+06    3.09776e+02    2.50657e+00

           Step           Time
        3200000    80000.00000

   Energies (kJ/mol)
           Bond       G96Angle        LJ (SR)   Coulomb (SR)      Potential
    1.51810e+04    3.06492e+03   -2.73337e+05   -2.78416e+03   -2.57875e+05
    Kinetic En.   Total Energy  Conserved En.    Temperature Pressure (bar)
    4.59321e+04   -2.11943e+05   -2.61878e+06    3.19448e+02   -1.72573e+01

           Step           Time
        3600000    90000.00000

   Energies (kJ/mol)
           Bond       G96Angle        LJ (SR)   Coulomb (SR)      Potential
    1.52397e+04    2.83174e+03   -2.73537e+05   -2.92798e+03   -2.58393e+05
    Kinetic En.   Total Energy  Conserved En.    Temperature Pressure (bar)
    4.49295e+04   -2.13464e+05   -2.91713e+06    3.12474e+02    2.18471e+00

           Step           Time
        4000000   100000.00000

   Energies (kJ/mol)
           Bond       G96Angle        LJ (SR)   Coulomb (SR)      Potential
    1.50125e+04    3.03805e+03   -2.73040e+05   -2.78388e+03   -2.57774e+05
    Kinetic En.   Total Energy  Conserved En.    Temperature Pressure (bar)
    4.46841e+04   -2.13090e+05   -3.21501e+06    3.10768e+02    3.39519e+01

           Step           Time
        4400000   110000.00000

   Energies (kJ/mol)
           Bond       G96Angle        LJ (SR)   Coulomb (SR)      Potential
    1.51089e+04    2.93252e+03   -2.73357e+05   -2.74727e+03   -2.58063e+05
    Kinetic En.   Total Energy  Conserved En.    Temperature Pressure (bar)
    4.47690e+04   -2.13294e+05   -3.51318e+06    3.11358e+02    8.61386e+01

           Step           Time
        4800000   120000.00000

   Energies (kJ/mol)
           Bond       G96Angle        LJ (SR)   Coulomb (SR)      Potential
    1.51551e+04    2.83197e+03   -2.73733e+05   -2.97176e+03   -2.58718e+05
    Kinetic En.   Total Energy  Conserved En.    Temperature Pressure (bar)
    4.52253e+04   -2.13493e+05   -3.81152e+06    3.14532e+02   -1.88776e+01

           Step           Time
        5200000   130000.00000

   Energies (kJ/mol)
           Bond       G96Angle        LJ (SR)   Coulomb (SR)      Potential
    1.53399e+04    2.89562e+03   -2.74299e+05   -2.80139e+03   -2.58865e+05
    Kinetic En.   Total Energy  Conserved En.    Temperature Pressure (bar)
    4.48551e+04   -2.14010e+05   -4.10988e+06    3.11957e+02   -7.38446e+01

Writing checkpoint, step 5252800 at Fri May  9 13:41:17 2025


           Step           Time
        5600000   140000.00000

   Energies (kJ/mol)
           Bond       G96Angle        LJ (SR)   Coulomb (SR)      Potential
    1.52727e+04    3.01472e+03   -2.74073e+05   -2.77042e+03   -2.58556e+05
    Kinetic En.   Total Energy  Conserved En.    Temperature Pressure (bar)
    4.41182e+04   -2.14438e+05   -4.40792e+06    3.06832e+02   -2.68493e+01

           Step           Time
        6000000   150000.00000

   Energies (kJ/mol)
           Bond       G96Angle        LJ (SR)   Coulomb (SR)      Potential
    1.47047e+04    3.08318e+03   -2.73222e+05   -2.86548e+03   -2.58300e+05
    Kinetic En.   Total Energy  Conserved En.    Temperature Pressure (bar)
    4.46393e+04   -2.13661e+05   -4.70577e+06    3.10456e+02   -2.17842e+01

           Step           Time
        6400000   160000.00000

   Energies (kJ/mol)
           Bond       G96Angle        LJ (SR)   Coulomb (SR)      Potential
    1.51689e+04    2.97762e+03   -2.73712e+05   -2.95166e+03   -2.58517e+05
    Kinetic En.   Total Energy  Conserved En.    Temperature Pressure (bar)
    4.55349e+04   -2.12982e+05   -5.00386e+06    3.16685e+02   -3.41148e+01

           Step           Time
        6800000   170000.00000

   Energies (kJ/mol)
           Bond       G96Angle        LJ (SR)   Coulomb (SR)      Potential
    1.53356e+04    2.89242e+03   -2.73237e+05   -2.90862e+03   -2.57917e+05
    Kinetic En.   Total Energy  Conserved En.    Temperature Pressure (bar)
    4.51318e+04   -2.12786e+05   -5.30148e+06    3.13881e+02   -3.35644e+01

           Step           Time
        7200000   180000.00000

   Energies (kJ/mol)
           Bond       G96Angle        LJ (SR)   Coulomb (SR)      Potential
    1.50444e+04    2.92227e+03   -2.73688e+05   -2.85046e+03   -2.58572e+05
    Kinetic En.   Total Energy  Conserved En.    Temperature Pressure (bar)
    4.44264e+04   -2.14146e+05   -5.59952e+06    3.08975e+02   -2.96219e+01

           Step           Time
        7600000   190000.00000

   Energies (kJ/mol)
           Bond       G96Angle        LJ (SR)   Coulomb (SR)      Potential
    1.50288e+04    3.01022e+03   -2.74323e+05   -2.90126e+03   -2.59185e+05
    Kinetic En.   Total Energy  Conserved En.    Temperature Pressure (bar)
    4.42993e+04   -2.14886e+05   -5.89736e+06    3.08091e+02   -1.09378e+01

Writing checkpoint, step 7879900 at Fri May  9 13:56:17 2025


           Step           Time
        8000000   200000.00000

   Energies (kJ/mol)
           Bond       G96Angle        LJ (SR)   Coulomb (SR)      Potential
    1.53474e+04    2.82510e+03   -2.73990e+05   -2.90066e+03   -2.58718e+05
    Kinetic En.   Total Energy  Conserved En.    Temperature Pressure (bar)
    4.55468e+04   -2.13172e+05   -6.19533e+06    3.16767e+02   -4.87529e+01

           Step           Time
        8400000   210000.00000

   Energies (kJ/mol)
           Bond       G96Angle        LJ (SR)   Coulomb (SR)      Potential
    1.56798e+04    2.79792e+03   -2.73138e+05   -2.79812e+03   -2.57458e+05
    Kinetic En.   Total Energy  Conserved En.    Temperature Pressure (bar)
    4.51038e+04   -2.12354e+05   -6.49359e+06    3.13686e+02    1.39762e+01

           Step           Time
        8800000   220000.00000

   Energies (kJ/mol)
           Bond       G96Angle        LJ (SR)   Coulomb (SR)      Potential
    1.54910e+04    3.02117e+03   -2.73367e+05   -2.92443e+03   -2.57780e+05
    Kinetic En.   Total Energy  Conserved En.    Temperature Pressure (bar)
    4.55695e+04   -2.12210e+05   -6.79130e+06    3.16926e+02    2.12006e+01

           Step           Time
        9200000   230000.00000

   Energies (kJ/mol)
           Bond       G96Angle        LJ (SR)   Coulomb (SR)      Potential
    1.49732e+04    2.98007e+03   -2.73863e+05   -2.86586e+03   -2.58776e+05
    Kinetic En.   Total Energy  Conserved En.    Temperature Pressure (bar)
    4.48064e+04   -2.13969e+05   -7.08922e+06    3.11618e+02    3.74413e+00

           Step           Time
        9600000   240000.00000

   Energies (kJ/mol)
           Bond       G96Angle        LJ (SR)   Coulomb (SR)      Potential
    1.51698e+04    3.01264e+03   -2.72879e+05   -2.88872e+03   -2.57586e+05
    Kinetic En.   Total Energy  Conserved En.    Temperature Pressure (bar)
    4.44761e+04   -2.13109e+05   -7.38663e+06    3.09321e+02    2.35922e+01

           Step           Time
       10000000   250000.00000

   Energies (kJ/mol)
           Bond       G96Angle        LJ (SR)   Coulomb (SR)      Potential
    1.51025e+04    3.07141e+03   -2.72872e+05   -2.99409e+03   -2.57692e+05
    Kinetic En.   Total Energy  Conserved En.    Temperature Pressure (bar)
    4.53554e+04   -2.12336e+05   -7.68427e+06    3.15436e+02    2.15156e+01

           Step           Time
       10400000   260000.00000

   Energies (kJ/mol)
           Bond       G96Angle        LJ (SR)   Coulomb (SR)      Potential
    1.50915e+04    3.08021e+03   -2.73929e+05   -2.79734e+03   -2.58554e+05
    Kinetic En.   Total Energy  Conserved En.    Temperature Pressure (bar)
    4.50212e+04   -2.13533e+05   -7.98270e+06    3.13112e+02   -1.61924e+01

Writing checkpoint, step 10509475 at Fri May  9 14:11:17 2025


           Step           Time
       10800000   270000.00000

   Energies (kJ/mol)
           Bond       G96Angle        LJ (SR)   Coulomb (SR)      Potential
    1.53291e+04    2.90299e+03   -2.74014e+05   -2.85887e+03   -2.58640e+05
    Kinetic En.   Total Energy  Conserved En.    Temperature Pressure (bar)
    4.50077e+04   -2.13633e+05   -8.28104e+06    3.13018e+02   -1.27589e+01

           Step           Time
       11200000   280000.00000

   Energies (kJ/mol)
           Bond       G96Angle        LJ (SR)   Coulomb (SR)      Potential
    1.51751e+04    2.94221e+03   -2.73526e+05   -2.98797e+03   -2.58396e+05
    Kinetic En.   Total Energy  Conserved En.    Temperature Pressure (bar)
    4.48422e+04   -2.13554e+05   -8.57959e+06    3.11868e+02    2.46026e+01

           Step           Time
       11600000   290000.00000

   Energies (kJ/mol)
           Bond       G96Angle        LJ (SR)   Coulomb (SR)      Potential
    1.51170e+04    2.93714e+03   -2.73480e+05   -2.91436e+03   -2.58341e+05
    Kinetic En.   Total Energy  Conserved En.    Temperature Pressure (bar)
    4.47203e+04   -2.13620e+05   -8.87772e+06    3.11020e+02    2.74220e+01

           Step           Time
       12000000   300000.00000

   Energies (kJ/mol)
           Bond       G96Angle        LJ (SR)   Coulomb (SR)      Potential
    1.52362e+04    2.93309e+03   -2.73137e+05   -2.84432e+03   -2.57812e+05
    Kinetic En.   Total Energy  Conserved En.    Temperature Pressure (bar)
    4.45230e+04   -2.13289e+05   -9.17585e+06    3.09647e+02   -4.87587e+00

           Step           Time
       12400000   310000.00000

   Energies (kJ/mol)
           Bond       G96Angle        LJ (SR)   Coulomb (SR)      Potential
    1.50560e+04    2.87688e+03   -2.73348e+05   -2.83409e+03   -2.58249e+05
    Kinetic En.   Total Energy  Conserved En.    Temperature Pressure (bar)
    4.52231e+04   -2.13026e+05   -9.47440e+06    3.14516e+02   -1.35881e+00

           Step           Time
       12800000   320000.00000

   Energies (kJ/mol)
           Bond       G96Angle        LJ (SR)   Coulomb (SR)      Potential
    1.53400e+04    2.98025e+03   -2.73796e+05   -2.78235e+03   -2.58258e+05
    Kinetic En.   Total Energy  Conserved En.    Temperature Pressure (bar)
    4.50098e+04   -2.13248e+05   -9.77234e+06    3.13033e+02   -1.29838e+01

Writing checkpoint, step 13137825 at Fri May  9 14:26:17 2025


           Step           Time
       13200000   330000.00000

   Energies (kJ/mol)
           Bond       G96Angle        LJ (SR)   Coulomb (SR)      Potential
    1.50024e+04    2.93720e+03   -2.73595e+05   -2.83270e+03   -2.58488e+05
    Kinetic En.   Total Energy  Conserved En.    Temperature Pressure (bar)
    4.50784e+04   -2.13409e+05   -1.00704e+07    3.13510e+02   -3.61909e+00

           Step           Time
       13600000   340000.00000

   Energies (kJ/mol)
           Bond       G96Angle        LJ (SR)   Coulomb (SR)      Potential
    1.51294e+04    2.88467e+03   -2.73962e+05   -2.74797e+03   -2.58696e+05
    Kinetic En.   Total Energy  Conserved En.    Temperature Pressure (bar)
    4.58700e+04   -2.12826e+05   -1.03684e+07    3.19015e+02    1.95915e+00

           Step           Time
       14000000   350000.00000

   Energies (kJ/mol)
           Bond       G96Angle        LJ (SR)   Coulomb (SR)      Potential
    1.53916e+04    2.79366e+03   -2.74109e+05   -2.90297e+03   -2.58827e+05
    Kinetic En.   Total Energy  Conserved En.    Temperature Pressure (bar)
    4.44080e+04   -2.14419e+05   -1.06669e+07    3.08847e+02   -1.83427e+01

           Step           Time
       14400000   360000.00000

   Energies (kJ/mol)
           Bond       G96Angle        LJ (SR)   Coulomb (SR)      Potential
    1.52639e+04    3.00518e+03   -2.73152e+05   -2.80086e+03   -2.57684e+05
    Kinetic En.   Total Energy  Conserved En.    Temperature Pressure (bar)
    4.54225e+04   -2.12262e+05   -1.09648e+07    3.15903e+02    2.73232e+01

           Step           Time
       14800000   370000.00000

   Energies (kJ/mol)
           Bond       G96Angle        LJ (SR)   Coulomb (SR)      Potential
    1.51519e+04    2.80265e+03   -2.74285e+05   -2.83874e+03   -2.59169e+05
    Kinetic En.   Total Energy  Conserved En.    Temperature Pressure (bar)
    4.45653e+04   -2.14604e+05   -1.12629e+07    3.09941e+02    2.45431e+01

           Step           Time
       15200000   380000.00000

   Energies (kJ/mol)
           Bond       G96Angle        LJ (SR)   Coulomb (SR)      Potential
    1.52966e+04    2.98069e+03   -2.73514e+05   -2.88771e+03   -2.58125e+05
    Kinetic En.   Total Energy  Conserved En.    Temperature Pressure (bar)
    4.50046e+04   -2.13120e+05   -1.15609e+07    3.12997e+02   -6.92779e+00

           Step           Time
       15600000   390000.00000

   Energies (kJ/mol)
           Bond       G96Angle        LJ (SR)   Coulomb (SR)      Potential
    1.51779e+04    3.01358e+03   -2.74015e+05   -2.84899e+03   -2.58673e+05
    Kinetic En.   Total Energy  Conserved En.    Temperature Pressure (bar)
    4.41343e+04   -2.14539e+05   -1.18586e+07    3.06944e+02   -1.18294e+01

Writing checkpoint, step 15768225 at Fri May  9 14:41:17 2025


           Step           Time
       16000000   400000.00000

   Energies (kJ/mol)
           Bond       G96Angle        LJ (SR)   Coulomb (SR)      Potential
    1.48440e+04    2.94798e+03   -2.72918e+05   -2.93935e+03   -2.58066e+05
    Kinetic En.   Total Energy  Conserved En.    Temperature Pressure (bar)
    4.54488e+04   -2.12617e+05   -1.21569e+07    3.16086e+02    2.84632e+01

           Step           Time
       16400000   410000.00000

   Energies (kJ/mol)
           Bond       G96Angle        LJ (SR)   Coulomb (SR)      Potential
    1.51701e+04    2.93606e+03   -2.73219e+05   -2.82688e+03   -2.57939e+05
    Kinetic En.   Total Energy  Conserved En.    Temperature Pressure (bar)
    4.51050e+04   -2.12834e+05   -1.24547e+07    3.13695e+02    7.60956e+01

           Step           Time
       16800000   420000.00000

   Energies (kJ/mol)
           Bond       G96Angle        LJ (SR)   Coulomb (SR)      Potential
    1.54984e+04    2.93783e+03   -2.74097e+05   -2.81419e+03   -2.58475e+05
    Kinetic En.   Total Energy  Conserved En.    Temperature Pressure (bar)
    4.51687e+04   -2.13306e+05   -1.27524e+07    3.14138e+02    5.50834e+00

           Step           Time
       17200000   430000.00000

   Energies (kJ/mol)
           Bond       G96Angle        LJ (SR)   Coulomb (SR)      Potential
    1.52668e+04    2.93542e+03   -2.73716e+05   -2.87182e+03   -2.58386e+05
    Kinetic En.   Total Energy  Conserved En.    Temperature Pressure (bar)
    4.50473e+04   -2.13339e+05   -1.30507e+07    3.13294e+02    1.70210e+01

           Step           Time
       17600000   440000.00000

   Energies (kJ/mol)
           Bond       G96Angle        LJ (SR)   Coulomb (SR)      Potential
    1.50177e+04    2.87563e+03   -2.73997e+05   -2.99149e+03   -2.59096e+05
    Kinetic En.   Total Energy  Conserved En.    Temperature Pressure (bar)
    4.50608e+04   -2.14035e+05   -1.33481e+07    3.13388e+02   -1.91349e+01

           Step           Time
       18000000   450000.00000

   Energies (kJ/mol)
           Bond       G96Angle        LJ (SR)   Coulomb (SR)      Potential
    1.52810e+04    2.95022e+03   -2.73444e+05   -2.78741e+03   -2.58000e+05
    Kinetic En.   Total Energy  Conserved En.    Temperature Pressure (bar)
    4.41989e+04   -2.13801e+05   -1.36462e+07    3.07393e+02   -1.09953e+01

Writing checkpoint, step 18398375 at Fri May  9 14:56:17 2025


           Step           Time
       18400000   460000.00000

   Energies (kJ/mol)
           Bond       G96Angle        LJ (SR)   Coulomb (SR)      Potential
    1.52618e+04    2.99233e+03   -2.73147e+05   -2.89560e+03   -2.57789e+05
    Kinetic En.   Total Energy  Conserved En.    Temperature Pressure (bar)
    4.52683e+04   -2.12520e+05   -1.39447e+07    3.14830e+02    2.22894e+01

           Step           Time
       18800000   470000.00000

   Energies (kJ/mol)
           Bond       G96Angle        LJ (SR)   Coulomb (SR)      Potential
    1.51259e+04    3.02557e+03   -2.74222e+05   -2.87327e+03   -2.58944e+05
    Kinetic En.   Total Energy  Conserved En.    Temperature Pressure (bar)
    4.41602e+04   -2.14783e+05   -1.42430e+07    3.07124e+02   -8.79864e+00

           Step           Time
       19200000   480000.00000

   Energies (kJ/mol)
           Bond       G96Angle        LJ (SR)   Coulomb (SR)      Potential
    1.50617e+04    3.07571e+03   -2.73877e+05   -2.77880e+03   -2.58518e+05
    Kinetic En.   Total Energy  Conserved En.    Temperature Pressure (bar)
    4.40854e+04   -2.14433e+05   -1.45411e+07    3.06604e+02   -5.62795e+01

           Step           Time
       19600000   490000.00000

   Energies (kJ/mol)
           Bond       G96Angle        LJ (SR)   Coulomb (SR)      Potential
    1.52033e+04    2.91542e+03   -2.73740e+05   -2.94125e+03   -2.58563e+05
    Kinetic En.   Total Energy  Conserved En.    Temperature Pressure (bar)
    4.48027e+04   -2.13760e+05   -1.48395e+07    3.11593e+02   -5.72403e+01

           Step           Time
       20000000   500000.00000

   Energies (kJ/mol)
           Bond       G96Angle        LJ (SR)   Coulomb (SR)      Potential
    1.49841e+04    3.03725e+03   -2.74324e+05   -2.93182e+03   -2.59234e+05
    Kinetic En.   Total Energy  Conserved En.    Temperature Pressure (bar)
    4.54413e+04   -2.13793e+05   -1.51381e+07    3.16034e+02   -1.61919e+01

           Step           Time
       20400000   510000.00000

   Energies (kJ/mol)
           Bond       G96Angle        LJ (SR)   Coulomb (SR)      Potential
    1.50274e+04    2.85745e+03   -2.73129e+05   -2.95396e+03   -2.58198e+05
    Kinetic En.   Total Energy  Conserved En.    Temperature Pressure (bar)
    4.46448e+04   -2.13553e+05   -1.54362e+07    3.10494e+02    4.47419e+01

           Step           Time
       20800000   520000.00000

   Energies (kJ/mol)
           Bond       G96Angle        LJ (SR)   Coulomb (SR)      Potential
    1.54397e+04    3.06593e+03   -2.74596e+05   -2.92781e+03   -2.59018e+05
    Kinetic En.   Total Energy  Conserved En.    Temperature Pressure (bar)
    4.53440e+04   -2.13674e+05   -1.57345e+07    3.15357e+02   -2.68452e+01

Writing checkpoint, step 21025850 at Fri May  9 15:11:17 2025


           Step           Time
       21200000   530000.00000

   Energies (kJ/mol)
           Bond       G96Angle        LJ (SR)   Coulomb (SR)      Potential
    1.54140e+04    2.84186e+03   -2.72639e+05   -2.88919e+03   -2.57273e+05
    Kinetic En.   Total Energy  Conserved En.    Temperature Pressure (bar)
    4.56052e+04   -2.11668e+05   -1.60324e+07    3.17173e+02    5.21493e+01

           Step           Time
       21600000   540000.00000

   Energies (kJ/mol)
           Bond       G96Angle        LJ (SR)   Coulomb (SR)      Potential
    1.49867e+04    2.99130e+03   -2.73903e+05   -2.96560e+03   -2.58890e+05
    Kinetic En.   Total Energy  Conserved En.    Temperature Pressure (bar)
    4.50007e+04   -2.13890e+05   -1.63303e+07    3.12969e+02    9.44727e+00

           Step           Time
       22000000   550000.00000

   Energies (kJ/mol)
           Bond       G96Angle        LJ (SR)   Coulomb (SR)      Potential
    1.52513e+04    2.99202e+03   -2.74509e+05   -2.90452e+03   -2.59170e+05
    Kinetic En.   Total Energy  Conserved En.    Temperature Pressure (bar)
    4.44222e+04   -2.14748e+05   -1.66290e+07    3.08946e+02   -7.61595e+01

           Step           Time
       22400000   560000.00000

   Energies (kJ/mol)
           Bond       G96Angle        LJ (SR)   Coulomb (SR)      Potential
    1.51269e+04    2.96315e+03   -2.72816e+05   -2.83479e+03   -2.57561e+05
    Kinetic En.   Total Energy  Conserved En.    Temperature Pressure (bar)
    4.46390e+04   -2.12922e+05   -1.69268e+07    3.10454e+02    4.38847e+01

           Step           Time
       22800000   570000.00000

   Energies (kJ/mol)
           Bond       G96Angle        LJ (SR)   Coulomb (SR)      Potential
    1.55545e+04    3.00287e+03   -2.73576e+05   -2.79226e+03   -2.57811e+05
    Kinetic En.   Total Energy  Conserved En.    Temperature Pressure (bar)
    4.58910e+04   -2.11920e+05   -1.72255e+07    3.19162e+02    1.36206e+01

           Step           Time
       23200000   580000.00000

   Energies (kJ/mol)
           Bond       G96Angle        LJ (SR)   Coulomb (SR)      Potential
    1.55072e+04    3.14877e+03   -2.74687e+05   -2.81146e+03   -2.58843e+05
    Kinetic En.   Total Energy  Conserved En.    Temperature Pressure (bar)
    4.47095e+04   -2.14133e+05   -1.75238e+07    3.10945e+02   -6.74159e+01

           Step           Time
       23600000   590000.00000

   Energies (kJ/mol)
           Bond       G96Angle        LJ (SR)   Coulomb (SR)      Potential
    1.53758e+04    3.12088e+03   -2.73653e+05   -2.86027e+03   -2.58017e+05
    Kinetic En.   Total Energy  Conserved En.    Temperature Pressure (bar)
    4.42968e+04   -2.13720e+05   -1.78218e+07    3.08074e+02   -1.73085e+01

Writing checkpoint, step 23653900 at Fri May  9 15:26:17 2025


           Step           Time
       24000000   600000.00000

   Energies (kJ/mol)
           Bond       G96Angle        LJ (SR)   Coulomb (SR)      Potential
    1.51405e+04    2.83995e+03   -2.73278e+05   -2.91583e+03   -2.58214e+05
    Kinetic En.   Total Energy  Conserved En.    Temperature Pressure (bar)
    4.45015e+04   -2.13712e+05   -1.81205e+07    3.09498e+02   -2.86157e+01

           Step           Time
       24400000   610000.00000

   Energies (kJ/mol)
           Bond       G96Angle        LJ (SR)   Coulomb (SR)      Potential
    1.57117e+04    2.79380e+03   -2.73702e+05   -2.86193e+03   -2.58058e+05
    Kinetic En.   Total Energy  Conserved En.    Temperature Pressure (bar)
    4.52150e+04   -2.12843e+05   -1.84187e+07    3.14460e+02   -2.15245e+01

           Step           Time
       24800000   620000.00000

   Energies (kJ/mol)
           Bond       G96Angle        LJ (SR)   Coulomb (SR)      Potential
    1.52580e+04    2.92176e+03   -2.74318e+05   -2.99494e+03   -2.59133e+05
    Kinetic En.   Total Energy  Conserved En.    Temperature Pressure (bar)
    4.44357e+04   -2.14697e+05   -1.87167e+07    3.09040e+02   -1.08969e+01

           Step           Time
       25200000   630000.00000

   Energies (kJ/mol)
           Bond       G96Angle        LJ (SR)   Coulomb (SR)      Potential
    1.51645e+04    2.89990e+03   -2.74112e+05   -2.96782e+03   -2.59016e+05
    Kinetic En.   Total Energy  Conserved En.    Temperature Pressure (bar)
    4.35952e+04   -2.15421e+05   -1.90149e+07    3.03195e+02   -7.77508e+00

           Step           Time
       25600000   640000.00000

   Energies (kJ/mol)
           Bond       G96Angle        LJ (SR)   Coulomb (SR)      Potential
    1.48448e+04    3.02589e+03   -2.73875e+05   -2.77413e+03   -2.58778e+05
    Kinetic En.   Total Energy  Conserved En.    Temperature Pressure (bar)
    4.51722e+04   -2.13606e+05   -1.93127e+07    3.14163e+02    2.09268e+01

           Step           Time
       26000000   650000.00000

   Energies (kJ/mol)
           Bond       G96Angle        LJ (SR)   Coulomb (SR)      Potential
    1.52323e+04    3.06776e+03   -2.74058e+05   -2.84183e+03   -2.58599e+05
    Kinetic En.   Total Energy  Conserved En.    Temperature Pressure (bar)
    4.50438e+04   -2.13556e+05   -1.96105e+07    3.13269e+02   -6.12946e+01

Writing checkpoint, step 26280725 at Fri May  9 15:41:17 2025


           Step           Time
       26400000   660000.00000

   Energies (kJ/mol)
           Bond       G96Angle        LJ (SR)   Coulomb (SR)      Potential
    1.54111e+04    2.94776e+03   -2.73932e+05   -2.99609e+03   -2.58569e+05
    Kinetic En.   Total Energy  Conserved En.    Temperature Pressure (bar)
    4.52764e+04   -2.13293e+05   -1.99092e+07    3.14887e+02   -3.37890e+01

           Step           Time
       26800000   670000.00000

   Energies (kJ/mol)
           Bond       G96Angle        LJ (SR)   Coulomb (SR)      Potential
    1.51803e+04    2.97009e+03   -2.74694e+05   -2.84481e+03   -2.59388e+05
    Kinetic En.   Total Energy  Conserved En.    Temperature Pressure (bar)
    4.38548e+04   -2.15533e+05   -2.02069e+07    3.05000e+02   -1.86895e+01

           Step           Time
       27200000   680000.00000

   Energies (kJ/mol)
           Bond       G96Angle        LJ (SR)   Coulomb (SR)      Potential
    1.51955e+04    2.80398e+03   -2.73559e+05   -2.92205e+03   -2.58482e+05
    Kinetic En.   Total Energy  Conserved En.    Temperature Pressure (bar)
    4.49823e+04   -2.13499e+05   -2.05054e+07    3.12842e+02   -3.80514e+00

           Step           Time
       27600000   690000.00000

   Energies (kJ/mol)
           Bond       G96Angle        LJ (SR)   Coulomb (SR)      Potential
    1.49326e+04    2.87962e+03   -2.73461e+05   -2.81523e+03   -2.58464e+05
    Kinetic En.   Total Energy  Conserved En.    Temperature Pressure (bar)
    4.54560e+04   -2.13008e+05   -2.08034e+07    3.16136e+02    2.58152e+01

           Step           Time
       28000000   700000.00000

   Energies (kJ/mol)
           Bond       G96Angle        LJ (SR)   Coulomb (SR)      Potential
    1.50630e+04    2.92746e+03   -2.74432e+05   -2.74982e+03   -2.59192e+05
    Kinetic En.   Total Energy  Conserved En.    Temperature Pressure (bar)
    4.45783e+04   -2.14613e+05   -2.11018e+07    3.10032e+02   -7.37465e+01

           Step           Time
       28400000   710000.00000

   Energies (kJ/mol)
           Bond       G96Angle        LJ (SR)   Coulomb (SR)      Potential
    1.52788e+04    2.90727e+03   -2.73873e+05   -2.89183e+03   -2.58579e+05
    Kinetic En.   Total Energy  Conserved En.    Temperature Pressure (bar)
    4.47126e+04   -2.13866e+05   -2.13996e+07    3.10966e+02   -8.50906e+00

           Step           Time
       28800000   720000.00000

   Energies (kJ/mol)
           Bond       G96Angle        LJ (SR)   Coulomb (SR)      Potential
    1.49636e+04    2.83319e+03   -2.74229e+05   -2.88926e+03   -2.59321e+05
    Kinetic En.   Total Energy  Conserved En.    Temperature Pressure (bar)
    4.45970e+04   -2.14724e+05   -2.16976e+07    3.10162e+02    3.10509e+00

Writing checkpoint, step 28908875 at Fri May  9 15:56:17 2025


           Step           Time
       29200000   730000.00000

   Energies (kJ/mol)
           Bond       G96Angle        LJ (SR)   Coulomb (SR)      Potential
    1.53397e+04    2.92635e+03   -2.74319e+05   -2.82320e+03   -2.58876e+05
    Kinetic En.   Total Energy  Conserved En.    Temperature Pressure (bar)
    4.43615e+04   -2.14514e+05   -2.19959e+07    3.08524e+02   -3.50885e+01

           Step           Time
       29600000   740000.00000

   Energies (kJ/mol)
           Bond       G96Angle        LJ (SR)   Coulomb (SR)      Potential
    1.52060e+04    2.83627e+03   -2.73962e+05   -2.90894e+03   -2.58829e+05
    Kinetic En.   Total Energy  Conserved En.    Temperature Pressure (bar)
    4.47856e+04   -2.14043e+05   -2.22942e+07    3.11474e+02   -3.72720e+00

           Step           Time
       30000000   750000.00000

   Energies (kJ/mol)
           Bond       G96Angle        LJ (SR)   Coulomb (SR)      Potential
    1.52342e+04    2.98724e+03   -2.73379e+05   -2.87942e+03   -2.58037e+05
    Kinetic En.   Total Energy  Conserved En.    Temperature Pressure (bar)
    4.39236e+04   -2.14113e+05   -2.25928e+07    3.05479e+02    2.99864e+01

           Step           Time
       30400000   760000.00000

   Energies (kJ/mol)
           Bond       G96Angle        LJ (SR)   Coulomb (SR)      Potential
    1.51953e+04    2.80934e+03   -2.74162e+05   -2.89952e+03   -2.59057e+05
    Kinetic En.   Total Energy  Conserved En.    Temperature Pressure (bar)
    4.54449e+04   -2.13612e+05   -2.28907e+07    3.16059e+02   -3.47491e+01

           Step           Time
       30800000   770000.00000

   Energies (kJ/mol)
           Bond       G96Angle        LJ (SR)   Coulomb (SR)      Potential
    1.52519e+04    2.87992e+03   -2.72923e+05   -2.78479e+03   -2.57576e+05
    Kinetic En.   Total Energy  Conserved En.    Temperature Pressure (bar)
    4.48509e+04   -2.12725e+05   -2.31884e+07    3.11928e+02    1.87885e+01

           Step           Time
       31200000   780000.00000

   Energies (kJ/mol)
           Bond       G96Angle        LJ (SR)   Coulomb (SR)      Potential
    1.54901e+04    3.00345e+03   -2.73545e+05   -2.94985e+03   -2.58001e+05
    Kinetic En.   Total Energy  Conserved En.    Temperature Pressure (bar)
    4.49416e+04   -2.13060e+05   -2.34870e+07    3.12559e+02   -4.17767e+01

Writing checkpoint, step 31538175 at Fri May  9 16:11:17 2025


           Step           Time
       31600000   790000.00000

   Energies (kJ/mol)
           Bond       G96Angle        LJ (SR)   Coulomb (SR)      Potential
    1.49023e+04    2.97225e+03   -2.73738e+05   -2.84756e+03   -2.58711e+05
    Kinetic En.   Total Energy  Conserved En.    Temperature Pressure (bar)
    4.54375e+04   -2.13274e+05   -2.37855e+07    3.16007e+02   -1.88004e+01

           Step           Time
       32000000   800000.00000

   Energies (kJ/mol)
           Bond       G96Angle        LJ (SR)   Coulomb (SR)      Potential
    1.51983e+04    2.97205e+03   -2.73215e+05   -2.85104e+03   -2.57895e+05
    Kinetic En.   Total Energy  Conserved En.    Temperature Pressure (bar)
    4.59240e+04   -2.11971e+05   -2.40840e+07    3.19391e+02    3.63889e+01

           Step           Time
       32400000   810000.00000

   Energies (kJ/mol)
           Bond       G96Angle        LJ (SR)   Coulomb (SR)      Potential
    1.52731e+04    2.98346e+03   -2.72868e+05   -2.83233e+03   -2.57444e+05
    Kinetic En.   Total Energy  Conserved En.    Temperature Pressure (bar)
    4.47002e+04   -2.12743e+05   -2.43822e+07    3.10880e+02   -4.15685e+00

           Step           Time
       32800000   820000.00000

   Energies (kJ/mol)
           Bond       G96Angle        LJ (SR)   Coulomb (SR)      Potential
    1.49814e+04    2.97675e+03   -2.73211e+05   -3.03294e+03   -2.58286e+05
    Kinetic En.   Total Energy  Conserved En.    Temperature Pressure (bar)
    4.57912e+04   -2.12495e+05   -2.46805e+07    3.18467e+02    5.02455e+01

           Step           Time
       33200000   830000.00000

   Energies (kJ/mol)
           Bond       G96Angle        LJ (SR)   Coulomb (SR)      Potential
    1.52324e+04    2.87009e+03   -2.73914e+05   -2.93574e+03   -2.58747e+05
    Kinetic En.   Total Energy  Conserved En.    Temperature Pressure (bar)
    4.56904e+04   -2.13056e+05   -2.49792e+07    3.17767e+02    2.03856e+01

           Step           Time
       33600000   840000.00000

   Energies (kJ/mol)
           Bond       G96Angle        LJ (SR)   Coulomb (SR)      Potential
    1.52954e+04    2.95822e+03   -2.73640e+05   -2.95240e+03   -2.58339e+05
    Kinetic En.   Total Energy  Conserved En.    Temperature Pressure (bar)
    4.44840e+04   -2.13855e+05   -2.52764e+07    3.09376e+02   -2.98633e+01

           Step           Time
       34000000   850000.00000

   Energies (kJ/mol)
           Bond       G96Angle        LJ (SR)   Coulomb (SR)      Potential
    1.54299e+04    3.00655e+03   -2.72816e+05   -2.86918e+03   -2.57248e+05
    Kinetic En.   Total Energy  Conserved En.    Temperature Pressure (bar)
    4.56452e+04   -2.11603e+05   -2.55746e+07    3.17452e+02    5.86818e+00

Writing checkpoint, step 34167875 at Fri May  9 16:26:17 2025


           Step           Time
       34400000   860000.00000

   Energies (kJ/mol)
           Bond       G96Angle        LJ (SR)   Coulomb (SR)      Potential
    1.53263e+04    2.98802e+03   -2.73597e+05   -2.82964e+03   -2.58112e+05
    Kinetic En.   Total Energy  Conserved En.    Temperature Pressure (bar)
    4.49093e+04   -2.13203e+05   -2.58734e+07    3.12334e+02    3.03150e+00

           Step           Time
       34800000   870000.00000

   Energies (kJ/mol)
           Bond       G96Angle        LJ (SR)   Coulomb (SR)      Potential
    1.55121e+04    2.94623e+03   -2.73157e+05   -2.89866e+03   -2.57597e+05
    Kinetic En.   Total Energy  Conserved En.    Temperature Pressure (bar)
    4.52261e+04   -2.12371e+05   -2.61720e+07    3.14537e+02    1.61586e+01

           Step           Time
       35200000   880000.00000

   Energies (kJ/mol)
           Bond       G96Angle        LJ (SR)   Coulomb (SR)      Potential
    1.50454e+04    2.83481e+03   -2.74145e+05   -2.77732e+03   -2.59043e+05
    Kinetic En.   Total Energy  Conserved En.    Temperature Pressure (bar)
    4.43513e+04   -2.14691e+05   -2.64707e+07    3.08453e+02   -9.27999e+00

           Step           Time
       35600000   890000.00000

   Energies (kJ/mol)
           Bond       G96Angle        LJ (SR)   Coulomb (SR)      Potential
    1.53051e+04    2.85702e+03   -2.74095e+05   -2.69229e+03   -2.58625e+05
    Kinetic En.   Total Energy  Conserved En.    Temperature Pressure (bar)
    4.50095e+04   -2.13615e+05   -2.67687e+07    3.13031e+02   -3.22673e-01

           Step           Time
       36000000   900000.00000

   Energies (kJ/mol)
           Bond       G96Angle        LJ (SR)   Coulomb (SR)      Potential
    1.52606e+04    2.91874e+03   -2.74804e+05   -2.87018e+03   -2.59495e+05
    Kinetic En.   Total Energy  Conserved En.    Temperature Pressure (bar)
    4.42883e+04   -2.15206e+05   -2.70665e+07    3.08015e+02   -5.02174e+01

           Step           Time
       36400000   910000.00000

   Energies (kJ/mol)
           Bond       G96Angle        LJ (SR)   Coulomb (SR)      Potential
    1.55416e+04    2.98047e+03   -2.73589e+05   -2.91280e+03   -2.57980e+05
    Kinetic En.   Total Energy  Conserved En.    Temperature Pressure (bar)
    4.56305e+04   -2.12350e+05   -2.73642e+07    3.17350e+02    4.81367e+00

Writing checkpoint, step 36796425 at Fri May  9 16:41:17 2025


           Step           Time
       36800000   920000.00000

   Energies (kJ/mol)
           Bond       G96Angle        LJ (SR)   Coulomb (SR)      Potential
    1.52493e+04    3.12155e+03   -2.73553e+05   -2.93802e+03   -2.58120e+05
    Kinetic En.   Total Energy  Conserved En.    Temperature Pressure (bar)
    4.52485e+04   -2.12872e+05   -2.76623e+07    3.14693e+02    1.28511e+01

           Step           Time
       37200000   930000.00000

   Energies (kJ/mol)
           Bond       G96Angle        LJ (SR)   Coulomb (SR)      Potential
    1.53256e+04    2.92806e+03   -2.74402e+05   -2.88505e+03   -2.59033e+05
    Kinetic En.   Total Energy  Conserved En.    Temperature Pressure (bar)
    4.53321e+04   -2.13701e+05   -2.79602e+07    3.15274e+02   -5.67850e+01

           Step           Time
       37600000   940000.00000

   Energies (kJ/mol)
           Bond       G96Angle        LJ (SR)   Coulomb (SR)      Potential
    1.51245e+04    2.93766e+03   -2.73796e+05   -2.83531e+03   -2.58569e+05
    Kinetic En.   Total Energy  Conserved En.    Temperature Pressure (bar)
    4.48411e+04   -2.13728e+05   -2.82582e+07    3.11859e+02   -5.53102e-01

           Step           Time
       38000000   950000.00000

   Energies (kJ/mol)
           Bond       G96Angle        LJ (SR)   Coulomb (SR)      Potential
    1.52347e+04    2.98675e+03   -2.73849e+05   -2.99486e+03   -2.58622e+05
    Kinetic En.   Total Energy  Conserved En.    Temperature Pressure (bar)
    4.43203e+04   -2.14302e+05   -2.85568e+07    3.08238e+02   -9.33448e+00

           Step           Time
       38400000   960000.00000

   Energies (kJ/mol)
           Bond       G96Angle        LJ (SR)   Coulomb (SR)      Potential
    1.53776e+04    2.92914e+03   -2.74604e+05   -2.91598e+03   -2.59213e+05
    Kinetic En.   Total Energy  Conserved En.    Temperature Pressure (bar)
    4.48030e+04   -2.14410e+05   -2.88548e+07    3.11595e+02   -4.80680e+00

           Step           Time
       38800000   970000.00000

   Energies (kJ/mol)
           Bond       G96Angle        LJ (SR)   Coulomb (SR)      Potential
    1.53885e+04    2.92134e+03   -2.74526e+05   -2.88968e+03   -2.59106e+05
    Kinetic En.   Total Energy  Conserved En.    Temperature Pressure (bar)
    4.41198e+04   -2.14986e+05   -2.91538e+07    3.06843e+02   -7.14577e+01

           Step           Time
       39200000   980000.00000

   Energies (kJ/mol)
           Bond       G96Angle        LJ (SR)   Coulomb (SR)      Potential
    1.47984e+04    2.87379e+03   -2.73818e+05   -2.93973e+03   -2.59085e+05
    Kinetic En.   Total Energy  Conserved En.    Temperature Pressure (bar)
    4.49138e+04   -2.14172e+05   -2.94523e+07    3.12365e+02   -2.52894e+01

Writing checkpoint, step 39422725 at Fri May  9 16:56:17 2025


           Step           Time
       39600000   990000.00000

   Energies (kJ/mol)
           Bond       G96Angle        LJ (SR)   Coulomb (SR)      Potential
    1.51162e+04    3.02320e+03   -2.73668e+05   -2.87130e+03   -2.58400e+05
    Kinetic En.   Total Energy  Conserved En.    Temperature Pressure (bar)
    4.53086e+04   -2.13092e+05   -2.97503e+07    3.15111e+02    8.75640e+00

           Step           Time
       40000000   1000000.00000

   Energies (kJ/mol)
           Bond       G96Angle        LJ (SR)   Coulomb (SR)      Potential
    1.53166e+04    2.88262e+03   -2.73486e+05   -2.85639e+03   -2.58143e+05
    Kinetic En.   Total Energy  Conserved En.    Temperature Pressure (bar)
    4.50599e+04   -2.13083e+05   -3.00484e+07    3.13381e+02    8.16615e-01

           Step           Time
       40400000   1010000.00000

   Energies (kJ/mol)
           Bond       G96Angle        LJ (SR)   Coulomb (SR)      Potential
    1.49619e+04    2.92273e+03   -2.74219e+05   -2.82952e+03   -2.59164e+05
    Kinetic En.   Total Energy  Conserved En.    Temperature Pressure (bar)
    4.42455e+04   -2.14919e+05   -3.03468e+07    3.07718e+02    2.19723e+01

           Step           Time
       40800000   1020000.00000

   Energies (kJ/mol)
           Bond       G96Angle        LJ (SR)   Coulomb (SR)      Potential
    1.50432e+04    2.97704e+03   -2.73584e+05   -2.93156e+03   -2.58496e+05
    Kinetic En.   Total Energy  Conserved En.    Temperature Pressure (bar)
    4.53307e+04   -2.13165e+05   -3.06459e+07    3.15265e+02    5.11592e+00

           Step           Time
       41200000   1030000.00000

   Energies (kJ/mol)
           Bond       G96Angle        LJ (SR)   Coulomb (SR)      Potential
    1.54770e+04    2.90259e+03   -2.73219e+05   -2.90895e+03   -2.57749e+05
    Kinetic En.   Total Energy  Conserved En.    Temperature Pressure (bar)
    4.50583e+04   -2.12690e+05   -3.09443e+07    3.13370e+02    3.17380e+01

           Step           Time
       41600000   1040000.00000

   Energies (kJ/mol)
           Bond       G96Angle        LJ (SR)   Coulomb (SR)      Potential
    1.51034e+04    2.91879e+03   -2.73458e+05   -2.90370e+03   -2.58339e+05
    Kinetic En.   Total Energy  Conserved En.    Temperature Pressure (bar)
    4.56002e+04   -2.12739e+05   -3.12426e+07    3.17139e+02    6.09506e+00

           Step           Time
       42000000   1050000.00000

   Energies (kJ/mol)
           Bond       G96Angle        LJ (SR)   Coulomb (SR)      Potential
    1.50919e+04    2.87078e+03   -2.73767e+05   -2.88762e+03   -2.58692e+05
    Kinetic En.   Total Energy  Conserved En.    Temperature Pressure (bar)
    4.46084e+04   -2.14083e+05   -3.15411e+07    3.10241e+02    2.95378e+01

Writing checkpoint, step 42050625 at Fri May  9 17:11:17 2025


           Step           Time
       42400000   1060000.00000

   Energies (kJ/mol)
           Bond       G96Angle        LJ (SR)   Coulomb (SR)      Potential
    1.52388e+04    2.98242e+03   -2.73499e+05   -2.92930e+03   -2.58207e+05
    Kinetic En.   Total Energy  Conserved En.    Temperature Pressure (bar)
    4.52768e+04   -2.12931e+05   -3.18394e+07    3.14890e+02    3.66890e+00

           Step           Time
       42800000   1070000.00000

   Energies (kJ/mol)
           Bond       G96Angle        LJ (SR)   Coulomb (SR)      Potential
    1.50915e+04    2.91743e+03   -2.73008e+05   -3.04278e+03   -2.58042e+05
    Kinetic En.   Total Energy  Conserved En.    Temperature Pressure (bar)
    4.54910e+04   -2.12550e+05   -3.21377e+07    3.16380e+02    5.06944e+00

           Step           Time
       43200000   1080000.00000

   Energies (kJ/mol)
           Bond       G96Angle        LJ (SR)   Coulomb (SR)      Potential
    1.52935e+04    2.92182e+03   -2.73125e+05   -2.82307e+03   -2.57733e+05
    Kinetic En.   Total Energy  Conserved En.    Temperature Pressure (bar)
    4.47930e+04   -2.12940e+05   -3.24356e+07    3.11525e+02    5.61225e+01

           Step           Time
       43600000   1090000.00000

   Energies (kJ/mol)
           Bond       G96Angle        LJ (SR)   Coulomb (SR)      Potential
    1.50126e+04    2.78539e+03   -2.73364e+05   -2.79288e+03   -2.58359e+05
    Kinetic En.   Total Energy  Conserved En.    Temperature Pressure (bar)
    4.41523e+04   -2.14207e+05   -3.27336e+07    3.07069e+02    2.94899e+00

           Step           Time
       44000000   1100000.00000

   Energies (kJ/mol)
           Bond       G96Angle        LJ (SR)   Coulomb (SR)      Potential
    1.53796e+04    2.87773e+03   -2.73638e+05   -2.99509e+03   -2.58375e+05
    Kinetic En.   Total Energy  Conserved En.    Temperature Pressure (bar)
    4.45810e+04   -2.13794e+05   -3.30320e+07    3.10051e+02    9.79386e-01

           Step           Time
       44400000   1110000.00000

   Energies (kJ/mol)
           Bond       G96Angle        LJ (SR)   Coulomb (SR)      Potential
    1.53148e+04    2.95455e+03   -2.74272e+05   -2.73001e+03   -2.58732e+05
    Kinetic En.   Total Energy  Conserved En.    Temperature Pressure (bar)
    4.51260e+04   -2.13606e+05   -3.33305e+07    3.13841e+02   -8.58878e+00

Writing checkpoint, step 44678225 at Fri May  9 17:26:17 2025


           Step           Time
       44800000   1120000.00000

   Energies (kJ/mol)
           Bond       G96Angle        LJ (SR)   Coulomb (SR)      Potential
    1.54935e+04    3.07147e+03   -2.73157e+05   -2.79276e+03   -2.57385e+05
    Kinetic En.   Total Energy  Conserved En.    Temperature Pressure (bar)
    4.51441e+04   -2.12241e+05   -3.36293e+07    3.13967e+02   -4.80720e-01

           Step           Time
       45200000   1130000.00000

   Energies (kJ/mol)
           Bond       G96Angle        LJ (SR)   Coulomb (SR)      Potential
    1.52165e+04    2.98417e+03   -2.74151e+05   -2.85201e+03   -2.58802e+05
    Kinetic En.   Total Energy  Conserved En.    Temperature Pressure (bar)
    4.57505e+04   -2.13052e+05   -3.39283e+07    3.18184e+02   -2.30908e+01

           Step           Time
       45600000   1140000.00000

   Energies (kJ/mol)
           Bond       G96Angle        LJ (SR)   Coulomb (SR)      Potential
    1.50281e+04    3.00353e+03   -2.73002e+05   -2.84227e+03   -2.57812e+05
    Kinetic En.   Total Energy  Conserved En.    Temperature Pressure (bar)
    4.52047e+04   -2.12608e+05   -3.42270e+07    3.14389e+02    1.39711e+01

           Step           Time
       46000000   1150000.00000

   Energies (kJ/mol)
           Bond       G96Angle        LJ (SR)   Coulomb (SR)      Potential
    1.52715e+04    2.93873e+03   -2.73081e+05   -2.83837e+03   -2.57709e+05
    Kinetic En.   Total Energy  Conserved En.    Temperature Pressure (bar)
    4.51740e+04   -2.12535e+05   -3.45254e+07    3.14175e+02    3.40834e+01

           Step           Time
       46400000   1160000.00000

   Energies (kJ/mol)
           Bond       G96Angle        LJ (SR)   Coulomb (SR)      Potential
    1.52235e+04    2.85923e+03   -2.72938e+05   -2.84990e+03   -2.57706e+05
    Kinetic En.   Total Energy  Conserved En.    Temperature Pressure (bar)
    4.52197e+04   -2.12486e+05   -3.48235e+07    3.14493e+02    3.31563e+01

           Step           Time
       46800000   1170000.00000

   Energies (kJ/mol)
           Bond       G96Angle        LJ (SR)   Coulomb (SR)      Potential
    1.53261e+04    2.92239e+03   -2.74132e+05   -2.81432e+03   -2.58698e+05
    Kinetic En.   Total Energy  Conserved En.    Temperature Pressure (bar)
    4.50173e+04   -2.13680e+05   -3.51220e+07    3.13085e+02    6.31900e-01

           Step           Time
       47200000   1180000.00000

   Energies (kJ/mol)
           Bond       G96Angle        LJ (SR)   Coulomb (SR)      Potential
    1.50300e+04    2.86741e+03   -2.73793e+05   -2.95177e+03   -2.58847e+05
    Kinetic En.   Total Energy  Conserved En.    Temperature Pressure (bar)
    4.46385e+04   -2.14209e+05   -3.54197e+07    3.10450e+02   -2.57690e+01

Writing checkpoint, step 47302325 at Fri May  9 17:41:17 2025


           Step           Time
       47600000   1190000.00000

   Energies (kJ/mol)
           Bond       G96Angle        LJ (SR)   Coulomb (SR)      Potential
    1.54166e+04    2.95610e+03   -2.73147e+05   -2.95827e+03   -2.57732e+05
    Kinetic En.   Total Energy  Conserved En.    Temperature Pressure (bar)
    4.51084e+04   -2.12624e+05   -3.57172e+07    3.13719e+02    5.64201e+01

           Step           Time
       48000000   1200000.00000

   Energies (kJ/mol)
           Bond       G96Angle        LJ (SR)   Coulomb (SR)      Potential
    1.50554e+04    2.92495e+03   -2.73495e+05   -2.88401e+03   -2.58399e+05
    Kinetic En.   Total Energy  Conserved En.    Temperature Pressure (bar)
    4.47321e+04   -2.13667e+05   -3.60150e+07    3.11101e+02    4.50707e+01

           Step           Time
       48400000   1210000.00000

   Energies (kJ/mol)
           Bond       G96Angle        LJ (SR)   Coulomb (SR)      Potential
    1.51335e+04    3.03824e+03   -2.73720e+05   -2.79682e+03   -2.58345e+05
    Kinetic En.   Total Energy  Conserved En.    Temperature Pressure (bar)
    4.50834e+04   -2.13262e+05   -3.63124e+07    3.13545e+02    2.68425e+01

           Step           Time
       48800000   1220000.00000

   Energies (kJ/mol)
           Bond       G96Angle        LJ (SR)   Coulomb (SR)      Potential
    1.50391e+04    2.89366e+03   -2.73414e+05   -2.82350e+03   -2.58305e+05
    Kinetic En.   Total Energy  Conserved En.    Temperature Pressure (bar)
    4.40468e+04   -2.14258e+05   -3.66105e+07    3.06335e+02    4.40108e+01

           Step           Time
       49200000   1230000.00000

   Energies (kJ/mol)
           Bond       G96Angle        LJ (SR)   Coulomb (SR)      Potential
    1.51449e+04    2.96688e+03   -2.74508e+05   -2.95393e+03   -2.59350e+05
    Kinetic En.   Total Energy  Conserved En.    Temperature Pressure (bar)
    4.41075e+04   -2.15242e+05   -3.69087e+07    3.06758e+02   -3.80403e+01

           Step           Time
       49600000   1240000.00000

   Energies (kJ/mol)
           Bond       G96Angle        LJ (SR)   Coulomb (SR)      Potential
    1.50077e+04    2.97198e+03   -2.74003e+05   -2.86850e+03   -2.58891e+05
    Kinetic En.   Total Energy  Conserved En.    Temperature Pressure (bar)
    4.47834e+04   -2.14108e+05   -3.72065e+07    3.11458e+02   -5.51498e+00

Writing checkpoint, step 49929550 at Fri May  9 17:56:17 2025


           Step           Time
       50000000   1250000.00000

   Energies (kJ/mol)
           Bond       G96Angle        LJ (SR)   Coulomb (SR)      Potential
    1.50276e+04    2.88048e+03   -2.74023e+05   -2.79576e+03   -2.58911e+05
    Kinetic En.   Total Energy  Conserved En.    Temperature Pressure (bar)
    4.41905e+04   -2.14720e+05   -3.75039e+07    3.07335e+02   -7.09258e+01

           Step           Time
       50400000   1260000.00000

   Energies (kJ/mol)
           Bond       G96Angle        LJ (SR)   Coulomb (SR)      Potential
    1.49062e+04    2.85020e+03   -2.73729e+05   -2.96320e+03   -2.58935e+05
    Kinetic En.   Total Energy  Conserved En.    Temperature Pressure (bar)
    4.45587e+04   -2.14377e+05   -3.78023e+07    3.09895e+02   -3.10845e-01

           Step           Time
       50800000   1270000.00000

   Energies (kJ/mol)
           Bond       G96Angle        LJ (SR)   Coulomb (SR)      Potential
    1.51973e+04    2.98361e+03   -2.72929e+05   -2.88188e+03   -2.57630e+05
    Kinetic En.   Total Energy  Conserved En.    Temperature Pressure (bar)
    4.58247e+04   -2.11805e+05   -3.81010e+07    3.18700e+02    4.83445e+00

           Step           Time
       51200000   1280000.00000

   Energies (kJ/mol)
           Bond       G96Angle        LJ (SR)   Coulomb (SR)      Potential
    1.51816e+04    2.95696e+03   -2.74012e+05   -2.81405e+03   -2.58688e+05
    Kinetic En.   Total Energy  Conserved En.    Temperature Pressure (bar)
    4.51698e+04   -2.13518e+05   -3.83995e+07    3.14145e+02   -1.74617e+01

           Step           Time
       51600000   1290000.00000

   Energies (kJ/mol)
           Bond       G96Angle        LJ (SR)   Coulomb (SR)      Potential
    1.53449e+04    2.92777e+03   -2.73231e+05   -2.85914e+03   -2.57818e+05
    Kinetic En.   Total Energy  Conserved En.    Temperature Pressure (bar)
    4.52732e+04   -2.12544e+05   -3.86973e+07    3.14865e+02    3.45853e+01

           Step           Time
       52000000   1300000.00000

   Energies (kJ/mol)
           Bond       G96Angle        LJ (SR)   Coulomb (SR)      Potential
    1.51477e+04    2.96174e+03   -2.73174e+05   -2.88411e+03   -2.57949e+05
    Kinetic En.   Total Energy  Conserved En.    Temperature Pressure (bar)
    4.47938e+04   -2.13155e+05   -3.89953e+07    3.11531e+02   -7.31272e+00

           Step           Time
       52400000   1310000.00000

   Energies (kJ/mol)
           Bond       G96Angle        LJ (SR)   Coulomb (SR)      Potential
    1.48221e+04    2.90526e+03   -2.74338e+05   -2.86345e+03   -2.59475e+05
    Kinetic En.   Total Energy  Conserved En.    Temperature Pressure (bar)
    4.46435e+04   -2.14831e+05   -3.92939e+07    3.10485e+02    3.99052e+01

Writing checkpoint, step 52556600 at Fri May  9 18:11:17 2025


           Step           Time
       52800000   1320000.00000

   Energies (kJ/mol)
           Bond       G96Angle        LJ (SR)   Coulomb (SR)      Potential
    1.51846e+04    2.91570e+03   -2.73752e+05   -2.88864e+03   -2.58540e+05
    Kinetic En.   Total Energy  Conserved En.    Temperature Pressure (bar)
    4.55737e+04   -2.12966e+05   -3.95924e+07    3.16955e+02    3.54477e+01

           Step           Time
       53200000   1330000.00000

   Energies (kJ/mol)
           Bond       G96Angle        LJ (SR)   Coulomb (SR)      Potential
    1.52426e+04    3.02743e+03   -2.74302e+05   -2.90158e+03   -2.58934e+05
    Kinetic En.   Total Energy  Conserved En.    Temperature Pressure (bar)
    4.50082e+04   -2.13925e+05   -3.98908e+07    3.13022e+02   -2.89998e+01

           Step           Time
       53600000   1340000.00000

   Energies (kJ/mol)
           Bond       G96Angle        LJ (SR)   Coulomb (SR)      Potential
    1.52134e+04    2.98773e+03   -2.72856e+05   -2.82980e+03   -2.57485e+05
    Kinetic En.   Total Energy  Conserved En.    Temperature Pressure (bar)
    4.55795e+04   -2.11905e+05   -4.01894e+07    3.16995e+02    4.68116e+01

           Step           Time
       54000000   1350000.00000

   Energies (kJ/mol)
           Bond       G96Angle        LJ (SR)   Coulomb (SR)      Potential
    1.49103e+04    2.88736e+03   -2.73369e+05   -2.96169e+03   -2.58533e+05
    Kinetic En.   Total Energy  Conserved En.    Temperature Pressure (bar)
    4.54884e+04   -2.13045e+05   -4.04877e+07    3.16361e+02    1.58304e+01

           Step           Time
       54400000   1360000.00000

   Energies (kJ/mol)
           Bond       G96Angle        LJ (SR)   Coulomb (SR)      Potential
    1.50581e+04    2.92769e+03   -2.73541e+05   -2.82183e+03   -2.58378e+05
    Kinetic En.   Total Energy  Conserved En.    Temperature Pressure (bar)
    4.55993e+04   -2.12778e+05   -4.07860e+07    3.17133e+02   -4.88486e+00

           Step           Time
       54800000   1370000.00000

   Energies (kJ/mol)
           Bond       G96Angle        LJ (SR)   Coulomb (SR)      Potential
    1.52036e+04    2.89728e+03   -2.73392e+05   -2.90528e+03   -2.58197e+05
    Kinetic En.   Total Energy  Conserved En.    Temperature Pressure (bar)
    4.49062e+04   -2.13290e+05   -4.10845e+07    3.12313e+02   -1.20774e+01

Writing checkpoint, step 55185925 at Fri May  9 18:26:17 2025


           Step           Time
       55200000   1380000.00000

   Energies (kJ/mol)
           Bond       G96Angle        LJ (SR)   Coulomb (SR)      Potential
    1.52116e+04    2.95267e+03   -2.73507e+05   -2.82559e+03   -2.58168e+05
    Kinetic En.   Total Energy  Conserved En.    Temperature Pressure (bar)
    4.50766e+04   -2.13092e+05   -4.13828e+07    3.13497e+02   -4.05407e+00

           Step           Time
       55600000   1390000.00000

   Energies (kJ/mol)
           Bond       G96Angle        LJ (SR)   Coulomb (SR)      Potential
    1.51636e+04    3.05025e+03   -2.72957e+05   -2.75558e+03   -2.57499e+05
    Kinetic En.   Total Energy  Conserved En.    Temperature Pressure (bar)
    4.55483e+04   -2.11951e+05   -4.16809e+07    3.16778e+02    6.28427e+01

           Step           Time
       56000000   1400000.00000

   Energies (kJ/mol)
           Bond       G96Angle        LJ (SR)   Coulomb (SR)      Potential
    1.50044e+04    3.04318e+03   -2.74202e+05   -2.87605e+03   -2.59030e+05
    Kinetic En.   Total Energy  Conserved En.    Temperature Pressure (bar)
    4.47530e+04   -2.14277e+05   -4.19795e+07    3.11247e+02   -5.69712e+00

           Step           Time
       56400000   1410000.00000

   Energies (kJ/mol)
           Bond       G96Angle        LJ (SR)   Coulomb (SR)      Potential
    1.52112e+04    2.84065e+03   -2.73508e+05   -2.81762e+03   -2.58273e+05
    Kinetic En.   Total Energy  Conserved En.    Temperature Pressure (bar)
    4.49211e+04   -2.13352e+05   -4.22773e+07    3.12416e+02   -9.67728e+00

           Step           Time
       56800000   1420000.00000

   Energies (kJ/mol)
           Bond       G96Angle        LJ (SR)   Coulomb (SR)      Potential
    1.49782e+04    2.91388e+03   -2.73555e+05   -2.93155e+03   -2.58595e+05
    Kinetic En.   Total Energy  Conserved En.    Temperature Pressure (bar)
    4.59688e+04   -2.12626e+05   -4.25751e+07    3.19703e+02    4.23757e+01

           Step           Time
       57200000   1430000.00000

   Energies (kJ/mol)
           Bond       G96Angle        LJ (SR)   Coulomb (SR)      Potential
    1.54716e+04    2.99907e+03   -2.73368e+05   -2.99842e+03   -2.57896e+05
    Kinetic En.   Total Energy  Conserved En.    Temperature Pressure (bar)
    4.61372e+04   -2.11759e+05   -4.28730e+07    3.20873e+02   -1.80217e+01

           Step           Time
       57600000   1440000.00000

   Energies (kJ/mol)
           Bond       G96Angle        LJ (SR)   Coulomb (SR)      Potential
    1.49927e+04    2.93356e+03   -2.73299e+05   -2.89057e+03   -2.58263e+05
    Kinetic En.   Total Energy  Conserved En.    Temperature Pressure (bar)
    4.47100e+04   -2.13554e+05   -4.31710e+07    3.10948e+02    3.03250e+01

Writing checkpoint, step 57814550 at Fri May  9 18:41:17 2025


           Step           Time
       58000000   1450000.00000

   Energies (kJ/mol)
           Bond       G96Angle        LJ (SR)   Coulomb (SR)      Potential
    1.54042e+04    2.93666e+03   -2.73530e+05   -2.88644e+03   -2.58075e+05
    Kinetic En.   Total Energy  Conserved En.    Temperature Pressure (bar)
    4.55100e+04   -2.12565e+05   -4.34690e+07    3.16512e+02    7.91880e+01

           Step           Time
       58400000   1460000.00000

   Energies (kJ/mol)
           Bond       G96Angle        LJ (SR)   Coulomb (SR)      Potential
    1.54436e+04    3.10609e+03   -2.73213e+05   -2.88819e+03   -2.57551e+05
    Kinetic En.   Total Energy  Conserved En.    Temperature Pressure (bar)
    4.56778e+04   -2.11874e+05   -4.37678e+07    3.17678e+02    2.02941e+01

           Step           Time
       58800000   1470000.00000

   Energies (kJ/mol)
           Bond       G96Angle        LJ (SR)   Coulomb (SR)      Potential
    1.54593e+04    2.79395e+03   -2.73012e+05   -2.88029e+03   -2.57639e+05
    Kinetic En.   Total Energy  Conserved En.    Temperature Pressure (bar)
    4.58235e+04   -2.11815e+05   -4.40661e+07    3.18692e+02    3.25362e+01

           Step           Time
       59200000   1480000.00000

   Energies (kJ/mol)
           Bond       G96Angle        LJ (SR)   Coulomb (SR)      Potential
    1.52551e+04    2.84887e+03   -2.74395e+05   -2.82539e+03   -2.59116e+05
    Kinetic En.   Total Energy  Conserved En.    Temperature Pressure (bar)
    4.43776e+04   -2.14738e+05   -4.43648e+07    3.08636e+02    9.59094e+00

           Step           Time
       59600000   1490000.00000

   Energies (kJ/mol)
           Bond       G96Angle        LJ (SR)   Coulomb (SR)      Potential
    1.55064e+04    3.00195e+03   -2.74037e+05   -2.88111e+03   -2.58410e+05
    Kinetic En.   Total Energy  Conserved En.    Temperature Pressure (bar)
    4.45078e+04   -2.13902e+05   -4.46632e+07    3.09542e+02   -1.21247e+01

           Step           Time
       60000000   1500000.00000

   Energies (kJ/mol)
           Bond       G96Angle        LJ (SR)   Coulomb (SR)      Potential
    1.53997e+04    2.88618e+03   -2.73882e+05   -2.93507e+03   -2.58531e+05
    Kinetic En.   Total Energy  Conserved En.    Temperature Pressure (bar)
    4.48643e+04   -2.13667e+05   -4.49619e+07    3.12021e+02   -2.57893e+01

           Step           Time
       60400000   1510000.00000

   Energies (kJ/mol)
           Bond       G96Angle        LJ (SR)   Coulomb (SR)      Potential
    1.52777e+04    3.01021e+03   -2.73974e+05   -2.83311e+03   -2.58520e+05
    Kinetic En.   Total Energy  Conserved En.    Temperature Pressure (bar)
    4.42697e+04   -2.14250e+05   -4.52598e+07    3.07885e+02   -1.41303e+01

Writing checkpoint, step 60442175 at Fri May  9 18:56:17 2025


           Step           Time
       60800000   1520000.00000

   Energies (kJ/mol)
           Bond       G96Angle        LJ (SR)   Coulomb (SR)      Potential
    1.54562e+04    3.02585e+03   -2.74174e+05   -2.88954e+03   -2.58582e+05
    Kinetic En.   Total Energy  Conserved En.    Temperature Pressure (bar)
    4.43292e+04   -2.14253e+05   -4.55578e+07    3.08300e+02   -2.08425e+01

           Step           Time
       61200000   1530000.00000

   Energies (kJ/mol)
           Bond       G96Angle        LJ (SR)   Coulomb (SR)      Potential
    1.51317e+04    2.92018e+03   -2.72880e+05   -2.76784e+03   -2.57596e+05
    Kinetic En.   Total Energy  Conserved En.    Temperature Pressure (bar)
    4.50481e+04   -2.12548e+05   -4.58563e+07    3.13299e+02    5.36283e+01

           Step           Time
       61600000   1540000.00000

   Energies (kJ/mol)
           Bond       G96Angle        LJ (SR)   Coulomb (SR)      Potential
    1.52265e+04    2.88584e+03   -2.74599e+05   -2.76676e+03   -2.59253e+05
    Kinetic En.   Total Energy  Conserved En.    Temperature Pressure (bar)
    4.42693e+04   -2.14984e+05   -4.61546e+07    3.07883e+02   -5.03394e+01

           Step           Time
       62000000   1550000.00000

   Energies (kJ/mol)
           Bond       G96Angle        LJ (SR)   Coulomb (SR)      Potential
    1.51602e+04    3.02535e+03   -2.73823e+05   -2.86288e+03   -2.58500e+05
    Kinetic En.   Total Energy  Conserved En.    Temperature Pressure (bar)
    4.51424e+04   -2.13358e+05   -4.64523e+07    3.13955e+02   -1.27146e+01

           Step           Time
       62400000   1560000.00000

   Energies (kJ/mol)
           Bond       G96Angle        LJ (SR)   Coulomb (SR)      Potential
    1.51398e+04    2.89600e+03   -2.74002e+05   -3.00116e+03   -2.58967e+05
    Kinetic En.   Total Energy  Conserved En.    Temperature Pressure (bar)
    4.46518e+04   -2.14316e+05   -4.67511e+07    3.10543e+02   -3.72935e+01

           Step           Time
       62800000   1570000.00000

   Energies (kJ/mol)
           Bond       G96Angle        LJ (SR)   Coulomb (SR)      Potential
    1.51764e+04    3.08977e+03   -2.73574e+05   -2.85176e+03   -2.58160e+05
    Kinetic En.   Total Energy  Conserved En.    Temperature Pressure (bar)
    4.47238e+04   -2.13436e+05   -4.70494e+07    3.11044e+02   -2.05957e+01

Writing checkpoint, step 63071100 at Fri May  9 19:11:17 2025


           Step           Time
       63200000   1580000.00000

   Energies (kJ/mol)
           Bond       G96Angle        LJ (SR)   Coulomb (SR)      Potential
    1.51952e+04    2.91005e+03   -2.73894e+05   -2.78603e+03   -2.58575e+05
    Kinetic En.   Total Energy  Conserved En.    Temperature Pressure (bar)
    4.49307e+04   -2.13645e+05   -4.73484e+07    3.12483e+02   -1.87012e+01

           Step           Time
       63600000   1590000.00000

   Energies (kJ/mol)
           Bond       G96Angle        LJ (SR)   Coulomb (SR)      Potential
    1.47425e+04    2.89418e+03   -2.74079e+05   -2.90697e+03   -2.59349e+05
    Kinetic En.   Total Energy  Conserved En.    Temperature Pressure (bar)
    4.48368e+04   -2.14513e+05   -4.76467e+07    3.11830e+02    1.90820e+01

           Step           Time
       64000000   1600000.00000

   Energies (kJ/mol)
           Bond       G96Angle        LJ (SR)   Coulomb (SR)      Potential
    1.48448e+04    3.04391e+03   -2.74148e+05   -2.81896e+03   -2.59079e+05
    Kinetic En.   Total Energy  Conserved En.    Temperature Pressure (bar)
    4.43721e+04   -2.14706e+05   -4.79454e+07    3.08598e+02   -1.36810e+01

           Step           Time
       64400000   1610000.00000

   Energies (kJ/mol)
           Bond       G96Angle        LJ (SR)   Coulomb (SR)      Potential
    1.52428e+04    2.93019e+03   -2.73481e+05   -2.91433e+03   -2.58222e+05
    Kinetic En.   Total Energy  Conserved En.    Temperature Pressure (bar)
    4.49294e+04   -2.13293e+05   -4.82439e+07    3.12474e+02   -5.78666e+00

           Step           Time
       64800000   1620000.00000

   Energies (kJ/mol)
           Bond       G96Angle        LJ (SR)   Coulomb (SR)      Potential
    1.51395e+04    2.89774e+03   -2.73613e+05   -2.98567e+03   -2.58561e+05
    Kinetic En.   Total Energy  Conserved En.    Temperature Pressure (bar)
    4.48536e+04   -2.13708e+05   -4.85423e+07    3.11947e+02    1.29678e+01

           Step           Time
       65200000   1630000.00000

   Energies (kJ/mol)
           Bond       G96Angle        LJ (SR)   Coulomb (SR)      Potential
    1.53103e+04    3.02752e+03   -2.73194e+05   -2.85654e+03   -2.57713e+05
    Kinetic En.   Total Energy  Conserved En.    Temperature Pressure (bar)
    4.56077e+04   -2.12105e+05   -4.88411e+07    3.17191e+02    4.77830e+01

           Step           Time
       65600000   1640000.00000

   Energies (kJ/mol)
           Bond       G96Angle        LJ (SR)   Coulomb (SR)      Potential
    1.53176e+04    2.88933e+03   -2.73196e+05   -2.94607e+03   -2.57935e+05
    Kinetic En.   Total Energy  Conserved En.    Temperature Pressure (bar)
    4.42520e+04   -2.13683e+05   -4.91389e+07    3.07763e+02    2.91089e+01

Writing checkpoint, step 65699300 at Fri May  9 19:26:17 2025


           Step           Time
       66000000   1650000.00000

   Energies (kJ/mol)
           Bond       G96Angle        LJ (SR)   Coulomb (SR)      Potential
    1.54381e+04    3.21816e+03   -2.73333e+05   -2.78855e+03   -2.57466e+05
    Kinetic En.   Total Energy  Conserved En.    Temperature Pressure (bar)
    4.42286e+04   -2.13237e+05   -4.94378e+07    3.07600e+02    4.49040e+01

           Step           Time
       66400000   1660000.00000

   Energies (kJ/mol)
           Bond       G96Angle        LJ (SR)   Coulomb (SR)      Potential
    1.54853e+04    2.96341e+03   -2.73817e+05   -2.94776e+03   -2.58316e+05
    Kinetic En.   Total Energy  Conserved En.    Temperature Pressure (bar)
    4.58100e+04   -2.12506e+05   -4.97363e+07    3.18598e+02    2.89721e+01

           Step           Time
       66800000   1670000.00000

   Energies (kJ/mol)
           Bond       G96Angle        LJ (SR)   Coulomb (SR)      Potential
    1.49604e+04    2.94324e+03   -2.74393e+05   -2.74488e+03   -2.59234e+05
    Kinetic En.   Total Energy  Conserved En.    Temperature Pressure (bar)
    4.50595e+04   -2.14175e+05   -5.00351e+07    3.13379e+02    2.73422e+01

           Step           Time
       67200000   1680000.00000

   Energies (kJ/mol)
           Bond       G96Angle        LJ (SR)   Coulomb (SR)      Potential
    1.49094e+04    2.96717e+03   -2.74457e+05   -2.99326e+03   -2.59573e+05
    Kinetic En.   Total Energy  Conserved En.    Temperature Pressure (bar)
    4.46873e+04   -2.14886e+05   -5.03338e+07    3.10790e+02   -3.85938e+01

           Step           Time
       67600000   1690000.00000

   Energies (kJ/mol)
           Bond       G96Angle        LJ (SR)   Coulomb (SR)      Potential
    1.53049e+04    3.05205e+03   -2.73654e+05   -2.86351e+03   -2.58160e+05
    Kinetic En.   Total Energy  Conserved En.    Temperature Pressure (bar)
    4.49540e+04   -2.13206e+05   -5.06323e+07    3.12645e+02   -1.96406e+00

           Step           Time
       68000000   1700000.00000

   Energies (kJ/mol)
           Bond       G96Angle        LJ (SR)   Coulomb (SR)      Potential
    1.48579e+04    2.89076e+03   -2.73096e+05   -2.94563e+03   -2.58293e+05
    Kinetic En.   Total Energy  Conserved En.    Temperature Pressure (bar)
    4.46350e+04   -2.13658e+05   -5.09307e+07    3.10426e+02    4.73307e+01

Writing checkpoint, step 68326725 at Fri May  9 19:41:17 2025


           Step           Time
       68400000   1710000.00000

   Energies (kJ/mol)
           Bond       G96Angle        LJ (SR)   Coulomb (SR)      Potential
    1.49961e+04    2.95308e+03   -2.73145e+05   -2.85462e+03   -2.58050e+05
    Kinetic En.   Total Energy  Conserved En.    Temperature Pressure (bar)
    4.54736e+04   -2.12576e+05   -5.12293e+07    3.16259e+02    7.30008e+00

           Step           Time
       68800000   1720000.00000

   Energies (kJ/mol)
           Bond       G96Angle        LJ (SR)   Coulomb (SR)      Potential
    1.52536e+04    2.94462e+03   -2.73404e+05   -2.76136e+03   -2.57967e+05
    Kinetic En.   Total Energy  Conserved En.    Temperature Pressure (bar)
    4.49423e+04   -2.13024e+05   -5.15278e+07    3.12564e+02    2.84808e+01

           Step           Time
       69200000   1730000.00000

   Energies (kJ/mol)
           Bond       G96Angle        LJ (SR)   Coulomb (SR)      Potential
    1.53318e+04    2.91085e+03   -2.74089e+05   -2.88427e+03   -2.58730e+05
    Kinetic En.   Total Energy  Conserved En.    Temperature Pressure (bar)
    4.48019e+04   -2.13928e+05   -5.18256e+07    3.11587e+02    3.54017e+01

           Step           Time
       69600000   1740000.00000

   Energies (kJ/mol)
           Bond       G96Angle        LJ (SR)   Coulomb (SR)      Potential
    1.48737e+04    2.96104e+03   -2.72596e+05   -2.76806e+03   -2.57530e+05
    Kinetic En.   Total Energy  Conserved En.    Temperature Pressure (bar)
    4.53517e+04   -2.12178e+05   -5.21242e+07    3.15411e+02    1.85522e+01

           Step           Time
       70000000   1750000.00000

   Energies (kJ/mol)
           Bond       G96Angle        LJ (SR)   Coulomb (SR)      Potential
    1.50342e+04    3.06962e+03   -2.74324e+05   -2.87676e+03   -2.59097e+05
    Kinetic En.   Total Energy  Conserved En.    Temperature Pressure (bar)
    4.41883e+04   -2.14909e+05   -5.24224e+07    3.07320e+02   -3.56241e+01

           Step           Time
       70400000   1760000.00000

   Energies (kJ/mol)
           Bond       G96Angle        LJ (SR)   Coulomb (SR)      Potential
    1.51521e+04    3.00290e+03   -2.73456e+05   -2.99077e+03   -2.58292e+05
    Kinetic En.   Total Energy  Conserved En.    Temperature Pressure (bar)
    4.44108e+04   -2.13881e+05   -5.27208e+07    3.08867e+02    3.88557e+01

           Step           Time
       70800000   1770000.00000

   Energies (kJ/mol)
           Bond       G96Angle        LJ (SR)   Coulomb (SR)      Potential
    1.51309e+04    3.01677e+03   -2.73013e+05   -2.98801e+03   -2.57854e+05
    Kinetic En.   Total Energy  Conserved En.    Temperature Pressure (bar)
    4.57756e+04   -2.12078e+05   -5.30190e+07    3.18359e+02    3.40615e+01

Writing checkpoint, step 70951400 at Fri May  9 19:56:17 2025


           Step           Time
       71200000   1780000.00000

   Energies (kJ/mol)
           Bond       G96Angle        LJ (SR)   Coulomb (SR)      Potential
    1.50175e+04    2.92321e+03   -2.73406e+05   -2.80130e+03   -2.58266e+05
    Kinetic En.   Total Energy  Conserved En.    Temperature Pressure (bar)
    4.53841e+04   -2.12882e+05   -5.33172e+07    3.15636e+02    3.94786e+01

           Step           Time
       71600000   1790000.00000

   Energies (kJ/mol)
           Bond       G96Angle        LJ (SR)   Coulomb (SR)      Potential
    1.53355e+04    2.84352e+03   -2.73961e+05   -2.85490e+03   -2.58637e+05
    Kinetic En.   Total Energy  Conserved En.    Temperature Pressure (bar)
    4.53255e+04   -2.13312e+05   -5.36156e+07    3.15228e+02    2.61292e+01

           Step           Time
       72000000   1800000.00000

   Energies (kJ/mol)
           Bond       G96Angle        LJ (SR)   Coulomb (SR)      Potential
    1.49105e+04    2.95230e+03   -2.73936e+05   -2.81000e+03   -2.58883e+05
    Kinetic En.   Total Energy  Conserved En.    Temperature Pressure (bar)
    4.50568e+04   -2.13826e+05   -5.39145e+07    3.13360e+02    9.01835e-01

           Step           Time
       72400000   1810000.00000

   Energies (kJ/mol)
           Bond       G96Angle        LJ (SR)   Coulomb (SR)      Potential
    1.53090e+04    2.89510e+03   -2.74404e+05   -2.91956e+03   -2.59119e+05
    Kinetic En.   Total Energy  Conserved En.    Temperature Pressure (bar)
    4.53755e+04   -2.13744e+05   -5.42137e+07    3.15577e+02   -2.95025e+01

           Step           Time
       72800000   1820000.00000

   Energies (kJ/mol)
           Bond       G96Angle        LJ (SR)   Coulomb (SR)      Potential
    1.51261e+04    3.03486e+03   -2.74214e+05   -2.87950e+03   -2.58932e+05
    Kinetic En.   Total Energy  Conserved En.    Temperature Pressure (bar)
    4.50085e+04   -2.13924e+05   -5.45128e+07    3.13024e+02   -6.79139e-01

           Step           Time
       73200000   1830000.00000

   Energies (kJ/mol)
           Bond       G96Angle        LJ (SR)   Coulomb (SR)      Potential
    1.50278e+04    3.04749e+03   -2.73500e+05   -2.91467e+03   -2.58340e+05
    Kinetic En.   Total Energy  Conserved En.    Temperature Pressure (bar)
    4.52548e+04   -2.13085e+05   -5.48115e+07    3.14736e+02   -1.61210e+01

Writing checkpoint, step 73579350 at Fri May  9 20:11:17 2025


           Step           Time
       73600000   1840000.00000

   Energies (kJ/mol)
           Bond       G96Angle        LJ (SR)   Coulomb (SR)      Potential
    1.51449e+04    2.88348e+03   -2.73026e+05   -2.83787e+03   -2.57835e+05
    Kinetic En.   Total Energy  Conserved En.    Temperature Pressure (bar)
    4.52312e+04   -2.12604e+05   -5.51102e+07    3.14573e+02    1.20296e+01

           Step           Time
       74000000   1850000.00000

   Energies (kJ/mol)
           Bond       G96Angle        LJ (SR)   Coulomb (SR)      Potential
    1.52652e+04    2.97109e+03   -2.73142e+05   -2.91016e+03   -2.57816e+05
    Kinetic En.   Total Energy  Conserved En.    Temperature Pressure (bar)
    4.54620e+04   -2.12354e+05   -5.54088e+07    3.16178e+02    5.27604e+01

           Step           Time
       74400000   1860000.00000

   Energies (kJ/mol)
           Bond       G96Angle        LJ (SR)   Coulomb (SR)      Potential
    1.55088e+04    3.00779e+03   -2.73631e+05   -2.89715e+03   -2.58011e+05
    Kinetic En.   Total Energy  Conserved En.    Temperature Pressure (bar)
    4.54331e+04   -2.12578e+05   -5.57075e+07    3.15977e+02   -5.09794e+01

           Step           Time
       74800000   1870000.00000

   Energies (kJ/mol)
           Bond       G96Angle        LJ (SR)   Coulomb (SR)      Potential
    1.52727e+04    2.95320e+03   -2.73417e+05   -2.91752e+03   -2.58108e+05
    Kinetic En.   Total Energy  Conserved En.    Temperature Pressure (bar)
    4.54087e+04   -2.12700e+05   -5.60062e+07    3.15807e+02   -1.39086e+01

           Step           Time
       75200000   1880000.00000

   Energies (kJ/mol)
           Bond       G96Angle        LJ (SR)   Coulomb (SR)      Potential
    1.53411e+04    3.01989e+03   -2.73562e+05   -2.79120e+03   -2.57992e+05
    Kinetic En.   Total Energy  Conserved En.    Temperature Pressure (bar)
    4.57395e+04   -2.12252e+05   -5.63051e+07    3.18108e+02   -1.26514e+01

           Step           Time
       75600000   1890000.00000

   Energies (kJ/mol)
           Bond       G96Angle        LJ (SR)   Coulomb (SR)      Potential
    1.49879e+04    3.05474e+03   -2.73852e+05   -2.86026e+03   -2.58669e+05
    Kinetic En.   Total Energy  Conserved En.    Temperature Pressure (bar)
    4.44222e+04   -2.14247e+05   -5.66034e+07    3.08946e+02   -8.08776e+00

           Step           Time
       76000000   1900000.00000

   Energies (kJ/mol)
           Bond       G96Angle        LJ (SR)   Coulomb (SR)      Potential
    1.51841e+04    2.99155e+03   -2.73452e+05   -2.74819e+03   -2.58025e+05
    Kinetic En.   Total Energy  Conserved En.    Temperature Pressure (bar)
    4.48784e+04   -2.13147e+05   -5.69022e+07    3.12119e+02   -9.42715e+00

Writing checkpoint, step 76209825 at Fri May  9 20:26:17 2025


           Step           Time
       76400000   1910000.00000

   Energies (kJ/mol)
           Bond       G96Angle        LJ (SR)   Coulomb (SR)      Potential
    1.54347e+04    2.95014e+03   -2.72912e+05   -2.84778e+03   -2.57375e+05
    Kinetic En.   Total Energy  Conserved En.    Temperature Pressure (bar)
    4.55015e+04   -2.11874e+05   -5.72011e+07    3.16452e+02   -8.20454e-01

           Step           Time
       76800000   1920000.00000

   Energies (kJ/mol)
           Bond       G96Angle        LJ (SR)   Coulomb (SR)      Potential
    1.54030e+04    3.00280e+03   -2.73369e+05   -2.92973e+03   -2.57893e+05
    Kinetic En.   Total Energy  Conserved En.    Temperature Pressure (bar)
    4.55738e+04   -2.12319e+05   -5.74993e+07    3.16956e+02   -1.24376e+01

           Step           Time
       77200000   1930000.00000

   Energies (kJ/mol)
           Bond       G96Angle        LJ (SR)   Coulomb (SR)      Potential
    1.57128e+04    3.03263e+03   -2.73200e+05   -2.86303e+03   -2.57318e+05
    Kinetic En.   Total Energy  Conserved En.    Temperature Pressure (bar)
    4.53577e+04   -2.11960e+05   -5.77979e+07    3.15453e+02    3.02132e+01

           Step           Time
       77600000   1940000.00000

   Energies (kJ/mol)
           Bond       G96Angle        LJ (SR)   Coulomb (SR)      Potential
    1.53773e+04    2.87352e+03   -2.73870e+05   -2.88342e+03   -2.58503e+05
    Kinetic En.   Total Energy  Conserved En.    Temperature Pressure (bar)
    4.38181e+04   -2.14685e+05   -5.80968e+07    3.04745e+02   -2.98929e+01

           Step           Time
       78000000   1950000.00000

   Energies (kJ/mol)
           Bond       G96Angle        LJ (SR)   Coulomb (SR)      Potential
    1.55075e+04    2.81260e+03   -2.74745e+05   -2.92188e+03   -2.59347e+05
    Kinetic En.   Total Energy  Conserved En.    Temperature Pressure (bar)
    4.41823e+04   -2.15165e+05   -5.83955e+07    3.07278e+02   -6.16387e+01

           Step           Time
       78400000   1960000.00000

   Energies (kJ/mol)
           Bond       G96Angle        LJ (SR)   Coulomb (SR)      Potential
    1.52481e+04    2.89008e+03   -2.74139e+05   -2.76816e+03   -2.58769e+05
    Kinetic En.   Total Energy  Conserved En.    Temperature Pressure (bar)
    4.56471e+04   -2.13121e+05   -5.86942e+07    3.17465e+02    2.01344e+01

           Step           Time
       78800000   1970000.00000

   Energies (kJ/mol)
           Bond       G96Angle        LJ (SR)   Coulomb (SR)      Potential
    1.53007e+04    2.98595e+03   -2.74463e+05   -2.88247e+03   -2.59059e+05
    Kinetic En.   Total Energy  Conserved En.    Temperature Pressure (bar)
    4.46426e+04   -2.14416e+05   -5.89927e+07    3.10479e+02   -3.97423e+01

Writing checkpoint, step 78839350 at Fri May  9 20:41:17 2025


           Step           Time
       79200000   1980000.00000

   Energies (kJ/mol)
           Bond       G96Angle        LJ (SR)   Coulomb (SR)      Potential
    1.56158e+04    3.04835e+03   -2.73160e+05   -2.94964e+03   -2.57445e+05
    Kinetic En.   Total Energy  Conserved En.    Temperature Pressure (bar)
    4.65638e+04   -2.10881e+05   -5.92915e+07    3.23841e+02    3.40779e+01

           Step           Time
       79600000   1990000.00000

   Energies (kJ/mol)
           Bond       G96Angle        LJ (SR)   Coulomb (SR)      Potential
    1.53263e+04    2.80710e+03   -2.74379e+05   -2.89567e+03   -2.59141e+05
    Kinetic En.   Total Energy  Conserved En.    Temperature Pressure (bar)
    4.44640e+04   -2.14677e+05   -5.95904e+07    3.09237e+02   -6.01958e+01

           Step           Time
       80000000   2000000.00000

   Energies (kJ/mol)
           Bond       G96Angle        LJ (SR)   Coulomb (SR)      Potential
    1.51954e+04    2.82262e+03   -2.74223e+05   -2.83394e+03   -2.59039e+05
    Kinetic En.   Total Energy  Conserved En.    Temperature Pressure (bar)
    4.51236e+04   -2.13916e+05   -5.98892e+07    3.13824e+02   -1.64140e+01

           Step           Time
       80400000   2010000.00000

   Energies (kJ/mol)
           Bond       G96Angle        LJ (SR)   Coulomb (SR)      Potential
    1.50306e+04    2.89005e+03   -2.73549e+05   -2.93042e+03   -2.58559e+05
    Kinetic En.   Total Energy  Conserved En.    Temperature Pressure (bar)
    4.50619e+04   -2.13497e+05   -6.01882e+07    3.13395e+02    2.05609e+00

           Step           Time
       80800000   2020000.00000

   Energies (kJ/mol)
           Bond       G96Angle        LJ (SR)   Coulomb (SR)      Potential
    1.51567e+04    3.06843e+03   -2.73655e+05   -2.88478e+03   -2.58315e+05
    Kinetic En.   Total Energy  Conserved En.    Temperature Pressure (bar)
    4.59587e+04   -2.12356e+05   -6.04871e+07    3.19632e+02   -1.95865e+01

           Step           Time
       81200000   2030000.00000

   Energies (kJ/mol)
           Bond       G96Angle        LJ (SR)   Coulomb (SR)      Potential
    1.51594e+04    3.10881e+03   -2.72790e+05   -2.90573e+03   -2.57427e+05
    Kinetic En.   Total Energy  Conserved En.    Temperature Pressure (bar)
    4.53964e+04   -2.12031e+05   -6.07861e+07    3.15722e+02    6.81532e+01

Writing checkpoint, step 81464225 at Fri May  9 20:56:17 2025


           Step           Time
       81600000   2040000.00000

   Energies (kJ/mol)
           Bond       G96Angle        LJ (SR)   Coulomb (SR)      Potential
    1.51717e+04    2.84072e+03   -2.74134e+05   -2.88384e+03   -2.59006e+05
    Kinetic En.   Total Energy  Conserved En.    Temperature Pressure (bar)
    4.55635e+04   -2.13442e+05   -6.10850e+07    3.16884e+02   -2.05184e+00

           Step           Time
       82000000   2050000.00000

   Energies (kJ/mol)
           Bond       G96Angle        LJ (SR)   Coulomb (SR)      Potential
    1.49951e+04    3.04144e+03   -2.73159e+05   -2.89305e+03   -2.58016e+05
    Kinetic En.   Total Energy  Conserved En.    Temperature Pressure (bar)
    4.56915e+04   -2.12324e+05   -6.13836e+07    3.17774e+02    6.51351e-01

           Step           Time
       82400000   2060000.00000

   Energies (kJ/mol)
           Bond       G96Angle        LJ (SR)   Coulomb (SR)      Potential
    1.52022e+04    2.86239e+03   -2.74036e+05   -2.83113e+03   -2.58803e+05
    Kinetic En.   Total Energy  Conserved En.    Temperature Pressure (bar)
    4.52734e+04   -2.13529e+05   -6.16823e+07    3.14866e+02   -6.11127e+00

           Step           Time
       82800000   2070000.00000

   Energies (kJ/mol)
           Bond       G96Angle        LJ (SR)   Coulomb (SR)      Potential
    1.52138e+04    2.83423e+03   -2.73845e+05   -2.77372e+03   -2.58571e+05
    Kinetic En.   Total Energy  Conserved En.    Temperature Pressure (bar)
    4.43060e+04   -2.14265e+05   -6.19810e+07    3.08138e+02   -1.41867e+01

           Step           Time
       83200000   2080000.00000

   Energies (kJ/mol)
           Bond       G96Angle        LJ (SR)   Coulomb (SR)      Potential
    1.52766e+04    2.90950e+03   -2.73274e+05   -2.96326e+03   -2.58051e+05
    Kinetic En.   Total Energy  Conserved En.    Temperature Pressure (bar)
    4.49627e+04   -2.13089e+05   -6.22799e+07    3.12706e+02    4.73009e+01

           Step           Time
       83600000   2090000.00000

   Energies (kJ/mol)
           Bond       G96Angle        LJ (SR)   Coulomb (SR)      Potential
    1.54787e+04    3.03234e+03   -2.73521e+05   -2.91944e+03   -2.57929e+05
    Kinetic En.   Total Energy  Conserved En.    Temperature Pressure (bar)
    4.54566e+04   -2.12472e+05   -6.25781e+07    3.16140e+02   -1.39196e+01

           Step           Time
       84000000   2100000.00000

   Energies (kJ/mol)
           Bond       G96Angle        LJ (SR)   Coulomb (SR)      Potential
    1.52193e+04    2.98469e+03   -2.73420e+05   -2.94668e+03   -2.58163e+05
    Kinetic En.   Total Energy  Conserved En.    Temperature Pressure (bar)
    4.52516e+04   -2.12911e+05   -6.28762e+07    3.14714e+02    1.14167e+00

Writing checkpoint, step 84088475 at Fri May  9 21:11:17 2025


           Step           Time
       84400000   2110000.00000

   Energies (kJ/mol)
           Bond       G96Angle        LJ (SR)   Coulomb (SR)      Potential
    1.49897e+04    3.09445e+03   -2.72800e+05   -2.99643e+03   -2.57712e+05
    Kinetic En.   Total Energy  Conserved En.    Temperature Pressure (bar)
    4.47192e+04   -2.12993e+05   -6.31747e+07    3.11012e+02    3.70349e+00

           Step           Time
       84800000   2120000.00000

   Energies (kJ/mol)
           Bond       G96Angle        LJ (SR)   Coulomb (SR)      Potential
    1.53991e+04    2.91335e+03   -2.73724e+05   -2.86845e+03   -2.58280e+05
    Kinetic En.   Total Energy  Conserved En.    Temperature Pressure (bar)
    4.50524e+04   -2.13227e+05   -6.34731e+07    3.13329e+02   -2.63375e+01

           Step           Time
       85200000   2130000.00000

   Energies (kJ/mol)
           Bond       G96Angle        LJ (SR)   Coulomb (SR)      Potential
    1.52496e+04    3.02316e+03   -2.73049e+05   -2.90790e+03   -2.57684e+05
    Kinetic En.   Total Energy  Conserved En.    Temperature Pressure (bar)
    4.53033e+04   -2.12380e+05   -6.37724e+07    3.15074e+02    3.96635e+01

           Step           Time
       85600000   2140000.00000

   Energies (kJ/mol)
           Bond       G96Angle        LJ (SR)   Coulomb (SR)      Potential
    1.52487e+04    2.97612e+03   -2.73025e+05   -2.91732e+03   -2.57718e+05
    Kinetic En.   Total Energy  Conserved En.    Temperature Pressure (bar)
    4.56498e+04   -2.12068e+05   -6.40716e+07    3.17484e+02    2.29084e+01

           Step           Time
       86000000   2150000.00000

   Energies (kJ/mol)
           Bond       G96Angle        LJ (SR)   Coulomb (SR)      Potential
    1.53557e+04    2.97077e+03   -2.73705e+05   -2.86089e+03   -2.58239e+05
    Kinetic En.   Total Energy  Conserved En.    Temperature Pressure (bar)
    4.54364e+04   -2.12803e+05   -6.43701e+07    3.16000e+02    3.09162e+01

           Step           Time
       86400000   2160000.00000

   Energies (kJ/mol)
           Bond       G96Angle        LJ (SR)   Coulomb (SR)      Potential
    1.52378e+04    3.04091e+03   -2.73416e+05   -2.91160e+03   -2.58049e+05
    Kinetic En.   Total Energy  Conserved En.    Temperature Pressure (bar)
    4.49065e+04   -2.13142e+05   -6.46697e+07    3.12314e+02    6.02215e+00

Writing checkpoint, step 86712950 at Fri May  9 21:26:17 2025


           Step           Time
       86800000   2170000.00000

   Energies (kJ/mol)
           Bond       G96Angle        LJ (SR)   Coulomb (SR)      Potential
    1.50401e+04    2.92067e+03   -2.73666e+05   -2.88725e+03   -2.58593e+05
    Kinetic En.   Total Energy  Conserved En.    Temperature Pressure (bar)
    4.52134e+04   -2.13379e+05   -6.49686e+07    3.14449e+02   -1.78747e-01

           Step           Time
       87200000   2180000.00000

   Energies (kJ/mol)
           Bond       G96Angle        LJ (SR)   Coulomb (SR)      Potential
    1.49172e+04    3.06140e+03   -2.73359e+05   -2.95242e+03   -2.58333e+05
    Kinetic En.   Total Energy  Conserved En.    Temperature Pressure (bar)
    4.50709e+04   -2.13262e+05   -6.52676e+07    3.13458e+02   -2.48500e+01

           Step           Time
       87600000   2190000.00000

   Energies (kJ/mol)
           Bond       G96Angle        LJ (SR)   Coulomb (SR)      Potential
    1.53166e+04    3.08643e+03   -2.74089e+05   -2.87721e+03   -2.58563e+05
    Kinetic En.   Total Energy  Conserved En.    Temperature Pressure (bar)
    4.42252e+04   -2.14338e+05   -6.55664e+07    3.07576e+02   -8.33920e+00

           Step           Time
       88000000   2200000.00000

   Energies (kJ/mol)
           Bond       G96Angle        LJ (SR)   Coulomb (SR)      Potential
    1.53892e+04    2.83880e+03   -2.73074e+05   -2.90250e+03   -2.57748e+05
    Kinetic En.   Total Energy  Conserved En.    Temperature Pressure (bar)
    4.50194e+04   -2.12729e+05   -6.58650e+07    3.13100e+02   -2.40594e+01

           Step           Time
       88400000   2210000.00000

   Energies (kJ/mol)
           Bond       G96Angle        LJ (SR)   Coulomb (SR)      Potential
    1.51322e+04    2.82211e+03   -2.72575e+05   -2.97793e+03   -2.57599e+05
    Kinetic En.   Total Energy  Conserved En.    Temperature Pressure (bar)
    4.47968e+04   -2.12802e+05   -6.61646e+07    3.11551e+02    1.71273e+01

           Step           Time
       88800000   2220000.00000

   Energies (kJ/mol)
           Bond       G96Angle        LJ (SR)   Coulomb (SR)      Potential
    1.54280e+04    2.91036e+03   -2.74083e+05   -2.83725e+03   -2.58582e+05
    Kinetic En.   Total Energy  Conserved En.    Temperature Pressure (bar)
    4.51015e+04   -2.13480e+05   -6.64638e+07    3.13670e+02   -3.80609e+00

           Step           Time
       89200000   2230000.00000

   Energies (kJ/mol)
           Bond       G96Angle        LJ (SR)   Coulomb (SR)      Potential
    1.50579e+04    2.97554e+03   -2.73012e+05   -2.83592e+03   -2.57814e+05
    Kinetic En.   Total Energy  Conserved En.    Temperature Pressure (bar)
    4.58021e+04   -2.12012e+05   -6.67632e+07    3.18543e+02    1.58918e+01

Writing checkpoint, step 89339450 at Fri May  9 21:41:17 2025


           Step           Time
       89600000   2240000.00000

   Energies (kJ/mol)
           Bond       G96Angle        LJ (SR)   Coulomb (SR)      Potential
    1.51907e+04    2.83549e+03   -2.74285e+05   -2.78829e+03   -2.59047e+05
    Kinetic En.   Total Energy  Conserved En.    Temperature Pressure (bar)
    4.54904e+04   -2.13557e+05   -6.70623e+07    3.16375e+02   -1.42276e+01

           Step           Time
       90000000   2250000.00000

   Energies (kJ/mol)
           Bond       G96Angle        LJ (SR)   Coulomb (SR)      Potential
    1.54339e+04    2.91973e+03   -2.72797e+05   -2.78721e+03   -2.57231e+05
    Kinetic En.   Total Energy  Conserved En.    Temperature Pressure (bar)
    4.50105e+04   -2.12220e+05   -6.73617e+07    3.13038e+02   -4.10023e+00

           Step           Time
       90400000   2260000.00000

   Energies (kJ/mol)
           Bond       G96Angle        LJ (SR)   Coulomb (SR)      Potential
    1.51560e+04    2.94307e+03   -2.74005e+05   -2.84384e+03   -2.58750e+05
    Kinetic En.   Total Energy  Conserved En.    Temperature Pressure (bar)
    4.47060e+04   -2.14044e+05   -6.76608e+07    3.10920e+02   -3.50960e+01

           Step           Time
       90800000   2270000.00000

   Energies (kJ/mol)
           Bond       G96Angle        LJ (SR)   Coulomb (SR)      Potential
    1.51619e+04    2.98520e+03   -2.73526e+05   -2.77583e+03   -2.58155e+05
    Kinetic En.   Total Energy  Conserved En.    Temperature Pressure (bar)
    4.47845e+04   -2.13370e+05   -6.79599e+07    3.11466e+02    4.32757e+00

           Step           Time
       91200000   2280000.00000

   Energies (kJ/mol)
           Bond       G96Angle        LJ (SR)   Coulomb (SR)      Potential
    1.54121e+04    2.98194e+03   -2.73353e+05   -2.94255e+03   -2.57902e+05
    Kinetic En.   Total Energy  Conserved En.    Temperature Pressure (bar)
    4.53148e+04   -2.12587e+05   -6.82588e+07    3.15154e+02    3.39702e+00

           Step           Time
       91600000   2290000.00000

   Energies (kJ/mol)
           Bond       G96Angle        LJ (SR)   Coulomb (SR)      Potential
    1.51477e+04    2.92513e+03   -2.73536e+05   -2.89089e+03   -2.58354e+05
    Kinetic En.   Total Energy  Conserved En.    Temperature Pressure (bar)
    4.50605e+04   -2.13293e+05   -6.85569e+07    3.13385e+02   -5.05174e+01

Writing checkpoint, step 91964450 at Fri May  9 21:56:17 2025


           Step           Time
       92000000   2300000.00000

   Energies (kJ/mol)
           Bond       G96Angle        LJ (SR)   Coulomb (SR)      Potential
    1.51228e+04    2.95697e+03   -2.73936e+05   -2.92073e+03   -2.58777e+05
    Kinetic En.   Total Energy  Conserved En.    Temperature Pressure (bar)
    4.42854e+04   -2.14491e+05   -6.88558e+07    3.07995e+02   -5.23198e+01

           Step           Time
       92400000   2310000.00000

   Energies (kJ/mol)
           Bond       G96Angle        LJ (SR)   Coulomb (SR)      Potential
    1.52635e+04    2.90131e+03   -2.74073e+05   -2.91050e+03   -2.58819e+05
    Kinetic En.   Total Energy  Conserved En.    Temperature Pressure (bar)
    4.50188e+04   -2.13800e+05   -6.91548e+07    3.13096e+02   -2.89668e+01

           Step           Time
       92800000   2320000.00000

   Energies (kJ/mol)
           Bond       G96Angle        LJ (SR)   Coulomb (SR)      Potential
    1.49305e+04    2.93840e+03   -2.73638e+05   -2.93674e+03   -2.58705e+05
    Kinetic En.   Total Energy  Conserved En.    Temperature Pressure (bar)
    4.41165e+04   -2.14589e+05   -6.94539e+07    3.06820e+02    5.02416e+00

           Step           Time
       93200000   2330000.00000

   Energies (kJ/mol)
           Bond       G96Angle        LJ (SR)   Coulomb (SR)      Potential
    1.51655e+04    2.94114e+03   -2.74066e+05   -2.90892e+03   -2.58868e+05
    Kinetic En.   Total Energy  Conserved En.    Temperature Pressure (bar)
    4.48425e+04   -2.14026e+05   -6.97528e+07    3.11869e+02   -1.33563e+01

           Step           Time
       93600000   2340000.00000

   Energies (kJ/mol)
           Bond       G96Angle        LJ (SR)   Coulomb (SR)      Potential
    1.53259e+04    3.00598e+03   -2.74184e+05   -2.80649e+03   -2.58659e+05
    Kinetic En.   Total Energy  Conserved En.    Temperature Pressure (bar)
    4.42119e+04   -2.14447e+05   -7.00514e+07    3.07484e+02   -5.78696e+01

           Step           Time
       94000000   2350000.00000

   Energies (kJ/mol)
           Bond       G96Angle        LJ (SR)   Coulomb (SR)      Potential
    1.51838e+04    3.01212e+03   -2.73770e+05   -2.85102e+03   -2.58425e+05
    Kinetic En.   Total Energy  Conserved En.    Temperature Pressure (bar)
    4.48506e+04   -2.13574e+05   -7.03499e+07    3.11925e+02   -1.58159e+01

           Step           Time
       94400000   2360000.00000

   Energies (kJ/mol)
           Bond       G96Angle        LJ (SR)   Coulomb (SR)      Potential
    1.52374e+04    2.99787e+03   -2.74798e+05   -2.79646e+03   -2.59359e+05
    Kinetic En.   Total Energy  Conserved En.    Temperature Pressure (bar)
    4.44997e+04   -2.14860e+05   -7.06484e+07    3.09485e+02   -4.83175e+01

Writing checkpoint, step 94591100 at Fri May  9 22:11:17 2025


           Step           Time
       94800000   2370000.00000

   Energies (kJ/mol)
           Bond       G96Angle        LJ (SR)   Coulomb (SR)      Potential
    1.52237e+04    2.89109e+03   -2.73327e+05   -2.89624e+03   -2.58108e+05
    Kinetic En.   Total Energy  Conserved En.    Temperature Pressure (bar)
    4.47821e+04   -2.13326e+05   -7.09471e+07    3.11449e+02    2.43664e+00

           Step           Time
       95200000   2380000.00000

   Energies (kJ/mol)
           Bond       G96Angle        LJ (SR)   Coulomb (SR)      Potential
    1.54518e+04    3.09880e+03   -2.74331e+05   -2.97414e+03   -2.58755e+05
    Kinetic En.   Total Energy  Conserved En.    Temperature Pressure (bar)
    4.47094e+04   -2.14045e+05   -7.12458e+07    3.10944e+02   -3.48309e+01

           Step           Time
       95600000   2390000.00000

   Energies (kJ/mol)
           Bond       G96Angle        LJ (SR)   Coulomb (SR)      Potential
    1.54285e+04    3.03541e+03   -2.73266e+05   -2.93226e+03   -2.57734e+05
    Kinetic En.   Total Energy  Conserved En.    Temperature Pressure (bar)
    4.44284e+04   -2.13306e+05   -7.15442e+07    3.08989e+02    1.21402e+00

           Step           Time
       96000000   2400000.00000

   Energies (kJ/mol)
           Bond       G96Angle        LJ (SR)   Coulomb (SR)      Potential
    1.52467e+04    2.89888e+03   -2.73195e+05   -2.84366e+03   -2.57893e+05
    Kinetic En.   Total Energy  Conserved En.    Temperature Pressure (bar)
    4.47694e+04   -2.13124e+05   -7.18429e+07    3.11361e+02    3.01836e+01

           Step           Time
       96400000   2410000.00000

   Energies (kJ/mol)
           Bond       G96Angle        LJ (SR)   Coulomb (SR)      Potential
    1.54332e+04    3.10908e+03   -2.73666e+05   -3.00654e+03   -2.58130e+05
    Kinetic En.   Total Energy  Conserved En.    Temperature Pressure (bar)
    4.50070e+04   -2.13123e+05   -7.21416e+07    3.13013e+02   -2.11748e+01

           Step           Time
       96800000   2420000.00000

   Energies (kJ/mol)
           Bond       G96Angle        LJ (SR)   Coulomb (SR)      Potential
    1.51281e+04    3.01160e+03   -2.74045e+05   -2.88120e+03   -2.58786e+05
    Kinetic En.   Total Energy  Conserved En.    Temperature Pressure (bar)
    4.51387e+04   -2.13648e+05   -7.24400e+07    3.13930e+02    8.74237e+00

           Step           Time
       97200000   2430000.00000

   Energies (kJ/mol)
           Bond       G96Angle        LJ (SR)   Coulomb (SR)      Potential
    1.50454e+04    2.80786e+03   -2.73711e+05   -2.88177e+03   -2.58739e+05
    Kinetic En.   Total Energy  Conserved En.    Temperature Pressure (bar)
    4.48176e+04   -2.13922e+05   -7.27386e+07    3.11696e+02    1.25859e+01

Writing checkpoint, step 97217575 at Fri May  9 22:26:17 2025


           Step           Time
       97600000   2440000.00000

   Energies (kJ/mol)
           Bond       G96Angle        LJ (SR)   Coulomb (SR)      Potential
    1.51329e+04    2.99801e+03   -2.73618e+05   -2.91969e+03   -2.58407e+05
    Kinetic En.   Total Energy  Conserved En.    Temperature Pressure (bar)
    4.45100e+04   -2.13897e+05   -7.30366e+07    3.09557e+02   -1.43032e+01

           Step           Time
       98000000   2450000.00000

   Energies (kJ/mol)
           Bond       G96Angle        LJ (SR)   Coulomb (SR)      Potential
    1.51311e+04    2.92904e+03   -2.74249e+05   -2.86501e+03   -2.59054e+05
    Kinetic En.   Total Energy  Conserved En.    Temperature Pressure (bar)
    4.49190e+04   -2.14135e+05   -7.33350e+07    3.12402e+02    3.39981e+01

           Step           Time
       98400000   2460000.00000

   Energies (kJ/mol)
           Bond       G96Angle        LJ (SR)   Coulomb (SR)      Potential
    1.49896e+04    2.98667e+03   -2.74087e+05   -2.89290e+03   -2.59004e+05
    Kinetic En.   Total Energy  Conserved En.    Temperature Pressure (bar)
    4.52563e+04   -2.13748e+05   -7.36336e+07    3.14747e+02   -1.11893e+01

           Step           Time
       98800000   2470000.00000

   Energies (kJ/mol)
           Bond       G96Angle        LJ (SR)   Coulomb (SR)      Potential
    1.54497e+04    2.97045e+03   -2.73509e+05   -2.97903e+03   -2.58068e+05
    Kinetic En.   Total Energy  Conserved En.    Temperature Pressure (bar)
    4.47745e+04   -2.13293e+05   -7.39322e+07    3.11397e+02    1.64231e+01

           Step           Time
       99200000   2480000.00000

   Energies (kJ/mol)
           Bond       G96Angle        LJ (SR)   Coulomb (SR)      Potential
    1.52195e+04    2.95320e+03   -2.73655e+05   -2.86948e+03   -2.58351e+05
    Kinetic En.   Total Energy  Conserved En.    Temperature Pressure (bar)
    4.57718e+04   -2.12580e+05   -7.42310e+07    3.18332e+02    1.95177e+01

           Step           Time
       99600000   2490000.00000

   Energies (kJ/mol)
           Bond       G96Angle        LJ (SR)   Coulomb (SR)      Potential
    1.52238e+04    2.96093e+03   -2.73564e+05   -2.89704e+03   -2.58276e+05
    Kinetic En.   Total Energy  Conserved En.    Temperature Pressure (bar)
    4.60296e+04   -2.12246e+05   -7.45298e+07    3.20126e+02    2.88483e+01

Writing checkpoint, step 99839700 at Fri May  9 22:41:17 2025


           Step           Time
      100000000   2500000.00000

   Energies (kJ/mol)
           Bond       G96Angle        LJ (SR)   Coulomb (SR)      Potential
    1.48207e+04    2.94307e+03   -2.74028e+05   -2.98144e+03   -2.59246e+05
    Kinetic En.   Total Energy  Conserved En.    Temperature Pressure (bar)
    4.51784e+04   -2.14067e+05   -7.48291e+07    3.14206e+02    2.20719e+01

           Step           Time
      100400000   2510000.00000

   Energies (kJ/mol)
           Bond       G96Angle        LJ (SR)   Coulomb (SR)      Potential
    1.51626e+04    2.92781e+03   -2.73403e+05   -2.81568e+03   -2.58128e+05
    Kinetic En.   Total Energy  Conserved En.    Temperature Pressure (bar)
    4.50234e+04   -2.13105e+05   -7.51281e+07    3.13128e+02    8.68229e+00

           Step           Time
      100800000   2520000.00000

   Energies (kJ/mol)
           Bond       G96Angle        LJ (SR)   Coulomb (SR)      Potential
    1.53198e+04    2.95664e+03   -2.74535e+05   -2.93864e+03   -2.59197e+05
    Kinetic En.   Total Energy  Conserved En.    Temperature Pressure (bar)
    4.45398e+04   -2.14657e+05   -7.54263e+07    3.09764e+02   -5.34985e+01

           Step           Time
      101200000   2530000.00000

   Energies (kJ/mol)
           Bond       G96Angle        LJ (SR)   Coulomb (SR)      Potential
    1.48056e+04    3.00242e+03   -2.74297e+05   -2.93465e+03   -2.59424e+05
    Kinetic En.   Total Energy  Conserved En.    Temperature Pressure (bar)
    4.46198e+04   -2.14804e+05   -7.57247e+07    3.10320e+02   -2.95076e+01

           Step           Time
      101600000   2540000.00000

   Energies (kJ/mol)
           Bond       G96Angle        LJ (SR)   Coulomb (SR)      Potential
    1.51075e+04    2.95811e+03   -2.74075e+05   -2.81648e+03   -2.58826e+05
    Kinetic En.   Total Energy  Conserved En.    Temperature Pressure (bar)
    4.47092e+04   -2.14117e+05   -7.60243e+07    3.10942e+02   -4.51470e+01

           Step           Time
      102000000   2550000.00000

   Energies (kJ/mol)
           Bond       G96Angle        LJ (SR)   Coulomb (SR)      Potential
    1.50499e+04    2.79177e+03   -2.72972e+05   -2.80262e+03   -2.57933e+05
    Kinetic En.   Total Energy  Conserved En.    Temperature Pressure (bar)
    4.48124e+04   -2.13121e+05   -7.63231e+07    3.11660e+02   -2.77441e+00

           Step           Time
      102400000   2560000.00000

   Energies (kJ/mol)
           Bond       G96Angle        LJ (SR)   Coulomb (SR)      Potential
    1.52317e+04    2.84629e+03   -2.73867e+05   -2.86117e+03   -2.58650e+05
    Kinetic En.   Total Energy  Conserved En.    Temperature Pressure (bar)
    4.53164e+04   -2.13334e+05   -7.66219e+07    3.15165e+02   -1.45761e+00

Writing checkpoint, step 102467050 at Fri May  9 22:56:17 2025


           Step           Time
      102800000   2570000.00000

   Energies (kJ/mol)
           Bond       G96Angle        LJ (SR)   Coulomb (SR)      Potential
    1.52422e+04    2.96409e+03   -2.74443e+05   -2.85007e+03   -2.59087e+05
    Kinetic En.   Total Energy  Conserved En.    Temperature Pressure (bar)
    4.46628e+04   -2.14424e+05   -7.69203e+07    3.10620e+02   -1.92042e+01

           Step           Time
      103200000   2580000.00000

   Energies (kJ/mol)
           Bond       G96Angle        LJ (SR)   Coulomb (SR)      Potential
    1.55348e+04    2.85422e+03   -2.73137e+05   -2.95211e+03   -2.57700e+05
    Kinetic En.   Total Energy  Conserved En.    Temperature Pressure (bar)
    4.58419e+04   -2.11858e+05   -7.72192e+07    3.18820e+02    5.01147e+01

           Step           Time
      103600000   2590000.00000

   Energies (kJ/mol)
           Bond       G96Angle        LJ (SR)   Coulomb (SR)      Potential
    1.50435e+04    3.02288e+03   -2.73175e+05   -2.88246e+03   -2.57991e+05
    Kinetic En.   Total Energy  Conserved En.    Temperature Pressure (bar)
    4.44605e+04   -2.13530e+05   -7.75180e+07    3.09213e+02    3.78694e+01

           Step           Time
      104000000   2600000.00000

   Energies (kJ/mol)
           Bond       G96Angle        LJ (SR)   Coulomb (SR)      Potential
    1.50954e+04    2.98261e+03   -2.74041e+05   -2.96549e+03   -2.58929e+05
    Kinetic En.   Total Energy  Conserved En.    Temperature Pressure (bar)
    4.45194e+04   -2.14409e+05   -7.78174e+07    3.09622e+02   -1.77816e+01

           Step           Time
      104400000   2610000.00000

   Energies (kJ/mol)
           Bond       G96Angle        LJ (SR)   Coulomb (SR)      Potential
    1.53367e+04    2.97077e+03   -2.74190e+05   -2.86209e+03   -2.58745e+05
    Kinetic En.   Total Energy  Conserved En.    Temperature Pressure (bar)
    4.49449e+04   -2.13800e+05   -7.81157e+07    3.12582e+02   -6.60927e+00

           Step           Time
      104800000   2620000.00000

   Energies (kJ/mol)
           Bond       G96Angle        LJ (SR)   Coulomb (SR)      Potential
    1.49798e+04    2.95548e+03   -2.73743e+05   -2.94001e+03   -2.58748e+05
    Kinetic En.   Total Energy  Conserved En.    Temperature Pressure (bar)
    4.54262e+04   -2.13321e+05   -7.84144e+07    3.15929e+02   -3.99392e+01

Writing checkpoint, step 105093075 at Fri May  9 23:11:17 2025


           Step           Time
      105200000   2630000.00000

   Energies (kJ/mol)
           Bond       G96Angle        LJ (SR)   Coulomb (SR)      Potential
    1.51127e+04    2.92703e+03   -2.72884e+05   -2.94694e+03   -2.57791e+05
    Kinetic En.   Total Energy  Conserved En.    Temperature Pressure (bar)
    4.45511e+04   -2.13240e+05   -7.87130e+07    3.09843e+02    2.05941e+00

           Step           Time
      105600000   2640000.00000

   Energies (kJ/mol)
           Bond       G96Angle        LJ (SR)   Coulomb (SR)      Potential
    1.49679e+04    3.03345e+03   -2.73905e+05   -2.83798e+03   -2.58742e+05
    Kinetic En.   Total Energy  Conserved En.    Temperature Pressure (bar)
    4.48032e+04   -2.13939e+05   -7.90122e+07    3.11596e+02   -8.11346e+00

           Step           Time
      106000000   2650000.00000

   Energies (kJ/mol)
           Bond       G96Angle        LJ (SR)   Coulomb (SR)      Potential
    1.53890e+04    2.91024e+03   -2.73800e+05   -2.98421e+03   -2.58485e+05
    Kinetic En.   Total Energy  Conserved En.    Temperature Pressure (bar)
    4.55224e+04   -2.12963e+05   -7.93112e+07    3.16598e+02    9.76687e+00

           Step           Time
      106400000   2660000.00000

   Energies (kJ/mol)
           Bond       G96Angle        LJ (SR)   Coulomb (SR)      Potential
    1.50063e+04    2.84933e+03   -2.74292e+05   -2.85114e+03   -2.59287e+05
    Kinetic En.   Total Energy  Conserved En.    Temperature Pressure (bar)
    4.50451e+04   -2.14242e+05   -7.96102e+07    3.13279e+02   -2.47906e+01

           Step           Time
      106800000   2670000.00000

   Energies (kJ/mol)
           Bond       G96Angle        LJ (SR)   Coulomb (SR)      Potential
    1.52687e+04    2.94366e+03   -2.72859e+05   -2.88928e+03   -2.57536e+05
    Kinetic En.   Total Energy  Conserved En.    Temperature Pressure (bar)
    4.53766e+04   -2.12159e+05   -7.99092e+07    3.15584e+02    4.26796e+01

           Step           Time
      107200000   2680000.00000

   Energies (kJ/mol)
           Bond       G96Angle        LJ (SR)   Coulomb (SR)      Potential
    1.50531e+04    2.89163e+03   -2.73903e+05   -2.84731e+03   -2.58806e+05
    Kinetic En.   Total Energy  Conserved En.    Temperature Pressure (bar)
    4.47459e+04   -2.14060e+05   -8.02078e+07    3.11198e+02   -1.26486e+01

           Step           Time
      107600000   2690000.00000

   Energies (kJ/mol)
           Bond       G96Angle        LJ (SR)   Coulomb (SR)      Potential
    1.50395e+04    2.92212e+03   -2.74216e+05   -2.83861e+03   -2.59093e+05
    Kinetic En.   Total Energy  Conserved En.    Temperature Pressure (bar)
    4.45661e+04   -2.14527e+05   -8.05069e+07    3.09947e+02   -4.29162e+01

Writing checkpoint, step 107715300 at Fri May  9 23:26:17 2025


           Step           Time
      108000000   2700000.00000

   Energies (kJ/mol)
           Bond       G96Angle        LJ (SR)   Coulomb (SR)      Potential
    1.52062e+04    2.94933e+03   -2.74032e+05   -2.91138e+03   -2.58788e+05
    Kinetic En.   Total Energy  Conserved En.    Temperature Pressure (bar)
    4.45057e+04   -2.14282e+05   -8.08054e+07    3.09527e+02   -1.25309e+00

           Step           Time
      108400000   2710000.00000

   Energies (kJ/mol)
           Bond       G96Angle        LJ (SR)   Coulomb (SR)      Potential
    1.52020e+04    2.89639e+03   -2.74137e+05   -2.83601e+03   -2.58875e+05
    Kinetic En.   Total Energy  Conserved En.    Temperature Pressure (bar)
    4.44821e+04   -2.14393e+05   -8.11041e+07    3.09363e+02    6.69545e-01

           Step           Time
      108800000   2720000.00000

   Energies (kJ/mol)
           Bond       G96Angle        LJ (SR)   Coulomb (SR)      Potential
    1.54849e+04    2.93341e+03   -2.73514e+05   -2.88092e+03   -2.57977e+05
    Kinetic En.   Total Energy  Conserved En.    Temperature Pressure (bar)
    4.48600e+04   -2.13117e+05   -8.14026e+07    3.11991e+02    4.91768e+00

           Step           Time
      109200000   2730000.00000

   Energies (kJ/mol)
           Bond       G96Angle        LJ (SR)   Coulomb (SR)      Potential
    1.55304e+04    2.96321e+03   -2.73592e+05   -2.89993e+03   -2.57998e+05
    Kinetic En.   Total Energy  Conserved En.    Temperature Pressure (bar)
    4.51933e+04   -2.12805e+05   -8.17006e+07    3.14309e+02   -6.83517e+01

           Step           Time
      109600000   2740000.00000

   Energies (kJ/mol)
           Bond       G96Angle        LJ (SR)   Coulomb (SR)      Potential
    1.52300e+04    2.84362e+03   -2.73545e+05   -2.93813e+03   -2.58410e+05
    Kinetic En.   Total Energy  Conserved En.    Temperature Pressure (bar)
    4.48410e+04   -2.13569e+05   -8.19994e+07    3.11859e+02   -6.71656e+01

           Step           Time
      110000000   2750000.00000

   Energies (kJ/mol)
           Bond       G96Angle        LJ (SR)   Coulomb (SR)      Potential
    1.53233e+04    2.78390e+03   -2.72922e+05   -2.99542e+03   -2.57810e+05
    Kinetic En.   Total Energy  Conserved En.    Temperature Pressure (bar)
    4.44505e+04   -2.13360e+05   -8.22978e+07    3.09143e+02    6.33096e+00

Writing checkpoint, step 110340875 at Fri May  9 23:41:17 2025


           Step           Time
      110400000   2760000.00000

   Energies (kJ/mol)
           Bond       G96Angle        LJ (SR)   Coulomb (SR)      Potential
    1.54969e+04    2.97724e+03   -2.73122e+05   -2.89244e+03   -2.57540e+05
    Kinetic En.   Total Energy  Conserved En.    Temperature Pressure (bar)
    4.47439e+04   -2.12796e+05   -8.25963e+07    3.11183e+02    1.16530e+01

           Step           Time
      110800000   2770000.00000

   Energies (kJ/mol)
           Bond       G96Angle        LJ (SR)   Coulomb (SR)      Potential
    1.51493e+04    3.04030e+03   -2.72916e+05   -2.91090e+03   -2.57637e+05
    Kinetic En.   Total Energy  Conserved En.    Temperature Pressure (bar)
    4.57246e+04   -2.11912e+05   -8.28948e+07    3.18004e+02    2.99669e+01

           Step           Time
      111200000   2780000.00000

   Energies (kJ/mol)
           Bond       G96Angle        LJ (SR)   Coulomb (SR)      Potential
    1.51542e+04    3.06750e+03   -2.73495e+05   -2.90937e+03   -2.58183e+05
    Kinetic En.   Total Energy  Conserved En.    Temperature Pressure (bar)
    4.50553e+04   -2.13127e+05   -8.31937e+07    3.13349e+02    3.32117e+01

           Step           Time
      111600000   2790000.00000

   Energies (kJ/mol)
           Bond       G96Angle        LJ (SR)   Coulomb (SR)      Potential
    1.49510e+04    2.92859e+03   -2.73720e+05   -2.88044e+03   -2.58721e+05
    Kinetic En.   Total Energy  Conserved En.    Temperature Pressure (bar)
    4.50551e+04   -2.13666e+05   -8.34925e+07    3.13348e+02    1.65996e+01

           Step           Time
      112000000   2800000.00000

   Energies (kJ/mol)
           Bond       G96Angle        LJ (SR)   Coulomb (SR)      Potential
    1.48572e+04    2.80715e+03   -2.73564e+05   -2.84971e+03   -2.58749e+05
    Kinetic En.   Total Energy  Conserved En.    Temperature Pressure (bar)
    4.54116e+04   -2.13337e+05   -8.37917e+07    3.15828e+02    4.34706e+01

           Step           Time
      112400000   2810000.00000

   Energies (kJ/mol)
           Bond       G96Angle        LJ (SR)   Coulomb (SR)      Potential
    1.51729e+04    2.93624e+03   -2.74148e+05   -2.83065e+03   -2.58869e+05
    Kinetic En.   Total Energy  Conserved En.    Temperature Pressure (bar)
    4.40938e+04   -2.14775e+05   -8.40895e+07    3.06663e+02   -5.28804e+00

           Step           Time
      112800000   2820000.00000

   Energies (kJ/mol)
           Bond       G96Angle        LJ (SR)   Coulomb (SR)      Potential
    1.51435e+04    2.96152e+03   -2.73985e+05   -2.86187e+03   -2.58741e+05
    Kinetic En.   Total Energy  Conserved En.    Temperature Pressure (bar)
    4.56684e+04   -2.13073e+05   -8.43881e+07    3.17613e+02    7.58082e+00

Writing checkpoint, step 112968000 at Fri May  9 23:56:17 2025


           Step           Time
      113200000   2830000.00000

   Energies (kJ/mol)
           Bond       G96Angle        LJ (SR)   Coulomb (SR)      Potential
    1.53549e+04    3.04329e+03   -2.73032e+05   -2.84133e+03   -2.57475e+05
    Kinetic En.   Total Energy  Conserved En.    Temperature Pressure (bar)
    4.57272e+04   -2.11748e+05   -8.46867e+07    3.18022e+02    8.31681e-01

           Step           Time
      113600000   2840000.00000

   Energies (kJ/mol)
           Bond       G96Angle        LJ (SR)   Coulomb (SR)      Potential
    1.51082e+04    2.97322e+03   -2.73711e+05   -2.99007e+03   -2.58620e+05
    Kinetic En.   Total Energy  Conserved En.    Temperature Pressure (bar)
    4.43934e+04   -2.14227e+05   -8.49856e+07    3.08746e+02    7.70252e+00

           Step           Time
      114000000   2850000.00000

   Energies (kJ/mol)
           Bond       G96Angle        LJ (SR)   Coulomb (SR)      Potential
    1.55090e+04    2.89163e+03   -2.73265e+05   -2.88626e+03   -2.57751e+05
    Kinetic En.   Total Energy  Conserved En.    Temperature Pressure (bar)
    4.53754e+04   -2.12375e+05   -8.52846e+07    3.15576e+02    3.62670e+01

           Step           Time
      114400000   2860000.00000

   Energies (kJ/mol)
           Bond       G96Angle        LJ (SR)   Coulomb (SR)      Potential
    1.51600e+04    2.90414e+03   -2.73703e+05   -2.84388e+03   -2.58483e+05
    Kinetic En.   Total Energy  Conserved En.    Temperature Pressure (bar)
    4.49288e+04   -2.13554e+05   -8.55836e+07    3.12470e+02    4.89895e+01

           Step           Time
      114800000   2870000.00000

   Energies (kJ/mol)
           Bond       G96Angle        LJ (SR)   Coulomb (SR)      Potential
    1.50829e+04    3.01994e+03   -2.73598e+05   -2.89595e+03   -2.58391e+05
    Kinetic En.   Total Energy  Conserved En.    Temperature Pressure (bar)
    4.48537e+04   -2.13538e+05   -8.58823e+07    3.11947e+02    3.15973e+01

           Step           Time
      115200000   2880000.00000

   Energies (kJ/mol)
           Bond       G96Angle        LJ (SR)   Coulomb (SR)      Potential
    1.50472e+04    2.96179e+03   -2.73611e+05   -2.82191e+03   -2.58423e+05
    Kinetic En.   Total Energy  Conserved En.    Temperature Pressure (bar)
    4.44144e+04   -2.14009e+05   -8.61810e+07    3.08892e+02    1.82307e+01

Writing checkpoint, step 115597225 at Sat May 10 00:11:17 2025


           Step           Time
      115600000   2890000.00000

   Energies (kJ/mol)
           Bond       G96Angle        LJ (SR)   Coulomb (SR)      Potential
    1.54632e+04    2.90322e+03   -2.74100e+05   -2.98055e+03   -2.58715e+05
    Kinetic En.   Total Energy  Conserved En.    Temperature Pressure (bar)
    4.48267e+04   -2.13888e+05   -8.64797e+07    3.11759e+02    5.38612e+00

           Step           Time
      116000000   2900000.00000

   Energies (kJ/mol)
           Bond       G96Angle        LJ (SR)   Coulomb (SR)      Potential
    1.53948e+04    3.01500e+03   -2.73629e+05   -2.77205e+03   -2.57991e+05
    Kinetic En.   Total Energy  Conserved En.    Temperature Pressure (bar)
    4.53983e+04   -2.12593e+05   -8.67787e+07    3.15735e+02    2.36976e+01

           Step           Time
      116400000   2910000.00000

   Energies (kJ/mol)
           Bond       G96Angle        LJ (SR)   Coulomb (SR)      Potential
    1.54656e+04    2.84619e+03   -2.73389e+05   -2.87187e+03   -2.57949e+05
    Kinetic En.   Total Energy  Conserved En.    Temperature Pressure (bar)
    4.49132e+04   -2.13035e+05   -8.70774e+07    3.12361e+02    8.54684e+00

           Step           Time
      116800000   2920000.00000

   Energies (kJ/mol)
           Bond       G96Angle        LJ (SR)   Coulomb (SR)      Potential
    1.52950e+04    2.88819e+03   -2.72990e+05   -3.00829e+03   -2.57815e+05
    Kinetic En.   Total Energy  Conserved En.    Temperature Pressure (bar)
    4.52733e+04   -2.12541e+05   -8.73759e+07    3.14865e+02    8.63551e+00

           Step           Time
      117200000   2930000.00000

   Energies (kJ/mol)
           Bond       G96Angle        LJ (SR)   Coulomb (SR)      Potential
    1.53316e+04    3.05962e+03   -2.73886e+05   -2.94432e+03   -2.58440e+05
    Kinetic En.   Total Energy  Conserved En.    Temperature Pressure (bar)
    4.50536e+04   -2.13386e+05   -8.76752e+07    3.13338e+02   -4.93231e+01

           Step           Time
      117600000   2940000.00000

   Energies (kJ/mol)
           Bond       G96Angle        LJ (SR)   Coulomb (SR)      Potential
    1.48806e+04    2.86164e+03   -2.73953e+05   -2.93833e+03   -2.59149e+05
    Kinetic En.   Total Energy  Conserved En.    Temperature Pressure (bar)
    4.52995e+04   -2.13850e+05   -8.79738e+07    3.15048e+02    3.94271e+00

           Step           Time
      118000000   2950000.00000

   Energies (kJ/mol)
           Bond       G96Angle        LJ (SR)   Coulomb (SR)      Potential
    1.48690e+04    2.99171e+03   -2.73346e+05   -2.87377e+03   -2.58359e+05
    Kinetic En.   Total Energy  Conserved En.    Temperature Pressure (bar)
    4.47690e+04   -2.13590e+05   -8.82721e+07    3.11358e+02    9.30310e+01

Writing checkpoint, step 118226600 at Sat May 10 00:26:17 2025


           Step           Time
      118400000   2960000.00000

   Energies (kJ/mol)
           Bond       G96Angle        LJ (SR)   Coulomb (SR)      Potential
    1.53618e+04    2.94206e+03   -2.73365e+05   -2.80500e+03   -2.57866e+05
    Kinetic En.   Total Energy  Conserved En.    Temperature Pressure (bar)
    4.51935e+04   -2.12673e+05   -8.85706e+07    3.14311e+02    1.63430e+01

           Step           Time
      118800000   2970000.00000

   Energies (kJ/mol)
           Bond       G96Angle        LJ (SR)   Coulomb (SR)      Potential
    1.56669e+04    2.87950e+03   -2.74197e+05   -2.83339e+03   -2.58484e+05
    Kinetic En.   Total Energy  Conserved En.    Temperature Pressure (bar)
    4.48764e+04   -2.13608e+05   -8.88692e+07    3.12105e+02   -4.59666e+01

           Step           Time
      119200000   2980000.00000

   Energies (kJ/mol)
           Bond       G96Angle        LJ (SR)   Coulomb (SR)      Potential
    1.49816e+04    3.03539e+03   -2.74320e+05   -2.80347e+03   -2.59107e+05
    Kinetic En.   Total Energy  Conserved En.    Temperature Pressure (bar)
    4.47036e+04   -2.14403e+05   -8.91680e+07    3.10904e+02   -5.84919e+01

           Step           Time
      119600000   2990000.00000

   Energies (kJ/mol)
           Bond       G96Angle        LJ (SR)   Coulomb (SR)      Potential
    1.48990e+04    2.99102e+03   -2.72651e+05   -2.90578e+03   -2.57666e+05
    Kinetic En.   Total Energy  Conserved En.    Temperature Pressure (bar)
    4.54160e+04   -2.12250e+05   -8.94671e+07    3.15858e+02    6.05835e+01

           Step           Time
      120000000   3000000.00000

   Energies (kJ/mol)
           Bond       G96Angle        LJ (SR)   Coulomb (SR)      Potential
    1.53320e+04    2.85343e+03   -2.72368e+05   -2.81318e+03   -2.56996e+05
    Kinetic En.   Total Energy  Conserved En.    Temperature Pressure (bar)
    4.55135e+04   -2.11483e+05   -8.97657e+07    3.16536e+02    8.20392e+01

           Step           Time
      120400000   3010000.00000

   Energies (kJ/mol)
           Bond       G96Angle        LJ (SR)   Coulomb (SR)      Potential
    1.52786e+04    2.95292e+03   -2.73638e+05   -2.88158e+03   -2.58288e+05
    Kinetic En.   Total Energy  Conserved En.    Temperature Pressure (bar)
    4.48526e+04   -2.13436e+05   -9.00648e+07    3.11940e+02    3.58960e+01

           Step           Time
      120800000   3020000.00000

   Energies (kJ/mol)
           Bond       G96Angle        LJ (SR)   Coulomb (SR)      Potential
    1.52421e+04    2.89069e+03   -2.73560e+05   -2.80463e+03   -2.58232e+05
    Kinetic En.   Total Energy  Conserved En.    Temperature Pressure (bar)
    4.45572e+04   -2.13674e+05   -9.03632e+07    3.09886e+02   -3.15080e+01

Writing checkpoint, step 120855675 at Sat May 10 00:41:17 2025


           Step           Time
      121200000   3030000.00000

   Energies (kJ/mol)
           Bond       G96Angle        LJ (SR)   Coulomb (SR)      Potential
    1.50488e+04    2.80614e+03   -2.73759e+05   -2.89802e+03   -2.58802e+05
    Kinetic En.   Total Energy  Conserved En.    Temperature Pressure (bar)
    4.46894e+04   -2.14113e+05   -9.06618e+07    3.10804e+02   -1.56663e+00

           Step           Time
      121600000   3040000.00000

   Energies (kJ/mol)
           Bond       G96Angle        LJ (SR)   Coulomb (SR)      Potential
    1.52795e+04    3.01694e+03   -2.73621e+05   -2.91813e+03   -2.58242e+05
    Kinetic En.   Total Energy  Conserved En.    Temperature Pressure (bar)
    4.50104e+04   -2.13232e+05   -9.09608e+07    3.13037e+02   -3.04101e+01

           Step           Time
      122000000   3050000.00000

   Energies (kJ/mol)
           Bond       G96Angle        LJ (SR)   Coulomb (SR)      Potential
    1.49537e+04    2.84306e+03   -2.73551e+05   -2.90873e+03   -2.58663e+05
    Kinetic En.   Total Energy  Conserved En.    Temperature Pressure (bar)
    4.52437e+04   -2.13420e+05   -9.12590e+07    3.14659e+02   -4.02091e+00

           Step           Time
      122400000   3060000.00000

   Energies (kJ/mol)
           Bond       G96Angle        LJ (SR)   Coulomb (SR)      Potential
    1.49979e+04    2.99553e+03   -2.73788e+05   -2.86284e+03   -2.58658e+05
    Kinetic En.   Total Energy  Conserved En.    Temperature Pressure (bar)
    4.52847e+04   -2.13373e+05   -9.15574e+07    3.14945e+02   -1.42040e+01

           Step           Time
      122800000   3070000.00000

   Energies (kJ/mol)
           Bond       G96Angle        LJ (SR)   Coulomb (SR)      Potential
    1.50675e+04    2.92317e+03   -2.73897e+05   -2.82609e+03   -2.58733e+05
    Kinetic En.   Total Energy  Conserved En.    Temperature Pressure (bar)
    4.49949e+04   -2.13738e+05   -9.18564e+07    3.12929e+02   -1.77741e+01

           Step           Time
      123200000   3080000.00000

   Energies (kJ/mol)
           Bond       G96Angle        LJ (SR)   Coulomb (SR)      Potential
    1.50321e+04    2.95347e+03   -2.72825e+05   -2.91699e+03   -2.57756e+05
    Kinetic En.   Total Energy  Conserved En.    Temperature Pressure (bar)
    4.51978e+04   -2.12559e+05   -9.21550e+07    3.14340e+02    3.65992e+01

Writing checkpoint, step 123484225 at Sat May 10 00:56:17 2025


           Step           Time
      123600000   3090000.00000

   Energies (kJ/mol)
           Bond       G96Angle        LJ (SR)   Coulomb (SR)      Potential
    1.54353e+04    2.91463e+03   -2.73970e+05   -2.93055e+03   -2.58550e+05
    Kinetic En.   Total Energy  Conserved En.    Temperature Pressure (bar)
    4.48111e+04   -2.13739e+05   -9.24534e+07    3.11651e+02   -1.17217e+01

           Step           Time
      124000000   3100000.00000

   Energies (kJ/mol)
           Bond       G96Angle        LJ (SR)   Coulomb (SR)      Potential
    1.52016e+04    2.83579e+03   -2.74305e+05   -2.84562e+03   -2.59114e+05
    Kinetic En.   Total Energy  Conserved En.    Temperature Pressure (bar)
    4.50721e+04   -2.14042e+05   -9.27519e+07    3.13466e+02   -2.91767e+01

           Step           Time
      124400000   3110000.00000

   Energies (kJ/mol)
           Bond       G96Angle        LJ (SR)   Coulomb (SR)      Potential
    1.51510e+04    2.95250e+03   -2.74296e+05   -2.72935e+03   -2.58922e+05
    Kinetic En.   Total Energy  Conserved En.    Temperature Pressure (bar)
    4.48853e+04   -2.14037e+05   -9.30507e+07    3.12167e+02    1.29995e+01

           Step           Time
      124800000   3120000.00000

   Energies (kJ/mol)
           Bond       G96Angle        LJ (SR)   Coulomb (SR)      Potential
    1.53299e+04    2.92111e+03   -2.73490e+05   -2.81333e+03   -2.58052e+05
    Kinetic En.   Total Energy  Conserved En.    Temperature Pressure (bar)
    4.53789e+04   -2.12673e+05   -9.33494e+07    3.15600e+02    7.81473e+00

           Step           Time
      125200000   3130000.00000

   Energies (kJ/mol)
           Bond       G96Angle        LJ (SR)   Coulomb (SR)      Potential
    1.50339e+04    2.87653e+03   -2.73267e+05   -2.93079e+03   -2.58288e+05
    Kinetic En.   Total Energy  Conserved En.    Temperature Pressure (bar)
    4.48238e+04   -2.13464e+05   -9.36483e+07    3.11740e+02    3.70956e+01

           Step           Time
      125600000   3140000.00000

   Energies (kJ/mol)
           Bond       G96Angle        LJ (SR)   Coulomb (SR)      Potential
    1.50151e+04    2.86482e+03   -2.73214e+05   -2.95823e+03   -2.58292e+05
    Kinetic En.   Total Energy  Conserved En.    Temperature Pressure (bar)
    4.41704e+04   -2.14122e+05   -9.39467e+07    3.07195e+02    1.74439e+01

           Step           Time
      126000000   3150000.00000

   Energies (kJ/mol)
           Bond       G96Angle        LJ (SR)   Coulomb (SR)      Potential
    1.51665e+04    2.94347e+03   -2.73520e+05   -2.83647e+03   -2.58246e+05
    Kinetic En.   Total Energy  Conserved En.    Temperature Pressure (bar)
    4.53854e+04   -2.12861e+05   -9.42454e+07    3.15645e+02    1.84469e+00

Writing checkpoint, step 126113300 at Sat May 10 01:11:17 2025


           Step           Time
      126400000   3160000.00000

   Energies (kJ/mol)
           Bond       G96Angle        LJ (SR)   Coulomb (SR)      Potential
    1.51726e+04    2.81082e+03   -2.74004e+05   -2.86717e+03   -2.58888e+05
    Kinetic En.   Total Energy  Conserved En.    Temperature Pressure (bar)
    4.54088e+04   -2.13479e+05   -9.45433e+07    3.15808e+02    1.33781e+01

           Step           Time
      126800000   3170000.00000

   Energies (kJ/mol)
           Bond       G96Angle        LJ (SR)   Coulomb (SR)      Potential
    1.50992e+04    2.96698e+03   -2.73711e+05   -2.83946e+03   -2.58484e+05
    Kinetic En.   Total Energy  Conserved En.    Temperature Pressure (bar)
    4.45245e+04   -2.13960e+05   -9.48416e+07    3.09658e+02   -2.07148e+01

           Step           Time
      127200000   3180000.00000

   Energies (kJ/mol)
           Bond       G96Angle        LJ (SR)   Coulomb (SR)      Potential
    1.51053e+04    2.82943e+03   -2.74184e+05   -2.90175e+03   -2.59151e+05
    Kinetic En.   Total Energy  Conserved En.    Temperature Pressure (bar)
    4.45560e+04   -2.14595e+05   -9.51398e+07    3.09877e+02   -2.88715e+01

           Step           Time
      127600000   3190000.00000

   Energies (kJ/mol)
           Bond       G96Angle        LJ (SR)   Coulomb (SR)      Potential
    1.53382e+04    3.00198e+03   -2.73090e+05   -2.93771e+03   -2.57687e+05
    Kinetic En.   Total Energy  Conserved En.    Temperature Pressure (bar)
    4.54289e+04   -2.12258e+05   -9.54387e+07    3.15948e+02    2.31715e+01

           Step           Time
      128000000   3200000.00000

   Energies (kJ/mol)
           Bond       G96Angle        LJ (SR)   Coulomb (SR)      Potential
    1.52079e+04    3.06829e+03   -2.73589e+05   -2.82110e+03   -2.58134e+05
    Kinetic En.   Total Energy  Conserved En.    Temperature Pressure (bar)
    4.53912e+04   -2.12743e+05   -9.57375e+07    3.15686e+02   -2.07285e+01

           Step           Time
      128400000   3210000.00000

   Energies (kJ/mol)
           Bond       G96Angle        LJ (SR)   Coulomb (SR)      Potential
    1.55125e+04    2.94697e+03   -2.73392e+05   -2.83686e+03   -2.57770e+05
    Kinetic En.   Total Energy  Conserved En.    Temperature Pressure (bar)
    4.43302e+04   -2.13440e+05   -9.60358e+07    3.08306e+02   -1.09420e+01

Writing checkpoint, step 128742150 at Sat May 10 01:26:17 2025


           Step           Time
      128800000   3220000.00000

   Energies (kJ/mol)
           Bond       G96Angle        LJ (SR)   Coulomb (SR)      Potential
    1.52060e+04    2.97984e+03   -2.73295e+05   -2.88785e+03   -2.57997e+05
    Kinetic En.   Total Energy  Conserved En.    Temperature Pressure (bar)
    4.54145e+04   -2.12582e+05   -9.63341e+07    3.15848e+02   -4.90544e+00

           Step           Time
      129200000   3230000.00000

   Energies (kJ/mol)
           Bond       G96Angle        LJ (SR)   Coulomb (SR)      Potential
    1.51986e+04    2.88069e+03   -2.73699e+05   -2.76003e+03   -2.58380e+05
    Kinetic En.   Total Energy  Conserved En.    Temperature Pressure (bar)
    4.51772e+04   -2.13202e+05   -9.66329e+07    3.14197e+02   -1.21999e+00

           Step           Time
      129600000   3240000.00000

   Energies (kJ/mol)
           Bond       G96Angle        LJ (SR)   Coulomb (SR)      Potential
    1.52463e+04    2.88542e+03   -2.73037e+05   -2.98259e+03   -2.57888e+05
    Kinetic En.   Total Energy  Conserved En.    Temperature Pressure (bar)
    4.50963e+04   -2.12792e+05   -9.69316e+07    3.13635e+02   -1.68354e+01

           Step           Time
      130000000   3250000.00000

   Energies (kJ/mol)
           Bond       G96Angle        LJ (SR)   Coulomb (SR)      Potential
    1.50233e+04    2.85614e+03   -2.74571e+05   -2.90733e+03   -2.59599e+05
    Kinetic En.   Total Energy  Conserved En.    Temperature Pressure (bar)
    4.42269e+04   -2.15372e+05   -9.72300e+07    3.07588e+02   -2.29931e+01

           Step           Time
      130400000   3260000.00000

   Energies (kJ/mol)
           Bond       G96Angle        LJ (SR)   Coulomb (SR)      Potential
    1.53347e+04    2.90237e+03   -2.73546e+05   -2.81753e+03   -2.58127e+05
    Kinetic En.   Total Energy  Conserved En.    Temperature Pressure (bar)
    4.55388e+04   -2.12588e+05   -9.75285e+07    3.16712e+02    5.35653e+01

           Step           Time
      130800000   3270000.00000

   Energies (kJ/mol)
           Bond       G96Angle        LJ (SR)   Coulomb (SR)      Potential
    1.52661e+04    2.94246e+03   -2.75019e+05   -3.00021e+03   -2.59810e+05
    Kinetic En.   Total Energy  Conserved En.    Temperature Pressure (bar)
    4.46146e+04   -2.15196e+05   -9.78278e+07    3.10284e+02   -6.56854e+01

           Step           Time
      131200000   3280000.00000

   Energies (kJ/mol)
           Bond       G96Angle        LJ (SR)   Coulomb (SR)      Potential
    1.50319e+04    3.02286e+03   -2.73740e+05   -2.83123e+03   -2.58516e+05
    Kinetic En.   Total Energy  Conserved En.    Temperature Pressure (bar)
    4.53535e+04   -2.13163e+05   -9.81268e+07    3.15424e+02   -9.80665e+00

Writing checkpoint, step 131370575 at Sat May 10 01:41:17 2025


           Step           Time
      131600000   3290000.00000

   Energies (kJ/mol)
           Bond       G96Angle        LJ (SR)   Coulomb (SR)      Potential
    1.52000e+04    2.88218e+03   -2.74141e+05   -2.88108e+03   -2.58940e+05
    Kinetic En.   Total Energy  Conserved En.    Temperature Pressure (bar)
    4.44009e+04   -2.14539e+05   -9.84250e+07    3.08798e+02   -4.09327e+01

           Step           Time
      132000000   3300000.00000

   Energies (kJ/mol)
           Bond       G96Angle        LJ (SR)   Coulomb (SR)      Potential
    1.50614e+04    2.90203e+03   -2.73160e+05   -3.01387e+03   -2.58210e+05
    Kinetic En.   Total Energy  Conserved En.    Temperature Pressure (bar)
    4.47767e+04   -2.13434e+05   -9.87239e+07    3.11412e+02   -7.39305e+00

           Step           Time
      132400000   3310000.00000

   Energies (kJ/mol)
           Bond       G96Angle        LJ (SR)   Coulomb (SR)      Potential
    1.50549e+04    2.90782e+03   -2.73873e+05   -2.96503e+03   -2.58875e+05
    Kinetic En.   Total Energy  Conserved En.    Temperature Pressure (bar)
    4.52025e+04   -2.13673e+05   -9.90228e+07    3.14373e+02    3.15531e+01

           Step           Time
      132800000   3320000.00000

   Energies (kJ/mol)
           Bond       G96Angle        LJ (SR)   Coulomb (SR)      Potential
    1.51833e+04    2.77176e+03   -2.73925e+05   -2.96110e+03   -2.58931e+05
    Kinetic En.   Total Energy  Conserved En.    Temperature Pressure (bar)
    4.50305e+04   -2.13901e+05   -9.93215e+07    3.13177e+02    3.34249e-01

           Step           Time
      133200000   3330000.00000

   Energies (kJ/mol)
           Bond       G96Angle        LJ (SR)   Coulomb (SR)      Potential
    1.52094e+04    3.04022e+03   -2.73995e+05   -2.79973e+03   -2.58545e+05
    Kinetic En.   Total Energy  Conserved En.    Temperature Pressure (bar)
    4.44453e+04   -2.14100e+05   -9.96202e+07    3.09107e+02    2.77938e+01

           Step           Time
      133600000   3340000.00000

   Energies (kJ/mol)
           Bond       G96Angle        LJ (SR)   Coulomb (SR)      Potential
    1.51406e+04    2.92424e+03   -2.72993e+05   -3.04908e+03   -2.57977e+05
    Kinetic En.   Total Energy  Conserved En.    Temperature Pressure (bar)
    4.48805e+04   -2.13096e+05   -9.99193e+07    3.12134e+02    1.64422e+01

           Step           Time
      134000000   3350000.00000

   Energies (kJ/mol)
           Bond       G96Angle        LJ (SR)   Coulomb (SR)      Potential
    1.53168e+04    2.79160e+03   -2.73025e+05   -2.87904e+03   -2.57796e+05
    Kinetic En.   Total Energy  Conserved En.    Temperature Pressure (bar)
    4.49327e+04   -2.12863e+05   -1.00218e+08    3.12496e+02    2.67538e+00

Writing checkpoint, step 134001075 at Sat May 10 01:56:17 2025


           Step           Time
      134400000   3360000.00000

   Energies (kJ/mol)
           Bond       G96Angle        LJ (SR)   Coulomb (SR)      Potential
    1.54379e+04    2.96408e+03   -2.73482e+05   -2.86503e+03   -2.57945e+05
    Kinetic En.   Total Energy  Conserved En.    Temperature Pressure (bar)
    4.52923e+04   -2.12653e+05   -1.00517e+08    3.14998e+02   -1.79385e+01

           Step           Time
      134800000   3370000.00000

   Energies (kJ/mol)
           Bond       G96Angle        LJ (SR)   Coulomb (SR)      Potential
    1.56042e+04    2.98915e+03   -2.72954e+05   -2.81477e+03   -2.57176e+05
    Kinetic En.   Total Energy  Conserved En.    Temperature Pressure (bar)
    4.44920e+04   -2.12684e+05   -1.00816e+08    3.09432e+02    2.72241e+00

           Step           Time
      135200000   3380000.00000

   Energies (kJ/mol)
           Bond       G96Angle        LJ (SR)   Coulomb (SR)      Potential
    1.49999e+04    2.90815e+03   -2.73723e+05   -2.90462e+03   -2.58720e+05
    Kinetic En.   Total Energy  Conserved En.    Temperature Pressure (bar)
    4.49396e+04   -2.13780e+05   -1.01114e+08    3.12545e+02   -4.16254e+01

           Step           Time
      135600000   3390000.00000

   Energies (kJ/mol)
           Bond       G96Angle        LJ (SR)   Coulomb (SR)      Potential
    1.51568e+04    2.96581e+03   -2.73599e+05   -2.88805e+03   -2.58364e+05
    Kinetic En.   Total Energy  Conserved En.    Temperature Pressure (bar)
    4.49954e+04   -2.13369e+05   -1.01413e+08    3.12932e+02   -2.65044e+00

           Step           Time
      136000000   3400000.00000

   Energies (kJ/mol)
           Bond       G96Angle        LJ (SR)   Coulomb (SR)      Potential
    1.52275e+04    2.80900e+03   -2.73632e+05   -2.85383e+03   -2.58449e+05
    Kinetic En.   Total Energy  Conserved En.    Temperature Pressure (bar)
    4.53122e+04   -2.13137e+05   -1.01711e+08    3.15136e+02   -6.06463e+00

           Step           Time
      136400000   3410000.00000

   Energies (kJ/mol)
           Bond       G96Angle        LJ (SR)   Coulomb (SR)      Potential
    1.49085e+04    3.10720e+03   -2.73931e+05   -2.90734e+03   -2.58822e+05
    Kinetic En.   Total Energy  Conserved En.    Temperature Pressure (bar)
    4.46360e+04   -2.14186e+05   -1.02010e+08    3.10433e+02    1.21218e+01

Writing checkpoint, step 136618875 at Sat May 10 02:11:17 2025


           Step           Time
      136800000   3420000.00000

   Energies (kJ/mol)
           Bond       G96Angle        LJ (SR)   Coulomb (SR)      Potential
    1.50192e+04    3.06058e+03   -2.74819e+05   -2.99378e+03   -2.59733e+05
    Kinetic En.   Total Energy  Conserved En.    Temperature Pressure (bar)
    4.43549e+04   -2.15378e+05   -1.02308e+08    3.08478e+02   -5.45463e+01

           Step           Time
      137200000   3430000.00000

   Energies (kJ/mol)
           Bond       G96Angle        LJ (SR)   Coulomb (SR)      Potential
    1.53997e+04    2.90259e+03   -2.72946e+05   -2.77161e+03   -2.57415e+05
    Kinetic En.   Total Energy  Conserved En.    Temperature Pressure (bar)
    4.48378e+04   -2.12577e+05   -1.02607e+08    3.11837e+02    6.49334e+00

           Step           Time
      137600000   3440000.00000

   Energies (kJ/mol)
           Bond       G96Angle        LJ (SR)   Coulomb (SR)      Potential
    1.52095e+04    2.89554e+03   -2.73357e+05   -2.96679e+03   -2.58218e+05
    Kinetic En.   Total Energy  Conserved En.    Temperature Pressure (bar)
    4.55710e+04   -2.12647e+05   -1.02905e+08    3.16936e+02   -2.28108e+01

           Step           Time
      138000000   3450000.00000

   Energies (kJ/mol)
           Bond       G96Angle        LJ (SR)   Coulomb (SR)      Potential
    1.52030e+04    3.01850e+03   -2.73464e+05   -2.95880e+03   -2.58202e+05
    Kinetic En.   Total Energy  Conserved En.    Temperature Pressure (bar)
    4.51805e+04   -2.13021e+05   -1.03204e+08    3.14220e+02    2.89886e+01

           Step           Time
      138400000   3460000.00000

   Energies (kJ/mol)
           Bond       G96Angle        LJ (SR)   Coulomb (SR)      Potential
    1.54802e+04    2.94256e+03   -2.72664e+05   -2.87882e+03   -2.57120e+05
    Kinetic En.   Total Energy  Conserved En.    Temperature Pressure (bar)
    4.58637e+04   -2.11256e+05   -1.03503e+08    3.18971e+02    6.63267e+01

           Step           Time
      138800000   3470000.00000

   Energies (kJ/mol)
           Bond       G96Angle        LJ (SR)   Coulomb (SR)      Potential
    1.49823e+04    2.88942e+03   -2.73736e+05   -2.90995e+03   -2.58774e+05
    Kinetic En.   Total Energy  Conserved En.    Temperature Pressure (bar)
    4.48613e+04   -2.13913e+05   -1.03801e+08    3.12000e+02   -3.07629e+01

           Step           Time
      139200000   3480000.00000

   Energies (kJ/mol)
           Bond       G96Angle        LJ (SR)   Coulomb (SR)      Potential
    1.52503e+04    3.01572e+03   -2.73840e+05   -2.79433e+03   -2.58369e+05
    Kinetic En.   Total Energy  Conserved En.    Temperature Pressure (bar)
    4.51421e+04   -2.13227e+05   -1.04100e+08    3.13953e+02    1.45451e+01

Writing checkpoint, step 139247975 at Sat May 10 02:26:17 2025


           Step           Time
      139600000   3490000.00000

   Energies (kJ/mol)
           Bond       G96Angle        LJ (SR)   Coulomb (SR)      Potential
    1.51664e+04    2.90610e+03   -2.73701e+05   -2.88826e+03   -2.58517e+05
    Kinetic En.   Total Energy  Conserved En.    Temperature Pressure (bar)
    4.53353e+04   -2.13182e+05   -1.04399e+08    3.15297e+02    1.14076e+01

           Step           Time
      140000000   3500000.00000

   Energies (kJ/mol)
           Bond       G96Angle        LJ (SR)   Coulomb (SR)      Potential
    1.55542e+04    2.97887e+03   -2.73748e+05   -2.95134e+03   -2.58167e+05
    Kinetic En.   Total Energy  Conserved En.    Temperature Pressure (bar)
    4.49149e+04   -2.13252e+05   -1.04697e+08    3.12373e+02    2.05188e+01

           Step           Time
      140400000   3510000.00000

   Energies (kJ/mol)
           Bond       G96Angle        LJ (SR)   Coulomb (SR)      Potential
    1.51196e+04    2.94566e+03   -2.73939e+05   -2.89543e+03   -2.58769e+05
    Kinetic En.   Total Energy  Conserved En.    Temperature Pressure (bar)
    4.47635e+04   -2.14006e+05   -1.04996e+08    3.11320e+02    1.55114e+01

           Step           Time
      140800000   3520000.00000

   Energies (kJ/mol)
           Bond       G96Angle        LJ (SR)   Coulomb (SR)      Potential
    1.55790e+04    3.03992e+03   -2.72593e+05   -2.72131e+03   -2.56695e+05
    Kinetic En.   Total Energy  Conserved En.    Temperature Pressure (bar)
    4.57273e+04   -2.10968e+05   -1.05294e+08    3.18023e+02    3.98419e+01

           Step           Time
      141200000   3530000.00000

   Energies (kJ/mol)
           Bond       G96Angle        LJ (SR)   Coulomb (SR)      Potential
    1.51690e+04    2.94144e+03   -2.73007e+05   -2.87233e+03   -2.57769e+05
    Kinetic En.   Total Energy  Conserved En.    Temperature Pressure (bar)
    4.47539e+04   -2.13015e+05   -1.05593e+08    3.11253e+02   -1.75164e+00

           Step           Time
      141600000   3540000.00000

   Energies (kJ/mol)
           Bond       G96Angle        LJ (SR)   Coulomb (SR)      Potential
    1.52566e+04    2.82065e+03   -2.73409e+05   -2.79562e+03   -2.58127e+05
    Kinetic En.   Total Energy  Conserved En.    Temperature Pressure (bar)
    4.50241e+04   -2.13103e+05   -1.05892e+08    3.13132e+02    1.54125e+01

Writing checkpoint, step 141878225 at Sat May 10 02:41:17 2025


           Step           Time
      142000000   3550000.00000

   Energies (kJ/mol)
           Bond       G96Angle        LJ (SR)   Coulomb (SR)      Potential
    1.55941e+04    3.06826e+03   -2.73694e+05   -2.89593e+03   -2.57927e+05
    Kinetic En.   Total Energy  Conserved En.    Temperature Pressure (bar)
    4.56419e+04   -2.12286e+05   -1.06190e+08    3.17429e+02   -1.11405e+01

           Step           Time
      142400000   3560000.00000

   Energies (kJ/mol)
           Bond       G96Angle        LJ (SR)   Coulomb (SR)      Potential
    1.50464e+04    2.96978e+03   -2.73798e+05   -2.89426e+03   -2.58676e+05
    Kinetic En.   Total Energy  Conserved En.    Temperature Pressure (bar)
    4.52951e+04   -2.13381e+05   -1.06489e+08    3.15017e+02    4.32149e+01

           Step           Time
      142800000   3570000.00000

   Energies (kJ/mol)
           Bond       G96Angle        LJ (SR)   Coulomb (SR)      Potential
    1.51682e+04    2.97812e+03   -2.73522e+05   -2.87513e+03   -2.58251e+05
    Kinetic En.   Total Energy  Conserved En.    Temperature Pressure (bar)
    4.54759e+04   -2.12775e+05   -1.06788e+08    3.16275e+02    3.42894e+01

           Step           Time
      143200000   3580000.00000

   Energies (kJ/mol)
           Bond       G96Angle        LJ (SR)   Coulomb (SR)      Potential
    1.52135e+04    3.07529e+03   -2.74179e+05   -2.81613e+03   -2.58706e+05
    Kinetic En.   Total Energy  Conserved En.    Temperature Pressure (bar)
    4.50244e+04   -2.13682e+05   -1.07087e+08    3.13134e+02    2.30731e+00

           Step           Time
      143600000   3590000.00000

   Energies (kJ/mol)
           Bond       G96Angle        LJ (SR)   Coulomb (SR)      Potential
    1.52715e+04    2.83416e+03   -2.73783e+05   -2.88351e+03   -2.58561e+05
    Kinetic En.   Total Energy  Conserved En.    Temperature Pressure (bar)
    4.54469e+04   -2.13114e+05   -1.07386e+08    3.16073e+02   -1.01840e+01

           Step           Time
      144000000   3600000.00000

   Energies (kJ/mol)
           Bond       G96Angle        LJ (SR)   Coulomb (SR)      Potential
    1.52641e+04    3.08028e+03   -2.72901e+05   -2.86856e+03   -2.57425e+05
    Kinetic En.   Total Energy  Conserved En.    Temperature Pressure (bar)
    4.49137e+04   -2.12511e+05   -1.07684e+08    3.12365e+02    7.65784e+00

           Step           Time
      144400000   3610000.00000

   Energies (kJ/mol)
           Bond       G96Angle        LJ (SR)   Coulomb (SR)      Potential
    1.51672e+04    2.96251e+03   -2.73055e+05   -2.86547e+03   -2.57790e+05
    Kinetic En.   Total Energy  Conserved En.    Temperature Pressure (bar)
    4.46037e+04   -2.13187e+05   -1.07983e+08    3.10208e+02   -1.64428e+01

Writing checkpoint, step 144509875 at Sat May 10 02:56:17 2025


           Step           Time
      144800000   3620000.00000

   Energies (kJ/mol)
           Bond       G96Angle        LJ (SR)   Coulomb (SR)      Potential
    1.55124e+04    3.07115e+03   -2.74003e+05   -2.80136e+03   -2.58220e+05
    Kinetic En.   Total Energy  Conserved En.    Temperature Pressure (bar)
    4.41909e+04   -2.14030e+05   -1.08281e+08    3.07338e+02   -4.19043e+01

           Step           Time
      145200000   3630000.00000

   Energies (kJ/mol)
           Bond       G96Angle        LJ (SR)   Coulomb (SR)      Potential
    1.47940e+04    2.88291e+03   -2.73431e+05   -2.84853e+03   -2.58602e+05
    Kinetic En.   Total Energy  Conserved En.    Temperature Pressure (bar)
    4.50177e+04   -2.13585e+05   -1.08579e+08    3.13088e+02    1.86032e+01

           Step           Time
      145600000   3640000.00000

   Energies (kJ/mol)
           Bond       G96Angle        LJ (SR)   Coulomb (SR)      Potential
    1.51242e+04    2.93049e+03   -2.73331e+05   -2.80451e+03   -2.58081e+05
    Kinetic En.   Total Energy  Conserved En.    Temperature Pressure (bar)
    4.47324e+04   -2.13349e+05   -1.08877e+08    3.11103e+02    1.79465e+01

           Step           Time
      146000000   3650000.00000

   Energies (kJ/mol)
           Bond       G96Angle        LJ (SR)   Coulomb (SR)      Potential
    1.51611e+04    3.15961e+03   -2.74158e+05   -2.86311e+03   -2.58700e+05
    Kinetic En.   Total Energy  Conserved En.    Temperature Pressure (bar)
    4.43488e+04   -2.14351e+05   -1.09175e+08    3.08436e+02   -4.12652e+01

           Step           Time
      146400000   3660000.00000

   Energies (kJ/mol)
           Bond       G96Angle        LJ (SR)   Coulomb (SR)      Potential
    1.50419e+04    2.82806e+03   -2.74893e+05   -2.87982e+03   -2.59903e+05
    Kinetic En.   Total Energy  Conserved En.    Temperature Pressure (bar)
    4.52069e+04   -2.14696e+05   -1.09473e+08    3.14404e+02   -2.00093e+01

           Step           Time
      146800000   3670000.00000

   Energies (kJ/mol)
           Bond       G96Angle        LJ (SR)   Coulomb (SR)      Potential
    1.52335e+04    2.86991e+03   -2.74058e+05   -2.89283e+03   -2.58848e+05
    Kinetic En.   Total Energy  Conserved En.    Temperature Pressure (bar)
    4.45726e+04   -2.14275e+05   -1.09771e+08    3.09992e+02    6.24594e-01

Writing checkpoint, step 147139300 at Sat May 10 03:11:17 2025


           Step           Time
      147200000   3680000.00000

   Energies (kJ/mol)
           Bond       G96Angle        LJ (SR)   Coulomb (SR)      Potential
    1.53355e+04    2.84997e+03   -2.73977e+05   -2.89062e+03   -2.58682e+05
    Kinetic En.   Total Energy  Conserved En.    Temperature Pressure (bar)
    4.55606e+04   -2.13121e+05   -1.10068e+08    3.16864e+02   -4.10004e+00

           Step           Time
      147600000   3690000.00000

   Energies (kJ/mol)
           Bond       G96Angle        LJ (SR)   Coulomb (SR)      Potential
    1.53898e+04    3.07731e+03   -2.73817e+05   -2.94749e+03   -2.58297e+05
    Kinetic En.   Total Energy  Conserved En.    Temperature Pressure (bar)
    4.43672e+04   -2.13930e+05   -1.10366e+08    3.08564e+02   -4.31273e+01

           Step           Time
      148000000   3700000.00000

   Energies (kJ/mol)
           Bond       G96Angle        LJ (SR)   Coulomb (SR)      Potential
    1.54105e+04    2.92773e+03   -2.73686e+05   -2.92778e+03   -2.58275e+05
    Kinetic En.   Total Energy  Conserved En.    Temperature Pressure (bar)
    4.49644e+04   -2.13311e+05   -1.10664e+08    3.12717e+02   -5.05989e+01

           Step           Time
      148400000   3710000.00000

   Energies (kJ/mol)
           Bond       G96Angle        LJ (SR)   Coulomb (SR)      Potential
    1.50884e+04    2.95866e+03   -2.73514e+05   -2.80152e+03   -2.58268e+05
    Kinetic En.   Total Energy  Conserved En.    Temperature Pressure (bar)
    4.57379e+04   -2.12530e+05   -1.10962e+08    3.18096e+02    2.21964e+01

           Step           Time
      148800000   3720000.00000

   Energies (kJ/mol)
           Bond       G96Angle        LJ (SR)   Coulomb (SR)      Potential
    1.48134e+04    2.99139e+03   -2.73641e+05   -2.98704e+03   -2.58823e+05
    Kinetic En.   Total Energy  Conserved En.    Temperature Pressure (bar)
    4.52569e+04   -2.13566e+05   -1.11260e+08    3.14751e+02    1.91325e+01

           Step           Time
      149200000   3730000.00000

   Energies (kJ/mol)
           Bond       G96Angle        LJ (SR)   Coulomb (SR)      Potential
    1.51367e+04    2.96089e+03   -2.74152e+05   -2.89496e+03   -2.58950e+05
    Kinetic En.   Total Energy  Conserved En.    Temperature Pressure (bar)
    4.46671e+04   -2.14283e+05   -1.11558e+08    3.10649e+02   -4.49800e+01

           Step           Time
      149600000   3740000.00000

   Energies (kJ/mol)
           Bond       G96Angle        LJ (SR)   Coulomb (SR)      Potential
    1.55353e+04    2.73162e+03   -2.73442e+05   -2.80792e+03   -2.57983e+05
    Kinetic En.   Total Energy  Conserved En.    Temperature Pressure (bar)
    4.55703e+04   -2.12413e+05   -1.11855e+08    3.16931e+02    3.86658e+01

Writing checkpoint, step 149766475 at Sat May 10 03:26:17 2025


           Step           Time
      150000000   3750000.00000

   Energies (kJ/mol)
           Bond       G96Angle        LJ (SR)   Coulomb (SR)      Potential
    1.51473e+04    2.99195e+03   -2.73528e+05   -2.99906e+03   -2.58387e+05
    Kinetic En.   Total Energy  Conserved En.    Temperature Pressure (bar)
    4.47123e+04   -2.13675e+05   -1.12153e+08    3.10964e+02   -9.93702e+00

           Step           Time
      150400000   3760000.00000

   Energies (kJ/mol)
           Bond       G96Angle        LJ (SR)   Coulomb (SR)      Potential
    1.52332e+04    2.88175e+03   -2.72786e+05   -2.84621e+03   -2.57517e+05
    Kinetic En.   Total Energy  Conserved En.    Temperature Pressure (bar)
    4.48566e+04   -2.12661e+05   -1.12451e+08    3.11968e+02    2.59829e+01

           Step           Time
      150800000   3770000.00000

   Energies (kJ/mol)
           Bond       G96Angle        LJ (SR)   Coulomb (SR)      Potential
    1.51729e+04    2.96730e+03   -2.73194e+05   -2.85687e+03   -2.57911e+05
    Kinetic En.   Total Energy  Conserved En.    Temperature Pressure (bar)
    4.50398e+04   -2.12871e+05   -1.12749e+08    3.13242e+02   -1.29011e+01

           Step           Time
      151200000   3780000.00000

   Energies (kJ/mol)
           Bond       G96Angle        LJ (SR)   Coulomb (SR)      Potential
    1.54969e+04    2.97051e+03   -2.73750e+05   -2.78161e+03   -2.58064e+05
    Kinetic En.   Total Energy  Conserved En.    Temperature Pressure (bar)
    4.44121e+04   -2.13652e+05   -1.13047e+08    3.08876e+02   -1.30326e+01

           Step           Time
      151600000   3790000.00000

   Energies (kJ/mol)
           Bond       G96Angle        LJ (SR)   Coulomb (SR)      Potential
    1.51648e+04    2.95870e+03   -2.73378e+05   -2.79940e+03   -2.58054e+05
    Kinetic En.   Total Energy  Conserved En.    Temperature Pressure (bar)
    4.50162e+04   -2.13037e+05   -1.13344e+08    3.13077e+02    2.31168e+01

           Step           Time
      152000000   3800000.00000

   Energies (kJ/mol)
           Bond       G96Angle        LJ (SR)   Coulomb (SR)      Potential
    1.50083e+04    2.90632e+03   -2.73530e+05   -2.87862e+03   -2.58494e+05
    Kinetic En.   Total Energy  Conserved En.    Temperature Pressure (bar)
    4.46302e+04   -2.13864e+05   -1.13641e+08    3.10393e+02   -3.82753e+01

Writing checkpoint, step 152390900 at Sat May 10 03:41:17 2025


           Step           Time
      152400000   3810000.00000

   Energies (kJ/mol)
           Bond       G96Angle        LJ (SR)   Coulomb (SR)      Potential
    1.53956e+04    2.89977e+03   -2.73858e+05   -2.71636e+03   -2.58279e+05
    Kinetic En.   Total Energy  Conserved En.    Temperature Pressure (bar)
    4.53125e+04   -2.12966e+05   -1.13939e+08    3.15138e+02   -2.83757e+01

           Step           Time
      152800000   3820000.00000

   Energies (kJ/mol)
           Bond       G96Angle        LJ (SR)   Coulomb (SR)      Potential
    1.51207e+04    2.87277e+03   -2.74876e+05   -2.87567e+03   -2.59758e+05
    Kinetic En.   Total Energy  Conserved En.    Temperature Pressure (bar)
    4.43481e+04   -2.15410e+05   -1.14237e+08    3.08431e+02   -2.43959e+01

           Step           Time
      153200000   3830000.00000

   Energies (kJ/mol)
           Bond       G96Angle        LJ (SR)   Coulomb (SR)      Potential
    1.51145e+04    2.83152e+03   -2.73209e+05   -2.87915e+03   -2.58142e+05
    Kinetic En.   Total Energy  Conserved En.    Temperature Pressure (bar)
    4.48347e+04   -2.13307e+05   -1.14535e+08    3.11815e+02   -1.05279e+01

           Step           Time
      153600000   3840000.00000

   Energies (kJ/mol)
           Bond       G96Angle        LJ (SR)   Coulomb (SR)      Potential
    1.52187e+04    3.04718e+03   -2.73642e+05   -2.91211e+03   -2.58288e+05
    Kinetic En.   Total Energy  Conserved En.    Temperature Pressure (bar)
    4.53189e+04   -2.12970e+05   -1.14833e+08    3.15182e+02    3.96921e+01

           Step           Time
      154000000   3850000.00000

   Energies (kJ/mol)
           Bond       G96Angle        LJ (SR)   Coulomb (SR)      Potential
    1.52890e+04    3.18001e+03   -2.73571e+05   -2.76235e+03   -2.57864e+05
    Kinetic En.   Total Energy  Conserved En.    Temperature Pressure (bar)
    4.52462e+04   -2.12618e+05   -1.15131e+08    3.14677e+02   -3.36653e+01

           Step           Time
      154400000   3860000.00000

   Energies (kJ/mol)
           Bond       G96Angle        LJ (SR)   Coulomb (SR)      Potential
    1.50658e+04    2.93490e+03   -2.73729e+05   -2.97755e+03   -2.58705e+05
    Kinetic En.   Total Energy  Conserved En.    Temperature Pressure (bar)
    4.43729e+04   -2.14333e+05   -1.15429e+08    3.08603e+02    4.23941e+01

           Step           Time
      154800000   3870000.00000

   Energies (kJ/mol)
           Bond       G96Angle        LJ (SR)   Coulomb (SR)      Potential
    1.52279e+04    2.97235e+03   -2.73577e+05   -2.87599e+03   -2.58253e+05
    Kinetic En.   Total Energy  Conserved En.    Temperature Pressure (bar)
    4.47197e+04   -2.13533e+05   -1.15727e+08    3.11015e+02   -2.26847e+01

Writing checkpoint, step 155015600 at Sat May 10 03:56:17 2025


           Step           Time
      155200000   3880000.00000

   Energies (kJ/mol)
           Bond       G96Angle        LJ (SR)   Coulomb (SR)      Potential
    1.52280e+04    2.68755e+03   -2.74307e+05   -2.94114e+03   -2.59332e+05
    Kinetic En.   Total Energy  Conserved En.    Temperature Pressure (bar)
    4.43880e+04   -2.14944e+05   -1.16025e+08    3.08709e+02   -1.36025e+01

           Step           Time
      155600000   3890000.00000

   Energies (kJ/mol)
           Bond       G96Angle        LJ (SR)   Coulomb (SR)      Potential
    1.50671e+04    3.10953e+03   -2.72924e+05   -2.81129e+03   -2.57558e+05
    Kinetic En.   Total Energy  Conserved En.    Temperature Pressure (bar)
    4.48024e+04   -2.12756e+05   -1.16322e+08    3.11590e+02    1.47913e+01

           Step           Time
      156000000   3900000.00000

   Energies (kJ/mol)
           Bond       G96Angle        LJ (SR)   Coulomb (SR)      Potential
    1.51315e+04    2.90092e+03   -2.73702e+05   -2.83097e+03   -2.58500e+05
    Kinetic En.   Total Energy  Conserved En.    Temperature Pressure (bar)
    4.53283e+04   -2.13172e+05   -1.16620e+08    3.15248e+02   -2.91582e+00

           Step           Time
      156400000   3910000.00000

   Energies (kJ/mol)
           Bond       G96Angle        LJ (SR)   Coulomb (SR)      Potential
    1.55251e+04    2.90686e+03   -2.73580e+05   -2.86850e+03   -2.58016e+05
    Kinetic En.   Total Energy  Conserved En.    Temperature Pressure (bar)
    4.44496e+04   -2.13566e+05   -1.16917e+08    3.09137e+02   -3.11385e+01

           Step           Time
      156800000   3920000.00000

   Energies (kJ/mol)
           Bond       G96Angle        LJ (SR)   Coulomb (SR)      Potential
    1.54818e+04    3.02802e+03   -2.73429e+05   -2.97860e+03   -2.57898e+05
    Kinetic En.   Total Energy  Conserved En.    Temperature Pressure (bar)
    4.48400e+04   -2.13058e+05   -1.17215e+08    3.11852e+02    4.87191e+00

           Step           Time
      157200000   3930000.00000

   Energies (kJ/mol)
           Bond       G96Angle        LJ (SR)   Coulomb (SR)      Potential
    1.51255e+04    2.89326e+03   -2.74030e+05   -2.65261e+03   -2.58664e+05
    Kinetic En.   Total Energy  Conserved En.    Temperature Pressure (bar)
    4.52742e+04   -2.13390e+05   -1.17513e+08    3.14871e+02   -4.72928e+01

           Step           Time
      157600000   3940000.00000

   Energies (kJ/mol)
           Bond       G96Angle        LJ (SR)   Coulomb (SR)      Potential
    1.49938e+04    2.89997e+03   -2.74319e+05   -2.85010e+03   -2.59275e+05
    Kinetic En.   Total Energy  Conserved En.    Temperature Pressure (bar)
    4.49864e+04   -2.14289e+05   -1.17811e+08    3.12870e+02   -2.43109e+01

Writing checkpoint, step 157640825 at Sat May 10 04:11:17 2025


           Step           Time
      158000000   3950000.00000

   Energies (kJ/mol)
           Bond       G96Angle        LJ (SR)   Coulomb (SR)      Potential
    1.52969e+04    2.96808e+03   -2.73280e+05   -2.92464e+03   -2.57940e+05
    Kinetic En.   Total Energy  Conserved En.    Temperature Pressure (bar)
    4.53798e+04   -2.12560e+05   -1.18109e+08    3.15606e+02    1.54672e+01

           Step           Time
      158400000   3960000.00000

   Energies (kJ/mol)
           Bond       G96Angle        LJ (SR)   Coulomb (SR)      Potential
    1.50890e+04    2.84829e+03   -2.73176e+05   -2.93504e+03   -2.58174e+05
    Kinetic En.   Total Energy  Conserved En.    Temperature Pressure (bar)
    4.45085e+04   -2.13666e+05   -1.18407e+08    3.09546e+02    5.90163e+00

           Step           Time
      158800000   3970000.00000

   Energies (kJ/mol)
           Bond       G96Angle        LJ (SR)   Coulomb (SR)      Potential
    1.50042e+04    2.82454e+03   -2.74533e+05   -2.88116e+03   -2.59586e+05
    Kinetic En.   Total Energy  Conserved En.    Temperature Pressure (bar)
    4.48392e+04   -2.14746e+05   -1.18705e+08    3.11847e+02   -1.74001e+01

           Step           Time
      159200000   3980000.00000

   Energies (kJ/mol)
           Bond       G96Angle        LJ (SR)   Coulomb (SR)      Potential
    1.48405e+04    2.91816e+03   -2.74727e+05   -2.90528e+03   -2.59873e+05
    Kinetic En.   Total Energy  Conserved En.    Temperature Pressure (bar)
    4.43989e+04   -2.15474e+05   -1.19003e+08    3.08785e+02   -5.37064e+01

           Step           Time
      159600000   3990000.00000

   Energies (kJ/mol)
           Bond       G96Angle        LJ (SR)   Coulomb (SR)      Potential
    1.54585e+04    2.98329e+03   -2.73304e+05   -2.80038e+03   -2.57662e+05
    Kinetic En.   Total Energy  Conserved En.    Temperature Pressure (bar)
    4.41825e+04   -2.13480e+05   -1.19301e+08    3.07280e+02    2.62331e+01

           Step           Time
      160000000   4000000.00000

   Energies (kJ/mol)
           Bond       G96Angle        LJ (SR)   Coulomb (SR)      Potential
    1.50361e+04    3.03186e+03   -2.73542e+05   -2.86083e+03   -2.58335e+05
    Kinetic En.   Total Energy  Conserved En.    Temperature Pressure (bar)
    4.41913e+04   -2.14143e+05   -1.19599e+08    3.07340e+02   -2.92950e+01

Writing checkpoint, step 160266250 at Sat May 10 04:26:17 2025


           Step           Time
      160400000   4010000.00000

   Energies (kJ/mol)
           Bond       G96Angle        LJ (SR)   Coulomb (SR)      Potential
    1.49059e+04    2.95577e+03   -2.73618e+05   -2.82758e+03   -2.58584e+05
    Kinetic En.   Total Energy  Conserved En.    Temperature Pressure (bar)
    4.40538e+04   -2.14530e+05   -1.19897e+08    3.06384e+02    1.71727e+01

           Step           Time
      160800000   4020000.00000

   Energies (kJ/mol)
           Bond       G96Angle        LJ (SR)   Coulomb (SR)      Potential
    1.52799e+04    2.91286e+03   -2.73193e+05   -2.94209e+03   -2.57942e+05
    Kinetic En.   Total Energy  Conserved En.    Temperature Pressure (bar)
    4.49125e+04   -2.13030e+05   -1.20195e+08    3.12356e+02    3.16011e+01

           Step           Time
      161200000   4030000.00000

   Energies (kJ/mol)
           Bond       G96Angle        LJ (SR)   Coulomb (SR)      Potential
    1.51399e+04    3.00596e+03   -2.73754e+05   -2.84569e+03   -2.58454e+05
    Kinetic En.   Total Energy  Conserved En.    Temperature Pressure (bar)
    4.52074e+04   -2.13247e+05   -1.20493e+08    3.14407e+02   -5.64200e-01

           Step           Time
      161600000   4040000.00000

   Energies (kJ/mol)
           Bond       G96Angle        LJ (SR)   Coulomb (SR)      Potential
    1.52738e+04    2.79994e+03   -2.73970e+05   -2.84363e+03   -2.58740e+05
    Kinetic En.   Total Energy  Conserved En.    Temperature Pressure (bar)
    4.43672e+04   -2.14373e+05   -1.20790e+08    3.08564e+02   -1.64544e+00

           Step           Time
      162000000   4050000.00000

   Energies (kJ/mol)
           Bond       G96Angle        LJ (SR)   Coulomb (SR)      Potential
    1.53649e+04    2.88317e+03   -2.73517e+05   -2.84329e+03   -2.58113e+05
    Kinetic En.   Total Energy  Conserved En.    Temperature Pressure (bar)
    4.47860e+04   -2.13327e+05   -1.21088e+08    3.11477e+02    1.47804e+01

           Step           Time
      162400000   4060000.00000

   Energies (kJ/mol)
           Bond       G96Angle        LJ (SR)   Coulomb (SR)      Potential
    1.56522e+04    2.96334e+03   -2.73886e+05   -2.94177e+03   -2.58212e+05
    Kinetic En.   Total Energy  Conserved En.    Temperature Pressure (bar)
    4.50819e+04   -2.13130e+05   -1.21385e+08    3.13534e+02   -3.50448e+01

           Step           Time
      162800000   4070000.00000

   Energies (kJ/mol)
           Bond       G96Angle        LJ (SR)   Coulomb (SR)      Potential
    1.53247e+04    2.85597e+03   -2.73660e+05   -2.94175e+03   -2.58421e+05
    Kinetic En.   Total Energy  Conserved En.    Temperature Pressure (bar)
    4.52912e+04   -2.13130e+05   -1.21683e+08    3.14990e+02    1.22158e+01

Writing checkpoint, step 162890300 at Sat May 10 04:41:17 2025


           Step           Time
      163200000   4080000.00000

   Energies (kJ/mol)
           Bond       G96Angle        LJ (SR)   Coulomb (SR)      Potential
    1.53060e+04    2.98287e+03   -2.73145e+05   -2.86031e+03   -2.57716e+05
    Kinetic En.   Total Energy  Conserved En.    Temperature Pressure (bar)
    4.48566e+04   -2.12860e+05   -1.21980e+08    3.11968e+02    2.57639e+01

           Step           Time
      163600000   4090000.00000

   Energies (kJ/mol)
           Bond       G96Angle        LJ (SR)   Coulomb (SR)      Potential
    1.52105e+04    2.90432e+03   -2.74798e+05   -3.03479e+03   -2.59718e+05
    Kinetic En.   Total Energy  Conserved En.    Temperature Pressure (bar)
    4.43013e+04   -2.15416e+05   -1.22278e+08    3.08106e+02   -2.54771e+01

           Step           Time
      164000000   4100000.00000

   Energies (kJ/mol)
           Bond       G96Angle        LJ (SR)   Coulomb (SR)      Potential
    1.52805e+04    2.98947e+03   -2.73256e+05   -2.91083e+03   -2.57897e+05
    Kinetic En.   Total Energy  Conserved En.    Temperature Pressure (bar)
    4.49196e+04   -2.12977e+05   -1.22576e+08    3.12406e+02    2.28026e+01

           Step           Time
      164400000   4110000.00000

   Energies (kJ/mol)
           Bond       G96Angle        LJ (SR)   Coulomb (SR)      Potential
    1.48275e+04    2.91726e+03   -2.74392e+05   -2.89208e+03   -2.59539e+05
    Kinetic En.   Total Energy  Conserved En.    Temperature Pressure (bar)
    4.47034e+04   -2.14836e+05   -1.22873e+08    3.10902e+02   -1.29750e+01

           Step           Time
      164800000   4120000.00000

   Energies (kJ/mol)
           Bond       G96Angle        LJ (SR)   Coulomb (SR)      Potential
    1.52676e+04    2.90357e+03   -2.73015e+05   -2.86545e+03   -2.57709e+05
    Kinetic En.   Total Energy  Conserved En.    Temperature Pressure (bar)
    4.53959e+04   -2.12313e+05   -1.23171e+08    3.15718e+02    1.30260e+01

           Step           Time
      165200000   4130000.00000

   Energies (kJ/mol)
           Bond       G96Angle        LJ (SR)   Coulomb (SR)      Potential
    1.51763e+04    3.05676e+03   -2.73936e+05   -2.85536e+03   -2.58559e+05
    Kinetic En.   Total Energy  Conserved En.    Temperature Pressure (bar)
    4.47764e+04   -2.13782e+05   -1.23468e+08    3.11409e+02   -3.95871e+00

Writing checkpoint, step 165514775 at Sat May 10 04:56:17 2025


           Step           Time
      165600000   4140000.00000

   Energies (kJ/mol)
           Bond       G96Angle        LJ (SR)   Coulomb (SR)      Potential
    1.52360e+04    2.98311e+03   -2.73725e+05   -2.87590e+03   -2.58382e+05
    Kinetic En.   Total Energy  Conserved En.    Temperature Pressure (bar)
    4.54085e+04   -2.12974e+05   -1.23767e+08    3.15806e+02    4.23375e+01

           Step           Time
      166000000   4150000.00000

   Energies (kJ/mol)
           Bond       G96Angle        LJ (SR)   Coulomb (SR)      Potential
    1.52276e+04    2.86259e+03   -2.73810e+05   -2.91874e+03   -2.58639e+05
    Kinetic En.   Total Energy  Conserved En.    Temperature Pressure (bar)
    4.51799e+04   -2.13459e+05   -1.24064e+08    3.14216e+02    7.85074e+00

           Step           Time
      166400000   4160000.00000

   Energies (kJ/mol)
           Bond       G96Angle        LJ (SR)   Coulomb (SR)      Potential
    1.50979e+04    3.05364e+03   -2.74096e+05   -2.89914e+03   -2.58844e+05
    Kinetic En.   Total Energy  Conserved En.    Temperature Pressure (bar)
    4.43346e+04   -2.14509e+05   -1.24362e+08    3.08337e+02    3.01141e+01

           Step           Time
      166800000   4170000.00000

   Energies (kJ/mol)
           Bond       G96Angle        LJ (SR)   Coulomb (SR)      Potential
    1.50409e+04    2.82513e+03   -2.73596e+05   -2.86667e+03   -2.58596e+05
    Kinetic En.   Total Energy  Conserved En.    Temperature Pressure (bar)
    4.56580e+04   -2.12938e+05   -1.24660e+08    3.17541e+02    3.96638e+00

           Step           Time
      167200000   4180000.00000

   Energies (kJ/mol)
           Bond       G96Angle        LJ (SR)   Coulomb (SR)      Potential
    1.51690e+04    2.90425e+03   -2.74504e+05   -2.73027e+03   -2.59161e+05
    Kinetic En.   Total Energy  Conserved En.    Temperature Pressure (bar)
    4.47074e+04   -2.14453e+05   -1.24958e+08    3.10930e+02   -2.66836e+00

           Step           Time
      167600000   4190000.00000

   Energies (kJ/mol)
           Bond       G96Angle        LJ (SR)   Coulomb (SR)      Potential
    1.50000e+04    2.94013e+03   -2.73747e+05   -2.90891e+03   -2.58716e+05
    Kinetic En.   Total Energy  Conserved En.    Temperature Pressure (bar)
    4.55909e+04   -2.13125e+05   -1.25255e+08    3.17074e+02    2.31395e+01

           Step           Time
      168000000   4200000.00000

   Energies (kJ/mol)
           Bond       G96Angle        LJ (SR)   Coulomb (SR)      Potential
    1.55584e+04    3.06375e+03   -2.73015e+05   -2.86434e+03   -2.57258e+05
    Kinetic En.   Total Energy  Conserved En.    Temperature Pressure (bar)
    4.44930e+04   -2.12765e+05   -1.25553e+08    3.09439e+02    3.95306e+00

Writing checkpoint, step 168140675 at Sat May 10 05:11:17 2025


           Step           Time
      168400000   4210000.00000

   Energies (kJ/mol)
           Bond       G96Angle        LJ (SR)   Coulomb (SR)      Potential
    1.51888e+04    2.96560e+03   -2.74257e+05   -2.92289e+03   -2.59025e+05
    Kinetic En.   Total Energy  Conserved En.    Temperature Pressure (bar)
    4.40554e+04   -2.14970e+05   -1.25851e+08    3.06395e+02   -2.84380e+01

           Step           Time
      168800000   4220000.00000

   Energies (kJ/mol)
           Bond       G96Angle        LJ (SR)   Coulomb (SR)      Potential
    1.51307e+04    3.06264e+03   -2.73291e+05   -2.87429e+03   -2.57972e+05
    Kinetic En.   Total Energy  Conserved En.    Temperature Pressure (bar)
    4.50610e+04   -2.12911e+05   -1.26148e+08    3.13389e+02    4.27836e+01

           Step           Time
      169200000   4230000.00000

   Energies (kJ/mol)
           Bond       G96Angle        LJ (SR)   Coulomb (SR)      Potential
    1.52736e+04    2.82387e+03   -2.73350e+05   -2.97366e+03   -2.58227e+05
    Kinetic En.   Total Energy  Conserved En.    Temperature Pressure (bar)
    4.39451e+04   -2.14282e+05   -1.26446e+08    3.05628e+02   -1.76923e+01

           Step           Time
      169600000   4240000.00000

   Energies (kJ/mol)
           Bond       G96Angle        LJ (SR)   Coulomb (SR)      Potential
    1.52646e+04    2.90519e+03   -2.74110e+05   -2.87188e+03   -2.58812e+05
    Kinetic En.   Total Energy  Conserved En.    Temperature Pressure (bar)
    4.47281e+04   -2.14084e+05   -1.26743e+08    3.11074e+02    5.39310e+00

           Step           Time
      170000000   4250000.00000

   Energies (kJ/mol)
           Bond       G96Angle        LJ (SR)   Coulomb (SR)      Potential
    1.47481e+04    2.92446e+03   -2.73856e+05   -2.90615e+03   -2.59090e+05
    Kinetic En.   Total Energy  Conserved En.    Temperature Pressure (bar)
    4.50661e+04   -2.14024e+05   -1.27041e+08    3.13425e+02    1.03451e+01

           Step           Time
      170400000   4260000.00000

   Energies (kJ/mol)
           Bond       G96Angle        LJ (SR)   Coulomb (SR)      Potential
    1.52592e+04    2.86713e+03   -2.73820e+05   -2.92636e+03   -2.58620e+05
    Kinetic En.   Total Energy  Conserved En.    Temperature Pressure (bar)
    4.46190e+04   -2.14001e+05   -1.27339e+08    3.10315e+02   -2.63899e+01

Writing checkpoint, step 170768100 at Sat May 10 05:26:17 2025


           Step           Time
      170800000   4270000.00000

   Energies (kJ/mol)
           Bond       G96Angle        LJ (SR)   Coulomb (SR)      Potential
    1.52609e+04    3.02838e+03   -2.74034e+05   -2.84394e+03   -2.58589e+05
    Kinetic En.   Total Energy  Conserved En.    Temperature Pressure (bar)
    4.48490e+04   -2.13740e+05   -1.27637e+08    3.11915e+02   -1.87854e+01

           Step           Time
      171200000   4280000.00000

   Energies (kJ/mol)
           Bond       G96Angle        LJ (SR)   Coulomb (SR)      Potential
    1.52154e+04    2.92304e+03   -2.73888e+05   -2.83619e+03   -2.58586e+05
    Kinetic En.   Total Energy  Conserved En.    Temperature Pressure (bar)
    4.52073e+04   -2.13379e+05   -1.27935e+08    3.14406e+02    1.30257e+01

           Step           Time
      171600000   4290000.00000

   Energies (kJ/mol)
           Bond       G96Angle        LJ (SR)   Coulomb (SR)      Potential
    1.53301e+04    2.98902e+03   -2.72798e+05   -2.94743e+03   -2.57426e+05
    Kinetic En.   Total Energy  Conserved En.    Temperature Pressure (bar)
    4.54733e+04   -2.11953e+05   -1.28232e+08    3.16256e+02    6.38236e+01

           Step           Time
      172000000   4300000.00000

   Energies (kJ/mol)
           Bond       G96Angle        LJ (SR)   Coulomb (SR)      Potential
    1.54323e+04    2.91464e+03   -2.73564e+05   -2.97802e+03   -2.58196e+05
    Kinetic En.   Total Energy  Conserved En.    Temperature Pressure (bar)
    4.54171e+04   -2.12778e+05   -1.28530e+08    3.15865e+02   -1.43242e+01

           Step           Time
      172400000   4310000.00000

   Energies (kJ/mol)
           Bond       G96Angle        LJ (SR)   Coulomb (SR)      Potential
    1.52107e+04    2.99486e+03   -2.73769e+05   -2.88387e+03   -2.58447e+05
    Kinetic En.   Total Energy  Conserved En.    Temperature Pressure (bar)
    4.49812e+04   -2.13466e+05   -1.28827e+08    3.12834e+02   -9.81511e+00

           Step           Time
      172800000   4320000.00000

   Energies (kJ/mol)
           Bond       G96Angle        LJ (SR)   Coulomb (SR)      Potential
    1.48317e+04    2.94826e+03   -2.73787e+05   -2.85328e+03   -2.58860e+05
    Kinetic En.   Total Energy  Conserved En.    Temperature Pressure (bar)
    4.49610e+04   -2.13899e+05   -1.29125e+08    3.12693e+02   -6.66478e-02

           Step           Time
      173200000   4330000.00000

   Energies (kJ/mol)
           Bond       G96Angle        LJ (SR)   Coulomb (SR)      Potential
    1.50646e+04    2.90175e+03   -2.73775e+05   -2.70435e+03   -2.58513e+05
    Kinetic En.   Total Energy  Conserved En.    Temperature Pressure (bar)
    4.42051e+04   -2.14308e+05   -1.29423e+08    3.07436e+02    1.53282e+01

Writing checkpoint, step 173395400 at Sat May 10 05:41:17 2025


           Step           Time
      173600000   4340000.00000

   Energies (kJ/mol)
           Bond       G96Angle        LJ (SR)   Coulomb (SR)      Potential
    1.51558e+04    2.90990e+03   -2.73408e+05   -2.84605e+03   -2.58188e+05
    Kinetic En.   Total Energy  Conserved En.    Temperature Pressure (bar)
    4.49385e+04   -2.13250e+05   -1.29720e+08    3.12537e+02   -6.56242e+00

           Step           Time
      174000000   4350000.00000

   Energies (kJ/mol)
           Bond       G96Angle        LJ (SR)   Coulomb (SR)      Potential
    1.50036e+04    2.99049e+03   -2.73999e+05   -2.91099e+03   -2.58916e+05
    Kinetic En.   Total Energy  Conserved En.    Temperature Pressure (bar)
    4.46089e+04   -2.14307e+05   -1.30018e+08    3.10245e+02   -2.56097e+01

           Step           Time
      174400000   4360000.00000

   Energies (kJ/mol)
           Bond       G96Angle        LJ (SR)   Coulomb (SR)      Potential
    1.52897e+04    2.83402e+03   -2.73394e+05   -2.84071e+03   -2.58111e+05
    Kinetic En.   Total Energy  Conserved En.    Temperature Pressure (bar)
    4.48893e+04   -2.13222e+05   -1.30316e+08    3.12195e+02    3.56303e+00

           Step           Time
      174800000   4370000.00000

   Energies (kJ/mol)
           Bond       G96Angle        LJ (SR)   Coulomb (SR)      Potential
    1.54034e+04    2.93859e+03   -2.73110e+05   -2.88244e+03   -2.57651e+05
    Kinetic En.   Total Energy  Conserved En.    Temperature Pressure (bar)
    4.53879e+04   -2.12263e+05   -1.30613e+08    3.15662e+02    4.36880e+01

           Step           Time
      175200000   4380000.00000

   Energies (kJ/mol)
           Bond       G96Angle        LJ (SR)   Coulomb (SR)      Potential
    1.54173e+04    2.84576e+03   -2.73669e+05   -2.88242e+03   -2.58289e+05
    Kinetic En.   Total Energy  Conserved En.    Temperature Pressure (bar)
    4.44015e+04   -2.13887e+05   -1.30911e+08    3.08803e+02    3.34316e+00

           Step           Time
      175600000   4390000.00000

   Energies (kJ/mol)
           Bond       G96Angle        LJ (SR)   Coulomb (SR)      Potential
    1.51517e+04    3.00755e+03   -2.74060e+05   -2.86531e+03   -2.58766e+05
    Kinetic En.   Total Energy  Conserved En.    Temperature Pressure (bar)
    4.53207e+04   -2.13445e+05   -1.31209e+08    3.15195e+02    6.01527e+00

           Step           Time
      176000000   4400000.00000

   Energies (kJ/mol)
           Bond       G96Angle        LJ (SR)   Coulomb (SR)      Potential
    1.52884e+04    2.92218e+03   -2.73484e+05   -2.91194e+03   -2.58186e+05
    Kinetic En.   Total Energy  Conserved En.    Temperature Pressure (bar)
    4.52873e+04   -2.12898e+05   -1.31506e+08    3.14963e+02    2.97799e+01

Writing checkpoint, step 176026300 at Sat May 10 05:56:17 2025


           Step           Time
      176400000   4410000.00000

   Energies (kJ/mol)
           Bond       G96Angle        LJ (SR)   Coulomb (SR)      Potential
    1.51519e+04    2.91790e+03   -2.73550e+05   -2.81510e+03   -2.58296e+05
    Kinetic En.   Total Energy  Conserved En.    Temperature Pressure (bar)
    4.48684e+04   -2.13427e+05   -1.31804e+08    3.12050e+02    3.00054e+01

           Step           Time
      176800000   4420000.00000

   Energies (kJ/mol)
           Bond       G96Angle        LJ (SR)   Coulomb (SR)      Potential
    1.54779e+04    2.87448e+03   -2.73144e+05   -2.97783e+03   -2.57770e+05
    Kinetic En.   Total Energy  Conserved En.    Temperature Pressure (bar)
    4.56581e+04   -2.12112e+05   -1.32101e+08    3.17542e+02    3.57086e+00

           Step           Time
      177200000   4430000.00000

   Energies (kJ/mol)
           Bond       G96Angle        LJ (SR)   Coulomb (SR)      Potential
    1.49456e+04    2.82684e+03   -2.73819e+05   -2.81340e+03   -2.58860e+05
    Kinetic En.   Total Energy  Conserved En.    Temperature Pressure (bar)
    4.45996e+04   -2.14260e+05   -1.32399e+08    3.10180e+02    9.44164e-01

           Step           Time
      177600000   4440000.00000

   Energies (kJ/mol)
           Bond       G96Angle        LJ (SR)   Coulomb (SR)      Potential
    1.54793e+04    2.86715e+03   -2.74069e+05   -2.85005e+03   -2.58573e+05
    Kinetic En.   Total Energy  Conserved En.    Temperature Pressure (bar)
    4.49869e+04   -2.13586e+05   -1.32697e+08    3.12874e+02   -1.92491e+00

           Step           Time
      178000000   4450000.00000

   Energies (kJ/mol)
           Bond       G96Angle        LJ (SR)   Coulomb (SR)      Potential
    1.51111e+04    3.05077e+03   -2.74474e+05   -2.85784e+03   -2.59170e+05
    Kinetic En.   Total Energy  Conserved En.    Temperature Pressure (bar)
    4.38266e+04   -2.15344e+05   -1.32995e+08    3.04804e+02   -2.67126e+01

           Step           Time
      178400000   4460000.00000

   Energies (kJ/mol)
           Bond       G96Angle        LJ (SR)   Coulomb (SR)      Potential
    1.53160e+04    3.06622e+03   -2.73791e+05   -2.86452e+03   -2.58274e+05
    Kinetic En.   Total Energy  Conserved En.    Temperature Pressure (bar)
    4.49864e+04   -2.13287e+05   -1.33293e+08    3.12870e+02   -3.41244e+01

Writing checkpoint, step 178657675 at Sat May 10 06:11:17 2025


           Step           Time
      178800000   4470000.00000

   Energies (kJ/mol)
           Bond       G96Angle        LJ (SR)   Coulomb (SR)      Potential
    1.52348e+04    2.96782e+03   -2.73546e+05   -2.83803e+03   -2.58181e+05
    Kinetic En.   Total Energy  Conserved En.    Temperature Pressure (bar)
    4.54037e+04   -2.12777e+05   -1.33590e+08    3.15773e+02    6.10451e+00

           Step           Time
      179200000   4480000.00000

   Energies (kJ/mol)
           Bond       G96Angle        LJ (SR)   Coulomb (SR)      Potential
    1.50734e+04    2.99290e+03   -2.73613e+05   -2.80622e+03   -2.58352e+05
    Kinetic En.   Total Energy  Conserved En.    Temperature Pressure (bar)
    4.50255e+04   -2.13327e+05   -1.33888e+08    3.13142e+02   -8.70251e-01

           Step           Time
      179600000   4490000.00000

   Energies (kJ/mol)
           Bond       G96Angle        LJ (SR)   Coulomb (SR)      Potential
    1.51365e+04    2.97158e+03   -2.74108e+05   -2.95575e+03   -2.58956e+05
    Kinetic En.   Total Energy  Conserved En.    Temperature Pressure (bar)
    4.47839e+04   -2.14172e+05   -1.34186e+08    3.11462e+02   -2.20346e+01

           Step           Time
      180000000   4500000.00000

   Energies (kJ/mol)
           Bond       G96Angle        LJ (SR)   Coulomb (SR)      Potential
    1.52750e+04    3.00283e+03   -2.73726e+05   -2.99868e+03   -2.58447e+05
    Kinetic En.   Total Energy  Conserved En.    Temperature Pressure (bar)
    4.49951e+04   -2.13452e+05   -1.34484e+08    3.12931e+02    1.42411e+01

           Step           Time
      180400000   4510000.00000

   Energies (kJ/mol)
           Bond       G96Angle        LJ (SR)   Coulomb (SR)      Potential
    1.50317e+04    2.92431e+03   -2.74293e+05   -2.91841e+03   -2.59255e+05
    Kinetic En.   Total Energy  Conserved En.    Temperature Pressure (bar)
    4.44311e+04   -2.14824e+05   -1.34782e+08    3.09008e+02    1.82641e+01

           Step           Time
      180800000   4520000.00000

   Energies (kJ/mol)
           Bond       G96Angle        LJ (SR)   Coulomb (SR)      Potential
    1.52258e+04    2.89788e+03   -2.73620e+05   -2.95353e+03   -2.58450e+05
    Kinetic En.   Total Energy  Conserved En.    Temperature Pressure (bar)
    4.49295e+04   -2.13520e+05   -1.35080e+08    3.12474e+02    2.23626e+01

           Step           Time
      181200000   4530000.00000

   Energies (kJ/mol)
           Bond       G96Angle        LJ (SR)   Coulomb (SR)      Potential
    1.55113e+04    2.95725e+03   -2.73902e+05   -2.93691e+03   -2.58370e+05
    Kinetic En.   Total Energy  Conserved En.    Temperature Pressure (bar)
    4.49049e+04   -2.13466e+05   -1.35377e+08    3.12303e+02   -2.54359e+01

Writing checkpoint, step 181286850 at Sat May 10 06:26:17 2025


           Step           Time
      181600000   4540000.00000

   Energies (kJ/mol)
           Bond       G96Angle        LJ (SR)   Coulomb (SR)      Potential
    1.53726e+04    2.81395e+03   -2.74345e+05   -2.78982e+03   -2.58949e+05
    Kinetic En.   Total Energy  Conserved En.    Temperature Pressure (bar)
    4.44696e+04   -2.14479e+05   -1.35675e+08    3.09276e+02    1.47101e+01

           Step           Time
      182000000   4550000.00000

   Energies (kJ/mol)
           Bond       G96Angle        LJ (SR)   Coulomb (SR)      Potential
    1.53103e+04    3.05562e+03   -2.73456e+05   -2.90578e+03   -2.57995e+05
    Kinetic En.   Total Energy  Conserved En.    Temperature Pressure (bar)
    4.51132e+04   -2.12882e+05   -1.35973e+08    3.13752e+02   -1.68763e+01

           Step           Time
      182400000   4560000.00000

   Energies (kJ/mol)
           Bond       G96Angle        LJ (SR)   Coulomb (SR)      Potential
    1.53633e+04    2.87592e+03   -2.73486e+05   -2.91608e+03   -2.58162e+05
    Kinetic En.   Total Energy  Conserved En.    Temperature Pressure (bar)
    4.49027e+04   -2.13260e+05   -1.36270e+08    3.12288e+02    6.40831e+00

           Step           Time
      182800000   4570000.00000

   Energies (kJ/mol)
           Bond       G96Angle        LJ (SR)   Coulomb (SR)      Potential
    1.50045e+04    3.01818e+03   -2.73771e+05   -2.69735e+03   -2.58446e+05
    Kinetic En.   Total Energy  Conserved En.    Temperature Pressure (bar)
    4.53007e+04   -2.13145e+05   -1.36568e+08    3.15056e+02    2.01140e+01

           Step           Time
      183200000   4580000.00000

   Energies (kJ/mol)
           Bond       G96Angle        LJ (SR)   Coulomb (SR)      Potential
    1.50623e+04    2.95328e+03   -2.73105e+05   -2.94488e+03   -2.58034e+05
    Kinetic En.   Total Energy  Conserved En.    Temperature Pressure (bar)
    4.62803e+04   -2.11754e+05   -1.36866e+08    3.21869e+02    1.52456e+01

           Step           Time
      183600000   4590000.00000

   Energies (kJ/mol)
           Bond       G96Angle        LJ (SR)   Coulomb (SR)      Potential
    1.52757e+04    2.96341e+03   -2.74489e+05   -2.97180e+03   -2.59222e+05
    Kinetic En.   Total Energy  Conserved En.    Temperature Pressure (bar)
    4.47732e+04   -2.14449e+05   -1.37164e+08    3.11387e+02   -5.11877e+00

Writing checkpoint, step 183916250 at Sat May 10 06:41:17 2025


           Step           Time
      184000000   4600000.00000

   Energies (kJ/mol)
           Bond       G96Angle        LJ (SR)   Coulomb (SR)      Potential
    1.50680e+04    2.85521e+03   -2.73767e+05   -2.88192e+03   -2.58725e+05
    Kinetic En.   Total Energy  Conserved En.    Temperature Pressure (bar)
    4.52854e+04   -2.13440e+05   -1.37462e+08    3.14950e+02   -4.82141e+00

           Step           Time
      184400000   4610000.00000

   Energies (kJ/mol)
           Bond       G96Angle        LJ (SR)   Coulomb (SR)      Potential
    1.49370e+04    3.04277e+03   -2.73934e+05   -2.76511e+03   -2.58719e+05
    Kinetic En.   Total Energy  Conserved En.    Temperature Pressure (bar)
    4.47111e+04   -2.14008e+05   -1.37760e+08    3.10955e+02   -9.09596e+00

           Step           Time
      184800000   4620000.00000

   Energies (kJ/mol)
           Bond       G96Angle        LJ (SR)   Coulomb (SR)      Potential
    1.51320e+04    2.97064e+03   -2.73686e+05   -2.83817e+03   -2.58421e+05
    Kinetic En.   Total Energy  Conserved En.    Temperature Pressure (bar)
    4.47367e+04   -2.13684e+05   -1.38057e+08    3.11134e+02   -1.77385e+00

           Step           Time
      185200000   4630000.00000

   Energies (kJ/mol)
           Bond       G96Angle        LJ (SR)   Coulomb (SR)      Potential
    1.51607e+04    2.95283e+03   -2.73201e+05   -2.93086e+03   -2.58019e+05
    Kinetic En.   Total Energy  Conserved En.    Temperature Pressure (bar)
    4.51766e+04   -2.12842e+05   -1.38355e+08    3.14193e+02    5.01448e-01

           Step           Time
      185600000   4640000.00000

   Energies (kJ/mol)
           Bond       G96Angle        LJ (SR)   Coulomb (SR)      Potential
    1.51066e+04    2.89521e+03   -2.72813e+05   -2.93642e+03   -2.57747e+05
    Kinetic En.   Total Energy  Conserved En.    Temperature Pressure (bar)
    4.52086e+04   -2.12539e+05   -1.38653e+08    3.14416e+02    5.84289e+01

           Step           Time
      186000000   4650000.00000

   Energies (kJ/mol)
           Bond       G96Angle        LJ (SR)   Coulomb (SR)      Potential
    1.55676e+04    2.79779e+03   -2.73380e+05   -2.90960e+03   -2.57924e+05
    Kinetic En.   Total Energy  Conserved En.    Temperature Pressure (bar)
    4.56737e+04   -2.12250e+05   -1.38951e+08    3.17650e+02   -4.03689e+01

           Step           Time
      186400000   4660000.00000

   Energies (kJ/mol)
           Bond       G96Angle        LJ (SR)   Coulomb (SR)      Potential
    1.51153e+04    2.81700e+03   -2.73877e+05   -2.96349e+03   -2.58909e+05
    Kinetic En.   Total Energy  Conserved En.    Temperature Pressure (bar)
    4.55648e+04   -2.13344e+05   -1.39248e+08    3.16893e+02    2.44580e+01

Writing checkpoint, step 186548325 at Sat May 10 06:56:17 2025


           Step           Time
      186800000   4670000.00000

   Energies (kJ/mol)
           Bond       G96Angle        LJ (SR)   Coulomb (SR)      Potential
    1.52108e+04    2.86087e+03   -2.73341e+05   -2.87477e+03   -2.58144e+05
    Kinetic En.   Total Energy  Conserved En.    Temperature Pressure (bar)
    4.56099e+04   -2.12534e+05   -1.39545e+08    3.17206e+02   -1.81814e+01

           Step           Time
      187200000   4680000.00000

   Energies (kJ/mol)
           Bond       G96Angle        LJ (SR)   Coulomb (SR)      Potential
    1.53380e+04    2.91049e+03   -2.73613e+05   -2.88310e+03   -2.58248e+05
    Kinetic En.   Total Energy  Conserved En.    Temperature Pressure (bar)
    4.53342e+04   -2.12914e+05   -1.39844e+08    3.15289e+02    1.96887e+01

           Step           Time
      187600000   4690000.00000

   Energies (kJ/mol)
           Bond       G96Angle        LJ (SR)   Coulomb (SR)      Potential
    1.50276e+04    2.91182e+03   -2.74111e+05   -2.92726e+03   -2.59099e+05
    Kinetic En.   Total Energy  Conserved En.    Temperature Pressure (bar)
    4.49981e+04   -2.14101e+05   -1.40142e+08    3.12952e+02   -1.68979e+01

           Step           Time
      188000000   4700000.00000

   Energies (kJ/mol)
           Bond       G96Angle        LJ (SR)   Coulomb (SR)      Potential
    1.53519e+04    3.04385e+03   -2.73294e+05   -2.91581e+03   -2.57814e+05
    Kinetic En.   Total Energy  Conserved En.    Temperature Pressure (bar)
    4.55979e+04   -2.12216e+05   -1.40440e+08    3.17123e+02    1.70866e+01

           Step           Time
      188400000   4710000.00000

   Energies (kJ/mol)
           Bond       G96Angle        LJ (SR)   Coulomb (SR)      Potential
    1.53491e+04    2.90600e+03   -2.73372e+05   -2.84409e+03   -2.57961e+05
    Kinetic En.   Total Energy  Conserved En.    Temperature Pressure (bar)
    4.47813e+04   -2.13180e+05   -1.40737e+08    3.11444e+02    1.04293e+01

           Step           Time
      188800000   4720000.00000

   Energies (kJ/mol)
           Bond       G96Angle        LJ (SR)   Coulomb (SR)      Potential
    1.49285e+04    2.93128e+03   -2.73540e+05   -2.78222e+03   -2.58463e+05
    Kinetic En.   Total Energy  Conserved En.    Temperature Pressure (bar)
    4.50953e+04   -2.13367e+05   -1.41035e+08    3.13627e+02   -1.83127e+01

Writing checkpoint, step 189179975 at Sat May 10 07:11:17 2025


           Step           Time
      189200000   4730000.00000

   Energies (kJ/mol)
           Bond       G96Angle        LJ (SR)   Coulomb (SR)      Potential
    1.53751e+04    3.03497e+03   -2.72949e+05   -2.82344e+03   -2.57363e+05
    Kinetic En.   Total Energy  Conserved En.    Temperature Pressure (bar)
    4.54807e+04   -2.11882e+05   -1.41333e+08    3.16308e+02    9.48432e+00

           Step           Time
      189600000   4740000.00000

   Energies (kJ/mol)
           Bond       G96Angle        LJ (SR)   Coulomb (SR)      Potential
    1.51320e+04    3.12167e+03   -2.73370e+05   -2.82629e+03   -2.57943e+05
    Kinetic En.   Total Energy  Conserved En.    Temperature Pressure (bar)
    4.50372e+04   -2.12905e+05   -1.41631e+08    3.13223e+02    1.47561e+01

           Step           Time
      190000000   4750000.00000

   Energies (kJ/mol)
           Bond       G96Angle        LJ (SR)   Coulomb (SR)      Potential
    1.50231e+04    2.84302e+03   -2.72989e+05   -2.85770e+03   -2.57981e+05
    Kinetic En.   Total Energy  Conserved En.    Temperature Pressure (bar)
    4.55829e+04   -2.12398e+05   -1.41929e+08    3.17019e+02    2.30304e+01

           Step           Time
      190400000   4760000.00000

   Energies (kJ/mol)
           Bond       G96Angle        LJ (SR)   Coulomb (SR)      Potential
    1.54144e+04    2.99683e+03   -2.72234e+05   -2.87555e+03   -2.56698e+05
    Kinetic En.   Total Energy  Conserved En.    Temperature Pressure (bar)
    4.45923e+04   -2.12106e+05   -1.42227e+08    3.10129e+02    6.18677e+01

           Step           Time
      190800000   4770000.00000

   Energies (kJ/mol)
           Bond       G96Angle        LJ (SR)   Coulomb (SR)      Potential
    1.54924e+04    3.02037e+03   -2.74034e+05   -2.98908e+03   -2.58510e+05
    Kinetic En.   Total Energy  Conserved En.    Temperature Pressure (bar)
    4.48794e+04   -2.13631e+05   -1.42524e+08    3.12126e+02   -2.82777e+01

           Step           Time
      191200000   4780000.00000

   Energies (kJ/mol)
           Bond       G96Angle        LJ (SR)   Coulomb (SR)      Potential
    1.51338e+04    2.98724e+03   -2.74827e+05   -2.92410e+03   -2.59630e+05
    Kinetic En.   Total Energy  Conserved En.    Temperature Pressure (bar)
    4.39332e+04   -2.15697e+05   -1.42821e+08    3.05546e+02   -2.09317e+01

           Step           Time
      191600000   4790000.00000

   Energies (kJ/mol)
           Bond       G96Angle        LJ (SR)   Coulomb (SR)      Potential
    1.52339e+04    2.85082e+03   -2.73738e+05   -2.80472e+03   -2.58458e+05
    Kinetic En.   Total Energy  Conserved En.    Temperature Pressure (bar)
    4.52785e+04   -2.13180e+05   -1.43120e+08    3.14902e+02    4.38172e+01

Writing checkpoint, step 191810200 at Sat May 10 07:26:17 2025


           Step           Time
      192000000   4800000.00000

   Energies (kJ/mol)
           Bond       G96Angle        LJ (SR)   Coulomb (SR)      Potential
    1.53183e+04    2.94125e+03   -2.73049e+05   -2.87087e+03   -2.57661e+05
    Kinetic En.   Total Energy  Conserved En.    Temperature Pressure (bar)
    4.48399e+04   -2.12821e+05   -1.43418e+08    3.11851e+02    2.20389e+01

           Step           Time
      192400000   4810000.00000

   Energies (kJ/mol)
           Bond       G96Angle        LJ (SR)   Coulomb (SR)      Potential
    1.50085e+04    2.97025e+03   -2.73176e+05   -2.84903e+03   -2.58046e+05
    Kinetic En.   Total Energy  Conserved En.    Temperature Pressure (bar)
    4.44324e+04   -2.13614e+05   -1.43716e+08    3.09017e+02   -6.36287e+00

           Step           Time
      192800000   4820000.00000

   Energies (kJ/mol)
           Bond       G96Angle        LJ (SR)   Coulomb (SR)      Potential
    1.53797e+04    2.93157e+03   -2.73763e+05   -2.84336e+03   -2.58295e+05
    Kinetic En.   Total Energy  Conserved En.    Temperature Pressure (bar)
    4.44144e+04   -2.13881e+05   -1.44015e+08    3.08892e+02   -2.19474e+01

           Step           Time
      193200000   4830000.00000

   Energies (kJ/mol)
           Bond       G96Angle        LJ (SR)   Coulomb (SR)      Potential
    1.50894e+04    2.97918e+03   -2.73956e+05   -2.87992e+03   -2.58767e+05
    Kinetic En.   Total Energy  Conserved En.    Temperature Pressure (bar)
    4.49560e+04   -2.13811e+05   -1.44313e+08    3.12659e+02   -3.67789e+01

           Step           Time
      193600000   4840000.00000

   Energies (kJ/mol)
           Bond       G96Angle        LJ (SR)   Coulomb (SR)      Potential
    1.50345e+04    2.90690e+03   -2.74157e+05   -2.81720e+03   -2.59033e+05
    Kinetic En.   Total Energy  Conserved En.    Temperature Pressure (bar)
    4.51211e+04   -2.13912e+05   -1.44611e+08    3.13807e+02   -1.67345e+01

           Step           Time
      194000000   4850000.00000

   Energies (kJ/mol)
           Bond       G96Angle        LJ (SR)   Coulomb (SR)      Potential
    1.53757e+04    2.97328e+03   -2.73900e+05   -2.88224e+03   -2.58433e+05
    Kinetic En.   Total Energy  Conserved En.    Temperature Pressure (bar)
    4.47251e+04   -2.13708e+05   -1.44909e+08    3.11053e+02   -3.11214e+01

           Step           Time
      194400000   4860000.00000

   Energies (kJ/mol)
           Bond       G96Angle        LJ (SR)   Coulomb (SR)      Potential
    1.50175e+04    2.99919e+03   -2.73921e+05   -2.74807e+03   -2.58652e+05
    Kinetic En.   Total Energy  Conserved En.    Temperature Pressure (bar)
    4.46940e+04   -2.13958e+05   -1.45207e+08    3.10836e+02   -3.21953e+01

Writing checkpoint, step 194436525 at Sat May 10 07:41:17 2025


           Step           Time
      194800000   4870000.00000

   Energies (kJ/mol)
           Bond       G96Angle        LJ (SR)   Coulomb (SR)      Potential
    1.54323e+04    3.00280e+03   -2.74120e+05   -2.93322e+03   -2.58619e+05
    Kinetic En.   Total Energy  Conserved En.    Temperature Pressure (bar)
    4.48681e+04   -2.13750e+05   -1.45504e+08    3.12047e+02   -2.07322e+01

           Step           Time
      195200000   4880000.00000

   Energies (kJ/mol)
           Bond       G96Angle        LJ (SR)   Coulomb (SR)      Potential
    1.51484e+04    2.89012e+03   -2.74010e+05   -2.94769e+03   -2.58919e+05
    Kinetic En.   Total Energy  Conserved En.    Temperature Pressure (bar)
    4.42139e+04   -2.14705e+05   -1.45802e+08    3.07497e+02    2.64005e+01

           Step           Time
      195600000   4890000.00000

   Energies (kJ/mol)
           Bond       G96Angle        LJ (SR)   Coulomb (SR)      Potential
    1.54738e+04    2.96404e+03   -2.72920e+05   -2.93831e+03   -2.57420e+05
    Kinetic En.   Total Energy  Conserved En.    Temperature Pressure (bar)
    4.60782e+04   -2.11342e+05   -1.46100e+08    3.20463e+02    5.56641e+01

           Step           Time
      196000000   4900000.00000

   Energies (kJ/mol)
           Bond       G96Angle        LJ (SR)   Coulomb (SR)      Potential
    1.54105e+04    2.85027e+03   -2.73302e+05   -2.90463e+03   -2.57946e+05
    Kinetic En.   Total Energy  Conserved En.    Temperature Pressure (bar)
    4.53641e+04   -2.12581e+05   -1.46397e+08    3.15497e+02    5.96615e+01

           Step           Time
      196400000   4910000.00000

   Energies (kJ/mol)
           Bond       G96Angle        LJ (SR)   Coulomb (SR)      Potential
    1.51583e+04    2.94714e+03   -2.73422e+05   -2.98048e+03   -2.58297e+05
    Kinetic En.   Total Energy  Conserved En.    Temperature Pressure (bar)
    4.53923e+04   -2.12905e+05   -1.46695e+08    3.15693e+02   -1.15129e+01

           Step           Time
      196800000   4920000.00000

   Energies (kJ/mol)
           Bond       G96Angle        LJ (SR)   Coulomb (SR)      Potential
    1.50659e+04    2.97454e+03   -2.72954e+05   -2.84066e+03   -2.57754e+05
    Kinetic En.   Total Energy  Conserved En.    Temperature Pressure (bar)
    4.57839e+04   -2.11970e+05   -1.46993e+08    3.18416e+02    4.72793e+01

Writing checkpoint, step 197062250 at Sat May 10 07:56:17 2025


           Step           Time
      197200000   4930000.00000

   Energies (kJ/mol)
           Bond       G96Angle        LJ (SR)   Coulomb (SR)      Potential
    1.52232e+04    3.03431e+03   -2.74034e+05   -2.83026e+03   -2.58606e+05
    Kinetic En.   Total Energy  Conserved En.    Temperature Pressure (bar)
    4.47521e+04   -2.13854e+05   -1.47291e+08    3.11241e+02   -4.75338e+01

           Step           Time
      197600000   4940000.00000

   Energies (kJ/mol)
           Bond       G96Angle        LJ (SR)   Coulomb (SR)      Potential
    1.48471e+04    2.98476e+03   -2.73177e+05   -2.84321e+03   -2.58189e+05
    Kinetic En.   Total Energy  Conserved En.    Temperature Pressure (bar)
    4.46653e+04   -2.13523e+05   -1.47589e+08    3.10637e+02    3.17600e+01

           Step           Time
      198000000   4950000.00000

   Energies (kJ/mol)
           Bond       G96Angle        LJ (SR)   Coulomb (SR)      Potential
    1.53335e+04    2.80985e+03   -2.74036e+05   -2.86797e+03   -2.58761e+05
    Kinetic En.   Total Energy  Conserved En.    Temperature Pressure (bar)
    4.51107e+04   -2.13650e+05   -1.47886e+08    3.13735e+02    1.37529e+01

           Step           Time
      198400000   4960000.00000

   Energies (kJ/mol)
           Bond       G96Angle        LJ (SR)   Coulomb (SR)      Potential
    1.51729e+04    2.90049e+03   -2.74236e+05   -2.87821e+03   -2.59041e+05
    Kinetic En.   Total Energy  Conserved En.    Temperature Pressure (bar)
    4.50399e+04   -2.14001e+05   -1.48184e+08    3.13242e+02    3.04614e+01

           Step           Time
      198800000   4970000.00000

   Energies (kJ/mol)
           Bond       G96Angle        LJ (SR)   Coulomb (SR)      Potential
    1.52850e+04    2.94290e+03   -2.73626e+05   -2.87447e+03   -2.58272e+05
    Kinetic En.   Total Energy  Conserved En.    Temperature Pressure (bar)
    4.47157e+04   -2.13556e+05   -1.48482e+08    3.10988e+02   -2.56580e+01

           Step           Time
      199200000   4980000.00000

   Energies (kJ/mol)
           Bond       G96Angle        LJ (SR)   Coulomb (SR)      Potential
    1.50627e+04    2.95693e+03   -2.73602e+05   -2.85362e+03   -2.58436e+05
    Kinetic En.   Total Energy  Conserved En.    Temperature Pressure (bar)
    4.53297e+04   -2.13106e+05   -1.48780e+08    3.15258e+02    1.46248e+01

           Step           Time
      199600000   4990000.00000

   Energies (kJ/mol)
           Bond       G96Angle        LJ (SR)   Coulomb (SR)      Potential
    1.52479e+04    3.06587e+03   -2.73581e+05   -2.98606e+03   -2.58254e+05
    Kinetic En.   Total Energy  Conserved En.    Temperature Pressure (bar)
    4.51677e+04   -2.13086e+05   -1.49077e+08    3.14131e+02    1.75023e+01

Writing checkpoint, step 199689975 at Sat May 10 08:11:17 2025


           Step           Time
      200000000   5000000.00000

   Energies (kJ/mol)
           Bond       G96Angle        LJ (SR)   Coulomb (SR)      Potential
    1.54701e+04    3.02019e+03   -2.73189e+05   -2.83316e+03   -2.57532e+05
    Kinetic En.   Total Energy  Conserved En.    Temperature Pressure (bar)
    4.54242e+04   -2.12108e+05   -1.49375e+08    3.15915e+02    3.53523e+01

           Step           Time
      200400000   5010000.00000

   Energies (kJ/mol)
           Bond       G96Angle        LJ (SR)   Coulomb (SR)      Potential
    1.52643e+04    2.99040e+03   -2.73503e+05   -2.83272e+03   -2.58081e+05
    Kinetic En.   Total Energy  Conserved En.    Temperature Pressure (bar)
    4.44671e+04   -2.13614e+05   -1.49673e+08    3.09258e+02    3.00495e+01

           Step           Time
      200800000   5020000.00000

   Energies (kJ/mol)
           Bond       G96Angle        LJ (SR)   Coulomb (SR)      Potential
    1.52150e+04    2.98066e+03   -2.73515e+05   -2.89250e+03   -2.58212e+05
    Kinetic En.   Total Energy  Conserved En.    Temperature Pressure (bar)
    4.56131e+04   -2.12598e+05   -1.49971e+08    3.17229e+02    6.79072e+00

           Step           Time
      201200000   5030000.00000

   Energies (kJ/mol)
           Bond       G96Angle        LJ (SR)   Coulomb (SR)      Potential
    1.48546e+04    2.99022e+03   -2.73537e+05   -2.85803e+03   -2.58550e+05
    Kinetic En.   Total Energy  Conserved En.    Temperature Pressure (bar)
    4.43296e+04   -2.14220e+05   -1.50269e+08    3.08302e+02   -6.76706e+00

           Step           Time
      201600000   5040000.00000

   Energies (kJ/mol)
           Bond       G96Angle        LJ (SR)   Coulomb (SR)      Potential
    1.50634e+04    2.82319e+03   -2.73424e+05   -2.94505e+03   -2.58482e+05
    Kinetic En.   Total Energy  Conserved En.    Temperature Pressure (bar)
    4.37676e+04   -2.14715e+05   -1.50566e+08    3.04394e+02   -9.25452e+00

           Step           Time
      202000000   5050000.00000

   Energies (kJ/mol)
           Bond       G96Angle        LJ (SR)   Coulomb (SR)      Potential
    1.50595e+04    3.05259e+03   -2.73726e+05   -2.95283e+03   -2.58567e+05
    Kinetic En.   Total Energy  Conserved En.    Temperature Pressure (bar)
    4.45036e+04   -2.14063e+05   -1.50864e+08    3.09513e+02    1.64695e+01

Writing checkpoint, step 202319875 at Sat May 10 08:26:17 2025


           Step           Time
      202400000   5060000.00000

   Energies (kJ/mol)
           Bond       G96Angle        LJ (SR)   Coulomb (SR)      Potential
    1.52141e+04    3.02338e+03   -2.73929e+05   -2.94971e+03   -2.58641e+05
    Kinetic En.   Total Energy  Conserved En.    Temperature Pressure (bar)
    4.48883e+04   -2.13752e+05   -1.51162e+08    3.12188e+02   -9.54554e+00

           Step           Time
      202800000   5070000.00000

   Energies (kJ/mol)
           Bond       G96Angle        LJ (SR)   Coulomb (SR)      Potential
    1.51299e+04    2.86896e+03   -2.74257e+05   -2.94180e+03   -2.59200e+05
    Kinetic En.   Total Energy  Conserved En.    Temperature Pressure (bar)
    4.46453e+04   -2.14554e+05   -1.51460e+08    3.10498e+02   -1.74031e+01

           Step           Time
      203200000   5080000.00000

   Energies (kJ/mol)
           Bond       G96Angle        LJ (SR)   Coulomb (SR)      Potential
    1.50722e+04    2.87691e+03   -2.73661e+05   -2.94640e+03   -2.58658e+05
    Kinetic En.   Total Energy  Conserved En.    Temperature Pressure (bar)
    4.45013e+04   -2.14157e+05   -1.51758e+08    3.09496e+02   -9.62471e+00

           Step           Time
      203600000   5090000.00000

   Energies (kJ/mol)
           Bond       G96Angle        LJ (SR)   Coulomb (SR)      Potential
    1.56159e+04    3.03544e+03   -2.74500e+05   -2.80314e+03   -2.58651e+05
    Kinetic En.   Total Energy  Conserved En.    Temperature Pressure (bar)
    4.51915e+04   -2.13460e+05   -1.52056e+08    3.14297e+02   -2.99717e+01

           Step           Time
      204000000   5100000.00000

   Energies (kJ/mol)
           Bond       G96Angle        LJ (SR)   Coulomb (SR)      Potential
    1.50355e+04    2.81904e+03   -2.72843e+05   -2.76104e+03   -2.57750e+05
    Kinetic En.   Total Energy  Conserved En.    Temperature Pressure (bar)
    4.53042e+04   -2.12445e+05   -1.52354e+08    3.15081e+02    1.56229e+01

           Step           Time
      204400000   5110000.00000

   Energies (kJ/mol)
           Bond       G96Angle        LJ (SR)   Coulomb (SR)      Potential
    1.51427e+04    3.05463e+03   -2.73054e+05   -2.88912e+03   -2.57746e+05
    Kinetic En.   Total Energy  Conserved En.    Temperature Pressure (bar)
    4.55618e+04   -2.12184e+05   -1.52652e+08    3.16872e+02    9.03257e+00

           Step           Time
      204800000   5120000.00000

   Energies (kJ/mol)
           Bond       G96Angle        LJ (SR)   Coulomb (SR)      Potential
    1.52771e+04    2.97891e+03   -2.73658e+05   -3.02229e+03   -2.58424e+05
    Kinetic En.   Total Energy  Conserved En.    Temperature Pressure (bar)
    4.54222e+04   -2.13002e+05   -1.52949e+08    3.15901e+02    2.37278e+01

Writing checkpoint, step 204949225 at Sat May 10 08:41:17 2025


           Step           Time
      205200000   5130000.00000

   Energies (kJ/mol)
           Bond       G96Angle        LJ (SR)   Coulomb (SR)      Potential
    1.52162e+04    2.83419e+03   -2.73356e+05   -2.89584e+03   -2.58202e+05
    Kinetic En.   Total Energy  Conserved En.    Temperature Pressure (bar)
    4.51683e+04   -2.13033e+05   -1.53247e+08    3.14135e+02    3.13786e+01

           Step           Time
      205600000   5140000.00000

   Energies (kJ/mol)
           Bond       G96Angle        LJ (SR)   Coulomb (SR)      Potential
    1.52292e+04    3.00285e+03   -2.73579e+05   -3.02428e+03   -2.58372e+05
    Kinetic En.   Total Energy  Conserved En.    Temperature Pressure (bar)
    4.48315e+04   -2.13540e+05   -1.53545e+08    3.11793e+02    3.61111e+01

           Step           Time
      206000000   5150000.00000

   Energies (kJ/mol)
           Bond       G96Angle        LJ (SR)   Coulomb (SR)      Potential
    1.55606e+04    2.91442e+03   -2.73533e+05   -2.70712e+03   -2.57765e+05
    Kinetic En.   Total Energy  Conserved En.    Temperature Pressure (bar)
    4.45102e+04   -2.13255e+05   -1.53843e+08    3.09559e+02   -4.33767e+01

           Step           Time
      206400000   5160000.00000

   Energies (kJ/mol)
           Bond       G96Angle        LJ (SR)   Coulomb (SR)      Potential
    1.51467e+04    3.05731e+03   -2.73922e+05   -2.93359e+03   -2.58651e+05
    Kinetic En.   Total Energy  Conserved En.    Temperature Pressure (bar)
    4.49278e+04   -2.13724e+05   -1.54142e+08    3.12462e+02   -3.17540e+01

           Step           Time
      206800000   5170000.00000

   Energies (kJ/mol)
           Bond       G96Angle        LJ (SR)   Coulomb (SR)      Potential
    1.54373e+04    3.02509e+03   -2.73042e+05   -2.88120e+03   -2.57461e+05
    Kinetic En.   Total Energy  Conserved En.    Temperature Pressure (bar)
    4.48484e+04   -2.12612e+05   -1.54440e+08    3.11910e+02    4.72455e-01

           Step           Time
      207200000   5180000.00000

   Energies (kJ/mol)
           Bond       G96Angle        LJ (SR)   Coulomb (SR)      Potential
    1.53687e+04    2.92259e+03   -2.73272e+05   -2.86506e+03   -2.57845e+05
    Kinetic En.   Total Energy  Conserved En.    Temperature Pressure (bar)
    4.54668e+04   -2.12379e+05   -1.54739e+08    3.16211e+02    1.92989e+01

Writing checkpoint, step 207578300 at Sat May 10 08:56:17 2025


           Step           Time
      207600000   5190000.00000

   Energies (kJ/mol)
           Bond       G96Angle        LJ (SR)   Coulomb (SR)      Potential
    1.51088e+04    3.06394e+03   -2.73383e+05   -2.91199e+03   -2.58122e+05
    Kinetic En.   Total Energy  Conserved En.    Temperature Pressure (bar)
    4.45792e+04   -2.13543e+05   -1.55038e+08    3.10038e+02   -1.73609e+01

           Step           Time
      208000000   5200000.00000

   Energies (kJ/mol)
           Bond       G96Angle        LJ (SR)   Coulomb (SR)      Potential
    1.51419e+04    2.94034e+03   -2.73203e+05   -2.94627e+03   -2.58067e+05
    Kinetic En.   Total Energy  Conserved En.    Temperature Pressure (bar)
    4.52758e+04   -2.12791e+05   -1.55336e+08    3.14883e+02    4.11500e+00

           Step           Time
      208400000   5210000.00000

   Energies (kJ/mol)
           Bond       G96Angle        LJ (SR)   Coulomb (SR)      Potential
    1.53230e+04    2.93871e+03   -2.74172e+05   -2.86704e+03   -2.58778e+05
    Kinetic En.   Total Energy  Conserved En.    Temperature Pressure (bar)
    4.48068e+04   -2.13971e+05   -1.55635e+08    3.11621e+02   -4.43656e+01

           Step           Time
      208800000   5220000.00000

   Energies (kJ/mol)
           Bond       G96Angle        LJ (SR)   Coulomb (SR)      Potential
    1.53555e+04    2.83650e+03   -2.74677e+05   -2.92708e+03   -2.59412e+05
    Kinetic En.   Total Energy  Conserved En.    Temperature Pressure (bar)
    4.40123e+04   -2.15399e+05   -1.55933e+08    3.06095e+02   -6.05836e+01

           Step           Time
      209200000   5230000.00000

   Energies (kJ/mol)
           Bond       G96Angle        LJ (SR)   Coulomb (SR)      Potential
    1.51182e+04    3.01746e+03   -2.73544e+05   -2.92577e+03   -2.58334e+05
    Kinetic En.   Total Energy  Conserved En.    Temperature Pressure (bar)
    4.51477e+04   -2.13186e+05   -1.56232e+08    3.13992e+02    5.57956e+00

           Step           Time
      209600000   5240000.00000

   Energies (kJ/mol)
           Bond       G96Angle        LJ (SR)   Coulomb (SR)      Potential
    1.54100e+04    2.98638e+03   -2.73831e+05   -2.89275e+03   -2.58327e+05
    Kinetic En.   Total Energy  Conserved En.    Temperature Pressure (bar)
    4.49352e+04   -2.13392e+05   -1.56531e+08    3.12514e+02    7.27785e+00

           Step           Time
      210000000   5250000.00000

   Energies (kJ/mol)
           Bond       G96Angle        LJ (SR)   Coulomb (SR)      Potential
    1.52767e+04    3.12682e+03   -2.74083e+05   -3.00105e+03   -2.58680e+05
    Kinetic En.   Total Energy  Conserved En.    Temperature Pressure (bar)
    4.41286e+04   -2.14552e+05   -1.56829e+08    3.06905e+02   -3.32803e+01

Writing checkpoint, step 210204600 at Sat May 10 09:11:17 2025


           Step           Time
      210400000   5260000.00000

   Energies (kJ/mol)
           Bond       G96Angle        LJ (SR)   Coulomb (SR)      Potential
    1.52494e+04    2.93685e+03   -2.73888e+05   -2.84022e+03   -2.58542e+05
    Kinetic En.   Total Energy  Conserved En.    Temperature Pressure (bar)
    4.50339e+04   -2.13508e+05   -1.57128e+08    3.13200e+02   -1.25690e+01

           Step           Time
      210800000   5270000.00000

   Energies (kJ/mol)
           Bond       G96Angle        LJ (SR)   Coulomb (SR)      Potential
    1.52407e+04    2.72667e+03   -2.74053e+05   -2.77636e+03   -2.58862e+05
    Kinetic En.   Total Energy  Conserved En.    Temperature Pressure (bar)
    4.44385e+04   -2.14424e+05   -1.57426e+08    3.09060e+02   -2.12502e+01

           Step           Time
      211200000   5280000.00000

   Energies (kJ/mol)
           Bond       G96Angle        LJ (SR)   Coulomb (SR)      Potential
    1.51856e+04    2.88988e+03   -2.73137e+05   -2.71643e+03   -2.57778e+05
    Kinetic En.   Total Energy  Conserved En.    Temperature Pressure (bar)
    4.57439e+04   -2.12034e+05   -1.57724e+08    3.18139e+02    1.95837e+01

           Step           Time
      211600000   5290000.00000

   Energies (kJ/mol)
           Bond       G96Angle        LJ (SR)   Coulomb (SR)      Potential
    1.48945e+04    3.05431e+03   -2.73052e+05   -2.84367e+03   -2.57947e+05
    Kinetic En.   Total Energy  Conserved En.    Temperature Pressure (bar)
    4.57083e+04   -2.12239e+05   -1.58023e+08    3.17891e+02   -1.83880e+01

           Step           Time
      212000000   5300000.00000

   Energies (kJ/mol)
           Bond       G96Angle        LJ (SR)   Coulomb (SR)      Potential
    1.52882e+04    2.94694e+03   -2.74489e+05   -2.95971e+03   -2.59213e+05
    Kinetic En.   Total Energy  Conserved En.    Temperature Pressure (bar)
    4.51880e+04   -2.14025e+05   -1.58322e+08    3.14272e+02    4.96990e+00

           Step           Time
      212400000   5310000.00000

   Energies (kJ/mol)
           Bond       G96Angle        LJ (SR)   Coulomb (SR)      Potential
    1.50980e+04    3.01960e+03   -2.74672e+05   -2.89617e+03   -2.59451e+05
    Kinetic En.   Total Energy  Conserved En.    Temperature Pressure (bar)
    4.44172e+04   -2.15034e+05   -1.58620e+08    3.08911e+02   -3.64881e+00

           Step           Time
      212800000   5320000.00000

   Energies (kJ/mol)
           Bond       G96Angle        LJ (SR)   Coulomb (SR)      Potential
    1.51256e+04    2.92724e+03   -2.73262e+05   -2.83389e+03   -2.58043e+05
    Kinetic En.   Total Energy  Conserved En.    Temperature Pressure (bar)
    4.44745e+04   -2.13568e+05   -1.58919e+08    3.09310e+02   -8.16257e+00

Writing checkpoint, step 212830175 at Sat May 10 09:26:17 2025


           Step           Time
      213200000   5330000.00000

   Energies (kJ/mol)
           Bond       G96Angle        LJ (SR)   Coulomb (SR)      Potential
    1.53382e+04    2.87172e+03   -2.74114e+05   -2.79906e+03   -2.58703e+05
    Kinetic En.   Total Energy  Conserved En.    Temperature Pressure (bar)
    4.45975e+04   -2.14105e+05   -1.59218e+08    3.10165e+02   -1.78956e+01

           Step           Time
      213600000   5340000.00000

   Energies (kJ/mol)
           Bond       G96Angle        LJ (SR)   Coulomb (SR)      Potential
    1.51189e+04    2.98028e+03   -2.74138e+05   -2.93275e+03   -2.58972e+05
    Kinetic En.   Total Energy  Conserved En.    Temperature Pressure (bar)
    4.46648e+04   -2.14307e+05   -1.59516e+08    3.10634e+02   -4.39799e+00

           Step           Time
      214000000   5350000.00000

   Energies (kJ/mol)
           Bond       G96Angle        LJ (SR)   Coulomb (SR)      Potential
    1.51411e+04    2.92012e+03   -2.74083e+05   -2.97099e+03   -2.58993e+05
    Kinetic En.   Total Energy  Conserved En.    Temperature Pressure (bar)
    4.46862e+04   -2.14307e+05   -1.59815e+08    3.10783e+02   -2.58207e+01

           Step           Time
      214400000   5360000.00000

   Energies (kJ/mol)
           Bond       G96Angle        LJ (SR)   Coulomb (SR)      Potential
    1.52411e+04    2.85526e+03   -2.74014e+05   -2.98994e+03   -2.58908e+05
    Kinetic En.   Total Energy  Conserved En.    Temperature Pressure (bar)
    4.57984e+04   -2.13110e+05   -1.60113e+08    3.18517e+02    2.21191e+01

           Step           Time
      214800000   5370000.00000

   Energies (kJ/mol)
           Bond       G96Angle        LJ (SR)   Coulomb (SR)      Potential
    1.51804e+04    3.06225e+03   -2.73888e+05   -2.91449e+03   -2.58560e+05
    Kinetic En.   Total Energy  Conserved En.    Temperature Pressure (bar)
    4.44022e+04   -2.14158e+05   -1.60411e+08    3.08807e+02   -8.37879e+00

           Step           Time
      215200000   5380000.00000

   Energies (kJ/mol)
           Bond       G96Angle        LJ (SR)   Coulomb (SR)      Potential
    1.52708e+04    2.98039e+03   -2.73164e+05   -2.81614e+03   -2.57729e+05
    Kinetic En.   Total Energy  Conserved En.    Temperature Pressure (bar)
    4.51051e+04   -2.12624e+05   -1.60709e+08    3.13696e+02    3.88407e+01

Writing checkpoint, step 215455750 at Sat May 10 09:41:17 2025


           Step           Time
      215600000   5390000.00000

   Energies (kJ/mol)
           Bond       G96Angle        LJ (SR)   Coulomb (SR)      Potential
    1.54843e+04    2.84928e+03   -2.74140e+05   -2.74568e+03   -2.58552e+05
    Kinetic En.   Total Energy  Conserved En.    Temperature Pressure (bar)
    4.45450e+04   -2.14007e+05   -1.61007e+08    3.09801e+02   -1.31601e+01

           Step           Time
      216000000   5400000.00000

   Energies (kJ/mol)
           Bond       G96Angle        LJ (SR)   Coulomb (SR)      Potential
    1.53058e+04    2.85755e+03   -2.74242e+05   -2.85867e+03   -2.58937e+05
    Kinetic En.   Total Energy  Conserved En.    Temperature Pressure (bar)
    4.47247e+04   -2.14213e+05   -1.61306e+08    3.11050e+02   -2.87018e+01

           Step           Time
      216400000   5410000.00000

   Energies (kJ/mol)
           Bond       G96Angle        LJ (SR)   Coulomb (SR)      Potential
    1.51752e+04    2.83932e+03   -2.73609e+05   -2.71913e+03   -2.58313e+05
    Kinetic En.   Total Energy  Conserved En.    Temperature Pressure (bar)
    4.43164e+04   -2.13997e+05   -1.61605e+08    3.08210e+02   -9.85577e+00

           Step           Time
      216800000   5420000.00000

   Energies (kJ/mol)
           Bond       G96Angle        LJ (SR)   Coulomb (SR)      Potential
    1.51917e+04    3.05677e+03   -2.73537e+05   -2.87406e+03   -2.58162e+05
    Kinetic En.   Total Energy  Conserved En.    Temperature Pressure (bar)
    4.44489e+04   -2.13713e+05   -1.61903e+08    3.09132e+02    1.16369e+01

           Step           Time
      217200000   5430000.00000

   Energies (kJ/mol)
           Bond       G96Angle        LJ (SR)   Coulomb (SR)      Potential
    1.52307e+04    3.02630e+03   -2.73128e+05   -2.86112e+03   -2.57732e+05
    Kinetic En.   Total Energy  Conserved En.    Temperature Pressure (bar)
    4.51869e+04   -2.12545e+05   -1.62201e+08    3.14265e+02    6.43589e+00

           Step           Time
      217600000   5440000.00000

   Energies (kJ/mol)
           Bond       G96Angle        LJ (SR)   Coulomb (SR)      Potential
    1.53436e+04    3.04873e+03   -2.72949e+05   -2.82525e+03   -2.57382e+05
    Kinetic En.   Total Energy  Conserved En.    Temperature Pressure (bar)
    4.56231e+04   -2.11759e+05   -1.62500e+08    3.17298e+02    2.04960e+01

           Step           Time
      218000000   5450000.00000

   Energies (kJ/mol)
           Bond       G96Angle        LJ (SR)   Coulomb (SR)      Potential
    1.50560e+04    2.98717e+03   -2.73493e+05   -2.83612e+03   -2.58286e+05
    Kinetic En.   Total Energy  Conserved En.    Temperature Pressure (bar)
    4.50377e+04   -2.13248e+05   -1.62798e+08    3.13227e+02   -1.08339e+01

Writing checkpoint, step 218086050 at Sat May 10 09:56:17 2025


           Step           Time
      218400000   5460000.00000

   Energies (kJ/mol)
           Bond       G96Angle        LJ (SR)   Coulomb (SR)      Potential
    1.52231e+04    2.91830e+03   -2.73328e+05   -3.03134e+03   -2.58218e+05
    Kinetic En.   Total Energy  Conserved En.    Temperature Pressure (bar)
    4.54213e+04   -2.12797e+05   -1.63097e+08    3.15895e+02    2.00980e+01

           Step           Time
      218800000   5470000.00000

   Energies (kJ/mol)
           Bond       G96Angle        LJ (SR)   Coulomb (SR)      Potential
    1.51154e+04    2.90552e+03   -2.73169e+05   -2.86409e+03   -2.58012e+05
    Kinetic En.   Total Energy  Conserved En.    Temperature Pressure (bar)
    4.56331e+04   -2.12379e+05   -1.63395e+08    3.17368e+02    4.03488e+01

           Step           Time
      219200000   5480000.00000

   Energies (kJ/mol)
           Bond       G96Angle        LJ (SR)   Coulomb (SR)      Potential
    1.51862e+04    2.98072e+03   -2.73212e+05   -2.85499e+03   -2.57900e+05
    Kinetic En.   Total Energy  Conserved En.    Temperature Pressure (bar)
    4.49638e+04   -2.12936e+05   -1.63694e+08    3.12713e+02    1.45189e+01

           Step           Time
      219600000   5490000.00000

   Energies (kJ/mol)
           Bond       G96Angle        LJ (SR)   Coulomb (SR)      Potential
    1.51595e+04    2.96226e+03   -2.73172e+05   -2.86988e+03   -2.57921e+05
    Kinetic En.   Total Energy  Conserved En.    Temperature Pressure (bar)
    4.58170e+04   -2.12104e+05   -1.63992e+08    3.18646e+02    1.54937e+01

           Step           Time
      220000000   5500000.00000

   Energies (kJ/mol)
           Bond       G96Angle        LJ (SR)   Coulomb (SR)      Potential
    1.54226e+04    2.91818e+03   -2.73709e+05   -2.96690e+03   -2.58335e+05
    Kinetic En.   Total Energy  Conserved En.    Temperature Pressure (bar)
    4.48987e+04   -2.13436e+05   -1.64291e+08    3.12260e+02   -4.21028e+01

           Step           Time
      220400000   5510000.00000

   Energies (kJ/mol)
           Bond       G96Angle        LJ (SR)   Coulomb (SR)      Potential
    1.53865e+04    2.99487e+03   -2.73280e+05   -2.86467e+03   -2.57763e+05
    Kinetic En.   Total Energy  Conserved En.    Temperature Pressure (bar)
    4.51736e+04   -2.12589e+05   -1.64589e+08    3.14172e+02    2.68605e+00

Writing checkpoint, step 220715675 at Sat May 10 10:11:17 2025


           Step           Time
      220800000   5520000.00000

   Energies (kJ/mol)
           Bond       G96Angle        LJ (SR)   Coulomb (SR)      Potential
    1.52498e+04    2.94352e+03   -2.73444e+05   -2.84014e+03   -2.58091e+05
    Kinetic En.   Total Energy  Conserved En.    Temperature Pressure (bar)
    4.47588e+04   -2.13332e+05   -1.64887e+08    3.11288e+02   -1.74419e+00

           Step           Time
      221200000   5530000.00000

   Energies (kJ/mol)
           Bond       G96Angle        LJ (SR)   Coulomb (SR)      Potential
    1.51940e+04    2.96204e+03   -2.73416e+05   -2.91880e+03   -2.58179e+05
    Kinetic En.   Total Energy  Conserved En.    Temperature Pressure (bar)
    4.50542e+04   -2.13125e+05   -1.65185e+08    3.13342e+02    4.66148e+00

           Step           Time
      221600000   5540000.00000

   Energies (kJ/mol)
           Bond       G96Angle        LJ (SR)   Coulomb (SR)      Potential
    1.51411e+04    2.95313e+03   -2.72995e+05   -2.89078e+03   -2.57791e+05
    Kinetic En.   Total Energy  Conserved En.    Temperature Pressure (bar)
    4.48025e+04   -2.12989e+05   -1.65483e+08    3.11591e+02    3.08488e+01

           Step           Time
      222000000   5550000.00000

   Energies (kJ/mol)
           Bond       G96Angle        LJ (SR)   Coulomb (SR)      Potential
    1.50452e+04    3.04504e+03   -2.73268e+05   -2.90148e+03   -2.58080e+05
    Kinetic En.   Total Energy  Conserved En.    Temperature Pressure (bar)
    4.47447e+04   -2.13335e+05   -1.65780e+08    3.11189e+02   -1.15213e+01

           Step           Time
      222400000   5560000.00000

   Energies (kJ/mol)
           Bond       G96Angle        LJ (SR)   Coulomb (SR)      Potential
    1.50154e+04    2.85613e+03   -2.74167e+05   -2.88054e+03   -2.59176e+05
    Kinetic En.   Total Energy  Conserved En.    Temperature Pressure (bar)
    4.46174e+04   -2.14559e+05   -1.66079e+08    3.10304e+02    1.02228e+00

           Step           Time
      222800000   5570000.00000

   Energies (kJ/mol)
           Bond       G96Angle        LJ (SR)   Coulomb (SR)      Potential
    1.52673e+04    3.00194e+03   -2.73907e+05   -2.91145e+03   -2.58549e+05
    Kinetic En.   Total Energy  Conserved En.    Temperature Pressure (bar)
    4.52024e+04   -2.13347e+05   -1.66377e+08    3.14372e+02    8.22862e+00

           Step           Time
      223200000   5580000.00000

   Energies (kJ/mol)
           Bond       G96Angle        LJ (SR)   Coulomb (SR)      Potential
    1.50046e+04    2.85619e+03   -2.73586e+05   -2.88879e+03   -2.58614e+05
    Kinetic En.   Total Energy  Conserved En.    Temperature Pressure (bar)
    4.42756e+04   -2.14338e+05   -1.66675e+08    3.07927e+02    7.34321e+00

Writing checkpoint, step 223346075 at Sat May 10 10:26:17 2025


           Step           Time
      223600000   5590000.00000

   Energies (kJ/mol)
           Bond       G96Angle        LJ (SR)   Coulomb (SR)      Potential
    1.50078e+04    2.79333e+03   -2.74372e+05   -2.77311e+03   -2.59343e+05
    Kinetic En.   Total Energy  Conserved En.    Temperature Pressure (bar)
    4.41188e+04   -2.15225e+05   -1.66973e+08    3.06836e+02   -6.91681e+01

           Step           Time
      224000000   5600000.00000

   Energies (kJ/mol)
           Bond       G96Angle        LJ (SR)   Coulomb (SR)      Potential
    1.52579e+04    3.03887e+03   -2.74370e+05   -2.88739e+03   -2.58960e+05
    Kinetic En.   Total Energy  Conserved En.    Temperature Pressure (bar)
    4.46474e+04   -2.14313e+05   -1.67272e+08    3.10512e+02   -5.55253e+01

           Step           Time
      224400000   5610000.00000

   Energies (kJ/mol)
           Bond       G96Angle        LJ (SR)   Coulomb (SR)      Potential
    1.51098e+04    2.90752e+03   -2.73054e+05   -2.84353e+03   -2.57880e+05
    Kinetic En.   Total Energy  Conserved En.    Temperature Pressure (bar)
    4.47106e+04   -2.13170e+05   -1.67570e+08    3.10952e+02    1.54281e+01

           Step           Time
      224800000   5620000.00000

   Energies (kJ/mol)
           Bond       G96Angle        LJ (SR)   Coulomb (SR)      Potential
    1.50512e+04    2.91836e+03   -2.73412e+05   -2.79023e+03   -2.58233e+05
    Kinetic En.   Total Energy  Conserved En.    Temperature Pressure (bar)
    4.50094e+04   -2.13223e+05   -1.67868e+08    3.13030e+02   -1.82673e+01

           Step           Time
      225200000   5630000.00000

   Energies (kJ/mol)
           Bond       G96Angle        LJ (SR)   Coulomb (SR)      Potential
    1.50713e+04    3.04512e+03   -2.74191e+05   -2.81699e+03   -2.58891e+05
    Kinetic En.   Total Energy  Conserved En.    Temperature Pressure (bar)
    4.53310e+04   -2.13560e+05   -1.68167e+08    3.15267e+02   -2.13182e+01

           Step           Time
      225600000   5640000.00000

   Energies (kJ/mol)
           Bond       G96Angle        LJ (SR)   Coulomb (SR)      Potential
    1.52408e+04    3.00461e+03   -2.72900e+05   -2.86348e+03   -2.57518e+05
    Kinetic En.   Total Energy  Conserved En.    Temperature Pressure (bar)
    4.52698e+04   -2.12248e+05   -1.68465e+08    3.14841e+02    1.40406e+01

Writing checkpoint, step 225974050 at Sat May 10 10:41:17 2025


           Step           Time
      226000000   5650000.00000

   Energies (kJ/mol)
           Bond       G96Angle        LJ (SR)   Coulomb (SR)      Potential
    1.53036e+04    2.94960e+03   -2.73294e+05   -2.88206e+03   -2.57923e+05
    Kinetic En.   Total Energy  Conserved En.    Temperature Pressure (bar)
    4.51528e+04   -2.12770e+05   -1.68763e+08    3.14027e+02    1.86051e+01

           Step           Time
      226400000   5660000.00000

   Energies (kJ/mol)
           Bond       G96Angle        LJ (SR)   Coulomb (SR)      Potential
    1.56158e+04    2.91091e+03   -2.74323e+05   -2.91861e+03   -2.58715e+05
    Kinetic En.   Total Energy  Conserved En.    Temperature Pressure (bar)
    4.51803e+04   -2.13535e+05   -1.69062e+08    3.14219e+02   -6.63979e+01

           Step           Time
      226800000   5670000.00000

   Energies (kJ/mol)
           Bond       G96Angle        LJ (SR)   Coulomb (SR)      Potential
    1.51171e+04    2.92585e+03   -2.74097e+05   -2.88903e+03   -2.58943e+05
    Kinetic En.   Total Energy  Conserved En.    Temperature Pressure (bar)
    4.48049e+04   -2.14138e+05   -1.69360e+08    3.11608e+02    2.49184e+00

           Step           Time
      227200000   5680000.00000

   Energies (kJ/mol)
           Bond       G96Angle        LJ (SR)   Coulomb (SR)      Potential
    1.53862e+04    3.14964e+03   -2.73154e+05   -2.84131e+03   -2.57460e+05
    Kinetic En.   Total Energy  Conserved En.    Temperature Pressure (bar)
    4.54230e+04   -2.12037e+05   -1.69659e+08    3.15907e+02   -5.15893e+00

           Step           Time
      227600000   5690000.00000

   Energies (kJ/mol)
           Bond       G96Angle        LJ (SR)   Coulomb (SR)      Potential
    1.55729e+04    3.10863e+03   -2.73253e+05   -2.82297e+03   -2.57395e+05
    Kinetic En.   Total Energy  Conserved En.    Temperature Pressure (bar)
    4.49348e+04   -2.12460e+05   -1.69957e+08    3.12511e+02    2.08449e+01

           Step           Time
      228000000   5700000.00000

   Energies (kJ/mol)
           Bond       G96Angle        LJ (SR)   Coulomb (SR)      Potential
    1.55074e+04    2.88527e+03   -2.72348e+05   -2.91410e+03   -2.56869e+05
    Kinetic En.   Total Energy  Conserved En.    Temperature Pressure (bar)
    4.50719e+04   -2.11797e+05   -1.70255e+08    3.13465e+02    7.93912e+01

           Step           Time
      228400000   5710000.00000

   Energies (kJ/mol)
           Bond       G96Angle        LJ (SR)   Coulomb (SR)      Potential
    1.54121e+04    2.80590e+03   -2.73275e+05   -2.87332e+03   -2.57930e+05
    Kinetic En.   Total Energy  Conserved En.    Temperature Pressure (bar)
    4.57839e+04   -2.12146e+05   -1.70555e+08    3.18417e+02    2.79914e+01

Writing checkpoint, step 228598750 at Sat May 10 10:56:17 2025


           Step           Time
      228800000   5720000.00000

   Energies (kJ/mol)
           Bond       G96Angle        LJ (SR)   Coulomb (SR)      Potential
    1.54955e+04    2.81159e+03   -2.73574e+05   -2.93360e+03   -2.58201e+05
    Kinetic En.   Total Energy  Conserved En.    Temperature Pressure (bar)
    4.57328e+04   -2.12468e+05   -1.70853e+08    3.18062e+02    8.29476e+00

           Step           Time
      229200000   5730000.00000

   Energies (kJ/mol)
           Bond       G96Angle        LJ (SR)   Coulomb (SR)      Potential
    1.52745e+04    2.92299e+03   -2.72834e+05   -2.81619e+03   -2.57452e+05
    Kinetic En.   Total Energy  Conserved En.    Temperature Pressure (bar)
    4.55603e+04   -2.11892e+05   -1.71151e+08    3.16862e+02    4.21355e+01

           Step           Time
      229600000   5740000.00000

   Energies (kJ/mol)
           Bond       G96Angle        LJ (SR)   Coulomb (SR)      Potential
    1.52491e+04    3.01023e+03   -2.73227e+05   -2.84655e+03   -2.57814e+05
    Kinetic En.   Total Energy  Conserved En.    Temperature Pressure (bar)
    4.56138e+04   -2.12201e+05   -1.71451e+08    3.17233e+02    1.33829e+01

           Step           Time
      230000000   5750000.00000

   Energies (kJ/mol)
           Bond       G96Angle        LJ (SR)   Coulomb (SR)      Potential
    1.53407e+04    2.92212e+03   -2.73779e+05   -2.84983e+03   -2.58366e+05
    Kinetic En.   Total Energy  Conserved En.    Temperature Pressure (bar)
    4.55249e+04   -2.12841e+05   -1.71749e+08    3.16615e+02    3.60216e+01

           Step           Time
      230400000   5760000.00000

   Energies (kJ/mol)
           Bond       G96Angle        LJ (SR)   Coulomb (SR)      Potential
    1.54473e+04    2.80331e+03   -2.73537e+05   -2.80224e+03   -2.58089e+05
    Kinetic En.   Total Energy  Conserved En.    Temperature Pressure (bar)
    4.51626e+04   -2.12926e+05   -1.72048e+08    3.14096e+02   -2.73788e+01

           Step           Time
      230800000   5770000.00000

   Energies (kJ/mol)
           Bond       G96Angle        LJ (SR)   Coulomb (SR)      Potential
    1.50614e+04    2.86291e+03   -2.74244e+05   -2.87756e+03   -2.59197e+05
    Kinetic En.   Total Energy  Conserved En.    Temperature Pressure (bar)
    4.48306e+04   -2.14366e+05   -1.72346e+08    3.11786e+02    1.40273e+00

           Step           Time
      231200000   5780000.00000

   Energies (kJ/mol)
           Bond       G96Angle        LJ (SR)   Coulomb (SR)      Potential
    1.53754e+04    2.75299e+03   -2.73762e+05   -2.72138e+03   -2.58354e+05
    Kinetic En.   Total Energy  Conserved En.    Temperature Pressure (bar)
    4.51341e+04   -2.13220e+05   -1.72644e+08    3.13897e+02    1.45968e+01

Writing checkpoint, step 231223675 at Sat May 10 11:11:17 2025


           Step           Time
      231600000   5790000.00000

   Energies (kJ/mol)
           Bond       G96Angle        LJ (SR)   Coulomb (SR)      Potential
    1.49633e+04    2.94011e+03   -2.73228e+05   -2.93624e+03   -2.58260e+05
    Kinetic En.   Total Energy  Conserved En.    Temperature Pressure (bar)
    4.56274e+04   -2.12633e+05   -1.72942e+08    3.17328e+02   -5.65161e+00

           Step           Time
      232000000   5800000.00000

   Energies (kJ/mol)
           Bond       G96Angle        LJ (SR)   Coulomb (SR)      Potential
    1.51197e+04    2.99871e+03   -2.73912e+05   -2.85682e+03   -2.58651e+05
    Kinetic En.   Total Energy  Conserved En.    Temperature Pressure (bar)
    4.46709e+04   -2.13980e+05   -1.73240e+08    3.10676e+02   -4.05667e+00

           Step           Time
      232400000   5810000.00000

   Energies (kJ/mol)
           Bond       G96Angle        LJ (SR)   Coulomb (SR)      Potential
    1.53717e+04    2.94669e+03   -2.74474e+05   -2.97378e+03   -2.59129e+05
    Kinetic En.   Total Energy  Conserved En.    Temperature Pressure (bar)
    4.41646e+04   -2.14965e+05   -1.73539e+08    3.07155e+02   -4.15299e+01

           Step           Time
      232800000   5820000.00000

   Energies (kJ/mol)
           Bond       G96Angle        LJ (SR)   Coulomb (SR)      Potential
    1.54839e+04    2.98040e+03   -2.74359e+05   -2.77750e+03   -2.58672e+05
    Kinetic En.   Total Energy  Conserved En.    Temperature Pressure (bar)
    4.44761e+04   -2.14196e+05   -1.73837e+08    3.09321e+02   -3.44090e+01

           Step           Time
      233200000   5830000.00000

   Energies (kJ/mol)
           Bond       G96Angle        LJ (SR)   Coulomb (SR)      Potential
    1.52711e+04    2.89568e+03   -2.73540e+05   -2.87662e+03   -2.58249e+05
    Kinetic En.   Total Energy  Conserved En.    Temperature Pressure (bar)
    4.44741e+04   -2.13775e+05   -1.74135e+08    3.09307e+02    1.59978e+01

           Step           Time
      233600000   5840000.00000

   Energies (kJ/mol)
           Bond       G96Angle        LJ (SR)   Coulomb (SR)      Potential
    1.52112e+04    2.94873e+03   -2.74591e+05   -2.84125e+03   -2.59272e+05
    Kinetic En.   Total Energy  Conserved En.    Temperature Pressure (bar)
    4.52904e+04   -2.13982e+05   -1.74434e+08    3.14984e+02   -5.68366e+01

Writing checkpoint, step 233848600 at Sat May 10 11:26:17 2025


           Step           Time
      234000000   5850000.00000

   Energies (kJ/mol)
           Bond       G96Angle        LJ (SR)   Coulomb (SR)      Potential
    1.53114e+04    2.91219e+03   -2.74470e+05   -2.85262e+03   -2.59099e+05
    Kinetic En.   Total Energy  Conserved En.    Temperature Pressure (bar)
    4.48020e+04   -2.14297e+05   -1.74732e+08    3.11588e+02   -6.26639e+01

           Step           Time
      234400000   5860000.00000

   Energies (kJ/mol)
           Bond       G96Angle        LJ (SR)   Coulomb (SR)      Potential
    1.51280e+04    2.72645e+03   -2.73514e+05   -2.87590e+03   -2.58536e+05
    Kinetic En.   Total Energy  Conserved En.    Temperature Pressure (bar)
    4.51543e+04   -2.13382e+05   -1.75030e+08    3.14038e+02    3.08137e+01

           Step           Time
      234800000   5870000.00000

   Energies (kJ/mol)
           Bond       G96Angle        LJ (SR)   Coulomb (SR)      Potential
    1.57233e+04    3.07299e+03   -2.73785e+05   -2.91844e+03   -2.57907e+05
    Kinetic En.   Total Energy  Conserved En.    Temperature Pressure (bar)
    4.51969e+04   -2.12710e+05   -1.75329e+08    3.14334e+02   -1.23124e+01

           Step           Time
      235200000   5880000.00000

   Energies (kJ/mol)
           Bond       G96Angle        LJ (SR)   Coulomb (SR)      Potential
    1.51351e+04    2.91657e+03   -2.73933e+05   -2.86961e+03   -2.58751e+05
    Kinetic En.   Total Energy  Conserved En.    Temperature Pressure (bar)
    4.53760e+04   -2.13375e+05   -1.75628e+08    3.15580e+02    9.00920e+00

           Step           Time
      235600000   5890000.00000

   Energies (kJ/mol)
           Bond       G96Angle        LJ (SR)   Coulomb (SR)      Potential
    1.51673e+04    2.82526e+03   -2.73703e+05   -2.80174e+03   -2.58513e+05
    Kinetic En.   Total Energy  Conserved En.    Temperature Pressure (bar)
    4.45332e+04   -2.13979e+05   -1.75926e+08    3.09719e+02   -5.66744e+01

           Step           Time
      236000000   5900000.00000

   Energies (kJ/mol)
           Bond       G96Angle        LJ (SR)   Coulomb (SR)      Potential
    1.52919e+04    2.82961e+03   -2.73775e+05   -2.84647e+03   -2.58500e+05
    Kinetic En.   Total Energy  Conserved En.    Temperature Pressure (bar)
    4.48023e+04   -2.13698e+05   -1.76224e+08    3.11590e+02    9.64145e+00

           Step           Time
      236400000   5910000.00000

   Energies (kJ/mol)
           Bond       G96Angle        LJ (SR)   Coulomb (SR)      Potential
    1.55028e+04    3.09460e+03   -2.73373e+05   -2.84915e+03   -2.57624e+05
    Kinetic En.   Total Energy  Conserved En.    Temperature Pressure (bar)
    4.45775e+04   -2.13047e+05   -1.76522e+08    3.10026e+02    6.42797e+00

Writing checkpoint, step 236474950 at Sat May 10 11:41:17 2025


           Step           Time
      236800000   5920000.00000

   Energies (kJ/mol)
           Bond       G96Angle        LJ (SR)   Coulomb (SR)      Potential
    1.48976e+04    2.95638e+03   -2.72978e+05   -2.75099e+03   -2.57875e+05
    Kinetic En.   Total Energy  Conserved En.    Temperature Pressure (bar)
    4.50312e+04   -2.12844e+05   -1.76821e+08    3.13182e+02    2.60637e+01

           Step           Time
      237200000   5930000.00000

   Energies (kJ/mol)
           Bond       G96Angle        LJ (SR)   Coulomb (SR)      Potential
    1.50936e+04    3.10131e+03   -2.73579e+05   -2.92157e+03   -2.58305e+05
    Kinetic En.   Total Energy  Conserved En.    Temperature Pressure (bar)
    4.45301e+04   -2.13775e+05   -1.77120e+08    3.09697e+02    1.31103e+01

           Step           Time
      237600000   5940000.00000

   Energies (kJ/mol)
           Bond       G96Angle        LJ (SR)   Coulomb (SR)      Potential
    1.49644e+04    2.96626e+03   -2.73333e+05   -2.87560e+03   -2.58278e+05
    Kinetic En.   Total Energy  Conserved En.    Temperature Pressure (bar)
    4.45289e+04   -2.13749e+05   -1.77418e+08    3.09688e+02    5.90848e+01

           Step           Time
      238000000   5950000.00000

   Energies (kJ/mol)
           Bond       G96Angle        LJ (SR)   Coulomb (SR)      Potential
    1.52543e+04    2.75800e+03   -2.73415e+05   -2.81540e+03   -2.58218e+05
    Kinetic En.   Total Energy  Conserved En.    Temperature Pressure (bar)
    4.50077e+04   -2.13210e+05   -1.77717e+08    3.13018e+02    9.66240e+00

           Step           Time
      238400000   5960000.00000

   Energies (kJ/mol)
           Bond       G96Angle        LJ (SR)   Coulomb (SR)      Potential
    1.52701e+04    2.93458e+03   -2.73672e+05   -2.84056e+03   -2.58308e+05
    Kinetic En.   Total Energy  Conserved En.    Temperature Pressure (bar)
    4.50779e+04   -2.13230e+05   -1.78015e+08    3.13506e+02   -2.99950e+01

           Step           Time
      238800000   5970000.00000

   Energies (kJ/mol)
           Bond       G96Angle        LJ (SR)   Coulomb (SR)      Potential
    1.52717e+04    2.98386e+03   -2.73440e+05   -2.92319e+03   -2.58108e+05
    Kinetic En.   Total Energy  Conserved En.    Temperature Pressure (bar)
    4.48427e+04   -2.13265e+05   -1.78314e+08    3.11871e+02   -2.67610e+00

Writing checkpoint, step 239104800 at Sat May 10 11:56:17 2025


           Step           Time
      239200000   5980000.00000

   Energies (kJ/mol)
           Bond       G96Angle        LJ (SR)   Coulomb (SR)      Potential
    1.53360e+04    2.99583e+03   -2.73647e+05   -2.88650e+03   -2.58201e+05
    Kinetic En.   Total Energy  Conserved En.    Temperature Pressure (bar)
    4.47512e+04   -2.13450e+05   -1.78613e+08    3.11234e+02   -2.64126e+01

           Step           Time
      239600000   5990000.00000

   Energies (kJ/mol)
           Bond       G96Angle        LJ (SR)   Coulomb (SR)      Potential
    1.52760e+04    3.00857e+03   -2.73324e+05   -2.89753e+03   -2.57937e+05
    Kinetic En.   Total Energy  Conserved En.    Temperature Pressure (bar)
    4.56446e+04   -2.12293e+05   -1.78912e+08    3.17448e+02    1.19883e+01

           Step           Time
      240000000   6000000.00000

   Energies (kJ/mol)
           Bond       G96Angle        LJ (SR)   Coulomb (SR)      Potential
    1.50762e+04    2.90446e+03   -2.73107e+05   -2.88059e+03   -2.58007e+05
    Kinetic En.   Total Energy  Conserved En.    Temperature Pressure (bar)
    4.55250e+04   -2.12482e+05   -1.79210e+08    3.16616e+02    4.28129e+00

           Step           Time
      240400000   6010000.00000

   Energies (kJ/mol)
           Bond       G96Angle        LJ (SR)   Coulomb (SR)      Potential
    1.50958e+04    3.00929e+03   -2.73711e+05   -2.92458e+03   -2.58531e+05
    Kinetic En.   Total Energy  Conserved En.    Temperature Pressure (bar)
    4.45547e+04   -2.13976e+05   -1.79509e+08    3.09868e+02   -1.89147e+01

           Step           Time
      240800000   6020000.00000

   Energies (kJ/mol)
           Bond       G96Angle        LJ (SR)   Coulomb (SR)      Potential
    1.50686e+04    2.82424e+03   -2.74088e+05   -2.82633e+03   -2.59022e+05
    Kinetic En.   Total Energy  Conserved En.    Temperature Pressure (bar)
    4.51718e+04   -2.13850e+05   -1.79807e+08    3.14159e+02    3.00685e+01

           Step           Time
      241200000   6030000.00000

   Energies (kJ/mol)
           Bond       G96Angle        LJ (SR)   Coulomb (SR)      Potential
    1.54356e+04    2.80894e+03   -2.74543e+05   -2.78165e+03   -2.59080e+05
    Kinetic En.   Total Energy  Conserved En.    Temperature Pressure (bar)
    4.44510e+04   -2.14629e+05   -1.80106e+08    3.09147e+02   -7.13830e+00

           Step           Time
      241600000   6040000.00000

   Energies (kJ/mol)
           Bond       G96Angle        LJ (SR)   Coulomb (SR)      Potential
    1.52475e+04    2.98838e+03   -2.74298e+05   -2.85403e+03   -2.58917e+05
    Kinetic En.   Total Energy  Conserved En.    Temperature Pressure (bar)
    4.52202e+04   -2.13696e+05   -1.80404e+08    3.14496e+02   -1.07946e+01

Writing checkpoint, step 241733475 at Sat May 10 12:11:17 2025


           Step           Time
      242000000   6050000.00000

   Energies (kJ/mol)
           Bond       G96Angle        LJ (SR)   Coulomb (SR)      Potential
    1.49566e+04    2.83492e+03   -2.73646e+05   -2.82645e+03   -2.58681e+05
    Kinetic En.   Total Energy  Conserved En.    Temperature Pressure (bar)
    4.53004e+04   -2.13381e+05   -1.80702e+08    3.15054e+02   -1.31560e+00

           Step           Time
      242400000   6060000.00000

   Energies (kJ/mol)
           Bond       G96Angle        LJ (SR)   Coulomb (SR)      Potential
    1.49906e+04    3.13757e+03   -2.74325e+05   -2.97632e+03   -2.59174e+05
    Kinetic En.   Total Energy  Conserved En.    Temperature Pressure (bar)
    4.48819e+04   -2.14292e+05   -1.81000e+08    3.12144e+02   -1.41857e+01

           Step           Time
      242800000   6070000.00000

   Energies (kJ/mol)
           Bond       G96Angle        LJ (SR)   Coulomb (SR)      Potential
    1.51629e+04    2.86100e+03   -2.73300e+05   -2.80505e+03   -2.58081e+05
    Kinetic En.   Total Energy  Conserved En.    Temperature Pressure (bar)
    4.44363e+04   -2.13645e+05   -1.81298e+08    3.09045e+02   -1.20111e+01

           Step           Time
      243200000   6080000.00000

   Energies (kJ/mol)
           Bond       G96Angle        LJ (SR)   Coulomb (SR)      Potential
    1.53218e+04    3.08931e+03   -2.73833e+05   -2.89392e+03   -2.58316e+05
    Kinetic En.   Total Energy  Conserved En.    Temperature Pressure (bar)
    4.47560e+04   -2.13560e+05   -1.81597e+08    3.11268e+02    9.35720e-01

           Step           Time
      243600000   6090000.00000

   Energies (kJ/mol)
           Bond       G96Angle        LJ (SR)   Coulomb (SR)      Potential
    1.52950e+04    2.91693e+03   -2.73908e+05   -2.87352e+03   -2.58569e+05
    Kinetic En.   Total Energy  Conserved En.    Temperature Pressure (bar)
    4.47532e+04   -2.13816e+05   -1.81894e+08    3.11248e+02   -7.19693e+00

           Step           Time
      244000000   6100000.00000

   Energies (kJ/mol)
           Bond       G96Angle        LJ (SR)   Coulomb (SR)      Potential
    1.53682e+04    2.93788e+03   -2.73160e+05   -2.90140e+03   -2.57755e+05
    Kinetic En.   Total Energy  Conserved En.    Temperature Pressure (bar)
    4.55539e+04   -2.12201e+05   -1.82193e+08    3.16817e+02   -9.09818e+00

Writing checkpoint, step 244364975 at Sat May 10 12:26:17 2025


           Step           Time
      244400000   6110000.00000

   Energies (kJ/mol)
           Bond       G96Angle        LJ (SR)   Coulomb (SR)      Potential
    1.51279e+04    2.95164e+03   -2.73101e+05   -2.84154e+03   -2.57863e+05
    Kinetic En.   Total Energy  Conserved En.    Temperature Pressure (bar)
    4.54669e+04   -2.12396e+05   -1.82491e+08    3.16212e+02    1.54886e+01

           Step           Time
      244800000   6120000.00000

   Energies (kJ/mol)
           Bond       G96Angle        LJ (SR)   Coulomb (SR)      Potential
    1.52153e+04    2.96472e+03   -2.73366e+05   -2.76961e+03   -2.57955e+05
    Kinetic En.   Total Energy  Conserved En.    Temperature Pressure (bar)
    4.46716e+04   -2.13284e+05   -1.82789e+08    3.10681e+02   -8.25126e+00

           Step           Time
      245200000   6130000.00000

   Energies (kJ/mol)
           Bond       G96Angle        LJ (SR)   Coulomb (SR)      Potential
    1.54158e+04    2.93784e+03   -2.73543e+05   -2.86854e+03   -2.58058e+05
    Kinetic En.   Total Energy  Conserved En.    Temperature Pressure (bar)
    4.57991e+04   -2.12259e+05   -1.83088e+08    3.18523e+02    3.68477e+01

           Step           Time
      245600000   6140000.00000

   Energies (kJ/mol)
           Bond       G96Angle        LJ (SR)   Coulomb (SR)      Potential
    1.50165e+04    3.06062e+03   -2.73382e+05   -2.96169e+03   -2.58266e+05
    Kinetic En.   Total Energy  Conserved En.    Temperature Pressure (bar)
    4.54311e+04   -2.12835e+05   -1.83387e+08    3.15963e+02   -2.24077e+00

           Step           Time
      246000000   6150000.00000

   Energies (kJ/mol)
           Bond       G96Angle        LJ (SR)   Coulomb (SR)      Potential
    1.52976e+04    2.87142e+03   -2.74668e+05   -3.01160e+03   -2.59510e+05
    Kinetic En.   Total Energy  Conserved En.    Temperature Pressure (bar)
    4.49815e+04   -2.14529e+05   -1.83685e+08    3.12836e+02   -1.36398e+01

           Step           Time
      246400000   6160000.00000

   Energies (kJ/mol)
           Bond       G96Angle        LJ (SR)   Coulomb (SR)      Potential
    1.51893e+04    2.94006e+03   -2.73221e+05   -2.87711e+03   -2.57969e+05
    Kinetic En.   Total Energy  Conserved En.    Temperature Pressure (bar)
    4.52622e+04   -2.12707e+05   -1.83984e+08    3.14788e+02    7.30349e+00

           Step           Time
      246800000   6170000.00000

   Energies (kJ/mol)
           Bond       G96Angle        LJ (SR)   Coulomb (SR)      Potential
    1.50977e+04    2.85609e+03   -2.74628e+05   -2.91662e+03   -2.59591e+05
    Kinetic En.   Total Energy  Conserved En.    Temperature Pressure (bar)
    4.49563e+04   -2.14635e+05   -1.84283e+08    3.12661e+02   -5.24271e+01

Writing checkpoint, step 246995850 at Sat May 10 12:41:17 2025


           Step           Time
      247200000   6180000.00000

   Energies (kJ/mol)
           Bond       G96Angle        LJ (SR)   Coulomb (SR)      Potential
    1.50585e+04    2.98182e+03   -2.72972e+05   -2.81662e+03   -2.57749e+05
    Kinetic En.   Total Energy  Conserved En.    Temperature Pressure (bar)
    4.59853e+04   -2.11763e+05   -1.84581e+08    3.19818e+02    3.20220e+01

           Step           Time
      247600000   6190000.00000

   Energies (kJ/mol)
           Bond       G96Angle        LJ (SR)   Coulomb (SR)      Potential
    1.55514e+04    3.01333e+03   -2.73410e+05   -2.93083e+03   -2.57776e+05
    Kinetic En.   Total Energy  Conserved En.    Temperature Pressure (bar)
    4.55510e+04   -2.12225e+05   -1.84879e+08    3.16797e+02    1.08688e+01

           Step           Time
      248000000   6200000.00000

   Energies (kJ/mol)
           Bond       G96Angle        LJ (SR)   Coulomb (SR)      Potential
    1.54939e+04    2.82794e+03   -2.73706e+05   -2.85032e+03   -2.58235e+05
    Kinetic En.   Total Energy  Conserved En.    Temperature Pressure (bar)
    4.53075e+04   -2.12927e+05   -1.85177e+08    3.15103e+02    1.55594e+01

           Step           Time
      248400000   6210000.00000

   Energies (kJ/mol)
           Bond       G96Angle        LJ (SR)   Coulomb (SR)      Potential
    1.51576e+04    2.89858e+03   -2.73705e+05   -2.82335e+03   -2.58472e+05
    Kinetic En.   Total Energy  Conserved En.    Temperature Pressure (bar)
    4.43598e+04   -2.14112e+05   -1.85476e+08    3.08512e+02    5.35515e+00

           Step           Time
      248800000   6220000.00000

   Energies (kJ/mol)
           Bond       G96Angle        LJ (SR)   Coulomb (SR)      Potential
    1.51376e+04    3.00060e+03   -2.74357e+05   -2.85738e+03   -2.59077e+05
    Kinetic En.   Total Energy  Conserved En.    Temperature Pressure (bar)
    4.48318e+04   -2.14245e+05   -1.85774e+08    3.11795e+02   -4.78785e+01

           Step           Time
      249200000   6230000.00000

   Energies (kJ/mol)
           Bond       G96Angle        LJ (SR)   Coulomb (SR)      Potential
    1.50696e+04    3.00019e+03   -2.72743e+05   -2.86715e+03   -2.57540e+05
    Kinetic En.   Total Energy  Conserved En.    Temperature Pressure (bar)
    4.51492e+04   -2.12391e+05   -1.86073e+08    3.14002e+02    3.97554e+01

           Step           Time
      249600000   6240000.00000

   Energies (kJ/mol)
           Bond       G96Angle        LJ (SR)   Coulomb (SR)      Potential
    1.51671e+04    2.93626e+03   -2.74368e+05   -2.94281e+03   -2.59207e+05
    Kinetic En.   Total Energy  Conserved En.    Temperature Pressure (bar)
    4.42139e+04   -2.14993e+05   -1.86371e+08    3.07498e+02    1.25845e+00

Writing checkpoint, step 249625625 at Sat May 10 12:56:17 2025


           Step           Time
      250000000   6250000.00000

   Energies (kJ/mol)
           Bond       G96Angle        LJ (SR)   Coulomb (SR)      Potential
    1.53150e+04    2.98403e+03   -2.74313e+05   -2.96086e+03   -2.58975e+05
    Kinetic En.   Total Energy  Conserved En.    Temperature Pressure (bar)
    4.49776e+04   -2.13997e+05   -1.86670e+08    3.12809e+02   -4.62606e+01

           Step           Time
      250400000   6260000.00000

   Energies (kJ/mol)
           Bond       G96Angle        LJ (SR)   Coulomb (SR)      Potential
    1.51696e+04    2.90341e+03   -2.73558e+05   -2.86752e+03   -2.58353e+05
    Kinetic En.   Total Energy  Conserved En.    Temperature Pressure (bar)
    4.47003e+04   -2.13652e+05   -1.86968e+08    3.10880e+02    4.57824e+01

           Step           Time
      250800000   6270000.00000

   Energies (kJ/mol)
           Bond       G96Angle        LJ (SR)   Coulomb (SR)      Potential
    1.52247e+04    3.00039e+03   -2.72770e+05   -2.89513e+03   -2.57440e+05
    Kinetic En.   Total Energy  Conserved En.    Temperature Pressure (bar)
    4.49468e+04   -2.12493e+05   -1.87266e+08    3.12595e+02    4.38983e+01

           Step           Time
      251200000   6280000.00000

   Energies (kJ/mol)
           Bond       G96Angle        LJ (SR)   Coulomb (SR)      Potential
    1.52200e+04    2.93624e+03   -2.73689e+05   -2.81529e+03   -2.58348e+05
    Kinetic En.   Total Energy  Conserved En.    Temperature Pressure (bar)
    4.50942e+04   -2.13254e+05   -1.87564e+08    3.13620e+02    3.41865e+01

           Step           Time
      251600000   6290000.00000

   Energies (kJ/mol)
           Bond       G96Angle        LJ (SR)   Coulomb (SR)      Potential
    1.52037e+04    2.91522e+03   -2.73957e+05   -2.84405e+03   -2.58682e+05
    Kinetic En.   Total Energy  Conserved En.    Temperature Pressure (bar)
    4.50554e+04   -2.13627e+05   -1.87862e+08    3.13350e+02   -2.25043e+01

           Step           Time
      252000000   6300000.00000

   Energies (kJ/mol)
           Bond       G96Angle        LJ (SR)   Coulomb (SR)      Potential
    1.48250e+04    3.01041e+03   -2.73534e+05   -2.86789e+03   -2.58567e+05
    Kinetic En.   Total Energy  Conserved En.    Temperature Pressure (bar)
    4.55992e+04   -2.12968e+05   -1.88161e+08    3.17132e+02   -2.55718e+01

Writing checkpoint, step 252256775 at Sat May 10 13:11:17 2025


           Step           Time
      252400000   6310000.00000

   Energies (kJ/mol)
           Bond       G96Angle        LJ (SR)   Coulomb (SR)      Potential
    1.52168e+04    2.88533e+03   -2.73339e+05   -2.88427e+03   -2.58121e+05
    Kinetic En.   Total Energy  Conserved En.    Temperature Pressure (bar)
    4.47745e+04   -2.13347e+05   -1.88459e+08    3.11397e+02    2.12251e+00

           Step           Time
      252800000   6320000.00000

   Energies (kJ/mol)
           Bond       G96Angle        LJ (SR)   Coulomb (SR)      Potential
    1.51131e+04    3.04646e+03   -2.73836e+05   -2.87502e+03   -2.58552e+05
    Kinetic En.   Total Energy  Conserved En.    Temperature Pressure (bar)
    4.49769e+04   -2.13575e+05   -1.88757e+08    3.12804e+02   -1.19944e+00

           Step           Time
      253200000   6330000.00000

   Energies (kJ/mol)
           Bond       G96Angle        LJ (SR)   Coulomb (SR)      Potential
    1.55019e+04    2.87329e+03   -2.73907e+05   -2.99565e+03   -2.58528e+05
    Kinetic En.   Total Energy  Conserved En.    Temperature Pressure (bar)
    4.57945e+04   -2.12733e+05   -1.89055e+08    3.18490e+02   -7.66625e+00

           Step           Time
      253600000   6340000.00000

   Energies (kJ/mol)
           Bond       G96Angle        LJ (SR)   Coulomb (SR)      Potential
    1.54135e+04    2.94524e+03   -2.73175e+05   -2.91784e+03   -2.57734e+05
    Kinetic En.   Total Energy  Conserved En.    Temperature Pressure (bar)
    4.56486e+04   -2.12086e+05   -1.89354e+08    3.17476e+02    4.46200e+00

           Step           Time
      254000000   6350000.00000

   Energies (kJ/mol)
           Bond       G96Angle        LJ (SR)   Coulomb (SR)      Potential
    1.52414e+04    3.03404e+03   -2.74156e+05   -2.83145e+03   -2.58712e+05
    Kinetic En.   Total Energy  Conserved En.    Temperature Pressure (bar)
    4.45118e+04   -2.14201e+05   -1.89653e+08    3.09569e+02    1.92628e+01

           Step           Time
      254400000   6360000.00000

   Energies (kJ/mol)
           Bond       G96Angle        LJ (SR)   Coulomb (SR)      Potential
    1.52113e+04    2.81014e+03   -2.73698e+05   -2.80498e+03   -2.58482e+05
    Kinetic En.   Total Energy  Conserved En.    Temperature Pressure (bar)
    4.49657e+04   -2.13516e+05   -1.89951e+08    3.12726e+02   -3.04195e+01

           Step           Time
      254800000   6370000.00000

   Energies (kJ/mol)
           Bond       G96Angle        LJ (SR)   Coulomb (SR)      Potential
    1.51947e+04    2.96860e+03   -2.73500e+05   -2.83899e+03   -2.58176e+05
    Kinetic En.   Total Energy  Conserved En.    Temperature Pressure (bar)
    4.47998e+04   -2.13376e+05   -1.90249e+08    3.11572e+02    8.12742e+00

Writing checkpoint, step 254887125 at Sat May 10 13:26:17 2025


           Step           Time
      255200000   6380000.00000

   Energies (kJ/mol)
           Bond       G96Angle        LJ (SR)   Coulomb (SR)      Potential
    1.49499e+04    2.99211e+03   -2.75030e+05   -2.93558e+03   -2.60023e+05
    Kinetic En.   Total Energy  Conserved En.    Temperature Pressure (bar)
    4.39526e+04   -2.16071e+05   -1.90548e+08    3.05680e+02   -3.07950e+01

           Step           Time
      255600000   6390000.00000

   Energies (kJ/mol)
           Bond       G96Angle        LJ (SR)   Coulomb (SR)      Potential
    1.56674e+04    2.98915e+03   -2.73605e+05   -2.80136e+03   -2.57750e+05
    Kinetic En.   Total Energy  Conserved En.    Temperature Pressure (bar)
    4.56943e+04   -2.12056e+05   -1.90846e+08    3.17794e+02    3.32295e+00

           Step           Time
      256000000   6400000.00000

   Energies (kJ/mol)
           Bond       G96Angle        LJ (SR)   Coulomb (SR)      Potential
    1.55273e+04    2.90098e+03   -2.72843e+05   -2.79298e+03   -2.57208e+05
    Kinetic En.   Total Energy  Conserved En.    Temperature Pressure (bar)
    4.51069e+04   -2.12101e+05   -1.91144e+08    3.13708e+02    1.91955e+01

           Step           Time
      256400000   6410000.00000

   Energies (kJ/mol)
           Bond       G96Angle        LJ (SR)   Coulomb (SR)      Potential
    1.53339e+04    2.99742e+03   -2.73978e+05   -2.88826e+03   -2.58535e+05
    Kinetic En.   Total Energy  Conserved En.    Temperature Pressure (bar)
    4.44687e+04   -2.14066e+05   -1.91443e+08    3.09270e+02   -4.07257e+01

           Step           Time
      256800000   6420000.00000

   Energies (kJ/mol)
           Bond       G96Angle        LJ (SR)   Coulomb (SR)      Potential
    1.56378e+04    3.02508e+03   -2.73317e+05   -2.74314e+03   -2.57397e+05
    Kinetic En.   Total Energy  Conserved En.    Temperature Pressure (bar)
    4.55625e+04   -2.11835e+05   -1.91741e+08    3.16877e+02   -2.12895e-01

           Step           Time
      257200000   6430000.00000

   Energies (kJ/mol)
           Bond       G96Angle        LJ (SR)   Coulomb (SR)      Potential
    1.52934e+04    2.91110e+03   -2.74374e+05   -2.89248e+03   -2.59062e+05
    Kinetic En.   Total Energy  Conserved En.    Temperature Pressure (bar)
    4.45305e+04   -2.14531e+05   -1.92040e+08    3.09700e+02   -2.89762e+01

Writing checkpoint, step 257515825 at Sat May 10 13:41:17 2025


           Step           Time
      257600000   6440000.00000

   Energies (kJ/mol)
           Bond       G96Angle        LJ (SR)   Coulomb (SR)      Potential
    1.50773e+04    2.93548e+03   -2.74006e+05   -2.86739e+03   -2.58861e+05
    Kinetic En.   Total Energy  Conserved En.    Temperature Pressure (bar)
    4.43128e+04   -2.14548e+05   -1.92338e+08    3.08185e+02   -7.81096e+01

           Step           Time
      258000000   6450000.00000

   Energies (kJ/mol)
           Bond       G96Angle        LJ (SR)   Coulomb (SR)      Potential
    1.51432e+04    2.95019e+03   -2.73949e+05   -2.85721e+03   -2.58713e+05
    Kinetic En.   Total Energy  Conserved En.    Temperature Pressure (bar)
    4.48175e+04   -2.13895e+05   -1.92636e+08    3.11695e+02    1.79068e+01

           Step           Time
      258400000   6460000.00000

   Energies (kJ/mol)
           Bond       G96Angle        LJ (SR)   Coulomb (SR)      Potential
    1.53670e+04    2.88087e+03   -2.73612e+05   -3.02031e+03   -2.58385e+05
    Kinetic En.   Total Energy  Conserved En.    Temperature Pressure (bar)
    4.48294e+04   -2.13555e+05   -1.92934e+08    3.11779e+02   -2.93878e+01

           Step           Time
      258800000   6470000.00000

   Energies (kJ/mol)
           Bond       G96Angle        LJ (SR)   Coulomb (SR)      Potential
    1.52544e+04    3.00659e+03   -2.73854e+05   -2.93891e+03   -2.58532e+05
    Kinetic En.   Total Energy  Conserved En.    Temperature Pressure (bar)
    4.47718e+04   -2.13760e+05   -1.93232e+08    3.11377e+02   -3.79781e+01

           Step           Time
      259200000   6480000.00000

   Energies (kJ/mol)
           Bond       G96Angle        LJ (SR)   Coulomb (SR)      Potential
    1.51892e+04    2.94649e+03   -2.74280e+05   -2.87038e+03   -2.59014e+05
    Kinetic En.   Total Energy  Conserved En.    Temperature Pressure (bar)
    4.50025e+04   -2.14012e+05   -1.93531e+08    3.12982e+02   -4.24984e+01

           Step           Time
      259600000   6490000.00000

   Energies (kJ/mol)
           Bond       G96Angle        LJ (SR)   Coulomb (SR)      Potential
    1.51359e+04    2.96173e+03   -2.72816e+05   -2.81198e+03   -2.57530e+05
    Kinetic En.   Total Energy  Conserved En.    Temperature Pressure (bar)
    4.52602e+04   -2.12270e+05   -1.93829e+08    3.14775e+02    4.85971e+01

           Step           Time
      260000000   6500000.00000

   Energies (kJ/mol)
           Bond       G96Angle        LJ (SR)   Coulomb (SR)      Potential
    1.52436e+04    2.94605e+03   -2.74336e+05   -2.81182e+03   -2.58959e+05
    Kinetic En.   Total Energy  Conserved En.    Temperature Pressure (bar)
    4.43492e+04   -2.14609e+05   -1.94128e+08    3.08439e+02   -1.05911e+01

Writing checkpoint, step 260146250 at Sat May 10 13:56:17 2025


           Step           Time
      260400000   6510000.00000

   Energies (kJ/mol)
           Bond       G96Angle        LJ (SR)   Coulomb (SR)      Potential
    1.53200e+04    2.89140e+03   -2.73858e+05   -2.88616e+03   -2.58533e+05
    Kinetic En.   Total Energy  Conserved En.    Temperature Pressure (bar)
    4.44950e+04   -2.14038e+05   -1.94427e+08    3.09453e+02    8.66060e+00

           Step           Time
      260800000   6520000.00000

   Energies (kJ/mol)
           Bond       G96Angle        LJ (SR)   Coulomb (SR)      Potential
    1.56459e+04    3.02801e+03   -2.72852e+05   -2.92594e+03   -2.57104e+05
    Kinetic En.   Total Energy  Conserved En.    Temperature Pressure (bar)
    4.70430e+04   -2.10061e+05   -1.94725e+08    3.27173e+02    5.09831e+01

           Step           Time
      261200000   6530000.00000

   Energies (kJ/mol)
           Bond       G96Angle        LJ (SR)   Coulomb (SR)      Potential
    1.51721e+04    2.96584e+03   -2.73951e+05   -2.79842e+03   -2.58611e+05
    Kinetic En.   Total Energy  Conserved En.    Temperature Pressure (bar)
    4.49049e+04   -2.13706e+05   -1.95024e+08    3.12303e+02    8.53649e-01

           Step           Time
      261600000   6540000.00000

   Energies (kJ/mol)
           Bond       G96Angle        LJ (SR)   Coulomb (SR)      Potential
    1.52356e+04    3.19028e+03   -2.73525e+05   -2.80935e+03   -2.57909e+05
    Kinetic En.   Total Energy  Conserved En.    Temperature Pressure (bar)
    4.54032e+04   -2.12506e+05   -1.95322e+08    3.15769e+02   -9.34057e+00

           Step           Time
      262000000   6550000.00000

   Energies (kJ/mol)
           Bond       G96Angle        LJ (SR)   Coulomb (SR)      Potential
    1.56881e+04    3.07768e+03   -2.72768e+05   -2.80321e+03   -2.56805e+05
    Kinetic En.   Total Energy  Conserved En.    Temperature Pressure (bar)
    4.55448e+04   -2.11260e+05   -1.95620e+08    3.16754e+02   -6.96141e+00

           Step           Time
      262400000   6560000.00000

   Energies (kJ/mol)
           Bond       G96Angle        LJ (SR)   Coulomb (SR)      Potential
    1.49389e+04    2.89414e+03   -2.72645e+05   -2.79226e+03   -2.57604e+05
    Kinetic En.   Total Energy  Conserved En.    Temperature Pressure (bar)
    4.47077e+04   -2.12897e+05   -1.95918e+08    3.10932e+02    2.23163e+01

Writing checkpoint, step 262775575 at Sat May 10 14:11:17 2025


           Step           Time
      262800000   6570000.00000

   Energies (kJ/mol)
           Bond       G96Angle        LJ (SR)   Coulomb (SR)      Potential
    1.50768e+04    2.99890e+03   -2.73946e+05   -2.84606e+03   -2.58716e+05
    Kinetic En.   Total Energy  Conserved En.    Temperature Pressure (bar)
    4.43553e+04   -2.14361e+05   -1.96216e+08    3.08481e+02   -7.91858e+01

           Step           Time
      263200000   6580000.00000

   Energies (kJ/mol)
           Bond       G96Angle        LJ (SR)   Coulomb (SR)      Potential
    1.51704e+04    2.85175e+03   -2.72705e+05   -2.90478e+03   -2.57588e+05
    Kinetic En.   Total Energy  Conserved En.    Temperature Pressure (bar)
    4.49360e+04   -2.12652e+05   -1.96514e+08    3.12520e+02    1.09424e+01

           Step           Time
      263600000   6590000.00000

   Energies (kJ/mol)
           Bond       G96Angle        LJ (SR)   Coulomb (SR)      Potential
    1.52662e+04    2.89626e+03   -2.74375e+05   -2.92298e+03   -2.59135e+05
    Kinetic En.   Total Energy  Conserved En.    Temperature Pressure (bar)
    4.41672e+04   -2.14968e+05   -1.96813e+08    3.07173e+02   -7.50220e+00

           Step           Time
      264000000   6600000.00000

   Energies (kJ/mol)
           Bond       G96Angle        LJ (SR)   Coulomb (SR)      Potential
    1.51691e+04    2.96206e+03   -2.73986e+05   -2.89941e+03   -2.58754e+05
    Kinetic En.   Total Energy  Conserved En.    Temperature Pressure (bar)
    4.44718e+04   -2.14282e+05   -1.97112e+08    3.09292e+02   -1.49552e+01

           Step           Time
      264400000   6610000.00000

   Energies (kJ/mol)
           Bond       G96Angle        LJ (SR)   Coulomb (SR)      Potential
    1.49769e+04    2.89447e+03   -2.73538e+05   -2.90188e+03   -2.58569e+05
    Kinetic En.   Total Energy  Conserved En.    Temperature Pressure (bar)
    4.44889e+04   -2.14080e+05   -1.97410e+08    3.09411e+02    8.40101e+00

           Step           Time
      264800000   6620000.00000

   Energies (kJ/mol)
           Bond       G96Angle        LJ (SR)   Coulomb (SR)      Potential
    1.51344e+04    2.94508e+03   -2.73598e+05   -2.88637e+03   -2.58405e+05
    Kinetic En.   Total Energy  Conserved En.    Temperature Pressure (bar)
    4.48274e+04   -2.13577e+05   -1.97708e+08    3.11764e+02    3.10689e+01

           Step           Time
      265200000   6630000.00000

   Energies (kJ/mol)
           Bond       G96Angle        LJ (SR)   Coulomb (SR)      Potential
    1.54429e+04    2.92380e+03   -2.73038e+05   -2.90092e+03   -2.57572e+05
    Kinetic En.   Total Energy  Conserved En.    Temperature Pressure (bar)
    4.57401e+04   -2.11832e+05   -1.98007e+08    3.18112e+02    2.92109e+01

Writing checkpoint, step 265404875 at Sat May 10 14:26:17 2025


           Step           Time
      265600000   6640000.00000

   Energies (kJ/mol)
           Bond       G96Angle        LJ (SR)   Coulomb (SR)      Potential
    1.50199e+04    3.02031e+03   -2.72825e+05   -2.81062e+03   -2.57595e+05
    Kinetic En.   Total Energy  Conserved En.    Temperature Pressure (bar)
    4.43785e+04   -2.13217e+05   -1.98305e+08    3.08642e+02    3.37086e+01

           Step           Time
      266000000   6650000.00000

   Energies (kJ/mol)
           Bond       G96Angle        LJ (SR)   Coulomb (SR)      Potential
    1.49315e+04    2.85797e+03   -2.73672e+05   -2.78107e+03   -2.58663e+05
    Kinetic En.   Total Energy  Conserved En.    Temperature Pressure (bar)
    4.35351e+04   -2.15128e+05   -1.98603e+08    3.02777e+02   -9.63957e-01

           Step           Time
      266400000   6660000.00000

   Energies (kJ/mol)
           Bond       G96Angle        LJ (SR)   Coulomb (SR)      Potential
    1.52529e+04    3.01420e+03   -2.74802e+05   -2.84453e+03   -2.59380e+05
    Kinetic En.   Total Energy  Conserved En.    Temperature Pressure (bar)
    4.46251e+04   -2.14755e+05   -1.98902e+08    3.10357e+02   -4.67994e+01

           Step           Time
      266800000   6670000.00000

   Energies (kJ/mol)
           Bond       G96Angle        LJ (SR)   Coulomb (SR)      Potential
    1.51070e+04    2.97339e+03   -2.73662e+05   -2.91393e+03   -2.58495e+05
    Kinetic En.   Total Energy  Conserved En.    Temperature Pressure (bar)
    4.54005e+04   -2.13095e+05   -1.99200e+08    3.15750e+02    1.97241e+01

           Step           Time
      267200000   6680000.00000

   Energies (kJ/mol)
           Bond       G96Angle        LJ (SR)   Coulomb (SR)      Potential
    1.51228e+04    2.88315e+03   -2.74292e+05   -2.91801e+03   -2.59204e+05
    Kinetic En.   Total Energy  Conserved En.    Temperature Pressure (bar)
    4.45467e+04   -2.14657e+05   -1.99499e+08    3.09812e+02   -1.40434e+01

           Step           Time
      267600000   6690000.00000

   Energies (kJ/mol)
           Bond       G96Angle        LJ (SR)   Coulomb (SR)      Potential
    1.51294e+04    3.05308e+03   -2.73342e+05   -2.92927e+03   -2.58089e+05
    Kinetic En.   Total Energy  Conserved En.    Temperature Pressure (bar)
    4.48920e+04   -2.13197e+05   -1.99798e+08    3.12213e+02    3.24889e+01

           Step           Time
      268000000   6700000.00000

   Energies (kJ/mol)
           Bond       G96Angle        LJ (SR)   Coulomb (SR)      Potential
    1.50966e+04    2.94502e+03   -2.73598e+05   -2.98827e+03   -2.58545e+05
    Kinetic En.   Total Energy  Conserved En.    Temperature Pressure (bar)
    4.44414e+04   -2.14103e+05   -2.00096e+08    3.09080e+02   -1.52010e+01

Writing checkpoint, step 268032325 at Sat May 10 14:41:17 2025


           Step           Time
      268400000   6710000.00000

   Energies (kJ/mol)
           Bond       G96Angle        LJ (SR)   Coulomb (SR)      Potential
    1.50593e+04    2.87930e+03   -2.73453e+05   -2.84463e+03   -2.58359e+05
    Kinetic En.   Total Energy  Conserved En.    Temperature Pressure (bar)
    4.50192e+04   -2.13340e+05   -2.00395e+08    3.13098e+02    3.84062e+00

           Step           Time
      268800000   6720000.00000

   Energies (kJ/mol)
           Bond       G96Angle        LJ (SR)   Coulomb (SR)      Potential
    1.51992e+04    3.05821e+03   -2.73044e+05   -2.93448e+03   -2.57721e+05
    Kinetic En.   Total Energy  Conserved En.    Temperature Pressure (bar)
    4.53214e+04   -2.12400e+05   -2.00693e+08    3.15200e+02    6.15184e+00

           Step           Time
      269200000   6730000.00000

   Energies (kJ/mol)
           Bond       G96Angle        LJ (SR)   Coulomb (SR)      Potential
    1.50295e+04    2.89897e+03   -2.73868e+05   -2.75569e+03   -2.58695e+05
    Kinetic En.   Total Energy  Conserved En.    Temperature Pressure (bar)
    4.45463e+04   -2.14149e+05   -2.00991e+08    3.09809e+02   -1.60282e+01

           Step           Time
      269600000   6740000.00000

   Energies (kJ/mol)
           Bond       G96Angle        LJ (SR)   Coulomb (SR)      Potential
    1.50435e+04    2.91847e+03   -2.74189e+05   -2.99078e+03   -2.59218e+05
    Kinetic En.   Total Energy  Conserved En.    Temperature Pressure (bar)
    4.51858e+04   -2.14032e+05   -2.01289e+08    3.14257e+02    1.28713e+01

           Step           Time
      270000000   6750000.00000

   Energies (kJ/mol)
           Bond       G96Angle        LJ (SR)   Coulomb (SR)      Potential
    1.54051e+04    2.92702e+03   -2.73712e+05   -2.85925e+03   -2.58239e+05
    Kinetic En.   Total Energy  Conserved En.    Temperature Pressure (bar)
    4.49514e+04   -2.13287e+05   -2.01587e+08    3.12627e+02    4.85086e+00

           Step           Time
      270400000   6760000.00000

   Energies (kJ/mol)
           Bond       G96Angle        LJ (SR)   Coulomb (SR)      Potential
    1.52751e+04    2.84597e+03   -2.74273e+05   -2.81578e+03   -2.58968e+05
    Kinetic En.   Total Energy  Conserved En.    Temperature Pressure (bar)
    4.46364e+04   -2.14331e+05   -2.01886e+08    3.10436e+02   -7.58493e+01

Writing checkpoint, step 270659150 at Sat May 10 14:56:17 2025


           Step           Time
      270800000   6770000.00000

   Energies (kJ/mol)
           Bond       G96Angle        LJ (SR)   Coulomb (SR)      Potential
    1.50661e+04    2.93504e+03   -2.73883e+05   -2.89537e+03   -2.58777e+05
    Kinetic En.   Total Energy  Conserved En.    Temperature Pressure (bar)
    4.44162e+04   -2.14361e+05   -2.02184e+08    3.08905e+02   -2.04467e+01

           Step           Time
      271200000   6780000.00000

   Energies (kJ/mol)
           Bond       G96Angle        LJ (SR)   Coulomb (SR)      Potential
    1.52338e+04    2.95628e+03   -2.74027e+05   -2.92227e+03   -2.58759e+05
    Kinetic En.   Total Energy  Conserved En.    Temperature Pressure (bar)
    4.53143e+04   -2.13445e+05   -2.02482e+08    3.15151e+02   -8.08528e+00

           Step           Time
      271600000   6790000.00000

   Energies (kJ/mol)
           Bond       G96Angle        LJ (SR)   Coulomb (SR)      Potential
    1.52549e+04    2.91867e+03   -2.73714e+05   -2.89776e+03   -2.58438e+05
    Kinetic En.   Total Energy  Conserved En.    Temperature Pressure (bar)
    4.50505e+04   -2.13388e+05   -2.02780e+08    3.13316e+02   -1.62555e+01

           Step           Time
      272000000   6800000.00000

   Energies (kJ/mol)
           Bond       G96Angle        LJ (SR)   Coulomb (SR)      Potential
    1.52988e+04    2.99364e+03   -2.73318e+05   -2.89996e+03   -2.57925e+05
    Kinetic En.   Total Energy  Conserved En.    Temperature Pressure (bar)
    4.51222e+04   -2.12803e+05   -2.03079e+08    3.13815e+02   -1.45335e+01

           Step           Time
      272400000   6810000.00000

   Energies (kJ/mol)
           Bond       G96Angle        LJ (SR)   Coulomb (SR)      Potential
    1.49935e+04    2.88084e+03   -2.73764e+05   -2.93583e+03   -2.58825e+05
    Kinetic En.   Total Energy  Conserved En.    Temperature Pressure (bar)
    4.43656e+04   -2.14460e+05   -2.03377e+08    3.08553e+02    1.69764e+01

           Step           Time
      272800000   6820000.00000

   Energies (kJ/mol)
           Bond       G96Angle        LJ (SR)   Coulomb (SR)      Potential
    1.53140e+04    2.95474e+03   -2.74606e+05   -2.91256e+03   -2.59250e+05
    Kinetic En.   Total Energy  Conserved En.    Temperature Pressure (bar)
    4.48443e+04   -2.14406e+05   -2.03676e+08    3.11882e+02   -5.15145e+01

           Step           Time
      273200000   6830000.00000

   Energies (kJ/mol)
           Bond       G96Angle        LJ (SR)   Coulomb (SR)      Potential
    1.52764e+04    2.88884e+03   -2.73836e+05   -2.90593e+03   -2.58576e+05
    Kinetic En.   Total Energy  Conserved En.    Temperature Pressure (bar)
    4.50780e+04   -2.13498e+05   -2.03974e+08    3.13507e+02   -1.35341e+01

Writing checkpoint, step 273291350 at Sat May 10 15:11:17 2025


           Step           Time
      273600000   6840000.00000

   Energies (kJ/mol)
           Bond       G96Angle        LJ (SR)   Coulomb (SR)      Potential
    1.50825e+04    2.87346e+03   -2.73502e+05   -2.88100e+03   -2.58427e+05
    Kinetic En.   Total Energy  Conserved En.    Temperature Pressure (bar)
    4.45709e+04   -2.13856e+05   -2.04273e+08    3.09980e+02   -3.25648e+01

           Step           Time
      274000000   6850000.00000

   Energies (kJ/mol)
           Bond       G96Angle        LJ (SR)   Coulomb (SR)      Potential
    1.49654e+04    2.93698e+03   -2.73182e+05   -2.96461e+03   -2.58244e+05
    Kinetic En.   Total Energy  Conserved En.    Temperature Pressure (bar)
    4.56068e+04   -2.12637e+05   -2.04572e+08    3.17185e+02    1.03566e+01

           Step           Time
      274400000   6860000.00000

   Energies (kJ/mol)
           Bond       G96Angle        LJ (SR)   Coulomb (SR)      Potential
    1.55319e+04    3.02273e+03   -2.73644e+05   -2.92433e+03   -2.58013e+05
    Kinetic En.   Total Energy  Conserved En.    Temperature Pressure (bar)
    4.61102e+04   -2.11903e+05   -2.04870e+08    3.20686e+02   -6.57569e+00

           Step           Time
      274800000   6870000.00000

   Energies (kJ/mol)
           Bond       G96Angle        LJ (SR)   Coulomb (SR)      Potential
    1.49330e+04    2.80515e+03   -2.73765e+05   -2.81961e+03   -2.58847e+05
    Kinetic En.   Total Energy  Conserved En.    Temperature Pressure (bar)
    4.51049e+04   -2.13742e+05   -2.05168e+08    3.13694e+02    5.22243e+01

           Step           Time
      275200000   6880000.00000

   Energies (kJ/mol)
           Bond       G96Angle        LJ (SR)   Coulomb (SR)      Potential
    1.48973e+04    2.97647e+03   -2.73526e+05   -2.88982e+03   -2.58542e+05
    Kinetic En.   Total Energy  Conserved En.    Temperature Pressure (bar)
    4.42778e+04   -2.14264e+05   -2.05467e+08    3.07942e+02    4.08203e+00

           Step           Time
      275600000   6890000.00000

   Energies (kJ/mol)
           Bond       G96Angle        LJ (SR)   Coulomb (SR)      Potential
    1.51162e+04    3.07259e+03   -2.74199e+05   -2.85471e+03   -2.58865e+05
    Kinetic En.   Total Energy  Conserved En.    Temperature Pressure (bar)
    4.46505e+04   -2.14215e+05   -2.05765e+08    3.10534e+02   -5.15232e+01

Writing checkpoint, step 275921075 at Sat May 10 15:26:17 2025


           Step           Time
      276000000   6900000.00000

   Energies (kJ/mol)
           Bond       G96Angle        LJ (SR)   Coulomb (SR)      Potential
    1.50775e+04    2.91923e+03   -2.74310e+05   -2.80504e+03   -2.59118e+05
    Kinetic En.   Total Energy  Conserved En.    Temperature Pressure (bar)
    4.47764e+04   -2.14341e+05   -2.06064e+08    3.11409e+02    8.80507e+00

           Step           Time
      276400000   6910000.00000

   Energies (kJ/mol)
           Bond       G96Angle        LJ (SR)   Coulomb (SR)      Potential
    1.51850e+04    2.92315e+03   -2.73221e+05   -2.85042e+03   -2.57964e+05
    Kinetic En.   Total Energy  Conserved En.    Temperature Pressure (bar)
    4.53165e+04   -2.12647e+05   -2.06363e+08    3.15166e+02    3.23323e+01

           Step           Time
      276800000   6920000.00000

   Energies (kJ/mol)
           Bond       G96Angle        LJ (SR)   Coulomb (SR)      Potential
    1.53198e+04    2.97053e+03   -2.73649e+05   -2.89207e+03   -2.58251e+05
    Kinetic En.   Total Energy  Conserved En.    Temperature Pressure (bar)
    4.53815e+04   -2.12869e+05   -2.06661e+08    3.15618e+02    5.59636e+00

           Step           Time
      277200000   6930000.00000

   Energies (kJ/mol)
           Bond       G96Angle        LJ (SR)   Coulomb (SR)      Potential
    1.51169e+04    2.93127e+03   -2.73021e+05   -2.92079e+03   -2.57894e+05
    Kinetic En.   Total Energy  Conserved En.    Temperature Pressure (bar)
    4.50736e+04   -2.12820e+05   -2.06960e+08    3.13477e+02    6.46398e+00

           Step           Time
      277600000   6940000.00000

   Energies (kJ/mol)
           Bond       G96Angle        LJ (SR)   Coulomb (SR)      Potential
    1.51683e+04    2.98092e+03   -2.73206e+05   -2.92009e+03   -2.57976e+05
    Kinetic En.   Total Energy  Conserved En.    Temperature Pressure (bar)
    4.45641e+04   -2.13412e+05   -2.07258e+08    3.09933e+02    6.26447e+01

           Step           Time
      278000000   6950000.00000

   Energies (kJ/mol)
           Bond       G96Angle        LJ (SR)   Coulomb (SR)      Potential
    1.50525e+04    2.88302e+03   -2.73797e+05   -2.79299e+03   -2.58655e+05
    Kinetic En.   Total Energy  Conserved En.    Temperature Pressure (bar)
    4.53542e+04   -2.13300e+05   -2.07557e+08    3.15428e+02    4.81865e+01

           Step           Time
      278400000   6960000.00000

   Energies (kJ/mol)
           Bond       G96Angle        LJ (SR)   Coulomb (SR)      Potential
    1.50034e+04    2.81163e+03   -2.73283e+05   -2.89483e+03   -2.58363e+05
    Kinetic En.   Total Energy  Conserved En.    Temperature Pressure (bar)
    4.46872e+04   -2.13676e+05   -2.07855e+08    3.10789e+02    1.27531e+01

Writing checkpoint, step 278549450 at Sat May 10 15:41:17 2025


           Step           Time
      278800000   6970000.00000

   Energies (kJ/mol)
           Bond       G96Angle        LJ (SR)   Coulomb (SR)      Potential
    1.53012e+04    2.87397e+03   -2.74063e+05   -2.90369e+03   -2.58791e+05
    Kinetic En.   Total Energy  Conserved En.    Temperature Pressure (bar)
    4.46015e+04   -2.14190e+05   -2.08153e+08    3.10193e+02   -2.27442e+01

           Step           Time
      279200000   6980000.00000

   Energies (kJ/mol)
           Bond       G96Angle        LJ (SR)   Coulomb (SR)      Potential
    1.52635e+04    2.88737e+03   -2.74287e+05   -2.93620e+03   -2.59072e+05
    Kinetic En.   Total Energy  Conserved En.    Temperature Pressure (bar)
    4.47475e+04   -2.14325e+05   -2.08452e+08    3.11209e+02   -7.48840e+00

           Step           Time
      279600000   6990000.00000

   Energies (kJ/mol)
           Bond       G96Angle        LJ (SR)   Coulomb (SR)      Potential
    1.50482e+04    3.09695e+03   -2.74151e+05   -2.94291e+03   -2.58949e+05
    Kinetic En.   Total Energy  Conserved En.    Temperature Pressure (bar)
    4.51000e+04   -2.13849e+05   -2.08750e+08    3.13660e+02   -4.93471e+01

           Step           Time
      280000000   7000000.00000

   Energies (kJ/mol)
           Bond       G96Angle        LJ (SR)   Coulomb (SR)      Potential
    1.52185e+04    3.03647e+03   -2.73408e+05   -3.00463e+03   -2.58157e+05
    Kinetic En.   Total Energy  Conserved En.    Temperature Pressure (bar)
    4.51846e+04   -2.12973e+05   -2.09049e+08    3.14249e+02    3.85190e+01

           Step           Time
      280400000   7010000.00000

   Energies (kJ/mol)
           Bond       G96Angle        LJ (SR)   Coulomb (SR)      Potential
    1.53383e+04    2.92318e+03   -2.73126e+05   -2.88007e+03   -2.57745e+05
    Kinetic En.   Total Energy  Conserved En.    Temperature Pressure (bar)
    4.50977e+04   -2.12647e+05   -2.09347e+08    3.13644e+02    3.32413e+01

           Step           Time
      280800000   7020000.00000

   Energies (kJ/mol)
           Bond       G96Angle        LJ (SR)   Coulomb (SR)      Potential
    1.48760e+04    2.90242e+03   -2.74194e+05   -2.85723e+03   -2.59273e+05
    Kinetic En.   Total Energy  Conserved En.    Temperature Pressure (bar)
    4.46686e+04   -2.14604e+05   -2.09646e+08    3.10660e+02   -2.97032e+01

Writing checkpoint, step 281178450 at Sat May 10 15:56:17 2025


           Step           Time
      281200000   7030000.00000

   Energies (kJ/mol)
           Bond       G96Angle        LJ (SR)   Coulomb (SR)      Potential
    1.53150e+04    2.95102e+03   -2.74457e+05   -2.87414e+03   -2.59065e+05
    Kinetic En.   Total Energy  Conserved En.    Temperature Pressure (bar)
    4.50205e+04   -2.14045e+05   -2.09944e+08    3.13107e+02    4.10286e+01

           Step           Time
      281600000   7040000.00000

   Energies (kJ/mol)
           Bond       G96Angle        LJ (SR)   Coulomb (SR)      Potential
    1.48538e+04    3.01489e+03   -2.72899e+05   -2.87044e+03   -2.57901e+05
    Kinetic En.   Total Energy  Conserved En.    Temperature Pressure (bar)
    4.50138e+04   -2.12887e+05   -2.10242e+08    3.13061e+02    3.70649e+01

           Step           Time
      282000000   7050000.00000

   Energies (kJ/mol)
           Bond       G96Angle        LJ (SR)   Coulomb (SR)      Potential
    1.51514e+04    2.99280e+03   -2.74453e+05   -2.78179e+03   -2.59090e+05
    Kinetic En.   Total Energy  Conserved En.    Temperature Pressure (bar)
    4.48226e+04   -2.14268e+05   -2.10541e+08    3.11731e+02   -2.47497e+01

           Step           Time
      282400000   7060000.00000

   Energies (kJ/mol)
           Bond       G96Angle        LJ (SR)   Coulomb (SR)      Potential
    1.47908e+04    2.90564e+03   -2.73762e+05   -2.93355e+03   -2.58999e+05
    Kinetic En.   Total Energy  Conserved En.    Temperature Pressure (bar)
    4.45461e+04   -2.14453e+05   -2.10839e+08    3.09808e+02   -4.21185e+01

           Step           Time
      282800000   7070000.00000

   Energies (kJ/mol)
           Bond       G96Angle        LJ (SR)   Coulomb (SR)      Potential
    1.55290e+04    2.92284e+03   -2.73902e+05   -2.86792e+03   -2.58319e+05
    Kinetic En.   Total Energy  Conserved En.    Temperature Pressure (bar)
    4.56082e+04   -2.12710e+05   -2.11138e+08    3.17195e+02   -1.94050e+01

           Step           Time
      283200000   7080000.00000

   Energies (kJ/mol)
           Bond       G96Angle        LJ (SR)   Coulomb (SR)      Potential
    1.50423e+04    2.95515e+03   -2.72948e+05   -2.93084e+03   -2.57882e+05
    Kinetic En.   Total Energy  Conserved En.    Temperature Pressure (bar)
    4.40493e+04   -2.13833e+05   -2.11436e+08    3.06353e+02    1.65205e+01

           Step           Time
      283600000   7090000.00000

   Energies (kJ/mol)
           Bond       G96Angle        LJ (SR)   Coulomb (SR)      Potential
    1.51629e+04    2.94964e+03   -2.73061e+05   -2.99998e+03   -2.57948e+05
    Kinetic En.   Total Energy  Conserved En.    Temperature Pressure (bar)
    4.57653e+04   -2.12183e+05   -2.11734e+08    3.18287e+02    4.21531e+01

Writing checkpoint, step 283808725 at Sat May 10 16:11:17 2025


           Step           Time
      284000000   7100000.00000

   Energies (kJ/mol)
           Bond       G96Angle        LJ (SR)   Coulomb (SR)      Potential
    1.50561e+04    2.88261e+03   -2.73092e+05   -2.92014e+03   -2.58073e+05
    Kinetic En.   Total Energy  Conserved En.    Temperature Pressure (bar)
    4.50163e+04   -2.13057e+05   -2.12032e+08    3.13078e+02    4.72051e+01

           Step           Time
      284400000   7110000.00000

   Energies (kJ/mol)
           Bond       G96Angle        LJ (SR)   Coulomb (SR)      Potential
    1.55405e+04    2.93768e+03   -2.73637e+05   -3.03590e+03   -2.58194e+05
    Kinetic En.   Total Energy  Conserved En.    Temperature Pressure (bar)
    4.50739e+04   -2.13121e+05   -2.12331e+08    3.13478e+02    1.86641e+01

           Step           Time
      284800000   7120000.00000

   Energies (kJ/mol)
           Bond       G96Angle        LJ (SR)   Coulomb (SR)      Potential
    1.56832e+04    3.00386e+03   -2.73959e+05   -2.90328e+03   -2.58175e+05
    Kinetic En.   Total Energy  Conserved En.    Temperature Pressure (bar)
    4.48570e+04   -2.13318e+05   -2.12629e+08    3.11970e+02   -1.31049e+01

           Step           Time
      285200000   7130000.00000

   Energies (kJ/mol)
           Bond       G96Angle        LJ (SR)   Coulomb (SR)      Potential
    1.49645e+04    3.08503e+03   -2.73744e+05   -2.87771e+03   -2.58573e+05
    Kinetic En.   Total Energy  Conserved En.    Temperature Pressure (bar)
    4.48469e+04   -2.13726e+05   -2.12928e+08    3.11900e+02    1.76739e+01

           Step           Time
      285600000   7140000.00000

   Energies (kJ/mol)
           Bond       G96Angle        LJ (SR)   Coulomb (SR)      Potential
    1.53267e+04    2.90332e+03   -2.74063e+05   -2.85560e+03   -2.58689e+05
    Kinetic En.   Total Energy  Conserved En.    Temperature Pressure (bar)
    4.53422e+04   -2.13346e+05   -2.13226e+08    3.15345e+02   -2.65104e+00

           Step           Time
      286000000   7150000.00000

   Energies (kJ/mol)
           Bond       G96Angle        LJ (SR)   Coulomb (SR)      Potential
    1.54900e+04    3.00274e+03   -2.73764e+05   -2.82286e+03   -2.58094e+05
    Kinetic En.   Total Energy  Conserved En.    Temperature Pressure (bar)
    4.48417e+04   -2.13252e+05   -2.13524e+08    3.11864e+02    1.91567e+01

           Step           Time
      286400000   7160000.00000

   Energies (kJ/mol)
           Bond       G96Angle        LJ (SR)   Coulomb (SR)      Potential
    1.50517e+04    3.13672e+03   -2.74174e+05   -2.89990e+03   -2.58885e+05
    Kinetic En.   Total Energy  Conserved En.    Temperature Pressure (bar)
    4.48774e+04   -2.14008e+05   -2.13822e+08    3.12112e+02   -3.31946e+00

Writing checkpoint, step 286435500 at Sat May 10 16:26:17 2025


           Step           Time
      286800000   7170000.00000

   Energies (kJ/mol)
           Bond       G96Angle        LJ (SR)   Coulomb (SR)      Potential
    1.53637e+04    2.92040e+03   -2.73266e+05   -2.83973e+03   -2.57821e+05
    Kinetic En.   Total Energy  Conserved En.    Temperature Pressure (bar)
    4.51719e+04   -2.12649e+05   -2.14121e+08    3.14160e+02   -7.85116e-01

           Step           Time
      287200000   7180000.00000

   Energies (kJ/mol)
           Bond       G96Angle        LJ (SR)   Coulomb (SR)      Potential
    1.51619e+04    3.01555e+03   -2.73638e+05   -2.93195e+03   -2.58392e+05
    Kinetic En.   Total Energy  Conserved En.    Temperature Pressure (bar)
    4.49753e+04   -2.13417e+05   -2.14419e+08    3.12793e+02    5.82742e+00

           Step           Time
      287600000   7190000.00000

   Energies (kJ/mol)
           Bond       G96Angle        LJ (SR)   Coulomb (SR)      Potential
    1.47716e+04    2.99655e+03   -2.74840e+05   -2.85819e+03   -2.59930e+05
    Kinetic En.   Total Energy  Conserved En.    Temperature Pressure (bar)
    4.42591e+04   -2.15671e+05   -2.14717e+08    3.07812e+02   -5.22739e+01

           Step           Time
      288000000   7200000.00000

   Energies (kJ/mol)
           Bond       G96Angle        LJ (SR)   Coulomb (SR)      Potential
    1.54663e+04    2.98017e+03   -2.73606e+05   -2.85443e+03   -2.58014e+05
    Kinetic En.   Total Energy  Conserved En.    Temperature Pressure (bar)
    4.49980e+04   -2.13016e+05   -2.15015e+08    3.12951e+02   -1.96722e+01

           Step           Time
      288400000   7210000.00000

   Energies (kJ/mol)
           Bond       G96Angle        LJ (SR)   Coulomb (SR)      Potential
    1.48739e+04    3.05685e+03   -2.73473e+05   -2.89034e+03   -2.58432e+05
    Kinetic En.   Total Energy  Conserved En.    Temperature Pressure (bar)
    4.50888e+04   -2.13343e+05   -2.15313e+08    3.13582e+02    1.70500e+01

           Step           Time
      288800000   7220000.00000

   Energies (kJ/mol)
           Bond       G96Angle        LJ (SR)   Coulomb (SR)      Potential
    1.54375e+04    2.82897e+03   -2.74365e+05   -2.95229e+03   -2.59050e+05
    Kinetic En.   Total Energy  Conserved En.    Temperature Pressure (bar)
    4.54366e+04   -2.13614e+05   -2.15612e+08    3.16001e+02   -1.67142e+01

Writing checkpoint, step 289063750 at Sat May 10 16:41:17 2025


           Step           Time
      289200000   7230000.00000

   Energies (kJ/mol)
           Bond       G96Angle        LJ (SR)   Coulomb (SR)      Potential
    1.52587e+04    2.91264e+03   -2.74419e+05   -2.88972e+03   -2.59137e+05
    Kinetic En.   Total Energy  Conserved En.    Temperature Pressure (bar)
    4.48786e+04   -2.14258e+05   -2.15910e+08    3.12121e+02   -3.77358e+01

           Step           Time
      289600000   7240000.00000

   Energies (kJ/mol)
           Bond       G96Angle        LJ (SR)   Coulomb (SR)      Potential
    1.48057e+04    2.98401e+03   -2.73638e+05   -2.90232e+03   -2.58751e+05
    Kinetic En.   Total Energy  Conserved En.    Temperature Pressure (bar)
    4.47362e+04   -2.14015e+05   -2.16208e+08    3.11130e+02   -2.23379e+01

           Step           Time
      290000000   7250000.00000

   Energies (kJ/mol)
           Bond       G96Angle        LJ (SR)   Coulomb (SR)      Potential
    1.51996e+04    2.86675e+03   -2.73940e+05   -2.81239e+03   -2.58686e+05
    Kinetic En.   Total Energy  Conserved En.    Temperature Pressure (bar)
    4.48927e+04   -2.13793e+05   -2.16507e+08    3.12219e+02    8.78238e+00

           Step           Time
      290400000   7260000.00000

   Energies (kJ/mol)
           Bond       G96Angle        LJ (SR)   Coulomb (SR)      Potential
    1.55930e+04    2.81660e+03   -2.73266e+05   -2.85472e+03   -2.57711e+05
    Kinetic En.   Total Energy  Conserved En.    Temperature Pressure (bar)
    4.47390e+04   -2.12972e+05   -2.16805e+08    3.11149e+02    2.16991e+01

           Step           Time
      290800000   7270000.00000

   Energies (kJ/mol)
           Bond       G96Angle        LJ (SR)   Coulomb (SR)      Potential
    1.54060e+04    2.93468e+03   -2.73231e+05   -2.79979e+03   -2.57690e+05
    Kinetic En.   Total Energy  Conserved En.    Temperature Pressure (bar)
    4.52898e+04   -2.12400e+05   -2.17103e+08    3.14980e+02    2.19127e+01

           Step           Time
      291200000   7280000.00000

   Energies (kJ/mol)
           Bond       G96Angle        LJ (SR)   Coulomb (SR)      Potential
    1.50699e+04    2.85855e+03   -2.73786e+05   -2.88602e+03   -2.58743e+05
    Kinetic En.   Total Energy  Conserved En.    Temperature Pressure (bar)
    4.38608e+04   -2.14883e+05   -2.17401e+08    3.05042e+02   -2.83518e+01

           Step           Time
      291600000   7290000.00000

   Energies (kJ/mol)
           Bond       G96Angle        LJ (SR)   Coulomb (SR)      Potential
    1.49524e+04    2.84202e+03   -2.73225e+05   -2.91387e+03   -2.58344e+05
    Kinetic En.   Total Energy  Conserved En.    Temperature Pressure (bar)
    4.47283e+04   -2.13616e+05   -2.17700e+08    3.11075e+02   -6.49880e+00

Writing checkpoint, step 291689200 at Sat May 10 16:56:17 2025


           Step           Time
      292000000   7300000.00000

   Energies (kJ/mol)
           Bond       G96Angle        LJ (SR)   Coulomb (SR)      Potential
    1.53587e+04    3.01676e+03   -2.73354e+05   -2.92433e+03   -2.57903e+05
    Kinetic En.   Total Energy  Conserved En.    Temperature Pressure (bar)
    4.54425e+04   -2.12461e+05   -2.17998e+08    3.16042e+02    1.20336e+00

           Step           Time
      292400000   7310000.00000

   Energies (kJ/mol)
           Bond       G96Angle        LJ (SR)   Coulomb (SR)      Potential
    1.52493e+04    2.99018e+03   -2.73637e+05   -2.85659e+03   -2.58254e+05
    Kinetic En.   Total Energy  Conserved En.    Temperature Pressure (bar)
    4.51273e+04   -2.13126e+05   -2.18297e+08    3.13850e+02   -2.44099e+01

           Step           Time
      292800000   7320000.00000

   Energies (kJ/mol)
           Bond       G96Angle        LJ (SR)   Coulomb (SR)      Potential
    1.52316e+04    2.84075e+03   -2.73418e+05   -2.85448e+03   -2.58200e+05
    Kinetic En.   Total Energy  Conserved En.    Temperature Pressure (bar)
    4.43316e+04   -2.13869e+05   -2.18595e+08    3.08316e+02   -1.05179e+01

           Step           Time
      293200000   7330000.00000

   Energies (kJ/mol)
           Bond       G96Angle        LJ (SR)   Coulomb (SR)      Potential
    1.49126e+04    2.98351e+03   -2.73827e+05   -2.85691e+03   -2.58788e+05
    Kinetic En.   Total Energy  Conserved En.    Temperature Pressure (bar)
    4.44106e+04   -2.14377e+05   -2.18893e+08    3.08866e+02   -5.14543e+00

           Step           Time
      293600000   7340000.00000

   Energies (kJ/mol)
           Bond       G96Angle        LJ (SR)   Coulomb (SR)      Potential
    1.52127e+04    2.93334e+03   -2.74058e+05   -2.78933e+03   -2.58702e+05
    Kinetic En.   Total Energy  Conserved En.    Temperature Pressure (bar)
    4.55217e+04   -2.13180e+05   -2.19192e+08    3.16593e+02   -2.82171e+01

           Step           Time
      294000000   7350000.00000

   Energies (kJ/mol)
           Bond       G96Angle        LJ (SR)   Coulomb (SR)      Potential
    1.48184e+04    2.90001e+03   -2.73084e+05   -2.77324e+03   -2.58139e+05
    Kinetic En.   Total Energy  Conserved En.    Temperature Pressure (bar)
    4.49187e+04   -2.13220e+05   -2.19491e+08    3.12399e+02    1.85937e+01

Writing checkpoint, step 294314375 at Sat May 10 17:11:17 2025


           Step           Time
      294400000   7360000.00000

   Energies (kJ/mol)
           Bond       G96Angle        LJ (SR)   Coulomb (SR)      Potential
    1.51718e+04    2.97839e+03   -2.73586e+05   -2.84677e+03   -2.58283e+05
    Kinetic En.   Total Energy  Conserved En.    Temperature Pressure (bar)
    4.50294e+04   -2.13253e+05   -2.19791e+08    3.13169e+02   -8.08107e-01

           Step           Time
      294800000   7370000.00000

   Energies (kJ/mol)
           Bond       G96Angle        LJ (SR)   Coulomb (SR)      Potential
    1.53871e+04    2.97600e+03   -2.73645e+05   -2.90078e+03   -2.58182e+05
    Kinetic En.   Total Energy  Conserved En.    Temperature Pressure (bar)
    4.54746e+04   -2.12708e+05   -2.20089e+08    3.16265e+02   -1.90973e+00

           Step           Time
      295200000   7380000.00000

   Energies (kJ/mol)
           Bond       G96Angle        LJ (SR)   Coulomb (SR)      Potential
    1.52346e+04    2.91574e+03   -2.74756e+05   -3.01955e+03   -2.59625e+05
    Kinetic En.   Total Energy  Conserved En.    Temperature Pressure (bar)
    4.44039e+04   -2.15221e+05   -2.20388e+08    3.08819e+02   -5.03892e+01

           Step           Time
      295600000   7390000.00000

   Energies (kJ/mol)
           Bond       G96Angle        LJ (SR)   Coulomb (SR)      Potential
    1.56738e+04    2.86419e+03   -2.73480e+05   -2.83113e+03   -2.57773e+05
    Kinetic En.   Total Energy  Conserved En.    Temperature Pressure (bar)
    4.51612e+04   -2.12612e+05   -2.20686e+08    3.14086e+02   -2.38794e+01

           Step           Time
      296000000   7400000.00000

   Energies (kJ/mol)
           Bond       G96Angle        LJ (SR)   Coulomb (SR)      Potential
    1.53899e+04    2.95710e+03   -2.73685e+05   -2.75485e+03   -2.58093e+05
    Kinetic En.   Total Energy  Conserved En.    Temperature Pressure (bar)
    4.52849e+04   -2.12808e+05   -2.20985e+08    3.14946e+02   -1.99108e+01

           Step           Time
      296400000   7410000.00000

   Energies (kJ/mol)
           Bond       G96Angle        LJ (SR)   Coulomb (SR)      Potential
    1.51469e+04    2.94490e+03   -2.74078e+05   -2.86643e+03   -2.58853e+05
    Kinetic En.   Total Energy  Conserved En.    Temperature Pressure (bar)
    4.44060e+04   -2.14447e+05   -2.21283e+08    3.08834e+02   -5.88072e+01

           Step           Time
      296800000   7420000.00000

   Energies (kJ/mol)
           Bond       G96Angle        LJ (SR)   Coulomb (SR)      Potential
    1.51610e+04    2.77771e+03   -2.74282e+05   -2.94591e+03   -2.59289e+05
    Kinetic En.   Total Energy  Conserved En.    Temperature Pressure (bar)
    4.50815e+04   -2.14208e+05   -2.21582e+08    3.13531e+02   -7.92779e+00

Writing checkpoint, step 296943225 at Sat May 10 17:26:17 2025


           Step           Time
      297200000   7430000.00000

   Energies (kJ/mol)
           Bond       G96Angle        LJ (SR)   Coulomb (SR)      Potential
    1.49029e+04    2.88611e+03   -2.73944e+05   -2.85387e+03   -2.59009e+05
    Kinetic En.   Total Energy  Conserved En.    Temperature Pressure (bar)
    4.48382e+04   -2.14171e+05   -2.21880e+08    3.11839e+02    2.46624e+01

           Step           Time
      297600000   7440000.00000

   Energies (kJ/mol)
           Bond       G96Angle        LJ (SR)   Coulomb (SR)      Potential
    1.52492e+04    3.08365e+03   -2.73198e+05   -2.77633e+03   -2.57642e+05
    Kinetic En.   Total Energy  Conserved En.    Temperature Pressure (bar)
    4.49733e+04   -2.12668e+05   -2.22178e+08    3.12779e+02   -7.30342e+00

           Step           Time
      298000000   7450000.00000

   Energies (kJ/mol)
           Bond       G96Angle        LJ (SR)   Coulomb (SR)      Potential
    1.49270e+04    3.04959e+03   -2.73285e+05   -2.85619e+03   -2.58165e+05
    Kinetic En.   Total Energy  Conserved En.    Temperature Pressure (bar)
    4.47182e+04   -2.13446e+05   -2.22477e+08    3.11005e+02   -1.65766e+01

           Step           Time
      298400000   7460000.00000

   Energies (kJ/mol)
           Bond       G96Angle        LJ (SR)   Coulomb (SR)      Potential
    1.52502e+04    2.98334e+03   -2.73306e+05   -2.90096e+03   -2.57973e+05
    Kinetic En.   Total Energy  Conserved En.    Temperature Pressure (bar)
    4.52112e+04   -2.12762e+05   -2.22775e+08    3.14433e+02   -3.26909e+00

           Step           Time
      298800000   7470000.00000

   Energies (kJ/mol)
           Bond       G96Angle        LJ (SR)   Coulomb (SR)      Potential
    1.51572e+04    2.94579e+03   -2.74372e+05   -2.90475e+03   -2.59173e+05
    Kinetic En.   Total Energy  Conserved En.    Temperature Pressure (bar)
    4.46560e+04   -2.14517e+05   -2.23073e+08    3.10572e+02    7.99959e+00

           Step           Time
      299200000   7480000.00000

   Energies (kJ/mol)
           Bond       G96Angle        LJ (SR)   Coulomb (SR)      Potential
    1.54375e+04    3.02232e+03   -2.73252e+05   -2.92550e+03   -2.57717e+05
    Kinetic En.   Total Energy  Conserved En.    Temperature Pressure (bar)
    4.57352e+04   -2.11982e+05   -2.23371e+08    3.18078e+02    6.78150e+00

Writing checkpoint, step 299570725 at Sat May 10 17:41:17 2025


           Step           Time
      299600000   7490000.00000

   Energies (kJ/mol)
           Bond       G96Angle        LJ (SR)   Coulomb (SR)      Potential
    1.52864e+04    2.93602e+03   -2.73863e+05   -2.89604e+03   -2.58536e+05
    Kinetic En.   Total Energy  Conserved En.    Temperature Pressure (bar)
    4.47908e+04   -2.13745e+05   -2.23669e+08    3.11510e+02    3.59425e+01

           Step           Time
      300000000   7500000.00000

   Energies (kJ/mol)
           Bond       G96Angle        LJ (SR)   Coulomb (SR)      Potential
    1.52093e+04    2.87525e+03   -2.73347e+05   -2.87889e+03   -2.58141e+05
    Kinetic En.   Total Energy  Conserved En.    Temperature Pressure (bar)
    4.50753e+04   -2.13066e+05   -2.23968e+08    3.13488e+02   -2.21182e+00

           Step           Time
      300400000   7510000.00000

   Energies (kJ/mol)
           Bond       G96Angle        LJ (SR)   Coulomb (SR)      Potential
    1.49524e+04    3.00114e+03   -2.73957e+05   -2.83117e+03   -2.58835e+05
    Kinetic En.   Total Energy  Conserved En.    Temperature Pressure (bar)
    4.51281e+04   -2.13707e+05   -2.24267e+08    3.13856e+02    1.14080e+01

           Step           Time
      300800000   7520000.00000

   Energies (kJ/mol)
           Bond       G96Angle        LJ (SR)   Coulomb (SR)      Potential
    1.52975e+04    2.90388e+03   -2.72930e+05   -2.91027e+03   -2.57639e+05
    Kinetic En.   Total Energy  Conserved En.    Temperature Pressure (bar)
    4.52627e+04   -2.12376e+05   -2.24565e+08    3.14792e+02    3.11831e+01

           Step           Time
      301200000   7530000.00000

   Energies (kJ/mol)
           Bond       G96Angle        LJ (SR)   Coulomb (SR)      Potential
    1.50472e+04    2.87906e+03   -2.73750e+05   -2.87226e+03   -2.58695e+05
    Kinetic En.   Total Energy  Conserved En.    Temperature Pressure (bar)
    4.49777e+04   -2.13718e+05   -2.24864e+08    3.12810e+02   -3.96576e+00

           Step           Time
      301600000   7540000.00000

   Energies (kJ/mol)
           Bond       G96Angle        LJ (SR)   Coulomb (SR)      Potential
    1.54456e+04    3.03619e+03   -2.73463e+05   -2.82499e+03   -2.57806e+05
    Kinetic En.   Total Energy  Conserved En.    Temperature Pressure (bar)
    4.55047e+04   -2.12301e+05   -2.25162e+08    3.16475e+02    6.22986e+00

           Step           Time
      302000000   7550000.00000

   Energies (kJ/mol)
           Bond       G96Angle        LJ (SR)   Coulomb (SR)      Potential
    1.51421e+04    2.81599e+03   -2.73725e+05   -2.96114e+03   -2.58728e+05
    Kinetic En.   Total Energy  Conserved En.    Temperature Pressure (bar)
    4.46093e+04   -2.14118e+05   -2.25460e+08    3.10248e+02   -1.16683e+01

Writing checkpoint, step 302202075 at Sat May 10 17:56:17 2025


           Step           Time
      302400000   7560000.00000

   Energies (kJ/mol)
           Bond       G96Angle        LJ (SR)   Coulomb (SR)      Potential
    1.50058e+04    2.91553e+03   -2.73988e+05   -2.86434e+03   -2.58931e+05
    Kinetic En.   Total Energy  Conserved En.    Temperature Pressure (bar)
    4.52168e+04   -2.13714e+05   -2.25759e+08    3.14473e+02    2.59786e+01

           Step           Time
      302800000   7570000.00000

   Energies (kJ/mol)
           Bond       G96Angle        LJ (SR)   Coulomb (SR)      Potential
    1.51263e+04    3.08354e+03   -2.73169e+05   -2.86961e+03   -2.57829e+05
    Kinetic En.   Total Energy  Conserved En.    Temperature Pressure (bar)
    4.46122e+04   -2.13217e+05   -2.26057e+08    3.10268e+02    1.90575e+00

           Step           Time
      303200000   7580000.00000

   Energies (kJ/mol)
           Bond       G96Angle        LJ (SR)   Coulomb (SR)      Potential
    1.54535e+04    2.93531e+03   -2.74050e+05   -2.90571e+03   -2.58567e+05
    Kinetic En.   Total Energy  Conserved En.    Temperature Pressure (bar)
    4.45547e+04   -2.14012e+05   -2.26355e+08    3.09868e+02   -1.68914e+01

           Step           Time
      303600000   7590000.00000

   Energies (kJ/mol)
           Bond       G96Angle        LJ (SR)   Coulomb (SR)      Potential
    1.51543e+04    2.94022e+03   -2.73701e+05   -2.92764e+03   -2.58534e+05
    Kinetic En.   Total Energy  Conserved En.    Temperature Pressure (bar)
    4.46497e+04   -2.13884e+05   -2.26653e+08    3.10528e+02    3.11550e+00

           Step           Time
      304000000   7600000.00000

   Energies (kJ/mol)
           Bond       G96Angle        LJ (SR)   Coulomb (SR)      Potential
    1.51832e+04    2.91609e+03   -2.74381e+05   -2.80171e+03   -2.59084e+05
    Kinetic En.   Total Energy  Conserved En.    Temperature Pressure (bar)
    4.45933e+04   -2.14490e+05   -2.26952e+08    3.10136e+02   -3.13544e+00

           Step           Time
      304400000   7610000.00000

   Energies (kJ/mol)
           Bond       G96Angle        LJ (SR)   Coulomb (SR)      Potential
    1.50106e+04    3.01758e+03   -2.73298e+05   -2.72327e+03   -2.57993e+05
    Kinetic En.   Total Energy  Conserved En.    Temperature Pressure (bar)
    4.48115e+04   -2.13182e+05   -2.27251e+08    3.11654e+02   -9.55044e+00

           Step           Time
      304800000   7620000.00000

   Energies (kJ/mol)
           Bond       G96Angle        LJ (SR)   Coulomb (SR)      Potential
    1.51073e+04    2.89059e+03   -2.73352e+05   -2.91524e+03   -2.58270e+05
    Kinetic En.   Total Energy  Conserved En.    Temperature Pressure (bar)
    4.58009e+04   -2.12469e+05   -2.27549e+08    3.18535e+02   -2.84321e+01

Writing checkpoint, step 304833025 at Sat May 10 18:11:17 2025


           Step           Time
      305200000   7630000.00000

   Energies (kJ/mol)
           Bond       G96Angle        LJ (SR)   Coulomb (SR)      Potential
    1.47523e+04    2.81650e+03   -2.73648e+05   -2.91586e+03   -2.58995e+05
    Kinetic En.   Total Energy  Conserved En.    Temperature Pressure (bar)
    4.42283e+04   -2.14767e+05   -2.27848e+08    3.07598e+02   -3.01738e+01

           Step           Time
      305600000   7640000.00000

   Energies (kJ/mol)
           Bond       G96Angle        LJ (SR)   Coulomb (SR)      Potential
    1.51307e+04    2.91588e+03   -2.73330e+05   -2.83656e+03   -2.58120e+05
    Kinetic En.   Total Energy  Conserved En.    Temperature Pressure (bar)
    4.54291e+04   -2.12691e+05   -2.28146e+08    3.15949e+02   -1.59182e+00

           Step           Time
      306000000   7650000.00000

   Energies (kJ/mol)
           Bond       G96Angle        LJ (SR)   Coulomb (SR)      Potential
    1.54467e+04    3.03595e+03   -2.73321e+05   -2.92339e+03   -2.57761e+05
    Kinetic En.   Total Energy  Conserved En.    Temperature Pressure (bar)
    4.57558e+04   -2.12006e+05   -2.28445e+08    3.18221e+02    1.02063e+01

           Step           Time
      306400000   7660000.00000

   Energies (kJ/mol)
           Bond       G96Angle        LJ (SR)   Coulomb (SR)      Potential
    1.50939e+04    2.98263e+03   -2.73535e+05   -2.76974e+03   -2.58228e+05
    Kinetic En.   Total Energy  Conserved En.    Temperature Pressure (bar)
    4.43664e+04   -2.13862e+05   -2.28742e+08    3.08558e+02    2.11205e+00

           Step           Time
      306800000   7670000.00000

   Energies (kJ/mol)
           Bond       G96Angle        LJ (SR)   Coulomb (SR)      Potential
    1.53844e+04    2.92711e+03   -2.72149e+05   -2.82825e+03   -2.56666e+05
    Kinetic En.   Total Energy  Conserved En.    Temperature Pressure (bar)
    4.48693e+04   -2.11797e+05   -2.29041e+08    3.12056e+02    6.16300e+01

           Step           Time
      307200000   7680000.00000

   Energies (kJ/mol)
           Bond       G96Angle        LJ (SR)   Coulomb (SR)      Potential
    1.49888e+04    2.91939e+03   -2.74319e+05   -2.86579e+03   -2.59276e+05
    Kinetic En.   Total Energy  Conserved En.    Temperature Pressure (bar)
    4.44383e+04   -2.14838e+05   -2.29339e+08    3.09058e+02   -1.54704e+01

Writing checkpoint, step 307462400 at Sat May 10 18:26:17 2025


           Step           Time
      307600000   7690000.00000

   Energies (kJ/mol)
           Bond       G96Angle        LJ (SR)   Coulomb (SR)      Potential
    1.53681e+04    2.90716e+03   -2.73627e+05   -2.81876e+03   -2.58170e+05
    Kinetic En.   Total Energy  Conserved En.    Temperature Pressure (bar)
    4.51905e+04   -2.12980e+05   -2.29637e+08    3.14289e+02   -2.70528e+01

           Step           Time
      308000000   7700000.00000

   Energies (kJ/mol)
           Bond       G96Angle        LJ (SR)   Coulomb (SR)      Potential
    1.53613e+04    3.02537e+03   -2.74102e+05   -2.81832e+03   -2.58533e+05
    Kinetic En.   Total Energy  Conserved En.    Temperature Pressure (bar)
    4.45164e+04   -2.14017e+05   -2.29935e+08    3.09602e+02   -8.11378e+00

           Step           Time
      308400000   7710000.00000

   Energies (kJ/mol)
           Bond       G96Angle        LJ (SR)   Coulomb (SR)      Potential
    1.52805e+04    2.79615e+03   -2.74272e+05   -2.82238e+03   -2.59018e+05
    Kinetic En.   Total Energy  Conserved En.    Temperature Pressure (bar)
    4.48492e+04   -2.14168e+05   -2.30234e+08    3.11916e+02   -2.92212e+01

           Step           Time
      308800000   7720000.00000

   Energies (kJ/mol)
           Bond       G96Angle        LJ (SR)   Coulomb (SR)      Potential
    1.51693e+04    2.99568e+03   -2.74456e+05   -2.92715e+03   -2.59218e+05
    Kinetic En.   Total Energy  Conserved En.    Temperature Pressure (bar)
    4.41270e+04   -2.15091e+05   -2.30532e+08    3.06893e+02   -1.73572e+01

           Step           Time
      309200000   7730000.00000

   Energies (kJ/mol)
           Bond       G96Angle        LJ (SR)   Coulomb (SR)      Potential
    1.55301e+04    2.97698e+03   -2.73726e+05   -2.93238e+03   -2.58151e+05
    Kinetic En.   Total Energy  Conserved En.    Temperature Pressure (bar)
    4.51875e+04   -2.12964e+05   -2.30831e+08    3.14268e+02    2.66057e+01

           Step           Time
      309600000   7740000.00000

   Energies (kJ/mol)
           Bond       G96Angle        LJ (SR)   Coulomb (SR)      Potential
    1.50844e+04    3.05449e+03   -2.72977e+05   -2.94284e+03   -2.57781e+05
    Kinetic En.   Total Energy  Conserved En.    Temperature Pressure (bar)
    4.50388e+04   -2.12742e+05   -2.31129e+08    3.13235e+02    2.00588e+01

           Step           Time
      310000000   7750000.00000

   Energies (kJ/mol)
           Bond       G96Angle        LJ (SR)   Coulomb (SR)      Potential
    1.50948e+04    2.90559e+03   -2.73654e+05   -2.84690e+03   -2.58500e+05
    Kinetic En.   Total Energy  Conserved En.    Temperature Pressure (bar)
    4.49732e+04   -2.13527e+05   -2.31427e+08    3.12778e+02   -1.66442e+01

Writing checkpoint, step 310090100 at Sat May 10 18:41:17 2025


           Step           Time
      310400000   7760000.00000

   Energies (kJ/mol)
           Bond       G96Angle        LJ (SR)   Coulomb (SR)      Potential
    1.51882e+04    3.07539e+03   -2.74225e+05   -2.87677e+03   -2.58838e+05
    Kinetic En.   Total Energy  Conserved En.    Temperature Pressure (bar)
    4.50961e+04   -2.13742e+05   -2.31726e+08    3.13633e+02    2.57187e+01

           Step           Time
      310800000   7770000.00000

   Energies (kJ/mol)
           Bond       G96Angle        LJ (SR)   Coulomb (SR)      Potential
    1.52425e+04    3.02083e+03   -2.73568e+05   -2.93035e+03   -2.58235e+05
    Kinetic En.   Total Energy  Conserved En.    Temperature Pressure (bar)
    4.49944e+04   -2.13240e+05   -2.32024e+08    3.12926e+02    2.33730e+01

           Step           Time
      311200000   7780000.00000

   Energies (kJ/mol)
           Bond       G96Angle        LJ (SR)   Coulomb (SR)      Potential
    1.52111e+04    3.07865e+03   -2.73526e+05   -2.97060e+03   -2.58207e+05
    Kinetic En.   Total Energy  Conserved En.    Temperature Pressure (bar)
    4.50743e+04   -2.13132e+05   -2.32323e+08    3.13481e+02   -2.66870e+01

           Step           Time
      311600000   7790000.00000

   Energies (kJ/mol)
           Bond       G96Angle        LJ (SR)   Coulomb (SR)      Potential
    1.54681e+04    2.97204e+03   -2.74161e+05   -2.82405e+03   -2.58545e+05
    Kinetic En.   Total Energy  Conserved En.    Temperature Pressure (bar)
    4.47516e+04   -2.13793e+05   -2.32621e+08    3.11237e+02   -2.84577e+01

           Step           Time
      312000000   7800000.00000

   Energies (kJ/mol)
           Bond       G96Angle        LJ (SR)   Coulomb (SR)      Potential
    1.52741e+04    2.85375e+03   -2.73889e+05   -2.86657e+03   -2.58628e+05
    Kinetic En.   Total Energy  Conserved En.    Temperature Pressure (bar)
    4.43923e+04   -2.14236e+05   -2.32920e+08    3.08738e+02    3.43548e+01

           Step           Time
      312400000   7810000.00000

   Energies (kJ/mol)
           Bond       G96Angle        LJ (SR)   Coulomb (SR)      Potential
    1.56425e+04    2.97012e+03   -2.73993e+05   -2.90515e+03   -2.58285e+05
    Kinetic En.   Total Energy  Conserved En.    Temperature Pressure (bar)
    4.41146e+04   -2.14171e+05   -2.33218e+08    3.06807e+02    4.74746e+00

Writing checkpoint, step 312720450 at Sat May 10 18:56:17 2025


           Step           Time
      312800000   7820000.00000

   Energies (kJ/mol)
           Bond       G96Angle        LJ (SR)   Coulomb (SR)      Potential
    1.50613e+04    3.01850e+03   -2.73464e+05   -2.91102e+03   -2.58295e+05
    Kinetic En.   Total Energy  Conserved En.    Temperature Pressure (bar)
    4.51584e+04   -2.13136e+05   -2.33516e+08    3.14066e+02    7.19411e+00

           Step           Time
      313200000   7830000.00000

   Energies (kJ/mol)
           Bond       G96Angle        LJ (SR)   Coulomb (SR)      Potential
    1.52655e+04    3.00912e+03   -2.74076e+05   -2.98090e+03   -2.58783e+05
    Kinetic En.   Total Energy  Conserved En.    Temperature Pressure (bar)
    4.50089e+04   -2.13774e+05   -2.33814e+08    3.13027e+02   -5.13935e+01

           Step           Time
      313600000   7840000.00000

   Energies (kJ/mol)
           Bond       G96Angle        LJ (SR)   Coulomb (SR)      Potential
    1.54313e+04    2.99559e+03   -2.73471e+05   -2.88592e+03   -2.57930e+05
    Kinetic En.   Total Energy  Conserved En.    Temperature Pressure (bar)
    4.54120e+04   -2.12518e+05   -2.34113e+08    3.15830e+02    1.30076e+01

           Step           Time
      314000000   7850000.00000

   Energies (kJ/mol)
           Bond       G96Angle        LJ (SR)   Coulomb (SR)      Potential
    1.52327e+04    2.83729e+03   -2.73067e+05   -2.94090e+03   -2.57938e+05
    Kinetic En.   Total Energy  Conserved En.    Temperature Pressure (bar)
    4.54138e+04   -2.12524e+05   -2.34411e+08    3.15842e+02    4.60193e+01

           Step           Time
      314400000   7860000.00000

   Energies (kJ/mol)
           Bond       G96Angle        LJ (SR)   Coulomb (SR)      Potential
    1.53164e+04    2.92657e+03   -2.72102e+05   -2.83403e+03   -2.56693e+05
    Kinetic En.   Total Energy  Conserved En.    Temperature Pressure (bar)
    4.54555e+04   -2.11238e+05   -2.34710e+08    3.16133e+02    6.96946e+00

           Step           Time
      314800000   7870000.00000

   Energies (kJ/mol)
           Bond       G96Angle        LJ (SR)   Coulomb (SR)      Potential
    1.51883e+04    2.93040e+03   -2.73943e+05   -2.91615e+03   -2.58741e+05
    Kinetic En.   Total Energy  Conserved En.    Temperature Pressure (bar)
    4.45801e+04   -2.14161e+05   -2.35008e+08    3.10045e+02   -6.20298e+01

           Step           Time
      315200000   7880000.00000

   Energies (kJ/mol)
           Bond       G96Angle        LJ (SR)   Coulomb (SR)      Potential
    1.50526e+04    2.93594e+03   -2.73967e+05   -2.74142e+03   -2.58720e+05
    Kinetic En.   Total Energy  Conserved En.    Temperature Pressure (bar)
    4.55167e+04   -2.13203e+05   -2.35306e+08    3.16558e+02   -5.81490e+01

Writing checkpoint, step 315349775 at Sat May 10 19:11:17 2025


           Step           Time
      315600000   7890000.00000

   Energies (kJ/mol)
           Bond       G96Angle        LJ (SR)   Coulomb (SR)      Potential
    1.49748e+04    2.94283e+03   -2.73980e+05   -2.91619e+03   -2.58978e+05
    Kinetic En.   Total Energy  Conserved En.    Temperature Pressure (bar)
    4.51974e+04   -2.13781e+05   -2.35604e+08    3.14337e+02   -4.48764e+01

           Step           Time
      316000000   7900000.00000

   Energies (kJ/mol)
           Bond       G96Angle        LJ (SR)   Coulomb (SR)      Potential
    1.52367e+04    2.88454e+03   -2.73660e+05   -2.83637e+03   -2.58375e+05
    Kinetic En.   Total Energy  Conserved En.    Temperature Pressure (bar)
    4.54526e+04   -2.12923e+05   -2.35902e+08    3.16113e+02    4.50371e+00

           Step           Time
      316400000   7910000.00000

   Energies (kJ/mol)
           Bond       G96Angle        LJ (SR)   Coulomb (SR)      Potential
    1.52545e+04    3.00217e+03   -2.73518e+05   -2.79893e+03   -2.58060e+05
    Kinetic En.   Total Energy  Conserved En.    Temperature Pressure (bar)
    4.43728e+04   -2.13687e+05   -2.36201e+08    3.08603e+02   -2.52012e+01

           Step           Time
      316800000   7920000.00000

   Energies (kJ/mol)
           Bond       G96Angle        LJ (SR)   Coulomb (SR)      Potential
    1.50952e+04    2.83387e+03   -2.73442e+05   -2.87169e+03   -2.58385e+05
    Kinetic En.   Total Energy  Conserved En.    Temperature Pressure (bar)
    4.54335e+04   -2.12951e+05   -2.36499e+08    3.15980e+02   -1.50592e+00

           Step           Time
      317200000   7930000.00000

   Energies (kJ/mol)
           Bond       G96Angle        LJ (SR)   Coulomb (SR)      Potential
    1.53845e+04    2.91392e+03   -2.73835e+05   -2.84387e+03   -2.58381e+05
    Kinetic En.   Total Energy  Conserved En.    Temperature Pressure (bar)
    4.50125e+04   -2.13368e+05   -2.36797e+08    3.13052e+02   -1.13057e+01

           Step           Time
      317600000   7940000.00000

   Energies (kJ/mol)
           Bond       G96Angle        LJ (SR)   Coulomb (SR)      Potential
    1.52287e+04    2.92752e+03   -2.73194e+05   -2.79755e+03   -2.57835e+05
    Kinetic En.   Total Energy  Conserved En.    Temperature Pressure (bar)
    4.55936e+04   -2.12242e+05   -2.37095e+08    3.17093e+02   -2.89260e+01

Writing checkpoint, step 317977950 at Sat May 10 19:26:17 2025


           Step           Time
      318000000   7950000.00000

   Energies (kJ/mol)
           Bond       G96Angle        LJ (SR)   Coulomb (SR)      Potential
    1.50971e+04    2.88071e+03   -2.74392e+05   -2.86538e+03   -2.59280e+05
    Kinetic En.   Total Energy  Conserved En.    Temperature Pressure (bar)
    4.45018e+04   -2.14778e+05   -2.37393e+08    3.09500e+02    1.17025e+00

           Step           Time
      318400000   7960000.00000

   Energies (kJ/mol)
           Bond       G96Angle        LJ (SR)   Coulomb (SR)      Potential
    1.53299e+04    2.90120e+03   -2.73372e+05   -2.88729e+03   -2.58028e+05
    Kinetic En.   Total Energy  Conserved En.    Temperature Pressure (bar)
    4.57950e+04   -2.12233e+05   -2.37691e+08    3.18494e+02    2.19028e+00

           Step           Time
      318800000   7970000.00000

   Energies (kJ/mol)
           Bond       G96Angle        LJ (SR)   Coulomb (SR)      Potential
    1.52753e+04    2.88561e+03   -2.74328e+05   -2.84485e+03   -2.59012e+05
    Kinetic En.   Total Energy  Conserved En.    Temperature Pressure (bar)
    4.40484e+04   -2.14963e+05   -2.37989e+08    3.06347e+02   -6.32225e+01

           Step           Time
      319200000   7980000.00000

   Energies (kJ/mol)
           Bond       G96Angle        LJ (SR)   Coulomb (SR)      Potential
    1.49843e+04    2.83275e+03   -2.73627e+05   -2.89097e+03   -2.58701e+05
    Kinetic En.   Total Energy  Conserved En.    Temperature Pressure (bar)
    4.45381e+04   -2.14163e+05   -2.38287e+08    3.09752e+02    2.32977e+01

           Step           Time
      319600000   7990000.00000

   Energies (kJ/mol)
           Bond       G96Angle        LJ (SR)   Coulomb (SR)      Potential
    1.55137e+04    2.87209e+03   -2.73580e+05   -3.02717e+03   -2.58221e+05
    Kinetic En.   Total Energy  Conserved En.    Temperature Pressure (bar)
    4.51912e+04   -2.13030e+05   -2.38586e+08    3.14295e+02    1.27278e+01

           Step           Time
      320000000   8000000.00000

   Energies (kJ/mol)
           Bond       G96Angle        LJ (SR)   Coulomb (SR)      Potential
    1.52035e+04    3.00751e+03   -2.73044e+05   -2.79690e+03   -2.57630e+05
    Kinetic En.   Total Energy  Conserved En.    Temperature Pressure (bar)
    4.44402e+04   -2.13190e+05   -2.38884e+08    3.09071e+02   -3.74298e-02

           Step           Time
      320400000   8010000.00000

   Energies (kJ/mol)
           Bond       G96Angle        LJ (SR)   Coulomb (SR)      Potential
    1.52349e+04    2.78412e+03   -2.73100e+05   -2.88633e+03   -2.57968e+05
    Kinetic En.   Total Energy  Conserved En.    Temperature Pressure (bar)
    4.52840e+04   -2.12684e+05   -2.39182e+08    3.14940e+02    2.38195e+01

Writing checkpoint, step 320604675 at Sat May 10 19:41:17 2025


           Step           Time
      320800000   8020000.00000

   Energies (kJ/mol)
           Bond       G96Angle        LJ (SR)   Coulomb (SR)      Potential
    1.51033e+04    2.77639e+03   -2.73651e+05   -2.90131e+03   -2.58672e+05
    Kinetic En.   Total Energy  Conserved En.    Temperature Pressure (bar)
    4.46358e+04   -2.14036e+05   -2.39481e+08    3.10432e+02    4.46011e+00

           Step           Time
      321200000   8030000.00000

   Energies (kJ/mol)
           Bond       G96Angle        LJ (SR)   Coulomb (SR)      Potential
    1.50163e+04    2.96118e+03   -2.73581e+05   -2.91400e+03   -2.58517e+05
    Kinetic En.   Total Energy  Conserved En.    Temperature Pressure (bar)
    4.48336e+04   -2.13684e+05   -2.39779e+08    3.11807e+02    2.38975e+01

           Step           Time
      321600000   8040000.00000

   Energies (kJ/mol)
           Bond       G96Angle        LJ (SR)   Coulomb (SR)      Potential
    1.52177e+04    3.06936e+03   -2.73103e+05   -2.78960e+03   -2.57606e+05
    Kinetic En.   Total Energy  Conserved En.    Temperature Pressure (bar)
    4.54328e+04   -2.12173e+05   -2.40078e+08    3.15975e+02    3.16295e+01

           Step           Time
      322000000   8050000.00000

   Energies (kJ/mol)
           Bond       G96Angle        LJ (SR)   Coulomb (SR)      Potential
    1.54458e+04    3.06420e+03   -2.72986e+05   -2.94541e+03   -2.57422e+05
    Kinetic En.   Total Energy  Conserved En.    Temperature Pressure (bar)
    4.56608e+04   -2.11761e+05   -2.40375e+08    3.17561e+02    1.34296e+01

           Step           Time
      322400000   8060000.00000

   Energies (kJ/mol)
           Bond       G96Angle        LJ (SR)   Coulomb (SR)      Potential
    1.52795e+04    2.95545e+03   -2.73131e+05   -2.94502e+03   -2.57841e+05
    Kinetic En.   Total Energy  Conserved En.    Temperature Pressure (bar)
    4.49641e+04   -2.12877e+05   -2.40674e+08    3.12715e+02   -6.99228e+00

           Step           Time
      322800000   8070000.00000

   Energies (kJ/mol)
           Bond       G96Angle        LJ (SR)   Coulomb (SR)      Potential
    1.50516e+04    3.01880e+03   -2.73355e+05   -2.78375e+03   -2.58069e+05
    Kinetic En.   Total Energy  Conserved En.    Temperature Pressure (bar)
    4.46855e+04   -2.13383e+05   -2.40972e+08    3.10778e+02   -3.56361e+01

           Step           Time
      323200000   8080000.00000

   Energies (kJ/mol)
           Bond       G96Angle        LJ (SR)   Coulomb (SR)      Potential
    1.48949e+04    2.95494e+03   -2.74431e+05   -2.85872e+03   -2.59440e+05
    Kinetic En.   Total Energy  Conserved En.    Temperature Pressure (bar)
    4.45321e+04   -2.14908e+05   -2.41271e+08    3.09711e+02   -2.86256e+01

Writing checkpoint, step 323234675 at Sat May 10 19:56:17 2025


           Step           Time
      323600000   8090000.00000

   Energies (kJ/mol)
           Bond       G96Angle        LJ (SR)   Coulomb (SR)      Potential
    1.52194e+04    2.85516e+03   -2.73881e+05   -2.91712e+03   -2.58724e+05
    Kinetic En.   Total Energy  Conserved En.    Temperature Pressure (bar)
    4.49226e+04   -2.13801e+05   -2.41569e+08    3.12426e+02   -2.72350e+01

           Step           Time
      324000000   8100000.00000

   Energies (kJ/mol)
           Bond       G96Angle        LJ (SR)   Coulomb (SR)      Potential
    1.52826e+04    2.88907e+03   -2.73258e+05   -2.90342e+03   -2.57990e+05
    Kinetic En.   Total Energy  Conserved En.    Temperature Pressure (bar)
    4.56592e+04   -2.12331e+05   -2.41867e+08    3.17550e+02   -2.47859e+01

           Step           Time
      324400000   8110000.00000

   Energies (kJ/mol)
           Bond       G96Angle        LJ (SR)   Coulomb (SR)      Potential
    1.53891e+04    3.10029e+03   -2.73213e+05   -2.91803e+03   -2.57641e+05
    Kinetic En.   Total Energy  Conserved En.    Temperature Pressure (bar)
    4.55644e+04   -2.12077e+05   -2.42166e+08    3.16890e+02   -3.50942e+01

           Step           Time
      324800000   8120000.00000

   Energies (kJ/mol)
           Bond       G96Angle        LJ (SR)   Coulomb (SR)      Potential
    1.52050e+04    2.90370e+03   -2.74740e+05   -2.82889e+03   -2.59460e+05
    Kinetic En.   Total Energy  Conserved En.    Temperature Pressure (bar)
    4.44928e+04   -2.14967e+05   -2.42465e+08    3.09437e+02   -5.67948e+01

           Step           Time
      325200000   8130000.00000

   Energies (kJ/mol)
           Bond       G96Angle        LJ (SR)   Coulomb (SR)      Potential
    1.52144e+04    2.93965e+03   -2.73532e+05   -2.82239e+03   -2.58200e+05
    Kinetic En.   Total Energy  Conserved En.    Temperature Pressure (bar)
    4.52409e+04   -2.12959e+05   -2.42763e+08    3.14640e+02    3.80656e+01

           Step           Time
      325600000   8140000.00000

   Energies (kJ/mol)
           Bond       G96Angle        LJ (SR)   Coulomb (SR)      Potential
    1.54661e+04    2.95248e+03   -2.74446e+05   -2.84113e+03   -2.58868e+05
    Kinetic En.   Total Energy  Conserved En.    Temperature Pressure (bar)
    4.51400e+04   -2.13728e+05   -2.43061e+08    3.13938e+02   -2.78183e+01

Writing checkpoint, step 325863625 at Sat May 10 20:11:17 2025


           Step           Time
      326000000   8150000.00000

   Energies (kJ/mol)
           Bond       G96Angle        LJ (SR)   Coulomb (SR)      Potential
    1.52684e+04    2.98498e+03   -2.73756e+05   -2.82672e+03   -2.58330e+05
    Kinetic En.   Total Energy  Conserved En.    Temperature Pressure (bar)
    4.50889e+04   -2.13241e+05   -2.43358e+08    3.13583e+02   -1.88541e+01

           Step           Time
      326400000   8160000.00000

   Energies (kJ/mol)
           Bond       G96Angle        LJ (SR)   Coulomb (SR)      Potential
    1.54569e+04    2.93312e+03   -2.74714e+05   -2.86061e+03   -2.59185e+05
    Kinetic En.   Total Energy  Conserved En.    Temperature Pressure (bar)
    4.48781e+04   -2.14307e+05   -2.43657e+08    3.12117e+02   -4.76413e+01

           Step           Time
      326800000   8170000.00000

   Energies (kJ/mol)
           Bond       G96Angle        LJ (SR)   Coulomb (SR)      Potential
    1.47267e+04    2.93779e+03   -2.74176e+05   -2.89448e+03   -2.59406e+05
    Kinetic En.   Total Energy  Conserved En.    Temperature Pressure (bar)
    4.46464e+04   -2.14760e+05   -2.43955e+08    3.10505e+02    1.02796e+01

           Step           Time
      327200000   8180000.00000

   Energies (kJ/mol)
           Bond       G96Angle        LJ (SR)   Coulomb (SR)      Potential
    1.53495e+04    2.96094e+03   -2.74325e+05   -2.86599e+03   -2.58881e+05
    Kinetic En.   Total Energy  Conserved En.    Temperature Pressure (bar)
    4.43840e+04   -2.14497e+05   -2.44254e+08    3.08680e+02   -5.85697e+01

           Step           Time
      327600000   8190000.00000

   Energies (kJ/mol)
           Bond       G96Angle        LJ (SR)   Coulomb (SR)      Potential
    1.49687e+04    2.93417e+03   -2.73024e+05   -2.95095e+03   -2.58072e+05
    Kinetic En.   Total Energy  Conserved En.    Temperature Pressure (bar)
    4.52826e+04   -2.12789e+05   -2.44553e+08    3.14930e+02    3.27422e+01

           Step           Time
      328000000   8200000.00000

   Energies (kJ/mol)
           Bond       G96Angle        LJ (SR)   Coulomb (SR)      Potential
    1.51012e+04    2.86906e+03   -2.74654e+05   -2.95698e+03   -2.59641e+05
    Kinetic En.   Total Energy  Conserved En.    Temperature Pressure (bar)
    4.47397e+04   -2.14901e+05   -2.44851e+08    3.11154e+02   -4.29998e+01

           Step           Time
      328400000   8210000.00000

   Energies (kJ/mol)
           Bond       G96Angle        LJ (SR)   Coulomb (SR)      Potential
    1.52535e+04    2.86621e+03   -2.73383e+05   -2.95119e+03   -2.58215e+05
    Kinetic En.   Total Energy  Conserved En.    Temperature Pressure (bar)
    4.52147e+04   -2.13000e+05   -2.45149e+08    3.14458e+02   -1.31115e+01

Writing checkpoint, step 328493675 at Sat May 10 20:26:17 2025


           Step           Time
      328800000   8220000.00000

   Energies (kJ/mol)
           Bond       G96Angle        LJ (SR)   Coulomb (SR)      Potential
    1.48424e+04    2.82504e+03   -2.74642e+05   -2.94015e+03   -2.59914e+05
    Kinetic En.   Total Energy  Conserved En.    Temperature Pressure (bar)
    4.39530e+04   -2.15961e+05   -2.45447e+08    3.05683e+02   -7.38973e+01

           Step           Time
      329200000   8230000.00000

   Energies (kJ/mol)
           Bond       G96Angle        LJ (SR)   Coulomb (SR)      Potential
    1.49967e+04    2.92686e+03   -2.73657e+05   -2.87479e+03   -2.58609e+05
    Kinetic En.   Total Energy  Conserved En.    Temperature Pressure (bar)
    4.58770e+04   -2.12732e+05   -2.45746e+08    3.19064e+02    1.17505e+01

           Step           Time
      329600000   8240000.00000

   Energies (kJ/mol)
           Bond       G96Angle        LJ (SR)   Coulomb (SR)      Potential
    1.53606e+04    2.89251e+03   -2.72766e+05   -3.00552e+03   -2.57519e+05
    Kinetic En.   Total Energy  Conserved En.    Temperature Pressure (bar)
    4.50417e+04   -2.12477e+05   -2.46044e+08    3.13255e+02    2.74550e+01

           Step           Time
      330000000   8250000.00000

   Energies (kJ/mol)
           Bond       G96Angle        LJ (SR)   Coulomb (SR)      Potential
    1.54806e+04    3.03371e+03   -2.73440e+05   -2.89722e+03   -2.57822e+05
    Kinetic En.   Total Energy  Conserved En.    Temperature Pressure (bar)
    4.58518e+04   -2.11971e+05   -2.46342e+08    3.18889e+02    2.35922e+01

           Step           Time
      330400000   8260000.00000

   Energies (kJ/mol)
           Bond       G96Angle        LJ (SR)   Coulomb (SR)      Potential
    1.50110e+04    2.94140e+03   -2.74155e+05   -2.88933e+03   -2.59092e+05
    Kinetic En.   Total Energy  Conserved En.    Temperature Pressure (bar)
    4.37157e+04   -2.15377e+05   -2.46640e+08    3.04033e+02   -4.30793e+01

           Step           Time
      330800000   8270000.00000

   Energies (kJ/mol)
           Bond       G96Angle        LJ (SR)   Coulomb (SR)      Potential
    1.53790e+04    2.92276e+03   -2.73622e+05   -2.95400e+03   -2.58274e+05
    Kinetic En.   Total Energy  Conserved En.    Temperature Pressure (bar)
    4.49507e+04   -2.13323e+05   -2.46938e+08    3.12622e+02   -1.64995e+01

Writing checkpoint, step 331124450 at Sat May 10 20:41:17 2025


           Step           Time
      331200000   8280000.00000

   Energies (kJ/mol)
           Bond       G96Angle        LJ (SR)   Coulomb (SR)      Potential
    1.51187e+04    3.01915e+03   -2.73917e+05   -2.92180e+03   -2.58701e+05
    Kinetic En.   Total Energy  Conserved En.    Temperature Pressure (bar)
    4.45520e+04   -2.14149e+05   -2.47237e+08    3.09849e+02   -2.43772e+01

           Step           Time
      331600000   8290000.00000

   Energies (kJ/mol)
           Bond       G96Angle        LJ (SR)   Coulomb (SR)      Potential
    1.52908e+04    2.97389e+03   -2.73890e+05   -2.92808e+03   -2.58553e+05
    Kinetic En.   Total Energy  Conserved En.    Temperature Pressure (bar)
    4.54074e+04   -2.13146e+05   -2.47535e+08    3.15798e+02    1.05457e+01

           Step           Time
      332000000   8300000.00000

   Energies (kJ/mol)
           Bond       G96Angle        LJ (SR)   Coulomb (SR)      Potential
    1.52905e+04    2.94204e+03   -2.73295e+05   -2.83071e+03   -2.57894e+05
    Kinetic En.   Total Energy  Conserved En.    Temperature Pressure (bar)
    4.55502e+04   -2.12343e+05   -2.47833e+08    3.16791e+02    5.92281e+00

           Step           Time
      332400000   8310000.00000

   Energies (kJ/mol)
           Bond       G96Angle        LJ (SR)   Coulomb (SR)      Potential
    1.53047e+04    3.03312e+03   -2.73334e+05   -2.82384e+03   -2.57820e+05
    Kinetic En.   Total Energy  Conserved En.    Temperature Pressure (bar)
    4.47800e+04   -2.13040e+05   -2.48131e+08    3.11435e+02   -8.88094e+00

           Step           Time
      332800000   8320000.00000

   Energies (kJ/mol)
           Bond       G96Angle        LJ (SR)   Coulomb (SR)      Potential
    1.54481e+04    3.04687e+03   -2.73832e+05   -2.85874e+03   -2.58196e+05
    Kinetic En.   Total Energy  Conserved En.    Temperature Pressure (bar)
    4.53965e+04   -2.12799e+05   -2.48429e+08    3.15722e+02   -4.01234e+01

           Step           Time
      333200000   8330000.00000

   Energies (kJ/mol)
           Bond       G96Angle        LJ (SR)   Coulomb (SR)      Potential
    1.51537e+04    2.94220e+03   -2.73455e+05   -2.92639e+03   -2.58285e+05
    Kinetic En.   Total Energy  Conserved En.    Temperature Pressure (bar)
    4.53919e+04   -2.12893e+05   -2.48727e+08    3.15691e+02    1.27897e+00

           Step           Time
      333600000   8340000.00000

   Energies (kJ/mol)
           Bond       G96Angle        LJ (SR)   Coulomb (SR)      Potential
    1.55294e+04    2.94169e+03   -2.73528e+05   -2.91919e+03   -2.57976e+05
    Kinetic En.   Total Energy  Conserved En.    Temperature Pressure (bar)
    4.48948e+04   -2.13081e+05   -2.49026e+08    3.12233e+02    2.67873e+01

Writing checkpoint, step 333753900 at Sat May 10 20:56:17 2025


           Step           Time
      334000000   8350000.00000

   Energies (kJ/mol)
           Bond       G96Angle        LJ (SR)   Coulomb (SR)      Potential
    1.52334e+04    2.96124e+03   -2.73208e+05   -2.88727e+03   -2.57901e+05
    Kinetic En.   Total Energy  Conserved En.    Temperature Pressure (bar)
    4.59642e+04   -2.11936e+05   -2.49324e+08    3.19671e+02    1.41640e+01

           Step           Time
      334400000   8360000.00000

   Energies (kJ/mol)
           Bond       G96Angle        LJ (SR)   Coulomb (SR)      Potential
    1.52683e+04    2.94681e+03   -2.74130e+05   -2.94326e+03   -2.58858e+05
    Kinetic En.   Total Energy  Conserved En.    Temperature Pressure (bar)
    4.47547e+04   -2.14103e+05   -2.49623e+08    3.11259e+02   -1.78328e+00

           Step           Time
      334800000   8370000.00000

   Energies (kJ/mol)
           Bond       G96Angle        LJ (SR)   Coulomb (SR)      Potential
    1.52047e+04    2.77959e+03   -2.73498e+05   -2.90790e+03   -2.58421e+05
    Kinetic En.   Total Energy  Conserved En.    Temperature Pressure (bar)
    4.48269e+04   -2.13594e+05   -2.49921e+08    3.11761e+02   -1.55948e+01

           Step           Time
      335200000   8380000.00000

   Energies (kJ/mol)
           Bond       G96Angle        LJ (SR)   Coulomb (SR)      Potential
    1.54463e+04    2.93262e+03   -2.74124e+05   -2.88888e+03   -2.58634e+05
    Kinetic En.   Total Energy  Conserved En.    Temperature Pressure (bar)
    4.51194e+04   -2.13515e+05   -2.50219e+08    3.13795e+02   -5.23455e+00

           Step           Time
      335600000   8390000.00000

   Energies (kJ/mol)
           Bond       G96Angle        LJ (SR)   Coulomb (SR)      Potential
    1.50902e+04    2.91420e+03   -2.74541e+05   -2.84451e+03   -2.59382e+05
    Kinetic En.   Total Energy  Conserved En.    Temperature Pressure (bar)
    4.44400e+04   -2.14941e+05   -2.50518e+08    3.09070e+02   -8.23196e+00

           Step           Time
      336000000   8400000.00000

   Energies (kJ/mol)
           Bond       G96Angle        LJ (SR)   Coulomb (SR)      Potential
    1.51804e+04    2.90863e+03   -2.73458e+05   -2.86720e+03   -2.58236e+05
    Kinetic En.   Total Energy  Conserved En.    Temperature Pressure (bar)
    4.55964e+04   -2.12640e+05   -2.50817e+08    3.17112e+02   -1.17017e-01

Writing checkpoint, step 336380325 at Sat May 10 21:11:17 2025


           Step           Time
      336400000   8410000.00000

   Energies (kJ/mol)
           Bond       G96Angle        LJ (SR)   Coulomb (SR)      Potential
    1.50054e+04    2.96481e+03   -2.74397e+05   -2.67805e+03   -2.59105e+05
    Kinetic En.   Total Energy  Conserved En.    Temperature Pressure (bar)
    4.40654e+04   -2.15039e+05   -2.51115e+08    3.06465e+02   -4.32429e+01

           Step           Time
      336800000   8420000.00000

   Energies (kJ/mol)
           Bond       G96Angle        LJ (SR)   Coulomb (SR)      Potential
    1.51174e+04    2.97754e+03   -2.73514e+05   -2.91002e+03   -2.58330e+05
    Kinetic En.   Total Energy  Conserved En.    Temperature Pressure (bar)
    4.49174e+04   -2.13412e+05   -2.51413e+08    3.12390e+02    1.70815e+01

           Step           Time
      337200000   8430000.00000

   Energies (kJ/mol)
           Bond       G96Angle        LJ (SR)   Coulomb (SR)      Potential
    1.48832e+04    2.77591e+03   -2.73218e+05   -2.82079e+03   -2.58379e+05
    Kinetic En.   Total Energy  Conserved En.    Temperature Pressure (bar)
    4.43435e+04   -2.14036e+05   -2.51711e+08    3.08399e+02    2.35966e+01

           Step           Time
      337600000   8440000.00000

   Energies (kJ/mol)
           Bond       G96Angle        LJ (SR)   Coulomb (SR)      Potential
    1.52606e+04    2.77810e+03   -2.73872e+05   -2.91427e+03   -2.58748e+05
    Kinetic En.   Total Energy  Conserved En.    Temperature Pressure (bar)
    4.42183e+04   -2.14529e+05   -2.52010e+08    3.07528e+02    1.24717e+01

           Step           Time
      338000000   8450000.00000

   Energies (kJ/mol)
           Bond       G96Angle        LJ (SR)   Coulomb (SR)      Potential
    1.51197e+04    3.01366e+03   -2.73584e+05   -2.81256e+03   -2.58263e+05
    Kinetic En.   Total Energy  Conserved En.    Temperature Pressure (bar)
    4.55229e+04   -2.12740e+05   -2.52308e+08    3.16601e+02    4.19412e+01

           Step           Time
      338400000   8460000.00000

   Energies (kJ/mol)
           Bond       G96Angle        LJ (SR)   Coulomb (SR)      Potential
    1.53258e+04    2.81189e+03   -2.73610e+05   -2.99047e+03   -2.58463e+05
    Kinetic En.   Total Energy  Conserved En.    Temperature Pressure (bar)
    4.47172e+04   -2.13745e+05   -2.52606e+08    3.10998e+02   -2.41079e+01

           Step           Time
      338800000   8470000.00000

   Energies (kJ/mol)
           Bond       G96Angle        LJ (SR)   Coulomb (SR)      Potential
    1.52118e+04    3.03755e+03   -2.74214e+05   -2.90563e+03   -2.58870e+05
    Kinetic En.   Total Energy  Conserved En.    Temperature Pressure (bar)
    4.50121e+04   -2.13858e+05   -2.52905e+08    3.13049e+02   -3.69647e+01

Writing checkpoint, step 339011175 at Sat May 10 21:26:17 2025


           Step           Time
      339200000   8480000.00000

   Energies (kJ/mol)
           Bond       G96Angle        LJ (SR)   Coulomb (SR)      Potential
    1.52197e+04    2.93368e+03   -2.73267e+05   -2.91776e+03   -2.58032e+05
    Kinetic En.   Total Energy  Conserved En.    Temperature Pressure (bar)
    4.50841e+04   -2.12948e+05   -2.53203e+08    3.13550e+02    1.51395e+01

           Step           Time
      339600000   8490000.00000

   Energies (kJ/mol)
           Bond       G96Angle        LJ (SR)   Coulomb (SR)      Potential
    1.53601e+04    2.89936e+03   -2.73318e+05   -2.84642e+03   -2.57905e+05
    Kinetic En.   Total Energy  Conserved En.    Temperature Pressure (bar)
    4.52117e+04   -2.12693e+05   -2.53501e+08    3.14437e+02    7.09687e+00

           Step           Time
      340000000   8500000.00000

   Energies (kJ/mol)
           Bond       G96Angle        LJ (SR)   Coulomb (SR)      Potential
    1.50297e+04    2.97152e+03   -2.73319e+05   -2.87518e+03   -2.58193e+05
    Kinetic En.   Total Energy  Conserved En.    Temperature Pressure (bar)
    4.53096e+04   -2.12883e+05   -2.53799e+08    3.15118e+02    1.73165e-01

           Step           Time
      340400000   8510000.00000

   Energies (kJ/mol)
           Bond       G96Angle        LJ (SR)   Coulomb (SR)      Potential
    1.52263e+04    2.88920e+03   -2.74658e+05   -2.88858e+03   -2.59431e+05
    Kinetic En.   Total Energy  Conserved En.    Temperature Pressure (bar)
    4.51308e+04   -2.14301e+05   -2.54098e+08    3.13875e+02   -2.37666e+01

           Step           Time
      340800000   8520000.00000

   Energies (kJ/mol)
           Bond       G96Angle        LJ (SR)   Coulomb (SR)      Potential
    1.51464e+04    2.88110e+03   -2.73256e+05   -2.86933e+03   -2.58098e+05
    Kinetic En.   Total Energy  Conserved En.    Temperature Pressure (bar)
    4.46763e+04   -2.13422e+05   -2.54396e+08    3.10713e+02    1.56275e+01

           Step           Time
      341200000   8530000.00000

   Energies (kJ/mol)
           Bond       G96Angle        LJ (SR)   Coulomb (SR)      Potential
    1.53852e+04    2.94873e+03   -2.74052e+05   -2.97932e+03   -2.58697e+05
    Kinetic En.   Total Energy  Conserved En.    Temperature Pressure (bar)
    4.48302e+04   -2.13867e+05   -2.54695e+08    3.11784e+02   -2.27726e+01

           Step           Time
      341600000   8540000.00000

   Energies (kJ/mol)
           Bond       G96Angle        LJ (SR)   Coulomb (SR)      Potential
    1.53302e+04    2.92690e+03   -2.74491e+05   -2.87435e+03   -2.59109e+05
    Kinetic En.   Total Energy  Conserved En.    Temperature Pressure (bar)
    4.56786e+04   -2.13430e+05   -2.54994e+08    3.17684e+02    1.28831e+01

Writing checkpoint, step 341640500 at Sat May 10 21:41:17 2025


           Step           Time
      342000000   8550000.00000

   Energies (kJ/mol)
           Bond       G96Angle        LJ (SR)   Coulomb (SR)      Potential
    1.54720e+04    2.85881e+03   -2.73471e+05   -2.90683e+03   -2.58047e+05
    Kinetic En.   Total Energy  Conserved En.    Temperature Pressure (bar)
    4.47340e+04   -2.13313e+05   -2.55293e+08    3.11115e+02   -8.24303e-01

           Step           Time
      342400000   8560000.00000

   Energies (kJ/mol)
           Bond       G96Angle        LJ (SR)   Coulomb (SR)      Potential
    1.52583e+04    2.95883e+03   -2.74318e+05   -2.88340e+03   -2.58984e+05
    Kinetic En.   Total Energy  Conserved En.    Temperature Pressure (bar)
    4.51221e+04   -2.13862e+05   -2.55591e+08    3.13814e+02    2.53541e+01

           Step           Time
      342800000   8570000.00000

   Energies (kJ/mol)
           Bond       G96Angle        LJ (SR)   Coulomb (SR)      Potential
    1.49657e+04    2.94623e+03   -2.73759e+05   -2.91910e+03   -2.58766e+05
    Kinetic En.   Total Energy  Conserved En.    Temperature Pressure (bar)
    4.48893e+04   -2.13877e+05   -2.55889e+08    3.12195e+02    2.06888e+00

           Step           Time
      343200000   8580000.00000

   Energies (kJ/mol)
           Bond       G96Angle        LJ (SR)   Coulomb (SR)      Potential
    1.51073e+04    2.86545e+03   -2.74411e+05   -2.78682e+03   -2.59226e+05
    Kinetic En.   Total Energy  Conserved En.    Temperature Pressure (bar)
    4.54199e+04   -2.13806e+05   -2.56187e+08    3.15885e+02    2.35476e+01

           Step           Time
      343600000   8590000.00000

   Energies (kJ/mol)
           Bond       G96Angle        LJ (SR)   Coulomb (SR)      Potential
    1.52099e+04    2.94506e+03   -2.73525e+05   -2.97080e+03   -2.58340e+05
    Kinetic En.   Total Energy  Conserved En.    Temperature Pressure (bar)
    4.44331e+04   -2.13907e+05   -2.56485e+08    3.09022e+02   -8.19285e+00

           Step           Time
      344000000   8600000.00000

   Energies (kJ/mol)
           Bond       G96Angle        LJ (SR)   Coulomb (SR)      Potential
    1.50615e+04    2.85384e+03   -2.73439e+05   -2.85915e+03   -2.58383e+05
    Kinetic En.   Total Energy  Conserved En.    Temperature Pressure (bar)
    4.59237e+04   -2.12459e+05   -2.56783e+08    3.19389e+02    1.01869e+00

Writing checkpoint, step 344269675 at Sat May 10 21:56:17 2025


           Step           Time
      344400000   8610000.00000

   Energies (kJ/mol)
           Bond       G96Angle        LJ (SR)   Coulomb (SR)      Potential
    1.52418e+04    2.93491e+03   -2.74391e+05   -2.99404e+03   -2.59208e+05
    Kinetic En.   Total Energy  Conserved En.    Temperature Pressure (bar)
    4.51699e+04   -2.14038e+05   -2.57082e+08    3.14146e+02   -3.14316e+00

           Step           Time
      344800000   8620000.00000

   Energies (kJ/mol)
           Bond       G96Angle        LJ (SR)   Coulomb (SR)      Potential
    1.51380e+04    2.94666e+03   -2.74086e+05   -2.86417e+03   -2.58866e+05
    Kinetic En.   Total Energy  Conserved En.    Temperature Pressure (bar)
    4.50173e+04   -2.13849e+05   -2.57380e+08    3.13085e+02   -2.17766e+01

           Step           Time
      345200000   8630000.00000

   Energies (kJ/mol)
           Bond       G96Angle        LJ (SR)   Coulomb (SR)      Potential
    1.52436e+04    2.77875e+03   -2.73846e+05   -2.88103e+03   -2.58705e+05
    Kinetic En.   Total Energy  Conserved En.    Temperature Pressure (bar)
    4.41060e+04   -2.14599e+05   -2.57678e+08    3.06747e+02   -7.86596e+00

           Step           Time
      345600000   8640000.00000

   Energies (kJ/mol)
           Bond       G96Angle        LJ (SR)   Coulomb (SR)      Potential
    1.54116e+04    2.83346e+03   -2.73294e+05   -2.91083e+03   -2.57959e+05
    Kinetic En.   Total Energy  Conserved En.    Temperature Pressure (bar)
    4.47334e+04   -2.13226e+05   -2.57976e+08    3.11111e+02   -1.53801e+01

           Step           Time
      346000000   8650000.00000

   Energies (kJ/mol)
           Bond       G96Angle        LJ (SR)   Coulomb (SR)      Potential
    1.50427e+04    3.07312e+03   -2.73156e+05   -2.88999e+03   -2.57930e+05
    Kinetic En.   Total Energy  Conserved En.    Temperature Pressure (bar)
    4.42874e+04   -2.13643e+05   -2.58274e+08    3.08009e+02   -2.47269e+00

           Step           Time
      346400000   8660000.00000

   Energies (kJ/mol)
           Bond       G96Angle        LJ (SR)   Coulomb (SR)      Potential
    1.52720e+04    2.88991e+03   -2.73983e+05   -3.00184e+03   -2.58823e+05
    Kinetic En.   Total Energy  Conserved En.    Temperature Pressure (bar)
    4.54386e+04   -2.13385e+05   -2.58572e+08    3.16015e+02   -1.16149e+01

           Step           Time
      346800000   8670000.00000

   Energies (kJ/mol)
           Bond       G96Angle        LJ (SR)   Coulomb (SR)      Potential
    1.51029e+04    2.84753e+03   -2.73754e+05   -2.88824e+03   -2.58692e+05
    Kinetic En.   Total Energy  Conserved En.    Temperature Pressure (bar)
    4.46386e+04   -2.14053e+05   -2.58871e+08    3.10452e+02   -6.63939e+00

Writing checkpoint, step 346900675 at Sat May 10 22:11:17 2025


           Step           Time
      347200000   8680000.00000

   Energies (kJ/mol)
           Bond       G96Angle        LJ (SR)   Coulomb (SR)      Potential
    1.51369e+04    3.01180e+03   -2.73073e+05   -2.94481e+03   -2.57869e+05
    Kinetic En.   Total Energy  Conserved En.    Temperature Pressure (bar)
    4.55569e+04   -2.12312e+05   -2.59169e+08    3.16838e+02   -5.03800e+00

           Step           Time
      347600000   8690000.00000

   Energies (kJ/mol)
           Bond       G96Angle        LJ (SR)   Coulomb (SR)      Potential
    1.54736e+04    3.05322e+03   -2.72985e+05   -2.74855e+03   -2.57206e+05
    Kinetic En.   Total Energy  Conserved En.    Temperature Pressure (bar)
    4.44926e+04   -2.12714e+05   -2.59468e+08    3.09436e+02    3.38484e+01

           Step           Time
      348000000   8700000.00000

   Energies (kJ/mol)
           Bond       G96Angle        LJ (SR)   Coulomb (SR)      Potential
    1.55019e+04    2.93664e+03   -2.73730e+05   -2.81655e+03   -2.58108e+05
    Kinetic En.   Total Energy  Conserved En.    Temperature Pressure (bar)
    4.51421e+04   -2.12966e+05   -2.59766e+08    3.13953e+02    1.53794e+01

           Step           Time
      348400000   8710000.00000

   Energies (kJ/mol)
           Bond       G96Angle        LJ (SR)   Coulomb (SR)      Potential
    1.53603e+04    3.08992e+03   -2.73348e+05   -2.84880e+03   -2.57746e+05
    Kinetic En.   Total Energy  Conserved En.    Temperature Pressure (bar)
    4.52403e+04   -2.12506e+05   -2.60064e+08    3.14636e+02    2.86214e+01

           Step           Time
      348800000   8720000.00000

   Energies (kJ/mol)
           Bond       G96Angle        LJ (SR)   Coulomb (SR)      Potential
    1.51316e+04    2.97582e+03   -2.73968e+05   -2.86723e+03   -2.58727e+05
    Kinetic En.   Total Energy  Conserved En.    Temperature Pressure (bar)
    4.48062e+04   -2.13921e+05   -2.60362e+08    3.11617e+02   -9.28657e+00

           Step           Time
      349200000   8730000.00000

   Energies (kJ/mol)
           Bond       G96Angle        LJ (SR)   Coulomb (SR)      Potential
    1.52300e+04    2.96057e+03   -2.74390e+05   -2.87525e+03   -2.59075e+05
    Kinetic En.   Total Energy  Conserved En.    Temperature Pressure (bar)
    4.50326e+04   -2.14042e+05   -2.60661e+08    3.13192e+02    4.24483e+00

Writing checkpoint, step 349531325 at Sat May 10 22:26:17 2025


           Step           Time
      349600000   8740000.00000

   Energies (kJ/mol)
           Bond       G96Angle        LJ (SR)   Coulomb (SR)      Potential
    1.53359e+04    2.88970e+03   -2.73853e+05   -2.92153e+03   -2.58549e+05
    Kinetic En.   Total Energy  Conserved En.    Temperature Pressure (bar)
    4.48082e+04   -2.13740e+05   -2.60960e+08    3.11631e+02   -3.65554e+01

           Step           Time
      350000000   8750000.00000

   Energies (kJ/mol)
           Bond       G96Angle        LJ (SR)   Coulomb (SR)      Potential
    1.51799e+04    2.90738e+03   -2.72977e+05   -2.90867e+03   -2.57799e+05
    Kinetic En.   Total Energy  Conserved En.    Temperature Pressure (bar)
    4.45899e+04   -2.13209e+05   -2.61258e+08    3.10112e+02    4.28049e+01

           Step           Time
      350400000   8760000.00000

   Energies (kJ/mol)
           Bond       G96Angle        LJ (SR)   Coulomb (SR)      Potential
    1.53766e+04    3.00315e+03   -2.74435e+05   -2.74830e+03   -2.58803e+05
    Kinetic En.   Total Energy  Conserved En.    Temperature Pressure (bar)
    4.44948e+04   -2.14308e+05   -2.61556e+08    3.09451e+02   -4.53113e+01

           Step           Time
      350800000   8770000.00000

   Energies (kJ/mol)
           Bond       G96Angle        LJ (SR)   Coulomb (SR)      Potential
    1.53480e+04    2.88684e+03   -2.74148e+05   -2.98239e+03   -2.58895e+05
    Kinetic En.   Total Energy  Conserved En.    Temperature Pressure (bar)
    4.46540e+04   -2.14241e+05   -2.61854e+08    3.10559e+02   -3.03963e+01

           Step           Time
      351200000   8780000.00000

   Energies (kJ/mol)
           Bond       G96Angle        LJ (SR)   Coulomb (SR)      Potential
    1.54514e+04    2.89176e+03   -2.73955e+05   -2.84476e+03   -2.58456e+05
    Kinetic En.   Total Energy  Conserved En.    Temperature Pressure (bar)
    4.42598e+04   -2.14196e+05   -2.62152e+08    3.07817e+02   -5.97160e+01

           Step           Time
      351600000   8790000.00000

   Energies (kJ/mol)
           Bond       G96Angle        LJ (SR)   Coulomb (SR)      Potential
    1.52409e+04    3.07384e+03   -2.73843e+05   -2.85202e+03   -2.58380e+05
    Kinetic En.   Total Energy  Conserved En.    Temperature Pressure (bar)
    4.50240e+04   -2.13356e+05   -2.62451e+08    3.13131e+02   -5.99364e+00

           Step           Time
      352000000   8800000.00000

   Energies (kJ/mol)
           Bond       G96Angle        LJ (SR)   Coulomb (SR)      Potential
    1.53712e+04    2.96998e+03   -2.73442e+05   -2.88927e+03   -2.57990e+05
    Kinetic En.   Total Energy  Conserved En.    Temperature Pressure (bar)
    4.47216e+04   -2.13269e+05   -2.62749e+08    3.11028e+02    1.37293e+01

Writing checkpoint, step 352160550 at Sat May 10 22:41:17 2025


           Step           Time
      352400000   8810000.00000

   Energies (kJ/mol)
           Bond       G96Angle        LJ (SR)   Coulomb (SR)      Potential
    1.51689e+04    2.91605e+03   -2.73247e+05   -2.83353e+03   -2.57996e+05
    Kinetic En.   Total Energy  Conserved En.    Temperature Pressure (bar)
    4.49957e+04   -2.13000e+05   -2.63046e+08    3.12935e+02   -1.20915e+00

           Step           Time
      352800000   8820000.00000

   Energies (kJ/mol)
           Bond       G96Angle        LJ (SR)   Coulomb (SR)      Potential
    1.52983e+04    2.96678e+03   -2.73714e+05   -2.75839e+03   -2.58208e+05
    Kinetic En.   Total Energy  Conserved En.    Temperature Pressure (bar)
    4.49488e+04   -2.13259e+05   -2.63345e+08    3.12608e+02   -2.98553e+01

           Step           Time
      353200000   8830000.00000

   Energies (kJ/mol)
           Bond       G96Angle        LJ (SR)   Coulomb (SR)      Potential
    1.54965e+04    2.94217e+03   -2.73897e+05   -2.89153e+03   -2.58350e+05
    Kinetic En.   Total Energy  Conserved En.    Temperature Pressure (bar)
    4.52332e+04   -2.13116e+05   -2.63643e+08    3.14587e+02    1.47613e+00

           Step           Time
      353600000   8840000.00000

   Energies (kJ/mol)
           Bond       G96Angle        LJ (SR)   Coulomb (SR)      Potential
    1.52436e+04    3.16089e+03   -2.73730e+05   -2.90164e+03   -2.58227e+05
    Kinetic En.   Total Energy  Conserved En.    Temperature Pressure (bar)
    4.50925e+04   -2.13135e+05   -2.63941e+08    3.13608e+02   -3.29847e+00

           Step           Time
      354000000   8850000.00000

   Energies (kJ/mol)
           Bond       G96Angle        LJ (SR)   Coulomb (SR)      Potential
    1.51690e+04    2.98820e+03   -2.73962e+05   -2.88296e+03   -2.58688e+05
    Kinetic En.   Total Energy  Conserved En.    Temperature Pressure (bar)
    4.51544e+04   -2.13534e+05   -2.64239e+08    3.14039e+02   -4.31253e+01

           Step           Time
      354400000   8860000.00000

   Energies (kJ/mol)
           Bond       G96Angle        LJ (SR)   Coulomb (SR)      Potential
    1.56859e+04    2.95068e+03   -2.73209e+05   -2.87836e+03   -2.57451e+05
    Kinetic En.   Total Energy  Conserved En.    Temperature Pressure (bar)
    4.44713e+04   -2.12979e+05   -2.64537e+08    3.09288e+02    2.96196e+01

Writing checkpoint, step 354788700 at Sat May 10 22:56:17 2025


           Step           Time
      354800000   8870000.00000

   Energies (kJ/mol)
           Bond       G96Angle        LJ (SR)   Coulomb (SR)      Potential
    1.52328e+04    3.08836e+03   -2.74029e+05   -2.84615e+03   -2.58554e+05
    Kinetic En.   Total Energy  Conserved En.    Temperature Pressure (bar)
    4.47992e+04   -2.13755e+05   -2.64835e+08    3.11568e+02    1.40123e+01

           Step           Time
      355200000   8880000.00000

   Energies (kJ/mol)
           Bond       G96Angle        LJ (SR)   Coulomb (SR)      Potential
    1.55533e+04    2.98196e+03   -2.73702e+05   -2.79075e+03   -2.57957e+05
    Kinetic En.   Total Energy  Conserved En.    Temperature Pressure (bar)
    4.39445e+04   -2.14013e+05   -2.65134e+08    3.05624e+02    2.71921e+00

           Step           Time
      355600000   8890000.00000

   Energies (kJ/mol)
           Bond       G96Angle        LJ (SR)   Coulomb (SR)      Potential
    1.50605e+04    3.05905e+03   -2.74710e+05   -2.96012e+03   -2.59550e+05
    Kinetic En.   Total Energy  Conserved En.    Temperature Pressure (bar)
    4.47486e+04   -2.14802e+05   -2.65432e+08    3.11216e+02   -2.33945e+01

           Step           Time
      356000000   8900000.00000

   Energies (kJ/mol)
           Bond       G96Angle        LJ (SR)   Coulomb (SR)      Potential
    1.55349e+04    2.99862e+03   -2.72930e+05   -2.90610e+03   -2.57302e+05
    Kinetic En.   Total Energy  Conserved En.    Temperature Pressure (bar)
    4.54118e+04   -2.11891e+05   -2.65730e+08    3.15828e+02   -2.34836e+01

           Step           Time
      356400000   8910000.00000

   Energies (kJ/mol)
           Bond       G96Angle        LJ (SR)   Coulomb (SR)      Potential
    1.52401e+04    2.80585e+03   -2.73348e+05   -2.99395e+03   -2.58296e+05
    Kinetic En.   Total Energy  Conserved En.    Temperature Pressure (bar)
    4.48112e+04   -2.13485e+05   -2.66029e+08    3.11652e+02    1.55525e+01

           Step           Time
      356800000   8920000.00000

   Energies (kJ/mol)
           Bond       G96Angle        LJ (SR)   Coulomb (SR)      Potential
    1.50731e+04    2.96029e+03   -2.73476e+05   -2.81524e+03   -2.58258e+05
    Kinetic En.   Total Energy  Conserved En.    Temperature Pressure (bar)
    4.49566e+04   -2.13301e+05   -2.66327e+08    3.12663e+02   -1.44438e+01

           Step           Time
      357200000   8930000.00000

   Energies (kJ/mol)
           Bond       G96Angle        LJ (SR)   Coulomb (SR)      Potential
    1.49311e+04    2.96761e+03   -2.74130e+05   -2.86896e+03   -2.59100e+05
    Kinetic En.   Total Energy  Conserved En.    Temperature Pressure (bar)
    4.44473e+04   -2.14652e+05   -2.66625e+08    3.09121e+02   -1.33775e+00

Writing checkpoint, step 357418925 at Sat May 10 23:11:17 2025


           Step           Time
      357600000   8940000.00000

   Energies (kJ/mol)
           Bond       G96Angle        LJ (SR)   Coulomb (SR)      Potential
    1.54095e+04    3.11195e+03   -2.74541e+05   -2.80406e+03   -2.58824e+05
    Kinetic En.   Total Energy  Conserved En.    Temperature Pressure (bar)
    4.46764e+04   -2.14147e+05   -2.66924e+08    3.10714e+02   -4.88833e-01

           Step           Time
      358000000   8950000.00000

   Energies (kJ/mol)
           Bond       G96Angle        LJ (SR)   Coulomb (SR)      Potential
    1.51267e+04    3.01298e+03   -2.73315e+05   -2.87607e+03   -2.58051e+05
    Kinetic En.   Total Energy  Conserved En.    Temperature Pressure (bar)
    4.50353e+04   -2.13016e+05   -2.67222e+08    3.13210e+02    1.71161e+01

           Step           Time
      358400000   8960000.00000

   Energies (kJ/mol)
           Bond       G96Angle        LJ (SR)   Coulomb (SR)      Potential
    1.50162e+04    2.80559e+03   -2.73590e+05   -2.80724e+03   -2.58575e+05
    Kinetic En.   Total Energy  Conserved En.    Temperature Pressure (bar)
    4.42921e+04   -2.14283e+05   -2.67520e+08    3.08041e+02   -9.03765e+00

           Step           Time
      358800000   8970000.00000

   Energies (kJ/mol)
           Bond       G96Angle        LJ (SR)   Coulomb (SR)      Potential
    1.49614e+04    3.00849e+03   -2.73942e+05   -2.97516e+03   -2.58947e+05
    Kinetic En.   Total Energy  Conserved En.    Temperature Pressure (bar)
    4.49860e+04   -2.13961e+05   -2.67819e+08    3.12867e+02   -8.55978e+00

           Step           Time
      359200000   8980000.00000

   Energies (kJ/mol)
           Bond       G96Angle        LJ (SR)   Coulomb (SR)      Potential
    1.50403e+04    2.96363e+03   -2.73778e+05   -2.92704e+03   -2.58701e+05
    Kinetic En.   Total Energy  Conserved En.    Temperature Pressure (bar)
    4.49225e+04   -2.13778e+05   -2.68117e+08    3.12426e+02    6.11615e+00

           Step           Time
      359600000   8990000.00000

   Energies (kJ/mol)
           Bond       G96Angle        LJ (SR)   Coulomb (SR)      Potential
    1.52746e+04    2.88542e+03   -2.73644e+05   -2.89321e+03   -2.58378e+05
    Kinetic En.   Total Energy  Conserved En.    Temperature Pressure (bar)
    4.47718e+04   -2.13606e+05   -2.68415e+08    3.11378e+02   -1.32844e+01

           Step           Time
      360000000   9000000.00000

   Energies (kJ/mol)
           Bond       G96Angle        LJ (SR)   Coulomb (SR)      Potential
    1.51019e+04    3.07397e+03   -2.74264e+05   -2.88141e+03   -2.58970e+05
    Kinetic En.   Total Energy  Conserved En.    Temperature Pressure (bar)
    4.49468e+04   -2.14023e+05   -2.68713e+08    3.12595e+02   -1.68191e+00

Writing checkpoint, step 360044075 at Sat May 10 23:26:17 2025


           Step           Time
      360400000   9010000.00000

   Energies (kJ/mol)
           Bond       G96Angle        LJ (SR)   Coulomb (SR)      Potential
    1.52485e+04    2.96284e+03   -2.74161e+05   -2.82145e+03   -2.58771e+05
    Kinetic En.   Total Energy  Conserved En.    Temperature Pressure (bar)
    4.49602e+04   -2.13811e+05   -2.69011e+08    3.12688e+02   -5.23182e+01

           Step           Time
      360800000   9020000.00000

   Energies (kJ/mol)
           Bond       G96Angle        LJ (SR)   Coulomb (SR)      Potential
    1.52907e+04    2.93598e+03   -2.73324e+05   -2.88340e+03   -2.57981e+05
    Kinetic En.   Total Energy  Conserved En.    Temperature Pressure (bar)
    4.56484e+04   -2.12332e+05   -2.69310e+08    3.17475e+02   -4.69154e+01

           Step           Time
      361200000   9030000.00000

   Energies (kJ/mol)
           Bond       G96Angle        LJ (SR)   Coulomb (SR)      Potential
    1.52587e+04    2.88991e+03   -2.73402e+05   -2.83193e+03   -2.58085e+05
    Kinetic En.   Total Energy  Conserved En.    Temperature Pressure (bar)
    4.53581e+04   -2.12727e+05   -2.69609e+08    3.15456e+02    2.83372e+01

           Step           Time
      361600000   9040000.00000

   Energies (kJ/mol)
           Bond       G96Angle        LJ (SR)   Coulomb (SR)      Potential
    1.51295e+04    2.91186e+03   -2.74446e+05   -2.93365e+03   -2.59339e+05
    Kinetic En.   Total Energy  Conserved En.    Temperature Pressure (bar)
    4.52554e+04   -2.14083e+05   -2.69907e+08    3.14741e+02   -2.85202e+01

           Step           Time
      362000000   9050000.00000

   Energies (kJ/mol)
           Bond       G96Angle        LJ (SR)   Coulomb (SR)      Potential
    1.50404e+04    2.88768e+03   -2.73859e+05   -2.89254e+03   -2.58823e+05
    Kinetic En.   Total Energy  Conserved En.    Temperature Pressure (bar)
    4.50563e+04   -2.13767e+05   -2.70205e+08    3.13356e+02    1.41449e-02

           Step           Time
      362400000   9060000.00000

   Energies (kJ/mol)
           Bond       G96Angle        LJ (SR)   Coulomb (SR)      Potential
    1.52339e+04    3.02692e+03   -2.74146e+05   -2.86947e+03   -2.58755e+05
    Kinetic En.   Total Energy  Conserved En.    Temperature Pressure (bar)
    4.49395e+04   -2.13815e+05   -2.70504e+08    3.12544e+02   -4.46301e+01

Writing checkpoint, step 362665300 at Sat May 10 23:41:17 2025


           Step           Time
      362800000   9070000.00000

   Energies (kJ/mol)
           Bond       G96Angle        LJ (SR)   Coulomb (SR)      Potential
    1.52703e+04    2.93961e+03   -2.72564e+05   -2.83263e+03   -2.57186e+05
    Kinetic En.   Total Energy  Conserved En.    Temperature Pressure (bar)
    4.55206e+04   -2.11666e+05   -2.70802e+08    3.16586e+02    1.74039e+01

           Step           Time
      363200000   9080000.00000

   Energies (kJ/mol)
           Bond       G96Angle        LJ (SR)   Coulomb (SR)      Potential
    1.51724e+04    2.92186e+03   -2.73468e+05   -2.80711e+03   -2.58181e+05
    Kinetic En.   Total Energy  Conserved En.    Temperature Pressure (bar)
    4.54636e+04   -2.12717e+05   -2.71101e+08    3.16189e+02    2.57067e+01

           Step           Time
      363600000   9090000.00000

   Energies (kJ/mol)
           Bond       G96Angle        LJ (SR)   Coulomb (SR)      Potential
    1.54048e+04    2.92449e+03   -2.73865e+05   -2.83840e+03   -2.58374e+05
    Kinetic En.   Total Energy  Conserved En.    Temperature Pressure (bar)
    4.51887e+04   -2.13185e+05   -2.71399e+08    3.14277e+02   -2.42785e+01

           Step           Time
      364000000   9100000.00000

   Energies (kJ/mol)
           Bond       G96Angle        LJ (SR)   Coulomb (SR)      Potential
    1.53893e+04    2.96250e+03   -2.73731e+05   -2.84512e+03   -2.58225e+05
    Kinetic En.   Total Energy  Conserved En.    Temperature Pressure (bar)
    4.52705e+04   -2.12954e+05   -2.71698e+08    3.14846e+02    3.18071e+01

           Step           Time
      364400000   9110000.00000

   Energies (kJ/mol)
           Bond       G96Angle        LJ (SR)   Coulomb (SR)      Potential
    1.53382e+04    2.86322e+03   -2.73448e+05   -2.83297e+03   -2.58079e+05
    Kinetic En.   Total Energy  Conserved En.    Temperature Pressure (bar)
    4.52821e+04   -2.12797e+05   -2.71996e+08    3.14927e+02    2.99612e+01

           Step           Time
      364800000   9120000.00000

   Energies (kJ/mol)
           Bond       G96Angle        LJ (SR)   Coulomb (SR)      Potential
    1.50741e+04    2.93483e+03   -2.73327e+05   -2.90758e+03   -2.58225e+05
    Kinetic En.   Total Energy  Conserved En.    Temperature Pressure (bar)
    4.56497e+04   -2.12576e+05   -2.72294e+08    3.17483e+02   -3.39131e+01

           Step           Time
      365200000   9130000.00000

   Energies (kJ/mol)
           Bond       G96Angle        LJ (SR)   Coulomb (SR)      Potential
    1.54193e+04    2.71058e+03   -2.74257e+05   -2.87441e+03   -2.59001e+05
    Kinetic En.   Total Energy  Conserved En.    Temperature Pressure (bar)
    4.44677e+04   -2.14534e+05   -2.72593e+08    3.09262e+02    1.30135e+01

Writing checkpoint, step 365290825 at Sat May 10 23:56:17 2025


           Step           Time
      365600000   9140000.00000

   Energies (kJ/mol)
           Bond       G96Angle        LJ (SR)   Coulomb (SR)      Potential
    1.50137e+04    3.01688e+03   -2.73974e+05   -2.78334e+03   -2.58727e+05
    Kinetic En.   Total Energy  Conserved En.    Temperature Pressure (bar)
    4.48350e+04   -2.13892e+05   -2.72891e+08    3.11817e+02   -6.34382e+00

           Step           Time
      366000000   9150000.00000

   Energies (kJ/mol)
           Bond       G96Angle        LJ (SR)   Coulomb (SR)      Potential
    1.50724e+04    2.89933e+03   -2.74652e+05   -2.87442e+03   -2.59554e+05
    Kinetic En.   Total Energy  Conserved En.    Temperature Pressure (bar)
    4.45285e+04   -2.15026e+05   -2.73189e+08    3.09686e+02   -2.63554e+01

           Step           Time
      366400000   9160000.00000

   Energies (kJ/mol)
           Bond       G96Angle        LJ (SR)   Coulomb (SR)      Potential
    1.53795e+04    2.89632e+03   -2.73055e+05   -2.93257e+03   -2.57712e+05
    Kinetic En.   Total Energy  Conserved En.    Temperature Pressure (bar)
    4.46506e+04   -2.13061e+05   -2.73487e+08    3.10535e+02    3.02552e+01

           Step           Time
      366800000   9170000.00000

   Energies (kJ/mol)
           Bond       G96Angle        LJ (SR)   Coulomb (SR)      Potential
    1.53073e+04    3.01539e+03   -2.73653e+05   -2.79271e+03   -2.58123e+05
    Kinetic En.   Total Energy  Conserved En.    Temperature Pressure (bar)
    4.44986e+04   -2.13624e+05   -2.73786e+08    3.09478e+02   -5.99983e+01

           Step           Time
      367200000   9180000.00000

   Energies (kJ/mol)
           Bond       G96Angle        LJ (SR)   Coulomb (SR)      Potential
    1.52861e+04    2.84995e+03   -2.74306e+05   -2.89753e+03   -2.59067e+05
    Kinetic En.   Total Energy  Conserved En.    Temperature Pressure (bar)
    4.48949e+04   -2.14172e+05   -2.74084e+08    3.12234e+02   -1.38293e+00

           Step           Time
      367600000   9190000.00000

   Energies (kJ/mol)
           Bond       G96Angle        LJ (SR)   Coulomb (SR)      Potential
    1.51546e+04    2.93651e+03   -2.73830e+05   -3.01295e+03   -2.58751e+05
    Kinetic En.   Total Energy  Conserved En.    Temperature Pressure (bar)
    4.49852e+04   -2.13766e+05   -2.74382e+08    3.12862e+02    3.19077e+01

Writing checkpoint, step 367917700 at Sun May 11 00:11:17 2025


           Step           Time
      368000000   9200000.00000

   Energies (kJ/mol)
           Bond       G96Angle        LJ (SR)   Coulomb (SR)      Potential
    1.51865e+04    2.97988e+03   -2.73800e+05   -2.89906e+03   -2.58532e+05
    Kinetic En.   Total Energy  Conserved En.    Temperature Pressure (bar)
    4.44227e+04   -2.14109e+05   -2.74681e+08    3.08950e+02   -1.59727e+01

           Step           Time
      368400000   9210000.00000

   Energies (kJ/mol)
           Bond       G96Angle        LJ (SR)   Coulomb (SR)      Potential
    1.53175e+04    3.00220e+03   -2.74291e+05   -2.82608e+03   -2.58798e+05
    Kinetic En.   Total Energy  Conserved En.    Temperature Pressure (bar)
    4.39997e+04   -2.14798e+05   -2.74979e+08    3.06008e+02   -4.01282e+01

           Step           Time
      368800000   9220000.00000

   Energies (kJ/mol)
           Bond       G96Angle        LJ (SR)   Coulomb (SR)      Potential
    1.52928e+04    2.85839e+03   -2.73284e+05   -2.82989e+03   -2.57963e+05
    Kinetic En.   Total Energy  Conserved En.    Temperature Pressure (bar)
    4.53329e+04   -2.12630e+05   -2.75277e+08    3.15280e+02    4.71295e+01

           Step           Time
      369200000   9230000.00000

   Energies (kJ/mol)
           Bond       G96Angle        LJ (SR)   Coulomb (SR)      Potential
    1.56119e+04    2.90602e+03   -2.74561e+05   -2.93413e+03   -2.58977e+05
    Kinetic En.   Total Energy  Conserved En.    Temperature Pressure (bar)
    4.37634e+04   -2.15214e+05   -2.75576e+08    3.04364e+02   -5.36362e+01

           Step           Time
      369600000   9240000.00000

   Energies (kJ/mol)
           Bond       G96Angle        LJ (SR)   Coulomb (SR)      Potential
    1.52155e+04    2.93428e+03   -2.74407e+05   -2.81088e+03   -2.59068e+05
    Kinetic En.   Total Energy  Conserved En.    Temperature Pressure (bar)
    4.45944e+04   -2.14473e+05   -2.75875e+08    3.10144e+02   -8.09345e+00

           Step           Time
      370000000   9250000.00000

   Energies (kJ/mol)
           Bond       G96Angle        LJ (SR)   Coulomb (SR)      Potential
    1.49798e+04    2.88663e+03   -2.73699e+05   -2.95765e+03   -2.58790e+05
    Kinetic En.   Total Energy  Conserved En.    Temperature Pressure (bar)
    4.56031e+04   -2.13187e+05   -2.76173e+08    3.17159e+02    4.94405e+00

           Step           Time
      370400000   9260000.00000

   Energies (kJ/mol)
           Bond       G96Angle        LJ (SR)   Coulomb (SR)      Potential
    1.49359e+04    3.07215e+03   -2.73771e+05   -2.85870e+03   -2.58622e+05
    Kinetic En.   Total Energy  Conserved En.    Temperature Pressure (bar)
    4.47466e+04   -2.13875e+05   -2.76471e+08    3.11202e+02   -1.18537e+01

Writing checkpoint, step 370544250 at Sun May 11 00:26:17 2025


           Step           Time
      370800000   9270000.00000

   Energies (kJ/mol)
           Bond       G96Angle        LJ (SR)   Coulomb (SR)      Potential
    1.51442e+04    2.98730e+03   -2.73329e+05   -2.87978e+03   -2.58077e+05
    Kinetic En.   Total Energy  Conserved En.    Temperature Pressure (bar)
    4.56546e+04   -2.12423e+05   -2.76769e+08    3.17517e+02    3.93873e+01

           Step           Time
      371200000   9280000.00000

   Energies (kJ/mol)
           Bond       G96Angle        LJ (SR)   Coulomb (SR)      Potential
    1.53336e+04    2.90159e+03   -2.73051e+05   -2.92359e+03   -2.57739e+05
    Kinetic En.   Total Energy  Conserved En.    Temperature Pressure (bar)
    4.56896e+04   -2.12049e+05   -2.77067e+08    3.17761e+02    1.30783e+01

           Step           Time
      371600000   9290000.00000

   Energies (kJ/mol)
           Bond       G96Angle        LJ (SR)   Coulomb (SR)      Potential
    1.53395e+04    2.82218e+03   -2.73693e+05   -2.87743e+03   -2.58409e+05
    Kinetic En.   Total Energy  Conserved En.    Temperature Pressure (bar)
    4.51052e+04   -2.13304e+05   -2.77365e+08    3.13697e+02   -5.07456e+00

           Step           Time
      372000000   9300000.00000

   Energies (kJ/mol)
           Bond       G96Angle        LJ (SR)   Coulomb (SR)      Potential
    1.55365e+04    3.01083e+03   -2.73133e+05   -2.89136e+03   -2.57477e+05
    Kinetic En.   Total Energy  Conserved En.    Temperature Pressure (bar)
    4.47901e+04   -2.12687e+05   -2.77663e+08    3.11505e+02    1.57177e+01

           Step           Time
      372400000   9310000.00000

   Energies (kJ/mol)
           Bond       G96Angle        LJ (SR)   Coulomb (SR)      Potential
    1.52913e+04    2.91330e+03   -2.74586e+05   -2.96197e+03   -2.59343e+05
    Kinetic En.   Total Energy  Conserved En.    Temperature Pressure (bar)
    4.42004e+04   -2.15143e+05   -2.77961e+08    3.07404e+02    1.83939e+01

           Step           Time
      372800000   9320000.00000

   Energies (kJ/mol)
           Bond       G96Angle        LJ (SR)   Coulomb (SR)      Potential
    1.50293e+04    2.91992e+03   -2.74451e+05   -2.85787e+03   -2.59360e+05
    Kinetic En.   Total Energy  Conserved En.    Temperature Pressure (bar)
    4.45426e+04   -2.14817e+05   -2.78259e+08    3.09784e+02   -5.77611e+01

Writing checkpoint, step 373170825 at Sun May 11 00:41:17 2025


           Step           Time
      373200000   9330000.00000

   Energies (kJ/mol)
           Bond       G96Angle        LJ (SR)   Coulomb (SR)      Potential
    1.49920e+04    2.93483e+03   -2.74669e+05   -2.89673e+03   -2.59639e+05
    Kinetic En.   Total Energy  Conserved En.    Temperature Pressure (bar)
    4.47874e+04   -2.14851e+05   -2.78558e+08    3.11486e+02   -2.32312e+00

           Step           Time
      373600000   9340000.00000

   Energies (kJ/mol)
           Bond       G96Angle        LJ (SR)   Coulomb (SR)      Potential
    1.50962e+04    2.90737e+03   -2.73446e+05   -2.79471e+03   -2.58237e+05
    Kinetic En.   Total Energy  Conserved En.    Temperature Pressure (bar)
    4.45508e+04   -2.13686e+05   -2.78857e+08    3.09841e+02   -4.54863e+01

           Step           Time
      374000000   9350000.00000

   Energies (kJ/mol)
           Bond       G96Angle        LJ (SR)   Coulomb (SR)      Potential
    1.49553e+04    2.91065e+03   -2.74186e+05   -2.84935e+03   -2.59169e+05
    Kinetic En.   Total Energy  Conserved En.    Temperature Pressure (bar)
    4.51969e+04   -2.13972e+05   -2.79155e+08    3.14334e+02   -8.97873e+00

           Step           Time
      374400000   9360000.00000

   Energies (kJ/mol)
           Bond       G96Angle        LJ (SR)   Coulomb (SR)      Potential
    1.51895e+04    2.83545e+03   -2.73358e+05   -2.73420e+03   -2.58067e+05
    Kinetic En.   Total Energy  Conserved En.    Temperature Pressure (bar)
    4.51368e+04   -2.12931e+05   -2.79453e+08    3.13916e+02    4.13528e+01

           Step           Time
      374800000   9370000.00000

   Energies (kJ/mol)
           Bond       G96Angle        LJ (SR)   Coulomb (SR)      Potential
    1.50711e+04    3.02862e+03   -2.73292e+05   -2.80286e+03   -2.57995e+05
    Kinetic En.   Total Energy  Conserved En.    Temperature Pressure (bar)
    4.59171e+04   -2.12078e+05   -2.79751e+08    3.19343e+02    3.46660e+01

           Step           Time
      375200000   9380000.00000

   Energies (kJ/mol)
           Bond       G96Angle        LJ (SR)   Coulomb (SR)      Potential
    1.52486e+04    2.91366e+03   -2.74326e+05   -2.85689e+03   -2.59021e+05
    Kinetic En.   Total Energy  Conserved En.    Temperature Pressure (bar)
    4.54177e+04   -2.13603e+05   -2.80050e+08    3.15869e+02   -1.77598e+01

           Step           Time
      375600000   9390000.00000

   Energies (kJ/mol)
           Bond       G96Angle        LJ (SR)   Coulomb (SR)      Potential
    1.50836e+04    3.03122e+03   -2.73795e+05   -2.87842e+03   -2.58558e+05
    Kinetic En.   Total Energy  Conserved En.    Temperature Pressure (bar)
    4.52612e+04   -2.13297e+05   -2.80349e+08    3.14782e+02   -3.87629e+01

Writing checkpoint, step 375800700 at Sun May 11 00:56:17 2025


           Step           Time
      376000000   9400000.00000

   Energies (kJ/mol)
           Bond       G96Angle        LJ (SR)   Coulomb (SR)      Potential
    1.51031e+04    2.89419e+03   -2.73367e+05   -2.88122e+03   -2.58251e+05
    Kinetic En.   Total Energy  Conserved En.    Temperature Pressure (bar)
    4.51184e+04   -2.13132e+05   -2.80647e+08    3.13788e+02    1.67386e+01

           Step           Time
      376400000   9410000.00000

   Energies (kJ/mol)
           Bond       G96Angle        LJ (SR)   Coulomb (SR)      Potential
    1.51461e+04    2.89092e+03   -2.73663e+05   -2.76101e+03   -2.58387e+05
    Kinetic En.   Total Energy  Conserved En.    Temperature Pressure (bar)
    4.49043e+04   -2.13483e+05   -2.80945e+08    3.12299e+02   -1.08836e+01

           Step           Time
      376800000   9420000.00000

   Energies (kJ/mol)
           Bond       G96Angle        LJ (SR)   Coulomb (SR)      Potential
    1.51761e+04    2.80952e+03   -2.73855e+05   -2.90194e+03   -2.58771e+05
    Kinetic En.   Total Energy  Conserved En.    Temperature Pressure (bar)
    4.47114e+04   -2.14060e+05   -2.81244e+08    3.10957e+02    1.64412e+01

           Step           Time
      377200000   9430000.00000

   Energies (kJ/mol)
           Bond       G96Angle        LJ (SR)   Coulomb (SR)      Potential
    1.54979e+04    2.91788e+03   -2.73231e+05   -2.84820e+03   -2.57664e+05
    Kinetic En.   Total Energy  Conserved En.    Temperature Pressure (bar)
    4.48412e+04   -2.12823e+05   -2.81542e+08    3.11861e+02   -1.01516e+00

           Step           Time
      377600000   9440000.00000

   Energies (kJ/mol)
           Bond       G96Angle        LJ (SR)   Coulomb (SR)      Potential
    1.51020e+04    2.97756e+03   -2.73544e+05   -2.93431e+03   -2.58399e+05
    Kinetic En.   Total Energy  Conserved En.    Temperature Pressure (bar)
    4.48710e+04   -2.13528e+05   -2.81840e+08    3.12067e+02   -4.39565e+00

           Step           Time
      378000000   9450000.00000

   Energies (kJ/mol)
           Bond       G96Angle        LJ (SR)   Coulomb (SR)      Potential
    1.51008e+04    2.88749e+03   -2.73018e+05   -2.80913e+03   -2.57839e+05
    Kinetic En.   Total Energy  Conserved En.    Temperature Pressure (bar)
    4.53392e+04   -2.12500e+05   -2.82139e+08    3.15324e+02    2.00895e+01

           Step           Time
      378400000   9460000.00000

   Energies (kJ/mol)
           Bond       G96Angle        LJ (SR)   Coulomb (SR)      Potential
    1.54439e+04    2.99479e+03   -2.73596e+05   -2.91735e+03   -2.58075e+05
    Kinetic En.   Total Energy  Conserved En.    Temperature Pressure (bar)
    4.56728e+04   -2.12402e+05   -2.82437e+08    3.17644e+02    1.66176e+01

Writing checkpoint, step 378430575 at Sun May 11 01:11:17 2025


           Step           Time
      378800000   9470000.00000

   Energies (kJ/mol)
           Bond       G96Angle        LJ (SR)   Coulomb (SR)      Potential
    1.53857e+04    2.97517e+03   -2.73282e+05   -2.97015e+03   -2.57892e+05
    Kinetic En.   Total Energy  Conserved En.    Temperature Pressure (bar)
    4.49884e+04   -2.12903e+05   -2.82735e+08    3.12884e+02    1.34461e+01

           Step           Time
      379200000   9480000.00000

   Energies (kJ/mol)
           Bond       G96Angle        LJ (SR)   Coulomb (SR)      Potential
    1.52689e+04    2.81021e+03   -2.74756e+05   -2.81136e+03   -2.59489e+05
    Kinetic En.   Total Energy  Conserved En.    Temperature Pressure (bar)
    4.43008e+04   -2.15188e+05   -2.83033e+08    3.08102e+02   -2.92670e+01

           Step           Time
      379600000   9490000.00000

   Energies (kJ/mol)
           Bond       G96Angle        LJ (SR)   Coulomb (SR)      Potential
    1.50681e+04    2.91840e+03   -2.74870e+05   -2.86619e+03   -2.59750e+05
    Kinetic En.   Total Energy  Conserved En.    Temperature Pressure (bar)
    4.48502e+04   -2.14900e+05   -2.83332e+08    3.11923e+02   -4.47609e+01

           Step           Time
      380000000   9500000.00000

   Energies (kJ/mol)
           Bond       G96Angle        LJ (SR)   Coulomb (SR)      Potential
    1.52449e+04    2.87084e+03   -2.73061e+05   -2.80516e+03   -2.57750e+05
    Kinetic En.   Total Energy  Conserved En.    Temperature Pressure (bar)
    4.48826e+04   -2.12868e+05   -2.83631e+08    3.12148e+02    1.28077e+01

           Step           Time
      380400000   9510000.00000

   Energies (kJ/mol)
           Bond       G96Angle        LJ (SR)   Coulomb (SR)      Potential
    1.47911e+04    2.88923e+03   -2.73240e+05   -2.90055e+03   -2.58460e+05
    Kinetic En.   Total Energy  Conserved En.    Temperature Pressure (bar)
    4.49463e+04   -2.13514e+05   -2.83929e+08    3.12592e+02    3.20105e+01

           Step           Time
      380800000   9520000.00000

   Energies (kJ/mol)
           Bond       G96Angle        LJ (SR)   Coulomb (SR)      Potential
    1.52767e+04    3.02784e+03   -2.73782e+05   -2.81224e+03   -2.58290e+05
    Kinetic En.   Total Energy  Conserved En.    Temperature Pressure (bar)
    4.47829e+04   -2.13507e+05   -2.84228e+08    3.11455e+02   -6.26510e+01

Writing checkpoint, step 381058500 at Sun May 11 01:26:17 2025


           Step           Time
      381200000   9530000.00000

   Energies (kJ/mol)
           Bond       G96Angle        LJ (SR)   Coulomb (SR)      Potential
    1.50492e+04    3.04907e+03   -2.73155e+05   -2.85899e+03   -2.57916e+05
    Kinetic En.   Total Energy  Conserved En.    Temperature Pressure (bar)
    4.50808e+04   -2.12835e+05   -2.84526e+08    3.13526e+02    1.43234e+01

           Step           Time
      381600000   9540000.00000

   Energies (kJ/mol)
           Bond       G96Angle        LJ (SR)   Coulomb (SR)      Potential
    1.51867e+04    2.97080e+03   -2.73616e+05   -2.93197e+03   -2.58391e+05
    Kinetic En.   Total Energy  Conserved En.    Temperature Pressure (bar)
    4.48511e+04   -2.13540e+05   -2.84825e+08    3.11929e+02   -1.15491e+01

           Step           Time
      382000000   9550000.00000

   Energies (kJ/mol)
           Bond       G96Angle        LJ (SR)   Coulomb (SR)      Potential
    1.51477e+04    2.93930e+03   -2.73452e+05   -2.90287e+03   -2.58268e+05
    Kinetic En.   Total Energy  Conserved En.    Temperature Pressure (bar)
    4.51152e+04   -2.13152e+05   -2.85123e+08    3.13766e+02   -2.20178e+01

           Step           Time
      382400000   9560000.00000

   Energies (kJ/mol)
           Bond       G96Angle        LJ (SR)   Coulomb (SR)      Potential
    1.54701e+04    2.87786e+03   -2.73242e+05   -2.88523e+03   -2.57779e+05
    Kinetic En.   Total Energy  Conserved En.    Temperature Pressure (bar)
    4.56818e+04   -2.12097e+05   -2.85421e+08    3.17707e+02   -1.56603e+01

           Step           Time
      382800000   9570000.00000

   Energies (kJ/mol)
           Bond       G96Angle        LJ (SR)   Coulomb (SR)      Potential
    1.51465e+04    2.92053e+03   -2.73338e+05   -2.79985e+03   -2.58071e+05
    Kinetic En.   Total Energy  Conserved En.    Temperature Pressure (bar)
    4.49502e+04   -2.13120e+05   -2.85719e+08    3.12619e+02    1.16798e+01

           Step           Time
      383200000   9580000.00000

   Energies (kJ/mol)
           Bond       G96Angle        LJ (SR)   Coulomb (SR)      Potential
    1.49489e+04    2.91718e+03   -2.73475e+05   -3.03378e+03   -2.58642e+05
    Kinetic En.   Total Energy  Conserved En.    Temperature Pressure (bar)
    4.39708e+04   -2.14672e+05   -2.86018e+08    3.05807e+02   -1.57159e+00

           Step           Time
      383600000   9590000.00000

   Energies (kJ/mol)
           Bond       G96Angle        LJ (SR)   Coulomb (SR)      Potential
    1.52435e+04    2.88227e+03   -2.73455e+05   -2.72905e+03   -2.58058e+05
    Kinetic En.   Total Energy  Conserved En.    Temperature Pressure (bar)
    4.56206e+04   -2.12437e+05   -2.86317e+08    3.17281e+02    2.33086e+01

Writing checkpoint, step 383681975 at Sun May 11 01:41:17 2025


           Step           Time
      384000000   9600000.00000

   Energies (kJ/mol)
           Bond       G96Angle        LJ (SR)   Coulomb (SR)      Potential
    1.53389e+04    2.96453e+03   -2.72569e+05   -2.76355e+03   -2.57029e+05
    Kinetic En.   Total Energy  Conserved En.    Temperature Pressure (bar)
    4.62798e+04   -2.10749e+05   -2.86616e+08    3.21865e+02    7.93599e+01

           Step           Time
      384400000   9610000.00000

   Energies (kJ/mol)
           Bond       G96Angle        LJ (SR)   Coulomb (SR)      Potential
    1.54452e+04    2.94350e+03   -2.73678e+05   -2.90881e+03   -2.58198e+05
    Kinetic En.   Total Energy  Conserved En.    Temperature Pressure (bar)
    4.52339e+04   -2.12964e+05   -2.86914e+08    3.14592e+02    2.08478e+01

           Step           Time
      384800000   9620000.00000

   Energies (kJ/mol)
           Bond       G96Angle        LJ (SR)   Coulomb (SR)      Potential
    1.53513e+04    2.96714e+03   -2.74426e+05   -2.80608e+03   -2.58914e+05
    Kinetic En.   Total Energy  Conserved En.    Temperature Pressure (bar)
    4.46347e+04   -2.14279e+05   -2.87213e+08    3.10424e+02   -1.79073e+01

           Step           Time
      385200000   9630000.00000

   Energies (kJ/mol)
           Bond       G96Angle        LJ (SR)   Coulomb (SR)      Potential
    1.52049e+04    2.77857e+03   -2.74473e+05   -2.85171e+03   -2.59342e+05
    Kinetic En.   Total Energy  Conserved En.    Temperature Pressure (bar)
    4.48762e+04   -2.14465e+05   -2.87512e+08    3.12104e+02    9.84707e+00

           Step           Time
      385600000   9640000.00000

   Energies (kJ/mol)
           Bond       G96Angle        LJ (SR)   Coulomb (SR)      Potential
    1.53197e+04    2.89648e+03   -2.74404e+05   -2.82221e+03   -2.59010e+05
    Kinetic En.   Total Energy  Conserved En.    Temperature Pressure (bar)
    4.44151e+04   -2.14595e+05   -2.87810e+08    3.08897e+02   -5.47349e+01

           Step           Time
      386000000   9650000.00000

   Energies (kJ/mol)
           Bond       G96Angle        LJ (SR)   Coulomb (SR)      Potential
    1.52381e+04    3.03372e+03   -2.73149e+05   -2.85316e+03   -2.57731e+05
    Kinetic En.   Total Energy  Conserved En.    Temperature Pressure (bar)
    4.47352e+04   -2.12995e+05   -2.88109e+08    3.11123e+02   -6.09909e+00

Writing checkpoint, step 386308375 at Sun May 11 01:56:17 2025


           Step           Time
      386400000   9660000.00000

   Energies (kJ/mol)
           Bond       G96Angle        LJ (SR)   Coulomb (SR)      Potential
    1.53343e+04    2.95820e+03   -2.74184e+05   -2.85353e+03   -2.58745e+05
    Kinetic En.   Total Energy  Conserved En.    Temperature Pressure (bar)
    4.43906e+04   -2.14354e+05   -2.88407e+08    3.08726e+02   -1.88185e+01

           Step           Time
      386800000   9670000.00000

   Energies (kJ/mol)
           Bond       G96Angle        LJ (SR)   Coulomb (SR)      Potential
    1.52645e+04    2.98637e+03   -2.73780e+05   -2.87723e+03   -2.58406e+05
    Kinetic En.   Total Energy  Conserved En.    Temperature Pressure (bar)
    4.51041e+04   -2.13302e+05   -2.88706e+08    3.13689e+02    2.94672e+00

           Step           Time
      387200000   9680000.00000

   Energies (kJ/mol)
           Bond       G96Angle        LJ (SR)   Coulomb (SR)      Potential
    1.52797e+04    2.94797e+03   -2.73554e+05   -2.92407e+03   -2.58250e+05
    Kinetic En.   Total Energy  Conserved En.    Temperature Pressure (bar)
    4.51496e+04   -2.13101e+05   -2.89003e+08    3.14005e+02    1.09672e+00

           Step           Time
      387600000   9690000.00000

   Energies (kJ/mol)
           Bond       G96Angle        LJ (SR)   Coulomb (SR)      Potential
    1.53336e+04    2.95175e+03   -2.74106e+05   -2.81371e+03   -2.58635e+05
    Kinetic En.   Total Energy  Conserved En.    Temperature Pressure (bar)
    4.49895e+04   -2.13645e+05   -2.89302e+08    3.12892e+02    1.61614e+00

           Step           Time
      388000000   9700000.00000

   Energies (kJ/mol)
           Bond       G96Angle        LJ (SR)   Coulomb (SR)      Potential
    1.54012e+04    2.94285e+03   -2.74082e+05   -2.98971e+03   -2.58728e+05
    Kinetic En.   Total Energy  Conserved En.    Temperature Pressure (bar)
    4.51039e+04   -2.13624e+05   -2.89600e+08    3.13688e+02   -2.36471e+01

           Step           Time
      388400000   9710000.00000

   Energies (kJ/mol)
           Bond       G96Angle        LJ (SR)   Coulomb (SR)      Potential
    1.54973e+04    2.92005e+03   -2.73664e+05   -2.86386e+03   -2.58111e+05
    Kinetic En.   Total Energy  Conserved En.    Temperature Pressure (bar)
    4.44966e+04   -2.13614e+05   -2.89899e+08    3.09464e+02    7.82594e+00

           Step           Time
      388800000   9720000.00000

   Energies (kJ/mol)
           Bond       G96Angle        LJ (SR)   Coulomb (SR)      Potential
    1.52679e+04    3.07417e+03   -2.73463e+05   -2.83474e+03   -2.57955e+05
    Kinetic En.   Total Energy  Conserved En.    Temperature Pressure (bar)
    4.54520e+04   -2.12503e+05   -2.90198e+08    3.16108e+02    2.59982e+00

Writing checkpoint, step 388929400 at Sun May 11 02:11:17 2025


           Step           Time
      389200000   9730000.00000

   Energies (kJ/mol)
           Bond       G96Angle        LJ (SR)   Coulomb (SR)      Potential
    1.52843e+04    3.04093e+03   -2.74483e+05   -2.99869e+03   -2.59157e+05
    Kinetic En.   Total Energy  Conserved En.    Temperature Pressure (bar)
    4.51231e+04   -2.14034e+05   -2.90496e+08    3.13821e+02   -6.36771e+01

           Step           Time
      389600000   9740000.00000

   Energies (kJ/mol)
           Bond       G96Angle        LJ (SR)   Coulomb (SR)      Potential
    1.49900e+04    2.94916e+03   -2.73900e+05   -2.96499e+03   -2.58926e+05
    Kinetic En.   Total Energy  Conserved En.    Temperature Pressure (bar)
    4.44775e+04   -2.14448e+05   -2.90794e+08    3.09331e+02    3.18224e+01

           Step           Time
      390000000   9750000.00000

   Energies (kJ/mol)
           Bond       G96Angle        LJ (SR)   Coulomb (SR)      Potential
    1.55167e+04    2.99120e+03   -2.74238e+05   -2.82799e+03   -2.58558e+05
    Kinetic En.   Total Energy  Conserved En.    Temperature Pressure (bar)
    4.53275e+04   -2.13230e+05   -2.91092e+08    3.15243e+02    1.64036e+00

           Step           Time
      390400000   9760000.00000

   Energies (kJ/mol)
           Bond       G96Angle        LJ (SR)   Coulomb (SR)      Potential
    1.51203e+04    2.94003e+03   -2.73031e+05   -2.80070e+03   -2.57771e+05
    Kinetic En.   Total Energy  Conserved En.    Temperature Pressure (bar)
    4.44560e+04   -2.13315e+05   -2.91391e+08    3.09181e+02    2.53663e+01

           Step           Time
      390800000   9770000.00000

   Energies (kJ/mol)
           Bond       G96Angle        LJ (SR)   Coulomb (SR)      Potential
    1.50940e+04    3.03829e+03   -2.73049e+05   -2.96284e+03   -2.57879e+05
    Kinetic En.   Total Energy  Conserved En.    Temperature Pressure (bar)
    4.52668e+04   -2.12613e+05   -2.91689e+08    3.14821e+02    1.75012e+01

           Step           Time
      391200000   9780000.00000

   Energies (kJ/mol)
           Bond       G96Angle        LJ (SR)   Coulomb (SR)      Potential
    1.48751e+04    2.98631e+03   -2.73606e+05   -2.91827e+03   -2.58663e+05
    Kinetic En.   Total Energy  Conserved En.    Temperature Pressure (bar)
    4.49152e+04   -2.13747e+05   -2.91987e+08    3.12375e+02    1.13873e+01

Writing checkpoint, step 391558525 at Sun May 11 02:26:17 2025


           Step           Time
      391600000   9790000.00000

   Energies (kJ/mol)
           Bond       G96Angle        LJ (SR)   Coulomb (SR)      Potential
    1.51681e+04    3.07190e+03   -2.73076e+05   -2.92797e+03   -2.57764e+05
    Kinetic En.   Total Energy  Conserved En.    Temperature Pressure (bar)
    4.49617e+04   -2.12802e+05   -2.92286e+08    3.12698e+02   -1.93518e+01

           Step           Time
      392000000   9800000.00000

   Energies (kJ/mol)
           Bond       G96Angle        LJ (SR)   Coulomb (SR)      Potential
    1.50313e+04    2.88881e+03   -2.73598e+05   -2.84679e+03   -2.58525e+05
    Kinetic En.   Total Energy  Conserved En.    Temperature Pressure (bar)
    4.55072e+04   -2.13017e+05   -2.92584e+08    3.16492e+02   -6.22050e-02

           Step           Time
      392400000   9810000.00000

   Energies (kJ/mol)
           Bond       G96Angle        LJ (SR)   Coulomb (SR)      Potential
    1.56140e+04    2.94651e+03   -2.74615e+05   -2.95270e+03   -2.59008e+05
    Kinetic En.   Total Energy  Conserved En.    Temperature Pressure (bar)
    4.45379e+04   -2.14470e+05   -2.92883e+08    3.09751e+02   -4.63744e+01

           Step           Time
      392800000   9820000.00000

   Energies (kJ/mol)
           Bond       G96Angle        LJ (SR)   Coulomb (SR)      Potential
    1.50266e+04    2.85755e+03   -2.73870e+05   -2.73733e+03   -2.58724e+05
    Kinetic En.   Total Energy  Conserved En.    Temperature Pressure (bar)
    4.48341e+04   -2.13890e+05   -2.93182e+08    3.11811e+02    2.96144e+01

           Step           Time
      393200000   9830000.00000

   Energies (kJ/mol)
           Bond       G96Angle        LJ (SR)   Coulomb (SR)      Potential
    1.50159e+04    3.09706e+03   -2.73045e+05   -2.95118e+03   -2.57884e+05
    Kinetic En.   Total Energy  Conserved En.    Temperature Pressure (bar)
    4.45772e+04   -2.13306e+05   -2.93480e+08    3.10025e+02    5.20667e+00

           Step           Time
      393600000   9840000.00000

   Energies (kJ/mol)
           Bond       G96Angle        LJ (SR)   Coulomb (SR)      Potential
    1.51812e+04    2.90231e+03   -2.73394e+05   -2.80368e+03   -2.58114e+05
    Kinetic En.   Total Energy  Conserved En.    Temperature Pressure (bar)
    4.46324e+04   -2.13481e+05   -2.93779e+08    3.10409e+02    1.12805e+01

           Step           Time
      394000000   9850000.00000

   Energies (kJ/mol)
           Bond       G96Angle        LJ (SR)   Coulomb (SR)      Potential
    1.51034e+04    2.88277e+03   -2.74322e+05   -2.84519e+03   -2.59181e+05
    Kinetic En.   Total Energy  Conserved En.    Temperature Pressure (bar)
    4.47384e+04   -2.14443e+05   -2.94077e+08    3.11145e+02   -1.06656e+01

Writing checkpoint, step 394185375 at Sun May 11 02:41:17 2025


           Step           Time
      394400000   9860000.00000

   Energies (kJ/mol)
           Bond       G96Angle        LJ (SR)   Coulomb (SR)      Potential
    1.52146e+04    2.91536e+03   -2.73088e+05   -2.93409e+03   -2.57892e+05
    Kinetic En.   Total Energy  Conserved En.    Temperature Pressure (bar)
    4.51718e+04   -2.12720e+05   -2.94376e+08    3.14160e+02    1.51136e+01

           Step           Time
      394800000   9870000.00000

   Energies (kJ/mol)
           Bond       G96Angle        LJ (SR)   Coulomb (SR)      Potential
    1.53714e+04    2.88335e+03   -2.72951e+05   -2.91924e+03   -2.57616e+05
    Kinetic En.   Total Energy  Conserved En.    Temperature Pressure (bar)
    4.50198e+04   -2.12596e+05   -2.94674e+08    3.13102e+02    1.42402e+01

           Step           Time
      395200000   9880000.00000

   Energies (kJ/mol)
           Bond       G96Angle        LJ (SR)   Coulomb (SR)      Potential
    1.49608e+04    2.89109e+03   -2.72574e+05   -2.95225e+03   -2.57675e+05
    Kinetic En.   Total Energy  Conserved En.    Temperature Pressure (bar)
    4.55472e+04   -2.12128e+05   -2.94972e+08    3.16771e+02    5.77882e+01

           Step           Time
      395600000   9890000.00000

   Energies (kJ/mol)
           Bond       G96Angle        LJ (SR)   Coulomb (SR)      Potential
    1.52796e+04    2.99320e+03   -2.73781e+05   -2.76802e+03   -2.58276e+05
    Kinetic En.   Total Energy  Conserved En.    Temperature Pressure (bar)
    4.55139e+04   -2.12762e+05   -2.95269e+08    3.16539e+02    3.35185e+01

           Step           Time
      396000000   9900000.00000

   Energies (kJ/mol)
           Bond       G96Angle        LJ (SR)   Coulomb (SR)      Potential
    1.54673e+04    3.02899e+03   -2.73563e+05   -2.83482e+03   -2.57902e+05
    Kinetic En.   Total Energy  Conserved En.    Temperature Pressure (bar)
    4.52469e+04   -2.12655e+05   -2.95568e+08    3.14682e+02   -9.39187e+00

           Step           Time
      396400000   9910000.00000

   Energies (kJ/mol)
           Bond       G96Angle        LJ (SR)   Coulomb (SR)      Potential
    1.55219e+04    3.05030e+03   -2.73085e+05   -2.93335e+03   -2.57446e+05
    Kinetic En.   Total Energy  Conserved En.    Temperature Pressure (bar)
    4.59970e+04   -2.11449e+05   -2.95867e+08    3.19899e+02    3.86959e+01

           Step           Time
      396800000   9920000.00000

   Energies (kJ/mol)
           Bond       G96Angle        LJ (SR)   Coulomb (SR)      Potential
    1.52984e+04    2.89879e+03   -2.74611e+05   -2.94396e+03   -2.59358e+05
    Kinetic En.   Total Energy  Conserved En.    Temperature Pressure (bar)
    4.42268e+04   -2.15131e+05   -2.96165e+08    3.07587e+02   -1.94689e+01

Writing checkpoint, step 396811325 at Sun May 11 02:56:17 2025


           Step           Time
      397200000   9930000.00000

   Energies (kJ/mol)
           Bond       G96Angle        LJ (SR)   Coulomb (SR)      Potential
    1.54151e+04    2.91525e+03   -2.73885e+05   -2.88246e+03   -2.58437e+05
    Kinetic En.   Total Energy  Conserved En.    Temperature Pressure (bar)
    4.50190e+04   -2.13418e+05   -2.96464e+08    3.13097e+02   -2.11271e+01

           Step           Time
      397600000   9940000.00000

   Energies (kJ/mol)
           Bond       G96Angle        LJ (SR)   Coulomb (SR)      Potential
    1.49283e+04    2.91940e+03   -2.72889e+05   -2.89876e+03   -2.57941e+05
    Kinetic En.   Total Energy  Conserved En.    Temperature Pressure (bar)
    4.51172e+04   -2.12823e+05   -2.96762e+08    3.13780e+02    5.26883e+01

           Step           Time
      398000000   9950000.00000

   Energies (kJ/mol)
           Bond       G96Angle        LJ (SR)   Coulomb (SR)      Potential
    1.55810e+04    2.99304e+03   -2.73408e+05   -2.86202e+03   -2.57696e+05
    Kinetic En.   Total Energy  Conserved En.    Temperature Pressure (bar)
    4.47348e+04   -2.12961e+05   -2.97060e+08    3.11120e+02   -1.92938e+01

           Step           Time
      398400000   9960000.00000

   Energies (kJ/mol)
           Bond       G96Angle        LJ (SR)   Coulomb (SR)      Potential
    1.51893e+04    3.00181e+03   -2.73633e+05   -3.03943e+03   -2.58482e+05
    Kinetic En.   Total Energy  Conserved En.    Temperature Pressure (bar)
    4.47717e+04   -2.13710e+05   -2.97358e+08    3.11377e+02    2.76032e+01

           Step           Time
      398800000   9970000.00000

   Energies (kJ/mol)
           Bond       G96Angle        LJ (SR)   Coulomb (SR)      Potential
    1.54745e+04    2.94813e+03   -2.73287e+05   -2.87731e+03   -2.57742e+05
    Kinetic En.   Total Energy  Conserved En.    Temperature Pressure (bar)
    4.49979e+04   -2.12744e+05   -2.97657e+08    3.12950e+02    2.93697e+01

           Step           Time
      399200000   9980000.00000

   Energies (kJ/mol)
           Bond       G96Angle        LJ (SR)   Coulomb (SR)      Potential
    1.51541e+04    2.96649e+03   -2.73470e+05   -2.85370e+03   -2.58203e+05
    Kinetic En.   Total Energy  Conserved En.    Temperature Pressure (bar)
    4.55553e+04   -2.12648e+05   -2.97955e+08    3.16826e+02    9.59427e+00

Writing checkpoint, step 399424575 at Sun May 11 03:11:17 2025


           Step           Time
      399600000   9990000.00000

   Energies (kJ/mol)
           Bond       G96Angle        LJ (SR)   Coulomb (SR)      Potential
    1.49932e+04    2.95084e+03   -2.73691e+05   -2.79325e+03   -2.58540e+05
    Kinetic En.   Total Energy  Conserved En.    Temperature Pressure (bar)
    4.49201e+04   -2.13620e+05   -2.98253e+08    3.12409e+02    4.81225e+00

           Step           Time
      400000000   10000000.00000

Writing checkpoint, step 400000000 at Sun May 11 03:14:34 2025


   Energies (kJ/mol)
           Bond       G96Angle        LJ (SR)   Coulomb (SR)      Potential
    1.52592e+04    3.02137e+03   -2.73844e+05   -2.83953e+03   -2.58403e+05
    Kinetic En.   Total Energy  Conserved En.    Temperature Pressure (bar)
    4.48028e+04   -2.13600e+05   -2.98552e+08    3.11594e+02    5.73026e+01


Energy conservation over simulation part #1 of length 1e+07 ps, time 0 to 1e+07 ps
  Conserved energy drift: -2.59e-03 kJ/mol/ps per atom


	<======  ###############  ==>
	<====  A V E R A G E S  ====>
	<==  ###############  ======>

	Statistics over 400000001 steps using 4000001 frames

   Energies (kJ/mol)
           Bond       G96Angle        LJ (SR)   Coulomb (SR)      Potential
    1.52042e+04    2.94852e+03   -2.73660e+05   -2.87956e+03   -2.58387e+05
    Kinetic En.   Total Energy  Conserved En.    Temperature Pressure (bar)
    4.49746e+04   -2.13412e+05   -1.49393e+08    3.12788e+02    6.76565e-01

          Box-X          Box-Y          Box-Z
    1.08403e+01    1.08403e+01    1.11926e+01

   Total Virial (kJ/mol)
    1.49633e+04    2.28941e+00   -2.68688e-01
    2.28940e+00    1.49631e+04   -4.45718e-02
   -2.68710e-01   -4.45379e-02    1.49681e+04

   Pressure (bar)
    7.31199e-01   -5.53852e-02    5.50871e-03
   -5.53850e-02    7.48981e-01    6.96998e-04
    5.50925e-03    6.96144e-04    5.49515e-01

           T-AU         T-POPC            T-W          T-ION
    3.12901e+02    3.12747e+02    3.12804e+02    3.12957e+02


	M E G A - F L O P S   A C C O U N T I N G

 NB=Group-cutoff nonbonded kernels    NxN=N-by-N cluster Verlet kernels
 RF=Reaction-Field  VdW=Van der Waals  QSTab=quadratic-spline table
 W3=SPC/TIP3p  W4=TIP4p (single or pairs)
 V&F=Potential and force  V=Potential only  F=Force only

 Computing:                               M-Number         M-Flops  % Flops
-----------------------------------------------------------------------------
 Pair Search distance check         7289948.020896    65609532.188     0.1
 NxN RF Elec. + LJ [F]            1243012677.356288 47234481739.539    97.6
 NxN RF Elec. + LJ [V&F]           12555671.061824   678006237.338     1.4
 Shift-X                             184480.011530     1106880.069     0.0
 Bonds                              1785200.004463   105326800.263     0.2
 Angles                             1112000.002780   186816000.467     0.4
 Virial                              231500.011575     4167000.208     0.0
 Stop-CM                              46120.023060      461200.231     0.0
 P-Coupling                          230600.011530     1383600.069     0.0
 Calc-Ekin                          4612000.023060   124524000.623     0.3
-----------------------------------------------------------------------------
 Total                                             48401882990.996   100.0
-----------------------------------------------------------------------------


      R E A L   C Y C L E   A N D   T I M E   A C C O U N T I N G

On 1 MPI rank

 Activity:              Num   Num      Call    Wall time         Giga-Cycles
                        Ranks Threads  Count      (s)         total sum    %
--------------------------------------------------------------------------------
 Neighbor search           1    1   16000001   29741.992      62309.680  21.7
 Launch PP GPU ops.        1    1  784000001   10339.235      21660.769   7.5
 Force                     1    1  400000001   53984.434     113097.765  39.4
 Wait GPU NB local         1    1  400000001      56.410        118.179   0.0
 Wait GPU state copy       1    1  824000003   18230.387      38192.787  13.3
 NB X/F buffer ops.        1    1   20000001     421.048        882.098   0.3
 Write traj.               1    1       1153       8.496         17.800   0.0
 Rest                                          24214.780      50730.132  17.7
--------------------------------------------------------------------------------
 Total                                        136996.782     287009.211 100.0
--------------------------------------------------------------------------------

NOTE: 22 % of the run time was spent in pair search,
      you might want to increase nstlist (this has no effect on accuracy)

               Core t (s)   Wall t (s)        (%)
       Time:   136996.782   136996.782      100.0
                         1d14h03:16
                 (ns/day)    (hour/ns)
Performance:     6306.717        0.004
Finished mdrun on rank 0 Sun May 11 03:14:34 2025

